bank_txn_id,amount,currency,type,transaction_date,description,reference
BNK_1DA7625B,1168165,INR,CREDIT,2026-08-26T15:07:46Z,SETTLEMENT SET_47F4422D,SET_47F4422D
BNK_777C6F33,1732427,INR,CREDIT,2026-07-04T14:59:06Z,SETTLEMENT SET_D378E6FB,SET_D378E6FB
BNK_E1ED767E,1441653,INR,CREDIT,2026-08-17T21:35:28Z,SETTLEMENT SET_28224AF9,SET_28224AF9
BNK_112B0656,1463331,INR,CREDIT,2026-08-30T02:04:07Z,SETTLEMENT SET_E2642D8D,SET_E2642D8D
BNK_216B09EB,1868440,INR,CREDIT,2026-08-23T02:54:49Z,SETTLEMENT SET_C6D5705E,SET_C6D5705E
BNK_7E5E8BAB,217249,INR,CREDIT,2026-07-21T23:42:24Z,SETTLEMENT SET_E92A5F7D,SET_E92A5F7D
BNK_217E2743,1066331,INR,CREDIT,2026-08-08T16:35:08Z,SETTLEMENT SET_E0AC0582,SET_E0AC0582
BNK_1C202EFB,1916674,INR,CREDIT,2026-07-29T20:40:31Z,SETTLEMENT SET_A831C3B8,SET_A831C3B8
BNK_7210E96E,1006181,INR,CREDIT,2026-08-02T16:11:38Z,SETTLEMENT SET_8BD0C1B1,SET_8BD0C1B1
BNK_B6D34471,332367,INR,CREDIT,2026-09-01T18:06:41Z,SETTLEMENT SET_3656F79E,SET_3656F79E
BNK_7CAFAB3F,572269,INR,CREDIT,2026-08-27T20:28:33Z,SETTLEMENT SET_1786B757,SET_1786B757
BNK_26BF4CDA,668053,INR,CREDIT,2026-07-31T20:46:32Z,SETTLEMENT SET_A2F702F3,SET_A2F702F3
BNK_D60FCF62,685776,INR,CREDIT,2026-07-06T15:14:17Z,SETTLEMENT SET_A76CDA84,SET_A76CDA84
BNK_42CCFF4A,185809,INR,CREDIT,2026-08-31T03:54:17Z,SETTLEMENT SET_A7351B5E,SET_A7351B5E
BNK_9C98EE2C,1840612,INR,CREDIT,2026-08-27T05:13:19Z,SETTLEMENT SET_8B52FDFF,SET_8B52FDFF
BNK_6E42656C,1847740,INR,CREDIT,2026-08-25T13:51:50Z,SETTLEMENT SET_2399E0E9,SET_2399E0E9
BNK_2BE43AB7,533408,INR,CREDIT,2026-07-30T23:45:39Z,SETTLEMENT SET_298A8CBB,SET_298A8CBB
BNK_37FB339E,1324097,INR,CREDIT,2026-08-19T01:39:47Z,SETTLEMENT SET_9BA8ECD5,SET_9BA8ECD5
BNK_5BB5CCD1,716092,INR,CREDIT,2026-07-03T04:10:52Z,SETTLEMENT SET_15F3B3A9,SET_15F3B3A9
BNK_E64E6F9B,230138,INR,CREDIT,2026-08-31T06:38:24Z,SETTLEMENT SET_BE7BC29A,SET_BE7BC29A
BNK_404A38B7,1183690,INR,CREDIT,2026-08-26T01:48:07Z,SETTLEMENT SET_594A3E06,SET_594A3E06
BNK_4BB630CE,1011160,INR,CREDIT,2026-07-30T16:02:39Z,SETTLEMENT SET_4CE95559,SET_4CE95559
BNK_522B3CE3,708669,INR,CREDIT,2026-07-03T01:40:33Z,SETTLEMENT SET_CE38DD35,SET_CE38DD35
BNK_82C1F437,-41028,INR,CREDIT,2026-08-10T10:42:59Z,SETTLEMENT SET_410A132D,SET_410A132D
BNK_F00505F9,39349,INR,CREDIT,2026-07-25T18:18:19Z,SETTLEMENT SET_439639AC,SET_439639AC
BNK_F5323D40,121465,INR,CREDIT,2026-08-20T03:54:07Z,SETTLEMENT SET_BA4F3447,SET_BA4F3447
BNK_7C9E9D6E,272709,INR,CREDIT,2026-07-15T01:51:55Z,SETTLEMENT SET_D6D023BD,SET_D6D023BD
BNK_15B9E332,815685,INR,CREDIT,2026-08-29T08:09:45Z,SETTLEMENT SET_3E1708F2,SET_3E1708F2
BNK_6773906C,1631074,INR,CREDIT,2026-07-21T19:00:17Z,SETTLEMENT SET_D8F8B8D2,SET_D8F8B8D2
BNK_A2364A2D,1671971,INR,CREDIT,2026-08-27T23:49:50Z,SETTLEMENT SET_38DE3615,SET_38DE3615
BNK_B3DED152,1535780,INR,CREDIT,2026-08-19T20:47:57Z,SETTLEMENT SET_EAB16EFE,SET_EAB16EFE
BNK_9E49BD0C,-10096,INR,CREDIT,2026-08-15T18:18:58Z,SETTLEMENT SET_3966DE33,SET_3966DE33
BNK_FC9F3F44,1513420,INR,CREDIT,2026-08-02T07:16:08Z,SETTLEMENT SET_346CD5DB,SET_346CD5DB
BNK_697391EF,417704,INR,CREDIT,2026-07-04T06:46:58Z,SETTLEMENT SET_3DDE3305,SET_3DDE3305
BNK_C98900CB,895066,INR,CREDIT,2026-07-27T18:50:22Z,SETTLEMENT SET_7EBC2D1E,SET_7EBC2D1E
BNK_D2493B5E,249080,INR,CREDIT,2026-07-19T22:46:41Z,SETTLEMENT SET_2F7D3478,SET_2F7D3478
BNK_AB4DE4AB,935698,INR,CREDIT,2026-08-27T11:58:14Z,SETTLEMENT SET_60144504,SET_60144504
BNK_2EA265CD,288038,INR,CREDIT,2026-08-09T12:57:12Z,SETTLEMENT SET_ED06A29E,SET_ED06A29E
BNK_F8ED6B15,29292000,INR,CREDIT,2026-08-03T22:27:59Z,SETTLEMENT SET_80A81883,SET_80A81883
BNK_2EF94A7A,1204097,INR,CREDIT,2026-07-25T06:45:10Z,SETTLEMENT SET_5671C6F1,SET_5671C6F1
BNK_B5DB9311,1809563,INR,CREDIT,2026-08-30T20:52:39Z,SETTLEMENT SET_916EAAB0,SET_916EAAB0
BNK_15522C70,1587920,INR,CREDIT,2026-08-12T14:22:47Z,SETTLEMENT SET_88429CDE,SET_88429CDE
BNK_0353A53E,1923997,INR,CREDIT,2026-07-03T13:07:11Z,SETTLEMENT SET_BDC7FA87,SET_BDC7FA87
BNK_396F1BAD,1312966,INR,CREDIT,2026-07-18T16:01:42Z,SETTLEMENT SET_A83B4035,SET_A83B4035
BNK_9F117989,461935,INR,CREDIT,2026-07-26T08:33:28Z,SETTLEMENT SET_27016739,SET_27016739
BNK_73C4C974,1501899,INR,CREDIT,2026-08-16T11:48:27Z,SETTLEMENT SET_DF5BF244,SET_DF5BF244
BNK_4BC44C7E,1279084,INR,CREDIT,2026-08-09T20:05:07Z,SETTLEMENT SET_F24E4D27,SET_F24E4D27
BNK_43403EF0,1317652,INR,CREDIT,2026-08-22T00:21:14Z,SETTLEMENT SET_8C026CBC,SET_8C026CBC
BNK_AA2B7527,1361004,INR,CREDIT,2026-07-04T06:44:48Z,SETTLEMENT SET_86459E7C,SET_86459E7C
BNK_D32B851F,272311,INR,CREDIT,2026-08-20T06:37:15Z,SETTLEMENT SET_83FD2B2A,SET_83FD2B2A
BNK_20086883,159056,INR,CREDIT,2026-08-31T15:38:44Z,SETTLEMENT SET_ACD2ACA6,SET_ACD2ACA6
BNK_AD6C70E0,58584000,INR,CREDIT,2026-08-31T21:08:15Z,SETTLEMENT SET_6311DC92,SET_6311DC92
BNK_4B6F350E,713651,INR,CREDIT,2026-08-20T18:19:29Z,SETTLEMENT SET_6C90CB95,SET_6C90CB95
BNK_CB5977B6,1324194,INR,CREDIT,2026-09-03T06:26:54Z,SETTLEMENT SET_2391BDB4,SET_2391BDB4
BNK_73ECD09D,673619,INR,CREDIT,2026-08-21T03:56:27Z,SETTLEMENT SET_6461B0A8,SET_6461B0A8
BNK_E3E6D3F8,-36027,INR,CREDIT,2026-08-16T07:29:28Z,SETTLEMENT SET_F3B95DE5,SET_F3B95DE5
BNK_18B4BAFE,968196,INR,CREDIT,2026-08-13T17:08:23Z,SETTLEMENT SET_B2DBE54C,SET_B2DBE54C
BNK_7F80F6B2,215297,INR,CREDIT,2026-07-12T10:53:57Z,SETTLEMENT SET_A8680C70,SET_A8680C70
BNK_FE54FDAE,371814,INR,CREDIT,2026-07-27T14:26:28Z,SETTLEMENT SET_E388B554,SET_E388B554
BNK_AEEF51B2,1903492,INR,CREDIT,2026-07-26T04:45:47Z,SETTLEMENT SET_55F7A56E,SET_55F7A56E
BNK_D85749DB,1728326,INR,CREDIT,2026-07-03T17:23:51Z,SETTLEMENT SET_B094399E,SET_B094399E
BNK_5F71D5DA,814075,INR,CREDIT,2026-08-13T06:59:03Z,SETTLEMENT SET_63AF5641,SET_63AF5641
BNK_15F24B02,288429,INR,CREDIT,2026-08-23T03:42:42Z,SETTLEMENT SET_D06BE0D3,SET_D06BE0D3
BNK_D353DA83,711894,INR,CREDIT,2026-09-03T02:05:56Z,SETTLEMENT SET_CDDB5023,SET_CDDB5023
BNK_98876D38,-12557,INR,CREDIT,2026-07-24T11:06:19Z,SETTLEMENT SET_465CE16C,SET_465CE16C
BNK_CB74148F,612884,INR,CREDIT,2026-07-29T23:12:23Z,SETTLEMENT SET_E8D9BD4E,SET_E8D9BD4E
BNK_389DEFBA,871145,INR,CREDIT,2026-07-12T10:31:22Z,SETTLEMENT SET_9D85EC9B,SET_9D85EC9B
BNK_A8D0B911,1041526,INR,CREDIT,2026-08-15T15:51:11Z,SETTLEMENT SET_E632695C,SET_E632695C
BNK_404B1956,122832,INR,CREDIT,2026-07-21T12:22:00Z,SETTLEMENT SET_ADF53236,SET_ADF53236
BNK_CD57437C,1830165,INR,CREDIT,2026-07-25T10:48:02Z,SETTLEMENT SET_6708FD03,SET_6708FD03
BNK_D29C73DF,1533827,INR,CREDIT,2026-08-21T02:05:02Z,SETTLEMENT SET_452AF827,SET_452AF827
BNK_254334E8,841561,INR,CREDIT,2026-07-17T23:12:23Z,SETTLEMENT SET_CE7188EB,SET_CE7188EB
BNK_3B26024C,-11915,INR,CREDIT,2026-07-29T20:36:00Z,SETTLEMENT SET_EAB55EA2,SET_EAB55EA2
BNK_838DFB9E,661704,INR,CREDIT,2026-08-12T00:19:37Z,SETTLEMENT SET_115A9E4C,SET_115A9E4C
BNK_2959E219,981282,INR,CREDIT,2026-07-31T23:22:58Z,SETTLEMENT SET_1D7B3ED8,SET_1D7B3ED8
BNK_0A68FC97,1589873,INR,CREDIT,2026-08-08T09:12:01Z,SETTLEMENT SET_B030ECD9,SET_B030ECD9
BNK_E2765424,278860,INR,CREDIT,2026-08-24T09:39:06Z,SETTLEMENT SET_2B176276,SET_2B176276
BNK_B4C7AC88,1358561,INR,CREDIT,2026-07-05T09:53:12Z,SETTLEMENT SET_A613B1F5,SET_A613B1F5
BNK_0DBBA9B9,946698,INR,CREDIT,2026-08-18T16:55:19Z,SETTLEMENT SET_3E2AE4CA,SET_3E2AE4CA
BNK_E0D00E5D,1273031,INR,CREDIT,2026-07-21T08:33:12Z,SETTLEMENT SET_719DA37E,SET_719DA37E
BNK_049A3EF9,1236221,INR,CREDIT,2026-08-07T06:47:01Z,SETTLEMENT SET_698592C0,SET_698592C0
BNK_6DC3DE57,29292000,INR,CREDIT,2026-07-25T15:10:12Z,SETTLEMENT SET_AF9F8051,SET_AF9F8051
BNK_5747C68D,278177,INR,CREDIT,2026-08-23T13:02:05Z,SETTLEMENT SET_DAD6BBD5,SET_DAD6BBD5
BNK_157E8787,763350,INR,CREDIT,2026-08-13T15:33:52Z,SETTLEMENT SET_32FAE30E,SET_32FAE30E
BNK_5E8D1BFF,1731841,INR,CREDIT,2026-08-02T14:26:05Z,SETTLEMENT SET_B5E7B3EE,SET_B5E7B3EE
BNK_B52C6E07,-10041,INR,CREDIT,2026-07-03T09:21:07Z,SETTLEMENT SET_EA3F97EE,SET_EA3F97EE
BNK_8031ABA4,128152,INR,CREDIT,2026-07-23T22:13:48Z,SETTLEMENT SET_04AC6DEC,SET_04AC6DEC
BNK_7321F0FC,1035763,INR,CREDIT,2026-08-15T13:37:41Z,SETTLEMENT SET_44BB3F01,SET_44BB3F01
BNK_AC903707,469356,INR,CREDIT,2026-08-27T21:35:59Z,SETTLEMENT SET_95A0BEE3,SET_95A0BEE3
BNK_61366B5C,1158890,INR,CREDIT,2026-09-03T17:30:23Z,SETTLEMENT SET_0102F524,SET_0102F524
BNK_C0F50A80,513417,INR,CREDIT,2026-07-13T02:02:30Z,SETTLEMENT SET_F64BB082,SET_F64BB082
BNK_0DC7ED69,1911401,INR,CREDIT,2026-08-07T11:20:29Z,SETTLEMENT SET_6DBF62F3,SET_6DBF62F3
BNK_B7863175,1187108,INR,CREDIT,2026-07-14T15:33:51Z,SETTLEMENT SET_1E3ECFD6,SET_1E3ECFD6
BNK_219C9952,108479,INR,CREDIT,2026-07-25T08:22:16Z,SETTLEMENT SET_7AE85427,SET_7AE85427
BNK_2999A2EA,299658,INR,CREDIT,2026-07-24T00:52:01Z,SETTLEMENT SET_0D14A5C0,SET_0D14A5C0
BNK_2F99DC3E,1001103,INR,CREDIT,2026-07-29T18:04:07Z,SETTLEMENT SET_1EC973E1,SET_1EC973E1
BNK_25863F85,1790620,INR,CREDIT,2026-08-05T06:37:27Z,SETTLEMENT SET_C2474503,SET_C2474503
BNK_42A11F26,474605,INR,CREDIT,2026-08-31T01:37:48Z,SETTLEMENT SET_B5E53F36,SET_B5E53F36
BNK_12210607,785775,INR,CREDIT,2026-08-27T14:05:17Z,SETTLEMENT SET_E27A7EDF,SET_E27A7EDF
BNK_B9FE8DA8,952674,INR,CREDIT,2026-08-29T17:16:32Z,SETTLEMENT SET_7B85D6E8,SET_7B85D6E8
BNK_51903D5C,124980,INR,CREDIT,2026-08-13T04:42:38Z,SETTLEMENT SET_329A102B,SET_329A102B
BNK_56F1DDE6,133297,INR,CREDIT,2026-08-11T01:15:04Z,SETTLEMENT SET_158F3112,SET_158F3112
BNK_29FCD22F,1554722,INR,CREDIT,2026-08-16T00:43:07Z,SETTLEMENT SET_BECE11BF,SET_BECE11BF
BNK_746B510A,1888456,INR,CREDIT,2026-07-07T07:12:01Z,SETTLEMENT SET_A7F5B786,SET_A7F5B786
BNK_61DDEFDC,282571,INR,CREDIT,2026-07-23T18:05:50Z,SETTLEMENT SET_1321EBB0,SET_1321EBB0
BNK_5FB9C09C,1807317,INR,CREDIT,2026-07-15T08:14:50Z,SETTLEMENT SET_A3BCCAAE,SET_A3BCCAAE
BNK_3277C7BE,933146,INR,CREDIT,2026-07-18T18:19:40Z,SETTLEMENT SET_557935C9,SET_557935C9
BNK_725D5BC7,352774,INR,CREDIT,2026-07-20T11:34:01Z,SETTLEMENT SET_98CC217A,SET_98CC217A
BNK_93B5FDCA,1400842,INR,CREDIT,2026-07-08T13:24:18Z,SETTLEMENT SET_7239DA2C,SET_7239DA2C
BNK_767DBEDD,657704,INR,CREDIT,2026-08-11T01:51:24Z,SETTLEMENT SET_50E274D9,SET_50E274D9
BNK_2EA5D48D,41790,INR,CREDIT,2026-08-22T05:08:42Z,SETTLEMENT SET_9A1A8CF0,SET_9A1A8CF0
BNK_BA334107,1326242,INR,CREDIT,2026-07-13T15:12:07Z,SETTLEMENT SET_80B395C1,SET_80B395C1
BNK_DD1F8AE5,992366,INR,CREDIT,2026-09-03T17:31:21Z,SETTLEMENT SET_746EE6AE,SET_746EE6AE
BNK_7B65E99F,952088,INR,CREDIT,2026-07-28T11:15:41Z,SETTLEMENT SET_2B7D21C7,SET_2B7D21C7
BNK_4BC0967F,930803,INR,CREDIT,2026-07-18T11:41:27Z,SETTLEMENT SET_96E540A8,SET_96E540A8
BNK_6071ED1C,720779,INR,CREDIT,2026-08-10T00:47:43Z,SETTLEMENT SET_35B3DB28,SET_35B3DB28
BNK_7705A7DA,1627366,INR,CREDIT,2026-08-22T10:14:22Z,SETTLEMENT SET_C27CDF45,SET_C27CDF45
BNK_2F0289CF,831015,INR,CREDIT,2026-08-02T22:08:44Z,SETTLEMENT SET_FD081A99,SET_FD081A99
BNK_C71C409B,966344,INR,CREDIT,2026-07-14T06:49:17Z,SETTLEMENT SET_60FAA38E,SET_60FAA38E
BNK_08028736,836464,INR,CREDIT,2026-08-02T05:06:17Z,SETTLEMENT SET_65BD8148,SET_65BD8148
BNK_C5DD4ABA,1462452,INR,CREDIT,2026-07-11T04:30:24Z,SETTLEMENT SET_8D33BF97,SET_8D33BF97
BNK_E5DAC5F7,1072674,INR,CREDIT,2026-08-09T14:21:28Z,SETTLEMENT SET_D708C119,SET_D708C119
BNK_E6DF427A,600386,INR,CREDIT,2026-08-02T15:07:58Z,SETTLEMENT SET_8326E710,SET_8326E710
BNK_23FB9CB6,219202,INR,CREDIT,2026-07-18T06:26:55Z,SETTLEMENT SET_14375653,SET_14375653
BNK_98C0AE38,868656,INR,CREDIT,2026-07-17T02:47:54Z,SETTLEMENT SET_454CDD64,SET_454CDD64
BNK_E691EAC9,808451,INR,CREDIT,2026-07-13T16:32:34Z,SETTLEMENT SET_46D9F7F6,SET_46D9F7F6
BNK_9B732820,1950164,INR,CREDIT,2026-08-03T11:34:21Z,SETTLEMENT SET_59A9503C,SET_59A9503C
BNK_E8DC9673,1865510,INR,CREDIT,2026-08-19T08:48:59Z,SETTLEMENT SET_CEDF2EBC,SET_CEDF2EBC
BNK_7F74A0DF,1401818,INR,CREDIT,2026-08-04T01:36:17Z,SETTLEMENT SET_B4F86986,SET_B4F86986
BNK_64233EC2,1790620,INR,CREDIT,2026-07-15T00:15:25Z,SETTLEMENT SET_41A6CC54,SET_41A6CC54
BNK_1061DFE3,166281,INR,CREDIT,2026-07-07T14:01:18Z,SETTLEMENT SET_4A694678,SET_4A694678
BNK_278F396B,459980,INR,CREDIT,2026-07-18T10:56:37Z,SETTLEMENT SET_679208BC,SET_679208BC
BNK_EA7C4B0C,1653924,INR,CREDIT,2026-08-24T11:51:43Z,SETTLEMENT SET_374AAD1A,SET_374AAD1A
BNK_0A7F3B3D,39923,INR,CREDIT,2026-07-07T03:29:14Z,SETTLEMENT SET_DDE92D77,SET_DDE92D77
BNK_77A79827,724986,INR,CREDIT,2026-07-29T21:51:39Z,SETTLEMENT SET_824CD0E8,SET_824CD0E8
BNK_3BA68515,56046,INR,CREDIT,2026-08-11T08:52:58Z,SETTLEMENT SET_E2999DB6,SET_E2999DB6
BNK_1DCBB7E4,86119,INR,CREDIT,2026-08-16T02:44:33Z,SETTLEMENT SET_2E292EAA,SET_2E292EAA
BNK_52E9D80F,530381,INR,CREDIT,2026-07-21T08:15:12Z,SETTLEMENT SET_29DE2EB0,SET_29DE2EB0
BNK_8E4E9490,29292000,INR,CREDIT,2026-07-28T18:24:02Z,SETTLEMENT SET_3295A7CB,SET_3295A7CB
BNK_6F7A03E5,1573762,INR,CREDIT,2026-08-29T02:57:18Z,SETTLEMENT SET_2B52E3BA,SET_2B52E3BA
BNK_DF788FEA,476679,INR,CREDIT,2026-08-17T04:11:16Z,SETTLEMENT SET_CFB77330,SET_CFB77330
BNK_6DF7C736,1129793,INR,CREDIT,2026-08-06T03:06:16Z,SETTLEMENT SET_A860AD61,SET_A860AD61
BNK_36AFD075,1146196,INR,CREDIT,2026-07-17T01:33:24Z,SETTLEMENT SET_CF20815F,SET_CF20815F
BNK_084FA5D5,543855,INR,CREDIT,2026-08-29T07:37:47Z,SETTLEMENT SET_4806EDC3,SET_4806EDC3
BNK_E6865E2D,-34215,INR,CREDIT,2026-08-22T02:03:20Z,SETTLEMENT SET_1322C86B,SET_1322C86B
BNK_507B35BA,609567,INR,CREDIT,2026-08-01T23:56:49Z,SETTLEMENT SET_4F9DDD33,SET_4F9DDD33
BNK_5F22F0F3,1515178,INR,CREDIT,2026-08-25T11:18:21Z,SETTLEMENT SET_14D2D2E7,SET_14D2D2E7
BNK_42288AF3,29292000,INR,CREDIT,2026-07-08T16:19:34Z,SETTLEMENT SET_1618B7C8,SET_1618B7C8
BNK_AD7CC718,630267,INR,CREDIT,2026-08-28T17:28:00Z,SETTLEMENT SET_DF122403,SET_DF122403
BNK_0C399F2B,29292000,INR,CREDIT,2026-07-12T22:10:48Z,SETTLEMENT SET_C775EC62,SET_C775EC62
BNK_E071D8C0,1143365,INR,CREDIT,2026-07-14T04:49:53Z,SETTLEMENT SET_C6FC1624,SET_C6FC1624
BNK_95CBF0BE,880713,INR,CREDIT,2026-07-09T05:22:12Z,SETTLEMENT SET_81E01358,SET_81E01358
BNK_FAC8E331,14646000,INR,CREDIT,2026-09-03T00:07:12Z,SETTLEMENT SET_1BCBEB1F,SET_1BCBEB1F
BNK_14892F87,1009989,INR,CREDIT,2026-08-23T08:30:22Z,SETTLEMENT SET_A2ABC452,SET_A2ABC452
BNK_0CC5426F,503821,INR,CREDIT,2026-07-06T13:06:40Z,SETTLEMENT SET_8EC2F5DD,SET_8EC2F5DD
BNK_F2EA46F1,5370200,INR,CREDIT,2026-07-14T23:27:54Z,SETTLEMENT SET_30AA6C57,SET_30AA6C57
BNK_DBF2F19E,911665,INR,CREDIT,2026-08-29T10:58:12Z,SETTLEMENT SET_22B70AFB,SET_22B70AFB
BNK_567D1AFD,1931808,INR,CREDIT,2026-08-28T17:15:08Z,SETTLEMENT SET_422A9C1C,SET_422A9C1C
BNK_69F2B065,1178220,INR,CREDIT,2026-08-31T05:56:08Z,SETTLEMENT SET_65A459D1,SET_65A459D1
BNK_C8ED9614,1906812,INR,CREDIT,2026-08-28T09:54:57Z,SETTLEMENT SET_27C51805,SET_27C51805
BNK_26026EC8,730934,INR,CREDIT,2026-09-01T14:17:19Z,SETTLEMENT SET_6D74C44B,SET_6D74C44B
BNK_068FE30A,500503,INR,CREDIT,2026-07-24T13:55:34Z,SETTLEMENT SET_AF7347C1,SET_AF7347C1
BNK_717E118B,231340,INR,CREDIT,2026-09-03T09:39:14Z,SETTLEMENT SET_ABDFDC82,SET_ABDFDC82
BNK_C6055593,943496,INR,CREDIT,2026-08-21T21:31:58Z,SETTLEMENT SET_6BE15C47,SET_6BE15C47
BNK_2EC5F3C9,1648552,INR,CREDIT,2026-08-28T04:25:49Z,SETTLEMENT SET_C8958A97,SET_C8958A97
BNK_45BB91D9,401496,INR,CREDIT,2026-08-06T00:27:35Z,SETTLEMENT SET_D97D9CA7,SET_D97D9CA7
BNK_D6AD5657,271830,INR,CREDIT,2026-07-17T06:19:46Z,SETTLEMENT SET_13A4A85B,SET_13A4A85B
BNK_3E5B4296,158543,INR,CREDIT,2026-08-16T18:38:01Z,SETTLEMENT SET_55955AF5,SET_55955AF5
BNK_F6A4F279,1443120,INR,CREDIT,2026-07-31T21:05:48Z,SETTLEMENT SET_DBD90E06,SET_DBD90E06
BNK_F10DCD7E,294190,INR,CREDIT,2026-08-13T17:26:25Z,SETTLEMENT SET_8247A7FD,SET_8247A7FD
BNK_8ED26551,466524,INR,CREDIT,2026-08-05T06:06:15Z,SETTLEMENT SET_71F85446,SET_71F85446
BNK_59372D14,670201,INR,CREDIT,2026-08-26T18:04:16Z,SETTLEMENT SET_C00B3246,SET_C00B3246
BNK_8900A844,203385,INR,CREDIT,2026-07-22T16:24:27Z,SETTLEMENT SET_245EEA1C,SET_245EEA1C
BNK_CD0ABA7A,521740,INR,CREDIT,2026-08-20T19:56:11Z,SETTLEMENT SET_5D4FBF9B,SET_5D4FBF9B
BNK_BA46114E,1477587,INR,CREDIT,2026-08-06T17:11:50Z,SETTLEMENT SET_F1920C89,SET_F1920C89
BNK_D2EDF96A,830624,INR,CREDIT,2026-07-04T10:07:43Z,SETTLEMENT SET_5DBFFFEF,SET_5DBFFFEF
BNK_7F132400,642176,INR,CREDIT,2026-07-03T03:37:46Z,SETTLEMENT SET_E2249275,SET_E2249275
BNK_B832ACBC,1702940,INR,CREDIT,2026-08-15T09:12:33Z,SETTLEMENT SET_FE17AAE5,SET_FE17AAE5
BNK_42BA7454,1641034,INR,CREDIT,2026-07-05T17:38:55Z,SETTLEMENT SET_8001A60E,SET_8001A60E
BNK_36AA9E75,1144632,INR,CREDIT,2026-07-20T12:45:37Z,SETTLEMENT SET_2D6DB4F5,SET_2D6DB4F5
BNK_7539EA0F,35834,INR,CREDIT,2026-08-07T03:03:27Z,SETTLEMENT SET_71EE878E,SET_71EE878E
BNK_DFA01B6B,873976,INR,CREDIT,2026-08-06T15:50:58Z,SETTLEMENT SET_B40AB433,SET_B40AB433
BNK_1ABB0E7B,1908081,INR,CREDIT,2026-07-12T22:49:49Z,SETTLEMENT SET_DCF42B4E,SET_DCF42B4E
BNK_DB60A965,1716414,INR,CREDIT,2026-08-09T19:26:09Z,SETTLEMENT SET_D1B71249,SET_D1B71249
BNK_546CDE6A,14646000,INR,CREDIT,2026-07-19T20:18:59Z,SETTLEMENT SET_BE92E3F3,SET_BE92E3F3
BNK_463B14B9,511927,INR,CREDIT,2026-07-28T20:58:02Z,SETTLEMENT SET_A2EF8E3B,SET_A2EF8E3B
BNK_1390B76C,696857,INR,CREDIT,2026-08-24T00:24:25Z,SETTLEMENT SET_8B801138,SET_8B801138
BNK_A7375A3E,1813078,INR,CREDIT,2026-07-24T19:59:50Z,SETTLEMENT SET_B3303594,SET_B3303594
BNK_B05D186A,774188,INR,CREDIT,2026-08-19T07:47:16Z,SETTLEMENT SET_66697BC8,SET_66697BC8
BNK_45F77575,-1708,INR,CREDIT,2026-07-12T20:56:03Z,SETTLEMENT SET_7882D95A,SET_7882D95A
BNK_47B8D92C,1919408,INR,CREDIT,2026-08-10T12:20:59Z,SETTLEMENT SET_39167E2B,SET_39167E2B
BNK_EEFBDD02,342229,INR,CREDIT,2026-09-03T00:22:14Z,SETTLEMENT SET_541D07C6,SET_541D07C6
BNK_CF72DF05,1705478,INR,CREDIT,2026-09-03T16:35:08Z,SETTLEMENT SET_109EBBC8,SET_109EBBC8
BNK_F1974593,1508831,INR,CREDIT,2026-08-29T03:09:43Z,SETTLEMENT SET_B8671288,SET_B8671288
BNK_EB4F8AC6,1750490,INR,CREDIT,2026-08-17T22:41:23Z,SETTLEMENT SET_89A1097F,SET_89A1097F
BNK_81922652,446411,INR,CREDIT,2026-07-26T18:56:24Z,SETTLEMENT SET_CE5AF3F2,SET_CE5AF3F2
BNK_57F35E57,837083,INR,CREDIT,2026-08-19T18:55:38Z,SETTLEMENT SET_880D1C49,SET_880D1C49
BNK_585BC096,-37144,INR,CREDIT,2026-08-19T04:31:54Z,SETTLEMENT SET_F75B0804,SET_F75B0804
BNK_2214D5B6,1399768,INR,CREDIT,2026-07-21T18:03:50Z,SETTLEMENT SET_DE5412FD,SET_DE5412FD
BNK_6EE3948C,484390,INR,CREDIT,2026-08-19T03:46:02Z,SETTLEMENT SET_6C2C9A06,SET_6C2C9A06
BNK_25FFB37A,80553,INR,CREDIT,2026-08-08T06:19:39Z,SETTLEMENT SET_C35A07A6,SET_C35A07A6
BNK_B6183E37,881983,INR,CREDIT,2026-09-03T07:35:35Z,SETTLEMENT SET_9DC2CA36,SET_9DC2CA36
BNK_4A2D997F,14646000,INR,CREDIT,2026-08-28T17:28:22Z,SETTLEMENT SET_D46F514B,SET_D46F514B
BNK_3BCC8781,491813,INR,CREDIT,2026-07-31T22:54:26Z,SETTLEMENT SET_D2E6A88A,SET_D2E6A88A
BNK_36F6E6F8,789908,INR,CREDIT,2026-08-21T13:16:42Z,SETTLEMENT SET_4CC0B0A1,SET_4CC0B0A1
BNK_F30987D8,-26988,INR,CREDIT,2026-08-05T21:33:37Z,SETTLEMENT SET_9AB1E2F0,SET_9AB1E2F0
BNK_AC81B6E5,947890,INR,CREDIT,2026-07-27T11:39:18Z,SETTLEMENT SET_FD2CBE12,SET_FD2CBE12
BNK_177CAAC3,203092,INR,CREDIT,2026-08-19T20:49:39Z,SETTLEMENT SET_D54ED9A8,SET_D54ED9A8
BNK_A74B9F86,442975,INR,CREDIT,2026-08-09T22:37:57Z,SETTLEMENT SET_1E85447F,SET_1E85447F
BNK_4D202435,250838,INR,CREDIT,2026-08-15T01:56:58Z,SETTLEMENT SET_9BBD801C,SET_9BBD801C
BNK_F20651B0,681634,INR,CREDIT,2026-08-16T10:45:35Z,SETTLEMENT SET_63CEDA24,SET_63CEDA24
BNK_334E7D49,810803,INR,CREDIT,2026-08-08T08:08:15Z,SETTLEMENT SET_909B74F8,SET_909B74F8
BNK_5ADD34B1,1779001,INR,CREDIT,2026-08-26T07:00:36Z,SETTLEMENT SET_AC0F3ADC,SET_AC0F3ADC
BNK_03D76124,694611,INR,CREDIT,2026-07-11T08:54:00Z,SETTLEMENT SET_A7CA5C0C,SET_A7CA5C0C
BNK_79334959,65419,INR,CREDIT,2026-07-18T07:11:47Z,SETTLEMENT SET_19990608,SET_19990608
BNK_003E0F62,1663884,INR,CREDIT,2026-08-30T12:03:18Z,SETTLEMENT SET_D3392AD3,SET_D3392AD3
BNK_FD0081A1,184540,INR,CREDIT,2026-08-16T09:51:43Z,SETTLEMENT SET_07C68CB9,SET_07C68CB9
BNK_F3862E37,687777,INR,CREDIT,2026-08-10T04:42:35Z,SETTLEMENT SET_04A3DC35,SET_04A3DC35
BNK_37E53BF8,644815,INR,CREDIT,2026-07-22T01:22:54Z,SETTLEMENT SET_C7DEA1AF,SET_C7DEA1AF
BNK_D986871E,171066,INR,CREDIT,2026-08-23T16:35:45Z,SETTLEMENT SET_41EACECF,SET_41EACECF
BNK_F50EB605,1631517,INR,CREDIT,2026-08-18T09:55:49Z,SETTLEMENT SET_16F76250,SET_16F76250
BNK_E1D7C53F,1095814,INR,CREDIT,2026-08-10T04:27:42Z,SETTLEMENT SET_0253B868,SET_0253B868
BNK_1EC342F0,926506,INR,CREDIT,2026-08-14T04:38:27Z,SETTLEMENT SET_AE7F3808,SET_AE7F3808
BNK_E0EF60CD,1374576,INR,CREDIT,2026-08-11T13:46:37Z,SETTLEMENT SET_310E36E7,SET_310E36E7
BNK_B554105D,58584000,INR,CREDIT,2026-08-27T14:01:54Z,SETTLEMENT SET_584EF31A,SET_584EF31A
BNK_DB7B3C44,1919993,INR,CREDIT,2026-07-05T06:01:45Z,SETTLEMENT SET_28C4477C,SET_28C4477C
BNK_CC849549,1907173,INR,CREDIT,2026-08-08T16:55:04Z,SETTLEMENT SET_5488D34B,SET_5488D34B
BNK_227C8C11,1531191,INR,CREDIT,2026-08-13T01:34:13Z,SETTLEMENT SET_D5A55CB9,SET_D5A55CB9
BNK_C9E9D31D,1199898,INR,CREDIT,2026-08-08T10:51:11Z,SETTLEMENT SET_AD15BC91,SET_AD15BC91
BNK_E7BC962F,1582647,INR,CREDIT,2026-08-09T10:42:42Z,SETTLEMENT SET_9302FE1C,SET_9302FE1C
BNK_FD264144,1100403,INR,CREDIT,2026-08-30T12:58:25Z,SETTLEMENT SET_B3B66D2E,SET_B3B66D2E
BNK_630E0711,265777,INR,CREDIT,2026-08-20T03:01:24Z,SETTLEMENT SET_2E14565F,SET_2E14565F
BNK_890BF893,68934,INR,CREDIT,2026-07-04T02:55:37Z,SETTLEMENT SET_44BE48B6,SET_44BE48B6
BNK_363F743D,1567025,INR,CREDIT,2026-07-17T14:48:27Z,SETTLEMENT SET_39B185F1,SET_39B185F1
BNK_E442059A,396709,INR,CREDIT,2026-08-09T08:34:22Z,SETTLEMENT SET_573CA9D5,SET_573CA9D5
BNK_503EC89C,265093,INR,CREDIT,2026-07-31T23:39:51Z,SETTLEMENT SET_D98862AF,SET_D98862AF
BNK_97C6F6F1,1855942,INR,CREDIT,2026-07-04T20:52:57Z,SETTLEMENT SET_95D4EA81,SET_95D4EA81
BNK_C1106C1A,912642,INR,CREDIT,2026-08-11T23:29:51Z,SETTLEMENT SET_CDCC1510,SET_CDCC1510
BNK_69626B50,1204097,INR,CREDIT,2026-07-16T19:22:08Z,SETTLEMENT SET_641E81F7,SET_641E81F7
BNK_706E9A0D,1804192,INR,CREDIT,2026-08-03T17:24:38Z,SETTLEMENT SET_428040D0,SET_428040D0
BNK_203153DF,1822744,INR,CREDIT,2026-08-17T21:30:38Z,SETTLEMENT SET_F312EDC3,SET_F312EDC3
BNK_4A833B1E,283840,INR,CREDIT,2026-07-29T00:14:01Z,SETTLEMENT SET_FB6809B4,SET_FB6809B4
BNK_AEC63BE2,646768,INR,CREDIT,2026-08-13T02:39:34Z,SETTLEMENT SET_CCD1E76A,SET_CCD1E76A
BNK_F4A5BDE3,1069256,INR,CREDIT,2026-07-30T08:35:29Z,SETTLEMENT SET_ED80F2BB,SET_ED80F2BB
BNK_BDAB88C4,58584000,INR,CREDIT,2026-07-11T08:31:10Z,SETTLEMENT SET_9B85C189,SET_9B85C189
BNK_0FB1A01A,236094,INR,CREDIT,2026-07-24T23:06:27Z,SETTLEMENT SET_E2DBAAC8,SET_E2DBAAC8
BNK_136FF5F6,1212689,INR,CREDIT,2026-07-23T01:07:32Z,SETTLEMENT SET_9F7493E0,SET_9F7493E0
BNK_58EABA3A,1344503,INR,CREDIT,2026-07-18T09:26:25Z,SETTLEMENT SET_D555E59B,SET_D555E59B
BNK_6C4B23BB,721875,INR,CREDIT,2026-08-29T14:34:09Z,SETTLEMENT SET_73F01EB9,SET_73F01EB9
BNK_4F6E7F02,1566146,INR,CREDIT,2026-07-23T11:17:29Z,SETTLEMENT SET_D0F66026,SET_D0F66026
BNK_C7257EAA,313815,INR,CREDIT,2026-08-18T17:09:30Z,SETTLEMENT SET_E2653F16,SET_E2653F16
BNK_C9C6E38C,1362274,INR,CREDIT,2026-07-31T10:09:45Z,SETTLEMENT SET_EB16E46E,SET_EB16E46E
BNK_BB787F14,880613,INR,CREDIT,2026-08-24T00:52:43Z,SETTLEMENT SET_F6AAC620,SET_F6AAC620
BNK_ED195C20,349747,INR,CREDIT,2026-09-02T20:04:30Z,SETTLEMENT SET_6E7A565D,SET_6E7A565D
BNK_F8971AFA,1154005,INR,CREDIT,2026-08-28T22:56:23Z,SETTLEMENT SET_44B20464,SET_44B20464
BNK_18F243B8,925042,INR,CREDIT,2026-08-25T06:55:33Z,SETTLEMENT SET_9AE7CF04,SET_9AE7CF04
BNK_F85E8B2C,1640450,INR,CREDIT,2026-07-05T12:49:00Z,SETTLEMENT SET_1B5DE569,SET_1B5DE569
BNK_C742AFC4,229943,INR,CREDIT,2026-07-17T00:10:00Z,SETTLEMENT SET_1D127190,SET_1D127190
BNK_744F5791,1131746,INR,CREDIT,2026-07-26T00:23:56Z,SETTLEMENT SET_781B25FF,SET_781B25FF
BNK_D3266F79,352579,INR,CREDIT,2026-08-07T15:47:28Z,SETTLEMENT SET_03E641CD,SET_03E641CD
BNK_10851118,218616,INR,CREDIT,2026-08-23T14:32:54Z,SETTLEMENT SET_CF243626,SET_CF243626
BNK_1A804945,928166,INR,CREDIT,2026-07-22T20:45:44Z,SETTLEMENT SET_98CD9229,SET_98CD9229
BNK_C6FFE25B,1917505,INR,CREDIT,2026-08-31T22:35:56Z,SETTLEMENT SET_D60FF3A4,SET_D60FF3A4
BNK_FA24798F,19528,INR,CREDIT,2026-08-16T23:42:54Z,SETTLEMENT SET_41BF7C08,SET_41BF7C08
BNK_01CC960D,11813,INR,CREDIT,2026-07-09T01:44:21Z,SETTLEMENT SET_DEC75C70,SET_DEC75C70
BNK_B914419C,173019,INR,CREDIT,2026-07-03T03:18:31Z,SETTLEMENT SET_5788E0A0,SET_5788E0A0
BNK_5337BE92,593847,INR,CREDIT,2026-08-03T08:16:37Z,SETTLEMENT SET_E3640D7A,SET_E3640D7A
BNK_9ED219C1,1298905,INR,CREDIT,2026-07-19T17:11:07Z,SETTLEMENT SET_68A6B651,SET_68A6B651
BNK_983CCD6C,112579,INR,CREDIT,2026-08-29T05:58:43Z,SETTLEMENT SET_C0364681,SET_C0364681
BNK_3F1A46AA,29292000,INR,CREDIT,2026-08-23T07:50:47Z,SETTLEMENT SET_26D332E2,SET_26D332E2
BNK_DDD184DA,1284064,INR,CREDIT,2026-07-31T17:25:11Z,SETTLEMENT SET_9F227B8D,SET_9F227B8D
BNK_9E5F0848,58584000,INR,CREDIT,2026-08-03T10:58:26Z,SETTLEMENT SET_CBF9D88A,SET_CBF9D88A
BNK_2C679B9F,1720320,INR,CREDIT,2026-08-16T22:26:56Z,SETTLEMENT SET_D609B2B1,SET_D609B2B1
BNK_5EC62F56,404914,INR,CREDIT,2026-08-12T17:05:03Z,SETTLEMENT SET_7B8E80E1,SET_7B8E80E1
BNK_EC6A2562,92758,INR,CREDIT,2026-08-27T16:45:42Z,SETTLEMENT SET_A8BD71FB,SET_A8BD71FB
BNK_1E1FE69B,931584,INR,CREDIT,2026-09-03T08:15:19Z,SETTLEMENT SET_C8B5BCEA,SET_C8B5BCEA
BNK_2F5D73F8,1241638,INR,CREDIT,2026-08-05T23:57:50Z,SETTLEMENT SET_7FA3F065,SET_7FA3F065
BNK_9FE11F0C,834510,INR,CREDIT,2026-07-07T13:43:14Z,SETTLEMENT SET_201799FB,SET_201799FB
BNK_DE8E222F,60830,INR,CREDIT,2026-08-20T22:40:53Z,SETTLEMENT SET_39D26FF3,SET_39D26FF3
BNK_331C1304,579396,INR,CREDIT,2026-08-20T20:55:05Z,SETTLEMENT SET_D8AB8C2F,SET_D8AB8C2F
BNK_DCECE38E,483709,INR,CREDIT,2026-07-24T19:21:07Z,SETTLEMENT SET_3248C486,SET_3248C486
BNK_B830D675,134255,INR,CREDIT,2026-07-17T04:53:48Z,SETTLEMENT SET_62355B91,SET_62355B91
BNK_BC83F59C,1741312,INR,CREDIT,2026-07-11T01:32:49Z,SETTLEMENT SET_D6D43A8F,SET_D6D43A8F
BNK_5CF16183,687972,INR,CREDIT,2026-09-01T06:56:10Z,SETTLEMENT SET_E68DA7EB,SET_E68DA7EB
BNK_DE7D4AD9,1597098,INR,CREDIT,2026-08-22T23:42:53Z,SETTLEMENT SET_41645919,SET_41645919
BNK_896C3952,1773143,INR,CREDIT,2026-07-22T02:23:21Z,SETTLEMENT SET_CC494AF6,SET_CC494AF6
BNK_444A90FD,-22575,INR,CREDIT,2026-08-19T22:10:45Z,SETTLEMENT SET_1C8E3EFC,SET_1C8E3EFC
BNK_7567C709,1891878,INR,CREDIT,2026-08-31T18:55:35Z,SETTLEMENT SET_6FFA2999,SET_6FFA2999
BNK_3436751E,680942,INR,CREDIT,2026-07-15T03:00:27Z,SETTLEMENT SET_95F3AA1B,SET_95F3AA1B
BNK_D6A828FD,920746,INR,CREDIT,2026-07-09T13:53:23Z,SETTLEMENT SET_9FF81FC1,SET_9FF81FC1
BNK_537B4D5C,-4153,INR,CREDIT,2026-07-12T09:08:38Z,SETTLEMENT SET_54F9F7FE,SET_54F9F7FE
BNK_4AFBA50E,1409972,INR,CREDIT,2026-08-12T11:01:29Z,SETTLEMENT SET_85D1BFA8,SET_85D1BFA8
BNK_66475293,274312,INR,CREDIT,2026-07-26T08:55:43Z,SETTLEMENT SET_E461947E,SET_E461947E
BNK_D203B6A2,1841637,INR,CREDIT,2026-08-27T07:41:01Z,SETTLEMENT SET_0632D2AE,SET_0632D2AE
BNK_098AD6F2,830429,INR,CREDIT,2026-07-28T07:02:52Z,SETTLEMENT SET_13170565,SET_13170565
BNK_4798C0B0,458323,INR,CREDIT,2026-08-13T22:26:14Z,SETTLEMENT SET_583DCE15,SET_583DCE15
BNK_0953F371,120293,INR,CREDIT,2026-08-13T00:42:46Z,SETTLEMENT SET_4DE0FF09,SET_4DE0FF09
BNK_C3D5E6A6,1781540,INR,CREDIT,2026-07-17T10:31:34Z,SETTLEMENT SET_D77EE0AD,SET_D77EE0AD
BNK_ECA45184,1277327,INR,CREDIT,2026-07-11T00:07:55Z,SETTLEMENT SET_61C25326,SET_61C25326
BNK_66761384,1712118,INR,CREDIT,2026-08-15T04:11:15Z,SETTLEMENT SET_CF95AC59,SET_CF95AC59
BNK_F6DE3170,999053,INR,CREDIT,2026-07-09T04:04:48Z,SETTLEMENT SET_F1617167,SET_F1617167
BNK_C973E89B,1158206,INR,CREDIT,2026-07-15T23:18:38Z,SETTLEMENT SET_FA6C2E0C,SET_FA6C2E0C
BNK_784D7B65,843903,INR,CREDIT,2026-07-22T01:22:48Z,SETTLEMENT SET_81F15435,SET_81F15435
BNK_60E07C7D,228863,INR,CREDIT,2026-08-08T01:31:47Z,SETTLEMENT SET_B27E21FE,SET_B27E21FE
BNK_47300236,870852,INR,CREDIT,2026-08-15T22:28:50Z,SETTLEMENT SET_26430C7D,SET_26430C7D
BNK_9360D56E,445582,INR,CREDIT,2026-08-08T05:33:57Z,SETTLEMENT SET_3546FF7C,SET_3546FF7C
BNK_CB38D5CD,1826943,INR,CREDIT,2026-08-08T03:08:28Z,SETTLEMENT SET_FAA8F2F8,SET_FAA8F2F8
BNK_84DAC284,5370200,INR,CREDIT,2026-08-26T10:47:03Z,SETTLEMENT SET_08D6C949,SET_08D6C949
BNK_6D471806,491082,INR,CREDIT,2026-07-10T01:14:35Z,SETTLEMENT SET_3CAA6EB6,SET_3CAA6EB6
BNK_3B0C44FB,1882500,INR,CREDIT,2026-09-03T06:44:05Z,SETTLEMENT SET_7C05846E,SET_7C05846E
BNK_15C2FB8A,-12123,INR,CREDIT,2026-08-21T19:42:39Z,SETTLEMENT SET_8DDCA648,SET_8DDCA648
BNK_0ABC7B22,1457766,INR,CREDIT,2026-07-20T15:07:06Z,SETTLEMENT SET_BAF304BC,SET_BAF304BC
BNK_288C0361,1394983,INR,CREDIT,2026-07-13T21:35:08Z,SETTLEMENT SET_6E6F81EE,SET_6E6F81EE
BNK_3BF112EF,256403,INR,CREDIT,2026-07-17T17:27:12Z,SETTLEMENT SET_244B5487,SET_244B5487
BNK_45F49F3D,955506,INR,CREDIT,2026-08-04T08:22:10Z,SETTLEMENT SET_06B0660C,SET_06B0660C
BNK_2A1FE027,258063,INR,CREDIT,2026-07-04T03:51:13Z,SETTLEMENT SET_87EE1B68,SET_87EE1B68
BNK_8B28A31A,1570334,INR,CREDIT,2026-07-04T07:59:25Z,SETTLEMENT SET_F5AF6DF9,SET_F5AF6DF9
BNK_81AD0738,-11181,INR,CREDIT,2026-08-03T21:13:18Z,SETTLEMENT SET_1AEC7392,SET_1AEC7392
BNK_AD93AA67,101391,INR,CREDIT,2026-08-26T08:06:47Z,SETTLEMENT SET_3CB9EEEE,SET_3CB9EEEE
BNK_CB47535A,-5451,INR,CREDIT,2026-07-22T23:02:54Z,SETTLEMENT SET_9A0136AF,SET_9A0136AF
BNK_8C17043D,1532848,INR,CREDIT,2026-07-31T04:55:06Z,SETTLEMENT SET_29EA6477,SET_29EA6477
BNK_39989664,422489,INR,CREDIT,2026-08-23T00:03:53Z,SETTLEMENT SET_E06F801C,SET_E06F801C
BNK_CA8A8BD4,358968,INR,CREDIT,2026-08-07T05:56:17Z,SETTLEMENT SET_C6AB6298,SET_C6AB6298
BNK_CF20E34C,1061445,INR,CREDIT,2026-07-10T14:18:51Z,SETTLEMENT SET_5F122784,SET_5F122784
BNK_57B8E179,385776,INR,CREDIT,2026-08-07T00:21:06Z,SETTLEMENT SET_6012E481,SET_6012E481
BNK_8CD9B1B7,369568,INR,CREDIT,2026-08-03T19:41:57Z,SETTLEMENT SET_821E3001,SET_821E3001
BNK_E9CD4B34,105549,INR,CREDIT,2026-07-06T19:57:41Z,SETTLEMENT SET_1EEBE6DE,SET_1EEBE6DE
BNK_8CAF7D30,1407676,INR,CREDIT,2026-07-03T12:48:13Z,SETTLEMENT SET_01BD9CEA,SET_01BD9CEA
BNK_B09ED101,769356,INR,CREDIT,2026-08-25T14:13:22Z,SETTLEMENT SET_0494B4A1,SET_0494B4A1
BNK_40DA9280,1803509,INR,CREDIT,2026-07-18T23:16:25Z,SETTLEMENT SET_D4C73349,SET_D4C73349
BNK_66B7B1C4,1764843,INR,CREDIT,2026-09-02T23:12:31Z,SETTLEMENT SET_A0434ECF,SET_A0434ECF
BNK_1453A4BC,938907,INR,CREDIT,2026-08-23T07:05:55Z,SETTLEMENT SET_2B9A12B0,SET_2B9A12B0
BNK_2AF7F2E0,132889,INR,CREDIT,2026-07-28T02:34:37Z,SETTLEMENT SET_1ECC5C58,SET_1ECC5C58
BNK_B8466417,998858,INR,CREDIT,2026-08-22T10:23:29Z,SETTLEMENT SET_6EE99112,SET_6EE99112
BNK_076EFD07,289308,INR,CREDIT,2026-07-19T23:00:28Z,SETTLEMENT SET_11D16A70,SET_11D16A70
BNK_3DB889C5,1616235,INR,CREDIT,2026-08-05T17:09:29Z,SETTLEMENT SET_98824D7A,SET_98824D7A
BNK_0C51402E,1312380,INR,CREDIT,2026-07-29T20:29:08Z,SETTLEMENT SET_E6714000,SET_E6714000
BNK_E144F743,324846,INR,CREDIT,2026-07-30T11:35:05Z,SETTLEMENT SET_B507584A,SET_B507584A
BNK_34A54CDE,1297003,INR,CREDIT,2026-08-18T23:18:07Z,SETTLEMENT SET_5FE1C6D8,SET_5FE1C6D8
BNK_AFCDC4EA,193035,INR,CREDIT,2026-07-16T18:42:35Z,SETTLEMENT SET_B991D7F4,SET_B991D7F4
BNK_2DFC1BD6,1908472,INR,CREDIT,2026-07-29T06:35:27Z,SETTLEMENT SET_531EBC39,SET_531EBC39
BNK_64AEB749,1281525,INR,CREDIT,2026-07-10T09:17:00Z,SETTLEMENT SET_804E5DD4,SET_804E5DD4
BNK_46937B9B,1594687,INR,CREDIT,2026-07-18T00:09:08Z,SETTLEMENT SET_AFB8F9DA,SET_AFB8F9DA
BNK_C90BCDCA,-7228,INR,CREDIT,2026-08-19T02:35:27Z,SETTLEMENT SET_B3698390,SET_B3698390
BNK_61EA5A23,803968,INR,CREDIT,2026-09-03T02:08:25Z,SETTLEMENT SET_6A574E3A,SET_6A574E3A
BNK_8802D881,651650,INR,CREDIT,2026-08-02T15:27:09Z,SETTLEMENT SET_8A6D790D,SET_8A6D790D
BNK_B38B2F23,1104797,INR,CREDIT,2026-07-23T20:28:38Z,SETTLEMENT SET_9F945C09,SET_9F945C09
BNK_1531BF01,1452103,INR,CREDIT,2026-07-14T17:46:00Z,SETTLEMENT SET_18BCCA3A,SET_18BCCA3A
BNK_64E81FB1,1265610,INR,CREDIT,2026-08-02T18:11:07Z,SETTLEMENT SET_36B3E106,SET_36B3E106
BNK_56A6720F,-2081,INR,CREDIT,2026-07-25T07:27:25Z,SETTLEMENT SET_209F21C3,SET_209F21C3
BNK_FEB881F1,5370200,INR,CREDIT,2026-07-24T02:03:36Z,SETTLEMENT SET_61C86EE1,SET_61C86EE1
BNK_8803DF05,1152934,INR,CREDIT,2026-08-01T18:02:27Z,SETTLEMENT SET_7A66471B,SET_7A66471B
BNK_1830602E,886669,INR,CREDIT,2026-08-12T16:34:33Z,SETTLEMENT SET_9673EF26,SET_9673EF26
BNK_32877BD7,36275,INR,CREDIT,2026-08-09T23:47:02Z,SETTLEMENT SET_D3A46BA2,SET_D3A46BA2
BNK_4DFC5664,404230,INR,CREDIT,2026-08-22T07:44:55Z,SETTLEMENT SET_3B0DACE3,SET_3B0DACE3
BNK_25B45213,1440386,INR,CREDIT,2026-08-30T21:05:30Z,SETTLEMENT SET_DAC6EAF4,SET_DAC6EAF4
BNK_10114290,425123,INR,CREDIT,2026-08-08T12:52:44Z,SETTLEMENT SET_4F3986EF,SET_4F3986EF
BNK_ED9A5AA9,1390296,INR,CREDIT,2026-08-19T23:39:32Z,SETTLEMENT SET_E107B654,SET_E107B654
BNK_BD20030A,1370085,INR,CREDIT,2026-07-13T00:42:49Z,SETTLEMENT SET_537245D3,SET_537245D3
BNK_F95FD279,1140924,INR,CREDIT,2026-08-27T14:41:58Z,SETTLEMENT SET_003D5DD3,SET_003D5DD3
BNK_0947799A,951112,INR,CREDIT,2026-07-20T20:37:37Z,SETTLEMENT SET_A123FED6,SET_A123FED6
BNK_A879D20D,509974,INR,CREDIT,2026-08-29T01:18:41Z,SETTLEMENT SET_48DB018F,SET_48DB018F
BNK_6252909C,242831,INR,CREDIT,2026-08-18T06:50:56Z,SETTLEMENT SET_CBA66971,SET_CBA66971
BNK_9006157A,861869,INR,CREDIT,2026-07-07T18:35:34Z,SETTLEMENT SET_8BD4DF4C,SET_8BD4DF4C
BNK_CFEB4D05,680161,INR,CREDIT,2026-07-15T09:59:51Z,SETTLEMENT SET_C1E4FC4A,SET_C1E4FC4A
BNK_575919C6,1894314,INR,CREDIT,2026-08-12T10:53:00Z,SETTLEMENT SET_6CF3D4A6,SET_6CF3D4A6
BNK_B89146C0,1603047,INR,CREDIT,2026-09-01T14:22:26Z,SETTLEMENT SET_90B46F91,SET_90B46F91
BNK_BACF0DA2,799477,INR,CREDIT,2026-08-21T21:11:33Z,SETTLEMENT SET_74302DC6,SET_74302DC6
BNK_40434EE8,1379654,INR,CREDIT,2026-08-12T07:36:45Z,SETTLEMENT SET_3E7EBCA6,SET_3E7EBCA6
BNK_812EDC97,1384874,INR,CREDIT,2026-07-29T21:34:42Z,SETTLEMENT SET_5117B21E,SET_5117B21E
BNK_F6C032C8,623530,INR,CREDIT,2026-07-25T14:19:59Z,SETTLEMENT SET_6D1CB190,SET_6D1CB190
BNK_855C484A,993195,INR,CREDIT,2026-08-07T04:23:50Z,SETTLEMENT SET_B382127B,SET_B382127B
BNK_808AF171,1221086,INR,CREDIT,2026-07-25T11:42:33Z,SETTLEMENT SET_D6DD998F,SET_D6DD998F
BNK_8279E7A3,251131,INR,CREDIT,2026-08-15T09:18:20Z,SETTLEMENT SET_DE089079,SET_DE089079
BNK_B6E45479,350626,INR,CREDIT,2026-07-12T03:54:20Z,SETTLEMENT SET_BB8B5C7A,SET_BB8B5C7A
BNK_4A411D2A,531650,INR,CREDIT,2026-07-19T06:57:08Z,SETTLEMENT SET_93321849,SET_93321849
BNK_E289FCED,1606957,INR,CREDIT,2026-08-02T17:01:19Z,SETTLEMENT SET_B0704C1B,SET_B0704C1B
BNK_C109AA8D,21579,INR,CREDIT,2026-07-31T13:18:36Z,SETTLEMENT SET_B87B0128,SET_B87B0128
BNK_7260C9CA,244584,INR,CREDIT,2026-07-16T17:20:13Z,SETTLEMENT SET_C4C43D91,SET_C4C43D91
BNK_E7B2563E,-27121,INR,CREDIT,2026-08-16T14:43:40Z,SETTLEMENT SET_5F8BE65B,SET_5F8BE65B
BNK_FEA970AB,1266391,INR,CREDIT,2026-07-05T23:01:16Z,SETTLEMENT SET_4A9A6A5F,SET_4A9A6A5F
BNK_84BDD9B0,-20180,INR,CREDIT,2026-08-13T21:25:11Z,SETTLEMENT SET_507E6768,SET_507E6768
BNK_32B777E8,240388,INR,CREDIT,2026-09-03T14:33:46Z,SETTLEMENT SET_5105FC4C,SET_5105FC4C
BNK_4B6A122D,833260,INR,CREDIT,2026-07-08T06:33:23Z,SETTLEMENT SET_15C2B7E8,SET_15C2B7E8
BNK_D2D34A74,1771874,INR,CREDIT,2026-07-21T04:27:33Z,SETTLEMENT SET_B2B09B57,SET_B2B09B57
BNK_CA1C1DDE,-17110,INR,CREDIT,2026-07-11T02:45:40Z,SETTLEMENT SET_933D446D,SET_933D446D
BNK_9EE39F4B,1616821,INR,CREDIT,2026-07-28T06:02:01Z,SETTLEMENT SET_764A85B6,SET_764A85B6
BNK_7FCBC024,414678,INR,CREDIT,2026-07-12T08:24:53Z,SETTLEMENT SET_1E73D32D,SET_1E73D32D
BNK_F29D3270,642815,INR,CREDIT,2026-08-26T01:31:39Z,SETTLEMENT SET_3516B253,SET_3516B253
BNK_C179693F,181173,INR,CREDIT,2026-08-05T23:12:09Z,SETTLEMENT SET_8B8A0D00,SET_8B8A0D00
BNK_F6707378,1227726,INR,CREDIT,2026-08-29T13:11:36Z,SETTLEMENT SET_47D1387B,SET_47D1387B
BNK_6FE7F86F,-21546,INR,CREDIT,2026-07-27T18:18:02Z,SETTLEMENT SET_118877BC,SET_118877BC
BNK_71946734,29292000,INR,CREDIT,2026-08-22T03:54:14Z,SETTLEMENT SET_06F329DB,SET_06F329DB
BNK_AA57A106,676384,INR,CREDIT,2026-08-22T02:22:19Z,SETTLEMENT SET_5EDE9B2C,SET_5EDE9B2C
BNK_7FDF0C13,837559,INR,CREDIT,2026-08-17T16:57:18Z,SETTLEMENT SET_E2BA8E59,SET_E2BA8E59
BNK_A689687A,-33910,INR,CREDIT,2026-07-18T15:45:29Z,SETTLEMENT SET_B911A820,SET_B911A820
BNK_B067AACD,582716,INR,CREDIT,2026-08-21T09:08:23Z,SETTLEMENT SET_DB584967,SET_DB584967
BNK_E0502D5E,1810198,INR,CREDIT,2026-08-07T15:35:29Z,SETTLEMENT SET_1530E7FF,SET_1530E7FF
BNK_36B4DA64,1089272,INR,CREDIT,2026-08-03T11:24:11Z,SETTLEMENT SET_B95D05B2,SET_B95D05B2
BNK_3E999098,1882896,INR,CREDIT,2026-07-25T16:37:35Z,SETTLEMENT SET_FA987862,SET_FA987862
BNK_F417C8C8,642081,INR,CREDIT,2026-07-28T14:28:28Z,SETTLEMENT SET_CAEBA8F8,SET_CAEBA8F8
BNK_62DDFD8E,1456203,INR,CREDIT,2026-07-24T01:43:41Z,SETTLEMENT SET_B8057A53,SET_B8057A53
BNK_7D22E413,-7379,INR,CREDIT,2026-07-26T04:33:34Z,SETTLEMENT SET_18E78E7E,SET_18E78E7E
BNK_E95228E3,1943525,INR,CREDIT,2026-08-15T00:33:42Z,SETTLEMENT SET_8A0B2F5B,SET_8A0B2F5B
BNK_4DD00BCD,1419979,INR,CREDIT,2026-07-18T05:39:06Z,SETTLEMENT SET_4945C986,SET_4945C986
BNK_E2393E02,378376,INR,CREDIT,2026-07-08T10:49:03Z,SETTLEMENT SET_4DDB6DFB,SET_4DDB6DFB
BNK_2C522F7F,1273714,INR,CREDIT,2026-08-16T04:25:02Z,SETTLEMENT SET_CB43F111,SET_CB43F111
BNK_1E13C466,1577275,INR,CREDIT,2026-08-16T01:46:55Z,SETTLEMENT SET_8F1BB2EF,SET_8F1BB2EF
BNK_6F6CBF2F,201139,INR,CREDIT,2026-07-09T15:52:37Z,SETTLEMENT SET_39BA4A38,SET_39BA4A38
BNK_328182BD,29292000,INR,CREDIT,2026-08-12T00:46:22Z,SETTLEMENT SET_BEB65EF9,SET_BEB65EF9
BNK_34F17753,603316,INR,CREDIT,2026-08-31T01:30:23Z,SETTLEMENT SET_16A9CE4C,SET_16A9CE4C
BNK_9B32AAB0,760518,INR,CREDIT,2026-07-28T05:54:54Z,SETTLEMENT SET_B95E0D56,SET_B95E0D56
BNK_7D0F6675,857520,INR,CREDIT,2026-07-29T06:32:08Z,SETTLEMENT SET_B9E63686,SET_B9E63686
BNK_771551ED,697736,INR,CREDIT,2026-07-12T11:53:05Z,SETTLEMENT SET_690DBACA,SET_690DBACA
BNK_8FABEF90,1668790,INR,CREDIT,2026-08-31T13:20:03Z,SETTLEMENT SET_DAD64B4A,SET_DAD64B4A
BNK_32CB6AE1,900827,INR,CREDIT,2026-09-01T13:52:28Z,SETTLEMENT SET_E8270009,SET_E8270009
BNK_0DF7C379,961657,INR,CREDIT,2026-07-22T22:07:14Z,SETTLEMENT SET_81D02F89,SET_81D02F89
BNK_89500F65,1822158,INR,CREDIT,2026-08-03T06:02:50Z,SETTLEMENT SET_361F4E89,SET_361F4E89
BNK_AB74DA39,909496,INR,CREDIT,2026-07-29T04:10:19Z,SETTLEMENT SET_0E16F21C,SET_0E16F21C
BNK_205C55C1,-1456,INR,CREDIT,2026-07-12T13:10:11Z,SETTLEMENT SET_6F2DF295,SET_6F2DF295
BNK_96C626DB,1198727,INR,CREDIT,2026-08-31T22:24:30Z,SETTLEMENT SET_B25D0E9C,SET_B25D0E9C
BNK_2B4F3AD7,615795,INR,CREDIT,2026-09-03T18:47:43Z,SETTLEMENT SET_62E764CC,SET_62E764CC
BNK_BB5B756B,354041,INR,CREDIT,2026-08-15T12:49:01Z,SETTLEMENT SET_873DB841,SET_873DB841
BNK_501237E4,-33752,INR,CREDIT,2026-08-29T19:26:13Z,SETTLEMENT SET_58847343,SET_58847343
BNK_2D56B6D3,1166603,INR,CREDIT,2026-07-24T04:37:37Z,SETTLEMENT SET_2C74C2D0,SET_2C74C2D0
BNK_5B3D2FD1,444848,INR,CREDIT,2026-07-31T07:24:42Z,SETTLEMENT SET_3B1037DB,SET_3B1037DB
BNK_E208F39A,273978,INR,CREDIT,2026-07-24T04:40:09Z,SETTLEMENT SET_E6ECC351,SET_E6ECC351
BNK_6FEA889F,1526114,INR,CREDIT,2026-07-28T04:08:06Z,SETTLEMENT SET_93DEE3D1,SET_93DEE3D1
BNK_6B1E81E4,330317,INR,CREDIT,2026-07-31T00:44:22Z,SETTLEMENT SET_533A5614,SET_533A5614
BNK_3A2E53F8,1043772,INR,CREDIT,2026-07-18T04:11:04Z,SETTLEMENT SET_860D3174,SET_860D3174
BNK_1FF28632,1540076,INR,CREDIT,2026-08-25T18:38:29Z,SETTLEMENT SET_B6BED96A,SET_B6BED96A
BNK_F9A97FD5,956872,INR,CREDIT,2026-07-11T05:16:34Z,SETTLEMENT SET_9FF0C91F,SET_9FF0C91F
BNK_9B843F07,1854086,INR,CREDIT,2026-07-20T07:13:00Z,SETTLEMENT SET_B4A11733,SET_B4A11733
BNK_A7B77C0B,266282,INR,CREDIT,2026-08-14T18:14:22Z,SETTLEMENT SET_68A836C5,SET_68A836C5
BNK_1D1DABB1,124882,INR,CREDIT,2026-07-14T23:58:32Z,SETTLEMENT SET_68D517DF,SET_68D517DF
BNK_7BD36E2D,804497,INR,CREDIT,2026-08-21T18:04:57Z,SETTLEMENT SET_ADBE22F7,SET_ADBE22F7
BNK_C5076890,1199851,INR,CREDIT,2026-08-09T16:19:03Z,SETTLEMENT SET_76F5A018,SET_76F5A018
BNK_B7AB3F20,255970,INR,CREDIT,2026-08-27T01:15:06Z,SETTLEMENT SET_837F0809,SET_837F0809
BNK_851C8E77,838435,INR,CREDIT,2026-08-03T09:19:48Z,SETTLEMENT SET_69D3E7BF,SET_69D3E7BF
BNK_5C5796DB,1891287,INR,CREDIT,2026-08-01T11:02:33Z,SETTLEMENT SET_C4B80B10,SET_C4B80B10
BNK_E67281D5,1347140,INR,CREDIT,2026-07-27T21:03:10Z,SETTLEMENT SET_F164BA5C,SET_F164BA5C
BNK_CD496AEA,336858,INR,CREDIT,2026-08-18T09:26:21Z,SETTLEMENT SET_1EE087FF,SET_1EE087FF
BNK_4B31D481,1384488,INR,CREDIT,2026-07-25T20:15:47Z,SETTLEMENT SET_90159B6E,SET_90159B6E
BNK_DD415C37,870559,INR,CREDIT,2026-08-02T16:41:08Z,SETTLEMENT SET_4D6C49AA,SET_4D6C49AA
BNK_7E9FFA49,279932,INR,CREDIT,2026-08-30T18:55:06Z,SETTLEMENT SET_7E232247,SET_7E232247
BNK_1784D397,1442534,INR,CREDIT,2026-08-19T00:44:08Z,SETTLEMENT SET_1B5EC59E,SET_1B5EC59E
BNK_8A4C5262,1329564,INR,CREDIT,2026-08-20T08:24:31Z,SETTLEMENT SET_7121F609,SET_7121F609
BNK_949E3EDF,1479539,INR,CREDIT,2026-08-17T12:10:21Z,SETTLEMENT SET_9A29CFED,SET_9A29CFED
BNK_4B8B7E82,1544275,INR,CREDIT,2026-07-03T21:28:26Z,SETTLEMENT SET_36C0B55E,SET_36C0B55E
BNK_65E01B15,1833775,INR,CREDIT,2026-07-28T07:11:22Z,SETTLEMENT SET_81EA46E0,SET_81EA46E0
BNK_A56F9774,932170,INR,CREDIT,2026-08-15T22:16:52Z,SETTLEMENT SET_DD7B5BF7,SET_DD7B5BF7
BNK_D5622188,617573,INR,CREDIT,2026-07-15T23:30:52Z,SETTLEMENT SET_0071E217,SET_0071E217
BNK_B3527282,471699,INR,CREDIT,2026-08-12T07:22:53Z,SETTLEMENT SET_8C880BB2,SET_8C880BB2
BNK_43E2AED7,821934,INR,CREDIT,2026-08-17T12:46:59Z,SETTLEMENT SET_A1E0D9A3,SET_A1E0D9A3
BNK_29D71DB5,691292,INR,CREDIT,2026-08-09T03:27:46Z,SETTLEMENT SET_4E0EA690,SET_4E0EA690
BNK_4358882E,1909644,INR,CREDIT,2026-08-27T22:25:14Z,SETTLEMENT SET_392169B4,SET_392169B4
BNK_CF0C1507,1641622,INR,CREDIT,2026-08-14T08:53:53Z,SETTLEMENT SET_8F8139DD,SET_8F8139DD
BNK_FFB63FEA,1402794,INR,CREDIT,2026-07-16T14:18:00Z,SETTLEMENT SET_D68F62CD,SET_D68F62CD
BNK_4F4FA939,-6523,INR,CREDIT,2026-07-14T16:55:19Z,SETTLEMENT SET_927416A4,SET_927416A4
BNK_47180828,739526,INR,CREDIT,2026-07-28T23:41:27Z,SETTLEMENT SET_0DD6B292,SET_0DD6B292
BNK_963ADEF2,239316,INR,CREDIT,2026-07-20T09:51:56Z,SETTLEMENT SET_252190D8,SET_252190D8
BNK_61C63D5B,1688148,INR,CREDIT,2026-08-17T09:42:56Z,SETTLEMENT SET_A70420A0,SET_A70420A0
BNK_C00B3D10,1474755,INR,CREDIT,2026-08-02T16:49:05Z,SETTLEMENT SET_C2BEB2E8,SET_C2BEB2E8
BNK_B7B971B5,1262486,INR,CREDIT,2026-08-12T08:54:47Z,SETTLEMENT SET_E2F8091C,SET_E2F8091C
BNK_7958BD65,1107336,INR,CREDIT,2026-08-08T04:27:59Z,SETTLEMENT SET_841EEA20,SET_841EEA20
BNK_E8C110AC,355410,INR,CREDIT,2026-08-12T05:18:10Z,SETTLEMENT SET_D5DC44BA,SET_D5DC44BA
BNK_61E95559,1581280,INR,CREDIT,2026-07-28T05:21:15Z,SETTLEMENT SET_D67F7A23,SET_D67F7A23
BNK_413B89FC,1172462,INR,CREDIT,2026-07-24T02:45:54Z,SETTLEMENT SET_63A40722,SET_63A40722
BNK_1EA09BD6,1649921,INR,CREDIT,2026-07-10T11:56:56Z,SETTLEMENT SET_A65C657C,SET_A65C657C
BNK_9D3D6DDB,1396057,INR,CREDIT,2026-08-13T22:36:08Z,SETTLEMENT SET_D24F4654,SET_D24F4654
BNK_9454944E,582033,INR,CREDIT,2026-07-13T10:20:43Z,SETTLEMENT SET_2E058510,SET_2E058510
BNK_402986C6,907209,INR,CREDIT,2026-08-20T02:39:12Z,SETTLEMENT SET_8061969D,SET_8061969D
BNK_97854F39,563439,INR,CREDIT,2026-08-14T00:55:23Z,SETTLEMENT SET_64493ECF,SET_64493ECF
BNK_64E8D53D,1163576,INR,CREDIT,2026-08-31T23:03:10Z,SETTLEMENT SET_811D511F,SET_811D511F
BNK_4AEBDD38,306395,INR,CREDIT,2026-07-08T04:09:23Z,SETTLEMENT SET_DB6F6E64,SET_DB6F6E64
BNK_62E43B50,641398,INR,CREDIT,2026-08-05T22:42:17Z,SETTLEMENT SET_365A3BE6,SET_365A3BE6
BNK_F09924F6,277396,INR,CREDIT,2026-08-17T19:35:46Z,SETTLEMENT SET_9E2F361E,SET_9E2F361E
BNK_15A840FE,1460793,INR,CREDIT,2026-07-16T03:53:10Z,SETTLEMENT SET_A05CF1FE,SET_A05CF1FE
BNK_34CFD3ED,297998,INR,CREDIT,2026-08-05T13:27:39Z,SETTLEMENT SET_5515892D,SET_5515892D
BNK_4FFF2CFD,1423103,INR,CREDIT,2026-08-21T00:08:39Z,SETTLEMENT SET_E42FA3E6,SET_E42FA3E6
BNK_41614155,120291,INR,CREDIT,2026-08-21T13:09:07Z,SETTLEMENT SET_F1E73E51,SET_F1E73E51
BNK_11A2FD71,58584000,INR,CREDIT,2026-08-13T23:23:19Z,SETTLEMENT SET_340ECFD0,SET_340ECFD0
BNK_9D78B04C,266460,INR,CREDIT,2026-07-20T01:13:38Z,SETTLEMENT SET_80C78FE7,SET_80C78FE7
BNK_7E327860,1150786,INR,CREDIT,2026-08-22T19:28:15Z,SETTLEMENT SET_F34F256C,SET_F34F256C
BNK_E52F6984,259723,INR,CREDIT,2026-07-22T10:42:17Z,SETTLEMENT SET_C8A10A15,SET_C8A10A15
BNK_66628E6B,60830,INR,CREDIT,2026-08-17T10:36:51Z,SETTLEMENT SET_69CF49DC,SET_69CF49DC
BNK_01FBCE08,171359,INR,CREDIT,2026-07-27T09:25:40Z,SETTLEMENT SET_D2904753,SET_D2904753
BNK_5FCF13C5,863040,INR,CREDIT,2026-08-13T15:43:16Z,SETTLEMENT SET_CF30EB9D,SET_CF30EB9D
BNK_C2D223BC,1348018,INR,CREDIT,2026-07-25T08:51:35Z,SETTLEMENT SET_0AD53F93,SET_0AD53F93
BNK_D687AF4F,310398,INR,CREDIT,2026-07-15T14:02:37Z,SETTLEMENT SET_8357E70A,SET_8357E70A
BNK_6D006B00,1880059,INR,CREDIT,2026-07-21T21:17:40Z,SETTLEMENT SET_8471A87F,SET_8471A87F
BNK_55B19938,1259556,INR,CREDIT,2026-07-21T17:43:59Z,SETTLEMENT SET_3FFA7A6E,SET_3FFA7A6E
BNK_04DC7E63,1008348,INR,CREDIT,2026-08-11T01:56:03Z,SETTLEMENT SET_8259ACF3,SET_8259ACF3
BNK_6AB1C27B,1741605,INR,CREDIT,2026-07-16T21:25:10Z,SETTLEMENT SET_60764CCD,SET_60764CCD
BNK_53CC5625,1071014,INR,CREDIT,2026-07-13T21:06:08Z,SETTLEMENT SET_C550C400,SET_C550C400
BNK_255B6082,1805462,INR,CREDIT,2026-08-11T03:59:34Z,SETTLEMENT SET_EBC308C0,SET_EBC308C0
BNK_ABD5D6C7,501772,INR,CREDIT,2026-08-12T16:33:24Z,SETTLEMENT SET_DB81B71E,SET_DB81B71E
BNK_A8891D0E,1037230,INR,CREDIT,2026-07-30T06:28:36Z,SETTLEMENT SET_29085D01,SET_29085D01
BNK_CE8E3A97,1089858,INR,CREDIT,2026-07-20T21:40:38Z,SETTLEMENT SET_CB4DA021,SET_CB4DA021
BNK_E47EEDE4,1306619,INR,CREDIT,2026-08-28T03:27:57Z,SETTLEMENT SET_133A4964,SET_133A4964
BNK_09CADD66,732936,INR,CREDIT,2026-07-04T12:43:34Z,SETTLEMENT SET_15C924B7,SET_15C924B7
BNK_23859876,1866975,INR,CREDIT,2026-08-04T11:34:29Z,SETTLEMENT SET_AE228CF8,SET_AE228CF8
BNK_2944DAE9,190203,INR,CREDIT,2026-07-15T09:37:39Z,SETTLEMENT SET_028D0758,SET_028D0758
BNK_BA6D40FD,1010574,INR,CREDIT,2026-08-17T11:12:30Z,SETTLEMENT SET_99B78B10,SET_99B78B10
BNK_B6D81D8F,1198043,INR,CREDIT,2026-08-09T19:31:29Z,SETTLEMENT SET_1B7DEFFB,SET_1B7DEFFB
BNK_04005EE7,363319,INR,CREDIT,2026-07-04T06:48:58Z,SETTLEMENT SET_57BCFDC1,SET_57BCFDC1
BNK_E58885C1,1784274,INR,CREDIT,2026-07-30T11:29:03Z,SETTLEMENT SET_F184D9E8,SET_F184D9E8
BNK_237C80B6,1617700,INR,CREDIT,2026-07-21T21:55:04Z,SETTLEMENT SET_A0C36CD4,SET_A0C36CD4
BNK_EE235E75,1468504,INR,CREDIT,2026-08-14T16:07:51Z,SETTLEMENT SET_96AB8AED,SET_96AB8AED
BNK_780FDE37,565531,INR,CREDIT,2026-08-10T02:07:40Z,SETTLEMENT SET_A18F748E,SET_A18F748E
BNK_D8FD325A,158911,INR,CREDIT,2026-07-30T02:55:09Z,SETTLEMENT SET_E8054B99,SET_E8054B99
BNK_59E9A3F7,497964,INR,CREDIT,2026-07-12T00:58:01Z,SETTLEMENT SET_91E95705,SET_91E95705
BNK_24997995,126737,INR,CREDIT,2026-08-28T01:14:57Z,SETTLEMENT SET_8DFCFC76,SET_8DFCFC76
BNK_91DED03E,862162,INR,CREDIT,2026-09-03T22:21:43Z,SETTLEMENT SET_1B6A7F7F,SET_1B6A7F7F
BNK_BAB15C8A,853178,INR,CREDIT,2026-07-25T03:35:21Z,SETTLEMENT SET_C2C9C169,SET_C2C9C169
BNK_B93C6463,501577,INR,CREDIT,2026-08-13T23:00:04Z,SETTLEMENT SET_0A61692A,SET_0A61692A
BNK_0BDD9E16,1305714,INR,CREDIT,2026-08-19T04:31:38Z,SETTLEMENT SET_8AD835CE,SET_8AD835CE
BNK_3824EA2A,1120908,INR,CREDIT,2026-07-17T22:37:16Z,SETTLEMENT SET_5A5FB881,SET_5A5FB881
BNK_E11225C2,14646000,INR,CREDIT,2026-07-20T02:10:02Z,SETTLEMENT SET_EF6C2B3E,SET_EF6C2B3E
BNK_E0FA395E,-42458,INR,CREDIT,2026-07-05T21:59:28Z,SETTLEMENT SET_71840FC8,SET_71840FC8
BNK_4FF50901,297126,INR,CREDIT,2026-07-05T22:27:05Z,SETTLEMENT SET_9D7B5C47,SET_9D7B5C47
BNK_7EC3C476,1820968,INR,CREDIT,2026-07-28T03:15:16Z,SETTLEMENT SET_63CD0F12,SET_63CD0F12
BNK_518FEB2C,1773241,INR,CREDIT,2026-08-16T22:20:01Z,SETTLEMENT SET_4C0CAF63,SET_4C0CAF63
BNK_05601F2A,1116319,INR,CREDIT,2026-08-07T13:59:50Z,SETTLEMENT SET_69FAF7C2,SET_69FAF7C2
BNK_89BAFEC1,340569,INR,CREDIT,2026-08-09T04:46:31Z,SETTLEMENT SET_15FB3A33,SET_15FB3A33
BNK_9F3DD288,304313,INR,CREDIT,2026-07-13T15:31:14Z,SETTLEMENT SET_9621A3A4,SET_9621A3A4
BNK_C9892DC0,122539,INR,CREDIT,2026-07-03T15:07:16Z,SETTLEMENT SET_0E02B332,SET_0E02B332
BNK_D41232D8,238266,INR,CREDIT,2026-07-08T08:44:52Z,SETTLEMENT SET_FACC3F05,SET_FACC3F05
BNK_60F00A57,173214,INR,CREDIT,2026-07-31T19:13:20Z,SETTLEMENT SET_67D8A8A8,SET_67D8A8A8
BNK_D846F44D,657411,INR,CREDIT,2026-08-18T21:36:44Z,SETTLEMENT SET_0D1A8439,SET_0D1A8439
BNK_B3556099,713944,INR,CREDIT,2026-08-02T02:53:02Z,SETTLEMENT SET_63033013,SET_63033013
BNK_3D532FF9,1434625,INR,CREDIT,2026-09-02T01:45:08Z,SETTLEMENT SET_DA1E1312,SET_DA1E1312
BNK_B6954FCE,497183,INR,CREDIT,2026-07-30T11:37:45Z,SETTLEMENT SET_916A6805,SET_916A6805
BNK_B47D27FE,595995,INR,CREDIT,2026-07-21T06:43:07Z,SETTLEMENT SET_4637EAA3,SET_4637EAA3
BNK_2CF26ABA,58392,INR,CREDIT,2026-08-15T11:05:05Z,SETTLEMENT SET_029C3127,SET_029C3127
BNK_15501629,1815909,INR,CREDIT,2026-08-07T15:59:02Z,SETTLEMENT SET_2BDCD916,SET_2BDCD916
BNK_D01024AB,1031324,INR,CREDIT,2026-07-23T03:00:24Z,SETTLEMENT SET_282A4924,SET_282A4924
BNK_A73C3C76,1643770,INR,CREDIT,2026-08-23T10:50:31Z,SETTLEMENT SET_93F97C77,SET_93F97C77
BNK_FAA8E0B3,1824502,INR,CREDIT,2026-07-30T16:22:02Z,SETTLEMENT SET_C491ECDA,SET_C491ECDA
BNK_A488E4D9,31783,INR,CREDIT,2026-08-06T01:31:26Z,SETTLEMENT SET_2DF0E3E3,SET_2DF0E3E3
BNK_20A49173,1228995,INR,CREDIT,2026-08-31T05:16:26Z,SETTLEMENT SET_6BD354A6,SET_6BD354A6
BNK_6993C856,1217083,INR,CREDIT,2026-07-18T20:46:08Z,SETTLEMENT SET_370B38C2,SET_370B38C2
BNK_E06FEDAE,1445558,INR,CREDIT,2026-07-20T05:22:31Z,SETTLEMENT SET_C5C15FCE,SET_C5C15FCE
BNK_9E2CF5AA,1649335,INR,CREDIT,2026-07-26T10:29:04Z,SETTLEMENT SET_60C168F6,SET_60C168F6
BNK_640E432E,1728521,INR,CREDIT,2026-08-19T20:52:44Z,SETTLEMENT SET_DCD448E0,SET_DCD448E0
BNK_509DD0CD,457737,INR,CREDIT,2026-07-21T16:38:43Z,SETTLEMENT SET_6F481BFA,SET_6F481BFA
BNK_0A1549BE,1866096,INR,CREDIT,2026-07-21T20:09:51Z,SETTLEMENT SET_D7FB30C9,SET_D7FB30C9
BNK_9C107838,1087903,INR,CREDIT,2026-07-22T15:04:40Z,SETTLEMENT SET_B4EF0811,SET_B4EF0811
BNK_2B7E6848,474824,INR,CREDIT,2026-07-30T22:59:05Z,SETTLEMENT SET_1C7B645E,SET_1C7B645E
BNK_FE5CCD7C,294514,INR,CREDIT,2026-08-06T14:22:47Z,SETTLEMENT SET_7C967851,SET_7C967851
BNK_923ECA5F,1914135,INR,CREDIT,2026-08-12T17:30:39Z,SETTLEMENT SET_5D36A965,SET_5D36A965
BNK_D3776EB2,178389,INR,CREDIT,2026-09-01T15:28:28Z,SETTLEMENT SET_37DDA487,SET_37DDA487
BNK_76AD3161,355410,INR,CREDIT,2026-07-07T15:50:49Z,SETTLEMENT SET_F812F7D2,SET_F812F7D2
BNK_17F0B0B9,775067,INR,CREDIT,2026-07-30T09:45:01Z,SETTLEMENT SET_0F714C89,SET_0F714C89
BNK_D8BB8B93,1108800,INR,CREDIT,2026-08-30T01:20:11Z,SETTLEMENT SET_E5BF99CF,SET_E5BF99CF
BNK_9C76CB02,1080973,INR,CREDIT,2026-08-30T17:35:46Z,SETTLEMENT SET_88E6FD7D,SET_88E6FD7D
BNK_01B8D652,1576351,INR,CREDIT,2026-07-26T20:06:40Z,SETTLEMENT SET_797BDDCC,SET_797BDDCC
BNK_0B6ECCD5,1917650,INR,CREDIT,2026-08-12T14:06:55Z,SETTLEMENT SET_CCB39881,SET_CCB39881
BNK_19BE25F9,1707431,INR,CREDIT,2026-08-11T18:48:57Z,SETTLEMENT SET_8FAE1E2E,SET_8FAE1E2E
BNK_6AD5B157,519933,INR,CREDIT,2026-07-24T04:01:54Z,SETTLEMENT SET_BB3855DD,SET_BB3855DD
BNK_21423C14,1950652,INR,CREDIT,2026-08-04T07:01:48Z,SETTLEMENT SET_E156B503,SET_E156B503
BNK_F493EB16,1165236,INR,CREDIT,2026-08-13T20:46:18Z,SETTLEMENT SET_48F0DF0A,SET_48F0DF0A
BNK_7E8B04CD,1775682,INR,CREDIT,2026-07-20T07:30:54Z,SETTLEMENT SET_D4CC086B,SET_D4CC086B
BNK_438DAE22,661219,INR,CREDIT,2026-07-14T04:21:55Z,SETTLEMENT SET_DB9C50C2,SET_DB9C50C2
BNK_361A0ADF,98129,INR,CREDIT,2026-08-09T06:32:17Z,SETTLEMENT SET_CB281767,SET_CB281767
BNK_5677D8CE,987922,INR,CREDIT,2026-07-08T13:43:09Z,SETTLEMENT SET_0C382229,SET_0C382229
BNK_4C019B35,475800,INR,CREDIT,2026-07-07T06:12:26Z,SETTLEMENT SET_76CAFF51,SET_76CAFF51
BNK_4D29983F,1458156,INR,CREDIT,2026-08-02T11:31:00Z,SETTLEMENT SET_E8B67E6C,SET_E8B67E6C
BNK_699FDA64,1881523,INR,CREDIT,2026-07-31T03:44:25Z,SETTLEMENT SET_DEEF93F9,SET_DEEF93F9
BNK_51561DCD,-21697,INR,CREDIT,2026-07-07T06:50:59Z,SETTLEMENT SET_DEDF4182,SET_DEDF4182
BNK_EEE0A56F,1586846,INR,CREDIT,2026-07-06T06:46:58Z,SETTLEMENT SET_C9B4B46E,SET_C9B4B46E
BNK_65BD2F8C,413213,INR,CREDIT,2026-09-02T04:08:00Z,SETTLEMENT SET_4182B6FE,SET_4182B6FE
BNK_33F5CFCE,575588,INR,CREDIT,2026-08-23T18:36:52Z,SETTLEMENT SET_A231426F,SET_A231426F
BNK_228DA5CF,540731,INR,CREDIT,2026-07-20T08:24:13Z,SETTLEMENT SET_6C1AB767,SET_6C1AB767
BNK_1D50D8E5,769013,INR,CREDIT,2026-08-08T11:51:49Z,SETTLEMENT SET_84046021,SET_84046021
BNK_9AAF4FB8,282080,INR,CREDIT,2026-07-30T01:23:10Z,SETTLEMENT SET_2E37B152,SET_2E37B152
BNK_1A052986,1440483,INR,CREDIT,2026-08-24T01:05:05Z,SETTLEMENT SET_1E938067,SET_1E938067
BNK_D3DE381E,1512835,INR,CREDIT,2026-08-14T18:23:14Z,SETTLEMENT SET_EA6FC4CE,SET_EA6FC4CE
BNK_CF0D772F,471406,INR,CREDIT,2026-08-27T16:02:46Z,SETTLEMENT SET_C3761B97,SET_C3761B97
BNK_140D7494,1040843,INR,CREDIT,2026-07-17T09:17:36Z,SETTLEMENT SET_A714B7CE,SET_A714B7CE
BNK_2F6329EB,1116709,INR,CREDIT,2026-07-08T17:23:32Z,SETTLEMENT SET_294B8B7A,SET_294B8B7A
BNK_34BDD803,228283,INR,CREDIT,2026-07-31T08:46:56Z,SETTLEMENT SET_523D4E44,SET_523D4E44
BNK_AF681150,259430,INR,CREDIT,2026-08-15T14:36:29Z,SETTLEMENT SET_5E94619F,SET_5E94619F
BNK_2149C6EC,464572,INR,CREDIT,2026-08-03T17:50:27Z,SETTLEMENT SET_EAC2143D,SET_EAC2143D
BNK_BB241F41,1906910,INR,CREDIT,2026-08-04T13:22:45Z,SETTLEMENT SET_BC3A3AAB,SET_BC3A3AAB
BNK_ACEE83FF,107857,INR,CREDIT,2026-08-14T17:59:35Z,SETTLEMENT SET_8D35F645,SET_8D35F645
BNK_0EC3146B,1670328,INR,CREDIT,2026-08-22T16:45:45Z,SETTLEMENT SET_7AFE0748,SET_7AFE0748
BNK_F418CD2D,825156,INR,CREDIT,2026-07-03T03:12:14Z,SETTLEMENT SET_56C3A93D,SET_56C3A93D
BNK_8CE280F0,1115928,INR,CREDIT,2026-07-31T13:42:14Z,SETTLEMENT SET_1E1234E1,SET_1E1234E1
BNK_AE6CF232,1368425,INR,CREDIT,2026-07-30T19:10:25Z,SETTLEMENT SET_381A8F5A,SET_381A8F5A
BNK_C2F04592,951307,INR,CREDIT,2026-07-09T01:42:14Z,SETTLEMENT SET_D319A9A4,SET_D319A9A4
BNK_F0F143F2,1800580,INR,CREDIT,2026-08-19T16:02:22Z,SETTLEMENT SET_0CF8290C,SET_0CF8290C
BNK_A4E9D798,364198,INR,CREDIT,2026-08-01T02:58:55Z,SETTLEMENT SET_EC4890FB,SET_EC4890FB
BNK_65D8C107,579592,INR,CREDIT,2026-07-09T19:54:06Z,SETTLEMENT SET_F69F4E4A,SET_F69F4E4A
BNK_6784E53B,29292000,INR,CREDIT,2026-07-11T21:58:35Z,SETTLEMENT SET_7FEE6527,SET_7FEE6527
BNK_ADBACB66,276773,INR,CREDIT,2026-08-09T16:56:36Z,SETTLEMENT SET_16408C0D,SET_16408C0D
BNK_2BFF5EBF,629095,INR,CREDIT,2026-07-19T02:21:31Z,SETTLEMENT SET_6295406B,SET_6295406B
BNK_AAAAE85A,336768,INR,CREDIT,2026-07-24T12:29:18Z,SETTLEMENT SET_E609905B,SET_E609905B
BNK_332D3F27,489692,INR,CREDIT,2026-08-17T13:34:19Z,SETTLEMENT SET_362D4FC3,SET_362D4FC3
BNK_E54A9BAF,1223234,INR,CREDIT,2026-08-11T07:20:31Z,SETTLEMENT SET_6F2D09D2,SET_6F2D09D2
BNK_6F7253A4,807874,INR,CREDIT,2026-08-31T13:02:33Z,SETTLEMENT SET_E8F41252,SET_E8F41252
BNK_5C22508B,1128671,INR,CREDIT,2026-07-20T08:41:41Z,SETTLEMENT SET_376F44B0,SET_376F44B0
BNK_0A0DD14B,793618,INR,CREDIT,2026-08-06T13:22:18Z,SETTLEMENT SET_6B99F6AF,SET_6B99F6AF
BNK_CF57363E,1592118,INR,CREDIT,2026-08-11T07:03:00Z,SETTLEMENT SET_7CCDB31F,SET_7CCDB31F
BNK_36D40CFA,1801020,INR,CREDIT,2026-07-16T20:42:53Z,SETTLEMENT SET_4CACAE17,SET_4CACAE17
BNK_B3FC82E6,878175,INR,CREDIT,2026-08-03T07:14:40Z,SETTLEMENT SET_864AF6CC,SET_864AF6CC
BNK_1D00A05A,29292000,INR,CREDIT,2026-08-01T10:22:26Z,SETTLEMENT SET_168AEE10,SET_168AEE10
BNK_62B0FD12,663855,INR,CREDIT,2026-08-19T03:44:59Z,SETTLEMENT SET_18B7A489,SET_18B7A489
BNK_286CA221,590722,INR,CREDIT,2026-07-31T03:07:57Z,SETTLEMENT SET_7DE7AB67,SET_7DE7AB67
BNK_2B920C3A,386412,INR,CREDIT,2026-08-21T18:28:14Z,SETTLEMENT SET_66A674D8,SET_66A674D8
BNK_86E06957,243612,INR,CREDIT,2026-08-31T01:37:20Z,SETTLEMENT SET_43759968,SET_43759968
BNK_FA577CF4,389584,INR,CREDIT,2026-08-19T22:37:44Z,SETTLEMENT SET_49CD09D3,SET_49CD09D3
BNK_7CAC4585,1430329,INR,CREDIT,2026-07-05T03:09:52Z,SETTLEMENT SET_559E8B95,SET_559E8B95
BNK_207431AF,58584000,INR,CREDIT,2026-08-22T21:52:53Z,SETTLEMENT SET_05F36B74,SET_05F36B74
BNK_DE135138,492790,INR,CREDIT,2026-08-24T02:49:11Z,SETTLEMENT SET_752D6E2D,SET_752D6E2D
BNK_A9936905,1398008,INR,CREDIT,2026-08-14T16:04:51Z,SETTLEMENT SET_AC215417,SET_AC215417
BNK_82371FAF,1537440,INR,CREDIT,2026-07-15T22:26:35Z,SETTLEMENT SET_DC7E739C,SET_DC7E739C
BNK_78E46367,1662710,INR,CREDIT,2026-08-23T18:39:13Z,SETTLEMENT SET_F0C29CA8,SET_F0C29CA8
BNK_B5B72A4D,1184862,INR,CREDIT,2026-08-21T09:09:23Z,SETTLEMENT SET_8784E2D0,SET_8784E2D0
BNK_76ECD109,1928098,INR,CREDIT,2026-08-13T08:25:05Z,SETTLEMENT SET_E874272D,SET_E874272D
BNK_7D0BAE02,929924,INR,CREDIT,2026-08-24T13:18:04Z,SETTLEMENT SET_7D1162A5,SET_7D1162A5
BNK_89C1554C,770478,INR,CREDIT,2026-07-09T15:28:55Z,SETTLEMENT SET_A55A132D,SET_A55A132D
BNK_9194DC46,870754,INR,CREDIT,2026-08-04T23:51:13Z,SETTLEMENT SET_866D399C,SET_866D399C
BNK_2139C979,1894607,INR,CREDIT,2026-07-26T07:56:15Z,SETTLEMENT SET_D0897956,SET_D0897956
BNK_CE1BA433,751633,INR,CREDIT,2026-07-16T13:08:38Z,SETTLEMENT SET_0E5AEFB1,SET_0E5AEFB1
BNK_5B86DFB2,1422568,INR,CREDIT,2026-07-14T05:34:25Z,SETTLEMENT SET_ADD9183F,SET_ADD9183F
BNK_CF421830,960973,INR,CREDIT,2026-08-14T06:48:03Z,SETTLEMENT SET_700284BE,SET_700284BE
BNK_BA29A4FF,19724,INR,CREDIT,2026-08-22T13:08:41Z,SETTLEMENT SET_8D069E3F,SET_8D069E3F
BNK_C5966CD5,424473,INR,CREDIT,2026-07-05T21:31:02Z,SETTLEMENT SET_E3C6DA17,SET_E3C6DA17
BNK_D7F623BE,352721,INR,CREDIT,2026-08-21T17:44:06Z,SETTLEMENT SET_B40C57A9,SET_B40C57A9
BNK_4881F154,-42697,INR,CREDIT,2026-07-31T05:00:52Z,SETTLEMENT SET_055D6F5D,SET_055D6F5D
BNK_73CEA012,920450,INR,CREDIT,2026-08-28T10:36:37Z,SETTLEMENT SET_EFAC7F92,SET_EFAC7F92
BNK_08D9B4A2,621369,INR,CREDIT,2026-08-12T22:59:39Z,SETTLEMENT SET_49785A30,SET_49785A30
BNK_BCD0895D,1320484,INR,CREDIT,2026-07-05T08:38:22Z,SETTLEMENT SET_1CDABCC3,SET_1CDABCC3
BNK_6C998164,1198629,INR,CREDIT,2026-08-31T19:21:49Z,SETTLEMENT SET_D9ECB2A3,SET_D9ECB2A3
BNK_9B4D2F6D,1545056,INR,CREDIT,2026-08-22T22:15:20Z,SETTLEMENT SET_5AEC3F9E,SET_5AEC3F9E
BNK_45840F8C,191570,INR,CREDIT,2026-07-21T06:58:04Z,SETTLEMENT SET_EECEEF00,SET_EECEEF00
BNK_D1E2CD19,1216888,INR,CREDIT,2026-07-26T20:31:13Z,SETTLEMENT SET_E994E276,SET_E994E276
BNK_F688796E,1403283,INR,CREDIT,2026-07-08T15:49:06Z,SETTLEMENT SET_A3EE4BFD,SET_A3EE4BFD
BNK_8C297EEE,636027,INR,CREDIT,2026-07-04T19:17:30Z,SETTLEMENT SET_C40D5A6F,SET_C40D5A6F
BNK_FC34985A,670787,INR,CREDIT,2026-09-02T13:05:52Z,SETTLEMENT SET_D140BC70,SET_D140BC70
BNK_31B1E08B,1828309,INR,CREDIT,2026-08-06T08:49:18Z,SETTLEMENT SET_ADABB48F,SET_ADABB48F
BNK_0CA05E00,487224,INR,CREDIT,2026-07-18T07:45:43Z,SETTLEMENT SET_C7EADE67,SET_C7EADE67
BNK_97887237,1778415,INR,CREDIT,2026-08-23T17:07:52Z,SETTLEMENT SET_0FFD6408,SET_0FFD6408
BNK_AB4EA17F,1451614,INR,CREDIT,2026-08-06T03:50:26Z,SETTLEMENT SET_EF03B3A3,SET_EF03B3A3
BNK_D93D15D4,1449954,INR,CREDIT,2026-08-05T22:06:21Z,SETTLEMENT SET_3D968349,SET_3D968349
BNK_6A9AFB73,822032,INR,CREDIT,2026-07-20T09:54:30Z,SETTLEMENT SET_70903A2B,SET_70903A2B
BNK_518A55AF,953821,INR,CREDIT,2026-08-16T06:33:23Z,SETTLEMENT SET_DC55F189,SET_DC55F189
BNK_A01AECD1,1114659,INR,CREDIT,2026-08-04T20:16:23Z,SETTLEMENT SET_A5B7A95A,SET_A5B7A95A
BNK_74A8866B,699005,INR,CREDIT,2026-07-26T15:12:18Z,SETTLEMENT SET_C1E16C68,SET_C1E16C68
BNK_5AAD4EB9,1697717,INR,CREDIT,2026-08-17T08:17:18Z,SETTLEMENT SET_6BADA8A7,SET_6BADA8A7
BNK_4CE55736,759681,INR,CREDIT,2026-07-14T06:42:43Z,SETTLEMENT SET_127BFFCB,SET_127BFFCB
BNK_9920AF26,363612,INR,CREDIT,2026-07-13T02:02:19Z,SETTLEMENT SET_76E5A4CB,SET_76E5A4CB
BNK_5C848082,1236318,INR,CREDIT,2026-07-24T15:31:08Z,SETTLEMENT SET_3B980021,SET_3B980021
BNK_5264B0B2,1188377,INR,CREDIT,2026-07-07T07:55:16Z,SETTLEMENT SET_A806DE59,SET_A806DE59
BNK_A6A4375B,504506,INR,CREDIT,2026-08-30T02:04:53Z,SETTLEMENT SET_902E0D54,SET_902E0D54
BNK_93ECAA2B,-32301,INR,CREDIT,2026-08-27T19:23:30Z,SETTLEMENT SET_B43295DB,SET_B43295DB
BNK_D98170F9,360585,INR,CREDIT,2026-07-08T16:40:41Z,SETTLEMENT SET_086BCD9D,SET_086BCD9D
BNK_B7AAB953,1695519,INR,CREDIT,2026-07-08T18:08:47Z,SETTLEMENT SET_8FF7AFE1,SET_8FF7AFE1
BNK_6CCA4CB2,1407188,INR,CREDIT,2026-08-27T09:37:19Z,SETTLEMENT SET_44C22B13,SET_44C22B13
BNK_E66BCBD5,100081,INR,CREDIT,2026-08-31T13:35:20Z,SETTLEMENT SET_A7D1D2B6,SET_A7D1D2B6
BNK_683714B2,521008,INR,CREDIT,2026-08-15T06:02:08Z,SETTLEMENT SET_AB0A76C7,SET_AB0A76C7
BNK_962AB2B1,14646000,INR,CREDIT,2026-08-13T15:22:22Z,SETTLEMENT SET_FD771EE4,SET_FD771EE4
BNK_8F26E43D,712480,INR,CREDIT,2026-08-23T21:08:44Z,SETTLEMENT SET_D54BC3A6,SET_D54BC3A6
BNK_0BAAB74F,1334446,INR,CREDIT,2026-08-01T15:06:37Z,SETTLEMENT SET_120BF194,SET_120BF194
BNK_EFAC5D91,740307,INR,CREDIT,2026-08-14T07:12:20Z,SETTLEMENT SET_2B8E38E5,SET_2B8E38E5
BNK_2DF58808,93680,INR,CREDIT,2026-07-09T16:49:19Z,SETTLEMENT SET_DA87A7AB,SET_DA87A7AB
BNK_48B6FE10,284554,INR,CREDIT,2026-08-12T18:08:10Z,SETTLEMENT SET_8259D5E5,SET_8259D5E5
BNK_8D5792C6,1682142,INR,CREDIT,2026-07-29T17:42:57Z,SETTLEMENT SET_04B12528,SET_04B12528
BNK_D623AD1B,135037,INR,CREDIT,2026-08-22T06:49:36Z,SETTLEMENT SET_109C6A99,SET_109C6A99
BNK_CD10628A,714530,INR,CREDIT,2026-08-27T18:19:43Z,SETTLEMENT SET_CDEA883F,SET_CDEA883F
BNK_073C9E91,1920091,INR,CREDIT,2026-08-19T14:17:13Z,SETTLEMENT SET_3B7E35C1,SET_3B7E35C1
BNK_CE10F73F,1210541,INR,CREDIT,2026-09-08T02:25:46Z,SETTLEMENT SET_17E031A3,SET_17E031A3
BNK_5C3AA277,58584000,INR,CREDIT,2026-08-19T12:14:47Z,SETTLEMENT SET_5A1F16F2,SET_5A1F16F2
BNK_AAA45DA3,559575,INR,CREDIT,2026-07-15T05:03:45Z,SETTLEMENT SET_E9CD13CA,SET_E9CD13CA
BNK_523F6286,1813856,INR,CREDIT,2026-07-23T17:34:03Z,SETTLEMENT SET_8B98A4E2,SET_8B98A4E2
BNK_0E3B8579,1552574,INR,CREDIT,2026-08-24T22:18:29Z,SETTLEMENT SET_6FE717B1,SET_6FE717B1
BNK_02B3F5C5,254891,INR,CREDIT,2026-07-15T07:31:28Z,SETTLEMENT SET_6D441703,SET_6D441703
BNK_67D68C5C,1275472,INR,CREDIT,2026-08-10T02:18:24Z,SETTLEMENT SET_ABA96DCA,SET_ABA96DCA
BNK_71B32D57,1750998,INR,CREDIT,2026-07-13T09:55:34Z,SETTLEMENT SET_7D4E9DA9,SET_7D4E9DA9
BNK_483B1759,716580,INR,CREDIT,2026-07-22T16:34:09Z,SETTLEMENT SET_20A2359A,SET_20A2359A
BNK_186DD37B,-6718,INR,CREDIT,2026-07-15T17:55:10Z,SETTLEMENT SET_7E08CDBF,SET_7E08CDBF
BNK_C5590BE2,1367546,INR,CREDIT,2026-08-20T03:02:00Z,SETTLEMENT SET_DD33E593,SET_DD33E593
BNK_0485C1F3,476045,INR,CREDIT,2026-08-01T01:57:38Z,SETTLEMENT SET_77BAC247,SET_77BAC247
BNK_0E4A3F8D,1672730,INR,CREDIT,2026-08-22T16:21:56Z,SETTLEMENT SET_75F1654A,SET_75F1654A
BNK_9149EB52,770868,INR,CREDIT,2026-07-13T03:10:22Z,SETTLEMENT SET_0D51262F,SET_0D51262F
BNK_B0E6028D,1297246,INR,CREDIT,2026-07-12T00:46:45Z,SETTLEMENT SET_5F9A7D7D,SET_5F9A7D7D
BNK_A3C18AE6,282766,INR,CREDIT,2026-07-09T16:50:06Z,SETTLEMENT SET_AB18493E,SET_AB18493E
BNK_AAF2BD7B,368299,INR,CREDIT,2026-07-11T23:30:34Z,SETTLEMENT SET_B47A57A7,SET_B47A57A7
BNK_66BC015E,1386684,INR,CREDIT,2026-08-25T17:18:33Z,SETTLEMENT SET_31AD47D5,SET_31AD47D5
BNK_FE4A7AF1,1160257,INR,CREDIT,2026-08-15T06:27:20Z,SETTLEMENT SET_445D173C,SET_445D173C
BNK_B0954280,847516,INR,CREDIT,2026-08-21T14:51:59Z,SETTLEMENT SET_C20AE2AD,SET_C20AE2AD
BNK_F8D9671D,735425,INR,CREDIT,2026-08-14T01:23:43Z,SETTLEMENT SET_BB48F89E,SET_BB48F89E
BNK_F8F02FE3,-26453,INR,CREDIT,2026-07-30T05:10:57Z,SETTLEMENT SET_2710BF6A,SET_2710BF6A
BNK_E6077543,596776,INR,CREDIT,2026-08-24T04:16:08Z,SETTLEMENT SET_3C545941,SET_3C545941
BNK_8FF703A4,1225187,INR,CREDIT,2026-07-20T01:20:05Z,SETTLEMENT SET_A4312483,SET_A4312483
BNK_0E774069,1797943,INR,CREDIT,2026-07-27T16:37:09Z,SETTLEMENT SET_C6DB9E27,SET_C6DB9E27
BNK_CF1883B9,413408,INR,CREDIT,2026-07-20T21:27:22Z,SETTLEMENT SET_69AA528D,SET_69AA528D
BNK_FA9627C8,1291973,INR,CREDIT,2026-08-08T18:18:58Z,SETTLEMENT SET_A44697F8,SET_A44697F8
BNK_281E8C18,1310817,INR,CREDIT,2026-07-11T14:11:21Z,SETTLEMENT SET_ABC5FAD8,SET_ABC5FAD8
BNK_C268B4B2,1500044,INR,CREDIT,2026-07-04T08:05:44Z,SETTLEMENT SET_FDBE8A52,SET_FDBE8A52
BNK_1732CD09,1534999,INR,CREDIT,2026-07-06T21:14:43Z,SETTLEMENT SET_01CE0966,SET_01CE0966
BNK_B28E9A4A,1460204,INR,CREDIT,2026-07-08T19:05:03Z,SETTLEMENT SET_3A5F65B9,SET_3A5F65B9
BNK_6E13DA8F,1598367,INR,CREDIT,2026-08-18T13:04:43Z,SETTLEMENT SET_0DCFECFE,SET_0DCFECFE
BNK_E69DFC54,1108996,INR,CREDIT,2026-09-01T16:31:49Z,SETTLEMENT SET_C7C43D1C,SET_C7C43D1C
BNK_C933EC08,-22835,INR,CREDIT,2026-08-18T21:31:11Z,SETTLEMENT SET_81A0FD01,SET_81A0FD01
BNK_F562762E,1586943,INR,CREDIT,2026-08-12T09:05:45Z,SETTLEMENT SET_A22B8FE7,SET_A22B8FE7
BNK_F0441DB6,1703037,INR,CREDIT,2026-08-23T07:32:13Z,SETTLEMENT SET_59E5D1C1,SET_59E5D1C1
BNK_E010002C,669373,INR,CREDIT,2026-08-13T12:01:21Z,SETTLEMENT SET_DDADD845,SET_DDADD845
BNK_87211A90,1915990,INR,CREDIT,2026-08-04T23:38:13Z,SETTLEMENT SET_6371C356,SET_6371C356
BNK_81124DD4,1679701,INR,CREDIT,2026-07-31T10:07:05Z,SETTLEMENT SET_3E962099,SET_3E962099
BNK_C96A9502,5370200,INR,CREDIT,2026-08-15T08:00:38Z,SETTLEMENT SET_295F2A2B,SET_295F2A2B
BNK_1092FF13,921624,INR,CREDIT,2026-07-25T16:03:54Z,SETTLEMENT SET_55D3EEC7,SET_55D3EEC7
BNK_6D5C3A5A,142653,INR,CREDIT,2026-08-19T03:29:14Z,SETTLEMENT SET_C1E1E052,SET_C1E1E052
BNK_74BC45D7,1677944,INR,CREDIT,2026-08-01T11:53:58Z,SETTLEMENT SET_3217E4ED,SET_3217E4ED
BNK_B718CF5A,1898317,INR,CREDIT,2026-07-21T13:06:44Z,SETTLEMENT SET_EB1F7F72,SET_EB1F7F72
BNK_766521E4,131619,INR,CREDIT,2026-08-20T20:40:44Z,SETTLEMENT SET_511B0364,SET_511B0364
BNK_85455E1C,1751467,INR,CREDIT,2026-09-02T22:59:59Z,SETTLEMENT SET_47BCBFF7,SET_47BCBFF7
BNK_35A29844,1851060,INR,CREDIT,2026-07-27T21:08:23Z,SETTLEMENT SET_1759723D,SET_1759723D
BNK_B864D9C0,1318629,INR,CREDIT,2026-08-01T04:10:59Z,SETTLEMENT SET_C3757191,SET_C3757191
BNK_BC5D4BAD,98324,INR,CREDIT,2026-07-19T15:18:07Z,SETTLEMENT SET_97486D89,SET_97486D89
BNK_126B3081,1638986,INR,CREDIT,2026-07-25T14:45:27Z,SETTLEMENT SET_52866722,SET_52866722
BNK_1EBDBED9,502163,INR,CREDIT,2026-08-10T00:24:51Z,SETTLEMENT SET_4F145E84,SET_4F145E84
BNK_FF2208AB,1044944,INR,CREDIT,2026-08-24T21:29:07Z,SETTLEMENT SET_EAE77F56,SET_EAE77F56
BNK_9E1EE3FB,1263364,INR,CREDIT,2026-08-12T11:01:34Z,SETTLEMENT SET_CC9A1D8A,SET_CC9A1D8A
BNK_0CF3469A,1509905,INR,CREDIT,2026-07-08T03:12:42Z,SETTLEMENT SET_B7872981,SET_B7872981
BNK_AE29CB1C,1286896,INR,CREDIT,2026-07-06T15:05:11Z,SETTLEMENT SET_FF0EE93A,SET_FF0EE93A
BNK_64B390BA,64052,INR,CREDIT,2026-08-07T03:38:44Z,SETTLEMENT SET_92649131,SET_92649131
BNK_B0C6FB88,1511322,INR,CREDIT,2026-07-09T06:15:20Z,SETTLEMENT SET_590A8CE2,SET_590A8CE2
BNK_CA35E4C7,1740238,INR,CREDIT,2026-08-11T17:48:50Z,SETTLEMENT SET_4AC17B53,SET_4AC17B53
BNK_AAD1F24A,120149,INR,CREDIT,2026-08-04T02:11:13Z,SETTLEMENT SET_78201689,SET_78201689
BNK_D9926838,478144,INR,CREDIT,2026-07-05T11:48:21Z,SETTLEMENT SET_2DAD5799,SET_2DAD5799
BNK_63BB941C,1608522,INR,CREDIT,2026-08-06T16:15:21Z,SETTLEMENT SET_5B7048FA,SET_5B7048FA
BNK_29D723A6,402180,INR,CREDIT,2026-07-15T04:34:22Z,SETTLEMENT SET_549BB50E,SET_549BB50E
BNK_786DBFB0,1273667,INR,CREDIT,2026-09-03T16:33:34Z,SETTLEMENT SET_5A316BE8,SET_5A316BE8
BNK_DAFEC40E,1681264,INR,CREDIT,2026-08-27T11:18:26Z,SETTLEMENT SET_9C1326EF,SET_9C1326EF
BNK_E365BC47,1223382,INR,CREDIT,2026-07-04T20:38:57Z,SETTLEMENT SET_3E3323DA,SET_3E3323DA
BNK_C1E61E32,422782,INR,CREDIT,2026-08-27T10:24:59Z,SETTLEMENT SET_7511189A,SET_7511189A
BNK_499B3506,325953,INR,CREDIT,2026-07-05T11:02:39Z,SETTLEMENT SET_C293D58A,SET_C293D58A
BNK_C3779A10,826363,INR,CREDIT,2026-08-26T21:03:16Z,SETTLEMENT SET_99375624,SET_99375624
BNK_B3085E8A,-24293,INR,CREDIT,2026-07-17T00:47:50Z,SETTLEMENT SET_DAA52026,SET_DAA52026
BNK_5DDB1D52,882666,INR,CREDIT,2026-08-22T20:25:18Z,SETTLEMENT SET_FAFABCA3,SET_FAFABCA3
BNK_F0671A8E,335687,INR,CREDIT,2026-08-08T14:45:54Z,SETTLEMENT SET_BE8B1DA2,SET_BE8B1DA2
BNK_6FEE3CBC,611813,INR,CREDIT,2026-07-09T20:44:49Z,SETTLEMENT SET_14FE4AE6,SET_14FE4AE6
BNK_367F8A70,1349481,INR,CREDIT,2026-08-16T13:21:53Z,SETTLEMENT SET_CDAC0AFA,SET_CDAC0AFA
BNK_1334796C,1277913,INR,CREDIT,2026-07-27T15:05:40Z,SETTLEMENT SET_47E85B61,SET_47E85B61
BNK_DCF842AD,1124618,INR,CREDIT,2026-07-17T21:20:56Z,SETTLEMENT SET_1C9F38AF,SET_1C9F38AF
BNK_C0DB7824,-16543,INR,CREDIT,2026-07-30T01:43:53Z,SETTLEMENT SET_F7AFE0EC,SET_F7AFE0EC
BNK_E9F98B1F,1771776,INR,CREDIT,2026-08-08T15:19:40Z,SETTLEMENT SET_0D1BA8F7,SET_0D1BA8F7
BNK_2A6B5350,312351,INR,CREDIT,2026-07-17T07:04:10Z,SETTLEMENT SET_D42478D9,SET_D42478D9
BNK_BAFEB51B,350430,INR,CREDIT,2026-08-20T20:05:39Z,SETTLEMENT SET_87122301,SET_87122301
BNK_D67D7190,1733403,INR,CREDIT,2026-08-27T20:35:43Z,SETTLEMENT SET_6E8EE472,SET_6E8EE472
BNK_B658A203,29292000,INR,CREDIT,2026-08-22T23:47:31Z,SETTLEMENT SET_3CFAD17B,SET_3CFAD17B
BNK_B57A4642,23044,INR,CREDIT,2026-08-17T16:58:09Z,SETTLEMENT SET_F62BA67D,SET_F62BA67D
BNK_160F1C5F,567777,INR,CREDIT,2026-07-17T22:53:47Z,SETTLEMENT SET_71F7A851,SET_71F7A851
BNK_A919C62C,870344,INR,CREDIT,2026-07-31T14:59:55Z,SETTLEMENT SET_3F0C8FB1,SET_3F0C8FB1
BNK_FC3E40CB,1501215,INR,CREDIT,2026-07-20T04:57:07Z,SETTLEMENT SET_A9957048,SET_A9957048
BNK_E8CC8054,1880645,INR,CREDIT,2026-08-03T04:09:25Z,SETTLEMENT SET_4AE8E167,SET_4AE8E167
BNK_5581BAE7,1123251,INR,CREDIT,2026-09-03T04:15:39Z,SETTLEMENT SET_A467620B,SET_A467620B
BNK_1E97CB29,1273714,INR,CREDIT,2026-07-14T04:50:41Z,SETTLEMENT SET_B4387873,SET_B4387873
BNK_AC506920,350919,INR,CREDIT,2026-08-20T06:55:35Z,SETTLEMENT SET_2220F09F,SET_2220F09F
BNK_BDC3DAF2,977767,INR,CREDIT,2026-08-29T10:07:43Z,SETTLEMENT SET_A423B18B,SET_A423B18B
BNK_677EE65A,5370200,INR,CREDIT,2026-08-16T01:31:14Z,SETTLEMENT SET_A80E70D1,SET_A80E70D1
BNK_E85ECCCA,1374967,INR,CREDIT,2026-09-01T07:02:32Z,SETTLEMENT SET_3690CA9E,SET_3690CA9E
BNK_D38B2961,651064,INR,CREDIT,2026-09-06T14:14:11Z,SETTLEMENT SET_728C8C8C,SET_728C8C8C
BNK_C3628C69,843220,INR,CREDIT,2026-08-03T14:04:06Z,SETTLEMENT SET_6D9E9A34,SET_6D9E9A34
BNK_92F6B515,368494,INR,CREDIT,2026-07-30T07:59:12Z,SETTLEMENT SET_0B210CAE,SET_0B210CAE
BNK_2537C019,622358,INR,CREDIT,2026-09-03T02:35:41Z,SETTLEMENT SET_7611DCC8,SET_7611DCC8
BNK_0A370B23,191765,INR,CREDIT,2026-07-14T08:42:50Z,SETTLEMENT SET_52F583AD,SET_52F583AD
BNK_DBB8306D,1777830,INR,CREDIT,2026-07-21T04:14:16Z,SETTLEMENT SET_0BAC27DD,SET_0BAC27DD
BNK_FE5FB2F4,58584000,INR,CREDIT,2026-07-31T08:55:39Z,SETTLEMENT SET_4B828EE7,SET_4B828EE7
BNK_8A626CAA,779751,INR,CREDIT,2026-07-12T05:50:49Z,SETTLEMENT SET_853BDEEA,SET_853BDEEA
BNK_D6EBAE1E,1091811,INR,CREDIT,2026-08-01T03:03:31Z,SETTLEMENT SET_A5F4B354,SET_A5F4B354
BNK_7727245A,694221,INR,CREDIT,2026-07-24T08:09:59Z,SETTLEMENT SET_D5F26AE1,SET_D5F26AE1
BNK_B23091ED,266555,INR,CREDIT,2026-08-24T09:59:01Z,SETTLEMENT SET_1DE15BD6,SET_1DE15BD6
BNK_68B9288B,641300,INR,CREDIT,2026-07-31T17:22:30Z,SETTLEMENT SET_4A8D0558,SET_4A8D0558
BNK_7A80BECF,1700011,INR,CREDIT,2026-08-17T06:16:58Z,SETTLEMENT SET_EA83840C,SET_EA83840C
BNK_3E10466D,954627,INR,CREDIT,2026-08-02T20:57:39Z,SETTLEMENT SET_E3AA4AB2,SET_E3AA4AB2
BNK_352D3BE2,834237,INR,CREDIT,2026-08-30T12:30:46Z,SETTLEMENT SET_332C83C8,SET_332C83C8
BNK_A8B18B15,1016433,INR,CREDIT,2026-07-03T00:10:54Z,SETTLEMENT SET_6CD17C4C,SET_6CD17C4C
BNK_10A4800E,14646000,INR,CREDIT,2026-07-20T20:40:35Z,SETTLEMENT SET_62F01C36,SET_62F01C36
BNK_F7A9BDC1,1854575,INR,CREDIT,2026-07-05T12:35:49Z,SETTLEMENT SET_ABD8A2A5,SET_ABD8A2A5
BNK_F6D93124,1888260,INR,CREDIT,2026-07-20T18:12:44Z,SETTLEMENT SET_E85C6284,SET_E85C6284
BNK_A7A621A9,1869416,INR,CREDIT,2026-07-06T21:55:05Z,SETTLEMENT SET_16969F51,SET_16969F51
BNK_A2EAB214,757196,INR,CREDIT,2026-07-19T12:16:07Z,SETTLEMENT SET_85410D6D,SET_85410D6D
BNK_9DD40B0A,1771776,INR,CREDIT,2026-08-07T07:37:30Z,SETTLEMENT SET_647A8EBF,SET_647A8EBF
BNK_29084581,1601296,INR,CREDIT,2026-08-22T13:43:11Z,SETTLEMENT SET_3EB7FFB3,SET_3EB7FFB3
BNK_11CE95B6,1670621,INR,CREDIT,2026-09-01T12:31:30Z,SETTLEMENT SET_41023EA2,SET_41023EA2
BNK_7CF3E1FF,1034787,INR,CREDIT,2026-07-03T05:56:45Z,SETTLEMENT SET_CDF931BB,SET_CDF931BB
BNK_2C6E0FAD,137673,INR,CREDIT,2026-08-30T05:02:27Z,SETTLEMENT SET_E2831DC5,SET_E2831DC5
BNK_4C36ED9A,1269028,INR,CREDIT,2026-07-24T03:51:26Z,SETTLEMENT SET_921FC1C4,SET_921FC1C4
BNK_B332DAB7,128202,INR,CREDIT,2026-08-11T19:49:22Z,SETTLEMENT SET_281A6D08,SET_281A6D08
BNK_B07E9DFF,988703,INR,CREDIT,2026-07-03T09:27:35Z,SETTLEMENT SET_17258C58,SET_17258C58
BNK_42BACC53,1482762,INR,CREDIT,2026-08-21T10:20:37Z,SETTLEMENT SET_D999907C,SET_D999907C
BNK_C9064052,1537538,INR,CREDIT,2026-08-23T10:04:52Z,SETTLEMENT SET_24CD4F5C,SET_24CD4F5C
BNK_F68846FF,1841100,INR,CREDIT,2026-07-29T00:16:50Z,SETTLEMENT SET_AE8DC30A,SET_AE8DC30A
BNK_6B34DFD7,73035,INR,CREDIT,2026-08-12T06:23:54Z,SETTLEMENT SET_A55A65D4,SET_A55A65D4
BNK_F123E1A8,1334692,INR,CREDIT,2026-07-10T19:17:17Z,SETTLEMENT SET_30DCC502,SET_30DCC502
BNK_22206FB4,89341,INR,CREDIT,2026-09-07T04:01:29Z,SETTLEMENT SET_39FAD99D,SET_39FAD99D
BNK_F6FF3D98,697538,INR,CREDIT,2026-09-01T12:49:17Z,SETTLEMENT SET_ED590A87,SET_ED590A87
BNK_B7A5956D,803968,INR,CREDIT,2026-07-29T02:02:27Z,SETTLEMENT SET_59CC5258,SET_59CC5258
BNK_D9782FE0,203189,INR,CREDIT,2026-07-28T16:34:27Z,SETTLEMENT SET_8421D4F1,SET_8421D4F1
BNK_36BFB995,814437,INR,CREDIT,2026-09-02T00:11:46Z,SETTLEMENT SET_E04B282D,SET_E04B282D
BNK_6B4CDC0D,1463234,INR,CREDIT,2026-08-23T06:38:01Z,SETTLEMENT SET_E0D7023B,SET_E0D7023B
BNK_D512A541,1042796,INR,CREDIT,2026-07-04T07:27:33Z,SETTLEMENT SET_D0056C12,SET_D0056C12
BNK_D422F6C5,241964,INR,CREDIT,2026-09-01T22:53:23Z,SETTLEMENT SET_BBCB5079,SET_BBCB5079
BNK_9A715498,1941962,INR,CREDIT,2026-07-26T08:56:54Z,SETTLEMENT SET_770BD033,SET_770BD033
BNK_78FAD8CA,1023854,INR,CREDIT,2026-08-11T11:04:36Z,SETTLEMENT SET_6744859B,SET_6744859B
BNK_8534257E,1588601,INR,CREDIT,2026-07-16T16:19:19Z,SETTLEMENT SET_7756D479,SET_7756D479
BNK_5FD37BAE,303368,INR,CREDIT,2026-07-22T20:57:18Z,SETTLEMENT SET_1D09F6E2,SET_1D09F6E2
BNK_545E8002,1035961,INR,CREDIT,2026-08-31T11:11:11Z,SETTLEMENT SET_137F7464,SET_137F7464
BNK_84AAEB60,555767,INR,CREDIT,2026-08-19T10:43:08Z,SETTLEMENT SET_2B7E0314,SET_2B7E0314
BNK_C10A0116,1120127,INR,CREDIT,2026-07-19T07:36:10Z,SETTLEMENT SET_400C053E,SET_400C053E
BNK_57CA8C75,730250,INR,CREDIT,2026-08-12T19:44:49Z,SETTLEMENT SET_8DC6B9E6,SET_8DC6B9E6
BNK_AEE7E4EA,922406,INR,CREDIT,2026-07-17T13:51:57Z,SETTLEMENT SET_82B5C077,SET_82B5C077
BNK_9B3ED8A0,217933,INR,CREDIT,2026-08-26T16:29:48Z,SETTLEMENT SET_B6370D69,SET_B6370D69
BNK_9FA871AD,188941,INR,CREDIT,2026-08-31T17:07:35Z,SETTLEMENT SET_7C8F7FAD,SET_7C8F7FAD
BNK_47B47093,1250252,INR,CREDIT,2026-07-17T13:24:04Z,SETTLEMENT SET_7848D7CF,SET_7848D7CF
BNK_2E28556E,1093861,INR,CREDIT,2026-08-28T05:10:23Z,SETTLEMENT SET_C1DABEEB,SET_C1DABEEB
BNK_DC7F5F9A,134744,INR,CREDIT,2026-07-15T01:05:08Z,SETTLEMENT SET_127E52B6,SET_127E52B6
BNK_7886075D,1151957,INR,CREDIT,2026-08-12T20:08:26Z,SETTLEMENT SET_D779B707,SET_D779B707
BNK_327AE0E6,1129500,INR,CREDIT,2026-07-04T01:41:24Z,SETTLEMENT SET_7464A7EE,SET_7464A7EE
BNK_7577CB3A,413408,INR,CREDIT,2026-07-25T03:12:06Z,SETTLEMENT SET_E5214912,SET_E5214912
BNK_CF37D152,1047287,INR,CREDIT,2026-07-16T06:13:04Z,SETTLEMENT SET_539EDADB,SET_539EDADB
BNK_C4E0BF85,1627950,INR,CREDIT,2026-08-27T13:50:53Z,SETTLEMENT SET_A6E684E9,SET_A6E684E9
BNK_5FEC7BB8,566167,INR,CREDIT,2026-08-06T15:44:59Z,SETTLEMENT SET_6BB35016,SET_6BB35016
BNK_4184156A,425370,INR,CREDIT,2026-07-16T23:43:35Z,SETTLEMENT SET_B33155A1,SET_B33155A1
BNK_7B389D9A,142457,INR,CREDIT,2026-07-20T16:52:34Z,SETTLEMENT SET_EFD01D34,SET_EFD01D34
BNK_F7AB71D3,1004228,INR,CREDIT,2026-08-17T08:14:16Z,SETTLEMENT SET_4E7BEF2A,SET_4E7BEF2A
BNK_6E18EF78,1519865,INR,CREDIT,2026-07-25T11:01:33Z,SETTLEMENT SET_A7581A32,SET_A7581A32
BNK_9F962521,-21433,INR,CREDIT,2026-07-12T06:28:50Z,SETTLEMENT SET_AE775792,SET_AE775792
BNK_E3FBFC82,1585381,INR,CREDIT,2026-08-30T19:39:07Z,SETTLEMENT SET_0959A9D0,SET_0959A9D0
BNK_FA8059FD,1935163,INR,CREDIT,2026-07-16T19:16:38Z,SETTLEMENT SET_2FC9D439,SET_2FC9D439
BNK_16A4BC82,1853696,INR,CREDIT,2026-08-26T13:09:52Z,SETTLEMENT SET_0A818D48,SET_0A818D48
BNK_ACAA90BA,234777,INR,CREDIT,2026-07-08T08:22:19Z,SETTLEMENT SET_247BAD98,SET_247BAD98
BNK_7190AE5E,-40268,INR,CREDIT,2026-07-19T08:21:39Z,SETTLEMENT SET_478CB493,SET_478CB493
BNK_A0B473ED,-26082,INR,CREDIT,2026-08-10T20:34:35Z,SETTLEMENT SET_7B1D2FF2,SET_7B1D2FF2
BNK_EDE14246,1081852,INR,CREDIT,2026-08-26T14:42:47Z,SETTLEMENT SET_97B89D5F,SET_97B89D5F
BNK_F00E5EAE,1580792,INR,CREDIT,2026-09-02T14:54:29Z,SETTLEMENT SET_A9838507,SET_A9838507
BNK_6281A3DC,426978,INR,CREDIT,2026-07-17T03:35:42Z,SETTLEMENT SET_1192BCBB,SET_1192BCBB
BNK_33CFD2DF,1159768,INR,CREDIT,2026-08-21T11:23:21Z,SETTLEMENT SET_25D4E900,SET_25D4E900
BNK_7A133F65,1900027,INR,CREDIT,2026-08-04T11:37:29Z,SETTLEMENT SET_7FBBA725,SET_7FBBA725
BNK_6BC2DEBE,1383193,INR,CREDIT,2026-07-17T03:36:29Z,SETTLEMENT SET_6860F287,SET_6860F287
BNK_B7BDB3C3,1920286,INR,CREDIT,2026-07-15T08:33:13Z,SETTLEMENT SET_D13232FF,SET_D13232FF
BNK_51048E35,900925,INR,CREDIT,2026-07-27T11:34:35Z,SETTLEMENT SET_CD13E1F2,SET_CD13E1F2
BNK_88190D17,393526,INR,CREDIT,2026-08-03T09:36:39Z,SETTLEMENT SET_74C99A96,SET_74C99A96
BNK_FA158A57,1072869,INR,CREDIT,2026-08-20T06:08:34Z,SETTLEMENT SET_9A069AD4,SET_9A069AD4
BNK_A026521D,720486,INR,CREDIT,2026-08-17T01:36:59Z,SETTLEMENT SET_4A6880EE,SET_4A6880EE
BNK_831C5B3F,803160,INR,CREDIT,2026-08-07T12:00:09Z,SETTLEMENT SET_D973BB15,SET_D973BB15
BNK_1CB7EE5C,225354,INR,CREDIT,2026-08-21T03:22:43Z,SETTLEMENT SET_E566CE48,SET_E566CE48
BNK_D7E0C8B7,770771,INR,CREDIT,2026-08-13T13:26:44Z,SETTLEMENT SET_63BA8562,SET_63BA8562
BNK_5E47C75D,10741,INR,CREDIT,2026-08-07T21:23:44Z,SETTLEMENT SET_36318819,SET_36318819
BNK_38B9B4C0,738842,INR,CREDIT,2026-08-04T18:24:54Z,SETTLEMENT SET_A33B6ADB,SET_A33B6ADB
BNK_4482D07E,175362,INR,CREDIT,2026-08-27T14:21:49Z,SETTLEMENT SET_52C6E623,SET_52C6E623
BNK_EBE9E489,1765136,INR,CREDIT,2026-08-12T06:50:08Z,SETTLEMENT SET_39C590C9,SET_39C590C9
BNK_261D644F,1257018,INR,CREDIT,2026-07-11T06:14:40Z,SETTLEMENT SET_AC46C7B9,SET_AC46C7B9
BNK_AB074178,1700499,INR,CREDIT,2026-07-20T02:26:54Z,SETTLEMENT SET_899D0C5F,SET_899D0C5F
BNK_34A6172C,337151,INR,CREDIT,2026-07-23T21:17:23Z,SETTLEMENT SET_CEEDFC0D,SET_CEEDFC0D
BNK_CE40F21C,-27265,INR,CREDIT,2026-08-26T02:58:54Z,SETTLEMENT SET_5B51D16F,SET_5B51D16F
BNK_B289D460,1280061,INR,CREDIT,2026-07-03T06:59:48Z,SETTLEMENT SET_6570EB66,SET_6570EB66
BNK_346537C2,437574,INR,CREDIT,2026-07-24T19:50:43Z,SETTLEMENT SET_A6041330,SET_A6041330
BNK_2F170E5F,676939,INR,CREDIT,2026-08-09T20:26:32Z,SETTLEMENT SET_877EA85E,SET_877EA85E
BNK_B1E0971E,677329,INR,CREDIT,2026-07-03T00:57:10Z,SETTLEMENT SET_FDE67576,SET_FDE67576
BNK_5FF23336,172237,INR,CREDIT,2026-08-25T08:22:20Z,SETTLEMENT SET_2D2A0182,SET_2D2A0182
BNK_EF9B82DC,700567,INR,CREDIT,2026-07-24T20:16:53Z,SETTLEMENT SET_1181F76F,SET_1181F76F
BNK_1AE2C700,742943,INR,CREDIT,2026-08-09T03:26:40Z,SETTLEMENT SET_63A3CD5B,SET_63A3CD5B
BNK_A1575C07,12311,INR,CREDIT,2026-08-04T19:21:49Z,SETTLEMENT SET_EE0EAA70,SET_EE0EAA70
BNK_6425363A,1230460,INR,CREDIT,2026-07-09T07:51:10Z,SETTLEMENT SET_F18FBF1B,SET_F18FBF1B
BNK_A8F5337D,982259,INR,CREDIT,2026-07-13T17:46:00Z,SETTLEMENT SET_CE9746D0,SET_CE9746D0
BNK_19478343,497183,INR,CREDIT,2026-08-10T12:52:18Z,SETTLEMENT SET_60075DF6,SET_60075DF6
BNK_BB9EA612,175655,INR,CREDIT,2026-07-29T18:43:35Z,SETTLEMENT SET_63A98187,SET_63A98187
BNK_CAAF6240,502163,INR,CREDIT,2026-07-22T09:23:26Z,SETTLEMENT SET_49429995,SET_49429995
BNK_4AF944B5,1637619,INR,CREDIT,2026-08-08T00:03:34Z,SETTLEMENT SET_97D4934D,SET_97D4934D
BNK_167E9B6C,1812394,INR,CREDIT,2026-08-14T08:37:29Z,SETTLEMENT SET_E48B2A4F,SET_E48B2A4F
BNK_7A138B1B,1524551,INR,CREDIT,2026-07-26T16:48:13Z,SETTLEMENT SET_D4BDE1A8,SET_D4BDE1A8
BNK_7E3F9212,1768944,INR,CREDIT,2026-08-21T22:21:21Z,SETTLEMENT SET_8D5A3E8C,SET_8D5A3E8C
BNK_7037CD6A,1796576,INR,CREDIT,2026-08-29T19:16:57Z,SETTLEMENT SET_8F8F7627,SET_8F8F7627
BNK_24029B51,404523,INR,CREDIT,2026-07-21T21:56:40Z,SETTLEMENT SET_E7EFFD54,SET_E7EFFD54
BNK_D58093A6,304247,INR,CREDIT,2026-07-08T11:07:40Z,SETTLEMENT SET_EE28D37B,SET_EE28D37B
BNK_1F0AF89A,-1871,INR,CREDIT,2026-08-02T16:46:20Z,SETTLEMENT SET_8DE4E6F6,SET_8DE4E6F6
BNK_7471D7A8,1291289,INR,CREDIT,2026-08-24T09:28:31Z,SETTLEMENT SET_B47CBD9D,SET_B47CBD9D
BNK_3931CF07,607809,INR,CREDIT,2026-07-20T07:20:06Z,SETTLEMENT SET_DAA1BE17,SET_DAA1BE17
BNK_AD8CE4A1,720193,INR,CREDIT,2026-08-19T20:23:16Z,SETTLEMENT SET_6CB71F47,SET_6CB71F47
BNK_CC268803,50452,INR,CREDIT,2026-08-17T16:00:07Z,SETTLEMENT SET_FB73D070,SET_FB73D070
BNK_8414CF5E,1043674,INR,CREDIT,2026-07-11T22:01:14Z,SETTLEMENT SET_24D66BDB,SET_24D66BDB
BNK_95F983B3,1763281,INR,CREDIT,2026-07-24T00:38:53Z,SETTLEMENT SET_3D850077,SET_3D850077
BNK_3593BED3,82897,INR,CREDIT,2026-08-11T20:53:54Z,SETTLEMENT SET_B4CB01B8,SET_B4CB01B8
BNK_24B009A7,1789937,INR,CREDIT,2026-08-10T06:33:53Z,SETTLEMENT SET_19567CCD,SET_19567CCD
BNK_C7709AAA,539069,INR,CREDIT,2026-08-05T14:06:51Z,SETTLEMENT SET_D2D058E9,SET_D2D058E9
BNK_F66E295D,219007,INR,CREDIT,2026-08-14T14:43:36Z,SETTLEMENT SET_6EC4FA37,SET_6EC4FA37
BNK_C9F07616,1305057,INR,CREDIT,2026-08-11T21:42:54Z,SETTLEMENT SET_5BC23967,SET_5BC23967
BNK_C809A1FD,297021,INR,CREDIT,2026-07-09T16:41:00Z,SETTLEMENT SET_22B86B2D,SET_22B86B2D
BNK_B8C53B7D,391342,INR,CREDIT,2026-08-13T17:03:38Z,SETTLEMENT SET_1957F662,SET_1957F662
BNK_63C24712,689389,INR,CREDIT,2026-07-30T05:57:08Z,SETTLEMENT SET_E9533C09,SET_E9533C09
BNK_6720D61D,-35079,INR,CREDIT,2026-07-23T11:43:50Z,SETTLEMENT SET_5822E518,SET_5822E518
BNK_13FFFF3A,1246863,INR,CREDIT,2026-08-25T08:24:49Z,SETTLEMENT SET_D2040C64,SET_D2040C64
BNK_E01AF926,595882,INR,CREDIT,2026-09-01T10:23:54Z,SETTLEMENT SET_DE187F28,SET_DE187F28
BNK_430092D5,524911,INR,CREDIT,2026-08-24T10:17:52Z,SETTLEMENT SET_3F066042,SET_3F066042
BNK_15B5E775,343498,INR,CREDIT,2026-08-31T08:48:12Z,SETTLEMENT SET_F13573CB,SET_F13573CB
BNK_5367D8C6,1652217,INR,CREDIT,2026-07-27T14:33:53Z,SETTLEMENT SET_8620F37C,SET_8620F37C
BNK_F4FDE6CC,214246,INR,CREDIT,2026-08-27T02:06:36Z,SETTLEMENT SET_73D33D82,SET_73D33D82
BNK_4469F06E,1653727,INR,CREDIT,2026-07-31T02:22:05Z,SETTLEMENT SET_5E78ED26,SET_5E78ED26
BNK_2D3E7257,572561,INR,CREDIT,2026-08-22T10:52:04Z,SETTLEMENT SET_1039EBA4,SET_1039EBA4
BNK_54F28B5D,163352,INR,CREDIT,2026-08-10T04:20:36Z,SETTLEMENT SET_BD07FAC8,SET_BD07FAC8
BNK_F6C784AE,1255260,INR,CREDIT,2026-08-10T23:06:54Z,SETTLEMENT SET_C31F415B,SET_C31F415B
BNK_4AC54859,1822061,INR,CREDIT,2026-07-31T17:22:22Z,SETTLEMENT SET_818C23E0,SET_818C23E0
BNK_D7A76E7D,45694,INR,CREDIT,2026-09-02T03:48:14Z,SETTLEMENT SET_AE196137,SET_AE196137
BNK_3D7BE457,369911,INR,CREDIT,2026-07-13T06:46:20Z,SETTLEMENT SET_5E99C5BF,SET_5E99C5BF
BNK_783799CC,25387,INR,CREDIT,2026-08-04T14:15:56Z,SETTLEMENT SET_B780B312,SET_B780B312
BNK_67306871,1454641,INR,CREDIT,2026-09-03T08:44:12Z,SETTLEMENT SET_D5EDC810,SET_D5EDC810
BNK_AA0A2A6D,-19887,INR,CREDIT,2026-08-15T10:08:10Z,SETTLEMENT SET_7FF73CD2,SET_7FF73CD2
BNK_514A1930,1595243,INR,CREDIT,2026-07-03T07:04:53Z,SETTLEMENT SET_B0266052,SET_B0266052
BNK_BBACF7B5,-37703,INR,CREDIT,2026-08-09T00:00:37Z,SETTLEMENT SET_463DC5EC,SET_463DC5EC
BNK_AF6F8FE2,1731841,INR,CREDIT,2026-08-21T17:00:46Z,SETTLEMENT SET_CF0CF2AB,SET_CF0CF2AB
BNK_B530685D,1257043,INR,CREDIT,2026-07-18T04:46:18Z,SETTLEMENT SET_A4D693E2,SET_A4D693E2
BNK_12AA385F,601903,INR,CREDIT,2026-07-11T01:52:22Z,SETTLEMENT SET_26C36458,SET_26C36458
BNK_4C126B16,1611842,INR,CREDIT,2026-07-12T18:11:38Z,SETTLEMENT SET_B46BF1A6,SET_B46BF1A6
BNK_46AC7B03,1498482,INR,CREDIT,2026-08-03T14:42:24Z,SETTLEMENT SET_47809C9D,SET_47809C9D
BNK_6EF7C164,397883,INR,CREDIT,2026-07-05T12:34:22Z,SETTLEMENT SET_C7EC4A99,SET_C7EC4A99
BNK_44EDCA20,904197,INR,CREDIT,2026-07-14T15:20:43Z,SETTLEMENT SET_E72CC43E,SET_E72CC43E
BNK_4E896062,501870,INR,CREDIT,2026-08-12T01:33:01Z,SETTLEMENT SET_F96C6578,SET_F96C6578
BNK_9BA2032B,400617,INR,CREDIT,2026-08-29T18:39:04Z,SETTLEMENT SET_0588575E,SET_0588575E
BNK_2F37DDD9,243710,INR,CREDIT,2026-08-01T14:33:42Z,SETTLEMENT SET_BF8DBF8F,SET_BF8DBF8F
BNK_0333FF7B,488641,INR,CREDIT,2026-08-19T03:42:16Z,SETTLEMENT SET_B13D41CB,SET_B13D41CB
BNK_4A35AE75,1442339,INR,CREDIT,2026-08-29T16:06:57Z,SETTLEMENT SET_363F3065,SET_363F3065
BNK_1C9032FB,1150786,INR,CREDIT,2026-08-10T23:41:51Z,SETTLEMENT SET_1B8DD929,SET_1B8DD929
BNK_BC9452C6,918109,INR,CREDIT,2026-09-01T11:27:56Z,SETTLEMENT SET_CE332EB3,SET_CE332EB3
BNK_B9526C86,1046025,INR,CREDIT,2026-07-17T12:17:33Z,SETTLEMENT SET_47CDFCA7,SET_47CDFCA7
BNK_6828651F,806947,INR,CREDIT,2026-08-29T22:29:49Z,SETTLEMENT SET_79F9A76B,SET_79F9A76B
BNK_BE62EBCB,1126180,INR,CREDIT,2026-08-06T18:39:21Z,SETTLEMENT SET_28550694,SET_28550694
BNK_6A2C5914,-573,INR,CREDIT,2026-08-26T04:41:40Z,SETTLEMENT SET_5FE01670,SET_5FE01670
BNK_C7DDCD1F,549666,INR,CREDIT,2026-07-03T06:44:30Z,SETTLEMENT SET_FABF27BE,SET_FABF27BE
BNK_7B5904AC,335882,INR,CREDIT,2026-07-04T21:10:34Z,SETTLEMENT SET_A899E352,SET_A899E352
BNK_FB7646A5,1875227,INR,CREDIT,2026-07-13T21:47:40Z,SETTLEMENT SET_FFADE3F9,SET_FFADE3F9
BNK_88AFB6B2,-15769,INR,CREDIT,2026-08-17T11:38:20Z,SETTLEMENT SET_371F7E08,SET_371F7E08
BNK_D6047583,1074624,INR,CREDIT,2026-09-03T18:14:50Z,SETTLEMENT SET_00B04A6D,SET_00B04A6D
BNK_192AC9A6,716580,INR,CREDIT,2026-07-25T10:14:34Z,SETTLEMENT SET_9B75ECBB,SET_9B75ECBB
BNK_6E699076,995050,INR,CREDIT,2026-07-03T05:03:16Z,SETTLEMENT SET_4F5EA834,SET_4F5EA834
BNK_429B1377,-32284,INR,CREDIT,2026-07-08T09:43:03Z,SETTLEMENT SET_B0305036,SET_B0305036
BNK_45A97F4B,194499,INR,CREDIT,2026-07-16T13:32:34Z,SETTLEMENT SET_9B186BBC,SET_9B186BBC
BNK_EEA4D72E,486248,INR,CREDIT,2026-08-15T01:52:33Z,SETTLEMENT SET_B376B9BC,SET_B376B9BC
BNK_F2D91C63,1866927,INR,CREDIT,2026-08-08T15:10:29Z,SETTLEMENT SET_53757D27,SET_53757D27
BNK_BC32E4A4,127614,INR,CREDIT,2026-08-10T00:14:17Z,SETTLEMENT SET_38BA40F6,SET_38BA40F6
BNK_C0B3E53A,316549,INR,CREDIT,2026-08-14T22:36:43Z,SETTLEMENT SET_8A290D07,SET_8A290D07
BNK_F8711EEE,868118,INR,CREDIT,2026-08-27T12:08:40Z,SETTLEMENT SET_762DF219,SET_762DF219
BNK_2F6ECFF6,1806338,INR,CREDIT,2026-08-04T21:38:26Z,SETTLEMENT SET_C0F2CB70,SET_C0F2CB70
BNK_155A7520,107112,INR,CREDIT,2026-08-22T09:51:21Z,SETTLEMENT SET_3713EA5F,SET_3713EA5F
BNK_AA2FE009,1142096,INR,CREDIT,2026-08-02T22:40:27Z,SETTLEMENT SET_223F85A3,SET_223F85A3
BNK_322E24B2,-23897,INR,CREDIT,2026-08-11T12:58:55Z,SETTLEMENT SET_80E11536,SET_80E11536
BNK_A4C96DE0,620698,INR,CREDIT,2026-07-04T23:03:10Z,SETTLEMENT SET_DAA2D48B,SET_DAA2D48B
BNK_9D270AA0,201334,INR,CREDIT,2026-07-27T22:50:42Z,SETTLEMENT SET_5DA76BF2,SET_5DA76BF2
BNK_65179C89,1192478,INR,CREDIT,2026-07-18T18:40:15Z,SETTLEMENT SET_931B4C90,SET_931B4C90
BNK_6DB9BEF6,1124325,INR,CREDIT,2026-07-06T05:57:10Z,SETTLEMENT SET_7113F281,SET_7113F281
BNK_5F8C5660,983235,INR,CREDIT,2026-08-15T10:56:59Z,SETTLEMENT SET_B7F56530,SET_B7F56530
BNK_111E748E,662244,INR,CREDIT,2026-08-11T05:50:02Z,SETTLEMENT SET_7556ACA7,SET_7556ACA7
BNK_9BCE1FB9,1419784,INR,CREDIT,2026-08-15T21:23:11Z,SETTLEMENT SET_7DCD398E,SET_7DCD398E
BNK_909AB04C,1842272,INR,CREDIT,2026-08-01T02:15:18Z,SETTLEMENT SET_2E8D4078,SET_2E8D4078
BNK_C19DA47C,354336,INR,CREDIT,2026-08-24T13:44:12Z,SETTLEMENT SET_9D99B2B6,SET_9D99B2B6
BNK_81637B69,183368,INR,CREDIT,2026-08-15T08:31:36Z,SETTLEMENT SET_EB3AC0D4,SET_EB3AC0D4
BNK_B86222C9,179025,INR,CREDIT,2026-07-29T11:18:20Z,SETTLEMENT SET_801E9AA3,SET_801E9AA3
BNK_2B40992A,1074919,INR,CREDIT,2026-07-14T11:10:25Z,SETTLEMENT SET_12990ADD,SET_12990ADD
BNK_C428BA17,1837585,INR,CREDIT,2026-08-17T17:38:18Z,SETTLEMENT SET_2AA64B08,SET_2AA64B08
BNK_0A914689,1473388,INR,CREDIT,2026-08-29T18:39:48Z,SETTLEMENT SET_324B6FC1,SET_324B6FC1
BNK_3617C1EA,584669,INR,CREDIT,2026-08-27T02:20:45Z,SETTLEMENT SET_1A6F6FAA,SET_1A6F6FAA
BNK_4BE167ED,469747,INR,CREDIT,2026-07-07T03:39:27Z,SETTLEMENT SET_80350637,SET_80350637
BNK_D98662A0,1369694,INR,CREDIT,2026-07-04T21:22:25Z,SETTLEMENT SET_8C70F867,SET_8C70F867
BNK_0A958FB5,1298905,INR,CREDIT,2026-07-19T15:13:40Z,SETTLEMENT SET_45AA6C95,SET_45AA6C95
BNK_A371FCBC,1267856,INR,CREDIT,2026-07-17T17:28:30Z,SETTLEMENT SET_0C96299C,SET_0C96299C
BNK_0762AF50,29292000,INR,CREDIT,2026-07-25T03:51:38Z,SETTLEMENT SET_DC5B3B9E,SET_DC5B3B9E
BNK_36604B17,376404,INR,CREDIT,2026-08-28T14:32:25Z,SETTLEMENT SET_2402BEF9,SET_2402BEF9
BNK_84FF970A,1691125,INR,CREDIT,2026-07-22T07:35:28Z,SETTLEMENT SET_F19E7809,SET_F19E7809
BNK_814099C0,1473779,INR,CREDIT,2026-07-09T11:21:54Z,SETTLEMENT SET_B1BE8474,SET_B1BE8474
BNK_CBAC2692,481561,INR,CREDIT,2026-07-19T01:19:34Z,SETTLEMENT SET_A2B87FE8,SET_A2B87FE8
BNK_7879DB8E,1925168,INR,CREDIT,2026-08-01T00:54:46Z,SETTLEMENT SET_4001E5B6,SET_4001E5B6
BNK_2333D84D,250334,INR,CREDIT,2026-07-07T21:22:40Z,SETTLEMENT SET_40EEE997,SET_40EEE997
BNK_D820A658,1926731,INR,CREDIT,2026-08-26T11:46:09Z,SETTLEMENT SET_00E228B8,SET_00E228B8
BNK_D0652564,-15951,INR,CREDIT,2026-07-26T14:45:00Z,SETTLEMENT SET_00A6B98B,SET_00A6B98B
BNK_8E9F08F6,861185,INR,CREDIT,2026-07-03T05:08:44Z,SETTLEMENT SET_A593C865,SET_A593C865
BNK_18430A6A,1372624,INR,CREDIT,2026-07-09T14:39:44Z,SETTLEMENT SET_8A00E9C2,SET_8A00E9C2
BNK_4E30A4B4,32015,INR,CREDIT,2026-08-23T03:47:56Z,SETTLEMENT SET_EB509693,SET_EB509693
BNK_0E05AD3B,36420,INR,CREDIT,2026-08-24T00:08:13Z,SETTLEMENT SET_B01C9DEC,SET_B01C9DEC
BNK_6281CE83,918695,INR,CREDIT,2026-08-31T21:44:11Z,SETTLEMENT SET_EF9F0DF3,SET_EF9F0DF3
BNK_42058FAA,614156,INR,CREDIT,2026-07-21T04:25:37Z,SETTLEMENT SET_4854F2E7,SET_4854F2E7
BNK_7C928171,1700362,INR,CREDIT,2026-08-22T20:55:47Z,SETTLEMENT SET_BAAB60C6,SET_BAAB60C6
BNK_8637F7E9,442798,INR,CREDIT,2026-09-03T08:32:19Z,SETTLEMENT SET_04E738F5,SET_04E738F5
BNK_C9CBAE79,1829824,INR,CREDIT,2026-09-02T15:52:57Z,SETTLEMENT SET_BA9E24AA,SET_BA9E24AA
BNK_9A4183D6,966441,INR,CREDIT,2026-08-15T04:26:45Z,SETTLEMENT SET_B92FE868,SET_B92FE868
BNK_C95E3A1E,1549938,INR,CREDIT,2026-07-08T12:44:42Z,SETTLEMENT SET_5DF96FE6,SET_5DF96FE6
BNK_CB443825,189422,INR,CREDIT,2026-07-10T17:59:50Z,SETTLEMENT SET_432AB091,SET_432AB091
BNK_4E7B21A8,781511,INR,CREDIT,2026-08-10T23:03:36Z,SETTLEMENT SET_BCDB38A5,SET_BCDB38A5
BNK_42D65C3A,1348517,INR,CREDIT,2026-08-13T01:20:03Z,SETTLEMENT SET_B641AE1B,SET_B641AE1B
BNK_907EBBA7,1951922,INR,CREDIT,2026-07-28T17:41:24Z,SETTLEMENT SET_E9B60504,SET_E9B60504
BNK_A5C5BBFC,1686829,INR,CREDIT,2026-07-05T01:01:48Z,SETTLEMENT SET_DDEE8EEE,SET_DDEE8EEE
BNK_6F4CEE8A,883642,INR,CREDIT,2026-07-14T23:14:57Z,SETTLEMENT SET_90713C41,SET_90713C41
BNK_172027E4,1912378,INR,CREDIT,2026-08-09T19:19:47Z,SETTLEMENT SET_CDBACD90,SET_CDBACD90
BNK_B9C74930,1350948,INR,CREDIT,2026-07-07T19:09:47Z,SETTLEMENT SET_DFECFCAC,SET_DFECFCAC
BNK_9D10CB32,1737990,INR,CREDIT,2026-08-04T02:22:11Z,SETTLEMENT SET_061B6721,SET_061B6721
BNK_E82ED570,1169435,INR,CREDIT,2026-08-24T20:05:53Z,SETTLEMENT SET_5E23AC8E,SET_5E23AC8E
BNK_3A09EB53,843903,INR,CREDIT,2026-08-13T16:10:58Z,SETTLEMENT SET_852236B0,SET_852236B0
BNK_CDB7C41C,1408555,INR,CREDIT,2026-07-10T10:38:06Z,SETTLEMENT SET_B8155D23,SET_B8155D23
BNK_CB918A85,1353877,INR,CREDIT,2026-07-27T07:59:26Z,SETTLEMENT SET_4F7F7151,SET_4F7F7151
BNK_7296BE70,128983,INR,CREDIT,2026-07-24T17:29:27Z,SETTLEMENT SET_78B80ECA,SET_78B80ECA
BNK_0A4BF3A9,874660,INR,CREDIT,2026-08-04T00:09:14Z,SETTLEMENT SET_F88707D0,SET_F88707D0
BNK_1D7AC013,1594755,INR,CREDIT,2026-08-02T00:52:45Z,SETTLEMENT SET_F953C1E7,SET_F953C1E7
BNK_F3809BFD,228625,INR,CREDIT,2026-08-06T16:38:27Z,SETTLEMENT SET_7A42716D,SET_7A42716D
BNK_32A8C941,1111730,INR,CREDIT,2026-07-31T00:11:22Z,SETTLEMENT SET_B686BE19,SET_B686BE19
BNK_879E21A8,1258482,INR,CREDIT,2026-07-10T07:50:31Z,SETTLEMENT SET_1CFC1164,SET_1CFC1164
BNK_A5415971,1799799,INR,CREDIT,2026-07-21T21:21:09Z,SETTLEMENT SET_56388718,SET_56388718
BNK_D1DBC7DA,298486,INR,CREDIT,2026-07-04T03:18:05Z,SETTLEMENT SET_59E322B3,SET_59E322B3
BNK_80D23561,465548,INR,CREDIT,2026-08-22T00:23:07Z,SETTLEMENT SET_7BC65BEF,SET_7BC65BEF
BNK_013271A7,1877618,INR,CREDIT,2026-08-23T05:35:13Z,SETTLEMENT SET_E9BBDFF1,SET_E9BBDFF1
BNK_65A376FD,504995,INR,CREDIT,2026-08-04T13:17:12Z,SETTLEMENT SET_3D6EF887,SET_3D6EF887
BNK_1A2AAF2A,981380,INR,CREDIT,2026-08-23T23:06:05Z,SETTLEMENT SET_9CFE0D62,SET_9CFE0D62
BNK_979FABAA,134158,INR,CREDIT,2026-08-22T00:08:47Z,SETTLEMENT SET_B7F74E9A,SET_B7F74E9A
BNK_6D515490,582423,INR,CREDIT,2026-08-29T00:51:37Z,SETTLEMENT SET_19926DC8,SET_19926DC8
BNK_AFBE21AA,1014773,INR,CREDIT,2026-08-24T02:15:28Z,SETTLEMENT SET_2612FFE6,SET_2612FFE6
BNK_9296DFFD,844782,INR,CREDIT,2026-08-22T08:54:05Z,SETTLEMENT SET_71575E23,SET_71575E23
BNK_B5F806AB,1008426,INR,CREDIT,2026-08-14T18:17:10Z,SETTLEMENT SET_0A22FE15,SET_0A22FE15
BNK_6406383B,639640,INR,CREDIT,2026-07-30T04:32:23Z,SETTLEMENT SET_E3FA6101,SET_E3FA6101
BNK_CCDE1940,332562,INR,CREDIT,2026-08-13T16:46:44Z,SETTLEMENT SET_1A467074,SET_1A467074
BNK_EA301065,998858,INR,CREDIT,2026-08-20T04:16:08Z,SETTLEMENT SET_AA21B41C,SET_AA21B41C
BNK_6805EC4F,414775,INR,CREDIT,2026-07-09T02:43:38Z,SETTLEMENT SET_959C4DFA,SET_959C4DFA
BNK_D29E2013,170968,INR,CREDIT,2026-08-24T19:47:15Z,SETTLEMENT SET_99391C33,SET_99391C33
BNK_66CC49E4,1772459,INR,CREDIT,2026-08-21T02:48:00Z,SETTLEMENT SET_B5D05AE0,SET_B5D05AE0
BNK_67C4D4AC,-14846,INR,CREDIT,2026-07-15T16:00:14Z,SETTLEMENT SET_214ECD6C,SET_214ECD6C
BNK_D8571A19,891678,INR,CREDIT,2026-08-09T11:58:25Z,SETTLEMENT SET_76B75623,SET_76B75623
BNK_C151F7A6,968687,INR,CREDIT,2026-07-19T21:06:25Z,SETTLEMENT SET_CCF967EB,SET_CCF967EB
BNK_8773F24B,27730,INR,CREDIT,2026-08-31T07:01:23Z,SETTLEMENT SET_8B4F9AF5,SET_8B4F9AF5
BNK_EC351033,1116123,INR,CREDIT,2026-07-04T15:06:33Z,SETTLEMENT SET_DAEA7C01,SET_DAEA7C01
BNK_C2C8B8C6,1782712,INR,CREDIT,2026-08-04T03:13:13Z,SETTLEMENT SET_626E25C7,SET_626E25C7
BNK_4A28FD8F,1732427,INR,CREDIT,2026-07-27T05:59:49Z,SETTLEMENT SET_3295A854,SET_3295A854
BNK_D852D26B,1515861,INR,CREDIT,2026-08-18T03:38:59Z,SETTLEMENT SET_C281A46C,SET_C281A46C
BNK_09FE1953,857568,INR,CREDIT,2026-09-01T10:29:27Z,SETTLEMENT SET_7A114F61,SET_7A114F61
BNK_B5C31D30,1226749,INR,CREDIT,2026-08-28T18:16:54Z,SETTLEMENT SET_D0804144,SET_D0804144
BNK_7AA0BC09,384019,INR,CREDIT,2026-08-14T07:07:02Z,SETTLEMENT SET_728E01B1,SET_728E01B1
BNK_11A9D009,1634689,INR,CREDIT,2026-08-14T03:26:34Z,SETTLEMENT SET_0BF0AA70,SET_0BF0AA70
BNK_83A386B5,601658,INR,CREDIT,2026-07-16T06:01:10Z,SETTLEMENT SET_F4BA1114,SET_F4BA1114
BNK_DA3B487B,1835925,INR,CREDIT,2026-08-30T08:21:31Z,SETTLEMENT SET_8A715E0F,SET_8A715E0F
BNK_9C6F0854,1252624,INR,CREDIT,2026-07-23T17:16:27Z,SETTLEMENT SET_FB740C81,SET_FB740C81
BNK_5A985530,-18101,INR,CREDIT,2026-07-19T11:47:32Z,SETTLEMENT SET_FB76B723,SET_FB76B723
BNK_76B5B9E7,344670,INR,CREDIT,2026-07-21T06:43:51Z,SETTLEMENT SET_DE043B5B,SET_DE043B5B
BNK_11AD2A37,1695617,INR,CREDIT,2026-08-05T06:56:13Z,SETTLEMENT SET_DB17718B,SET_DB17718B
BNK_3A8C5D10,1470444,INR,CREDIT,2026-07-08T16:08:28Z,SETTLEMENT SET_FD0EE4CD,SET_FD0EE4CD
BNK_0FB51DE8,294092,INR,CREDIT,2026-08-25T23:03:58Z,SETTLEMENT SET_BCD51F10,SET_BCD51F10
BNK_50F54447,1413144,INR,CREDIT,2026-07-21T04:32:57Z,SETTLEMENT SET_47344AA9,SET_47344AA9
BNK_46AA1C64,-19774,INR,CREDIT,2026-08-25T22:23:41Z,SETTLEMENT SET_274975B0,SET_274975B0
BNK_0963AE26,638566,INR,CREDIT,2026-08-31T18:37:39Z,SETTLEMENT SET_CB7AEB1B,SET_CB7AEB1B
BNK_A4F98628,34077,INR,CREDIT,2026-07-08T04:38:41Z,SETTLEMENT SET_88662974,SET_88662974
BNK_32153226,723806,INR,CREDIT,2026-08-19T19:44:15Z,SETTLEMENT SET_CA2C2D12,SET_CA2C2D12
BNK_EADE2B4D,1636508,INR,CREDIT,2026-08-08T15:30:18Z,SETTLEMENT SET_CE9DEB2B,SET_CE9DEB2B
BNK_A344B924,183075,INR,CREDIT,2026-08-15T06:27:21Z,SETTLEMENT SET_07985A41,SET_07985A41
BNK_94CCA765,137673,INR,CREDIT,2026-09-03T17:03:30Z,SETTLEMENT SET_E6348827,SET_E6348827
BNK_9C92B859,1323901,INR,CREDIT,2026-08-23T01:29:13Z,SETTLEMENT SET_FD3A0C73,SET_FD3A0C73
BNK_7ED6AADB,-10549,INR,CREDIT,2026-08-17T04:28:58Z,SETTLEMENT SET_26AA2D41,SET_26AA2D41
BNK_293C0EED,1083902,INR,CREDIT,2026-07-03T01:31:39Z,SETTLEMENT SET_BA5D4C1C,SET_BA5D4C1C
BNK_04C5F352,1521622,INR,CREDIT,2026-08-21T16:29:16Z,SETTLEMENT SET_D99214CD,SET_D99214CD
BNK_6D6791D1,1492526,INR,CREDIT,2026-07-23T18:29:54Z,SETTLEMENT SET_E82F77E7,SET_E82F77E7
BNK_AA67A4D3,36826,INR,CREDIT,2026-08-06T06:39:49Z,SETTLEMENT SET_F96AA238,SET_F96AA238
BNK_5DF95D12,1215618,INR,CREDIT,2026-07-16T12:06:49Z,SETTLEMENT SET_5DB71CF4,SET_5DB71CF4
BNK_49C877C9,-24893,INR,CREDIT,2026-07-08T13:18:44Z,SETTLEMENT SET_0E9BFA0F,SET_0E9BFA0F
BNK_44DF4F91,614840,INR,CREDIT,2026-08-31T21:14:50Z,SETTLEMENT SET_4292C2CA,SET_4292C2CA
BNK_932623D0,583888,INR,CREDIT,2026-08-05T18:46:33Z,SETTLEMENT SET_0E98A8D5,SET_0E98A8D5
BNK_31584418,1458449,INR,CREDIT,2026-08-15T04:39:21Z,SETTLEMENT SET_814C8E98,SET_814C8E98
BNK_9C9B4C2B,447912,INR,CREDIT,2026-08-31T15:18:00Z,SETTLEMENT SET_2D9B7265,SET_2D9B7265
BNK_669F27A2,976400,INR,CREDIT,2026-08-02T04:49:43Z,SETTLEMENT SET_9C229DC4,SET_9C229DC4
BNK_2D571795,1912475,INR,CREDIT,2026-08-08T13:13:47Z,SETTLEMENT SET_BD31A5FD,SET_BD31A5FD
BNK_5B2EDC25,1106555,INR,CREDIT,2026-08-30T22:48:07Z,SETTLEMENT SET_44409D14,SET_44409D14
BNK_F97CCB8B,-13298,INR,CREDIT,2026-08-19T15:08:03Z,SETTLEMENT SET_6BD1FAAF,SET_6BD1FAAF
BNK_0C6D6DA7,84509,INR,CREDIT,2026-07-22T08:52:49Z,SETTLEMENT SET_20B796A3,SET_20B796A3
BNK_A0B3DC1C,1857501,INR,CREDIT,2026-08-21T01:11:53Z,SETTLEMENT SET_42797CF7,SET_42797CF7
BNK_8B0D655B,544636,INR,CREDIT,2026-07-17T06:34:28Z,SETTLEMENT SET_EE7FB707,SET_EE7FB707
BNK_12155480,-30356,INR,CREDIT,2026-09-02T10:56:16Z,SETTLEMENT SET_62E62C14,SET_62E62C14
BNK_02B090D2,69698,INR,CREDIT,2026-08-02T22:26:44Z,SETTLEMENT SET_5F913A16,SET_5F913A16
BNK_9DC8671F,205948,INR,CREDIT,2026-08-02T09:05:06Z,SETTLEMENT SET_4C444E47,SET_4C444E47
BNK_97FAAFFB,873976,INR,CREDIT,2026-07-24T03:56:06Z,SETTLEMENT SET_AC434172,SET_AC434172
BNK_F311B079,455589,INR,CREDIT,2026-08-26T13:21:20Z,SETTLEMENT SET_7C64DA6E,SET_7C64DA6E
BNK_97AEC54B,58584000,INR,CREDIT,2026-08-26T09:18:42Z,SETTLEMENT SET_243C9A33,SET_243C9A33
BNK_6B1033BB,1793843,INR,CREDIT,2026-07-27T10:29:03Z,SETTLEMENT SET_E71798B3,SET_E71798B3
BNK_7DD9ED63,784636,INR,CREDIT,2026-07-20T20:37:00Z,SETTLEMENT SET_39694CAE,SET_39694CAE
BNK_09498612,1624437,INR,CREDIT,2026-07-11T01:00:26Z,SETTLEMENT SET_6E8F5A67,SET_6E8F5A67
BNK_89A23326,974055,INR,CREDIT,2026-07-15T10:31:22Z,SETTLEMENT SET_A1C9C4F6,SET_A1C9C4F6
BNK_0FFBD5D5,-40537,INR,CREDIT,2026-07-23T16:55:42Z,SETTLEMENT SET_DA1750F2,SET_DA1750F2
BNK_1A38014A,1053046,INR,CREDIT,2026-08-13T16:56:03Z,SETTLEMENT SET_23E7D25E,SET_23E7D25E
BNK_927506F9,722048,INR,CREDIT,2026-07-07T11:42:54Z,SETTLEMENT SET_01B40581,SET_01B40581
BNK_5FA4B74B,1263950,INR,CREDIT,2026-09-01T20:35:19Z,SETTLEMENT SET_6F4117B6,SET_6F4117B6
BNK_AD88D218,1024049,INR,CREDIT,2026-08-31T08:34:05Z,SETTLEMENT SET_101DE793,SET_101DE793
BNK_17097AEB,461154,INR,CREDIT,2026-08-18T06:31:07Z,SETTLEMENT SET_A688CF04,SET_A688CF04
BNK_D092F0FE,759151,INR,CREDIT,2026-07-25T22:35:41Z,SETTLEMENT SET_DD22C3D3,SET_DD22C3D3
BNK_FFB11E8D,504799,INR,CREDIT,2026-09-02T19:52:47Z,SETTLEMENT SET_9AD43912,SET_9AD43912
BNK_51E76AD8,708281,INR,CREDIT,2026-08-12T04:42:03Z,SETTLEMENT SET_C219122B,SET_C219122B
BNK_AD1AD9F4,128983,INR,CREDIT,2026-08-31T15:27:43Z,SETTLEMENT SET_B921C1B9,SET_B921C1B9
BNK_A5DDDA17,1504926,INR,CREDIT,2026-08-25T12:14:35Z,SETTLEMENT SET_D5222932,SET_D5222932
BNK_36DA96B2,1020338,INR,CREDIT,2026-09-03T04:53:47Z,SETTLEMENT SET_721509BB,SET_721509BB
BNK_0D70EDFB,731129,INR,CREDIT,2026-07-18T10:03:02Z,SETTLEMENT SET_DDFD60A2,SET_DDFD60A2
BNK_ED3FA99D,1237978,INR,CREDIT,2026-08-19T21:36:01Z,SETTLEMENT SET_51708E29,SET_51708E29
BNK_CE88EEF4,400227,INR,CREDIT,2026-07-08T00:16:11Z,SETTLEMENT SET_B2B99340,SET_B2B99340
BNK_4F2825CC,1518498,INR,CREDIT,2026-07-10T07:55:59Z,SETTLEMENT SET_C27CB1B5,SET_C27CB1B5
BNK_EDA06821,701349,INR,CREDIT,2026-08-13T01:28:27Z,SETTLEMENT SET_9F3A3687,SET_9F3A3687
BNK_861FAA09,1570442,INR,CREDIT,2026-07-05T18:52:31Z,SETTLEMENT SET_4A8B1C9F,SET_4A8B1C9F
BNK_199C0D33,1539002,INR,CREDIT,2026-08-25T23:14:21Z,SETTLEMENT SET_60620D41,SET_60620D41
BNK_B68F922D,1042405,INR,CREDIT,2026-07-29T12:39:11Z,SETTLEMENT SET_650050B7,SET_650050B7
BNK_DD5D7853,834822,INR,CREDIT,2026-08-10T07:09:43Z,SETTLEMENT SET_50F65C5A,SET_50F65C5A
BNK_02E9357D,1008815,INR,CREDIT,2026-07-17T07:36:34Z,SETTLEMENT SET_890BF9ED,SET_890BF9ED
BNK_F45ED5F0,858451,INR,CREDIT,2026-08-26T11:03:22Z,SETTLEMENT SET_101F4664,SET_101F4664
BNK_69103F13,1782321,INR,CREDIT,2026-07-10T07:05:35Z,SETTLEMENT SET_A9BBF3D3,SET_A9BBF3D3
BNK_0BC075B0,228380,INR,CREDIT,2026-08-20T19:21:39Z,SETTLEMENT SET_45607EC6,SET_45607EC6
BNK_23EA7B25,861185,INR,CREDIT,2026-09-03T06:13:33Z,SETTLEMENT SET_FFDC6513,SET_FFDC6513
BNK_B46AF8B0,728395,INR,CREDIT,2026-07-31T21:55:17Z,SETTLEMENT SET_B28FA735,SET_B28FA735
BNK_20135BD3,1656268,INR,CREDIT,2026-08-10T07:34:41Z,SETTLEMENT SET_2AA4FF19,SET_2AA4FF19
BNK_C83C05C2,344204,INR,CREDIT,2026-08-24T18:40:52Z,SETTLEMENT SET_B1983C7A,SET_B1983C7A
BNK_746700AC,485214,INR,CREDIT,2026-07-07T00:42:19Z,SETTLEMENT SET_8453B639,SET_8453B639
BNK_D889A8EC,691194,INR,CREDIT,2026-09-02T05:01:40Z,SETTLEMENT SET_68D8FFDF,SET_68D8FFDF
BNK_4E48776F,80226,INR,CREDIT,2026-08-05T20:09:00Z,SETTLEMENT SET_5702EF94,SET_5702EF94
BNK_8BD11369,285890,INR,CREDIT,2026-07-31T16:41:03Z,SETTLEMENT SET_2F186034,SET_2F186034
BNK_73DBE3D7,1085855,INR,CREDIT,2026-08-09T15:19:54Z,SETTLEMENT SET_8572C1C7,SET_8572C1C7
BNK_6E59FBC8,1560385,INR,CREDIT,2026-08-14T22:18:26Z,SETTLEMENT SET_FDDDEFDD,SET_FDDDEFDD
BNK_05A1AEAE,1291094,INR,CREDIT,2026-08-30T03:28:42Z,SETTLEMENT SET_4E3C0095,SET_4E3C0095
BNK_56F4359A,1740141,INR,CREDIT,2026-09-03T13:40:46Z,SETTLEMENT SET_8E48C4F6,SET_8E48C4F6
BNK_83B080DF,1118369,INR,CREDIT,2026-08-30T07:34:57Z,SETTLEMENT SET_3C70F869,SET_3C70F869
BNK_6E69848C,280325,INR,CREDIT,2026-08-20T19:06:04Z,SETTLEMENT SET_86B69E50,SET_86B69E50
BNK_AB3EF21D,1457570,INR,CREDIT,2026-07-17T06:59:08Z,SETTLEMENT SET_C781D247,SET_C781D247
BNK_D89D2456,1440679,INR,CREDIT,2026-07-06T18:14:16Z,SETTLEMENT SET_2C06EAB1,SET_2C06EAB1
BNK_49A9D4C5,-18490,INR,CREDIT,2026-09-01T20:57:53Z,SETTLEMENT SET_3E35EA8B,SET_3E35EA8B
BNK_FDAE3073,338030,INR,CREDIT,2026-08-24T03:31:44Z,SETTLEMENT SET_70A86E77,SET_70A86E77
BNK_74DCB90C,1531777,INR,CREDIT,2026-08-29T22:34:45Z,SETTLEMENT SET_F5948663,SET_F5948663
BNK_0C184DD0,553912,INR,CREDIT,2026-07-24T15:07:49Z,SETTLEMENT SET_248AD07A,SET_248AD07A
BNK_11C4FD63,1729595,INR,CREDIT,2026-08-25T14:48:09Z,SETTLEMENT SET_636F0B52,SET_636F0B52
BNK_F6FD0AC5,-30094,INR,CREDIT,2026-07-11T19:34:58Z,SETTLEMENT SET_0C2767BA,SET_0C2767BA
BNK_9D780CEF,813732,INR,CREDIT,2026-07-29T02:04:25Z,SETTLEMENT SET_4A5A0F60,SET_4A5A0F60
BNK_E107CF19,1177979,INR,CREDIT,2026-08-29T08:15:20Z,SETTLEMENT SET_A3A2B173,SET_A3A2B173
BNK_F0ED75B4,1870002,INR,CREDIT,2026-08-13T05:39:10Z,SETTLEMENT SET_D31623B0,SET_D31623B0
BNK_E1CEADEF,225354,INR,CREDIT,2026-08-28T13:35:14Z,SETTLEMENT SET_C18DB9AE,SET_C18DB9AE
BNK_638A4437,1541336,INR,CREDIT,2026-07-25T20:37:48Z,SETTLEMENT SET_E79FE54B,SET_E79FE54B
BNK_ED3022D1,158470,INR,CREDIT,2026-08-18T06:07:00Z,SETTLEMENT SET_1A199467,SET_1A199467
BNK_D44250B0,737473,INR,CREDIT,2026-07-10T15:58:56Z,SETTLEMENT SET_65C51F7D,SET_65C51F7D
BNK_5DDE68E9,1701377,INR,CREDIT,2026-08-06T08:32:04Z,SETTLEMENT SET_90B3D17E,SET_90B3D17E
BNK_CB04C18F,110627,INR,CREDIT,2026-07-25T06:09:04Z,SETTLEMENT SET_FBD77B42,SET_FBD77B42
BNK_F62B51EE,642569,INR,CREDIT,2026-09-01T11:23:55Z,SETTLEMENT SET_35E088C8,SET_35E088C8
BNK_009E8056,150659,INR,CREDIT,2026-07-07T23:53:07Z,SETTLEMENT SET_E2BFC4B5,SET_E2BFC4B5
BNK_60397096,1696727,INR,CREDIT,2026-08-11T20:53:47Z,SETTLEMENT SET_70EBA1CE,SET_70EBA1CE
BNK_90641E4E,1612037,INR,CREDIT,2026-07-21T16:58:21Z,SETTLEMENT SET_DCD82D17,SET_DCD82D17
BNK_6E7D85BC,1880352,INR,CREDIT,2026-07-12T15:01:44Z,SETTLEMENT SET_6D65D969,SET_6D65D969
BNK_DFF0D102,1260335,INR,CREDIT,2026-07-22T02:36:54Z,SETTLEMENT SET_54864906,SET_54864906
BNK_83AF6ADF,1838562,INR,CREDIT,2026-07-26T09:51:10Z,SETTLEMENT SET_6C89F3D2,SET_6C89F3D2
BNK_B9E37950,993292,INR,CREDIT,2026-07-15T20:49:41Z,SETTLEMENT SET_9CBA6533,SET_9CBA6533
BNK_56BB886A,265498,INR,CREDIT,2026-08-09T01:06:08Z,SETTLEMENT SET_8B934D7C,SET_8B934D7C
BNK_0C6ED241,1752541,INR,CREDIT,2026-07-27T07:59:21Z,SETTLEMENT SET_71713DCF,SET_71713DCF
BNK_7ED0B04D,992218,INR,CREDIT,2026-08-29T02:39:43Z,SETTLEMENT SET_444E74BD,SET_444E74BD
BNK_D861D387,1104016,INR,CREDIT,2026-07-22T21:02:54Z,SETTLEMENT SET_663BB08E,SET_663BB08E
BNK_A0CE3943,1463445,INR,CREDIT,2026-08-30T12:40:04Z,SETTLEMENT SET_82DE66DF,SET_82DE66DF
BNK_59168C4D,1492916,INR,CREDIT,2026-07-14T09:01:27Z,SETTLEMENT SET_27B78458,SET_27B78458
BNK_71ECC982,1635861,INR,CREDIT,2026-07-27T03:56:43Z,SETTLEMENT SET_AC4FB503,SET_AC4FB503
BNK_E00BCA44,279028,INR,CREDIT,2026-07-09T22:52:14Z,SETTLEMENT SET_F4B5CDBC,SET_F4B5CDBC
BNK_6725EF9F,757346,INR,CREDIT,2026-08-27T11:40:02Z,SETTLEMENT SET_C1A9CC86,SET_C1A9CC86
BNK_38738BFF,1930148,INR,CREDIT,2026-07-03T03:43:20Z,SETTLEMENT SET_305543D1,SET_305543D1
BNK_7E0FCF70,1786812,INR,CREDIT,2026-07-04T13:30:23Z,SETTLEMENT SET_59E75CD6,SET_59E75CD6
BNK_1E3DEE24,182294,INR,CREDIT,2026-08-27T18:03:09Z,SETTLEMENT SET_F81C6EE5,SET_F81C6EE5
BNK_90E5C7AA,505630,INR,CREDIT,2026-08-20T15:31:38Z,SETTLEMENT SET_E0E64B31,SET_E0E64B31
BNK_9F7DF3B4,1529726,INR,CREDIT,2026-08-18T21:37:23Z,SETTLEMENT SET_ABF14066,SET_ABF14066
BNK_C4BF8066,532724,INR,CREDIT,2026-07-12T00:38:13Z,SETTLEMENT SET_4F3151D2,SET_4F3151D2
BNK_66B095BD,656141,INR,CREDIT,2026-08-15T02:52:50Z,SETTLEMENT SET_E52FC9A7,SET_E52FC9A7
BNK_A7733A9F,618452,INR,CREDIT,2026-07-14T01:45:18Z,SETTLEMENT SET_4257509D,SET_4257509D
BNK_E4F8C276,538142,INR,CREDIT,2026-07-17T02:10:24Z,SETTLEMENT SET_E27957A9,SET_E27957A9
BNK_0F97FEEA,854643,INR,CREDIT,2026-08-15T02:01:08Z,SETTLEMENT SET_5011E38B,SET_5011E38B
BNK_CFBDB416,436647,INR,CREDIT,2026-07-31T14:04:40Z,SETTLEMENT SET_9BE9ED97,SET_9BE9ED97
BNK_71C87308,1012430,INR,CREDIT,2026-07-10T20:34:36Z,SETTLEMENT SET_62F3D463,SET_62F3D463
BNK_0F91FDAE,1502387,INR,CREDIT,2026-08-06T06:18:08Z,SETTLEMENT SET_7B7B68EC,SET_7B7B68EC
BNK_8EB361AA,1634787,INR,CREDIT,2026-07-17T16:51:48Z,SETTLEMENT SET_00ABBF37,SET_00ABBF37
BNK_531D12BB,1839245,INR,CREDIT,2026-07-06T15:51:07Z,SETTLEMENT SET_51FF6F84,SET_51FF6F84
BNK_62BD389A,424589,INR,CREDIT,2026-08-21T22:17:17Z,SETTLEMENT SET_77F02901,SET_77F02901
BNK_0DD3DEF1,267144,INR,CREDIT,2026-07-28T13:56:43Z,SETTLEMENT SET_6E83D556,SET_6E83D556
BNK_59F8423D,653896,INR,CREDIT,2026-08-12T13:26:31Z,SETTLEMENT SET_E560E725,SET_E560E725
BNK_55452242,693928,INR,CREDIT,2026-08-09T06:31:35Z,SETTLEMENT SET_0D36A643,SET_0D36A643
BNK_B3B92E7F,-3891,INR,CREDIT,2026-08-27T14:02:53Z,SETTLEMENT SET_9169AEE0,SET_9169AEE0
BNK_5C823FCB,234675,INR,CREDIT,2026-07-08T16:12:56Z,SETTLEMENT SET_195A2724,SET_195A2724
BNK_3016D450,39838,INR,CREDIT,2026-07-08T03:51:06Z,SETTLEMENT SET_260F5F7C,SET_260F5F7C
BNK_96B8CB28,214936,INR,CREDIT,2026-08-09T09:24:58Z,SETTLEMENT SET_5560361E,SET_5560361E
BNK_2AB6E032,686996,INR,CREDIT,2026-08-01T13:00:51Z,SETTLEMENT SET_20F66668,SET_20F66668
BNK_63A867AE,988801,INR,CREDIT,2026-08-20T01:46:11Z,SETTLEMENT SET_90E03452,SET_90E03452
BNK_397448DE,1049140,INR,CREDIT,2026-07-29T21:37:47Z,SETTLEMENT SET_4A00C9F8,SET_4A00C9F8
BNK_535B4187,292628,INR,CREDIT,2026-07-03T01:01:45Z,SETTLEMENT SET_F2BDAE71,SET_F2BDAE71
BNK_40077920,1740726,INR,CREDIT,2026-08-25T01:46:15Z,SETTLEMENT SET_C26EFF8E,SET_C26EFF8E
BNK_C61DFC91,1389027,INR,CREDIT,2026-07-16T04:58:46Z,SETTLEMENT SET_C3473640,SET_C3473640
BNK_D87C85D6,273881,INR,CREDIT,2026-07-16T13:53:17Z,SETTLEMENT SET_2C64168A,SET_2C64168A
BNK_5B6D9D3F,1218157,INR,CREDIT,2026-07-06T11:01:55Z,SETTLEMENT SET_4494C78C,SET_4494C78C
BNK_A2FA4838,1010672,INR,CREDIT,2026-08-26T10:33:06Z,SETTLEMENT SET_AD900073,SET_AD900073
BNK_3A2EB8B6,-34894,INR,CREDIT,2026-07-23T14:04:40Z,SETTLEMENT SET_1C79DA9A,SET_1C79DA9A
BNK_47E1CA3B,1589580,INR,CREDIT,2026-07-12T20:49:36Z,SETTLEMENT SET_8D3A5E1B,SET_8D3A5E1B
BNK_A2244580,1772069,INR,CREDIT,2026-08-19T15:44:31Z,SETTLEMENT SET_362668B6,SET_362668B6
BNK_5DEB5C97,946620,INR,CREDIT,2026-07-28T03:56:10Z,SETTLEMENT SET_F58C81BC,SET_F58C81BC
BNK_369DA9D4,972297,INR,CREDIT,2026-08-08T01:06:19Z,SETTLEMENT SET_47E3AB37,SET_47E3AB37
BNK_DEE4BD08,1223625,INR,CREDIT,2026-08-30T23:00:34Z,SETTLEMENT SET_06C33AFE,SET_06C33AFE
BNK_5AF7EF46,56241,INR,CREDIT,2026-08-06T18:34:51Z,SETTLEMENT SET_E1CF939A,SET_E1CF939A
BNK_46A54028,-39126,INR,CREDIT,2026-07-14T12:54:55Z,SETTLEMENT SET_BCFB8EF4,SET_BCFB8EF4
BNK_3A2A41E0,253083,INR,CREDIT,2026-08-21T03:25:41Z,SETTLEMENT SET_3290BABF,SET_3290BABF
BNK_76B3B41B,1870099,INR,CREDIT,2026-08-22T14:49:06Z,SETTLEMENT SET_D138376B,SET_D138376B
BNK_9193E283,329243,INR,CREDIT,2026-08-30T22:20:21Z,SETTLEMENT SET_CF0BD242,SET_CF0BD242
BNK_2C057C8B,640473,INR,CREDIT,2026-08-20T03:24:21Z,SETTLEMENT SET_0E282DC8,SET_0E282DC8
BNK_C1BFE7AA,-5786,INR,CREDIT,2026-08-15T07:01:20Z,SETTLEMENT SET_869170B3,SET_869170B3
BNK_C4F4E2EA,1845104,INR,CREDIT,2026-08-17T00:03:27Z,SETTLEMENT SET_C28A2C84,SET_C28A2C84
BNK_A97B660E,554303,INR,CREDIT,2026-07-18T04:26:41Z,SETTLEMENT SET_1E8B0F45,SET_1E8B0F45
BNK_E06AFB0D,1151059,INR,CREDIT,2026-08-18T18:02:41Z,SETTLEMENT SET_1ED68366,SET_1ED68366
BNK_47672519,642374,INR,CREDIT,2026-08-24T17:36:18Z,SETTLEMENT SET_DC97F5B1,SET_DC97F5B1
BNK_AA23C23D,623237,INR,CREDIT,2026-08-25T19:11:00Z,SETTLEMENT SET_C6A89ED3,SET_C6A89ED3
BNK_50DBBE0F,1393519,INR,CREDIT,2026-08-22T06:17:52Z,SETTLEMENT SET_C6FF4086,SET_C6FF4086
BNK_B9F319DB,-29854,INR,CREDIT,2026-08-01T09:17:37Z,SETTLEMENT SET_31AF3438,SET_31AF3438
BNK_5E6AB43E,5370200,INR,CREDIT,2026-08-27T12:42:50Z,SETTLEMENT SET_79E3E0B5,SET_79E3E0B5
BNK_55564A83,698419,INR,CREDIT,2026-07-05T01:27:33Z,SETTLEMENT SET_F292C0B0,SET_F292C0B0
BNK_9FF7C452,1705771,INR,CREDIT,2026-08-28T09:20:24Z,SETTLEMENT SET_8F3236EF,SET_8F3236EF
BNK_B26AB749,701837,INR,CREDIT,2026-07-25T21:55:53Z,SETTLEMENT SET_059CB2B5,SET_059CB2B5
BNK_C53CBD95,491227,INR,CREDIT,2026-08-19T18:43:58Z,SETTLEMENT SET_24201DF0,SET_24201DF0
BNK_EED5401A,1860335,INR,CREDIT,2026-08-09T02:27:04Z,SETTLEMENT SET_ADB8701D,SET_ADB8701D
BNK_1BFD5F65,1592213,INR,CREDIT,2026-08-05T21:55:28Z,SETTLEMENT SET_4637BAAD,SET_4637BAAD
BNK_A85D79AE,1950555,INR,CREDIT,2026-07-31T10:21:47Z,SETTLEMENT SET_3A86F196,SET_3A86F196
BNK_66720907,1618579,INR,CREDIT,2026-07-23T21:14:43Z,SETTLEMENT SET_46F87EC3,SET_46F87EC3
BNK_18243D7A,405695,INR,CREDIT,2026-07-22T20:10:34Z,SETTLEMENT SET_11263E09,SET_11263E09
BNK_001E9750,1509515,INR,CREDIT,2026-07-13T04:51:15Z,SETTLEMENT SET_E7DC235C,SET_E7DC235C
BNK_85E5F24B,1369890,INR,CREDIT,2026-07-16T05:07:09Z,SETTLEMENT SET_77F42814,SET_77F42814
BNK_780C228C,510317,INR,CREDIT,2026-07-11T08:50:47Z,SETTLEMENT SET_68A8591F,SET_68A8591F
BNK_BD6D83C8,1889042,INR,CREDIT,2026-08-13T22:02:41Z,SETTLEMENT SET_5D609767,SET_5D609767
BNK_E0E44748,1745999,INR,CREDIT,2026-07-12T02:25:40Z,SETTLEMENT SET_FD081FE7,SET_FD081FE7
BNK_A34DDE30,1078922,INR,CREDIT,2026-08-23T21:49:44Z,SETTLEMENT SET_0FAAFD8E,SET_0FAAFD8E
BNK_51B3ADB6,242829,INR,CREDIT,2026-08-13T01:50:15Z,SETTLEMENT SET_D6342CFE,SET_D6342CFE
BNK_92530888,630659,INR,CREDIT,2026-07-20T17:36:40Z,SETTLEMENT SET_ABDCB1A0,SET_ABDCB1A0
BNK_D9CC5015,5370200,INR,CREDIT,2026-08-06T19:16:26Z,SETTLEMENT SET_7DAB3A59,SET_7DAB3A59
BNK_7BEEDFEF,1034789,INR,CREDIT,2026-07-11T03:53:21Z,SETTLEMENT SET_F4840DEF,SET_F4840DEF
BNK_3B758F39,159447,INR,CREDIT,2026-08-29T14:47:48Z,SETTLEMENT SET_49574ACB,SET_49574ACB
BNK_6C7B85C8,1394740,INR,CREDIT,2026-07-03T21:19:29Z,SETTLEMENT SET_A9F4BF74,SET_A9F4BF74
BNK_CB69392C,-14683,INR,CREDIT,2026-07-13T11:03:13Z,SETTLEMENT SET_FFA50F0B,SET_FFA50F0B
BNK_859D79DD,705421,INR,CREDIT,2026-07-13T11:52:41Z,SETTLEMENT SET_7048CCF5,SET_7048CCF5
BNK_22EB452D,793618,INR,CREDIT,2026-08-04T09:27:34Z,SETTLEMENT SET_1B5F9E60,SET_1B5F9E60
BNK_764C5F88,438502,INR,CREDIT,2026-09-02T16:00:01Z,SETTLEMENT SET_6705AE55,SET_6705AE55
BNK_7DBF1AAB,356875,INR,CREDIT,2026-07-04T12:38:08Z,SETTLEMENT SET_200D1912,SET_200D1912
BNK_29631C79,1577179,INR,CREDIT,2026-07-21T10:04:40Z,SETTLEMENT SET_79D16FBB,SET_79D16FBB
BNK_87D84065,1616333,INR,CREDIT,2026-07-03T07:16:22Z,SETTLEMENT SET_F6384715,SET_F6384715
BNK_926DFBCD,14646000,INR,CREDIT,2026-07-11T00:32:04Z,SETTLEMENT SET_5B5584C8,SET_5B5584C8
BNK_1E52FC97,381871,INR,CREDIT,2026-08-31T01:07:45Z,SETTLEMENT SET_A07DA1D7,SET_A07DA1D7
BNK_4D50A387,542781,INR,CREDIT,2026-08-15T17:41:50Z,SETTLEMENT SET_336C259B,SET_336C259B
BNK_DD18336E,529307,INR,CREDIT,2026-08-31T17:57:47Z,SETTLEMENT SET_2542696F,SET_2542696F
BNK_2EE5FC35,925921,INR,CREDIT,2026-08-13T07:21:50Z,SETTLEMENT SET_A423674C,SET_A423674C
BNK_7DDEA50B,135327,INR,CREDIT,2026-07-03T20:52:32Z,SETTLEMENT SET_A5B08CC2,SET_A5B08CC2
BNK_A152166F,542488,INR,CREDIT,2026-08-26T12:11:36Z,SETTLEMENT SET_0FE6EF9D,SET_0FE6EF9D
BNK_F69E69A7,1503364,INR,CREDIT,2026-08-24T06:07:51Z,SETTLEMENT SET_86359580,SET_86359580
BNK_52B66798,-15278,INR,CREDIT,2026-08-07T13:03:10Z,SETTLEMENT SET_000F08E9,SET_000F08E9
BNK_EE247F1F,-35739,INR,CREDIT,2026-07-13T19:11:31Z,SETTLEMENT SET_AF4053C4,SET_AF4053C4
BNK_5EA87C30,1568292,INR,CREDIT,2026-09-03T23:34:25Z,SETTLEMENT SET_D2C61832,SET_D2C61832
BNK_B1008075,272416,INR,CREDIT,2026-08-30T16:01:24Z,SETTLEMENT SET_C5DDF560,SET_C5DDF560
BNK_F301DA3A,1251452,INR,CREDIT,2026-08-29T17:11:23Z,SETTLEMENT SET_F450D278,SET_F450D278
BNK_AA574A8B,1003544,INR,CREDIT,2026-08-04T07:01:11Z,SETTLEMENT SET_51DB78E3,SET_51DB78E3
BNK_940F7A00,385678,INR,CREDIT,2026-07-26T21:21:05Z,SETTLEMENT SET_DC03A954,SET_DC03A954
BNK_A36E83EE,287160,INR,CREDIT,2026-08-16T19:44:13Z,SETTLEMENT SET_B98E12AB,SET_B98E12AB
BNK_A1C7E577,296924,INR,CREDIT,2026-08-24T02:04:44Z,SETTLEMENT SET_B72CFAA7,SET_B72CFAA7
BNK_DBADADB9,67763,INR,CREDIT,2026-09-01T15:30:56Z,SETTLEMENT SET_19BBDD6F,SET_19BBDD6F
BNK_B86D73EE,301415,INR,CREDIT,2026-07-23T18:26:06Z,SETTLEMENT SET_C4BD62AD,SET_C4BD62AD
BNK_37A9CDC4,14646000,INR,CREDIT,2026-07-25T08:38:40Z,SETTLEMENT SET_D9EFD97D,SET_D9EFD97D
BNK_9E4651D2,377184,INR,CREDIT,2026-08-15T18:50:29Z,SETTLEMENT SET_6D7952C1,SET_6D7952C1
BNK_18AE3694,1514397,INR,CREDIT,2026-08-01T03:20:41Z,SETTLEMENT SET_58402C70,SET_58402C70
BNK_E667093D,139626,INR,CREDIT,2026-08-21T17:56:22Z,SETTLEMENT SET_A3703D3E,SET_A3703D3E
BNK_A03AE508,501187,INR,CREDIT,2026-08-15T23:25:01Z,SETTLEMENT SET_A4E51C8C,SET_A4E51C8C
BNK_97DF529F,271978,INR,CREDIT,2026-07-09T11:43:43Z,SETTLEMENT SET_6CDFF14C,SET_6CDFF14C
BNK_E6B21B3A,1616528,INR,CREDIT,2026-08-27T02:47:24Z,SETTLEMENT SET_A4FFF87E,SET_A4FFF87E
BNK_6E0E3E04,1193942,INR,CREDIT,2026-08-16T15:41:19Z,SETTLEMENT SET_29E00E2C,SET_29E00E2C
BNK_FECEBFC3,1495650,INR,CREDIT,2026-08-02T23:55:28Z,SETTLEMENT SET_483082FD,SET_483082FD
BNK_0FFF13C4,1453665,INR,CREDIT,2026-08-01T03:09:22Z,SETTLEMENT SET_3241B33D,SET_3241B33D
BNK_5ACE9A65,1502973,INR,CREDIT,2026-07-13T19:05:11Z,SETTLEMENT SET_3004D4A8,SET_3004D4A8
BNK_C3B48BE3,1094154,INR,CREDIT,2026-08-13T18:52:21Z,SETTLEMENT SET_4242F299,SET_4242F299
BNK_8E4C5955,813146,INR,CREDIT,2026-08-30T09:39:51Z,SETTLEMENT SET_205E15CF,SET_205E15CF
BNK_F2A5D86F,1856137,INR,CREDIT,2026-07-27T04:55:41Z,SETTLEMENT SET_919BF412,SET_919BF412
BNK_C61A0153,890380,INR,CREDIT,2026-07-08T19:48:09Z,SETTLEMENT SET_27676D35,SET_27676D35
BNK_2E030C7D,810217,INR,CREDIT,2026-08-29T08:42:35Z,SETTLEMENT SET_7F0343C4,SET_7F0343C4
BNK_3674B83D,1597879,INR,CREDIT,2026-08-30T19:16:10Z,SETTLEMENT SET_B36E550F,SET_B36E550F
BNK_530DF773,162405,INR,CREDIT,2026-08-17T21:42:55Z,SETTLEMENT SET_70E13393,SET_70E13393
BNK_D9E32B47,1002666,INR,CREDIT,2026-07-16T23:13:45Z,SETTLEMENT SET_6AF6B0D8,SET_6AF6B0D8
BNK_90D30F53,1114904,INR,CREDIT,2026-07-23T02:39:35Z,SETTLEMENT SET_829CC3F0,SET_829CC3F0
BNK_92283621,1857309,INR,CREDIT,2026-08-23T07:05:13Z,SETTLEMENT SET_17661445,SET_17661445
BNK_24673098,1726276,INR,CREDIT,2026-08-17T21:45:48Z,SETTLEMENT SET_9BAC8B20,SET_9BAC8B20
BNK_090750F1,1084440,INR,CREDIT,2026-07-28T18:55:10Z,SETTLEMENT SET_4F9CD9D2,SET_4F9CD9D2
BNK_95C68C33,937746,INR,CREDIT,2026-07-25T02:01:11Z,SETTLEMENT SET_088188F3,SET_088188F3
BNK_C9117E44,514894,INR,CREDIT,2026-07-28T17:28:40Z,SETTLEMENT SET_C6A454E8,SET_C6A454E8
BNK_53A0B829,1666129,INR,CREDIT,2026-08-03T23:44:27Z,SETTLEMENT SET_79AEF5E6,SET_79AEF5E6
BNK_58BCA1A6,1520451,INR,CREDIT,2026-07-27T17:54:54Z,SETTLEMENT SET_0B631A1D,SET_0B631A1D
BNK_C0FEF586,264593,INR,CREDIT,2026-09-03T00:15:54Z,SETTLEMENT SET_46B1C0FD,SET_46B1C0FD
BNK_FB4865DA,1089761,INR,CREDIT,2026-07-22T11:27:04Z,SETTLEMENT SET_BD838330,SET_BD838330
BNK_E3531A25,1871662,INR,CREDIT,2026-08-20T17:01:30Z,SETTLEMENT SET_77CFFB54,SET_77CFFB54
BNK_B07051C0,1737309,INR,CREDIT,2026-08-13T01:00:36Z,SETTLEMENT SET_D7D61ADC,SET_D7D61ADC
BNK_CD5579A5,-13024,INR,CREDIT,2026-08-06T03:26:44Z,SETTLEMENT SET_D5BF380D,SET_D5BF380D
BNK_F891205D,1000810,INR,CREDIT,2026-09-01T21:25:27Z,SETTLEMENT SET_96597F2A,SET_96597F2A
BNK_A61BBAC0,73621,INR,CREDIT,2026-08-06T18:38:08Z,SETTLEMENT SET_A9731955,SET_A9731955
BNK_4CC5E777,905611,INR,CREDIT,2026-08-11T13:16:28Z,SETTLEMENT SET_DE8658E1,SET_DE8658E1
BNK_01B4B920,1175684,INR,CREDIT,2026-08-06T10:06:29Z,SETTLEMENT SET_24DD2895,SET_24DD2895
BNK_901E6BAE,390072,INR,CREDIT,2026-07-26T09:10:22Z,SETTLEMENT SET_F8448603,SET_F8448603
BNK_98DD3557,-39010,INR,CREDIT,2026-07-08T15:53:16Z,SETTLEMENT SET_6C1EA57B,SET_6C1EA57B
BNK_F1623950,1782809,INR,CREDIT,2026-09-02T21:02:21Z,SETTLEMENT SET_6EF103C3,SET_6EF103C3
BNK_D94FB5CF,1806731,INR,CREDIT,2026-07-25T02:30:16Z,SETTLEMENT SET_A3DAB26E,SET_A3DAB26E
BNK_5FCE019E,196647,INR,CREDIT,2026-08-23T20:02:15Z,SETTLEMENT SET_05D410A9,SET_05D410A9
BNK_FD247CA5,281887,INR,CREDIT,2026-08-17T01:17:08Z,SETTLEMENT SET_722A232C,SET_722A232C
BNK_8F958168,338616,INR,CREDIT,2026-09-02T08:46:54Z,SETTLEMENT SET_6D10892C,SET_6D10892C
BNK_1DCF9EF8,63857,INR,CREDIT,2026-08-29T04:12:28Z,SETTLEMENT SET_76102F37,SET_76102F37
BNK_43D5B29D,253083,INR,CREDIT,2026-07-07T15:02:56Z,SETTLEMENT SET_F25722D9,SET_F25722D9
BNK_B96C52E7,74207,INR,CREDIT,2026-07-16T23:20:24Z,SETTLEMENT SET_9AFE2048,SET_9AFE2048
BNK_9A13F999,674107,INR,CREDIT,2026-07-13T00:23:41Z,SETTLEMENT SET_C523C158,SET_C523C158
BNK_52ED37D9,145094,INR,CREDIT,2026-07-17T22:02:17Z,SETTLEMENT SET_6F389CB3,SET_6F389CB3
BNK_274D7D88,592871,INR,CREDIT,2026-09-03T14:25:59Z,SETTLEMENT SET_FAFD38D3,SET_FAFD38D3
BNK_5A6E5E56,720486,INR,CREDIT,2026-08-31T10:07:11Z,SETTLEMENT SET_26FB37E2,SET_26FB37E2
BNK_67039CB8,1536561,INR,CREDIT,2026-09-03T11:42:44Z,SETTLEMENT SET_BA1684A3,SET_BA1684A3
BNK_8D64285D,1430231,INR,CREDIT,2026-09-01T15:07:04Z,SETTLEMENT SET_2289C359,SET_2289C359
BNK_BAD12A2D,1065351,INR,CREDIT,2026-07-27T04:15:57Z,SETTLEMENT SET_35E83B7E,SET_35E83B7E
BNK_C9AC70AF,53605,INR,CREDIT,2026-08-17T14:33:31Z,SETTLEMENT SET_807F1FE8,SET_807F1FE8
BNK_721C2FC8,989094,INR,CREDIT,2026-08-07T16:18:24Z,SETTLEMENT SET_313AF387,SET_313AF387
BNK_3A90207B,1564096,INR,CREDIT,2026-08-21T23:52:05Z,SETTLEMENT SET_023589B7,SET_023589B7
BNK_906468D3,307176,INR,CREDIT,2026-07-29T15:13:21Z,SETTLEMENT SET_6E3ADF95,SET_6E3ADF95
BNK_6B05F25F,536728,INR,CREDIT,2026-08-14T01:06:43Z,SETTLEMENT SET_CA01584C,SET_CA01584C
BNK_AD63636C,1291875,INR,CREDIT,2026-07-03T02:36:06Z,SETTLEMENT SET_FEDBC475,SET_FEDBC475
BNK_97852BF8,1447318,INR,CREDIT,2026-08-07T18:12:24Z,SETTLEMENT SET_9FAB4239,SET_9FAB4239
BNK_2A693BCF,1170997,INR,CREDIT,2026-08-07T12:08:27Z,SETTLEMENT SET_DAD013CF,SET_DAD013CF
BNK_20AC6EDA,1080289,INR,CREDIT,2026-08-10T11:50:39Z,SETTLEMENT SET_34997753,SET_34997753
BNK_5758F61A,671275,INR,CREDIT,2026-07-10T15:19:38Z,SETTLEMENT SET_72BEEFEE,SET_72BEEFEE
BNK_491CC8A9,696760,INR,CREDIT,2026-07-12T06:38:17Z,SETTLEMENT SET_D3AFBC90,SET_D3AFBC90
BNK_09EF5884,405890,INR,CREDIT,2026-07-31T03:25:29Z,SETTLEMENT SET_8FA0E2B1,SET_8FA0E2B1
BNK_E0E71FF9,484100,INR,CREDIT,2026-08-09T03:30:42Z,SETTLEMENT SET_8776DB0B,SET_8776DB0B
BNK_A5BBE875,283840,INR,CREDIT,2026-08-25T13:40:09Z,SETTLEMENT SET_38A82428,SET_38A82428
BNK_ED337D73,910396,INR,CREDIT,2026-07-06T16:50:27Z,SETTLEMENT SET_B6188E15,SET_B6188E15
BNK_C8967E00,479218,INR,CREDIT,2026-08-19T22:12:36Z,SETTLEMENT SET_76A6632E,SET_76A6632E
BNK_CA387AB6,785124,INR,CREDIT,2026-09-03T07:41:50Z,SETTLEMENT SET_B524BD3B,SET_B524BD3B
BNK_B49B0157,55119,INR,CREDIT,2026-07-21T09:03:57Z,SETTLEMENT SET_7C908025,SET_7C908025
BNK_74FEA031,851441,INR,CREDIT,2026-07-03T10:58:41Z,SETTLEMENT SET_E9D3791C,SET_E9D3791C
BNK_0AC213CC,-36103,INR,CREDIT,2026-07-24T14:40:50Z,SETTLEMENT SET_3CEFF212,SET_3CEFF212
BNK_A6232C2B,650869,INR,CREDIT,2026-08-09T14:04:58Z,SETTLEMENT SET_F5A9D65D,SET_F5A9D65D
BNK_252C26F7,78794,INR,CREDIT,2026-08-22T21:31:33Z,SETTLEMENT SET_BDCF5CFE,SET_BDCF5CFE
BNK_E014B20B,331976,INR,CREDIT,2026-08-01T17:53:21Z,SETTLEMENT SET_7443B2F2,SET_7443B2F2
BNK_8CABDFD8,399543,INR,CREDIT,2026-08-07T15:18:37Z,SETTLEMENT SET_B9D00B2C,SET_B9D00B2C
BNK_30BF2B03,324751,INR,CREDIT,2026-08-14T00:07:29Z,SETTLEMENT SET_A0EE2EAF,SET_A0EE2EAF
BNK_19CB6CB7,1462941,INR,CREDIT,2026-08-20T09:46:46Z,SETTLEMENT SET_CCD677B5,SET_CCD677B5
BNK_B9DADC21,308055,INR,CREDIT,2026-07-12T13:22:42Z,SETTLEMENT SET_31B22A8E,SET_31B22A8E
BNK_6ED62C4B,127811,INR,CREDIT,2026-08-23T16:34:19Z,SETTLEMENT SET_97BA45A2,SET_97BA45A2
BNK_06AD51F3,359063,INR,CREDIT,2026-08-12T00:24:55Z,SETTLEMENT SET_7EC43F6B,SET_7EC43F6B
BNK_752A70EC,-29882,INR,CREDIT,2026-07-26T07:45:49Z,SETTLEMENT SET_1CBB0D9E,SET_1CBB0D9E
BNK_379AD93D,1425740,INR,CREDIT,2026-08-21T05:36:11Z,SETTLEMENT SET_1745CA7F,SET_1745CA7F
BNK_B20D545A,1777244,INR,CREDIT,2026-09-01T13:01:51Z,SETTLEMENT SET_94742C6D,SET_94742C6D
BNK_52F80E38,70301,INR,CREDIT,2026-07-26T22:01:21Z,SETTLEMENT SET_195C8952,SET_195C8952
BNK_037C2326,1300565,INR,CREDIT,2026-08-12T00:50:57Z,SETTLEMENT SET_28F268E9,SET_28F268E9
BNK_453AA31E,1281916,INR,CREDIT,2026-08-21T15:04:11Z,SETTLEMENT SET_C5D5969A,SET_C5D5969A
BNK_97359FB0,769892,INR,CREDIT,2026-08-14T12:14:43Z,SETTLEMENT SET_FBB8356C,SET_FBB8356C
BNK_9925683E,1045823,INR,CREDIT,2026-08-01T14:03:59Z,SETTLEMENT SET_EA9B6922,SET_EA9B6922
BNK_93377F1C,422996,INR,CREDIT,2026-07-23T14:30:42Z,SETTLEMENT SET_9F9FC76B,SET_9F9FC76B
BNK_95C1887F,422196,INR,CREDIT,2026-09-03T00:20:13Z,SETTLEMENT SET_6D2AF363,SET_6D2AF363
BNK_AB665562,1718074,INR,CREDIT,2026-07-09T12:50:14Z,SETTLEMENT SET_024E77CC,SET_024E77CC
BNK_0A06B869,1428571,INR,CREDIT,2026-08-25T18:54:00Z,SETTLEMENT SET_70AD96B1,SET_70AD96B1
BNK_34D854BF,1259512,INR,CREDIT,2026-07-18T22:07:51Z,SETTLEMENT SET_B642C727,SET_B642C727
BNK_E1D479B3,1141998,INR,CREDIT,2026-07-15T03:49:32Z,SETTLEMENT SET_49677220,SET_49677220
BNK_A1C8F8F4,58584,INR,CREDIT,2026-07-16T17:43:37Z,SETTLEMENT SET_9014B3BF,SET_9014B3BF
BNK_D1913980,1693957,INR,CREDIT,2026-08-21T00:35:43Z,SETTLEMENT SET_F46C870D,SET_F46C870D
BNK_79401D7F,1619555,INR,CREDIT,2026-08-13T19:34:03Z,SETTLEMENT SET_DFC26BAB,SET_DFC26BAB
BNK_E92AF158,36049,INR,CREDIT,2026-07-21T00:23:57Z,SETTLEMENT SET_DEEC1868,SET_DEEC1868
BNK_063B6F10,48820,INR,CREDIT,2026-09-02T10:57:30Z,SETTLEMENT SET_71322C87,SET_71322C87
BNK_762ADCF0,681039,INR,CREDIT,2026-07-04T23:18:33Z,SETTLEMENT SET_DCB4DB5E,SET_DCB4DB5E
BNK_621BA7D4,804847,INR,CREDIT,2026-07-27T03:26:13Z,SETTLEMENT SET_E7D457B6,SET_E7D457B6
BNK_2E467E16,742650,INR,CREDIT,2026-07-26T13:52:31Z,SETTLEMENT SET_E5573B75,SET_E5573B75
BNK_A8183C5D,1907007,INR,CREDIT,2026-07-28T03:25:19Z,SETTLEMENT SET_0504446F,SET_0504446F
BNK_F98982A4,303270,INR,CREDIT,2026-07-31T01:07:05Z,SETTLEMENT SET_60860658,SET_60860658
BNK_D9506EF9,138845,INR,CREDIT,2026-08-23T13:12:41Z,SETTLEMENT SET_DF0C8F21,SET_DF0C8F21
BNK_C0F90921,635637,INR,CREDIT,2026-07-23T16:27:24Z,SETTLEMENT SET_5582F1BD,SET_5582F1BD
BNK_505AFEDF,-34658,INR,CREDIT,2026-08-12T00:50:42Z,SETTLEMENT SET_FA5F7A25,SET_FA5F7A25
BNK_AC3EDDFA,966344,INR,CREDIT,2026-08-04T01:57:35Z,SETTLEMENT SET_A1EA4A72,SET_A1EA4A72
BNK_0EB0C336,795962,INR,CREDIT,2026-08-27T19:09:13Z,SETTLEMENT SET_A15DA5F2,SET_A15DA5F2
BNK_DC191C55,740502,INR,CREDIT,2026-07-09T13:10:03Z,SETTLEMENT SET_92F8697D,SET_92F8697D
BNK_B0A6DEEA,644474,INR,CREDIT,2026-07-09T01:14:02Z,SETTLEMENT SET_4AB2962E,SET_4AB2962E
BNK_16BE9A13,1413339,INR,CREDIT,2026-09-02T07:17:13Z,SETTLEMENT SET_9F9217C8,SET_9F9217C8
BNK_05C7A6FE,1944989,INR,CREDIT,2026-07-20T20:31:10Z,SETTLEMENT SET_8C2F90D9,SET_8C2F90D9
BNK_DB8731F8,235020,INR,CREDIT,2026-07-04T21:43:35Z,SETTLEMENT SET_45EB5326,SET_45EB5326
BNK_B7306A10,618059,INR,CREDIT,2026-08-30T11:46:16Z,SETTLEMENT SET_BB235615,SET_BB235615
BNK_874952F6,1501115,INR,CREDIT,2026-08-26T06:25:25Z,SETTLEMENT SET_FA7B0C55,SET_FA7B0C55
BNK_97D43895,1950652,INR,CREDIT,2026-07-16T04:19:53Z,SETTLEMENT SET_EC7E650D,SET_EC7E650D
BNK_3B5355B6,1507757,INR,CREDIT,2026-07-30T05:43:10Z,SETTLEMENT SET_BBA34BFF,SET_BBA34BFF
BNK_9538A3E9,819981,INR,CREDIT,2026-07-23T23:50:26Z,SETTLEMENT SET_B1F06A71,SET_B1F06A71
BNK_41A8E1F1,1686146,INR,CREDIT,2026-07-12T06:09:56Z,SETTLEMENT SET_E1361360,SET_E1361360
BNK_E717BC60,-30406,INR,CREDIT,2026-07-04T13:29:45Z,SETTLEMENT SET_85BFD00C,SET_85BFD00C
BNK_E702EA82,152612,INR,CREDIT,2026-07-18T23:43:46Z,SETTLEMENT SET_5318ADAC,SET_5318ADAC
BNK_DDB175D8,857377,INR,CREDIT,2026-07-27T06:49:50Z,SETTLEMENT SET_754F9D34,SET_754F9D34
BNK_C03F2054,1801066,INR,CREDIT,2026-07-26T19:55:57Z,SETTLEMENT SET_45891A4F,SET_45891A4F
BNK_CD22F394,163743,INR,CREDIT,2026-08-10T20:31:38Z,SETTLEMENT SET_8F3B6E62,SET_8F3B6E62
BNK_9613712F,628997,INR,CREDIT,2026-07-26T14:14:55Z,SETTLEMENT SET_6B5C3CB5,SET_6B5C3CB5
BNK_065C194A,584496,INR,CREDIT,2026-08-27T02:43:53Z,SETTLEMENT SET_344485B6,SET_344485B6
BNK_3A7308F4,99057,INR,CREDIT,2026-07-04T09:05:13Z,SETTLEMENT SET_AC542E24,SET_AC542E24
BNK_DC63C2AC,986848,INR,CREDIT,2026-08-27T01:27:39Z,SETTLEMENT SET_6F1919C9,SET_6F1919C9
BNK_8D7D76F0,1792866,INR,CREDIT,2026-08-16T15:06:21Z,SETTLEMENT SET_BC60CA2F,SET_BC60CA2F
BNK_B22391E2,1585772,INR,CREDIT,2026-08-06T02:32:31Z,SETTLEMENT SET_FFC0778D,SET_FFC0778D
BNK_388B3106,1462352,INR,CREDIT,2026-08-01T09:59:00Z,SETTLEMENT SET_6EBD493A,SET_6EBD493A
BNK_E996D4F9,591594,INR,CREDIT,2026-07-10T10:57:53Z,SETTLEMENT SET_5D1EDE66,SET_5D1EDE66
BNK_8397BB24,932755,INR,CREDIT,2026-08-09T01:23:18Z,SETTLEMENT SET_6E562D26,SET_6E562D26
BNK_826E80D8,1899294,INR,CREDIT,2026-08-16T19:20:07Z,SETTLEMENT SET_13380128,SET_13380128
BNK_DB66915E,271537,INR,CREDIT,2026-07-19T15:08:46Z,SETTLEMENT SET_387A1FBC,SET_387A1FBC
BNK_9D951710,1782126,INR,CREDIT,2026-07-09T01:49:09Z,SETTLEMENT SET_22013860,SET_22013860
BNK_774EBD60,940371,INR,CREDIT,2026-08-31T03:43:07Z,SETTLEMENT SET_1C67E084,SET_1C67E084
BNK_7A0A6F3A,1450150,INR,CREDIT,2026-07-03T03:14:00Z,SETTLEMENT SET_40D8945D,SET_40D8945D
BNK_6529AFC7,1479930,INR,CREDIT,2026-08-10T00:08:03Z,SETTLEMENT SET_5B4A2F62,SET_5B4A2F62
BNK_9F4C0B6A,674302,INR,CREDIT,2026-08-22T12:44:35Z,SETTLEMENT SET_56AE7F5F,SET_56AE7F5F
BNK_9B7003A5,699103,INR,CREDIT,2026-08-04T06:43:50Z,SETTLEMENT SET_28A82842,SET_28A82842
BNK_26DDB177,404523,INR,CREDIT,2026-08-10T18:35:19Z,SETTLEMENT SET_85672208,SET_85672208
BNK_F8E1D01E,1357978,INR,CREDIT,2026-07-26T04:57:53Z,SETTLEMENT SET_E50DE358,SET_E50DE358
BNK_DF54D980,465255,INR,CREDIT,2026-07-13T00:22:16Z,SETTLEMENT SET_9E869F68,SET_9E869F68
BNK_C46971F3,684293,INR,CREDIT,2026-07-03T12:32:31Z,SETTLEMENT SET_49452A75,SET_49452A75
BNK_D3F7B467,1750979,INR,CREDIT,2026-07-15T02:05:43Z,SETTLEMENT SET_65B825AC,SET_65B825AC
BNK_CEA6B75E,1636740,INR,CREDIT,2026-07-15T11:47:32Z,SETTLEMENT SET_D7A96E5C,SET_D7A96E5C
BNK_9F03D099,869582,INR,CREDIT,2026-07-13T20:10:27Z,SETTLEMENT SET_8D6E216E,SET_8D6E216E
BNK_385A4EF2,1614966,INR,CREDIT,2026-07-31T00:17:27Z,SETTLEMENT SET_99668D00,SET_99668D00
BNK_402983D1,1946894,INR,CREDIT,2026-07-17T05:40:33Z,SETTLEMENT SET_2AF5B3F4,SET_2AF5B3F4
BNK_37AA0295,612984,INR,CREDIT,2026-07-27T12:16:57Z,SETTLEMENT SET_BC5249E4,SET_BC5249E4
BNK_4B965E5F,1123349,INR,CREDIT,2026-07-26T15:10:03Z,SETTLEMENT SET_C4E14D78,SET_C4E14D78
BNK_0A293BD1,1664470,INR,CREDIT,2026-07-03T01:57:35Z,SETTLEMENT SET_CA8E2B75,SET_CA8E2B75
BNK_2BD5D196,370935,INR,CREDIT,2026-08-06T22:53:25Z,SETTLEMENT SET_569E3669,SET_569E3669
BNK_43B70B43,1630296,INR,CREDIT,2026-08-19T11:33:14Z,SETTLEMENT SET_5681DAAA,SET_5681DAAA
BNK_EEFA39B9,171577,INR,CREDIT,2026-08-26T19:26:16Z,SETTLEMENT SET_19B65DF8,SET_19B65DF8
BNK_CD250A1B,722927,INR,CREDIT,2026-07-15T14:28:47Z,SETTLEMENT SET_D17F7102,SET_D17F7102
BNK_70F45AD2,583299,INR,CREDIT,2026-08-19T06:14:53Z,SETTLEMENT SET_7F02EB87,SET_7F02EB87
BNK_6201C3F6,1726228,INR,CREDIT,2026-08-16T21:33:37Z,SETTLEMENT SET_EFF342A6,SET_EFF342A6
BNK_4CF6876B,1395078,INR,CREDIT,2026-08-09T03:25:29Z,SETTLEMENT SET_AD11E12C,SET_AD11E12C
BNK_219AAE96,-7556,INR,CREDIT,2026-07-09T17:22:18Z,SETTLEMENT SET_D4E3376A,SET_D4E3376A
BNK_0D107FB3,224194,INR,CREDIT,2026-09-02T04:24:40Z,SETTLEMENT SET_2DE005C7,SET_2DE005C7
BNK_AC93207A,1655688,INR,CREDIT,2026-08-22T12:34:01Z,SETTLEMENT SET_6719262F,SET_6719262F
BNK_8F59C930,825156,INR,CREDIT,2026-08-06T10:35:13Z,SETTLEMENT SET_E965094E,SET_E965094E
BNK_8F317332,-6985,INR,CREDIT,2026-08-19T11:34:17Z,SETTLEMENT SET_13FA4B3F,SET_13FA4B3F
BNK_193F0AE5,-3419,INR,CREDIT,2026-07-12T08:28:41Z,SETTLEMENT SET_0A8FC452,SET_0A8FC452
BNK_425BE206,195183,INR,CREDIT,2026-08-08T20:45:37Z,SETTLEMENT SET_E05CF2E6,SET_E05CF2E6
BNK_45784726,-27432,INR,CREDIT,2026-07-08T13:10:11Z,SETTLEMENT SET_28CD41F3,SET_28CD41F3
BNK_BEF75D38,621867,INR,CREDIT,2026-08-11T02:45:31Z,SETTLEMENT SET_CB6C869D,SET_CB6C869D
BNK_A5D222E2,58584000,INR,CREDIT,2026-07-12T19:10:14Z,SETTLEMENT SET_EBBE3CAA,SET_EBBE3CAA
BNK_1772A228,1494283,INR,CREDIT,2026-08-27T08:42:10Z,SETTLEMENT SET_B65EA3FD,SET_B65EA3FD
BNK_A5096A3F,5370200,INR,CREDIT,2026-07-09T08:02:19Z,SETTLEMENT SET_8D845408,SET_8D845408
BNK_E652FC0C,1712558,INR,CREDIT,2026-08-18T00:11:00Z,SETTLEMENT SET_BC63B685,SET_BC63B685
BNK_7B1C45D5,1695129,INR,CREDIT,2026-07-13T13:04:29Z,SETTLEMENT SET_66919805,SET_66919805
BNK_3B8F430E,1079704,INR,CREDIT,2026-07-17T10:50:16Z,SETTLEMENT SET_A5EABF88,SET_A5EABF88
BNK_9552DD13,-25388,INR,CREDIT,2026-07-24T10:18:21Z,SETTLEMENT SET_7AD86D88,SET_7AD86D88
BNK_0AEB54CB,63174,INR,CREDIT,2026-08-19T11:17:07Z,SETTLEMENT SET_05629DD8,SET_05629DD8
BNK_C6982A80,137185,INR,CREDIT,2026-07-26T10:29:19Z,SETTLEMENT SET_78492D48,SET_78492D48
BNK_9F42884D,756125,INR,CREDIT,2026-08-22T15:10:43Z,SETTLEMENT SET_8EC861AF,SET_8EC861AF
BNK_B082ED4D,296655,INR,CREDIT,2026-07-13T14:51:34Z,SETTLEMENT SET_B128FBED,SET_B128FBED
BNK_11D73AF4,1710946,INR,CREDIT,2026-08-25T01:00:13Z,SETTLEMENT SET_C03E296F,SET_C03E296F
BNK_55945BA2,1154984,INR,CREDIT,2026-07-11T02:06:03Z,SETTLEMENT SET_1078F3E9,SET_1078F3E9
BNK_763BE1F2,198210,INR,CREDIT,2026-09-03T07:49:12Z,SETTLEMENT SET_26E5A90C,SET_26E5A90C
BNK_1C58CA19,1445756,INR,CREDIT,2026-08-21T01:41:49Z,SETTLEMENT SET_373327EF,SET_373327EF
BNK_BA36D98A,401691,INR,CREDIT,2026-08-01T23:50:54Z,SETTLEMENT SET_6AECFF08,SET_6AECFF08
BNK_65225EB3,982064,INR,CREDIT,2026-08-20T08:49:03Z,SETTLEMENT SET_13F3FB42,SET_13F3FB42
BNK_475E4846,765889,INR,CREDIT,2026-08-29T20:55:23Z,SETTLEMENT SET_94F7A1FE,SET_94F7A1FE
BNK_220819C5,1887236,INR,CREDIT,2026-07-04T08:41:45Z,SETTLEMENT SET_2B717498,SET_2B717498
BNK_814918D3,510560,INR,CREDIT,2026-07-25T19:15:43Z,SETTLEMENT SET_106B9DCB,SET_106B9DCB
BNK_4520849C,548542,INR,CREDIT,2026-07-17T16:59:10Z,SETTLEMENT SET_923B0347,SET_923B0347
BNK_95865F29,1046408,INR,CREDIT,2026-08-07T19:36:23Z,SETTLEMENT SET_1E63B952,SET_1E63B952
BNK_6ECC9CD6,1001689,INR,CREDIT,2026-07-25T05:51:19Z,SETTLEMENT SET_814BB2AE,SET_814BB2AE
BNK_2700A331,140872,INR,CREDIT,2026-08-02T22:46:17Z,SETTLEMENT SET_8A48B7D3,SET_8A48B7D3
BNK_72459A87,264214,INR,CREDIT,2026-08-02T18:24:19Z,SETTLEMENT SET_885325AB,SET_885325AB
BNK_54731647,187893,INR,CREDIT,2026-09-01T12:26:41Z,SETTLEMENT SET_5E63BB22,SET_5E63BB22
BNK_6A91B053,103647,INR,CREDIT,2026-07-11T19:37:09Z,SETTLEMENT SET_ECB39DA2,SET_ECB39DA2
BNK_F0227C33,1925266,INR,CREDIT,2026-08-18T10:30:13Z,SETTLEMENT SET_33FBE5DD,SET_33FBE5DD
BNK_31C8326C,1428376,INR,CREDIT,2026-07-06T15:07:24Z,SETTLEMENT SET_E7C1EEEF,SET_E7C1EEEF
BNK_79A89098,801115,INR,CREDIT,2026-07-22T18:11:25Z,SETTLEMENT SET_C56ACDB7,SET_C56ACDB7
BNK_B4C1EB30,552057,INR,CREDIT,2026-09-02T15:24:31Z,SETTLEMENT SET_7AB15E7F,SET_7AB15E7F
BNK_C95EA5FE,1495745,INR,CREDIT,2026-07-03T14:21:29Z,SETTLEMENT SET_5A4998BF,SET_5A4998BF
BNK_532D7A1B,-2232,INR,CREDIT,2026-09-01T15:48:04Z,SETTLEMENT SET_BEB6180C,SET_BEB6180C
BNK_7F39659D,1791692,INR,CREDIT,2026-07-22T10:43:44Z,SETTLEMENT SET_313981A3,SET_313981A3
BNK_EA9D7886,372497,INR,CREDIT,2026-07-09T09:44:50Z,SETTLEMENT SET_DA52C2AD,SET_DA52C2AD
BNK_746E0AD9,607112,INR,CREDIT,2026-07-23T02:33:07Z,SETTLEMENT SET_4D3646F7,SET_4D3646F7
BNK_84E00899,1950552,INR,CREDIT,2026-08-04T05:50:09Z,SETTLEMENT SET_3EC42BC7,SET_3EC42BC7
BNK_7B1416D7,1271664,INR,CREDIT,2026-08-19T23:46:33Z,SETTLEMENT SET_C1FB72BC,SET_C1FB72BC
BNK_5DF21BB7,796352,INR,CREDIT,2026-07-03T13:46:36Z,SETTLEMENT SET_67517029,SET_67517029
BNK_C2875078,1202131,INR,CREDIT,2026-08-05T17:04:34Z,SETTLEMENT SET_4944955E,SET_4944955E
BNK_B68211C9,1851645,INR,CREDIT,2026-08-04T11:25:33Z,SETTLEMENT SET_A94F882F,SET_A94F882F
BNK_18A2A2C5,592968,INR,CREDIT,2026-07-26T05:50:17Z,SETTLEMENT SET_7E45BCB4,SET_7E45BCB4
BNK_B3F3C2C5,545515,INR,CREDIT,2026-07-18T14:19:16Z,SETTLEMENT SET_AF79A409,SET_AF79A409
BNK_910983B4,405206,INR,CREDIT,2026-08-23T22:37:15Z,SETTLEMENT SET_2CAFFD10,SET_2CAFFD10
BNK_6C2E8D5E,185907,INR,CREDIT,2026-07-16T05:12:06Z,SETTLEMENT SET_9ECE99B9,SET_9ECE99B9
BNK_860DE509,1562533,INR,CREDIT,2026-08-08T16:55:28Z,SETTLEMENT SET_3CE7C386,SET_3CE7C386
BNK_4687C956,789225,INR,CREDIT,2026-08-11T17:33:00Z,SETTLEMENT SET_0B765D5B,SET_0B765D5B
BNK_7EA51F9B,29292000,INR,CREDIT,2026-07-17T12:18:45Z,SETTLEMENT SET_A5B26267,SET_A5B26267
BNK_6755609F,565238,INR,CREDIT,2026-07-12T13:32:10Z,SETTLEMENT SET_E17EDC43,SET_E17EDC43
BNK_595361F1,44036,INR,CREDIT,2026-08-06T10:40:34Z,SETTLEMENT SET_E2001712,SET_E2001712
BNK_43C6906B,1536366,INR,CREDIT,2026-07-08T19:54:33Z,SETTLEMENT SET_1ADA2748,SET_1ADA2748
BNK_DB8DAE0C,1092983,INR,CREDIT,2026-07-29T22:39:05Z,SETTLEMENT SET_6507695D,SET_6507695D
BNK_4437DC97,58584000,INR,CREDIT,2026-08-29T19:31:40Z,SETTLEMENT SET_2B9C6A76,SET_2B9C6A76
BNK_2D4F08B5,1601785,INR,CREDIT,2026-08-31T06:17:00Z,SETTLEMENT SET_EFC87294,SET_EFC87294
BNK_E647ED7E,368299,INR,CREDIT,2026-08-22T01:06:02Z,SETTLEMENT SET_C115025C,SET_C115025C
BNK_277CE88F,1377701,INR,CREDIT,2026-08-19T07:28:21Z,SETTLEMENT SET_7CFB86A8,SET_7CFB86A8
BNK_350B0AA2,1288360,INR,CREDIT,2026-07-22T02:58:19Z,SETTLEMENT SET_3F371D0E,SET_3F371D0E
BNK_D9880080,1775584,INR,CREDIT,2026-07-09T14:14:41Z,SETTLEMENT SET_93D92A5F,SET_93D92A5F
BNK_EFAF9931,678110,INR,CREDIT,2026-07-25T05:24:38Z,SETTLEMENT SET_2FC8941C,SET_2FC8941C
BNK_790CBBBE,-30580,INR,CREDIT,2026-08-20T01:11:05Z,SETTLEMENT SET_E69E9B78,SET_E69E9B78
BNK_FF37BFB8,45208,INR,CREDIT,2026-08-05T05:44:05Z,SETTLEMENT SET_73499418,SET_73499418
BNK_82C63270,1619946,INR,CREDIT,2026-07-30T20:34:00Z,SETTLEMENT SET_EEF7B8FA,SET_EEF7B8FA
BNK_856D4148,572561,INR,CREDIT,2026-08-12T17:47:44Z,SETTLEMENT SET_0DA73446,SET_0DA73446
BNK_3B59F20C,709979,INR,CREDIT,2026-07-05T09:52:49Z,SETTLEMENT SET_D838EAFD,SET_D838EAFD
BNK_5E83D6BD,1882304,INR,CREDIT,2026-07-16T20:30:15Z,SETTLEMENT SET_32C3CF67,SET_32C3CF67
BNK_CFFA10C8,-41576,INR,CREDIT,2026-07-30T03:55:20Z,SETTLEMENT SET_70DD142B,SET_70DD142B
BNK_8DC77239,1951191,INR,CREDIT,2026-08-01T08:40:42Z,SETTLEMENT SET_1967A1FA,SET_1967A1FA
BNK_B4DB52C3,1377799,INR,CREDIT,2026-07-30T02:31:00Z,SETTLEMENT SET_A50AA33F,SET_A50AA33F
BNK_422BEED2,365369,INR,CREDIT,2026-07-22T09:11:14Z,SETTLEMENT SET_FD2B261A,SET_FD2B261A
BNK_919843F2,1707138,INR,CREDIT,2026-08-24T02:12:26Z,SETTLEMENT SET_73C42A1D,SET_73C42A1D
BNK_216F149E,922698,INR,CREDIT,2026-08-26T16:12:52Z,SETTLEMENT SET_5C05DCA3,SET_5C05DCA3
BNK_D22DF343,1836316,INR,CREDIT,2026-07-25T01:23:55Z,SETTLEMENT SET_B05572A7,SET_B05572A7
BNK_02ABC49D,1237587,INR,CREDIT,2026-07-24T12:07:32Z,SETTLEMENT SET_E0A37A69,SET_E0A37A69
BNK_6645E558,888232,INR,CREDIT,2026-07-11T05:08:25Z,SETTLEMENT SET_A06E8B61,SET_A06E8B61
BNK_1E59EB59,231212,INR,CREDIT,2026-08-25T20:09:08Z,SETTLEMENT SET_CDC3DDBE,SET_CDC3DDBE
BNK_A0FB51CB,269585,INR,CREDIT,2026-08-13T18:14:33Z,SETTLEMENT SET_4C6ECCB0,SET_4C6ECCB0
BNK_70E3F903,1191013,INR,CREDIT,2026-08-27T08:51:11Z,SETTLEMENT SET_1A39C40E,SET_1A39C40E
BNK_488A731A,49895,INR,CREDIT,2026-08-30T11:55:49Z,SETTLEMENT SET_06E36DB3,SET_06E36DB3
BNK_E58AA732,1721589,INR,CREDIT,2026-07-10T21:22:06Z,SETTLEMENT SET_1F1A0EA2,SET_1F1A0EA2
BNK_CD2EE8B4,1069549,INR,CREDIT,2026-07-17T22:58:52Z,SETTLEMENT SET_19C6F90D,SET_19C6F90D
BNK_B68D06DB,289698,INR,CREDIT,2026-09-03T20:04:25Z,SETTLEMENT SET_4EBD9081,SET_4EBD9081
BNK_5D851E7B,32124,INR,CREDIT,2026-08-31T16:37:14Z,SETTLEMENT SET_8D975D85,SET_8D975D85
BNK_E3EBE933,1601004,INR,CREDIT,2026-07-12T21:16:43Z,SETTLEMENT SET_FA732C8B,SET_FA732C8B
BNK_0B8CFA61,1587627,INR,CREDIT,2026-08-03T04:11:23Z,SETTLEMENT SET_40E0165E,SET_40E0165E
BNK_E463B449,1067303,INR,CREDIT,2026-08-06T03:09:21Z,SETTLEMENT SET_D89830BF,SET_D89830BF
BNK_C692638C,1913452,INR,CREDIT,2026-08-30T16:17:56Z,SETTLEMENT SET_A62F01E5,SET_A62F01E5
BNK_3BD2C456,1585138,INR,CREDIT,2026-07-10T05:22:47Z,SETTLEMENT SET_CD8209F8,SET_CD8209F8
BNK_E90E15FD,1845006,INR,CREDIT,2026-08-31T04:47:38Z,SETTLEMENT SET_6AADCC2D,SET_6AADCC2D
BNK_72622D6D,1506683,INR,CREDIT,2026-08-20T10:02:39Z,SETTLEMENT SET_C44BD3BC,SET_C44BD3BC
BNK_89F68986,1180956,INR,CREDIT,2026-07-22T16:50:32Z,SETTLEMENT SET_FF19F071,SET_FF19F071
BNK_04D5D709,80942,INR,CREDIT,2026-08-28T16:19:02Z,SETTLEMENT SET_A5C6745C,SET_A5C6745C
BNK_16EF0924,78991,INR,CREDIT,2026-08-29T03:16:27Z,SETTLEMENT SET_3C725FD5,SET_3C725FD5
BNK_B8BD3A4A,-27132,INR,CREDIT,2026-07-22T10:46:33Z,SETTLEMENT SET_0FF6FC9F,SET_0FF6FC9F
BNK_282FDCA7,1721782,INR,CREDIT,2026-07-19T22:39:43Z,SETTLEMENT SET_A4AA406F,SET_A4AA406F
BNK_B7414719,781413,INR,CREDIT,2026-09-03T19:45:38Z,SETTLEMENT SET_DD071853,SET_DD071853
BNK_B2244A18,53410,INR,CREDIT,2026-07-19T15:53:22Z,SETTLEMENT SET_741CD436,SET_741CD436
BNK_1AD61699,1452591,INR,CREDIT,2026-08-10T17:44:06Z,SETTLEMENT SET_A48A0ADF,SET_A48A0ADF
BNK_06CB29DA,222910,INR,CREDIT,2026-07-10T09:48:20Z,SETTLEMENT SET_2029A850,SET_2029A850
BNK_F3972464,859428,INR,CREDIT,2026-08-29T04:57:01Z,SETTLEMENT SET_FE6655F4,SET_FE6655F4
BNK_20304162,893895,INR,CREDIT,2026-08-22T07:44:51Z,SETTLEMENT SET_ABBC2863,SET_ABBC2863
BNK_0C57F973,1848817,INR,CREDIT,2026-08-11T08:57:49Z,SETTLEMENT SET_BF19FFF2,SET_BF19FFF2
BNK_31921D46,172042,INR,CREDIT,2026-08-27T15:17:21Z,SETTLEMENT SET_1CAB817D,SET_1CAB817D
BNK_FA8B6289,308543,INR,CREDIT,2026-07-05T15:10:32Z,SETTLEMENT SET_4569A37C,SET_4569A37C
BNK_8AF1FEA6,86119,INR,CREDIT,2026-07-11T08:24:31Z,SETTLEMENT SET_0285A164,SET_0285A164
BNK_BA731967,864505,INR,CREDIT,2026-07-07T15:16:36Z,SETTLEMENT SET_773F9890,SET_773F9890
BNK_10BE9973,1555796,INR,CREDIT,2026-08-05T21:57:57Z,SETTLEMENT SET_4034AB64,SET_4034AB64
BNK_E33F8022,642717,INR,CREDIT,2026-07-26T07:31:57Z,SETTLEMENT SET_3D4149EE,SET_3D4149EE
BNK_58934C56,940078,INR,CREDIT,2026-07-13T16:59:16Z,SETTLEMENT SET_3C897EF4,SET_3C897EF4
BNK_6E0C7BD4,113946,INR,CREDIT,2026-07-15T02:57:15Z,SETTLEMENT SET_88AADCDA,SET_88AADCDA
BNK_F49D7294,1649921,INR,CREDIT,2026-08-25T22:31:19Z,SETTLEMENT SET_35EA0114,SET_35EA0114
BNK_35B3B8EB,1415488,INR,CREDIT,2026-07-27T20:03:42Z,SETTLEMENT SET_CD960130,SET_CD960130
BNK_1240418F,482342,INR,CREDIT,2026-08-01T19:11:18Z,SETTLEMENT SET_8B12E4AA,SET_8B12E4AA
BNK_52CDD113,558111,INR,CREDIT,2026-08-21T13:56:34Z,SETTLEMENT SET_FF88A5A8,SET_FF88A5A8
BNK_37BCEEB7,1066522,INR,CREDIT,2026-07-13T06:26:04Z,SETTLEMENT SET_5D13C742,SET_5D13C742
BNK_A6784756,1760743,INR,CREDIT,2026-08-07T20:56:49Z,SETTLEMENT SET_DF7EB2D8,SET_DF7EB2D8
BNK_2A8BD845,112141,INR,CREDIT,2026-07-08T20:47:17Z,SETTLEMENT SET_93B1A835,SET_93B1A835
BNK_C29BE59A,1128717,INR,CREDIT,2026-07-13T17:32:38Z,SETTLEMENT SET_9F0589CD,SET_9F0589CD
BNK_81B20098,139821,INR,CREDIT,2026-07-22T10:50:21Z,SETTLEMENT SET_B5F7FA3D,SET_B5F7FA3D
BNK_B8B9D785,1663543,INR,CREDIT,2026-07-03T13:36:14Z,SETTLEMENT SET_0ECEBF35,SET_0ECEBF35
BNK_73ED648F,180830,INR,CREDIT,2026-08-20T03:34:03Z,SETTLEMENT SET_A8F79F4F,SET_A8F79F4F
BNK_FB559141,1121005,INR,CREDIT,2026-07-05T08:13:55Z,SETTLEMENT SET_A60CA215,SET_A60CA215
BNK_C554A30C,1083219,INR,CREDIT,2026-08-25T05:27:52Z,SETTLEMENT SET_39EFC9FD,SET_39EFC9FD
BNK_D312F176,198600,INR,CREDIT,2026-08-16T09:43:15Z,SETTLEMENT SET_CA3EB9E3,SET_CA3EB9E3
BNK_87FFC072,1089420,INR,CREDIT,2026-08-18T15:38:44Z,SETTLEMENT SET_959ECD39,SET_959ECD39
BNK_542F1890,14912,INR,CREDIT,2026-07-22T16:39:30Z,SETTLEMENT SET_F0DD99CE,SET_F0DD99CE
BNK_0DA67EE9,14354,INR,CREDIT,2026-07-10T13:38:59Z,SETTLEMENT SET_0E6175B1,SET_0E6175B1
BNK_D6334528,1471533,INR,CREDIT,2026-07-08T21:05:40Z,SETTLEMENT SET_3DDD47BB,SET_3DDD47BB
BNK_D2FFD25E,848394,INR,CREDIT,2026-08-27T23:00:30Z,SETTLEMENT SET_E43F0F1C,SET_E43F0F1C
BNK_332ED80C,599645,INR,CREDIT,2026-08-27T14:56:32Z,SETTLEMENT SET_5C308E70,SET_5C308E70
BNK_AF57A705,961266,INR,CREDIT,2026-08-17T21:13:45Z,SETTLEMENT SET_2BFEEEA3,SET_2BFEEEA3
BNK_5AE6A593,915473,INR,CREDIT,2026-08-29T14:00:34Z,SETTLEMENT SET_1BB3C698,SET_1BB3C698
BNK_B6F58B1A,212367,INR,CREDIT,2026-07-17T11:38:25Z,SETTLEMENT SET_0EBD03E4,SET_0EBD03E4
BNK_F840DD31,1437261,INR,CREDIT,2026-08-31T13:38:37Z,SETTLEMENT SET_F885DDA2,SET_F885DDA2
BNK_ADAA0AF8,1331810,INR,CREDIT,2026-08-24T09:49:19Z,SETTLEMENT SET_9B095F1F,SET_9B095F1F
BNK_99D95C37,752317,INR,CREDIT,2026-08-29T05:00:37Z,SETTLEMENT SET_DD50BDBE,SET_DD50BDBE
BNK_D86B4FB7,48312,INR,CREDIT,2026-07-07T22:59:55Z,SETTLEMENT SET_ABFE1797,SET_ABFE1797
BNK_29ABA3AA,93833,INR,CREDIT,2026-08-10T02:00:25Z,SETTLEMENT SET_B99422DA,SET_B99422DA
BNK_B29C45C9,214613,INR,CREDIT,2026-08-09T16:09:26Z,SETTLEMENT SET_C862BF87,SET_C862BF87
BNK_0475C335,1654413,INR,CREDIT,2026-07-18T18:02:54Z,SETTLEMENT SET_561DE9D2,SET_561DE9D2
BNK_72210D5E,135427,INR,CREDIT,2026-08-25T16:19:17Z,SETTLEMENT SET_FF87676E,SET_FF87676E
BNK_7DD4C0EA,903854,INR,CREDIT,2026-08-05T08:33:13Z,SETTLEMENT SET_F8563967,SET_F8563967
BNK_DD025445,988215,INR,CREDIT,2026-08-12T00:44:42Z,SETTLEMENT SET_6716CCDE,SET_6716CCDE
BNK_A5728E13,1547302,INR,CREDIT,2026-07-23T15:01:57Z,SETTLEMENT SET_FE2B55EA,SET_FE2B55EA
BNK_AF690303,365467,INR,CREDIT,2026-08-16T05:16:52Z,SETTLEMENT SET_A2E48810,SET_A2E48810
BNK_98A610DE,686507,INR,CREDIT,2026-08-26T16:42:11Z,SETTLEMENT SET_846AB223,SET_846AB223
BNK_20C372B3,456956,INR,CREDIT,2026-07-07T10:49:43Z,SETTLEMENT SET_187CF125,SET_187CF125
BNK_D2BF8D84,503042,INR,CREDIT,2026-08-03T04:54:55Z,SETTLEMENT SET_C14F1E95,SET_C14F1E95
BNK_73FEBFAC,1713192,INR,CREDIT,2026-07-24T01:49:47Z,SETTLEMENT SET_3B732E1B,SET_3B732E1B
BNK_8BD4F4E0,526332,INR,CREDIT,2026-08-22T20:59:29Z,SETTLEMENT SET_DB241F9B,SET_DB241F9B
BNK_57F199C6,1947235,INR,CREDIT,2026-08-20T23:05:40Z,SETTLEMENT SET_B9EEA8CF,SET_B9EEA8CF
BNK_175C54D5,627433,INR,CREDIT,2026-09-03T11:49:12Z,SETTLEMENT SET_EC07491A,SET_EC07491A
BNK_7959CF1D,877491,INR,CREDIT,2026-09-03T20:12:46Z,SETTLEMENT SET_3F1EE7BE,SET_3F1EE7BE
BNK_8B0EFBA0,1827040,INR,CREDIT,2026-08-08T03:33:56Z,SETTLEMENT SET_15B5D494,SET_15B5D494
BNK_86CD023A,1692590,INR,CREDIT,2026-08-11T20:58:11Z,SETTLEMENT SET_BC72E6B3,SET_BC72E6B3
BNK_4CF33BEE,1854282,INR,CREDIT,2026-07-07T05:46:27Z,SETTLEMENT SET_8AF9E0DE,SET_8AF9E0DE
BNK_ECF47DE9,743613,INR,CREDIT,2026-07-11T07:42:15Z,SETTLEMENT SET_A35D2642,SET_A35D2642
BNK_5F07BE60,249959,INR,CREDIT,2026-08-11T15:06:31Z,SETTLEMENT SET_34A2E101,SET_34A2E101
BNK_F38B0ADA,332758,INR,CREDIT,2026-07-20T15:07:20Z,SETTLEMENT SET_851315D9,SET_851315D9
BNK_28D167A6,247811,INR,CREDIT,2026-09-03T12:39:19Z,SETTLEMENT SET_05C586CF,SET_05C586CF
BNK_2CD599E2,1137556,INR,CREDIT,2026-07-25T11:35:17Z,SETTLEMENT SET_9523258B,SET_9523258B
BNK_C6DA77A1,-13737,INR,CREDIT,2026-07-16T06:42:05Z,SETTLEMENT SET_6D6C4433,SET_6D6C4433
BNK_487FBA42,1229972,INR,CREDIT,2026-07-08T11:19:09Z,SETTLEMENT SET_C475F1A9,SET_C475F1A9
BNK_7F42F8F7,1811418,INR,CREDIT,2026-07-11T22:35:59Z,SETTLEMENT SET_B410B4C3,SET_B410B4C3
BNK_C0FF2740,307176,INR,CREDIT,2026-07-10T00:57:05Z,SETTLEMENT SET_FEF7CDBA,SET_FEF7CDBA
BNK_517B3A16,446506,INR,CREDIT,2026-07-23T00:15:23Z,SETTLEMENT SET_764CF1DF,SET_764CF1DF
BNK_BA708E0C,1765429,INR,CREDIT,2026-08-11T10:10:08Z,SETTLEMENT SET_55D53137,SET_55D53137
BNK_3B7BB9F7,1090494,INR,CREDIT,2026-07-25T21:15:42Z,SETTLEMENT SET_27B268CE,SET_27B268CE
BNK_5DB394E5,654774,INR,CREDIT,2026-08-26T10:49:56Z,SETTLEMENT SET_D293E7A0,SET_D293E7A0
BNK_0A080C00,-3870,INR,CREDIT,2026-08-21T05:18:26Z,SETTLEMENT SET_A3C4497B,SET_A3C4497B
BNK_EE11678D,384700,INR,CREDIT,2026-07-27T21:17:25Z,SETTLEMENT SET_04597F56,SET_04597F56
BNK_04A1F444,1443510,INR,CREDIT,2026-07-05T10:14:23Z,SETTLEMENT SET_ED77AAA7,SET_ED77AAA7
BNK_B9E52EE0,474531,INR,CREDIT,2026-07-08T04:44:17Z,SETTLEMENT SET_498D5A8F,SET_498D5A8F
BNK_BCD4CCB3,5370200,INR,CREDIT,2026-07-11T10:59:47Z,SETTLEMENT SET_3E4302B3,SET_3E4302B3
BNK_A5CEBA2D,927315,INR,CREDIT,2026-07-24T05:54:27Z,SETTLEMENT SET_36CE30B1,SET_36CE30B1
BNK_22D0C0B2,429812,INR,CREDIT,2026-07-04T00:58:13Z,SETTLEMENT SET_25EC8FD9,SET_25EC8FD9
BNK_E9BE186C,224049,INR,CREDIT,2026-08-07T22:08:19Z,SETTLEMENT SET_B47D6FE6,SET_B47D6FE6
BNK_9D869091,49602,INR,CREDIT,2026-08-21T02:08:17Z,SETTLEMENT SET_DED82506,SET_DED82506
BNK_18730F3E,601365,INR,CREDIT,2026-07-23T15:54:06Z,SETTLEMENT SET_07C198AC,SET_07C198AC
BNK_2CFE070E,1798920,INR,CREDIT,2026-08-13T09:50:44Z,SETTLEMENT SET_E70F135C,SET_E70F135C
BNK_BCE5B147,746654,INR,CREDIT,2026-07-25T02:56:23Z,SETTLEMENT SET_EB89226E,SET_EB89226E
BNK_E84DEACC,1811027,INR,CREDIT,2026-08-30T04:54:02Z,SETTLEMENT SET_539C425F,SET_539C425F
BNK_D010C60B,664634,INR,CREDIT,2026-07-09T11:16:32Z,SETTLEMENT SET_7695AF8D,SET_7695AF8D
BNK_D8CC4333,1640548,INR,CREDIT,2026-09-01T20:07:30Z,SETTLEMENT SET_DC793C7B,SET_DC793C7B
BNK_F5D13CE2,577010,INR,CREDIT,2026-07-19T12:08:18Z,SETTLEMENT SET_F37A3B6F,SET_F37A3B6F
BNK_73AFECFA,1611158,INR,CREDIT,2026-08-24T03:22:26Z,SETTLEMENT SET_9230BBCA,SET_9230BBCA
BNK_52A37AEF,826914,INR,CREDIT,2026-09-01T23:34:50Z,SETTLEMENT SET_2AD4E060,SET_2AD4E060
BNK_493C6FFA,1651286,INR,CREDIT,2026-08-11T15:34:40Z,SETTLEMENT SET_F9D98B9D,SET_F9D98B9D
BNK_653F4688,1628831,INR,CREDIT,2026-07-13T23:11:30Z,SETTLEMENT SET_99FDC54F,SET_99FDC54F
BNK_A43FD2A3,1249107,INR,CREDIT,2026-08-08T07:09:30Z,SETTLEMENT SET_C087BDF5,SET_C087BDF5
BNK_FD7C6F5C,412432,INR,CREDIT,2026-08-31T14:34:03Z,SETTLEMENT SET_4DAAC152,SET_4DAAC152
BNK_67AB84B3,849273,INR,CREDIT,2026-08-25T11:29:53Z,SETTLEMENT SET_881D5D95,SET_881D5D95
BNK_E9261ADE,338666,INR,CREDIT,2026-09-02T07:00:34Z,SETTLEMENT SET_7A358704,SET_7A358704
BNK_337D9D40,1019167,INR,CREDIT,2026-07-08T12:21:10Z,SETTLEMENT SET_5442F3C7,SET_5442F3C7
BNK_C925789A,58584000,INR,CREDIT,2026-08-29T04:33:08Z,SETTLEMENT SET_09FD9C96,SET_09FD9C96
BNK_C18FEF57,1918626,INR,CREDIT,2026-08-09T07:46:08Z,SETTLEMENT SET_6183EA1A,SET_6183EA1A
BNK_07B632A4,1735844,INR,CREDIT,2026-07-21T07:42:00Z,SETTLEMENT SET_9E8E0AD6,SET_9E8E0AD6
BNK_CBDDF804,1847599,INR,CREDIT,2026-08-06T16:57:56Z,SETTLEMENT SET_03077BC7,SET_03077BC7
BNK_11A9CBC1,1192087,INR,CREDIT,2026-07-10T17:03:27Z,SETTLEMENT SET_9D2C6C81,SET_9D2C6C81
BNK_315F1DA9,1418417,INR,CREDIT,2026-07-10T07:34:01Z,SETTLEMENT SET_40BBE1DC,SET_40BBE1DC
BNK_255ABF28,196645,INR,CREDIT,2026-08-04T16:15:57Z,SETTLEMENT SET_82FC4402,SET_82FC4402
BNK_BB8317EB,413896,INR,CREDIT,2026-08-21T18:17:38Z,SETTLEMENT SET_927906B6,SET_927906B6
BNK_2F4EF3ED,715213,INR,CREDIT,2026-08-18T15:35:06Z,SETTLEMENT SET_40C87FE9,SET_40C87FE9
BNK_F711F5B6,1390394,INR,CREDIT,2026-08-29T09:03:32Z,SETTLEMENT SET_A9766CC4,SET_A9766CC4
BNK_459113BF,-40877,INR,CREDIT,2026-07-05T13:42:58Z,SETTLEMENT SET_7AA81244,SET_7AA81244
BNK_FB314EA0,1671597,INR,CREDIT,2026-07-18T01:36:36Z,SETTLEMENT SET_78620006,SET_78620006
BNK_EF51D446,349942,INR,CREDIT,2026-09-02T14:01:44Z,SETTLEMENT SET_1A5C7869,SET_1A5C7869
BNK_8AEAA0A6,1223820,INR,CREDIT,2026-08-21T14:21:19Z,SETTLEMENT SET_98ACED1D,SET_98ACED1D
BNK_6FE19BA4,356875,INR,CREDIT,2026-09-03T09:51:28Z,SETTLEMENT SET_7BDF36B2,SET_7BDF36B2
BNK_8DE5B9A2,75331,INR,CREDIT,2026-08-09T19:42:24Z,SETTLEMENT SET_4F7CC395,SET_4F7CC395
BNK_7289937F,1912085,INR,CREDIT,2026-07-24T01:27:42Z,SETTLEMENT SET_2A3BA389,SET_2A3BA389
BNK_93524D85,467623,INR,CREDIT,2026-08-27T09:15:09Z,SETTLEMENT SET_9096F617,SET_9096F617
BNK_D70496B5,161985,INR,CREDIT,2026-07-30T06:00:55Z,SETTLEMENT SET_3F177A9B,SET_3F177A9B
BNK_3B3E3519,1445561,INR,CREDIT,2026-08-03T04:23:20Z,SETTLEMENT SET_92F4BA7A,SET_92F4BA7A
BNK_FE136106,809436,INR,CREDIT,2026-08-13T09:58:03Z,SETTLEMENT SET_B9F5884F,SET_B9F5884F
BNK_DD768FCB,716125,INR,CREDIT,2026-08-29T16:30:16Z,SETTLEMENT SET_0B022ABC,SET_0B022ABC
BNK_A63FE70D,1749416,INR,CREDIT,2026-09-03T15:10:25Z,SETTLEMENT SET_BC01700F,SET_BC01700F
BNK_28380D42,329431,INR,CREDIT,2026-08-23T20:59:47Z,SETTLEMENT SET_7F8E78A6,SET_7F8E78A6
BNK_7C4B1D6A,572464,INR,CREDIT,2026-08-02T09:16:30Z,SETTLEMENT SET_95162380,SET_95162380
BNK_C12F2274,-20296,INR,CREDIT,2026-08-16T15:49:30Z,SETTLEMENT SET_8BE1D59A,SET_8BE1D59A
BNK_247574BE,346296,INR,CREDIT,2026-07-31T08:29:28Z,SETTLEMENT SET_A35DEE46,SET_A35DEE46
BNK_C426CFFD,1574445,INR,CREDIT,2026-08-27T07:46:20Z,SETTLEMENT SET_77431D08,SET_77431D08
BNK_EBBDECF0,255329,INR,CREDIT,2026-08-12T12:48:05Z,SETTLEMENT SET_E2B19C2F,SET_E2B19C2F
BNK_2AE96603,312741,INR,CREDIT,2026-07-04T06:16:43Z,SETTLEMENT SET_9D4C9CA7,SET_9D4C9CA7
BNK_4979B30D,1000127,INR,CREDIT,2026-07-21T06:25:24Z,SETTLEMENT SET_18D7C639,SET_18D7C639
BNK_2CC69F50,1535389,INR,CREDIT,2026-07-24T16:08:55Z,SETTLEMENT SET_7B62601E,SET_7B62601E
BNK_C959844B,665222,INR,CREDIT,2026-07-11T20:30:14Z,SETTLEMENT SET_8C8A3E0E,SET_8C8A3E0E
BNK_60256A7A,704864,INR,CREDIT,2026-08-07T08:21:23Z,SETTLEMENT SET_06C87F47,SET_06C87F47
BNK_331C55D5,733179,INR,CREDIT,2026-08-24T02:49:43Z,SETTLEMENT SET_902E649E,SET_902E649E
BNK_B70D48BA,816466,INR,CREDIT,2026-07-07T12:58:41Z,SETTLEMENT SET_65B692BB,SET_65B692BB
BNK_CD43BC88,1268832,INR,CREDIT,2026-08-13T13:32:43Z,SETTLEMENT SET_E5ECE61A,SET_E5ECE61A
BNK_20DA1486,1493795,INR,CREDIT,2026-08-08T20:03:48Z,SETTLEMENT SET_048EF8DB,SET_048EF8DB
BNK_0C51B483,105857,INR,CREDIT,2026-07-12T08:27:41Z,SETTLEMENT SET_96A19A7F,SET_96A19A7F
BNK_9C7097BD,460666,INR,CREDIT,2026-07-25T16:15:14Z,SETTLEMENT SET_4E4C9176,SET_4E4C9176
BNK_CE53D31B,123417,INR,CREDIT,2026-08-17T09:47:19Z,SETTLEMENT SET_0A8751D6,SET_0A8751D6
BNK_95C48076,1232022,INR,CREDIT,2026-08-10T05:37:50Z,SETTLEMENT SET_7C818CDF,SET_7C818CDF
BNK_2937439C,1434723,INR,CREDIT,2026-08-11T11:42:56Z,SETTLEMENT SET_B386B0D4,SET_B386B0D4
BNK_52601E36,58584000,INR,CREDIT,2026-07-10T11:05:00Z,SETTLEMENT SET_9DB97F81,SET_9DB97F81
BNK_927DF31C,801427,INR,CREDIT,2026-08-25T07:41:58Z,SETTLEMENT SET_81898E91,SET_81898E91
BNK_B54C562D,1531582,INR,CREDIT,2026-08-09T23:33:18Z,SETTLEMENT SET_9865CD98,SET_9865CD98
BNK_5D948F8B,-4021,INR,CREDIT,2026-08-16T03:58:50Z,SETTLEMENT SET_9ADA3884,SET_9ADA3884
BNK_40955026,1242567,INR,CREDIT,2026-08-16T06:43:31Z,SETTLEMENT SET_C98C7A6F,SET_C98C7A6F
BNK_3C03489B,966832,INR,CREDIT,2026-07-19T02:34:24Z,SETTLEMENT SET_897CB14E,SET_897CB14E
BNK_34846B56,779363,INR,CREDIT,2026-07-21T21:12:47Z,SETTLEMENT SET_3F637200,SET_3F637200
BNK_FA4CB1E3,865774,INR,CREDIT,2026-07-19T23:38:32Z,SETTLEMENT SET_4BCC5B85,SET_4BCC5B85
BNK_4C53CABC,29292000,INR,CREDIT,2026-07-24T12:07:12Z,SETTLEMENT SET_B2087E83,SET_B2087E83
BNK_F479585D,173214,INR,CREDIT,2026-07-07T14:34:55Z,SETTLEMENT SET_D1DEE9F7,SET_D1DEE9F7
BNK_DFA11FCE,-10275,INR,CREDIT,2026-08-14T15:42:11Z,SETTLEMENT SET_BD7732F2,SET_BD7732F2
BNK_1EBEDB41,765010,INR,CREDIT,2026-07-11T06:36:26Z,SETTLEMENT SET_02DC27E7,SET_02DC27E7
BNK_007ED254,27047,INR,CREDIT,2026-07-29T20:48:58Z,SETTLEMENT SET_3C388CF2,SET_3C388CF2
BNK_8BCD3135,808655,INR,CREDIT,2026-07-07T11:21:34Z,SETTLEMENT SET_0E165F1E,SET_0E165F1E
BNK_33BA3005,253064,INR,CREDIT,2026-07-29T17:08:51Z,SETTLEMENT SET_E60D5530,SET_E60D5530
BNK_A0BAE458,67567,INR,CREDIT,2026-07-08T08:06:14Z,SETTLEMENT SET_65005305,SET_65005305
BNK_0EEBD3C2,456077,INR,CREDIT,2026-08-22T02:44:22Z,SETTLEMENT SET_6050195C,SET_6050195C
BNK_79D2800A,1020584,INR,CREDIT,2026-07-23T15:58:08Z,SETTLEMENT SET_26B3F3F1,SET_26B3F3F1
BNK_26CE4C39,550495,INR,CREDIT,2026-08-14T08:36:38Z,SETTLEMENT SET_6B41ED46,SET_6B41ED46
BNK_2F3158E1,698641,INR,CREDIT,2026-08-16T03:07:09Z,SETTLEMENT SET_C4AB0F6C,SET_C4AB0F6C
BNK_AF4BABC5,538095,INR,CREDIT,2026-08-16T23:34:32Z,SETTLEMENT SET_78891CC4,SET_78891CC4
BNK_3D494329,1510784,INR,CREDIT,2026-08-03T07:27:39Z,SETTLEMENT SET_395C2B1E,SET_395C2B1E
BNK_01661F61,106673,INR,CREDIT,2026-07-25T12:14:10Z,SETTLEMENT SET_FCBA017B,SET_FCBA017B
BNK_31F1D5F2,497183,INR,CREDIT,2026-09-02T02:20:06Z,SETTLEMENT SET_39EFC64D,SET_39EFC64D
BNK_B967247F,1308279,INR,CREDIT,2026-08-11T01:07:45Z,SETTLEMENT SET_AF9E866B,SET_AF9E866B
BNK_5A08AF93,1119931,INR,CREDIT,2026-08-16T01:49:33Z,SETTLEMENT SET_02DA6E43,SET_02DA6E43
BNK_D283BE09,1449076,INR,CREDIT,2026-07-22T08:12:52Z,SETTLEMENT SET_C72D0E80,SET_C72D0E80
BNK_62F4C600,677720,INR,CREDIT,2026-08-20T12:12:11Z,SETTLEMENT SET_89A30DD2,SET_89A30DD2
BNK_59C44981,390072,INR,CREDIT,2026-07-31T19:20:09Z,SETTLEMENT SET_60E9E4F9,SET_60E9E4F9
BNK_2840B718,1554917,INR,CREDIT,2026-07-06T10:22:11Z,SETTLEMENT SET_96446329,SET_96446329
BNK_0E5535B1,340245,INR,CREDIT,2026-07-17T22:26:58Z,SETTLEMENT SET_D5C1EC4B,SET_D5C1EC4B
BNK_AF9ADE49,155591,INR,CREDIT,2026-07-19T14:58:44Z,SETTLEMENT SET_A07AB269,SET_A07AB269
BNK_938FE5A5,279056,INR,CREDIT,2026-07-07T15:31:16Z,SETTLEMENT SET_664FFF2C,SET_664FFF2C
BNK_72E275BE,1380728,INR,CREDIT,2026-08-16T02:13:06Z,SETTLEMENT SET_B97F9E02,SET_B97F9E02
BNK_AD186FEE,273588,INR,CREDIT,2026-08-20T14:43:15Z,SETTLEMENT SET_0FABCF55,SET_0FABCF55
BNK_1BB8B198,57359,INR,CREDIT,2026-08-10T23:36:31Z,SETTLEMENT SET_F0983E88,SET_F0983E88
BNK_219DC61C,1254382,INR,CREDIT,2026-08-01T18:41:46Z,SETTLEMENT SET_80434351,SET_80434351
BNK_5DDD1223,1565513,INR,CREDIT,2026-08-28T03:53:44Z,SETTLEMENT SET_06E5A25A,SET_06E5A25A
BNK_CA03A551,486736,INR,CREDIT,2026-07-17T22:57:27Z,SETTLEMENT SET_CD62820C,SET_CD62820C
BNK_E0BE35C7,743920,INR,CREDIT,2026-08-01T20:36:01Z,SETTLEMENT SET_4A4C6563,SET_4A4C6563
BNK_221B5C23,-46145,INR,CREDIT,2026-07-30T20:49:33Z,SETTLEMENT SET_36F5D117,SET_36F5D117
BNK_5DF98A4D,514661,INR,CREDIT,2026-07-21T21:01:39Z,SETTLEMENT SET_316A3A16,SET_316A3A16
BNK_7D63A29B,727844,INR,CREDIT,2026-08-03T05:50:27Z,SETTLEMENT SET_7763A057,SET_7763A057
BNK_A498AACF,1793354,INR,CREDIT,2026-08-07T07:36:35Z,SETTLEMENT SET_C15BF076,SET_C15BF076
BNK_9834B2ED,205435,INR,CREDIT,2026-08-08T07:51:37Z,SETTLEMENT SET_4ADA3E62,SET_4ADA3E62
BNK_E2FF1DDE,-27350,INR,CREDIT,2026-08-19T15:14:39Z,SETTLEMENT SET_4BD61987,SET_4BD61987
BNK_E5CAD394,856010,INR,CREDIT,2026-08-19T22:06:55Z,SETTLEMENT SET_51809729,SET_51809729
BNK_2FD5A85E,262750,INR,CREDIT,2026-09-01T10:38:24Z,SETTLEMENT SET_B3B2ACF1,SET_B3B2ACF1
BNK_AC1B1C12,155929,INR,CREDIT,2026-08-29T21:58:03Z,SETTLEMENT SET_797CB197,SET_797CB197
BNK_7C7248B6,1491159,INR,CREDIT,2026-07-12T20:10:35Z,SETTLEMENT SET_3657BF79,SET_3657BF79
BNK_1DA97B7B,1903257,INR,CREDIT,2026-08-23T21:22:17Z,SETTLEMENT SET_7237B532,SET_7237B532
BNK_6F07E44F,527471,INR,CREDIT,2026-08-14T05:06:02Z,SETTLEMENT SET_6D80E5C3,SET_6D80E5C3
BNK_F94693FA,1804828,INR,CREDIT,2026-07-24T04:46:38Z,SETTLEMENT SET_5799F6DB,SET_5799F6DB
BNK_2B5BEEC1,802699,INR,CREDIT,2026-09-01T04:03:51Z,SETTLEMENT SET_EB766637,SET_EB766637
BNK_0561AB22,175555,INR,CREDIT,2026-08-10T07:56:47Z,SETTLEMENT SET_D54DA485,SET_D54DA485
BNK_C0D82F9A,369618,INR,CREDIT,2026-07-16T12:17:37Z,SETTLEMENT SET_1895EFCF,SET_1895EFCF
BNK_982A4036,437623,INR,CREDIT,2026-07-13T23:07:25Z,SETTLEMENT SET_CF5A9846,SET_CF5A9846
BNK_B0FFC291,764326,INR,CREDIT,2026-08-06T11:56:55Z,SETTLEMENT SET_D5C6BBB2,SET_D5C6BBB2
BNK_A1C6F2F2,1550671,INR,CREDIT,2026-08-16T19:43:17Z,SETTLEMENT SET_8A9F2FE4,SET_8A9F2FE4
BNK_7592FD7C,1223527,INR,CREDIT,2026-08-01T12:56:24Z,SETTLEMENT SET_84FF2758,SET_84FF2758
BNK_C6D98691,583302,INR,CREDIT,2026-08-28T17:56:31Z,SETTLEMENT SET_46A59CA7,SET_46A59CA7
BNK_4F7AABA9,1880254,INR,CREDIT,2026-08-23T00:23:16Z,SETTLEMENT SET_0E0B1566,SET_0E0B1566
BNK_CEC41673,286572,INR,CREDIT,2026-08-08T01:01:50Z,SETTLEMENT SET_C3B9C1AB,SET_C3B9C1AB
BNK_17AD216C,110716,INR,CREDIT,2026-08-23T19:26:51Z,SETTLEMENT SET_C210F72D,SET_C210F72D
BNK_DCAD3EB4,1120127,INR,CREDIT,2026-08-01T16:22:03Z,SETTLEMENT SET_24DF4D90,SET_24DF4D90
BNK_8F9011B7,1711630,INR,CREDIT,2026-08-04T03:37:14Z,SETTLEMENT SET_F5E8BE10,SET_F5E8BE10
BNK_206F9986,1170214,INR,CREDIT,2026-08-20T22:15:14Z,SETTLEMENT SET_6F8C97BB,SET_6F8C97BB
BNK_2E4FCB77,1194138,INR,CREDIT,2026-08-21T07:23:11Z,SETTLEMENT SET_94E851AE,SET_94E851AE
BNK_F5A81420,871765,INR,CREDIT,2026-07-13T04:29:06Z,SETTLEMENT SET_71827CC1,SET_71827CC1
BNK_1F3CB084,638472,INR,CREDIT,2026-07-07T19:46:53Z,SETTLEMENT SET_003648DD,SET_003648DD
BNK_5C00509D,-35182,INR,CREDIT,2026-07-13T03:55:38Z,SETTLEMENT SET_9C1D604A,SET_9C1D604A
BNK_F1F61675,1378677,INR,CREDIT,2026-08-30T02:13:34Z,SETTLEMENT SET_ED3E35E2,SET_ED3E35E2
BNK_614B6095,574612,INR,CREDIT,2026-08-24T00:06:24Z,SETTLEMENT SET_795A2BB1,SET_795A2BB1
BNK_B0519BF1,903561,INR,CREDIT,2026-08-06T01:39:01Z,SETTLEMENT SET_FD19C1AA,SET_FD19C1AA
BNK_AD5C3EC1,793033,INR,CREDIT,2026-08-05T19:14:58Z,SETTLEMENT SET_DB48878C,SET_DB48878C
BNK_C28154BE,-42472,INR,CREDIT,2026-07-14T19:04:42Z,SETTLEMENT SET_6A662D0A,SET_6A662D0A
BNK_AA3BF29F,702881,INR,CREDIT,2026-07-08T06:32:27Z,SETTLEMENT SET_E9F2DFD2,SET_E9F2DFD2
BNK_480D91AC,304038,INR,CREDIT,2026-07-21T08:48:10Z,SETTLEMENT SET_DEA9130E,SET_DEA9130E
BNK_286FDD7A,1759083,INR,CREDIT,2026-08-09T20:51:29Z,SETTLEMENT SET_3F8A8320,SET_3F8A8320
BNK_61A9C468,1255749,INR,CREDIT,2026-07-18T03:25:42Z,SETTLEMENT SET_392B11FA,SET_392B11FA
BNK_7D8E6A43,1696751,INR,CREDIT,2026-07-22T18:48:17Z,SETTLEMENT SET_3605DAF3,SET_3605DAF3
BNK_E38DA199,1213275,INR,CREDIT,2026-07-18T09:03:19Z,SETTLEMENT SET_CD23C729,SET_CD23C729
BNK_208FAA25,1774119,INR,CREDIT,2026-07-31T22:29:48Z,SETTLEMENT SET_334F5845,SET_334F5845
BNK_757D0773,1501302,INR,CREDIT,2026-07-27T12:47:38Z,SETTLEMENT SET_23CEE5E3,SET_23CEE5E3
BNK_21E7D78F,42181,INR,CREDIT,2026-07-12T12:37:48Z,SETTLEMENT SET_FB7A7E69,SET_FB7A7E69
BNK_8F14C976,992411,INR,CREDIT,2026-08-06T09:02:54Z,SETTLEMENT SET_663C1E21,SET_663C1E21
BNK_14F3A94B,1135944,INR,CREDIT,2026-07-22T17:43:10Z,SETTLEMENT SET_E982C73C,SET_E982C73C
BNK_0B42919F,326704,INR,CREDIT,2026-08-04T22:52:40Z,SETTLEMENT SET_4AA28020,SET_4AA28020
BNK_5D58F959,1186522,INR,CREDIT,2026-08-11T03:25:45Z,SETTLEMENT SET_BF1E577D,SET_BF1E577D
BNK_6AA11939,334467,INR,CREDIT,2026-07-13T09:36:06Z,SETTLEMENT SET_B71028F3,SET_B71028F3
BNK_133FCA46,669809,INR,CREDIT,2026-08-11T11:59:08Z,SETTLEMENT SET_29A6F64E,SET_29A6F64E
BNK_12FB677C,649990,INR,CREDIT,2026-08-30T08:53:57Z,SETTLEMENT SET_C0A64743,SET_C0A64743
BNK_D68298F9,1068963,INR,CREDIT,2026-07-17T23:05:31Z,SETTLEMENT SET_3A4EC2C6,SET_3A4EC2C6
BNK_96FBC8AB,771064,INR,CREDIT,2026-07-17T14:36:04Z,SETTLEMENT SET_F4E57A1F,SET_F4E57A1F
BNK_5AA01DDA,249959,INR,CREDIT,2026-07-05T10:53:20Z,SETTLEMENT SET_2ADFDC8B,SET_2ADFDC8B
BNK_D1A33DE2,-15200,INR,CREDIT,2026-08-09T08:24:48Z,SETTLEMENT SET_60216329,SET_60216329
BNK_8BD7EA5C,1352996,INR,CREDIT,2026-07-24T00:49:55Z,SETTLEMENT SET_0FC32855,SET_0FC32855
BNK_008FCC75,1699132,INR,CREDIT,2026-08-14T00:31:29Z,SETTLEMENT SET_FA48BD71,SET_FA48BD71
BNK_A5582CE6,1661395,INR,CREDIT,2026-08-05T13:33:34Z,SETTLEMENT SET_FFDFB5E0,SET_FFDFB5E0
BNK_F3DAF597,564820,INR,CREDIT,2026-08-02T15:31:23Z,SETTLEMENT SET_A52655BD,SET_A52655BD
BNK_B7754133,744213,INR,CREDIT,2026-07-11T23:15:59Z,SETTLEMENT SET_3524D49D,SET_3524D49D
BNK_9A13BD6E,248104,INR,CREDIT,2026-08-23T19:43:56Z,SETTLEMENT SET_6730B608,SET_6730B608
BNK_D33B4B83,1774217,INR,CREDIT,2026-08-25T04:06:09Z,SETTLEMENT SET_E0277A8C,SET_E0277A8C
BNK_B310C8D1,1895193,INR,CREDIT,2026-07-28T22:57:31Z,SETTLEMENT SET_EC36FE88,SET_EC36FE88
BNK_9FBAB3F9,396712,INR,CREDIT,2026-07-24T08:08:39Z,SETTLEMENT SET_AB917804,SET_AB917804
BNK_0C06ED89,875929,INR,CREDIT,2026-08-05T13:45:18Z,SETTLEMENT SET_9A8A6560,SET_9A8A6560
BNK_E0B4D31D,125468,INR,CREDIT,2026-08-18T19:35:22Z,SETTLEMENT SET_66AB2177,SET_66AB2177
BNK_F4611C08,734644,INR,CREDIT,2026-08-09T13:05:39Z,SETTLEMENT SET_A0CEB2EB,SET_A0CEB2EB
BNK_A9BD4B2A,551569,INR,CREDIT,2026-07-10T20:34:16Z,SETTLEMENT SET_772E352B,SET_772E352B
BNK_A27F8FB1,617281,INR,CREDIT,2026-08-03T09:52:56Z,SETTLEMENT SET_B68D32EE,SET_B68D32EE
BNK_7A5CC65C,1617798,INR,CREDIT,2026-08-18T02:10:32Z,SETTLEMENT SET_F66FBE66,SET_F66FBE66
BNK_095E18A5,209829,INR,CREDIT,2026-08-06T05:14:19Z,SETTLEMENT SET_D92CBC1C,SET_D92CBC1C
BNK_4848239E,1382095,INR,CREDIT,2026-07-18T04:14:39Z,SETTLEMENT SET_732A3032,SET_732A3032
BNK_2887A5A5,1213959,INR,CREDIT,2026-07-23T00:44:14Z,SETTLEMENT SET_64468153,SET_64468153
BNK_0724031F,1858968,INR,CREDIT,2026-08-13T03:21:57Z,SETTLEMENT SET_71B88623,SET_71B88623
BNK_12EEEC28,1115532,INR,CREDIT,2026-07-30T10:12:16Z,SETTLEMENT SET_613A4677,SET_613A4677
BNK_EFB5A5F2,1810051,INR,CREDIT,2026-09-02T18:32:31Z,SETTLEMENT SET_1665A746,SET_1665A746
BNK_9CE0ACB4,496207,INR,CREDIT,2026-08-07T21:40:27Z,SETTLEMENT SET_562565A1,SET_562565A1
BNK_6872C43A,269780,INR,CREDIT,2026-07-04T16:37:55Z,SETTLEMENT SET_31D9825C,SET_31D9825C
BNK_598150CA,1407872,INR,CREDIT,2026-07-08T17:28:18Z,SETTLEMENT SET_EB72C26B,SET_EB72C26B
BNK_18A2899E,1935419,INR,CREDIT,2026-09-03T03:34:40Z,SETTLEMENT SET_81166342,SET_81166342
BNK_69F29878,1551207,INR,CREDIT,2026-07-06T19:37:35Z,SETTLEMENT SET_4B44D9E3,SET_4B44D9E3
BNK_7C52C2D1,1245692,INR,CREDIT,2026-07-24T13:46:34Z,SETTLEMENT SET_51E2C9D8,SET_51E2C9D8
BNK_EF846498,1754689,INR,CREDIT,2026-08-07T16:40:31Z,SETTLEMENT SET_94424283,SET_94424283
BNK_C39C3B79,550007,INR,CREDIT,2026-07-10T05:23:59Z,SETTLEMENT SET_9EFD2044,SET_9EFD2044
BNK_508D13E4,1331029,INR,CREDIT,2026-08-18T06:09:01Z,SETTLEMENT SET_EF1AE9DA,SET_EF1AE9DA
BNK_BC681F69,733375,INR,CREDIT,2026-07-08T04:22:57Z,SETTLEMENT SET_6E273F8A,SET_6E273F8A
BNK_4BC4A981,406866,INR,CREDIT,2026-08-12T23:07:19Z,SETTLEMENT SET_0242624C,SET_0242624C
BNK_3B64D7C8,1016628,INR,CREDIT,2026-07-11T11:37:04Z,SETTLEMENT SET_3C4D2760,SET_3C4D2760
BNK_3AF35490,1196579,INR,CREDIT,2026-08-15T04:24:05Z,SETTLEMENT SET_46115D8C,SET_46115D8C
BNK_8ABC3B79,502456,INR,CREDIT,2026-07-12T05:53:28Z,SETTLEMENT SET_F6342A50,SET_F6342A50
BNK_4663292E,262847,INR,CREDIT,2026-08-08T10:52:45Z,SETTLEMENT SET_F0613885,SET_F0613885
BNK_E7F59E23,1617602,INR,CREDIT,2026-07-27T17:01:39Z,SETTLEMENT SET_D43EF3FE,SET_D43EF3FE
BNK_CF4224B3,1590849,INR,CREDIT,2026-08-09T18:46:43Z,SETTLEMENT SET_68F6F5C2,SET_68F6F5C2
BNK_A8CD535D,1907203,INR,CREDIT,2026-08-27T06:50:01Z,SETTLEMENT SET_9D6DB2FF,SET_9D6DB2FF
BNK_F1B6A711,64833,INR,CREDIT,2026-07-04T15:45:02Z,SETTLEMENT SET_B17834EB,SET_B17834EB
BNK_C0875CEC,612301,INR,CREDIT,2026-07-14T08:38:40Z,SETTLEMENT SET_490CA456,SET_490CA456
BNK_3BAD7B4A,1308865,INR,CREDIT,2026-08-18T08:32:52Z,SETTLEMENT SET_94810462,SET_94810462
BNK_7B2105BC,163157,INR,CREDIT,2026-07-14T15:55:28Z,SETTLEMENT SET_856A5489,SET_856A5489
BNK_1B476517,878077,INR,CREDIT,2026-07-22T15:48:16Z,SETTLEMENT SET_5CE99BD2,SET_5CE99BD2
BNK_8D0F4C2C,698419,INR,CREDIT,2026-09-03T12:40:57Z,SETTLEMENT SET_302D5B1A,SET_302D5B1A
BNK_C668DD9A,1890897,INR,CREDIT,2026-08-26T07:17:15Z,SETTLEMENT SET_049E8494,SET_049E8494
BNK_7E14B980,-27786,INR,CREDIT,2026-08-21T03:37:29Z,SETTLEMENT SET_70490381,SET_70490381
BNK_708D7ED3,215883,INR,CREDIT,2026-07-19T14:55:45Z,SETTLEMENT SET_859D6843,SET_859D6843
BNK_BF193F65,450609,INR,CREDIT,2026-07-05T15:53:36Z,SETTLEMENT SET_5E46D84A,SET_5E46D84A
BNK_33A5C896,-972,INR,CREDIT,2026-07-10T00:46:31Z,SETTLEMENT SET_99F7C568,SET_99F7C568
BNK_FBA66173,1122568,INR,CREDIT,2026-08-19T20:50:38Z,SETTLEMENT SET_0027B9B1,SET_0027B9B1
BNK_58A0519E,59170,INR,CREDIT,2026-07-10T18:26:01Z,SETTLEMENT SET_7B0C1722,SET_7B0C1722
BNK_94DE2D60,176729,INR,CREDIT,2026-08-01T00:18:09Z,SETTLEMENT SET_346E6A98,SET_346E6A98
BNK_BF91DD0D,1561264,INR,CREDIT,2026-07-24T13:54:21Z,SETTLEMENT SET_33ED6483,SET_33ED6483
BNK_99D78E5B,135134,INR,CREDIT,2026-07-18T06:04:26Z,SETTLEMENT SET_6D471C0E,SET_6D471C0E
BNK_C4B67E7A,405900,INR,CREDIT,2026-08-11T23:09:12Z,SETTLEMENT SET_BDA09EA8,SET_BDA09EA8
BNK_60B8F624,1857717,INR,CREDIT,2026-08-08T00:38:02Z,SETTLEMENT SET_405B217C,SET_405B217C
BNK_BFE9A787,1560971,INR,CREDIT,2026-08-16T05:24:49Z,SETTLEMENT SET_9D97F632,SET_9D97F632
BNK_E4EEFBF5,188348,INR,CREDIT,2026-07-09T07:26:19Z,SETTLEMENT SET_0DE6F81F,SET_0DE6F81F
BNK_C6BE4926,285793,INR,CREDIT,2026-08-26T01:29:07Z,SETTLEMENT SET_7C018B54,SET_7C018B54
BNK_33BE77A4,522694,INR,CREDIT,2026-07-07T20:32:01Z,SETTLEMENT SET_A446C3A1,SET_A446C3A1
BNK_3BEE00DB,-22309,INR,CREDIT,2026-08-05T18:48:39Z,SETTLEMENT SET_58B0F17F,SET_58B0F17F
BNK_0D457E00,1025416,INR,CREDIT,2026-07-24T14:36:32Z,SETTLEMENT SET_2C805AF7,SET_2C805AF7
BNK_19B25A80,382597,INR,CREDIT,2026-07-21T20:03:46Z,SETTLEMENT SET_3A5F2150,SET_3A5F2150
BNK_118E65DD,340841,INR,CREDIT,2026-08-15T01:58:43Z,SETTLEMENT SET_2CC96F6A,SET_2CC96F6A
BNK_3B27F696,1885038,INR,CREDIT,2026-08-07T00:28:41Z,SETTLEMENT SET_88D0F388,SET_88D0F388
BNK_8847D6AC,347697,INR,CREDIT,2026-08-10T03:05:57Z,SETTLEMENT SET_C21A7F60,SET_C21A7F60
BNK_D16244FF,573050,INR,CREDIT,2026-07-21T23:00:03Z,SETTLEMENT SET_313EA185,SET_313EA185
BNK_2EBB0764,1787398,INR,CREDIT,2026-07-15T03:38:44Z,SETTLEMENT SET_273FDF4A,SET_273FDF4A
BNK_F2B878DE,948573,INR,CREDIT,2026-07-14T07:35:26Z,SETTLEMENT SET_73FF4C23,SET_73FF4C23
BNK_B53EAA88,1143880,INR,CREDIT,2026-08-28T08:27:48Z,SETTLEMENT SET_64C2D695,SET_64C2D695
BNK_2F844FBD,1910046,INR,CREDIT,2026-08-15T10:32:44Z,SETTLEMENT SET_1FE715E3,SET_1FE715E3
BNK_896433BE,834482,INR,CREDIT,2026-07-28T18:42:39Z,SETTLEMENT SET_A20331DA,SET_A20331DA
BNK_68C7B306,88462,INR,CREDIT,2026-08-22T14:13:16Z,SETTLEMENT SET_3E726096,SET_3E726096
BNK_CC188DD5,660828,INR,CREDIT,2026-08-27T17:49:18Z,SETTLEMENT SET_268D29A6,SET_268D29A6
BNK_BF9C4BD4,1606374,INR,CREDIT,2026-07-25T21:56:08Z,SETTLEMENT SET_0DCB8478,SET_0DCB8478
BNK_4A851A57,1502387,INR,CREDIT,2026-08-19T18:05:07Z,SETTLEMENT SET_CD019828,SET_CD019828
BNK_66BE3177,95785,INR,CREDIT,2026-07-06T15:26:56Z,SETTLEMENT SET_0B026A50,SET_0B026A50
BNK_F9A0B39D,-20782,INR,CREDIT,2026-08-06T05:20:16Z,SETTLEMENT SET_71B94689,SET_71B94689
BNK_2A97484E,290089,INR,CREDIT,2026-07-16T19:35:45Z,SETTLEMENT SET_171E3667,SET_171E3667
BNK_17BB8D66,1528750,INR,CREDIT,2026-07-29T14:24:07Z,SETTLEMENT SET_9D2B89C9,SET_9D2B89C9
BNK_576AC2DD,592285,INR,CREDIT,2026-07-21T21:00:35Z,SETTLEMENT SET_F32ADB3E,SET_F32ADB3E
BNK_211D0FBC,1017507,INR,CREDIT,2026-07-31T11:23:26Z,SETTLEMENT SET_E10CEA86,SET_E10CEA86
BNK_13FBE817,1180273,INR,CREDIT,2026-07-16T10:56:32Z,SETTLEMENT SET_27AC2BCA,SET_27AC2BCA
BNK_4C674717,701153,INR,CREDIT,2026-08-23T21:10:30Z,SETTLEMENT SET_D4277FBF,SET_D4277FBF
BNK_6E69C406,1564974,INR,CREDIT,2026-07-26T09:20:36Z,SETTLEMENT SET_CBB6E13D,SET_CBB6E13D
BNK_E30152E4,1502387,INR,CREDIT,2026-07-23T16:32:14Z,SETTLEMENT SET_372F1D0F,SET_372F1D0F
BNK_7EDACBAF,382456,INR,CREDIT,2026-07-03T08:03:53Z,SETTLEMENT SET_9479617F,SET_9479617F
BNK_7E415F42,313327,INR,CREDIT,2026-07-03T12:17:22Z,SETTLEMENT SET_A3F27C3A,SET_A3F27C3A
BNK_CB11D3B3,1672669,INR,CREDIT,2026-08-14T20:41:44Z,SETTLEMENT SET_41F781F9,SET_41F781F9
BNK_8ECE224E,29292000,INR,CREDIT,2026-08-10T22:25:13Z,SETTLEMENT SET_4BDECC51,SET_4BDECC51
BNK_6729C9AA,762569,INR,CREDIT,2026-07-23T19:00:40Z,SETTLEMENT SET_4358E4FB,SET_4358E4FB
BNK_62BAD242,-6600,INR,CREDIT,2026-08-15T07:26:32Z,SETTLEMENT SET_8D78B742,SET_8D78B742
BNK_C3947DDC,1889334,INR,CREDIT,2026-08-20T06:50:40Z,SETTLEMENT SET_522DF7C0,SET_522DF7C0
BNK_DEFE53AB,1375260,INR,CREDIT,2026-09-01T23:01:58Z,SETTLEMENT SET_EF83024C,SET_EF83024C
BNK_1996235E,434108,INR,CREDIT,2026-09-03T03:12:26Z,SETTLEMENT SET_8C5A46E7,SET_8C5A46E7
BNK_1363D682,603709,INR,CREDIT,2026-08-25T01:52:15Z,SETTLEMENT SET_76E30EAB,SET_76E30EAB
BNK_092EB4D6,1619750,INR,CREDIT,2026-07-12T21:01:36Z,SETTLEMENT SET_C18A22F3,SET_C18A22F3
BNK_770FBC5E,22117,INR,CREDIT,2026-07-07T19:30:37Z,SETTLEMENT SET_2F9997B9,SET_2F9997B9
BNK_FDC8D589,861088,INR,CREDIT,2026-07-31T10:06:33Z,SETTLEMENT SET_9857301A,SET_9857301A
BNK_5A566C08,29292000,INR,CREDIT,2026-07-28T18:28:14Z,SETTLEMENT SET_F5AE06FA,SET_F5AE06FA
BNK_819D8E69,1183202,INR,CREDIT,2026-08-05T12:52:33Z,SETTLEMENT SET_967815D9,SET_967815D9
BNK_9E22F2B4,132596,INR,CREDIT,2026-08-26T23:29:04Z,SETTLEMENT SET_48473994,SET_48473994
BNK_4161F3BD,1630296,INR,CREDIT,2026-09-01T14:41:23Z,SETTLEMENT SET_8FAB8FD1,SET_8FAB8FD1
BNK_BABA2E2E,558796,INR,CREDIT,2026-08-19T20:30:14Z,SETTLEMENT SET_08AE3484,SET_08AE3484
BNK_3B8D0930,1454932,INR,CREDIT,2026-08-18T17:10:21Z,SETTLEMENT SET_59E89933,SET_59E89933
BNK_18C0ECD3,-15717,INR,CREDIT,2026-07-13T00:30:18Z,SETTLEMENT SET_27D18312,SET_27D18312
BNK_488DD377,29390,INR,CREDIT,2026-07-17T18:04:29Z,SETTLEMENT SET_58ED971C,SET_58ED971C
BNK_9DC3B583,1579913,INR,CREDIT,2026-07-10T10:09:21Z,SETTLEMENT SET_23A182A6,SET_23A182A6
BNK_6A767368,114825,INR,CREDIT,2026-07-27T03:21:06Z,SETTLEMENT SET_77A04CEF,SET_77A04CEF
BNK_288697C7,550788,INR,CREDIT,2026-07-15T20:08:52Z,SETTLEMENT SET_647BA35D,SET_647BA35D
BNK_A2AEAB77,550104,INR,CREDIT,2026-07-27T13:00:44Z,SETTLEMENT SET_8E661311,SET_8E661311
BNK_CCD540E9,894299,INR,CREDIT,2026-09-01T13:39:06Z,SETTLEMENT SET_E5BE097B,SET_E5BE097B
BNK_D2BB0556,804652,INR,CREDIT,2026-07-08T13:58:18Z,SETTLEMENT SET_F3AD80FC,SET_F3AD80FC
BNK_811EFE9B,184833,INR,CREDIT,2026-08-19T19:08:51Z,SETTLEMENT SET_CE500EE3,SET_CE500EE3
BNK_99FA1292,1893045,INR,CREDIT,2026-07-09T17:41:13Z,SETTLEMENT SET_F120F995,SET_F120F995
BNK_67E638C9,1841491,INR,CREDIT,2026-07-21T05:42:02Z,SETTLEMENT SET_8BADC5D7,SET_8BADC5D7
BNK_6030B64D,1589580,INR,CREDIT,2026-08-31T19:30:18Z,SETTLEMENT SET_5198A027,SET_5198A027
BNK_F9AB423A,1784469,INR,CREDIT,2026-08-08T19:35:28Z,SETTLEMENT SET_E3A52643,SET_E3A52643
BNK_27D951DC,1630584,INR,CREDIT,2026-08-13T23:32:33Z,SETTLEMENT SET_579AABD9,SET_579AABD9
BNK_405E91CA,936563,INR,CREDIT,2026-07-05T11:46:34Z,SETTLEMENT SET_64E8B9F9,SET_64E8B9F9
BNK_E58191B7,1627366,INR,CREDIT,2026-09-07T18:39:55Z,SETTLEMENT SET_6930D4B7,SET_6930D4B7
BNK_855B2F26,342912,INR,CREDIT,2026-08-09T10:48:34Z,SETTLEMENT SET_64E67222,SET_64E67222
BNK_214B5B0C,1049728,INR,CREDIT,2026-07-26T19:59:29Z,SETTLEMENT SET_AD974F6F,SET_AD974F6F
BNK_236ED977,233262,INR,CREDIT,2026-07-21T06:17:42Z,SETTLEMENT SET_5350F4E9,SET_5350F4E9
BNK_DA302CFE,889891,INR,CREDIT,2026-08-27T01:50:26Z,SETTLEMENT SET_D5C9B01D,SET_D5C9B01D
BNK_FC7B6EB7,922601,INR,CREDIT,2026-07-07T20:18:07Z,SETTLEMENT SET_5D9D7AB4,SET_5D9D7AB4
BNK_88D6693A,944958,INR,CREDIT,2026-07-24T05:38:42Z,SETTLEMENT SET_377E02E7,SET_377E02E7
BNK_FBF64359,909782,INR,CREDIT,2026-07-09T12:16:41Z,SETTLEMENT SET_30A70B4B,SET_30A70B4B
BNK_CB38E274,591111,INR,CREDIT,2026-08-07T20:21:56Z,SETTLEMENT SET_F0D87446,SET_F0D87446
BNK_A04F02E2,46477,INR,CREDIT,2026-08-09T15:21:58Z,SETTLEMENT SET_C7E31247,SET_C7E31247
BNK_0611A5F1,1161328,INR,CREDIT,2026-08-20T04:31:39Z,SETTLEMENT SET_1DAB4F75,SET_1DAB4F75
BNK_84C54B8A,1649140,INR,CREDIT,2026-08-15T04:46:52Z,SETTLEMENT SET_BA4480B7,SET_BA4480B7
BNK_68B0A510,1915014,INR,CREDIT,2026-07-26T11:54:53Z,SETTLEMENT SET_E04A72AE,SET_E04A72AE
BNK_71EA5FB4,496207,INR,CREDIT,2026-07-28T15:24:08Z,SETTLEMENT SET_06D3F6BA,SET_06D3F6BA
BNK_9B90C2AE,1417147,INR,CREDIT,2026-08-21T08:11:30Z,SETTLEMENT SET_2BA0DC78,SET_2BA0DC78
BNK_A8B77DFF,763009,INR,CREDIT,2026-08-20T01:16:52Z,SETTLEMENT SET_43C3C38C,SET_43C3C38C
BNK_2AB537F6,711503,INR,CREDIT,2026-07-20T14:08:15Z,SETTLEMENT SET_81C1F11B,SET_81C1F11B
BNK_E75E032F,276712,INR,CREDIT,2026-08-01T06:42:36Z,SETTLEMENT SET_EBB145AA,SET_EBB145AA
BNK_E22664BB,1240612,INR,CREDIT,2026-07-25T23:48:25Z,SETTLEMENT SET_4843241A,SET_4843241A
BNK_B3CF17D9,834877,INR,CREDIT,2026-07-27T01:16:28Z,SETTLEMENT SET_8E171199,SET_8E171199
BNK_F4327BAA,1242177,INR,CREDIT,2026-07-22T09:06:55Z,SETTLEMENT SET_D13806A9,SET_D13806A9
BNK_2639E8AA,207778,INR,CREDIT,2026-07-16T05:04:22Z,SETTLEMENT SET_D29C2412,SET_D29C2412
BNK_63CA2214,1037621,INR,CREDIT,2026-08-07T05:34:10Z,SETTLEMENT SET_BD89DBC4,SET_BD89DBC4
BNK_DB75ED1A,1199410,INR,CREDIT,2026-08-09T14:26:16Z,SETTLEMENT SET_089E37BE,SET_089E37BE
BNK_10387723,787109,INR,CREDIT,2026-08-13T01:38:50Z,SETTLEMENT SET_91203D4A,SET_91203D4A
BNK_CD60C832,1231631,INR,CREDIT,2026-09-01T01:40:08Z,SETTLEMENT SET_A76B9790,SET_A76B9790
BNK_23A72E10,707988,INR,CREDIT,2026-08-13T21:43:30Z,SETTLEMENT SET_7B2898D8,SET_7B2898D8
BNK_EFAB4F89,1214837,INR,CREDIT,2026-08-21T16:52:24Z,SETTLEMENT SET_FE93ADB9,SET_FE93ADB9
BNK_AB6B0C4B,24363,INR,CREDIT,2026-08-30T06:22:04Z,SETTLEMENT SET_C015471F,SET_C015471F
BNK_A281A456,537216,INR,CREDIT,2026-07-03T03:20:05Z,SETTLEMENT SET_E76FF616,SET_E76FF616
BNK_EF02A219,1078630,INR,CREDIT,2026-09-01T12:45:33Z,SETTLEMENT SET_495E43A6,SET_495E43A6
BNK_0DCC6669,1093471,INR,CREDIT,2026-07-11T22:32:12Z,SETTLEMENT SET_FDB8B5D6,SET_FDB8B5D6
BNK_8A176269,902350,INR,CREDIT,2026-08-22T22:43:04Z,SETTLEMENT SET_D79273A9,SET_D79273A9
BNK_E8C53263,875343,INR,CREDIT,2026-07-07T08:01:16Z,SETTLEMENT SET_B24F386C,SET_B24F386C
BNK_93F3373E,761104,INR,CREDIT,2026-07-07T14:11:39Z,SETTLEMENT SET_EDFF475F,SET_EDFF475F
BNK_5C372887,1550231,INR,CREDIT,2026-08-06T21:25:40Z,SETTLEMENT SET_42A30147,SET_42A30147
BNK_1F34532F,860552,INR,CREDIT,2026-07-18T11:15:50Z,SETTLEMENT SET_B5863267,SET_B5863267
BNK_7BF54A87,692210,INR,CREDIT,2026-08-02T08:54:35Z,SETTLEMENT SET_BCA850BA,SET_BCA850BA
BNK_517B11C3,891161,INR,CREDIT,2026-08-24T19:08:18Z,SETTLEMENT SET_1823658B,SET_1823658B
BNK_7EC32B96,447485,INR,CREDIT,2026-08-11T18:26:48Z,SETTLEMENT SET_DD274591,SET_DD274591
BNK_0DDF22DC,1803411,INR,CREDIT,2026-08-24T01:02:24Z,SETTLEMENT SET_350B26D8,SET_350B26D8
BNK_27E23CA3,329047,INR,CREDIT,2026-08-31T12:50:57Z,SETTLEMENT SET_C11BF84B,SET_C11BF84B
BNK_4465AE55,419364,INR,CREDIT,2026-07-25T17:43:49Z,SETTLEMENT SET_8A5D4F65,SET_8A5D4F65
BNK_ED5585A1,473750,INR,CREDIT,2026-07-11T19:52:16Z,SETTLEMENT SET_4EAC4C14,SET_4EAC4C14
BNK_33070C1A,177412,INR,CREDIT,2026-07-30T07:31:38Z,SETTLEMENT SET_35ED6E9A,SET_35ED6E9A
BNK_2DACB0CC,402277,INR,CREDIT,2026-08-05T07:35:30Z,SETTLEMENT SET_B358C581,SET_B358C581
BNK_77492387,-37561,INR,CREDIT,2026-08-17T07:53:52Z,SETTLEMENT SET_110C189D,SET_110C189D
BNK_7359468A,154662,INR,CREDIT,2026-07-12T01:57:49Z,SETTLEMENT SET_065C4DE3,SET_065C4DE3
BNK_35FA0DC5,274467,INR,CREDIT,2026-07-28T08:44:22Z,SETTLEMENT SET_2142A747,SET_2142A747
BNK_B0AC6355,1212494,INR,CREDIT,2026-08-26T10:11:36Z,SETTLEMENT SET_0773DD3F,SET_0773DD3F
BNK_A65EC666,1578108,INR,CREDIT,2026-07-16T20:58:36Z,SETTLEMENT SET_B72E46BC,SET_B72E46BC
BNK_1837FA2C,1181054,INR,CREDIT,2026-07-28T13:21:29Z,SETTLEMENT SET_2E00C8CF,SET_2E00C8CF
BNK_32477661,1469092,INR,CREDIT,2026-07-30T18:06:53Z,SETTLEMENT SET_86555EBF,SET_86555EBF
BNK_9E1CE2CD,47649,INR,CREDIT,2026-07-23T14:01:17Z,SETTLEMENT SET_7D1C5AE7,SET_7D1C5AE7
BNK_268F033B,1821279,INR,CREDIT,2026-07-15T16:31:32Z,SETTLEMENT SET_012DA0B8,SET_012DA0B8
BNK_83C38011,991535,INR,CREDIT,2026-07-17T07:17:31Z,SETTLEMENT SET_89A85203,SET_89A85203
BNK_EABD9727,-25464,INR,CREDIT,2026-08-17T06:31:08Z,SETTLEMENT SET_22444D30,SET_22444D30
BNK_4F50C050,1188767,INR,CREDIT,2026-07-16T12:06:42Z,SETTLEMENT SET_72EB6047,SET_72EB6047
BNK_A96C9EBA,844181,INR,CREDIT,2026-07-21T08:17:33Z,SETTLEMENT SET_AE59A9E3,SET_AE59A9E3
BNK_6E481951,436647,INR,CREDIT,2026-09-02T18:16:48Z,SETTLEMENT SET_36542F44,SET_36542F44
BNK_A90960D4,-35303,INR,CREDIT,2026-08-28T22:35:13Z,SETTLEMENT SET_4EC5FCDA,SET_4EC5FCDA
BNK_5A138FAA,317135,INR,CREDIT,2026-08-20T10:38:31Z,SETTLEMENT SET_87439F7A,SET_87439F7A
BNK_4F63A94F,1390785,INR,CREDIT,2026-07-20T13:02:47Z,SETTLEMENT SET_1C70EBEB,SET_1C70EBEB
BNK_45291B2E,94907,INR,CREDIT,2026-08-30T10:52:55Z,SETTLEMENT SET_2DA855AA,SET_2DA855AA
BNK_DD13D655,413604,INR,CREDIT,2026-07-22T04:08:43Z,SETTLEMENT SET_48FBF36E,SET_48FBF36E
BNK_66A83B0A,1678830,INR,CREDIT,2026-08-22T22:37:18Z,SETTLEMENT SET_ACE27319,SET_ACE27319
BNK_C7288B6F,1790913,INR,CREDIT,2026-07-26T22:56:49Z,SETTLEMENT SET_597E08CB,SET_597E08CB
BNK_026281B3,633977,INR,CREDIT,2026-08-24T14:32:56Z,SETTLEMENT SET_AF70C3DC,SET_AF70C3DC
BNK_0351C360,1328197,INR,CREDIT,2026-08-19T07:31:05Z,SETTLEMENT SET_8EF0510D,SET_8EF0510D
BNK_BE76B53D,95237,INR,CREDIT,2026-07-15T14:40:14Z,SETTLEMENT SET_A0E296C1,SET_A0E296C1
BNK_221DF5A2,1672085,INR,CREDIT,2026-08-03T23:30:20Z,SETTLEMENT SET_102CA818,SET_102CA818
BNK_0263DDDB,955798,INR,CREDIT,2026-07-22T16:31:41Z,SETTLEMENT SET_191F9852,SET_191F9852
BNK_7FA609F0,1753127,INR,CREDIT,2026-08-04T09:23:50Z,SETTLEMENT SET_4B29231F,SET_4B29231F
BNK_73874570,1770409,INR,CREDIT,2026-08-23T08:38:58Z,SETTLEMENT SET_1B404DD5,SET_1B404DD5
BNK_D74D1A8A,267436,INR,CREDIT,2026-08-20T09:44:54Z,SETTLEMENT SET_BA0A82E0,SET_BA0A82E0
BNK_B5739173,140442,INR,CREDIT,2026-08-23T16:23:48Z,SETTLEMENT SET_E87EF35C,SET_E87EF35C
BNK_8A12148B,1523282,INR,CREDIT,2026-08-28T08:49:31Z,SETTLEMENT SET_729D3FA7,SET_729D3FA7
BNK_DD3C8D28,153588,INR,CREDIT,2026-07-11T14:22:24Z,SETTLEMENT SET_3364355E,SET_3364355E
BNK_CE17AD93,652236,INR,CREDIT,2026-09-03T12:14:07Z,SETTLEMENT SET_FA8E296F,SET_FA8E296F
BNK_9B1A04FF,1825185,INR,CREDIT,2026-07-30T00:54:09Z,SETTLEMENT SET_C8E0FE18,SET_C8E0FE18
BNK_98865F05,162766,INR,CREDIT,2026-08-07T01:57:17Z,SETTLEMENT SET_E1505A23,SET_E1505A23
BNK_A2BD967A,1556187,INR,CREDIT,2026-08-14T05:43:07Z,SETTLEMENT SET_F5A3FAB8,SET_F5A3FAB8
BNK_A334F598,1925754,INR,CREDIT,2026-07-28T06:53:48Z,SETTLEMENT SET_F782D15D,SET_F782D15D
BNK_C960D10A,924790,INR,CREDIT,2026-08-10T13:47:00Z,SETTLEMENT SET_4E5931BB,SET_4E5931BB
BNK_B45BF6FD,229602,INR,CREDIT,2026-07-26T13:23:02Z,SETTLEMENT SET_857F7312,SET_857F7312
BNK_728FC9BB,379430,INR,CREDIT,2026-09-01T04:53:19Z,SETTLEMENT SET_6E53C1D5,SET_6E53C1D5
BNK_B3E7B364,1064276,INR,CREDIT,2026-07-28T00:25:45Z,SETTLEMENT SET_980517B1,SET_980517B1
BNK_8CB8BAB4,300243,INR,CREDIT,2026-08-10T20:51:43Z,SETTLEMENT SET_15EE4820,SET_15EE4820
BNK_718509A9,670494,INR,CREDIT,2026-07-08T20:45:58Z,SETTLEMENT SET_40B37799,SET_40B37799
BNK_792F1AF0,1272933,INR,CREDIT,2026-08-18T06:12:12Z,SETTLEMENT SET_BCCB55FA,SET_BCCB55FA
BNK_3E759582,1737992,INR,CREDIT,2026-08-16T04:22:46Z,SETTLEMENT SET_FF59104B,SET_FF59104B
BNK_EA54B7D6,1897046,INR,CREDIT,2026-07-11T22:03:02Z,SETTLEMENT SET_C518DAFD,SET_C518DAFD
BNK_58DBDF4A,1418807,INR,CREDIT,2026-08-13T12:55:20Z,SETTLEMENT SET_4E6478A2,SET_4E6478A2
BNK_EC77A173,1801947,INR,CREDIT,2026-08-01T21:46:16Z,SETTLEMENT SET_F2C3CE1B,SET_F2C3CE1B
BNK_FD9A2976,42257,INR,CREDIT,2026-07-18T07:29:42Z,SETTLEMENT SET_0323879C,SET_0323879C
BNK_18BD5E90,-1005,INR,CREDIT,2026-07-27T02:55:37Z,SETTLEMENT SET_E875EF22,SET_E875EF22
BNK_55EAA534,1143365,INR,CREDIT,2026-07-19T20:52:40Z,SETTLEMENT SET_277C471E,SET_277C471E
BNK_90BD8EC5,214123,INR,CREDIT,2026-08-22T09:40:47Z,SETTLEMENT SET_A99EF935,SET_A99EF935
BNK_90AA1EC6,864407,INR,CREDIT,2026-09-03T06:06:27Z,SETTLEMENT SET_DEBFB40F,SET_DEBFB40F
BNK_10BB52EB,436549,INR,CREDIT,2026-08-29T13:01:59Z,SETTLEMENT SET_A33287F6,SET_A33287F6
BNK_6E9D4F07,1129012,INR,CREDIT,2026-09-01T02:28:44Z,SETTLEMENT SET_DFA0A378,SET_DFA0A378
BNK_CB3C65AA,702423,INR,CREDIT,2026-07-21T22:14:57Z,SETTLEMENT SET_2A564579,SET_2A564579
BNK_30A3CEC7,481659,INR,CREDIT,2026-07-29T01:54:21Z,SETTLEMENT SET_CE4BA11D,SET_CE4BA11D
BNK_CB5C03C8,1103137,INR,CREDIT,2026-07-15T07:16:25Z,SETTLEMENT SET_923302A3,SET_923302A3
BNK_7409E40E,450532,INR,CREDIT,2026-08-20T15:39:54Z,SETTLEMENT SET_FEC5AAD5,SET_FEC5AAD5
BNK_C6C57D71,1402306,INR,CREDIT,2026-08-28T18:52:14Z,SETTLEMENT SET_0DA6FEC2,SET_0DA6FEC2
BNK_C0757560,368494,INR,CREDIT,2026-08-10T19:56:39Z,SETTLEMENT SET_28FC03FF,SET_28FC03FF
BNK_6B1B672F,-22556,INR,CREDIT,2026-08-15T06:11:54Z,SETTLEMENT SET_B0DF7573,SET_B0DF7573
BNK_C83FFA43,66493,INR,CREDIT,2026-07-17T15:29:33Z,SETTLEMENT SET_CD17CF3B,SET_CD17CF3B
BNK_99A993C7,602732,INR,CREDIT,2026-07-10T13:02:38Z,SETTLEMENT SET_916CEEB5,SET_916CEEB5
BNK_8690AE68,783073,INR,CREDIT,2026-08-29T10:07:46Z,SETTLEMENT SET_57FCD374,SET_57FCD374
BNK_7F8B5650,540633,INR,CREDIT,2026-08-05T09:40:23Z,SETTLEMENT SET_BE6F87E9,SET_BE6F87E9
BNK_DFFA7CE5,1884062,INR,CREDIT,2026-07-25T02:59:53Z,SETTLEMENT SET_497F8E10,SET_497F8E10
BNK_F9901C82,1826259,INR,CREDIT,2026-07-31T01:38:31Z,SETTLEMENT SET_27D397C4,SET_27D397C4
BNK_69F78BB5,229747,INR,CREDIT,2026-08-25T18:08:36Z,SETTLEMENT SET_940A65A4,SET_940A65A4
BNK_B509A64A,519261,INR,CREDIT,2026-07-21T14:42:17Z,SETTLEMENT SET_DB21E4F4,SET_DB21E4F4
BNK_DD08FFB0,1518302,INR,CREDIT,2026-08-28T12:03:10Z,SETTLEMENT SET_8495C1BF,SET_8495C1BF
BNK_6F2A57F4,479022,INR,CREDIT,2026-08-05T21:19:54Z,SETTLEMENT SET_00AA4846,SET_00AA4846
BNK_C6B87846,1391566,INR,CREDIT,2026-09-03T12:38:54Z,SETTLEMENT SET_1741189E,SET_1741189E
BNK_63717E72,58877,INR,CREDIT,2026-08-22T00:32:10Z,SETTLEMENT SET_2459AF83,SET_2459AF83
BNK_C552EBE2,1202126,INR,CREDIT,2026-07-03T03:41:15Z,SETTLEMENT SET_029D51C6,SET_029D51C6
BNK_D63FCCBD,1549547,INR,CREDIT,2026-08-07T21:48:58Z,SETTLEMENT SET_EB68E158,SET_EB68E158
BNK_436A56EF,670983,INR,CREDIT,2026-07-14T06:19:25Z,SETTLEMENT SET_D55EEABB,SET_D55EEABB
BNK_3FB061D1,1481297,INR,CREDIT,2026-07-16T18:22:14Z,SETTLEMENT SET_BB309F35,SET_BB309F35
BNK_BED80798,138063,INR,CREDIT,2026-07-26T14:42:26Z,SETTLEMENT SET_CF5D3B47,SET_CF5D3B47
BNK_32645558,760226,INR,CREDIT,2026-08-03T19:55:17Z,SETTLEMENT SET_D75E9056,SET_D75E9056
BNK_334FE4F9,11913,INR,CREDIT,2026-07-04T02:36:03Z,SETTLEMENT SET_4AF85E38,SET_4AF85E38
BNK_50BA0DDA,722048,INR,CREDIT,2026-08-16T00:36:00Z,SETTLEMENT SET_46BD18D0,SET_46BD18D0
BNK_23187A00,354238,INR,CREDIT,2026-07-24T16:49:12Z,SETTLEMENT SET_E82D560D,SET_E82D560D
BNK_F149ECEE,452074,INR,CREDIT,2026-07-16T13:19:35Z,SETTLEMENT SET_B02B87C0,SET_B02B87C0
BNK_1E397989,191863,INR,CREDIT,2026-09-01T17:56:20Z,SETTLEMENT SET_76A88A2A,SET_76A88A2A
BNK_2387CC54,224865,INR,CREDIT,2026-08-08T16:57:35Z,SETTLEMENT SET_DC41FCB9,SET_DC41FCB9
BNK_4FF63015,235703,INR,CREDIT,2026-08-31T12:02:11Z,SETTLEMENT SET_1E16DF3F,SET_1E16DF3F
BNK_43B1A8CE,1164162,INR,CREDIT,2026-08-02T06:13:51Z,SETTLEMENT SET_817FFE7C,SET_817FFE7C
BNK_49014A64,1895388,INR,CREDIT,2026-07-28T12:19:14Z,SETTLEMENT SET_B8AF5FE4,SET_B8AF5FE4
BNK_4F905EC9,1207219,INR,CREDIT,2026-08-09T01:18:56Z,SETTLEMENT SET_78B21BEA,SET_78B21BEA
BNK_BBD9FB5B,1767870,INR,CREDIT,2026-07-05T05:05:46Z,SETTLEMENT SET_D94D424D,SET_D94D424D
BNK_2DD85318,942226,INR,CREDIT,2026-07-06T11:00:32Z,SETTLEMENT SET_54A86C1A,SET_54A86C1A
BNK_C9CF1FD9,968980,INR,CREDIT,2026-08-27T01:06:38Z,SETTLEMENT SET_5FA41F34,SET_5FA41F34
BNK_3C66B529,272076,INR,CREDIT,2026-07-14T19:03:04Z,SETTLEMENT SET_97A1CFAC,SET_97A1CFAC
BNK_AF061DCA,1467432,INR,CREDIT,2026-08-03T00:28:10Z,SETTLEMENT SET_9570F669,SET_9570F669
BNK_2AF1A9AB,516907,INR,CREDIT,2026-07-06T05:07:22Z,SETTLEMENT SET_70B4073E,SET_70B4073E
BNK_E9EC5F0E,92173,INR,CREDIT,2026-07-17T17:59:09Z,SETTLEMENT SET_31ADC565,SET_31ADC565
BNK_0FCE0681,918402,INR,CREDIT,2026-07-28T05:31:53Z,SETTLEMENT SET_01D59E7E,SET_01D59E7E
BNK_61697C95,1344015,INR,CREDIT,2026-07-24T12:54:22Z,SETTLEMENT SET_2170A833,SET_2170A833
BNK_6761E65A,477558,INR,CREDIT,2026-09-01T19:43:30Z,SETTLEMENT SET_F2BAE156,SET_F2BAE156
BNK_EEAA1ECF,1496595,INR,CREDIT,2026-08-28T09:54:10Z,SETTLEMENT SET_564BC738,SET_564BC738
BNK_13C56509,277786,INR,CREDIT,2026-08-08T10:07:20Z,SETTLEMENT SET_CA01A47F,SET_CA01A47F
BNK_F44E9815,493599,INR,CREDIT,2026-07-26T17:20:57Z,SETTLEMENT SET_67AFBAF3,SET_67AFBAF3
BNK_6ED4DB9E,499784,INR,CREDIT,2026-07-31T05:57:25Z,SETTLEMENT SET_28932393,SET_28932393
BNK_CE344A8E,1383169,INR,CREDIT,2026-08-29T23:19:37Z,SETTLEMENT SET_B7C1B9B5,SET_B7C1B9B5
BNK_20814F75,244686,INR,CREDIT,2026-08-21T04:13:52Z,SETTLEMENT SET_69772589,SET_69772589
BNK_7F02AFAF,542977,INR,CREDIT,2026-08-21T12:35:17Z,SETTLEMENT SET_7842C7FB,SET_7842C7FB
BNK_AAA30035,-44934,INR,CREDIT,2026-08-26T08:18:30Z,SETTLEMENT SET_79784307,SET_79784307
BNK_7FAC14D2,591797,INR,CREDIT,2026-08-31T19:37:02Z,SETTLEMENT SET_25985692,SET_25985692
BNK_5249AC79,1872883,INR,CREDIT,2026-07-15T23:34:44Z,SETTLEMENT SET_9E58A821,SET_9E58A821
BNK_E10DFC96,319088,INR,CREDIT,2026-07-26T10:06:15Z,SETTLEMENT SET_7638F2ED,SET_7638F2ED
BNK_09CD3E94,-23753,INR,CREDIT,2026-08-15T13:50:52Z,SETTLEMENT SET_8A5CA630,SET_8A5CA630
BNK_221A5251,1484714,INR,CREDIT,2026-07-17T16:03:12Z,SETTLEMENT SET_9A5BEFFD,SET_9A5BEFFD
BNK_34D1F13C,122050,INR,CREDIT,2026-08-05T00:30:55Z,SETTLEMENT SET_50BE30F8,SET_50BE30F8
BNK_D117A2C4,412432,INR,CREDIT,2026-08-12T01:42:43Z,SETTLEMENT SET_4C222E36,SET_4C222E36
BNK_B50C3D9A,1190232,INR,CREDIT,2026-07-28T13:14:13Z,SETTLEMENT SET_10EA87E5,SET_10EA87E5
BNK_4167F136,1744730,INR,CREDIT,2026-08-20T04:23:22Z,SETTLEMENT SET_221AAA95,SET_221AAA95
BNK_9CFCAC80,812170,INR,CREDIT,2026-08-15T09:41:30Z,SETTLEMENT SET_BCF945A4,SET_BCF945A4
BNK_45C69FF0,714725,INR,CREDIT,2026-08-25T11:53:54Z,SETTLEMENT SET_0DEC08F2,SET_0DEC08F2
BNK_D022729A,1500434,INR,CREDIT,2026-07-30T01:31:17Z,SETTLEMENT SET_44BD9F73,SET_44BD9F73
BNK_43C05ED4,830722,INR,CREDIT,2026-07-19T18:57:27Z,SETTLEMENT SET_CD3F3028,SET_CD3F3028
BNK_DB40AC7C,275052,INR,CREDIT,2026-07-08T15:19:41Z,SETTLEMENT SET_67222E0D,SET_67222E0D
BNK_E6453246,1875763,INR,CREDIT,2026-07-25T14:42:57Z,SETTLEMENT SET_33BA2F76,SET_33BA2F76
BNK_CCE231C2,796059,INR,CREDIT,2026-07-07T14:39:07Z,SETTLEMENT SET_EA8841B2,SET_EA8841B2
BNK_71A6A95D,-30788,INR,CREDIT,2026-08-24T19:43:43Z,SETTLEMENT SET_51B60D60,SET_51B60D60
BNK_E57BE127,500601,INR,CREDIT,2026-08-26T05:50:59Z,SETTLEMENT SET_E426D911,SET_E426D911
BNK_83D26BE1,1308231,INR,CREDIT,2026-07-11T03:17:33Z,SETTLEMENT SET_D9448207,SET_D9448207
BNK_16B883A4,1074431,INR,CREDIT,2026-08-03T12:00:45Z,SETTLEMENT SET_4CE9CD1E,SET_4CE9CD1E
BNK_CB17927C,326216,INR,CREDIT,2026-08-20T19:48:54Z,SETTLEMENT SET_975F2A1B,SET_975F2A1B
BNK_26962DAE,1362664,INR,CREDIT,2026-07-13T04:50:33Z,SETTLEMENT SET_3A5ED58D,SET_3A5ED58D
BNK_C4646C2C,514941,INR,CREDIT,2026-07-31T12:23:56Z,SETTLEMENT SET_2B072280,SET_2B072280
BNK_2B21EC62,376207,INR,CREDIT,2026-07-10T07:13:34Z,SETTLEMENT SET_F8D87FED,SET_F8D87FED
BNK_053B4DD1,793033,INR,CREDIT,2026-08-26T05:05:40Z,SETTLEMENT SET_5FC8CEAC,SET_5FC8CEAC
BNK_CD82E5E8,258356,INR,CREDIT,2026-08-17T18:50:13Z,SETTLEMENT SET_BA73025D,SET_BA73025D
BNK_8FB52DB7,1299096,INR,CREDIT,2026-08-31T12:13:10Z,SETTLEMENT SET_25573885,SET_25573885
BNK_B215EF3C,1298124,INR,CREDIT,2026-07-28T10:45:00Z,SETTLEMENT SET_0BFD5573,SET_0BFD5573
BNK_9C57FFCD,377377,INR,CREDIT,2026-08-25T18:26:28Z,SETTLEMENT SET_94A8CE76,SET_94A8CE76
BNK_AEE4FA58,1712411,INR,CREDIT,2026-07-14T15:06:18Z,SETTLEMENT SET_338B86D8,SET_338B86D8
BNK_9E9591D5,1730084,INR,CREDIT,2026-08-18T20:59:23Z,SETTLEMENT SET_38FE5911,SET_38FE5911
BNK_20576C2A,58584000,INR,CREDIT,2026-08-26T17:27:25Z,SETTLEMENT SET_83F4664F,SET_83F4664F
BNK_D22FF55B,1944792,INR,CREDIT,2026-07-26T07:44:54Z,SETTLEMENT SET_1D38A2BE,SET_1D38A2BE
BNK_FE157D27,1878204,INR,CREDIT,2026-08-22T20:34:09Z,SETTLEMENT SET_FA213FA4,SET_FA213FA4
BNK_2D47759D,14646000,INR,CREDIT,2026-07-23T23:48:52Z,SETTLEMENT SET_9D1A0185,SET_9D1A0185
BNK_1C0F620F,1437164,INR,CREDIT,2026-08-19T07:01:38Z,SETTLEMENT SET_36019973,SET_36019973
BNK_8E362B5E,1080730,INR,CREDIT,2026-07-06T00:52:46Z,SETTLEMENT SET_AA336DBF,SET_AA336DBF
BNK_C75F54D3,1456887,INR,CREDIT,2026-08-07T05:42:28Z,SETTLEMENT SET_EC2FEED7,SET_EC2FEED7
BNK_F6C96011,1878840,INR,CREDIT,2026-08-18T08:55:17Z,SETTLEMENT SET_160B70B3,SET_160B70B3
BNK_082EAA21,186717,INR,CREDIT,2026-08-24T00:03:39Z,SETTLEMENT SET_B4AFD6C8,SET_B4AFD6C8
BNK_516FEB7D,282766,INR,CREDIT,2026-09-03T21:55:13Z,SETTLEMENT SET_588D884D,SET_588D884D
BNK_3542BE8C,463790,INR,CREDIT,2026-08-23T20:32:32Z,SETTLEMENT SET_786BD890,SET_786BD890
BNK_937E1F69,160092,INR,CREDIT,2026-07-15T19:22:02Z,SETTLEMENT SET_0B675E41,SET_0B675E41
BNK_0BC8095D,736790,INR,CREDIT,2026-08-26T15:45:53Z,SETTLEMENT SET_36CCAF7D,SET_36CCAF7D
BNK_EE07D8AB,1768749,INR,CREDIT,2026-08-18T12:48:55Z,SETTLEMENT SET_8255BC1F,SET_8255BC1F
BNK_82159E92,734449,INR,CREDIT,2026-07-16T01:21:09Z,SETTLEMENT SET_8C1F685C,SET_8C1F685C
BNK_867682D9,122102,INR,CREDIT,2026-08-20T23:16:39Z,SETTLEMENT SET_2AA255F0,SET_2AA255F0
BNK_A44BD71B,1761914,INR,CREDIT,2026-07-26T23:03:00Z,SETTLEMENT SET_2294AA5A,SET_2294AA5A
BNK_C6F8ECD2,606931,INR,CREDIT,2026-08-14T22:05:43Z,SETTLEMENT SET_CDADED59,SET_CDADED59
BNK_754FB210,1045764,INR,CREDIT,2026-07-26T01:17:52Z,SETTLEMENT SET_F9BCF39E,SET_F9BCF39E
BNK_4DABDFF7,-12196,INR,CREDIT,2026-07-31T07:32:59Z,SETTLEMENT SET_FFF0AEC7,SET_FFF0AEC7
BNK_FFF2F895,1862972,INR,CREDIT,2026-08-02T23:13:25Z,SETTLEMENT SET_6705A13D,SET_6705A13D
BNK_A8D92022,1044358,INR,CREDIT,2026-08-25T12:58:30Z,SETTLEMENT SET_B101A87A,SET_B101A87A
BNK_44C658CE,860011,INR,CREDIT,2026-07-19T12:41:23Z,SETTLEMENT SET_F2CB24D4,SET_F2CB24D4
BNK_5E410D4E,507193,INR,CREDIT,2026-08-17T16:44:03Z,SETTLEMENT SET_2584E50B,SET_2584E50B
BNK_09455470,1108019,INR,CREDIT,2026-08-08T01:24:45Z,SETTLEMENT SET_F9C16F33,SET_F9C16F33
BNK_9DC49ED1,882031,INR,CREDIT,2026-07-29T10:05:06Z,SETTLEMENT SET_CB96FAE5,SET_CB96FAE5
BNK_A7B84D76,-36558,INR,CREDIT,2026-07-27T11:48:54Z,SETTLEMENT SET_D20B6D2E,SET_D20B6D2E
BNK_8D215081,1812882,INR,CREDIT,2026-07-08T20:44:32Z,SETTLEMENT SET_4D6018CE,SET_4D6018CE
BNK_1AE3C8D4,-3162,INR,CREDIT,2026-07-11T23:40:59Z,SETTLEMENT SET_3C2C12CE,SET_3C2C12CE
BNK_54082B93,1192868,INR,CREDIT,2026-07-23T01:07:32Z,SETTLEMENT SET_2035C76F,SET_2035C76F
BNK_24FDE3AA,1247059,INR,CREDIT,2026-09-02T04:09:55Z,SETTLEMENT SET_689E046E,SET_689E046E
BNK_DEFF9D60,1499946,INR,CREDIT,2026-08-09T11:49:13Z,SETTLEMENT SET_5E956FAB,SET_5E956FAB
BNK_1CF04877,113068,INR,CREDIT,2026-07-11T05:53:49Z,SETTLEMENT SET_78140C4B,SET_78140C4B
BNK_298CF776,1596414,INR,CREDIT,2026-08-26T17:56:12Z,SETTLEMENT SET_F8951519,SET_F8951519
BNK_5356815F,562212,INR,CREDIT,2026-08-16T15:48:22Z,SETTLEMENT SET_C68C505A,SET_C68C505A
BNK_5A2F1427,672545,INR,CREDIT,2026-08-08T04:21:39Z,SETTLEMENT SET_BF73C310,SET_BF73C310
BNK_3715304B,803264,INR,CREDIT,2026-07-17T11:09:26Z,SETTLEMENT SET_6576CCC9,SET_6576CCC9
BNK_90B2CB0F,-5140,INR,CREDIT,2026-07-30T19:38:36Z,SETTLEMENT SET_C3B94B5E,SET_C3B94B5E
BNK_52C74230,1292968,INR,CREDIT,2026-08-12T17:51:45Z,SETTLEMENT SET_2BBE912A,SET_2BBE912A
BNK_35D48611,244100,INR,CREDIT,2026-08-28T12:41:08Z,SETTLEMENT SET_5F85636C,SET_5F85636C
BNK_F0CB4C50,150757,INR,CREDIT,2026-07-14T18:14:14Z,SETTLEMENT SET_6DD9C331,SET_6DD9C331
BNK_1020CEE3,1590263,INR,CREDIT,2026-08-15T02:11:15Z,SETTLEMENT SET_5642202B,SET_5642202B
BNK_C98DAFC2,465548,INR,CREDIT,2026-08-22T16:30:34Z,SETTLEMENT SET_591D88A8,SET_591D88A8
BNK_45513BDE,1569075,INR,CREDIT,2026-07-06T17:06:16Z,SETTLEMENT SET_A259EDE2,SET_A259EDE2
BNK_8183E23D,841829,INR,CREDIT,2026-08-05T18:01:35Z,SETTLEMENT SET_4A9F690D,SET_4A9F690D
BNK_EFFD1D32,1892704,INR,CREDIT,2026-08-26T22:48:22Z,SETTLEMENT SET_63660EF7,SET_63660EF7
BNK_77ED624F,1438921,INR,CREDIT,2026-08-20T09:44:11Z,SETTLEMENT SET_5A6D469A,SET_5A6D469A
BNK_16DDD035,134841,INR,CREDIT,2026-08-16T09:49:19Z,SETTLEMENT SET_71E3DB75,SET_71E3DB75
BNK_48F269C3,251814,INR,CREDIT,2026-08-09T07:24:06Z,SETTLEMENT SET_5C8F75F9,SET_5C8F75F9
BNK_2B9EB3A4,730893,INR,CREDIT,2026-08-31T10:42:47Z,SETTLEMENT SET_BE6323C6,SET_BE6323C6
BNK_F8495D67,1197996,INR,CREDIT,2026-07-07T17:17:36Z,SETTLEMENT SET_50D014B0,SET_50D014B0
BNK_93A9302D,1525625,INR,CREDIT,2026-07-13T04:07:18Z,SETTLEMENT SET_07B1F042,SET_07B1F042
BNK_B8560E71,574026,INR,CREDIT,2026-08-19T09:43:03Z,SETTLEMENT SET_AF904AF0,SET_AF904AF0
BNK_6FBC6E00,1395960,INR,CREDIT,2026-08-18T18:06:58Z,SETTLEMENT SET_93FA8C67,SET_93FA8C67
BNK_F0272504,1465577,INR,CREDIT,2026-07-10T13:48:13Z,SETTLEMENT SET_C6851779,SET_C6851779
BNK_B88BD13E,1841881,INR,CREDIT,2026-08-23T22:31:55Z,SETTLEMENT SET_C6D65CE1,SET_C6D65CE1
BNK_DC059115,1621994,INR,CREDIT,2026-08-03T19:50:28Z,SETTLEMENT SET_90CB3CF6,SET_90CB3CF6
BNK_1CB0F7EF,1791792,INR,CREDIT,2026-08-01T04:07:08Z,SETTLEMENT SET_CCA6A970,SET_CCA6A970
BNK_B3A3B44B,138552,INR,CREDIT,2026-07-16T07:09:21Z,SETTLEMENT SET_48FECC75,SET_48FECC75
BNK_A3513A06,258844,INR,CREDIT,2026-08-30T00:53:26Z,SETTLEMENT SET_B7027F5A,SET_B7027F5A
BNK_10418BE6,1839124,INR,CREDIT,2026-08-14T06:14:18Z,SETTLEMENT SET_33FF2E36,SET_33FF2E36
BNK_54C611D8,1843246,INR,CREDIT,2026-07-18T00:44:06Z,SETTLEMENT SET_B3BB8AAB,SET_B3BB8AAB
BNK_A9BBE3FA,828219,INR,CREDIT,2026-08-16T04:31:47Z,SETTLEMENT SET_32A72E94,SET_32A72E94
BNK_A6212C5D,1108898,INR,CREDIT,2026-07-08T09:42:17Z,SETTLEMENT SET_0AE3C4C4,SET_0AE3C4C4
BNK_980E1734,946425,INR,CREDIT,2026-07-07T17:57:55Z,SETTLEMENT SET_E41E7098,SET_E41E7098
BNK_F95A1DE9,1326147,INR,CREDIT,2026-08-13T21:44:32Z,SETTLEMENT SET_6EDA8265,SET_6EDA8265
BNK_156FBEC9,-8580,INR,CREDIT,2026-08-02T04:52:29Z,SETTLEMENT SET_30E0A094,SET_30E0A094
BNK_1CAD16B2,1753127,INR,CREDIT,2026-08-23T13:44:37Z,SETTLEMENT SET_E40A018A,SET_E40A018A
BNK_C29C71CD,1713290,INR,CREDIT,2026-09-03T03:56:01Z,SETTLEMENT SET_4B7E752C,SET_4B7E752C
BNK_74138B90,1389808,INR,CREDIT,2026-08-30T19:45:15Z,SETTLEMENT SET_34F6C93C,SET_34F6C93C
BNK_E9807C27,462033,INR,CREDIT,2026-08-25T06:36:31Z,SETTLEMENT SET_5C8A2943,SET_5C8A2943
BNK_FE433837,1919993,INR,CREDIT,2026-07-27T16:56:40Z,SETTLEMENT SET_485213F0,SET_485213F0
BNK_56DDA95A,918109,INR,CREDIT,2026-08-01T03:46:30Z,SETTLEMENT SET_CD6CB72E,SET_CD6CB72E
BNK_32B46148,1115880,INR,CREDIT,2026-08-11T23:34:26Z,SETTLEMENT SET_4C33434B,SET_4C33434B
BNK_AB2BF52C,602244,INR,CREDIT,2026-07-10T08:34:15Z,SETTLEMENT SET_3E6B9FB6,SET_3E6B9FB6
BNK_30B3D302,1687901,INR,CREDIT,2026-08-03T18:05:06Z,SETTLEMENT SET_6033C7B8,SET_6033C7B8
BNK_BE813FB6,-32053,INR,CREDIT,2026-07-29T22:16:47Z,SETTLEMENT SET_09E9FA28,SET_09E9FA28
BNK_1429E3CE,-32103,INR,CREDIT,2026-08-03T13:35:25Z,SETTLEMENT SET_AEA6AC88,SET_AEA6AC88
BNK_88799003,-18823,INR,CREDIT,2026-07-28T23:10:13Z,SETTLEMENT SET_4F838652,SET_4F838652
BNK_AFF4F9EF,1711630,INR,CREDIT,2026-07-11T17:44:34Z,SETTLEMENT SET_C886452A,SET_C886452A
BNK_5657326E,413896,INR,CREDIT,2026-08-14T08:30:30Z,SETTLEMENT SET_1872EDA4,SET_1872EDA4
BNK_0F4A4D7E,56827,INR,CREDIT,2026-07-09T19:54:28Z,SETTLEMENT SET_0E9B405A,SET_0E9B405A
BNK_2F14F7B2,362635,INR,CREDIT,2026-08-02T17:12:07Z,SETTLEMENT SET_64D4D315,SET_64D4D315
BNK_DD51AAC9,147437,INR,CREDIT,2026-07-14T06:05:17Z,SETTLEMENT SET_EA6E83E0,SET_EA6E83E0
BNK_87574DF1,58584000,INR,CREDIT,2026-08-03T00:25:15Z,SETTLEMENT SET_064E86F1,SET_064E86F1
BNK_C5F90970,1008719,INR,CREDIT,2026-08-29T18:23:53Z,SETTLEMENT SET_C8E01C53,SET_C8E01C53
BNK_0894F079,1262776,INR,CREDIT,2026-07-22T00:39:32Z,SETTLEMENT SET_A22C204F,SET_A22C204F
BNK_88A00FD8,682406,INR,CREDIT,2026-07-25T08:47:22Z,SETTLEMENT SET_07C2F63B,SET_07C2F63B
BNK_2E84FDA7,1651581,INR,CREDIT,2026-07-31T17:05:37Z,SETTLEMENT SET_0985EB1F,SET_0985EB1F
BNK_4EC25B51,1933077,INR,CREDIT,2026-08-02T09:02:58Z,SETTLEMENT SET_D84876C9,SET_D84876C9
BNK_A6D96260,25875,INR,CREDIT,2026-08-08T15:02:25Z,SETTLEMENT SET_40E255FE,SET_40E255FE
BNK_9159D17D,1353193,INR,CREDIT,2026-08-02T22:23:02Z,SETTLEMENT SET_6FD3EC2C,SET_6FD3EC2C
BNK_5CF42F58,807874,INR,CREDIT,2026-09-02T02:03:36Z,SETTLEMENT SET_6932BC93,SET_6932BC93
BNK_F3D1A9DB,1168458,INR,CREDIT,2026-07-22T02:37:12Z,SETTLEMENT SET_7A3EF1CE,SET_7A3EF1CE
BNK_BF6542E3,150659,INR,CREDIT,2026-08-03T15:18:26Z,SETTLEMENT SET_DE3836E0,SET_DE3836E0
BNK_9B5EBF90,1410898,INR,CREDIT,2026-07-12T17:13:06Z,SETTLEMENT SET_724BAFB3,SET_724BAFB3
BNK_62CD04DF,361224,INR,CREDIT,2026-07-15T04:13:03Z,SETTLEMENT SET_FA7B07F7,SET_FA7B07F7
BNK_09F104F9,938809,INR,CREDIT,2026-08-18T18:20:13Z,SETTLEMENT SET_42585600,SET_42585600
BNK_9F7EB8D2,317419,INR,CREDIT,2026-08-01T23:40:00Z,SETTLEMENT SET_180DF68A,SET_180DF68A
BNK_3F50CA8E,950133,INR,CREDIT,2026-07-23T12:50:25Z,SETTLEMENT SET_5A964A36,SET_5A964A36
BNK_BD0394DE,577751,INR,CREDIT,2026-07-16T05:44:24Z,SETTLEMENT SET_E24B33B5,SET_E24B33B5
BNK_C78C6272,18357,INR,CREDIT,2026-08-31T01:34:34Z,SETTLEMENT SET_B40E3E50,SET_B40E3E50
BNK_18B42BE5,411553,INR,CREDIT,2026-07-27T04:43:54Z,SETTLEMENT SET_CB85B54A,SET_CB85B54A
BNK_0154F6D6,1245692,INR,CREDIT,2026-08-12T13:28:23Z,SETTLEMENT SET_893306E9,SET_893306E9
BNK_C1EFDF7F,1768749,INR,CREDIT,2026-07-24T13:16:31Z,SETTLEMENT SET_0B61377B,SET_0B61377B
BNK_8A72E033,377477,INR,CREDIT,2026-07-09T08:02:36Z,SETTLEMENT SET_80EA2EB6,SET_80EA2EB6
BNK_45458FDD,82704,INR,CREDIT,2026-08-26T18:16:10Z,SETTLEMENT SET_18E0B92B,SET_18E0B92B
BNK_DBFB1CEB,1221899,INR,CREDIT,2026-08-19T05:24:57Z,SETTLEMENT SET_F11FFFAC,SET_F11FFFAC
BNK_F58753A1,1109220,INR,CREDIT,2026-09-03T21:03:59Z,SETTLEMENT SET_61D6DAE3,SET_61D6DAE3
BNK_DE0824B0,622455,INR,CREDIT,2026-08-17T12:57:42Z,SETTLEMENT SET_F745F815,SET_F745F815
BNK_AD5C1727,786251,INR,CREDIT,2026-07-31T09:38:07Z,SETTLEMENT SET_504DC1B8,SET_504DC1B8
BNK_A161D5FC,294879,INR,CREDIT,2026-08-10T02:57:13Z,SETTLEMENT SET_B1467859,SET_B1467859
BNK_97A600CE,674050,INR,CREDIT,2026-07-31T19:48:26Z,SETTLEMENT SET_33A9D888,SET_33A9D888
BNK_D62DEEFC,965367,INR,CREDIT,2026-07-28T06:29:57Z,SETTLEMENT SET_06DF30E3,SET_06DF30E3
BNK_56DB3466,177510,INR,CREDIT,2026-07-26T10:35:17Z,SETTLEMENT SET_66AF5A2F,SET_66AF5A2F
BNK_94FFE3BB,1264438,INR,CREDIT,2026-08-18T12:49:03Z,SETTLEMENT SET_1BF05902,SET_1BF05902
BNK_A2B5E5F1,1190427,INR,CREDIT,2026-07-27T18:10:34Z,SETTLEMENT SET_618E8BC3,SET_618E8BC3
BNK_D5548D93,579982,INR,CREDIT,2026-07-28T20:06:20Z,SETTLEMENT SET_ADB4EB20,SET_ADB4EB20
BNK_76E1F45C,1004716,INR,CREDIT,2026-08-24T17:08:09Z,SETTLEMENT SET_D7735193,SET_D7735193
BNK_FE588E13,-33611,INR,CREDIT,2026-07-11T12:22:45Z,SETTLEMENT SET_6C0468D9,SET_6C0468D9
BNK_F86D4149,972788,INR,CREDIT,2026-08-23T13:46:39Z,SETTLEMENT SET_FC49F723,SET_FC49F723
BNK_61C12E68,783073,INR,CREDIT,2026-07-15T20:47:20Z,SETTLEMENT SET_05BFE77F,SET_05BFE77F
BNK_F209F679,363219,INR,CREDIT,2026-08-21T21:58:26Z,SETTLEMENT SET_D9983B53,SET_D9983B53
BNK_AE8108A8,172823,INR,CREDIT,2026-08-02T06:36:12Z,SETTLEMENT SET_3B5FCCDF,SET_3B5FCCDF
BNK_2F1D306F,331908,INR,CREDIT,2026-07-15T06:23:49Z,SETTLEMENT SET_52358FAA,SET_52358FAA
BNK_45DB0138,1904078,INR,CREDIT,2026-08-17T03:51:56Z,SETTLEMENT SET_65A53E55,SET_65A53E55
BNK_BB7E2E49,1480711,INR,CREDIT,2026-08-20T16:02:39Z,SETTLEMENT SET_90348E44,SET_90348E44
BNK_F2D5CB01,777996,INR,CREDIT,2026-07-08T16:27:23Z,SETTLEMENT SET_83A21A7D,SET_83A21A7D
BNK_56D86DDF,533113,INR,CREDIT,2026-07-22T01:24:21Z,SETTLEMENT SET_EEB36CDE,SET_EEB36CDE
BNK_9D9DA3C4,495677,INR,CREDIT,2026-08-04T21:44:44Z,SETTLEMENT SET_17CA973F,SET_17CA973F
BNK_2311B725,911640,INR,CREDIT,2026-07-07T18:32:24Z,SETTLEMENT SET_247058FA,SET_247058FA
BNK_84D27D79,465646,INR,CREDIT,2026-07-17T16:03:12Z,SETTLEMENT SET_488D4808,SET_488D4808
BNK_2006D3FF,1646049,INR,CREDIT,2026-08-24T10:21:46Z,SETTLEMENT SET_723E6D4F,SET_723E6D4F
BNK_C43935E4,720584,INR,CREDIT,2026-08-11T00:53:10Z,SETTLEMENT SET_DF41DB41,SET_DF41DB41
BNK_DFDE9F01,1144146,INR,CREDIT,2026-08-06T08:16:30Z,SETTLEMENT SET_9529DD09,SET_9529DD09
BNK_7266EAAA,143141,INR,CREDIT,2026-07-12T17:13:32Z,SETTLEMENT SET_FE0DF04E,SET_FE0DF04E
BNK_418FF88B,1059492,INR,CREDIT,2026-07-10T22:24:04Z,SETTLEMENT SET_7220A724,SET_7220A724
BNK_3D89DD90,10643,INR,CREDIT,2026-08-23T09:30:53Z,SETTLEMENT SET_195A273F,SET_195A273F
BNK_40585610,-34507,INR,CREDIT,2026-07-29T01:06:59Z,SETTLEMENT SET_95C8652E,SET_95C8652E
BNK_A4127C56,804847,INR,CREDIT,2026-07-16T18:02:49Z,SETTLEMENT SET_833450D0,SET_833450D0
BNK_D72194EA,639347,INR,CREDIT,2026-08-14T19:22:48Z,SETTLEMENT SET_769DCC16,SET_769DCC16
BNK_47D1C9E8,1652167,INR,CREDIT,2026-07-17T03:43:35Z,SETTLEMENT SET_DA2EADA9,SET_DA2EADA9
BNK_DD9FBB67,1217719,INR,CREDIT,2026-07-28T14:43:11Z,SETTLEMENT SET_B731CAC2,SET_B731CAC2
BNK_11D1E30A,736304,INR,CREDIT,2026-08-25T12:02:10Z,SETTLEMENT SET_FE01CB58,SET_FE01CB58
BNK_86977680,694514,INR,CREDIT,2026-08-06T08:12:55Z,SETTLEMENT SET_57AFF3FF,SET_57AFF3FF
BNK_3FE78EBA,1578837,INR,CREDIT,2026-08-21T14:42:02Z,SETTLEMENT SET_234258A8,SET_234258A8
BNK_2D59A424,470332,INR,CREDIT,2026-08-15T16:06:26Z,SETTLEMENT SET_0559BE11,SET_0559BE11
BNK_A4C71518,882861,INR,CREDIT,2026-07-16T10:37:22Z,SETTLEMENT SET_1536CDA7,SET_1536CDA7
BNK_A8B77ABB,379134,INR,CREDIT,2026-07-04T09:19:20Z,SETTLEMENT SET_C5A6F718,SET_C5A6F718
BNK_A3E2154C,720681,INR,CREDIT,2026-08-15T15:29:33Z,SETTLEMENT SET_6D2F7560,SET_6D2F7560
BNK_8126D74E,670006,INR,CREDIT,2026-08-02T06:33:36Z,SETTLEMENT SET_679E638C,SET_679E638C
BNK_5828499A,188641,INR,CREDIT,2026-08-18T20:51:04Z,SETTLEMENT SET_E77C55E8,SET_E77C55E8
BNK_70655CA3,1742093,INR,CREDIT,2026-07-10T23:59:41Z,SETTLEMENT SET_4F9A4425,SET_4F9A4425
BNK_9750F53F,429812,INR,CREDIT,2026-08-16T07:12:07Z,SETTLEMENT SET_2380E984,SET_2380E984
BNK_090145A1,574417,INR,CREDIT,2026-08-09T17:42:49Z,SETTLEMENT SET_FBB66B3E,SET_FBB66B3E
BNK_28AB4B46,1113289,INR,CREDIT,2026-07-28T19:23:34Z,SETTLEMENT SET_5AB4B150,SET_5AB4B150
BNK_3F1953CA,795181,INR,CREDIT,2026-08-06T02:09:21Z,SETTLEMENT SET_E6F601C9,SET_E6F601C9
BNK_F3317F82,1200484,INR,CREDIT,2026-08-22T20:41:32Z,SETTLEMENT SET_06EE5341,SET_06EE5341
BNK_8007E7F6,136883,INR,CREDIT,2026-08-27T20:54:19Z,SETTLEMENT SET_B55EFB78,SET_B55EFB78
BNK_5BF2835F,1205171,INR,CREDIT,2026-08-17T14:59:30Z,SETTLEMENT SET_03D95197,SET_03D95197
BNK_5D9040FF,1856918,INR,CREDIT,2026-08-30T12:58:30Z,SETTLEMENT SET_C480A328,SET_C480A328
BNK_445F7391,1382973,INR,CREDIT,2026-08-21T21:39:48Z,SETTLEMENT SET_5C38CE81,SET_5C38CE81
BNK_6F1DE187,29292000,INR,CREDIT,2026-07-12T14:05:11Z,SETTLEMENT SET_9649F4E3,SET_9649F4E3
BNK_84890296,1395764,INR,CREDIT,2026-08-09T01:47:48Z,SETTLEMENT SET_A78E4E31,SET_A78E4E31
BNK_86086083,751536,INR,CREDIT,2026-07-31T10:50:29Z,SETTLEMENT SET_DB372831,SET_DB372831
BNK_CF4618FE,1842858,INR,CREDIT,2026-08-26T05:53:17Z,SETTLEMENT SET_8660CD7F,SET_8660CD7F
BNK_17B24678,581056,INR,CREDIT,2026-08-02T17:31:29Z,SETTLEMENT SET_4F919066,SET_4F919066
BNK_368206CE,1491726,INR,CREDIT,2026-08-03T12:11:35Z,SETTLEMENT SET_4A565E55,SET_4A565E55
BNK_83087D6C,1745405,INR,CREDIT,2026-08-17T18:13:19Z,SETTLEMENT SET_3533ECD8,SET_3533ECD8
BNK_5465AF48,1852912,INR,CREDIT,2026-07-15T13:11:47Z,SETTLEMENT SET_4CA74980,SET_4CA74980
BNK_240F8CE3,128592,INR,CREDIT,2026-08-22T16:20:12Z,SETTLEMENT SET_92364AB3,SET_92364AB3
BNK_DB8459E4,-44049,INR,CREDIT,2026-08-20T04:54:13Z,SETTLEMENT SET_BDDA052B,SET_BDDA052B
BNK_A1F97FCF,987629,INR,CREDIT,2026-09-03T03:07:12Z,SETTLEMENT SET_1334852D,SET_1334852D
BNK_0F8F6DCA,823220,INR,CREDIT,2026-08-08T01:49:21Z,SETTLEMENT SET_19F38E1E,SET_19F38E1E
BNK_457FE5CC,921234,INR,CREDIT,2026-07-20T02:58:56Z,SETTLEMENT SET_F7C42588,SET_F7C42588
BNK_593F484B,595409,INR,CREDIT,2026-08-01T16:24:39Z,SETTLEMENT SET_80731528,SET_80731528
BNK_8002B403,772233,INR,CREDIT,2026-08-28T15:32:43Z,SETTLEMENT SET_63012262,SET_63012262
BNK_B0F1CA2B,449390,INR,CREDIT,2026-08-14T21:06:52Z,SETTLEMENT SET_D0030514,SET_D0030514
BNK_8F0A55D2,1586260,INR,CREDIT,2026-08-18T08:41:48Z,SETTLEMENT SET_50E64E83,SET_50E64E83
BNK_CA59BBA2,1441167,INR,CREDIT,2026-07-31T20:18:23Z,SETTLEMENT SET_81F3F2BC,SET_81F3F2BC
BNK_127697A8,763448,INR,CREDIT,2026-08-22T09:04:36Z,SETTLEMENT SET_3169C124,SET_3169C124
BNK_DE380B4D,212075,INR,CREDIT,2026-08-18T04:36:45Z,SETTLEMENT SET_249F9C2F,SET_249F9C2F
BNK_B8631350,801625,INR,CREDIT,2026-08-28T03:52:02Z,SETTLEMENT SET_8BAACE34,SET_8BAACE34
BNK_2A2F5D9E,805628,INR,CREDIT,2026-07-12T02:36:36Z,SETTLEMENT SET_63821AE1,SET_63821AE1
BNK_11C2B6B1,1529726,INR,CREDIT,2026-07-07T03:50:36Z,SETTLEMENT SET_669DD1EF,SET_669DD1EF
BNK_6C641326,246930,INR,CREDIT,2026-08-05T06:25:54Z,SETTLEMENT SET_2DA4A116,SET_2DA4A116
BNK_8E414500,839751,INR,CREDIT,2026-07-13T11:31:54Z,SETTLEMENT SET_82125FD5,SET_82125FD5
BNK_38D4D202,1163674,INR,CREDIT,2026-07-16T19:02:08Z,SETTLEMENT SET_D27259AA,SET_D27259AA
BNK_0C05F698,1731841,INR,CREDIT,2026-07-12T00:54:51Z,SETTLEMENT SET_6E7F634A,SET_6E7F634A
BNK_0C640B51,334320,INR,CREDIT,2026-08-01T17:29:18Z,SETTLEMENT SET_BDA3550A,SET_BDA3550A
BNK_D42D4AA8,1588115,INR,CREDIT,2026-08-27T08:59:52Z,SETTLEMENT SET_E4EDE150,SET_E4EDE150
BNK_85DEA494,495838,INR,CREDIT,2026-08-24T19:48:28Z,SETTLEMENT SET_F159128F,SET_F159128F
BNK_10E31D06,788736,INR,CREDIT,2026-08-07T10:28:59Z,SETTLEMENT SET_4010F928,SET_4010F928
BNK_1333329A,536891,INR,CREDIT,2026-07-10T20:55:35Z,SETTLEMENT SET_0D428927,SET_0D428927
BNK_6919155C,170504,INR,CREDIT,2026-08-18T22:24:47Z,SETTLEMENT SET_2C0DC429,SET_2C0DC429
BNK_F230BBF4,342522,INR,CREDIT,2026-08-13T00:14:51Z,SETTLEMENT SET_C28A5D04,SET_C28A5D04
BNK_7C04ED42,-33325,INR,CREDIT,2026-08-07T20:49:49Z,SETTLEMENT SET_88F67931,SET_88F67931
BNK_0E6F33AC,1698839,INR,CREDIT,2026-07-15T13:46:05Z,SETTLEMENT SET_D8DB2049,SET_D8DB2049
BNK_F97C47AF,247420,INR,CREDIT,2026-08-28T14:15:40Z,SETTLEMENT SET_9614E607,SET_9614E607
BNK_9D4A5FC3,1019069,INR,CREDIT,2026-07-20T12:35:34Z,SETTLEMENT SET_6E017ABC,SET_6E017ABC
BNK_CAF4D819,334710,INR,CREDIT,2026-08-07T11:37:39Z,SETTLEMENT SET_997D23EF,SET_997D23EF
BNK_FECE2FA4,1931710,INR,CREDIT,2026-07-24T09:38:09Z,SETTLEMENT SET_1A04D01C,SET_1A04D01C
BNK_6A74EC68,457834,INR,CREDIT,2026-08-06T21:36:16Z,SETTLEMENT SET_847525A0,SET_847525A0
BNK_EAFBFD41,977670,INR,CREDIT,2026-07-09T06:53:27Z,SETTLEMENT SET_2879D790,SET_2879D790
BNK_84C5D002,915689,INR,CREDIT,2026-08-28T22:46:31Z,SETTLEMENT SET_7A47C1D6,SET_7A47C1D6
BNK_EE1AD07D,483466,INR,CREDIT,2026-08-12T15:22:41Z,SETTLEMENT SET_715CD150,SET_715CD150
BNK_8E9E1E94,846394,INR,CREDIT,2026-08-09T12:42:18Z,SETTLEMENT SET_C48F6E96,SET_C48F6E96
BNK_DBECB2D7,35249,INR,CREDIT,2026-07-03T05:14:47Z,SETTLEMENT SET_A45A3F1C,SET_A45A3F1C
BNK_91A628B8,1600978,INR,CREDIT,2026-07-15T00:04:21Z,SETTLEMENT SET_0FF49B23,SET_0FF49B23
BNK_C6E7442F,311277,INR,CREDIT,2026-07-28T12:49:18Z,SETTLEMENT SET_8FDA21E5,SET_8FDA21E5
BNK_30871CD4,1550914,INR,CREDIT,2026-08-09T23:55:23Z,SETTLEMENT SET_01425453,SET_01425453
BNK_A4EFCDC8,33882,INR,CREDIT,2026-08-04T04:36:38Z,SETTLEMENT SET_C6A3FAA0,SET_C6A3FAA0
BNK_4DBBADC1,61709,INR,CREDIT,2026-08-27T13:58:41Z,SETTLEMENT SET_4F2D8295,SET_4F2D8295
BNK_5127C570,89243,INR,CREDIT,2026-08-27T06:25:10Z,SETTLEMENT SET_005572E8,SET_005572E8
BNK_E4221F79,1009891,INR,CREDIT,2026-08-24T09:12:56Z,SETTLEMENT SET_17932B6E,SET_17932B6E
BNK_94D02329,923675,INR,CREDIT,2026-07-10T06:11:18Z,SETTLEMENT SET_E64537C1,SET_E64537C1
BNK_C36BC847,1574055,INR,CREDIT,2026-08-06T09:17:48Z,SETTLEMENT SET_335644D5,SET_335644D5
BNK_85CD7824,729714,INR,CREDIT,2026-07-22T01:16:02Z,SETTLEMENT SET_F2473926,SET_F2473926
BNK_E17B7540,1535780,INR,CREDIT,2026-07-10T21:25:18Z,SETTLEMENT SET_A86286D6,SET_A86286D6
BNK_690E75C0,1270785,INR,CREDIT,2026-08-19T00:30:01Z,SETTLEMENT SET_9C6F9074,SET_9C6F9074
BNK_7FE182D6,348087,INR,CREDIT,2026-08-24T23:32:29Z,SETTLEMENT SET_3A8CA5FB,SET_3A8CA5FB
BNK_C88C2D04,1766306,INR,CREDIT,2026-08-19T20:15:27Z,SETTLEMENT SET_C422EC0F,SET_C422EC0F
BNK_2FAB39A7,1081852,INR,CREDIT,2026-09-02T17:38:30Z,SETTLEMENT SET_8BC28D76,SET_8BC28D76
BNK_81533223,1690637,INR,CREDIT,2026-07-05T06:09:06Z,SETTLEMENT SET_8B3D604D,SET_8B3D604D
BNK_A1C98197,987531,INR,CREDIT,2026-08-05T18:14:37Z,SETTLEMENT SET_CD3E9EDD,SET_CD3E9EDD
BNK_FD2800D1,49699,INR,CREDIT,2026-07-06T17:59:17Z,SETTLEMENT SET_A4807E0B,SET_A4807E0B
BNK_DBA047A0,777605,INR,CREDIT,2026-07-31T23:44:33Z,SETTLEMENT SET_BD292D00,SET_BD292D00
BNK_F028FCDB,1842272,INR,CREDIT,2026-07-07T14:36:41Z,SETTLEMENT SET_87A24828,SET_87A24828
BNK_3F9F61E9,430007,INR,CREDIT,2026-09-02T14:18:28Z,SETTLEMENT SET_E6F00278,SET_E6F00278
BNK_9FB5C16D,1438238,INR,CREDIT,2026-08-12T16:55:35Z,SETTLEMENT SET_F5E7D4F3,SET_F5E7D4F3
BNK_5C236363,1134577,INR,CREDIT,2026-07-30T03:10:44Z,SETTLEMENT SET_C5A000DB,SET_C5A000DB
BNK_D8F24AB1,1219719,INR,CREDIT,2026-08-01T23:57:31Z,SETTLEMENT SET_692BFCE4,SET_692BFCE4
BNK_6DB2D2F7,1483983,INR,CREDIT,2026-08-08T10:48:10Z,SETTLEMENT SET_B706A7DB,SET_B706A7DB
BNK_2E9464F2,-21450,INR,CREDIT,2026-08-24T04:59:42Z,SETTLEMENT SET_7F9EA11C,SET_7F9EA11C
BNK_B2ABB9C4,161790,INR,CREDIT,2026-07-30T14:35:17Z,SETTLEMENT SET_C30BE83B,SET_C30BE83B
BNK_A3ADFB67,869387,INR,CREDIT,2026-07-26T22:28:56Z,SETTLEMENT SET_ED991C86,SET_ED991C86
BNK_FEE7E874,182490,INR,CREDIT,2026-09-02T14:22:55Z,SETTLEMENT SET_4303AA9C,SET_4303AA9C
BNK_A354678E,14646000,INR,CREDIT,2026-07-14T09:42:50Z,SETTLEMENT SET_41FC2131,SET_41FC2131
BNK_1B06D834,135346,INR,CREDIT,2026-08-23T07:38:06Z,SETTLEMENT SET_47DF0DD3,SET_47DF0DD3
BNK_1F5C3F29,1077556,INR,CREDIT,2026-08-01T18:41:56Z,SETTLEMENT SET_69C45B48,SET_69C45B48
BNK_384BB638,323970,INR,CREDIT,2026-08-13T02:21:04Z,SETTLEMENT SET_9BCB258C,SET_9BCB258C
BNK_BCFE7C3A,1455911,INR,CREDIT,2026-07-03T05:58:00Z,SETTLEMENT SET_55E4D1C0,SET_55E4D1C0
BNK_08061515,780461,INR,CREDIT,2026-07-23T03:20:30Z,SETTLEMENT SET_A5CEC7BC,SET_A5CEC7BC
BNK_2D28B14B,268999,INR,CREDIT,2026-08-22T20:14:21Z,SETTLEMENT SET_CF6C9F1E,SET_CF6C9F1E
BNK_D1178A8B,1162991,INR,CREDIT,2026-08-16T10:20:38Z,SETTLEMENT SET_DF44EB28,SET_DF44EB28
BNK_CB5E7FD7,1246375,INR,CREDIT,2026-07-07T21:53:18Z,SETTLEMENT SET_65BAE984,SET_65BAE984
BNK_BE9A98FE,1265122,INR,CREDIT,2026-08-22T15:52:17Z,SETTLEMENT SET_B1E7F961,SET_B1E7F961
BNK_9833859E,1776853,INR,CREDIT,2026-08-28T21:49:52Z,SETTLEMENT SET_B5FF09BE,SET_B5FF09BE
BNK_78A78B01,247323,INR,CREDIT,2026-07-12T22:31:38Z,SETTLEMENT SET_DFB1FF33,SET_DFB1FF33
BNK_16BD1435,56632,INR,CREDIT,2026-07-18T14:47:03Z,SETTLEMENT SET_2562A8B4,SET_2562A8B4
BNK_C2D22284,1020534,INR,CREDIT,2026-07-24T20:07:14Z,SETTLEMENT SET_052A9420,SET_052A9420
BNK_3B3BE3EA,1285233,INR,CREDIT,2026-08-01T03:05:39Z,SETTLEMENT SET_5DA5794C,SET_5DA5794C
BNK_6D015E04,1118810,INR,CREDIT,2026-07-08T07:05:24Z,SETTLEMENT SET_13C60914,SET_13C60914
BNK_359F76B7,312058,INR,CREDIT,2026-07-19T05:48:15Z,SETTLEMENT SET_F699C9A7,SET_F699C9A7
BNK_974FD38A,361080,INR,CREDIT,2026-07-23T15:00:31Z,SETTLEMENT SET_5FD439BC,SET_5FD439BC
BNK_B9BA7E98,1598270,INR,CREDIT,2026-08-02T09:52:09Z,SETTLEMENT SET_BEE9829A,SET_BEE9829A
BNK_2E54E026,229452,INR,CREDIT,2026-07-12T15:44:22Z,SETTLEMENT SET_9FF655D6,SET_9FF655D6
BNK_4993E495,255208,INR,CREDIT,2026-08-30T03:00:27Z,SETTLEMENT SET_0A77F5E2,SET_0A77F5E2
BNK_8EA4A4F3,219788,INR,CREDIT,2026-07-07T15:14:45Z,SETTLEMENT SET_F5173650,SET_F5173650
BNK_70AEF759,18650,INR,CREDIT,2026-09-01T17:17:20Z,SETTLEMENT SET_F63F40B5,SET_F63F40B5
BNK_C64E6F02,1566244,INR,CREDIT,2026-07-06T09:58:00Z,SETTLEMENT SET_74526BC8,SET_74526BC8
BNK_E7B2AA72,463299,INR,CREDIT,2026-07-11T03:16:24Z,SETTLEMENT SET_46B91A2C,SET_46B91A2C
BNK_B87430D7,1792573,INR,CREDIT,2026-07-13T23:09:06Z,SETTLEMENT SET_FB162ED0,SET_FB162ED0
BNK_BB56E350,484197,INR,CREDIT,2026-07-21T06:45:47Z,SETTLEMENT SET_2F53E2B8,SET_2F53E2B8
BNK_A52C9699,191375,INR,CREDIT,2026-07-09T00:40:58Z,SETTLEMENT SET_925EBBFE,SET_925EBBFE
BNK_89275218,152514,INR,CREDIT,2026-08-25T10:01:03Z,SETTLEMENT SET_A82CCBDB,SET_A82CCBDB
BNK_7C34FBC6,1901442,INR,CREDIT,2026-08-15T19:07:07Z,SETTLEMENT SET_BA4953B4,SET_BA4953B4
BNK_B785446B,72742,INR,CREDIT,2026-07-30T19:54:44Z,SETTLEMENT SET_A6C046DE,SET_A6C046DE
BNK_89C459A3,974643,INR,CREDIT,2026-08-11T01:09:50Z,SETTLEMENT SET_B51CD364,SET_B51CD364
BNK_9A3E5C09,1330538,INR,CREDIT,2026-08-13T04:33:32Z,SETTLEMENT SET_6BBCB451,SET_6BBCB451
BNK_B39E0293,1203511,INR,CREDIT,2026-09-03T08:04:33Z,SETTLEMENT SET_8C10A53B,SET_8C10A53B
BNK_F7CD1530,1099329,INR,CREDIT,2026-07-13T07:05:32Z,SETTLEMENT SET_1D26EDDA,SET_1D26EDDA
BNK_AB15FC2F,943008,INR,CREDIT,2026-08-10T06:12:51Z,SETTLEMENT SET_D3FEA27D,SET_D3FEA27D
BNK_60724C46,132596,INR,CREDIT,2026-08-04T07:22:27Z,SETTLEMENT SET_F99F037F,SET_F99F037F
BNK_475FC625,1473681,INR,CREDIT,2026-08-05T22:03:48Z,SETTLEMENT SET_DCDAD102,SET_DCDAD102
BNK_E233F688,1344601,INR,CREDIT,2026-07-26T00:33:27Z,SETTLEMENT SET_9391389B,SET_9391389B
BNK_B9521C25,826316,INR,CREDIT,2026-08-27T15:47:30Z,SETTLEMENT SET_A95C4DDB,SET_A95C4DDB
BNK_62A6A526,21922,INR,CREDIT,2026-08-07T08:44:51Z,SETTLEMENT SET_C17B6FBF,SET_C17B6FBF
BNK_2E6EE658,429712,INR,CREDIT,2026-08-19T10:56:35Z,SETTLEMENT SET_AFAE3966,SET_AFAE3966
BNK_19F91451,761788,INR,CREDIT,2026-08-17T16:41:34Z,SETTLEMENT SET_08F2E530,SET_08F2E530
BNK_A3A1E775,1685365,INR,CREDIT,2026-08-20T14:01:38Z,SETTLEMENT SET_B3B407F5,SET_B3B407F5
BNK_44E61477,666997,INR,CREDIT,2026-07-13T17:13:22Z,SETTLEMENT SET_6892141E,SET_6892141E
BNK_AF0D90B4,587500,INR,CREDIT,2026-08-22T07:38:53Z,SETTLEMENT SET_2D7CCDDC,SET_2D7CCDDC
BNK_11490895,1556773,INR,CREDIT,2026-08-15T11:10:08Z,SETTLEMENT SET_4B5AAA9F,SET_4B5AAA9F
BNK_51ED7630,1604519,INR,CREDIT,2026-08-30T13:13:02Z,SETTLEMENT SET_3B401C8A,SET_3B401C8A
BNK_0560EC62,-38423,INR,CREDIT,2026-07-28T01:09:50Z,SETTLEMENT SET_C0F86053,SET_C0F86053
BNK_9711362A,-43782,INR,CREDIT,2026-08-24T23:18:31Z,SETTLEMENT SET_D20C9C80,SET_D20C9C80
BNK_0C1D5AE3,963121,INR,CREDIT,2026-07-19T00:57:38Z,SETTLEMENT SET_B0CDDE30,SET_B0CDDE30
BNK_6F87CA2D,1132136,INR,CREDIT,2026-07-22T20:32:22Z,SETTLEMENT SET_F4B36BF6,SET_F4B36BF6
BNK_A5F83FA7,1635373,INR,CREDIT,2026-07-27T13:07:27Z,SETTLEMENT SET_B1674F65,SET_B1674F65
BNK_E4375A35,867532,INR,CREDIT,2026-07-17T00:43:11Z,SETTLEMENT SET_32349165,SET_32349165
BNK_8BB3406A,778777,INR,CREDIT,2026-07-12T02:05:46Z,SETTLEMENT SET_0FC25EDB,SET_0FC25EDB
BNK_D2742A7F,1418807,INR,CREDIT,2026-07-06T02:08:50Z,SETTLEMENT SET_E1BD3380,SET_E1BD3380
BNK_86976DA4,14646000,INR,CREDIT,2026-08-16T22:20:33Z,SETTLEMENT SET_B02B2ED2,SET_B02B2ED2
BNK_91ECA6A7,1945673,INR,CREDIT,2026-08-09T09:43:59Z,SETTLEMENT SET_0179D411,SET_0179D411
BNK_1F68ABD2,762862,INR,CREDIT,2026-08-08T14:02:15Z,SETTLEMENT SET_9C9A6317,SET_9C9A6317
BNK_C3BC80C8,58584000,INR,CREDIT,2026-07-24T10:52:55Z,SETTLEMENT SET_BDC799B6,SET_BDC799B6
BNK_F4B06A43,1082926,INR,CREDIT,2026-08-11T04:15:04Z,SETTLEMENT SET_4D0873B9,SET_4D0873B9
BNK_C1DA806A,-10414,INR,CREDIT,2026-07-07T22:29:07Z,SETTLEMENT SET_8B741A59,SET_8B741A59
BNK_931D8262,1317164,INR,CREDIT,2026-08-21T10:56:41Z,SETTLEMENT SET_52E6A6E0,SET_52E6A6E0
BNK_0B277237,581544,INR,CREDIT,2026-07-31T19:05:41Z,SETTLEMENT SET_D1531981,SET_D1531981
BNK_0A4495B8,1444194,INR,CREDIT,2026-08-20T15:07:10Z,SETTLEMENT SET_6D4576A8,SET_6D4576A8
BNK_9CDD4FA8,496647,INR,CREDIT,2026-08-10T08:14:04Z,SETTLEMENT SET_677FB9BF,SET_677FB9BF
BNK_B8CDDA78,1321480,INR,CREDIT,2026-07-13T01:06:35Z,SETTLEMENT SET_057315FA,SET_057315FA
BNK_46E389EA,570632,INR,CREDIT,2026-07-29T18:47:21Z,SETTLEMENT SET_6830363E,SET_6830363E
BNK_D3DADCBE,-28180,INR,CREDIT,2026-08-07T20:16:32Z,SETTLEMENT SET_20D3D723,SET_20D3D723
BNK_6E2C16A9,972104,INR,CREDIT,2026-07-07T20:41:42Z,SETTLEMENT SET_2F996CCE,SET_2F996CCE
BNK_518F239F,1427204,INR,CREDIT,2026-08-14T02:37:07Z,SETTLEMENT SET_FD8EB1D4,SET_FD8EB1D4
BNK_3965BC27,1103040,INR,CREDIT,2026-07-22T09:10:45Z,SETTLEMENT SET_D0C24D47,SET_D0C24D47
BNK_F6073E23,-7198,INR,CREDIT,2026-08-12T05:16:27Z,SETTLEMENT SET_915C93EE,SET_915C93EE
BNK_05D6C1CE,1361102,INR,CREDIT,2026-08-15T17:28:10Z,SETTLEMENT SET_D2FD5723,SET_D2FD5723
BNK_00D94B83,853960,INR,CREDIT,2026-08-17T03:15:00Z,SETTLEMENT SET_0BE0F602,SET_0BE0F602
BNK_FD1734F1,991389,INR,CREDIT,2026-07-20T05:42:53Z,SETTLEMENT SET_3C9AB6B1,SET_3C9AB6B1
BNK_2F6D1534,365272,INR,CREDIT,2026-09-03T17:25:25Z,SETTLEMENT SET_D6E13675,SET_D6E13675
BNK_88C811F6,958044,INR,CREDIT,2026-08-17T05:23:17Z,SETTLEMENT SET_46F4E5F7,SET_46F4E5F7
BNK_17A259A3,591451,INR,CREDIT,2026-09-02T04:28:27Z,SETTLEMENT SET_71AE59C9,SET_71AE59C9
BNK_B34CCFF0,1059492,INR,CREDIT,2026-07-24T23:04:10Z,SETTLEMENT SET_59A2A832,SET_59A2A832
BNK_BBF31583,876316,INR,CREDIT,2026-07-17T23:43:08Z,SETTLEMENT SET_FAE77F02,SET_FAE77F02
BNK_63BE10BA,906783,INR,CREDIT,2026-07-20T09:54:06Z,SETTLEMENT SET_486A4885,SET_486A4885
BNK_EAA43909,920746,INR,CREDIT,2026-07-13T01:21:04Z,SETTLEMENT SET_50EB5E33,SET_50EB5E33
BNK_6228CA5C,-10063,INR,CREDIT,2026-07-04T20:09:59Z,SETTLEMENT SET_A5F9C3AB,SET_A5F9C3AB
BNK_7BA5E2BF,150073,INR,CREDIT,2026-07-04T22:33:06Z,SETTLEMENT SET_69856E2B,SET_69856E2B
BNK_24323B42,656532,INR,CREDIT,2026-08-02T14:02:35Z,SETTLEMENT SET_2E6BCD7B,SET_2E6BCD7B
BNK_707F6449,1540427,INR,CREDIT,2026-09-03T13:11:43Z,SETTLEMENT SET_DB15FF99,SET_DB15FF99
BNK_8D53F091,1123739,INR,CREDIT,2026-07-15T07:29:10Z,SETTLEMENT SET_627A5EE2,SET_627A5EE2
BNK_9DC934AE,878565,INR,CREDIT,2026-07-19T13:44:07Z,SETTLEMENT SET_02BC106A,SET_02BC106A
BNK_60F41CAA,-10818,INR,CREDIT,2026-09-01T21:14:36Z,SETTLEMENT SET_D16FB54F,SET_D16FB54F
BNK_DE608718,524913,INR,CREDIT,2026-07-05T10:45:18Z,SETTLEMENT SET_B0AFF378,SET_B0AFF378
BNK_E8082029,1636837,INR,CREDIT,2026-07-25T20:38:02Z,SETTLEMENT SET_56DF8DA6,SET_56DF8DA6
BNK_B18820B2,711503,INR,CREDIT,2026-07-25T15:22:16Z,SETTLEMENT SET_70C5C2FD,SET_70C5C2FD
BNK_560C641F,1668766,INR,CREDIT,2026-08-23T06:41:06Z,SETTLEMENT SET_AEC61024,SET_AEC61024
BNK_B9212F69,1348507,INR,CREDIT,2026-08-16T16:08:11Z,SETTLEMENT SET_0B2CA28F,SET_0B2CA28F
BNK_B5FD3886,1192771,INR,CREDIT,2026-07-22T18:01:40Z,SETTLEMENT SET_7978DB65,SET_7978DB65
BNK_9920041D,1703135,INR,CREDIT,2026-08-07T01:37:31Z,SETTLEMENT SET_63C2F8B8,SET_63C2F8B8
BNK_304BA441,508705,INR,CREDIT,2026-08-13T22:36:14Z,SETTLEMENT SET_4841B832,SET_4841B832
BNK_A5BF4DDD,424616,INR,CREDIT,2026-08-15T12:23:43Z,SETTLEMENT SET_7577CDF7,SET_7577CDF7
BNK_5FE6D07D,521416,INR,CREDIT,2026-08-01T11:26:51Z,SETTLEMENT SET_F975E9A3,SET_F975E9A3
BNK_67C4859D,1787005,INR,CREDIT,2026-08-18T08:19:09Z,SETTLEMENT SET_976F98BA,SET_976F98BA
BNK_40788362,420586,INR,CREDIT,2026-08-07T10:33:02Z,SETTLEMENT SET_E1E1689E,SET_E1E1689E
BNK_403E1A7F,625773,INR,CREDIT,2026-08-20T06:45:37Z,SETTLEMENT SET_52B4AEC7,SET_52B4AEC7
BNK_EA7F39D9,618159,INR,CREDIT,2026-08-08T00:57:08Z,SETTLEMENT SET_ADFA0C64,SET_ADFA0C64
BNK_90CFAA9F,624282,INR,CREDIT,2026-08-02T09:33:07Z,SETTLEMENT SET_8515393B,SET_8515393B
BNK_96EFE57F,202311,INR,CREDIT,2026-07-15T10:39:00Z,SETTLEMENT SET_137B811E,SET_137B811E
BNK_F6ECBA2F,1035570,INR,CREDIT,2026-08-13T00:18:14Z,SETTLEMENT SET_F067D2D9,SET_F067D2D9
BNK_01C3F96D,364018,INR,CREDIT,2026-08-12T04:30:11Z,SETTLEMENT SET_1B43419C,SET_1B43419C
BNK_45DDD135,1684311,INR,CREDIT,2026-07-12T05:55:03Z,SETTLEMENT SET_5B5FDAB9,SET_5B5FDAB9
BNK_400AF81A,1181835,INR,CREDIT,2026-07-17T10:27:37Z,SETTLEMENT SET_ADF5D0BB,SET_ADF5D0BB
BNK_70EAA8DA,720874,INR,CREDIT,2026-07-31T11:18:40Z,SETTLEMENT SET_87C62D64,SET_87C62D64
BNK_ED84C6BF,1621996,INR,CREDIT,2026-07-18T00:44:32Z,SETTLEMENT SET_5156A32A,SET_5156A32A
BNK_5EDC9722,971226,INR,CREDIT,2026-09-03T16:52:05Z,SETTLEMENT SET_92B1E5AD,SET_92B1E5AD
BNK_09DA78D7,-5956,INR,CREDIT,2026-08-10T21:27:39Z,SETTLEMENT SET_90896F4B,SET_90896F4B
BNK_EFDF1854,611517,INR,CREDIT,2026-08-20T12:24:42Z,SETTLEMENT SET_21042EDF,SET_21042EDF
BNK_C7FD199A,34956,INR,CREDIT,2026-07-28T18:35:39Z,SETTLEMENT SET_3453F319,SET_3453F319
BNK_206B7F73,466915,INR,CREDIT,2026-08-01T20:44:06Z,SETTLEMENT SET_F7A7F015,SET_F7A7F015
BNK_81C12B90,-36438,INR,CREDIT,2026-07-09T00:09:35Z,SETTLEMENT SET_CDC01E9A,SET_CDC01E9A
BNK_990AC10A,1736723,INR,CREDIT,2026-07-07T05:02:58Z,SETTLEMENT SET_0CD70B68,SET_0CD70B68
BNK_DB97D756,1738188,INR,CREDIT,2026-08-12T00:42:33Z,SETTLEMENT SET_5ED11D05,SET_5ED11D05
BNK_0154E0FC,-31142,INR,CREDIT,2026-08-26T22:01:15Z,SETTLEMENT SET_8C11C971,SET_8C11C971
BNK_F9054667,1010086,INR,CREDIT,2026-07-07T14:20:02Z,SETTLEMENT SET_511C006F,SET_511C006F
BNK_BDD91D1C,1926828,INR,CREDIT,2026-08-08T14:41:42Z,SETTLEMENT SET_B865FA5E,SET_B865FA5E
BNK_AFC71811,330314,INR,CREDIT,2026-07-07T21:22:52Z,SETTLEMENT SET_2D2DD39D,SET_2D2DD39D
BNK_85B82BFB,1220696,INR,CREDIT,2026-08-24T15:55:45Z,SETTLEMENT SET_6DD61C37,SET_6DD61C37
BNK_470B6B6B,1609205,INR,CREDIT,2026-08-07T12:31:56Z,SETTLEMENT SET_13AA6DFB,SET_13AA6DFB
BNK_301D690A,437721,INR,CREDIT,2026-08-19T10:22:31Z,SETTLEMENT SET_25CC293C,SET_25CC293C
BNK_76E46107,505773,INR,CREDIT,2026-07-30T22:48:00Z,SETTLEMENT SET_490E6EB3,SET_490E6EB3
BNK_A6D7C780,823008,INR,CREDIT,2026-08-06T10:57:34Z,SETTLEMENT SET_61825C2B,SET_61825C2B
BNK_59211BC1,135622,INR,CREDIT,2026-07-28T20:22:20Z,SETTLEMENT SET_1397F644,SET_1397F644
BNK_56DFD6AB,148316,INR,CREDIT,2026-07-20T10:22:57Z,SETTLEMENT SET_3486D152,SET_3486D152
BNK_F5CB78A8,789908,INR,CREDIT,2026-07-18T23:38:31Z,SETTLEMENT SET_8C15199D,SET_8C15199D
BNK_A4DE9F39,365760,INR,CREDIT,2026-07-11T22:54:05Z,SETTLEMENT SET_2F7F313D,SET_2F7F313D
BNK_3E517183,1894021,INR,CREDIT,2026-08-12T18:54:27Z,SETTLEMENT SET_9BC31309,SET_9BC31309
BNK_4930DCA9,1689465,INR,CREDIT,2026-08-23T07:33:02Z,SETTLEMENT SET_024B9EFA,SET_024B9EFA
BNK_ABB676BF,924896,INR,CREDIT,2026-07-29T18:40:03Z,SETTLEMENT SET_CC39D4EF,SET_CC39D4EF
BNK_56DB4FB5,1250964,INR,CREDIT,2026-07-21T01:41:01Z,SETTLEMENT SET_3A9D8DF4,SET_3A9D8DF4
BNK_426F4564,1003349,INR,CREDIT,2026-08-08T03:21:41Z,SETTLEMENT SET_B240E2DD,SET_B240E2DD
BNK_3DED7971,1130281,INR,CREDIT,2026-08-21T01:19:01Z,SETTLEMENT SET_128EC0DE,SET_128EC0DE
BNK_E840CE69,913813,INR,CREDIT,2026-07-04T06:25:37Z,SETTLEMENT SET_9DCC747A,SET_9DCC747A
BNK_D0FAEE6B,68446,INR,CREDIT,2026-07-18T16:41:02Z,SETTLEMENT SET_7F87EFCE,SET_7F87EFCE
BNK_ACCD6EA6,1252526,INR,CREDIT,2026-07-28T05:17:24Z,SETTLEMENT SET_FB7D150A,SET_FB7D150A
BNK_341E54E7,1391859,INR,CREDIT,2026-07-22T05:54:27Z,SETTLEMENT SET_2326B7DB,SET_2326B7DB
BNK_3D4B101E,1199313,INR,CREDIT,2026-08-25T21:41:47Z,SETTLEMENT SET_580BE961,SET_580BE961
BNK_4C8E259D,1278108,INR,CREDIT,2026-08-09T11:50:14Z,SETTLEMENT SET_9A71DC1C,SET_9A71DC1C
BNK_7730A615,1453177,INR,CREDIT,2026-08-24T07:39:06Z,SETTLEMENT SET_D0A19ECC,SET_D0A19ECC
BNK_23603459,48403,INR,CREDIT,2026-07-06T22:31:39Z,SETTLEMENT SET_527C98B1,SET_527C98B1
BNK_C80C1325,1614673,INR,CREDIT,2026-07-24T20:26:41Z,SETTLEMENT SET_FB2947BD,SET_FB2947BD
BNK_BF3A446B,1420758,INR,CREDIT,2026-07-18T19:28:55Z,SETTLEMENT SET_96E45EE0,SET_96E45EE0
BNK_85F7B6B6,1165139,INR,CREDIT,2026-07-06T15:16:33Z,SETTLEMENT SET_19B3888F,SET_19B3888F
BNK_801D88F2,1721394,INR,CREDIT,2026-08-10T20:46:29Z,SETTLEMENT SET_9ADCDDB9,SET_9ADCDDB9
BNK_E651E4C7,1899815,INR,CREDIT,2026-07-20T00:52:55Z,SETTLEMENT SET_D797268F,SET_D797268F
BNK_186C8463,475703,INR,CREDIT,2026-08-31T11:11:52Z,SETTLEMENT SET_95179274,SET_95179274
BNK_1AFFEE1C,309617,INR,CREDIT,2026-08-13T02:32:38Z,SETTLEMENT SET_907B1BB6,SET_907B1BB6
BNK_59BE6058,1876544,INR,CREDIT,2026-08-06T13:34:49Z,SETTLEMENT SET_EE612D97,SET_EE612D97
BNK_0846CE76,364002,INR,CREDIT,2026-07-11T04:31:55Z,SETTLEMENT SET_6C7A6DC9,SET_6C7A6DC9
BNK_B1A50869,5759,INR,CREDIT,2026-08-22T17:51:51Z,SETTLEMENT SET_912C030D,SET_912C030D
BNK_7CB59FDF,1813175,INR,CREDIT,2026-08-07T20:59:27Z,SETTLEMENT SET_205F36BE,SET_205F36BE
BNK_89F1A6CC,170285,INR,CREDIT,2026-08-02T03:11:47Z,SETTLEMENT SET_2C3C0B77,SET_2C3C0B77
BNK_F5AB87C4,1736040,INR,CREDIT,2026-09-03T14:18:09Z,SETTLEMENT SET_F629654B,SET_F629654B
BNK_9FFC87C9,716580,INR,CREDIT,2026-07-11T20:06:01Z,SETTLEMENT SET_E0361ED6,SET_E0361ED6
BNK_1ECFAE41,469942,INR,CREDIT,2026-08-25T00:09:49Z,SETTLEMENT SET_4194C94E,SET_4194C94E
BNK_4C543CAA,636611,INR,CREDIT,2026-07-23T10:53:52Z,SETTLEMENT SET_AEE13133,SET_AEE13133
BNK_180D73D0,1856527,INR,CREDIT,2026-08-21T14:44:20Z,SETTLEMENT SET_4DD9A528,SET_4DD9A528
BNK_CBA8D5D4,938711,INR,CREDIT,2026-07-22T07:40:14Z,SETTLEMENT SET_B7A28857,SET_B7A28857
BNK_56C318F1,1107336,INR,CREDIT,2026-08-18T13:10:36Z,SETTLEMENT SET_C195111D,SET_C195111D
BNK_C9AEC280,-20888,INR,CREDIT,2026-08-16T20:29:14Z,SETTLEMENT SET_F01B6D6A,SET_F01B6D6A
BNK_13B193B6,-26988,INR,CREDIT,2026-08-13T15:49:20Z,SETTLEMENT SET_9B8A77CA,SET_9B8A77CA
BNK_5C2CAB07,408331,INR,CREDIT,2026-07-04T20:55:01Z,SETTLEMENT SET_207655C7,SET_207655C7
BNK_C358469A,921527,INR,CREDIT,2026-08-19T09:31:03Z,SETTLEMENT SET_29101B7D,SET_29101B7D
BNK_504AFB77,-41380,INR,CREDIT,2026-09-03T12:42:06Z,SETTLEMENT SET_2D04B2B4,SET_2D04B2B4
BNK_A74DF420,201335,INR,CREDIT,2026-07-25T09:45:13Z,SETTLEMENT SET_16E79898,SET_16E79898
BNK_02D3355F,1784079,INR,CREDIT,2026-07-20T04:00:14Z,SETTLEMENT SET_B8FAA0D1,SET_B8FAA0D1
BNK_42C96ED6,1197555,INR,CREDIT,2026-08-15T10:10:02Z,SETTLEMENT SET_5AF46DDB,SET_5AF46DDB
BNK_C43ABD36,58584000,INR,CREDIT,2026-07-29T23:38:08Z,SETTLEMENT SET_9A4E9FD1,SET_9A4E9FD1
BNK_935265B0,54581,INR,CREDIT,2026-07-07T14:59:50Z,SETTLEMENT SET_F4E66CF2,SET_F4E66CF2
BNK_717F600F,1468797,INR,CREDIT,2026-07-24T14:50:31Z,SETTLEMENT SET_EF0E49F7,SET_EF0E49F7
BNK_B0A7E13F,337787,INR,CREDIT,2026-07-29T10:25:33Z,SETTLEMENT SET_507FAA3E,SET_507FAA3E
BNK_A75FBB7E,1786029,INR,CREDIT,2026-07-11T23:12:44Z,SETTLEMENT SET_002492EA,SET_002492EA
BNK_85054EC8,1642598,INR,CREDIT,2026-07-22T23:24:25Z,SETTLEMENT SET_06278617,SET_06278617
BNK_F20DA17C,1233682,INR,CREDIT,2026-07-14T13:33:58Z,SETTLEMENT SET_74D46AAF,SET_74D46AAF
BNK_ADBA7EB6,-29452,INR,CREDIT,2026-07-06T00:36:43Z,SETTLEMENT SET_4CFE5AAF,SET_4CFE5AAF
BNK_51167123,320064,INR,CREDIT,2026-09-01T05:25:50Z,SETTLEMENT SET_319D9F1B,SET_319D9F1B
BNK_1ABDC9ED,-40660,INR,CREDIT,2026-07-05T20:00:12Z,SETTLEMENT SET_3D4D3E14,SET_3D4D3E14
BNK_4E75274B,1292650,INR,CREDIT,2026-08-31T12:38:15Z,SETTLEMENT SET_54B9ACB2,SET_54B9ACB2
BNK_583E4A43,844196,INR,CREDIT,2026-08-13T20:45:31Z,SETTLEMENT SET_B0731CAB,SET_B0731CAB
BNK_8CF63899,833260,INR,CREDIT,2026-09-03T00:07:05Z,SETTLEMENT SET_04581AC0,SET_04581AC0
BNK_C6E59F0C,104330,INR,CREDIT,2026-07-21T11:05:30Z,SETTLEMENT SET_39F0F064,SET_39F0F064
BNK_FC6D01D2,762717,INR,CREDIT,2026-08-24T12:06:16Z,SETTLEMENT SET_0E8857A5,SET_0E8857A5
BNK_D57A3BAF,665319,INR,CREDIT,2026-08-05T22:30:04Z,SETTLEMENT SET_414D37DB,SET_414D37DB
BNK_FCC6C0FE,1599051,INR,CREDIT,2026-07-27T18:10:45Z,SETTLEMENT SET_00E59CF8,SET_00E59CF8
BNK_CE7D0F1C,122441,INR,CREDIT,2026-08-24T11:20:35Z,SETTLEMENT SET_64C90DA2,SET_64C90DA2
BNK_6C0EC2C6,1183300,INR,CREDIT,2026-08-13T13:55:19Z,SETTLEMENT SET_01733BAE,SET_01733BAE
BNK_CDBB37E0,38959,INR,CREDIT,2026-07-30T19:32:02Z,SETTLEMENT SET_05E12430,SET_05E12430
BNK_0436A1F1,1180761,INR,CREDIT,2026-07-19T02:47:10Z,SETTLEMENT SET_3E99C632,SET_3E99C632
BNK_6885B6E1,214906,INR,CREDIT,2026-08-10T01:58:16Z,SETTLEMENT SET_50E56C9E,SET_50E56C9E
BNK_902373C7,1493209,INR,CREDIT,2026-07-30T21:05:46Z,SETTLEMENT SET_30730E6B,SET_30730E6B
BNK_1148CE5A,995733,INR,CREDIT,2026-07-31T17:42:54Z,SETTLEMENT SET_FE10C885,SET_FE10C885
BNK_3E5651D3,1727740,INR,CREDIT,2026-08-13T05:00:09Z,SETTLEMENT SET_0A42A62C,SET_0A42A62C
BNK_DB31D6F5,1507855,INR,CREDIT,2026-07-09T00:51:50Z,SETTLEMENT SET_508923B7,SET_508923B7
BNK_209A8052,1805364,INR,CREDIT,2026-07-16T00:52:53Z,SETTLEMENT SET_E8D128E5,SET_E8D128E5
BNK_145B6EAF,627826,INR,CREDIT,2026-07-24T17:19:55Z,SETTLEMENT SET_D9AA7B32,SET_D9AA7B32
BNK_3F23A365,1566048,INR,CREDIT,2026-07-19T04:21:37Z,SETTLEMENT SET_EC5527F3,SET_EC5527F3
BNK_C9291BB0,414287,INR,CREDIT,2026-08-03T02:17:02Z,SETTLEMENT SET_82E737D4,SET_82E737D4
BNK_CA335B00,796371,INR,CREDIT,2026-07-31T12:51:18Z,SETTLEMENT SET_16442C25,SET_16442C25
BNK_94B93429,1069354,INR,CREDIT,2026-07-24T04:17:31Z,SETTLEMENT SET_42050B3A,SET_42050B3A
BNK_DEDE117A,1875274,INR,CREDIT,2026-07-21T04:44:45Z,SETTLEMENT SET_C8BDECDF,SET_C8BDECDF
BNK_B843AEA7,1403673,INR,CREDIT,2026-08-12T17:52:09Z,SETTLEMENT SET_4B7F4EB0,SET_4B7F4EB0
BNK_4ECB8256,1591923,INR,CREDIT,2026-08-09T19:19:50Z,SETTLEMENT SET_0865EEBD,SET_0865EEBD
BNK_B40992C4,1491744,INR,CREDIT,2026-08-03T08:58:42Z,SETTLEMENT SET_51F9590A,SET_51F9590A
BNK_81209F05,1728521,INR,CREDIT,2026-08-08T14:23:13Z,SETTLEMENT SET_C332829F,SET_C332829F
BNK_665F97BD,1354365,INR,CREDIT,2026-07-21T10:11:21Z,SETTLEMENT SET_1B837DCD,SET_1B837DCD
BNK_9A7CF9CD,558987,INR,CREDIT,2026-08-15T04:15:31Z,SETTLEMENT SET_AC0475A1,SET_AC0475A1
BNK_F0F4B074,633879,INR,CREDIT,2026-07-17T16:46:23Z,SETTLEMENT SET_DAB11147,SET_DAB11147
BNK_1DCB0122,412432,INR,CREDIT,2026-09-02T09:15:52Z,SETTLEMENT SET_F2180C4A,SET_F2180C4A
BNK_337E6AFE,1377017,INR,CREDIT,2026-08-05T07:15:05Z,SETTLEMENT SET_83822514,SET_83822514
BNK_4B5D61BB,505580,INR,CREDIT,2026-08-18T22:35:00Z,SETTLEMENT SET_00DED5A2,SET_00DED5A2
BNK_80D6A88C,1816007,INR,CREDIT,2026-07-08T01:53:39Z,SETTLEMENT SET_E04BD460,SET_E04BD460
BNK_7C23ECF6,395345,INR,CREDIT,2026-07-05T17:00:04Z,SETTLEMENT SET_4BCB1C55,SET_4BCB1C55
BNK_61E9DFD3,1004387,INR,CREDIT,2026-08-11T15:22:38Z,SETTLEMENT SET_C3C14D23,SET_C3C14D23
BNK_821BA070,1054708,INR,CREDIT,2026-08-27T04:32:04Z,SETTLEMENT SET_09102497,SET_09102497
BNK_FFAEA839,1469728,INR,CREDIT,2026-07-11T06:31:43Z,SETTLEMENT SET_4E19FF1C,SET_4E19FF1C
BNK_59BBA8E7,1729498,INR,CREDIT,2026-08-19T21:13:42Z,SETTLEMENT SET_3708C4D2,SET_3708C4D2
BNK_32BC818C,963610,INR,CREDIT,2026-08-07T19:16:32Z,SETTLEMENT SET_3BC5A97F,SET_3BC5A97F
BNK_678CFA26,1385512,INR,CREDIT,2026-07-17T22:34:19Z,SETTLEMENT SET_0D6D2627,SET_0D6D2627
BNK_EBFA3B2E,396028,INR,CREDIT,2026-08-07T18:57:40Z,SETTLEMENT SET_715B370A,SET_715B370A
BNK_6846A0F2,1065363,INR,CREDIT,2026-08-08T01:51:24Z,SETTLEMENT SET_1FAC1166,SET_1FAC1166
BNK_4467F0B4,1070818,INR,CREDIT,2026-07-31T02:34:07Z,SETTLEMENT SET_A5481558,SET_A5481558
BNK_72960B8C,176143,INR,CREDIT,2026-07-03T23:12:26Z,SETTLEMENT SET_E7B87115,SET_E7B87115
BNK_C1F1CB53,1522403,INR,CREDIT,2026-08-25T23:21:37Z,SETTLEMENT SET_2CD9F583,SET_2CD9F583
BNK_3D805D9A,565773,INR,CREDIT,2026-08-11T22:27:15Z,SETTLEMENT SET_12FCEC01,SET_12FCEC01
BNK_B2A4E6A5,952869,INR,CREDIT,2026-08-05T09:36:52Z,SETTLEMENT SET_904B39BD,SET_904B39BD
BNK_0ECAEC9D,988117,INR,CREDIT,2026-08-27T03:59:18Z,SETTLEMENT SET_D209084E,SET_D209084E
BNK_A1EC2995,1146001,INR,CREDIT,2026-09-02T00:49:21Z,SETTLEMENT SET_BCED82BF,SET_BCED82BF
BNK_E21F26DC,1756154,INR,CREDIT,2026-08-20T04:52:39Z,SETTLEMENT SET_7E67E2E4,SET_7E67E2E4
BNK_98753495,364491,INR,CREDIT,2026-08-19T02:20:20Z,SETTLEMENT SET_7CCFD7E9,SET_7CCFD7E9
BNK_10EFE3E3,1198434,INR,CREDIT,2026-07-10T14:23:52Z,SETTLEMENT SET_E28FD235,SET_E28FD235
BNK_90E8474A,616597,INR,CREDIT,2026-07-18T06:11:46Z,SETTLEMENT SET_B61FF35D,SET_B61FF35D
BNK_6D7976FC,1631272,INR,CREDIT,2026-08-21T04:06:39Z,SETTLEMENT SET_9E5B96FB,SET_9E5B96FB
BNK_13DD56DC,1335911,INR,CREDIT,2026-07-08T09:24:58Z,SETTLEMENT SET_203A8AA1,SET_203A8AA1
BNK_52899773,1724518,INR,CREDIT,2026-08-20T05:54:01Z,SETTLEMENT SET_B08CC6B9,SET_B08CC6B9
BNK_5C974EE3,534775,INR,CREDIT,2026-09-03T01:52:57Z,SETTLEMENT SET_63223104,SET_63223104
BNK_164207BB,1301542,INR,CREDIT,2026-08-14T04:12:05Z,SETTLEMENT SET_869ECB1D,SET_869ECB1D
BNK_D76E395B,1929757,INR,CREDIT,2026-09-01T17:05:39Z,SETTLEMENT SET_15E9379C,SET_15E9379C
BNK_95BF5FE0,602927,INR,CREDIT,2026-08-03T10:40:07Z,SETTLEMENT SET_7FF9E58F,SET_7FF9E58F
BNK_ACCC99BB,1496529,INR,CREDIT,2026-08-18T22:09:19Z,SETTLEMENT SET_83000D9E,SET_83000D9E
BNK_FA297DA2,1920382,INR,CREDIT,2026-08-31T11:34:17Z,SETTLEMENT SET_06700CCC,SET_06700CCC
BNK_AFBA4CCB,1129500,INR,CREDIT,2026-07-06T18:07:54Z,SETTLEMENT SET_0A145DEF,SET_0A145DEF
BNK_20AC730A,1460988,INR,CREDIT,2026-07-11T02:17:54Z,SETTLEMENT SET_5E1CD61A,SET_5E1CD61A
BNK_146CD8CE,594726,INR,CREDIT,2026-08-01T04:29:23Z,SETTLEMENT SET_7A70226E,SET_7A70226E
BNK_1FE38C59,589551,INR,CREDIT,2026-07-08T12:39:49Z,SETTLEMENT SET_4F64D72B,SET_4F64D72B
BNK_847CE7DD,75379,INR,CREDIT,2026-08-03T08:10:24Z,SETTLEMENT SET_DDA2E7A9,SET_DDA2E7A9
BNK_28ADFF97,1938936,INR,CREDIT,2026-09-02T19:52:27Z,SETTLEMENT SET_41584102,SET_41584102
BNK_14DC4840,1605202,INR,CREDIT,2026-07-03T23:04:45Z,SETTLEMENT SET_E049F5A6,SET_E049F5A6
BNK_F83C5B9F,1729986,INR,CREDIT,2026-07-05T19:58:51Z,SETTLEMENT SET_E3986E65,SET_E3986E65
BNK_D2D92F14,1928781,INR,CREDIT,2026-07-17T18:28:18Z,SETTLEMENT SET_7A4744DD,SET_7A4744DD
BNK_E0C8870F,1399865,INR,CREDIT,2026-07-25T03:58:28Z,SETTLEMENT SET_8BBAF752,SET_8BBAF752
BNK_788FF59F,77917,INR,CREDIT,2026-07-25T23:40:33Z,SETTLEMENT SET_D8F8FE4B,SET_D8F8FE4B
BNK_9CBCE892,31929,INR,CREDIT,2026-08-12T02:50:52Z,SETTLEMENT SET_C07273F4,SET_C07273F4
BNK_775A482A,273561,INR,CREDIT,2026-09-01T21:43:49Z,SETTLEMENT SET_B0505392,SET_B0505392
BNK_0486A5C1,841462,INR,CREDIT,2026-08-24T13:05:49Z,SETTLEMENT SET_FFF359E5,SET_FFF359E5
BNK_57BF44AB,1342843,INR,CREDIT,2026-09-03T11:17:49Z,SETTLEMENT SET_44FC35CF,SET_44FC35CF
BNK_BB57A0D6,984993,INR,CREDIT,2026-08-16T14:21:00Z,SETTLEMENT SET_5940F9E4,SET_5940F9E4
BNK_659FE54A,891844,INR,CREDIT,2026-07-26T06:12:05Z,SETTLEMENT SET_ACF768B6,SET_ACF768B6
BNK_E6CE300D,505270,INR,CREDIT,2026-08-26T16:42:28Z,SETTLEMENT SET_D0F96D07,SET_D0F96D07
BNK_42876610,748997,INR,CREDIT,2026-08-28T03:00:04Z,SETTLEMENT SET_D7BDFAAC,SET_D7BDFAAC
BNK_E6CEE6A2,1537635,INR,CREDIT,2026-07-29T14:10:46Z,SETTLEMENT SET_B74E659E,SET_B74E659E
BNK_F077899C,1244129,INR,CREDIT,2026-07-17T02:59:33Z,SETTLEMENT SET_E706E181,SET_E706E181
BNK_8A5CE95D,1849302,INR,CREDIT,2026-08-12T23:56:50Z,SETTLEMENT SET_141B8F4A,SET_141B8F4A
BNK_65EC07ED,200002,INR,CREDIT,2026-08-12T22:26:52Z,SETTLEMENT SET_FA148DAF,SET_FA148DAF
BNK_5A050FD8,1237978,INR,CREDIT,2026-07-21T03:24:23Z,SETTLEMENT SET_B3536725,SET_B3536725
BNK_CD54BB92,985383,INR,CREDIT,2026-08-31T10:00:17Z,SETTLEMENT SET_0F675E00,SET_0F675E00
BNK_878299C9,191765,INR,CREDIT,2026-08-14T09:57:35Z,SETTLEMENT SET_40D9AD97,SET_40D9AD97
BNK_27F4B246,1456106,INR,CREDIT,2026-08-05T04:21:09Z,SETTLEMENT SET_55495DFC,SET_55495DFC
BNK_EDC2C4B9,426199,INR,CREDIT,2026-07-08T05:24:46Z,SETTLEMENT SET_0794F165,SET_0794F165
BNK_0BE7EFAE,-19290,INR,CREDIT,2026-07-30T13:31:18Z,SETTLEMENT SET_E27B49B8,SET_E27B49B8
BNK_44BB9605,1016042,INR,CREDIT,2026-08-17T11:51:17Z,SETTLEMENT SET_D9B805C5,SET_D9B805C5
BNK_9D4CEA5F,821153,INR,CREDIT,2026-08-25T06:34:22Z,SETTLEMENT SET_7777E36C,SET_7777E36C
BNK_5C283B26,371521,INR,CREDIT,2026-07-17T19:28:03Z,SETTLEMENT SET_80CB2D59,SET_80CB2D59
BNK_36BD67DC,1927414,INR,CREDIT,2026-08-28T15:06:03Z,SETTLEMENT SET_7C1C4BFD,SET_7C1C4BFD
BNK_6F763D63,1891678,INR,CREDIT,2026-07-07T16:40:02Z,SETTLEMENT SET_3D326AF9,SET_3D326AF9
BNK_BA8643C8,845027,INR,CREDIT,2026-08-19T03:53:42Z,SETTLEMENT SET_42757D57,SET_42757D57
BNK_BDC5F275,1442924,INR,CREDIT,2026-08-05T13:58:29Z,SETTLEMENT SET_49F27D45,SET_49F27D45
BNK_357DF496,1929562,INR,CREDIT,2026-08-05T05:55:02Z,SETTLEMENT SET_E37B1DD5,SET_E37B1DD5
BNK_724BA837,1524161,INR,CREDIT,2026-08-24T02:00:55Z,SETTLEMENT SET_E990F373,SET_E990F373
BNK_D19CAD99,1378775,INR,CREDIT,2026-07-14T05:13:32Z,SETTLEMENT SET_BBAE1257,SET_BBAE1257
BNK_7C2C7983,542586,INR,CREDIT,2026-08-20T17:39:32Z,SETTLEMENT SET_53749CEF,SET_53749CEF
BNK_46552D4C,751631,INR,CREDIT,2026-08-13T21:00:14Z,SETTLEMENT SET_DD9166CA,SET_DD9166CA
BNK_79368D19,431081,INR,CREDIT,2026-08-12T05:39:41Z,SETTLEMENT SET_D06171A7,SET_D06171A7
BNK_CDC907AD,456272,INR,CREDIT,2026-08-08T16:48:32Z,SETTLEMENT SET_1A56A4D7,SET_1A56A4D7
BNK_28F8A803,1217764,INR,CREDIT,2026-08-14T10:53:25Z,SETTLEMENT SET_A98A29F4,SET_A98A29F4
BNK_FF49C919,1267415,INR,CREDIT,2026-08-14T09:45:47Z,SETTLEMENT SET_CD2DBD2E,SET_CD2DBD2E
BNK_A895B106,164036,INR,CREDIT,2026-08-25T02:14:12Z,SETTLEMENT SET_BDFF861F,SET_BDFF861F
BNK_0C6977F5,491618,INR,CREDIT,2026-07-03T00:26:11Z,SETTLEMENT SET_BFD51261,SET_BFD51261
BNK_4A2363A0,1925461,INR,CREDIT,2026-08-18T04:28:25Z,SETTLEMENT SET_2ABF00DD,SET_2ABF00DD
BNK_8A1B6722,1150102,INR,CREDIT,2026-08-30T16:49:14Z,SETTLEMENT SET_DAF43D8B,SET_DAF43D8B
BNK_137ABA21,152807,INR,CREDIT,2026-07-18T09:54:25Z,SETTLEMENT SET_2B989028,SET_2B989028
BNK_41E4A3CE,718826,INR,CREDIT,2026-07-24T18:50:39Z,SETTLEMENT SET_4F113E78,SET_4F113E78
BNK_DC814E4B,802496,INR,CREDIT,2026-07-13T22:36:33Z,SETTLEMENT SET_FCCE9C47,SET_FCCE9C47
BNK_4B84427B,1581866,INR,CREDIT,2026-07-03T05:08:32Z,SETTLEMENT SET_A69E725C,SET_A69E725C
BNK_518E5943,1729595,INR,CREDIT,2026-08-09T11:35:30Z,SETTLEMENT SET_C400E68C,SET_C400E68C
BNK_DCCB22ED,329438,INR,CREDIT,2026-07-17T14:42:02Z,SETTLEMENT SET_4CE0E2BF,SET_4CE0E2BF
BNK_2CE3F61F,1803411,INR,CREDIT,2026-08-07T00:49:42Z,SETTLEMENT SET_634872E8,SET_634872E8
BNK_89E0356B,153979,INR,CREDIT,2026-07-21T17:06:53Z,SETTLEMENT SET_1D4804AA,SET_1D4804AA
BNK_9E20D7D9,10155,INR,CREDIT,2026-09-02T22:04:56Z,SETTLEMENT SET_3ECF7D08,SET_3ECF7D08
BNK_F5FB1CEC,1570833,INR,CREDIT,2026-08-17T11:25:33Z,SETTLEMENT SET_0BF3CF85,SET_0BF3CF85
BNK_F45B8C78,83971,INR,CREDIT,2026-07-24T23:04:21Z,SETTLEMENT SET_1FA10AF2,SET_1FA10AF2
BNK_DDD755E3,698615,INR,CREDIT,2026-07-09T11:54:57Z,SETTLEMENT SET_44C25190,SET_44C25190
BNK_C3514FE2,687970,INR,CREDIT,2026-08-05T19:39:42Z,SETTLEMENT SET_67361DB4,SET_67361DB4
BNK_FB832708,408819,INR,CREDIT,2026-09-03T07:18:45Z,SETTLEMENT SET_804B8712,SET_804B8712
BNK_C9182D5B,1537538,INR,CREDIT,2026-07-24T20:57:11Z,SETTLEMENT SET_54622F0D,SET_54622F0D
BNK_3B993869,849664,INR,CREDIT,2026-09-01T22:53:57Z,SETTLEMENT SET_B99A2192,SET_B99A2192
BNK_E7A48246,1436675,INR,CREDIT,2026-08-26T13:26:24Z,SETTLEMENT SET_CA33C37D,SET_CA33C37D
BNK_72CF913E,1315602,INR,CREDIT,2026-08-20T06:16:42Z,SETTLEMENT SET_EA941723,SET_EA941723
BNK_1D138F67,618062,INR,CREDIT,2026-08-25T13:17:50Z,SETTLEMENT SET_483697E7,SET_483697E7
BNK_C9FF93E4,1047775,INR,CREDIT,2026-07-31T15:16:48Z,SETTLEMENT SET_59B1351C,SET_59B1351C
BNK_3D9810D4,375817,INR,CREDIT,2026-07-05T19:39:39Z,SETTLEMENT SET_DB3FC9DB,SET_DB3FC9DB
BNK_9B70DA37,275638,INR,CREDIT,2026-07-14T23:15:47Z,SETTLEMENT SET_C05ED954,SET_C05ED954
BNK_0075B299,274955,INR,CREDIT,2026-08-31T22:07:05Z,SETTLEMENT SET_B7F64AFD,SET_B7F64AFD
BNK_93AE84BC,335882,INR,CREDIT,2026-08-20T18:04:41Z,SETTLEMENT SET_341FEF65,SET_341FEF65
BNK_2234941B,263333,INR,CREDIT,2026-07-13T15:55:56Z,SETTLEMENT SET_10445B80,SET_10445B80
BNK_C5A80562,1785738,INR,CREDIT,2026-07-20T19:56:09Z,SETTLEMENT SET_8DC43E3D,SET_8DC43E3D
BNK_06D52BFA,901218,INR,CREDIT,2026-07-14T03:54:42Z,SETTLEMENT SET_1E7CBB94,SET_1E7CBB94
BNK_04E07C33,1212251,INR,CREDIT,2026-08-20T04:23:44Z,SETTLEMENT SET_DDD06910,SET_DDD06910
BNK_B5ABE5F6,1880547,INR,CREDIT,2026-08-29T02:08:09Z,SETTLEMENT SET_322110FE,SET_322110FE
BNK_3C871F6B,1106262,INR,CREDIT,2026-07-25T19:57:53Z,SETTLEMENT SET_30A6F727,SET_30A6F727
BNK_4E2993DF,1366082,INR,CREDIT,2026-07-23T18:02:12Z,SETTLEMENT SET_87CD614E,SET_87CD614E
BNK_66E99029,690022,INR,CREDIT,2026-08-15T22:20:38Z,SETTLEMENT SET_CA49F42D,SET_CA49F42D
BNK_9BD5268B,687679,INR,CREDIT,2026-08-23T02:12:35Z,SETTLEMENT SET_5D5F78C0,SET_5D5F78C0
BNK_388EDA68,1143267,INR,CREDIT,2026-07-25T01:20:41Z,SETTLEMENT SET_A30E4EC0,SET_A30E4EC0
BNK_2234FB11,1622875,INR,CREDIT,2026-07-30T22:30:13Z,SETTLEMENT SET_3C04871B,SET_3C04871B
BNK_57930875,131033,INR,CREDIT,2026-07-06T08:52:46Z,SETTLEMENT SET_4E05F788,SET_4E05F788
BNK_E2CDD97C,1567788,INR,CREDIT,2026-08-09T22:05:05Z,SETTLEMENT SET_40BB6F76,SET_40BB6F76
BNK_F45472BA,1499556,INR,CREDIT,2026-08-17T21:40:51Z,SETTLEMENT SET_D914CA99,SET_D914CA99
BNK_E56682AD,976498,INR,CREDIT,2026-08-07T19:43:33Z,SETTLEMENT SET_F11156D4,SET_F11156D4
BNK_27CA408A,756808,INR,CREDIT,2026-07-23T09:31:10Z,SETTLEMENT SET_DD54AA16,SET_DD54AA16
BNK_A6E81DD1,1396057,INR,CREDIT,2026-08-11T21:27:31Z,SETTLEMENT SET_B3EC06B9,SET_B3EC06B9
BNK_00F543BB,624311,INR,CREDIT,2026-08-13T06:05:08Z,SETTLEMENT SET_DA4B6D59,SET_DA4B6D59
BNK_67E4FF15,1076189,INR,CREDIT,2026-07-21T14:34:55Z,SETTLEMENT SET_259101DB,SET_259101DB
BNK_0DCD9A5F,1557651,INR,CREDIT,2026-07-25T21:07:02Z,SETTLEMENT SET_10CBFDE8,SET_10CBFDE8
BNK_2F91E9D2,1231827,INR,CREDIT,2026-07-20T14:17:00Z,SETTLEMENT SET_77AFB141,SET_77AFB141
BNK_F6B89247,1286848,INR,CREDIT,2026-08-07T21:48:52Z,SETTLEMENT SET_4316924A,SET_4316924A
BNK_1FC3F34D,1342160,INR,CREDIT,2026-08-10T12:26:47Z,SETTLEMENT SET_EFC23B6C,SET_EFC23B6C
BNK_063100BD,303563,INR,CREDIT,2026-08-22T14:04:02Z,SETTLEMENT SET_07EA4EE6,SET_07EA4EE6
BNK_CE5361AD,526804,INR,CREDIT,2026-07-17T08:57:41Z,SETTLEMENT SET_178A8D3D,SET_178A8D3D
BNK_176CA104,1138190,INR,CREDIT,2026-07-12T13:43:17Z,SETTLEMENT SET_93D4065B,SET_93D4065B
BNK_5B1BF93F,481754,INR,CREDIT,2026-08-08T23:55:31Z,SETTLEMENT SET_F5585CFF,SET_F5585CFF
BNK_9151FDD2,-20616,INR,CREDIT,2026-08-09T13:34:50Z,SETTLEMENT SET_5945762E,SET_5945762E
BNK_F78BE75E,227063,INR,CREDIT,2026-08-26T07:33:57Z,SETTLEMENT SET_EFD63AD8,SET_EFD63AD8
BNK_789D1390,1210346,INR,CREDIT,2026-08-13T22:52:32Z,SETTLEMENT SET_91177BC3,SET_91177BC3
BNK_88CA0C98,870610,INR,CREDIT,2026-07-30T15:10:11Z,SETTLEMENT SET_08C1C1E8,SET_08C1C1E8
BNK_F17A674A,1736333,INR,CREDIT,2026-07-25T12:36:37Z,SETTLEMENT SET_3BCF5676,SET_3BCF5676
BNK_EA809922,255427,INR,CREDIT,2026-09-03T14:30:15Z,SETTLEMENT SET_35E7BD9A,SET_35E7BD9A
BNK_93D346CD,126640,INR,CREDIT,2026-08-15T20:24:14Z,SETTLEMENT SET_A422600E,SET_A422600E
BNK_2675DE66,22360,INR,CREDIT,2026-07-22T07:49:50Z,SETTLEMENT SET_79B05E07,SET_79B05E07
BNK_5DF9D0D4,1947040,INR,CREDIT,2026-07-20T14:37:26Z,SETTLEMENT SET_D3908C33,SET_D3908C33
BNK_9EE0FB5A,1421887,INR,CREDIT,2026-07-03T06:49:18Z,SETTLEMENT SET_E9BE28DA,SET_E9BE28DA
BNK_C64DE794,514417,INR,CREDIT,2026-07-24T08:42:05Z,SETTLEMENT SET_95B8BE3C,SET_95B8BE3C
BNK_2603CD22,953357,INR,CREDIT,2026-07-31T19:41:10Z,SETTLEMENT SET_C28C619B,SET_C28C619B
BNK_9FF1955A,65712,INR,CREDIT,2026-07-15T00:05:16Z,SETTLEMENT SET_41056E88,SET_41056E88
BNK_0BED1EE7,1920021,INR,CREDIT,2026-07-05T12:07:57Z,SETTLEMENT SET_538A9A4E,SET_538A9A4E
BNK_6A401D9C,1618481,INR,CREDIT,2026-07-26T07:11:11Z,SETTLEMENT SET_F9E8B909,SET_F9E8B909
BNK_B918B230,531357,INR,CREDIT,2026-07-10T04:55:22Z,SETTLEMENT SET_E853C273,SET_E853C273
BNK_E55C23A2,1883964,INR,CREDIT,2026-08-03T00:09:33Z,SETTLEMENT SET_32F80D5E,SET_32F80D5E
BNK_2CC801D1,-1109,INR,CREDIT,2026-07-16T00:03:56Z,SETTLEMENT SET_618CE5C7,SET_618CE5C7
BNK_BEC102DB,1335420,INR,CREDIT,2026-08-30T17:35:10Z,SETTLEMENT SET_061E8614,SET_061E8614
BNK_B10BA715,1474657,INR,CREDIT,2026-08-23T22:44:05Z,SETTLEMENT SET_BB8A5D1D,SET_BB8A5D1D
BNK_73F3DFE2,498648,INR,CREDIT,2026-08-23T11:01:25Z,SETTLEMENT SET_61264841,SET_61264841
BNK_A1B8800D,927092,INR,CREDIT,2026-07-29T13:20:49Z,SETTLEMENT SET_D9E0B94E,SET_D9E0B94E
BNK_C8960C57,1245106,INR,CREDIT,2026-07-04T07:46:12Z,SETTLEMENT SET_511092BA,SET_511092BA
BNK_0E2AED4E,194890,INR,CREDIT,2026-07-13T12:32:41Z,SETTLEMENT SET_56E3CADC,SET_56E3CADC
BNK_08BAD2A1,1267465,INR,CREDIT,2026-07-28T13:28:19Z,SETTLEMENT SET_2B7A9A3D,SET_2B7A9A3D
BNK_953C1D20,1585479,INR,CREDIT,2026-07-25T12:56:55Z,SETTLEMENT SET_484F0394,SET_484F0394
BNK_DB82B2AE,488786,INR,CREDIT,2026-08-05T00:48:24Z,SETTLEMENT SET_891E858F,SET_891E858F
BNK_49014647,451976,INR,CREDIT,2026-09-06T03:45:16Z,SETTLEMENT SET_B63E2D6E,SET_B63E2D6E
BNK_1FF2AC9E,1211420,INR,CREDIT,2026-07-13T18:30:33Z,SETTLEMENT SET_DDC5376B,SET_DDC5376B
BNK_DC88EDF7,904351,INR,CREDIT,2026-07-27T10:47:15Z,SETTLEMENT SET_E89A2004,SET_E89A2004
BNK_0DC8BA25,1317945,INR,CREDIT,2026-08-02T03:58:01Z,SETTLEMENT SET_7EE13D56,SET_7EE13D56
BNK_9D36673D,1768747,INR,CREDIT,2026-08-13T21:38:56Z,SETTLEMENT SET_E44FCDB3,SET_E44FCDB3
BNK_6998DCA5,1116807,INR,CREDIT,2026-07-25T05:48:56Z,SETTLEMENT SET_6158374A,SET_6158374A
BNK_7CF26722,1006181,INR,CREDIT,2026-08-12T10:16:54Z,SETTLEMENT SET_3ACF485E,SET_3ACF485E
BNK_2C412EFD,1224406,INR,CREDIT,2026-07-20T03:27:59Z,SETTLEMENT SET_B1C02812,SET_B1C02812
BNK_FFB22153,5370200,INR,CREDIT,2026-08-16T22:54:19Z,SETTLEMENT SET_82398A70,SET_82398A70
BNK_D364D6D9,1143853,INR,CREDIT,2026-08-27T08:00:26Z,SETTLEMENT SET_127E206A,SET_127E206A
BNK_80D060BC,1285333,INR,CREDIT,2026-08-27T23:37:08Z,SETTLEMENT SET_F46574F7,SET_F46574F7
BNK_5D77D08B,20651,INR,CREDIT,2026-08-06T07:26:06Z,SETTLEMENT SET_AB0BBF67,SET_AB0BBF67
BNK_99D472DC,-2964,INR,CREDIT,2026-08-24T06:09:56Z,SETTLEMENT SET_02E48ABB,SET_02E48ABB
BNK_CF06CF3E,1746487,INR,CREDIT,2026-08-16T19:43:47Z,SETTLEMENT SET_AFD1C55B,SET_AFD1C55B
BNK_58BA91C0,228378,INR,CREDIT,2026-07-06T18:23:05Z,SETTLEMENT SET_C54D28D3,SET_C54D28D3
BNK_F7601CE5,1295879,INR,CREDIT,2026-09-05T04:23:46Z,SETTLEMENT SET_A3FF9511,SET_A3FF9511
BNK_F4ECB67C,1807903,INR,CREDIT,2026-08-01T16:56:25Z,SETTLEMENT SET_86BC7DC8,SET_86BC7DC8
BNK_2675E6CC,1228898,INR,CREDIT,2026-07-03T12:14:26Z,SETTLEMENT SET_7577FB3D,SET_7577FB3D
BNK_B2904E84,1624828,INR,CREDIT,2026-07-04T05:28:25Z,SETTLEMENT SET_8DC1B259,SET_8DC1B259
BNK_3F941B3D,604783,INR,CREDIT,2026-09-02T05:04:44Z,SETTLEMENT SET_B391E046,SET_B391E046
BNK_2B398C06,1566244,INR,CREDIT,2026-08-18T22:21:58Z,SETTLEMENT SET_1B386905,SET_1B386905
BNK_FE7151F0,-40679,INR,CREDIT,2026-07-09T13:56:32Z,SETTLEMENT SET_16F36553,SET_16F36553
BNK_250EB49A,1327514,INR,CREDIT,2026-07-24T04:53:06Z,SETTLEMENT SET_CF07BF8B,SET_CF07BF8B
BNK_C3B97CA2,484781,INR,CREDIT,2026-07-15T10:52:07Z,SETTLEMENT SET_EBF1E8C7,SET_EBF1E8C7
BNK_D91C01A7,1328295,INR,CREDIT,2026-07-14T14:02:58Z,SETTLEMENT SET_586DCDBE,SET_586DCDBE
BNK_5B2DFC2F,1729791,INR,CREDIT,2026-07-13T09:19:14Z,SETTLEMENT SET_1F9131A8,SET_1F9131A8
BNK_D8B07C13,773407,INR,CREDIT,2026-07-13T04:03:35Z,SETTLEMENT SET_CF4AA234,SET_CF4AA234
BNK_61803659,1036935,INR,CREDIT,2026-09-01T20:25:40Z,SETTLEMENT SET_5B34DE08,SET_5B34DE08
BNK_00CA33AA,1678750,INR,CREDIT,2026-08-23T13:32:44Z,SETTLEMENT SET_E0402FA6,SET_E0402FA6
BNK_F79C5581,200946,INR,CREDIT,2026-08-23T16:26:54Z,SETTLEMENT SET_A74852C7,SET_A74852C7
BNK_2D52B840,376696,INR,CREDIT,2026-07-04T05:23:28Z,SETTLEMENT SET_62CCFB44,SET_62CCFB44
BNK_2B28A6B7,543953,INR,CREDIT,2026-08-26T18:03:33Z,SETTLEMENT SET_67804203,SET_67804203
BNK_BF0F7089,1907203,INR,CREDIT,2026-09-02T08:29:09Z,SETTLEMENT SET_E263EC23,SET_E263EC23
BNK_9EABCD72,247518,INR,CREDIT,2026-07-23T22:56:15Z,SETTLEMENT SET_0B69C6D1,SET_0B69C6D1
BNK_92FA77B4,1269906,INR,CREDIT,2026-07-03T03:53:31Z,SETTLEMENT SET_7240B75C,SET_7240B75C
BNK_DBC67DD3,682211,INR,CREDIT,2026-07-26T18:16:25Z,SETTLEMENT SET_CB278D48,SET_CB278D48
BNK_F7219F3D,170838,INR,CREDIT,2026-09-03T09:39:31Z,SETTLEMENT SET_C67C58E5,SET_C67C58E5
BNK_E87C8CFF,352871,INR,CREDIT,2026-07-15T22:29:58Z,SETTLEMENT SET_424E7F41,SET_424E7F41
BNK_496A1795,1369671,INR,CREDIT,2026-07-24T01:41:49Z,SETTLEMENT SET_4C778BD2,SET_4C778BD2
BNK_7D0C11A2,1515764,INR,CREDIT,2026-07-11T08:35:29Z,SETTLEMENT SET_82E0B585,SET_82E0B585
BNK_61CDF144,468588,INR,CREDIT,2026-08-14T15:06:57Z,SETTLEMENT SET_F7430F06,SET_F7430F06
BNK_A25D0880,931193,INR,CREDIT,2026-07-03T00:03:05Z,SETTLEMENT SET_4895ABEE,SET_4895ABEE
BNK_28F6A927,1401916,INR,CREDIT,2026-07-18T05:03:38Z,SETTLEMENT SET_93D59DF1,SET_93D59DF1
BNK_7EE897D9,427175,INR,CREDIT,2026-08-12T20:05:14Z,SETTLEMENT SET_918CF3FA,SET_918CF3FA
BNK_0EBEB240,213442,INR,CREDIT,2026-08-19T03:37:15Z,SETTLEMENT SET_2B69B518,SET_2B69B518
BNK_28570884,821055,INR,CREDIT,2026-07-31T21:06:00Z,SETTLEMENT SET_B106EC5A,SET_B106EC5A
BNK_537001F9,1254186,INR,CREDIT,2026-08-12T17:23:34Z,SETTLEMENT SET_0272F902,SET_0272F902
BNK_10D5AC9C,408819,INR,CREDIT,2026-07-05T15:32:06Z,SETTLEMENT SET_EBA425AC,SET_EBA425AC
BNK_23280253,263628,INR,CREDIT,2026-08-18T05:08:04Z,SETTLEMENT SET_B150D93A,SET_B150D93A
BNK_DEA5BBE2,1184471,INR,CREDIT,2026-08-16T11:43:07Z,SETTLEMENT SET_09773342,SET_09773342
BNK_8CDDB493,490056,INR,CREDIT,2026-08-08T09:19:25Z,SETTLEMENT SET_2696D155,SET_2696D155
BNK_858EA7A0,1855063,INR,CREDIT,2026-08-14T07:31:47Z,SETTLEMENT SET_6D27DC18,SET_6D27DC18
BNK_3CC0DD00,1220208,INR,CREDIT,2026-07-16T20:48:06Z,SETTLEMENT SET_9F9EED15,SET_9F9EED15
BNK_72157E87,1267075,INR,CREDIT,2026-08-21T09:48:30Z,SETTLEMENT SET_811836CC,SET_811836CC
BNK_023E19B8,556451,INR,CREDIT,2026-07-15T19:58:10Z,SETTLEMENT SET_0706B49D,SET_0706B49D
BNK_A06398DF,-44195,INR,CREDIT,2026-08-12T01:02:00Z,SETTLEMENT SET_6EC1A657,SET_6EC1A657
BNK_E413EBC8,246737,INR,CREDIT,2026-07-28T15:53:26Z,SETTLEMENT SET_8957E3D2,SET_8957E3D2
BNK_37028651,1096498,INR,CREDIT,2026-09-01T06:08:22Z,SETTLEMENT SET_BF12063D,SET_BF12063D
BNK_95D93286,628420,INR,CREDIT,2026-08-23T10:06:37Z,SETTLEMENT SET_E3AEE386,SET_E3AEE386
BNK_EC2A6E37,1499653,INR,CREDIT,2026-07-14T18:11:42Z,SETTLEMENT SET_0126CF69,SET_0126CF69
BNK_6FFAF079,281204,INR,CREDIT,2026-07-30T10:11:11Z,SETTLEMENT SET_ED23992A,SET_ED23992A
BNK_E5340D84,1347517,INR,CREDIT,2026-07-15T11:55:11Z,SETTLEMENT SET_80041A17,SET_80041A17
BNK_0B5E177E,611032,INR,CREDIT,2026-07-23T05:05:29Z,SETTLEMENT SET_4A79174D,SET_4A79174D
BNK_E963034F,191034,INR,CREDIT,2026-07-17T14:30:57Z,SETTLEMENT SET_3620BC10,SET_3620BC10
BNK_23F949B4,1071502,INR,CREDIT,2026-07-05T10:26:42Z,SETTLEMENT SET_7B246853,SET_7B246853
BNK_57FB2F04,-8807,INR,CREDIT,2026-08-28T11:22:18Z,SETTLEMENT SET_06A0E9AB,SET_06A0E9AB
BNK_7397CF9E,-7705,INR,CREDIT,2026-08-08T08:00:18Z,SETTLEMENT SET_9DA99EB4,SET_9DA99EB4
BNK_0FC86647,1198727,INR,CREDIT,2026-08-04T08:24:23Z,SETTLEMENT SET_FE334122,SET_FE334122
BNK_5B213282,1646504,INR,CREDIT,2026-07-05T23:38:30Z,SETTLEMENT SET_CFEF8337,SET_CFEF8337
BNK_1782886C,792640,INR,CREDIT,2026-07-04T13:16:03Z,SETTLEMENT SET_7F4A7EE2,SET_7F4A7EE2
BNK_1B1E368F,1083609,INR,CREDIT,2026-08-29T13:37:52Z,SETTLEMENT SET_50A6132F,SET_50A6132F
BNK_5BF4D919,1782419,INR,CREDIT,2026-08-14T23:23:37Z,SETTLEMENT SET_3B292663,SET_3B292663
BNK_DE2D12CD,323579,INR,CREDIT,2026-08-29T06:02:02Z,SETTLEMENT SET_3BC5AA81,SET_3BC5AA81
BNK_C18B08D2,1750881,INR,CREDIT,2026-07-18T14:45:54Z,SETTLEMENT SET_DDE86F1A,SET_DDE86F1A
BNK_36AA3FCB,719607,INR,CREDIT,2026-07-14T19:40:43Z,SETTLEMENT SET_CA479E69,SET_CA479E69
BNK_EC9A71F2,270268,INR,CREDIT,2026-08-31T15:21:47Z,SETTLEMENT SET_0CBCE5FF,SET_0CBCE5FF
BNK_E751FCF8,220022,INR,CREDIT,2026-07-05T00:53:35Z,SETTLEMENT SET_0E8C7312,SET_0E8C7312
BNK_2C479BE1,1719636,INR,CREDIT,2026-07-03T22:35:33Z,SETTLEMENT SET_5263009C,SET_5263009C
BNK_D446FC32,1905738,INR,CREDIT,2026-08-17T18:39:36Z,SETTLEMENT SET_19F332CD,SET_19F332CD
BNK_7DDC8DB9,5370200,INR,CREDIT,2026-07-14T12:53:16Z,SETTLEMENT SET_4916318C,SET_4916318C
BNK_24B85DA3,924944,INR,CREDIT,2026-08-18T19:33:14Z,SETTLEMENT SET_3C655A72,SET_3C655A72
BNK_8839FFCC,945742,INR,CREDIT,2026-07-08T22:02:15Z,SETTLEMENT SET_18E52AA2,SET_18E52AA2
BNK_D1763D77,1183788,INR,CREDIT,2026-08-24T11:51:49Z,SETTLEMENT SET_AF147A6A,SET_AF147A6A
BNK_6409B7DF,676548,INR,CREDIT,2026-08-07T05:12:00Z,SETTLEMENT SET_E7269BE1,SET_E7269BE1
BNK_D2DB85BC,1034402,INR,CREDIT,2026-07-14T23:01:52Z,SETTLEMENT SET_95D54349,SET_95D54349
BNK_9EEFEB6D,227209,INR,CREDIT,2026-07-25T19:49:29Z,SETTLEMENT SET_A83D3C22,SET_A83D3C22
BNK_D19EDAB4,959216,INR,CREDIT,2026-07-27T12:28:23Z,SETTLEMENT SET_6020310D,SET_6020310D
BNK_055F6C59,1020631,INR,CREDIT,2026-08-17T10:18:35Z,SETTLEMENT SET_04CE67FA,SET_04CE67FA
BNK_33389CB2,1839929,INR,CREDIT,2026-08-15T05:52:36Z,SETTLEMENT SET_991C8C70,SET_991C8C70
BNK_9127E32E,541166,INR,CREDIT,2026-08-30T21:36:34Z,SETTLEMENT SET_B37CBD9E,SET_B37CBD9E
BNK_E591B52E,182294,INR,CREDIT,2026-08-20T09:11:40Z,SETTLEMENT SET_126FBC1D,SET_126FBC1D
BNK_5EA96136,512122,INR,CREDIT,2026-08-20T18:38:16Z,SETTLEMENT SET_9553E3D1,SET_9553E3D1
BNK_6DE7CCEB,1400060,INR,CREDIT,2026-08-30T01:31:27Z,SETTLEMENT SET_A68327E7,SET_A68327E7
BNK_8C45E4B7,-29941,INR,CREDIT,2026-07-05T02:33:46Z,SETTLEMENT SET_6BC525AD,SET_6BC525AD
BNK_0931B061,1871173,INR,CREDIT,2026-08-22T11:03:17Z,SETTLEMENT SET_AD9F2AB6,SET_AD9F2AB6
BNK_0EE285EF,88072,INR,CREDIT,2026-07-08T01:35:42Z,SETTLEMENT SET_F2C606AF,SET_F2C606AF
BNK_D7EA5456,805628,INR,CREDIT,2026-08-09T10:33:03Z,SETTLEMENT SET_5140FC2D,SET_5140FC2D
BNK_993B8724,481268,INR,CREDIT,2026-08-11T01:16:18Z,SETTLEMENT SET_3B9A503E,SET_3B9A503E
BNK_0E3CAFFB,467306,INR,CREDIT,2026-09-01T01:43:32Z,SETTLEMENT SET_1EC51B0B,SET_1EC51B0B
BNK_1A2EC90F,1050021,INR,CREDIT,2026-07-22T07:24:05Z,SETTLEMENT SET_4E178AEC,SET_4E178AEC
BNK_BD349F97,322505,INR,CREDIT,2026-07-29T12:39:46Z,SETTLEMENT SET_CCF926C2,SET_CCF926C2
BNK_9BADFD9E,1182811,INR,CREDIT,2026-08-05T03:02:31Z,SETTLEMENT SET_E720F436,SET_E720F436
BNK_E5D8FDD6,-6230,INR,CREDIT,2026-08-01T13:59:05Z,SETTLEMENT SET_41C939B1,SET_41C939B1
BNK_7E76384C,1011503,INR,CREDIT,2026-08-10T21:02:00Z,SETTLEMENT SET_5CC8D9C1,SET_5CC8D9C1
BNK_58D36A94,831796,INR,CREDIT,2026-07-03T01:24:14Z,SETTLEMENT SET_E272673B,SET_E272673B
BNK_53115799,1790523,INR,CREDIT,2026-08-29T05:53:37Z,SETTLEMENT SET_C7694E96,SET_C7694E96
BNK_2B528BCF,245664,INR,CREDIT,2026-07-05T03:14:25Z,SETTLEMENT SET_FA803AF0,SET_FA803AF0
BNK_FFDD975D,712870,INR,CREDIT,2026-08-29T03:25:04Z,SETTLEMENT SET_153231D9,SET_153231D9
BNK_67EB2F10,579592,INR,CREDIT,2026-07-25T03:31:12Z,SETTLEMENT SET_79AC6EE7,SET_79AC6EE7
BNK_F1548BCE,85681,INR,CREDIT,2026-07-17T01:37:21Z,SETTLEMENT SET_FA48FEC9,SET_FA48FEC9
BNK_6220E6E6,595897,INR,CREDIT,2026-09-01T02:38:01Z,SETTLEMENT SET_EA2E912E,SET_EA2E912E
BNK_283A3544,722536,INR,CREDIT,2026-08-26T05:22:08Z,SETTLEMENT SET_0617C082,SET_0617C082
BNK_149FB57E,1590556,INR,CREDIT,2026-08-08T06:45:16Z,SETTLEMENT SET_EDC2E5FF,SET_EDC2E5FF
BNK_FED5376A,-22903,INR,CREDIT,2026-08-17T00:00:36Z,SETTLEMENT SET_8F08A85D,SET_8F08A85D
BNK_8E6BA02A,1293900,INR,CREDIT,2026-08-27T04:43:17Z,SETTLEMENT SET_DAD0F2BB,SET_DAD0F2BB
BNK_BEA44CBF,1727497,INR,CREDIT,2026-08-26T03:07:03Z,SETTLEMENT SET_B5D1BB4A,SET_B5D1BB4A
BNK_127B4032,954529,INR,CREDIT,2026-07-18T10:26:39Z,SETTLEMENT SET_A7BE7B0D,SET_A7BE7B0D
BNK_C9E8B5F7,1931613,INR,CREDIT,2026-07-30T02:19:31Z,SETTLEMENT SET_C96617A3,SET_C96617A3
BNK_1C9ED7CF,375183,INR,CREDIT,2026-08-05T21:43:52Z,SETTLEMENT SET_59C91888,SET_59C91888
BNK_8C7875DF,29292000,INR,CREDIT,2026-07-28T14:19:15Z,SETTLEMENT SET_DA74DCF4,SET_DA74DCF4
BNK_FA578AD9,1370916,INR,CREDIT,2026-08-18T00:46:24Z,SETTLEMENT SET_0991FD2A,SET_0991FD2A
BNK_15FE39F8,1441167,INR,CREDIT,2026-08-31T13:26:55Z,SETTLEMENT SET_A9A9ED9C,SET_A9A9ED9C
BNK_1D745C24,343986,INR,CREDIT,2026-08-26T07:40:30Z,SETTLEMENT SET_421BB69F,SET_421BB69F
BNK_A0024FF7,121417,INR,CREDIT,2026-07-19T10:14:56Z,SETTLEMENT SET_26C6FC99,SET_26C6FC99
BNK_66B5983E,1859066,INR,CREDIT,2026-08-18T14:06:48Z,SETTLEMENT SET_3B63933B,SET_3B63933B
BNK_0165CA33,874562,INR,CREDIT,2026-08-01T17:24:58Z,SETTLEMENT SET_2003DC6C,SET_2003DC6C
BNK_1579F7A9,1216595,INR,CREDIT,2026-07-16T15:07:50Z,SETTLEMENT SET_86C34F07,SET_86C34F07
BNK_F89EA8BD,1083609,INR,CREDIT,2026-07-29T05:41:18Z,SETTLEMENT SET_0D73DA77,SET_0D73DA77
BNK_EA7FA0A6,1442556,INR,CREDIT,2026-08-25T16:29:51Z,SETTLEMENT SET_3BFDFFC6,SET_3BFDFFC6
BNK_1FC15884,1188963,INR,CREDIT,2026-07-24T12:17:36Z,SETTLEMENT SET_4CDA533E,SET_4CDA533E
BNK_3A121E54,37494,INR,CREDIT,2026-08-09T12:12:09Z,SETTLEMENT SET_63907DFC,SET_63907DFC
BNK_E7982A74,766524,INR,CREDIT,2026-08-22T06:26:29Z,SETTLEMENT SET_85E83294,SET_85E83294
BNK_AC409D2B,413604,INR,CREDIT,2026-07-30T22:32:52Z,SETTLEMENT SET_D851BA4F,SET_D851BA4F
BNK_2F15EF04,298779,INR,CREDIT,2026-07-18T02:36:18Z,SETTLEMENT SET_83738439,SET_83738439
BNK_76D211CC,820695,INR,CREDIT,2026-08-19T19:29:22Z,SETTLEMENT SET_3B2A27AF,SET_3B2A27AF
BNK_A69720A0,540926,INR,CREDIT,2026-08-05T02:32:36Z,SETTLEMENT SET_E0F45E29,SET_E0F45E29
BNK_9E383A42,840779,INR,CREDIT,2026-07-07T04:56:02Z,SETTLEMENT SET_7BB752E2,SET_7BB752E2
BNK_1FF56E94,43019,INR,CREDIT,2026-08-05T23:05:01Z,SETTLEMENT SET_7C706459,SET_7C706459
BNK_DDB48B06,1540271,INR,CREDIT,2026-08-07T12:36:44Z,SETTLEMENT SET_1E97C2BA,SET_1E97C2BA
BNK_6B06545B,544192,INR,CREDIT,2026-08-13T19:54:34Z,SETTLEMENT SET_6EB013E4,SET_6EB013E4
BNK_2BEBB00B,658099,INR,CREDIT,2026-08-18T03:50:21Z,SETTLEMENT SET_15BC50D9,SET_15BC50D9
BNK_6FAFD967,1631660,INR,CREDIT,2026-07-17T11:17:03Z,SETTLEMENT SET_C29AB1EB,SET_C29AB1EB
BNK_665DB9E1,246834,INR,CREDIT,2026-07-16T18:24:21Z,SETTLEMENT SET_DF5AB5F6,SET_DF5AB5F6
BNK_97D565DA,315779,INR,CREDIT,2026-08-02T06:21:26Z,SETTLEMENT SET_62E70D92,SET_62E70D92
BNK_25F0CE9E,657701,INR,CREDIT,2026-07-25T11:40:42Z,SETTLEMENT SET_50A5B216,SET_50A5B216
BNK_ABE6F536,388803,INR,CREDIT,2026-07-11T07:55:58Z,SETTLEMENT SET_DC23843B,SET_DC23843B
BNK_C918EA40,1512346,INR,CREDIT,2026-07-14T15:02:07Z,SETTLEMENT SET_AED76298,SET_AED76298
BNK_4C8A8BDB,920257,INR,CREDIT,2026-08-04T14:25:30Z,SETTLEMENT SET_F0631B73,SET_F0631B73
BNK_F6D78807,136342,INR,CREDIT,2026-08-01T21:11:34Z,SETTLEMENT SET_D7FF1065,SET_D7FF1065
BNK_E0A0737D,383042,INR,CREDIT,2026-07-31T11:10:05Z,SETTLEMENT SET_079A194E,SET_079A194E
BNK_4BF25B47,1777927,INR,CREDIT,2026-08-16T17:44:14Z,SETTLEMENT SET_59CD5184,SET_59CD5184
BNK_A0389DD4,176143,INR,CREDIT,2026-08-09T14:00:08Z,SETTLEMENT SET_6BB3B920,SET_6BB3B920
BNK_D312EAD9,519348,INR,CREDIT,2026-08-08T07:00:03Z,SETTLEMENT SET_F6B60B39,SET_F6B60B39
BNK_383780C2,114337,INR,CREDIT,2026-07-25T19:46:33Z,SETTLEMENT SET_C5AAF1E4,SET_C5AAF1E4
BNK_31F26A10,1106652,INR,CREDIT,2026-07-24T17:32:26Z,SETTLEMENT SET_DD9362F2,SET_DD9362F2
BNK_83BE21D3,1006669,INR,CREDIT,2026-09-06T22:35:35Z,SETTLEMENT SET_1FF403A4,SET_1FF403A4
BNK_849BA89E,41788,INR,CREDIT,2026-08-13T13:14:56Z,SETTLEMENT SET_9E66A3C5,SET_9E66A3C5
BNK_CAD11290,353750,INR,CREDIT,2026-08-21T00:02:40Z,SETTLEMENT SET_859BA828,SET_859BA828
BNK_C71892CD,688167,INR,CREDIT,2026-07-10T23:19:00Z,SETTLEMENT SET_B96886C6,SET_B96886C6
BNK_1D13C55A,144898,INR,CREDIT,2026-07-15T10:22:05Z,SETTLEMENT SET_F4CD74B1,SET_F4CD74B1
BNK_2C531D50,1442436,INR,CREDIT,2026-07-27T16:41:11Z,SETTLEMENT SET_CA182969,SET_CA182969
BNK_D96B99B4,927361,INR,CREDIT,2026-07-27T13:38:09Z,SETTLEMENT SET_7D59FA3C,SET_7D59FA3C
BNK_ED50812F,1690832,INR,CREDIT,2026-07-20T08:04:00Z,SETTLEMENT SET_4E540F27,SET_4E540F27
BNK_2A3BFB2E,1706748,INR,CREDIT,2026-08-09T20:21:17Z,SETTLEMENT SET_CEBC6E31,SET_CEBC6E31
BNK_1BD72850,949159,INR,CREDIT,2026-08-21T08:42:49Z,SETTLEMENT SET_C3190D28,SET_C3190D28
BNK_5FC4688B,894383,INR,CREDIT,2026-07-16T09:54:43Z,SETTLEMENT SET_4D0D69C7,SET_4D0D69C7
BNK_DED69F12,1257311,INR,CREDIT,2026-08-21T18:05:33Z,SETTLEMENT SET_EB4ACD89,SET_EB4ACD89
BNK_6EA7CB89,751340,INR,CREDIT,2026-07-29T00:25:37Z,SETTLEMENT SET_232FD957,SET_232FD957
BNK_3069626A,1614478,INR,CREDIT,2026-08-08T08:11:22Z,SETTLEMENT SET_F76A2304,SET_F76A2304
BNK_B7F277A2,192156,INR,CREDIT,2026-08-06T20:38:38Z,SETTLEMENT SET_545B1F08,SET_545B1F08
BNK_3FE6D095,989289,INR,CREDIT,2026-08-05T09:48:05Z,SETTLEMENT SET_4F8B4551,SET_4F8B4551
BNK_A4B88705,233360,INR,CREDIT,2026-09-03T21:20:14Z,SETTLEMENT SET_3BA043E2,SET_3BA043E2
BNK_E7DFEC03,629095,INR,CREDIT,2026-07-16T07:59:00Z,SETTLEMENT SET_B1E53734,SET_B1E53734
BNK_03114FB9,1654217,INR,CREDIT,2026-07-09T06:02:15Z,SETTLEMENT SET_F9C9E881,SET_F9C9E881
BNK_8A3BA850,1852329,INR,CREDIT,2026-07-08T17:24:54Z,SETTLEMENT SET_E8BE9B5F,SET_E8BE9B5F
BNK_FD099651,219690,INR,CREDIT,2026-07-30T03:23:50Z,SETTLEMENT SET_ED6F6877,SET_ED6F6877
BNK_FE842EE5,1614478,INR,CREDIT,2026-08-07T02:41:33Z,SETTLEMENT SET_2E07BAA6,SET_2E07BAA6
BNK_838C65A6,1898903,INR,CREDIT,2026-07-22T03:20:16Z,SETTLEMENT SET_9578D550,SET_9578D550
BNK_AAFF7F00,979818,INR,CREDIT,2026-08-10T19:55:45Z,SETTLEMENT SET_FDBECC8D,SET_FDBECC8D
BNK_1D7F6A36,1202339,INR,CREDIT,2026-08-27T03:08:35Z,SETTLEMENT SET_A0BD2667,SET_A0BD2667
BNK_2463C549,1509905,INR,CREDIT,2026-08-25T18:36:38Z,SETTLEMENT SET_126857DA,SET_126857DA
BNK_C4153FB9,1806145,INR,CREDIT,2026-08-27T01:40:29Z,SETTLEMENT SET_ACAE9D47,SET_ACAE9D47
BNK_15034C4A,1702549,INR,CREDIT,2026-08-03T23:52:36Z,SETTLEMENT SET_7F99C762,SET_7F99C762
BNK_60403A53,456077,INR,CREDIT,2026-07-23T03:27:18Z,SETTLEMENT SET_AEC088BA,SET_AEC088BA
BNK_FFC6602F,1084223,INR,CREDIT,2026-08-18T20:56:23Z,SETTLEMENT SET_6A4AF905,SET_6A4AF905
BNK_A7E264EC,1106457,INR,CREDIT,2026-07-29T23:06:08Z,SETTLEMENT SET_832BFC36,SET_832BFC36
BNK_679389C7,953650,INR,CREDIT,2026-08-25T04:38:18Z,SETTLEMENT SET_46E70B08,SET_46E70B08
BNK_A83DEB1B,1091323,INR,CREDIT,2026-07-08T13:10:02Z,SETTLEMENT SET_83C79D51,SET_83C79D51
BNK_CFBA6880,232186,INR,CREDIT,2026-07-27T02:32:35Z,SETTLEMENT SET_8F9CFBFE,SET_8F9CFBFE
BNK_24DFCD42,1068570,INR,CREDIT,2026-07-18T09:07:08Z,SETTLEMENT SET_EAABD4EA,SET_EAABD4EA
BNK_0736AEE1,52452,INR,CREDIT,2026-08-13T10:33:47Z,SETTLEMENT SET_ABFA5D65,SET_ABFA5D65
BNK_FD72F7B8,1858871,INR,CREDIT,2026-08-13T03:09:16Z,SETTLEMENT SET_28B7ACDE,SET_28B7ACDE
BNK_A0BBFE80,627337,INR,CREDIT,2026-07-22T04:31:08Z,SETTLEMENT SET_36C082D0,SET_36C082D0
BNK_E87319E6,662195,INR,CREDIT,2026-08-15T13:28:06Z,SETTLEMENT SET_32068C1C,SET_32068C1C
BNK_DC9DA208,1178349,INR,CREDIT,2026-08-10T08:02:19Z,SETTLEMENT SET_27C713CF,SET_27C713CF
BNK_EF49FE2C,1432184,INR,CREDIT,2026-08-17T10:39:35Z,SETTLEMENT SET_BC65C66C,SET_BC65C66C
BNK_0EC37ED3,1306033,INR,CREDIT,2026-08-25T12:54:38Z,SETTLEMENT SET_321F66F3,SET_321F66F3
BNK_2A24F469,242245,INR,CREDIT,2026-07-03T22:10:45Z,SETTLEMENT SET_4008C376,SET_4008C376
BNK_838BB74F,767939,INR,CREDIT,2026-07-03T13:51:02Z,SETTLEMENT SET_767701FB,SET_767701FB
BNK_4E90317B,208560,INR,CREDIT,2026-08-08T07:37:53Z,SETTLEMENT SET_20FFB994,SET_20FFB994
BNK_3E211C07,813635,INR,CREDIT,2026-08-22T18:33:11Z,SETTLEMENT SET_8C2F4295,SET_8C2F4295
BNK_42EA5395,1373305,INR,CREDIT,2026-08-31T06:27:30Z,SETTLEMENT SET_955B520A,SET_955B520A
BNK_84E9F718,658680,INR,CREDIT,2026-07-22T04:39:03Z,SETTLEMENT SET_FF5C826E,SET_FF5C826E
BNK_B135B4E8,373669,INR,CREDIT,2026-07-07T09:47:10Z,SETTLEMENT SET_BC5A678E,SET_BC5A678E
BNK_38D2EC98,1876544,INR,CREDIT,2026-08-07T07:56:39Z,SETTLEMENT SET_DC2BAAAF,SET_DC2BAAAF
BNK_6840D39B,953846,INR,CREDIT,2026-07-03T19:07:14Z,SETTLEMENT SET_CB46B2A8,SET_CB46B2A8
BNK_E37AD2FF,-12451,INR,CREDIT,2026-07-15T10:32:41Z,SETTLEMENT SET_CAAFE9EA,SET_CAAFE9EA
BNK_B101C0AD,537997,INR,CREDIT,2026-08-18T11:07:07Z,SETTLEMENT SET_F39EDC7A,SET_F39EDC7A
BNK_78E9BC02,99105,INR,CREDIT,2026-07-05T10:42:49Z,SETTLEMENT SET_02558476,SET_02558476
BNK_6D976237,962195,INR,CREDIT,2026-08-29T05:10:32Z,SETTLEMENT SET_C358EE3D,SET_C358EE3D
BNK_C438EE39,384503,INR,CREDIT,2026-07-23T07:47:17Z,SETTLEMENT SET_D16ADBAD,SET_D16ADBAD
BNK_2F25CD09,1932101,INR,CREDIT,2026-09-02T00:45:58Z,SETTLEMENT SET_E8A21FC8,SET_E8A21FC8
BNK_AC86F14A,628314,INR,CREDIT,2026-08-12T04:34:51Z,SETTLEMENT SET_254B1EA8,SET_254B1EA8
BNK_95F89B76,213832,INR,CREDIT,2026-08-14T21:37:47Z,SETTLEMENT SET_5F7AAD85,SET_5F7AAD85
BNK_2CDC083B,178486,INR,CREDIT,2026-09-02T15:17:13Z,SETTLEMENT SET_A3377FBF,SET_A3377FBF
BNK_AB3A7660,1664662,INR,CREDIT,2026-07-24T09:55:24Z,SETTLEMENT SET_DA78A180,SET_DA78A180
BNK_252CDB99,1386000,INR,CREDIT,2026-07-11T23:24:06Z,SETTLEMENT SET_F8FCB4A3,SET_F8FCB4A3
BNK_FA4DE93D,1530507,INR,CREDIT,2026-08-06T06:31:54Z,SETTLEMENT SET_E4E2423A,SET_E4E2423A
BNK_447D88BD,1262557,INR,CREDIT,2026-07-21T10:12:46Z,SETTLEMENT SET_2A126E0B,SET_2A126E0B
BNK_FB20121B,1409824,INR,CREDIT,2026-07-24T16:18:23Z,SETTLEMENT SET_57D67E18,SET_57D67E18
BNK_63EDE072,480289,INR,CREDIT,2026-08-27T18:31:34Z,SETTLEMENT SET_C6C9EF86,SET_C6C9EF86
BNK_7DBB83F8,227209,INR,CREDIT,2026-08-06T12:20:24Z,SETTLEMENT SET_470B896A,SET_470B896A
BNK_4EE69A7E,885302,INR,CREDIT,2026-08-03T16:11:40Z,SETTLEMENT SET_AAE0D8F4,SET_AAE0D8F4
BNK_98A9C932,963219,INR,CREDIT,2026-08-14T11:08:02Z,SETTLEMENT SET_5BDAFC8F,SET_5BDAFC8F
BNK_81113C4D,1576839,INR,CREDIT,2026-07-27T16:10:23Z,SETTLEMENT SET_8F1FFA96,SET_8F1FFA96
BNK_12F1A0DE,293702,INR,CREDIT,2026-08-11T01:00:12Z,SETTLEMENT SET_DE9FA177,SET_DE9FA177
BNK_3E93D0E9,724367,INR,CREDIT,2026-07-23T22:07:00Z,SETTLEMENT SET_F322EF6E,SET_F322EF6E
BNK_99A4B91E,1651288,INR,CREDIT,2026-08-16T01:14:52Z,SETTLEMENT SET_7E3916E1,SET_7E3916E1
BNK_CF508483,834822,INR,CREDIT,2026-07-06T15:51:11Z,SETTLEMENT SET_6F8E0882,SET_6F8E0882
BNK_1A308203,983773,INR,CREDIT,2026-07-11T19:27:12Z,SETTLEMENT SET_5EEFE944,SET_5EEFE944
BNK_C88B88E8,583888,INR,CREDIT,2026-08-03T02:48:13Z,SETTLEMENT SET_12532491,SET_12532491
BNK_F21062B4,1230803,INR,CREDIT,2026-08-25T18:27:12Z,SETTLEMENT SET_CC1611A5,SET_CC1611A5
BNK_DBFBFD4B,1371257,INR,CREDIT,2026-07-25T01:05:42Z,SETTLEMENT SET_96AE5EA5,SET_96AE5EA5
BNK_ED927993,258258,INR,CREDIT,2026-08-23T09:55:03Z,SETTLEMENT SET_64E155D4,SET_64E155D4
BNK_42F24346,638566,INR,CREDIT,2026-07-24T00:42:18Z,SETTLEMENT SET_EA0B654A,SET_EA0B654A
BNK_7AD682D3,1701768,INR,CREDIT,2026-08-11T17:49:50Z,SETTLEMENT SET_C189B5DC,SET_C189B5DC
BNK_B730FBBC,1373112,INR,CREDIT,2026-07-31T09:29:42Z,SETTLEMENT SET_E9F28EB7,SET_E9F28EB7
BNK_9269376E,104237,INR,CREDIT,2026-08-24T06:33:59Z,SETTLEMENT SET_56E16473,SET_56E16473
BNK_5F2104F4,390268,INR,CREDIT,2026-07-30T16:05:19Z,SETTLEMENT SET_4B072BD8,SET_4B072BD8
BNK_A866A728,577053,INR,CREDIT,2026-08-01T19:00:18Z,SETTLEMENT SET_B3C1788E,SET_B3C1788E
BNK_7011E4A6,138204,INR,CREDIT,2026-07-25T06:59:39Z,SETTLEMENT SET_2AFE000C,SET_2AFE000C
BNK_D2F06B1A,1625414,INR,CREDIT,2026-08-29T23:22:23Z,SETTLEMENT SET_22A79487,SET_22A79487
BNK_B93A79E1,10936,INR,CREDIT,2026-07-03T13:52:53Z,SETTLEMENT SET_D8DC955F,SET_D8DC955F
BNK_5036C919,-5557,INR,CREDIT,2026-07-20T22:28:28Z,SETTLEMENT SET_DC697FDE,SET_DC697FDE
BNK_629BAB3C,827497,INR,CREDIT,2026-08-14T03:42:58Z,SETTLEMENT SET_2688D09F,SET_2688D09F
BNK_3B7E4683,1068670,INR,CREDIT,2026-08-10T20:13:12Z,SETTLEMENT SET_4CB0178F,SET_4CB0178F
BNK_7CCB8A54,700470,INR,CREDIT,2026-08-20T23:52:26Z,SETTLEMENT SET_722D1163,SET_722D1163
BNK_3A21F431,5370200,INR,CREDIT,2026-08-09T11:13:21Z,SETTLEMENT SET_7E9F237E,SET_7E9F237E
BNK_7A538F99,1132722,INR,CREDIT,2026-08-17T13:39:46Z,SETTLEMENT SET_22837014,SET_22837014
BNK_05D86B0A,1808391,INR,CREDIT,2026-08-19T03:09:06Z,SETTLEMENT SET_BD3828CA,SET_BD3828CA
BNK_AA43F54C,107990,INR,CREDIT,2026-07-05T19:57:50Z,SETTLEMENT SET_1414A6E2,SET_1414A6E2
BNK_D167B3B4,944472,INR,CREDIT,2026-08-06T09:04:45Z,SETTLEMENT SET_977BB209,SET_977BB209
BNK_B42F53CB,675767,INR,CREDIT,2026-08-12T03:55:45Z,SETTLEMENT SET_D80FAC05,SET_D80FAC05
BNK_D2C80E99,451293,INR,CREDIT,2026-07-15T21:07:49Z,SETTLEMENT SET_5FF2ACEC,SET_5FF2ACEC
BNK_276F7221,1086538,INR,CREDIT,2026-08-16T21:41:28Z,SETTLEMENT SET_B343442C,SET_B343442C
BNK_34D72A4F,94125,INR,CREDIT,2026-07-06T17:49:24Z,SETTLEMENT SET_D0C1C949,SET_D0C1C949
BNK_96067C42,739819,INR,CREDIT,2026-09-02T04:10:57Z,SETTLEMENT SET_7C6D0411,SET_7C6D0411
BNK_15853A1C,961754,INR,CREDIT,2026-07-24T01:12:19Z,SETTLEMENT SET_CFA7C180,SET_CFA7C180
BNK_905E85D2,1745413,INR,CREDIT,2026-08-16T16:53:05Z,SETTLEMENT SET_2097798A,SET_2097798A
BNK_D7FB8E47,1807903,INR,CREDIT,2026-07-22T21:48:07Z,SETTLEMENT SET_403C90D4,SET_403C90D4
BNK_E13A143B,1375260,INR,CREDIT,2026-07-12T02:23:39Z,SETTLEMENT SET_6392B12E,SET_6392B12E
BNK_75E40F1F,867725,INR,CREDIT,2026-07-24T15:37:34Z,SETTLEMENT SET_002E62B5,SET_002E62B5
BNK_E8345A86,1406014,INR,CREDIT,2026-07-19T17:56:49Z,SETTLEMENT SET_60CBF3AB,SET_60CBF3AB
BNK_D62354A2,20310,INR,CREDIT,2026-07-15T05:24:20Z,SETTLEMENT SET_D3E118B3,SET_D3E118B3
BNK_9D2D6458,809336,INR,CREDIT,2026-08-24T05:33:11Z,SETTLEMENT SET_0F9AECB8,SET_0F9AECB8
BNK_00A2218F,971518,INR,CREDIT,2026-08-04T03:58:01Z,SETTLEMENT SET_371F06C3,SET_371F06C3
BNK_3156EEF5,855554,INR,CREDIT,2026-08-04T08:54:02Z,SETTLEMENT SET_2E002880,SET_2E002880
BNK_07C0D562,286174,INR,CREDIT,2026-08-25T06:12:11Z,SETTLEMENT SET_A57FB41A,SET_A57FB41A
BNK_6390F7CA,-12670,INR,CREDIT,2026-07-31T07:23:20Z,SETTLEMENT SET_0266AD7E,SET_0266AD7E
BNK_93DB0780,1091909,INR,CREDIT,2026-07-27T05:47:50Z,SETTLEMENT SET_355DC3A4,SET_355DC3A4
BNK_B2042037,1867268,INR,CREDIT,2026-08-30T13:26:52Z,SETTLEMENT SET_22636A4D,SET_22636A4D
BNK_F70B65AA,231405,INR,CREDIT,2026-08-29T11:08:21Z,SETTLEMENT SET_71918CD8,SET_71918CD8
BNK_93D5BCF9,619819,INR,CREDIT,2026-08-20T05:23:45Z,SETTLEMENT SET_A579C8AD,SET_A579C8AD
BNK_1762E6D6,1401339,INR,CREDIT,2026-08-18T19:12:12Z,SETTLEMENT SET_581170B1,SET_581170B1
BNK_9CD6A822,1716609,INR,CREDIT,2026-07-17T01:36:27Z,SETTLEMENT SET_CC4D9244,SET_CC4D9244
BNK_959F334E,733472,INR,CREDIT,2026-07-05T07:11:48Z,SETTLEMENT SET_2CA559F5,SET_2CA559F5
BNK_C5C68C4C,1002275,INR,CREDIT,2026-08-03T13:58:01Z,SETTLEMENT SET_6FC4ACC2,SET_6FC4ACC2
BNK_3C38B70B,180080,INR,CREDIT,2026-08-26T19:41:33Z,SETTLEMENT SET_3BFFFE9B,SET_3BFFFE9B
BNK_7ED57DC0,1745997,INR,CREDIT,2026-08-26T03:55:59Z,SETTLEMENT SET_2E191E9A,SET_2E191E9A
BNK_039A20FF,53310,INR,CREDIT,2026-07-29T03:21:22Z,SETTLEMENT SET_C3FC6CC2,SET_C3FC6CC2
BNK_800B5ED7,1745706,INR,CREDIT,2026-09-02T04:12:16Z,SETTLEMENT SET_904BE0AD,SET_904BE0AD
BNK_62F4B3C7,387827,INR,CREDIT,2026-09-03T16:52:02Z,SETTLEMENT SET_13C71962,SET_13C71962
BNK_FA358689,1521427,INR,CREDIT,2026-07-25T05:34:17Z,SETTLEMENT SET_3CED0E42,SET_3CED0E42
BNK_5893917A,1041331,INR,CREDIT,2026-07-21T10:03:08Z,SETTLEMENT SET_19B52FEC,SET_19B52FEC
BNK_438E09A9,1918041,INR,CREDIT,2026-08-06T15:02:07Z,SETTLEMENT SET_A56D7935,SET_A56D7935
BNK_5CCFC5B9,1073407,INR,CREDIT,2026-08-05T03:05:41Z,SETTLEMENT SET_CA8EBD22,SET_CA8EBD22
BNK_7AE94FC5,778679,INR,CREDIT,2026-08-13T02:23:26Z,SETTLEMENT SET_A6F3E88B,SET_A6F3E88B
BNK_FF3ED83B,662339,INR,CREDIT,2026-07-09T01:49:10Z,SETTLEMENT SET_D91B4A04,SET_D91B4A04
BNK_F73CE972,5370200,INR,CREDIT,2026-08-25T22:35:04Z,SETTLEMENT SET_967C8C62,SET_967C8C62
BNK_ECCF2BFE,395345,INR,CREDIT,2026-08-17T23:09:41Z,SETTLEMENT SET_981AAC29,SET_981AAC29
BNK_1E24EFCD,1256334,INR,CREDIT,2026-07-21T18:30:49Z,SETTLEMENT SET_923C10DF,SET_923C10DF
BNK_C75A6DA9,1827333,INR,CREDIT,2026-08-10T10:41:28Z,SETTLEMENT SET_09BFB4E1,SET_09BFB4E1
BNK_C54772D6,1553899,INR,CREDIT,2026-08-01T13:53:57Z,SETTLEMENT SET_A1FFE4FA,SET_A1FFE4FA
BNK_C3C93BC2,1852329,INR,CREDIT,2026-07-03T12:28:23Z,SETTLEMENT SET_F8C08953,SET_F8C08953
BNK_89126416,532041,INR,CREDIT,2026-08-17T12:42:41Z,SETTLEMENT SET_ED099C35,SET_ED099C35
BNK_8983780F,-38007,INR,CREDIT,2026-07-19T08:29:38Z,SETTLEMENT SET_F1B8CCC9,SET_F1B8CCC9
BNK_E75109F9,1079997,INR,CREDIT,2026-08-20T23:44:00Z,SETTLEMENT SET_335BF774,SET_335BF774
BNK_5603B648,428542,INR,CREDIT,2026-08-27T09:57:30Z,SETTLEMENT SET_8E67B962,SET_8E67B962
BNK_D1F385D5,1233096,INR,CREDIT,2026-07-27T08:37:07Z,SETTLEMENT SET_C8FBEFB5,SET_C8FBEFB5
BNK_6611629B,38666,INR,CREDIT,2026-08-18T19:22:02Z,SETTLEMENT SET_DF8CC31D,SET_DF8CC31D
BNK_B7FCECE1,1192252,INR,CREDIT,2026-08-16T15:22:33Z,SETTLEMENT SET_EF0ACC0F,SET_EF0ACC0F
BNK_76DB5E66,172726,INR,CREDIT,2026-08-04T02:52:40Z,SETTLEMENT SET_ABED5A48,SET_ABED5A48
BNK_77123270,1894998,INR,CREDIT,2026-07-23T11:45:05Z,SETTLEMENT SET_C2F4C090,SET_C2F4C090
BNK_8E218E8F,1718562,INR,CREDIT,2026-08-18T03:53:50Z,SETTLEMENT SET_CF844296,SET_CF844296
BNK_BF4436E2,26656,INR,CREDIT,2026-07-21T13:50:20Z,SETTLEMENT SET_A1396174,SET_A1396174
BNK_8E9190B3,-34005,INR,CREDIT,2026-07-17T10:49:54Z,SETTLEMENT SET_598F9AAC,SET_598F9AAC
BNK_90B67F20,1346066,INR,CREDIT,2026-08-17T05:44:39Z,SETTLEMENT SET_E9C03FFF,SET_E9C03FFF
BNK_2127B261,857182,INR,CREDIT,2026-07-08T03:13:33Z,SETTLEMENT SET_FF69446B,SET_FF69446B
BNK_DECF8EE7,14937,INR,CREDIT,2026-07-19T03:29:48Z,SETTLEMENT SET_0FE878DC,SET_0FE878DC
BNK_A8999568,1118174,INR,CREDIT,2026-08-16T07:20:16Z,SETTLEMENT SET_09B9D134,SET_09B9D134
BNK_CCD4E16A,824375,INR,CREDIT,2026-07-11T17:17:32Z,SETTLEMENT SET_4D56429B,SET_4D56429B
BNK_D0E49295,1891580,INR,CREDIT,2026-07-29T10:17:14Z,SETTLEMENT SET_57E3DDE0,SET_57E3DDE0
BNK_EEDE6C67,770966,INR,CREDIT,2026-07-23T05:46:32Z,SETTLEMENT SET_30A52B0B,SET_30A52B0B
BNK_291081AC,1380435,INR,CREDIT,2026-07-07T00:30:00Z,SETTLEMENT SET_84855499,SET_84855499
BNK_8DC1CA40,818122,INR,CREDIT,2026-07-14T17:07:29Z,SETTLEMENT SET_01679026,SET_01679026
BNK_2AF58B23,299169,INR,CREDIT,2026-07-23T17:34:46Z,SETTLEMENT SET_6AADE4D3,SET_6AADE4D3
BNK_76AE6F24,376303,INR,CREDIT,2026-07-15T05:28:54Z,SETTLEMENT SET_6EA91CCA,SET_6EA91CCA
BNK_462A6013,19233,INR,CREDIT,2026-08-09T19:17:51Z,SETTLEMENT SET_A72BFB32,SET_A72BFB32
BNK_93DBCDE5,1050216,INR,CREDIT,2026-08-27T05:05:05Z,SETTLEMENT SET_5B4D8B95,SET_5B4D8B95
BNK_8F55B090,1738774,INR,CREDIT,2026-07-16T01:12:08Z,SETTLEMENT SET_3B71276D,SET_3B71276D
BNK_0D731C1A,1816300,INR,CREDIT,2026-07-19T14:52:10Z,SETTLEMENT SET_68DD7970,SET_68DD7970
BNK_28E58733,342229,INR,CREDIT,2026-07-09T17:58:02Z,SETTLEMENT SET_7E78E13D,SET_7E78E13D
BNK_D68982EB,463232,INR,CREDIT,2026-07-27T20:54:43Z,SETTLEMENT SET_04D8BEB1,SET_04D8BEB1
BNK_C3B081ED,1920286,INR,CREDIT,2026-07-31T17:57:03Z,SETTLEMENT SET_27F5C7E8,SET_27F5C7E8
BNK_D1467521,47942,INR,CREDIT,2026-08-29T14:53:15Z,SETTLEMENT SET_7DEE1B1B,SET_7DEE1B1B
BNK_C5DC4A00,238340,INR,CREDIT,2026-08-30T20:04:33Z,SETTLEMENT SET_479E14AB,SET_479E14AB
BNK_2D4909A7,905414,INR,CREDIT,2026-08-12T02:52:08Z,SETTLEMENT SET_FFEE4ABA,SET_FFEE4ABA
BNK_0C8A6C67,786393,INR,CREDIT,2026-07-26T07:11:26Z,SETTLEMENT SET_0DBA7EC9,SET_0DBA7EC9
BNK_F6914142,143043,INR,CREDIT,2026-07-15T21:51:31Z,SETTLEMENT SET_411B8C31,SET_411B8C31
BNK_8F3B5B9E,889501,INR,CREDIT,2026-07-07T06:05:00Z,SETTLEMENT SET_A6018630,SET_A6018630
BNK_74EB4E6E,1350359,INR,CREDIT,2026-08-24T06:56:47Z,SETTLEMENT SET_31C16631,SET_31C16631
BNK_71B1BB99,1581376,INR,CREDIT,2026-08-12T15:51:26Z,SETTLEMENT SET_EA9AFA4F,SET_EA9AFA4F
BNK_A246E1F6,633684,INR,CREDIT,2026-08-26T17:16:03Z,SETTLEMENT SET_42F651C5,SET_42F651C5
BNK_4A8BB71F,781706,INR,CREDIT,2026-08-13T03:53:53Z,SETTLEMENT SET_0DEC06A5,SET_0DEC06A5
BNK_E468EE4E,1311794,INR,CREDIT,2026-07-31T18:23:16Z,SETTLEMENT SET_5E57EA33,SET_5E57EA33
BNK_6833980E,1626585,INR,CREDIT,2026-07-23T23:09:39Z,SETTLEMENT SET_5B5846A4,SET_5B5846A4
BNK_F5AA318E,362733,INR,CREDIT,2026-08-10T20:29:22Z,SETTLEMENT SET_1DC19E79,SET_1DC19E79
BNK_0F6508E0,403644,INR,CREDIT,2026-07-29T19:25:43Z,SETTLEMENT SET_AC376CAF,SET_AC376CAF
BNK_D903F482,344134,INR,CREDIT,2026-07-14T10:33:46Z,SETTLEMENT SET_6FB00358,SET_6FB00358
BNK_9AAF8366,489263,INR,CREDIT,2026-07-24T09:45:16Z,SETTLEMENT SET_F6D0E544,SET_F6D0E544
BNK_C78E7C46,-43303,INR,CREDIT,2026-08-18T13:58:01Z,SETTLEMENT SET_B0CDB18D,SET_B0CDB18D
BNK_04BC4F80,1556480,INR,CREDIT,2026-08-19T08:40:04Z,SETTLEMENT SET_A02C4773,SET_A02C4773
BNK_E11D1E40,-41776,INR,CREDIT,2026-07-03T15:45:49Z,SETTLEMENT SET_680443C2,SET_680443C2
BNK_CB687878,872171,INR,CREDIT,2026-08-16T06:55:03Z,SETTLEMENT SET_0A827B14,SET_0A827B14
BNK_DD16C9AE,1664665,INR,CREDIT,2026-08-16T21:02:09Z,SETTLEMENT SET_D098A033,SET_D098A033
BNK_F3010AA8,-35756,INR,CREDIT,2026-07-14T18:18:00Z,SETTLEMENT SET_24E82636,SET_24E82636
BNK_90977630,1832265,INR,CREDIT,2026-07-18T23:12:57Z,SETTLEMENT SET_930E71BC,SET_930E71BC
BNK_3299F65D,1196383,INR,CREDIT,2026-08-18T00:40:52Z,SETTLEMENT SET_031FE3B3,SET_031FE3B3
BNK_9CC01D14,-6421,INR,CREDIT,2026-07-25T09:32:06Z,SETTLEMENT SET_4FDE5B89,SET_4FDE5B89
BNK_D93771A7,-29162,INR,CREDIT,2026-08-19T20:53:02Z,SETTLEMENT SET_032F33AF,SET_032F33AF
BNK_3B248E17,1760840,INR,CREDIT,2026-07-18T17:24:01Z,SETTLEMENT SET_1782207F,SET_1782207F
BNK_39247273,422489,INR,CREDIT,2026-08-27T07:44:54Z,SETTLEMENT SET_81B344D2,SET_81B344D2
BNK_FF80E093,658973,INR,CREDIT,2026-08-21T20:13:03Z,SETTLEMENT SET_4E3F0AAF,SET_4E3F0AAF
BNK_2F2B4A8A,1850767,INR,CREDIT,2026-08-07T04:38:15Z,SETTLEMENT SET_6D1212B4,SET_6D1212B4
BNK_69AC41DB,1937471,INR,CREDIT,2026-08-14T18:23:46Z,SETTLEMENT SET_CBC5659B,SET_CBC5659B
BNK_D9504C3D,142555,INR,CREDIT,2026-08-20T09:59:43Z,SETTLEMENT SET_4270CEB0,SET_4270CEB0
BNK_6AC13FBB,1134382,INR,CREDIT,2026-07-16T21:37:40Z,SETTLEMENT SET_256DD983,SET_256DD983
BNK_590C803E,1516347,INR,CREDIT,2026-08-08T07:54:46Z,SETTLEMENT SET_EB343571,SET_EB343571
BNK_403A6083,1812199,INR,CREDIT,2026-07-14T22:39:31Z,SETTLEMENT SET_710D8179,SET_710D8179
BNK_FE51A354,949647,INR,CREDIT,2026-08-04T22:29:19Z,SETTLEMENT SET_442C2D66,SET_442C2D66
BNK_67F64D9D,445825,INR,CREDIT,2026-08-27T15:46:29Z,SETTLEMENT SET_17D9CB88,SET_17D9CB88
BNK_24043412,1827322,INR,CREDIT,2026-07-24T19:15:31Z,SETTLEMENT SET_0ED8C8DE,SET_0ED8C8DE
BNK_D2BA56B0,349942,INR,CREDIT,2026-07-10T16:09:29Z,SETTLEMENT SET_02823BC8,SET_02823BC8
BNK_EC4A3D2C,1400256,INR,CREDIT,2026-07-08T21:34:23Z,SETTLEMENT SET_8A8607A5,SET_8A8607A5
BNK_6509D75E,555182,INR,CREDIT,2026-08-14T03:30:32Z,SETTLEMENT SET_A0E9290F,SET_A0E9290F
BNK_9DAF6910,271830,INR,CREDIT,2026-08-24T07:08:49Z,SETTLEMENT SET_F338F20F,SET_F338F20F
BNK_BAA91DAF,1798039,INR,CREDIT,2026-08-19T02:58:40Z,SETTLEMENT SET_A3C76BC3,SET_A3C76BC3
BNK_957DBF46,971518,INR,CREDIT,2026-07-26T19:30:03Z,SETTLEMENT SET_EB33DF30,SET_EB33DF30
BNK_7CDF92D6,1173243,INR,CREDIT,2026-08-01T00:00:24Z,SETTLEMENT SET_42DA8E5D,SET_42DA8E5D
BNK_5198F91E,1618872,INR,CREDIT,2026-07-17T06:46:57Z,SETTLEMENT SET_D8E0CB3A,SET_D8E0CB3A
BNK_BC519012,83190,INR,CREDIT,2026-08-05T13:23:40Z,SETTLEMENT SET_5A334C95,SET_5A334C95
BNK_C2A21CB3,854936,INR,CREDIT,2026-07-23T13:37:08Z,SETTLEMENT SET_E83E887E,SET_E83E887E
BNK_B68D3C40,1299979,INR,CREDIT,2026-08-15T21:31:24Z,SETTLEMENT SET_70BE3D2C,SET_70BE3D2C
BNK_5B5FD76A,1068330,INR,CREDIT,2026-07-30T04:08:08Z,SETTLEMENT SET_B9E04570,SET_B9E04570
BNK_C41060ED,1758009,INR,CREDIT,2026-08-14T12:19:10Z,SETTLEMENT SET_6692F205,SET_6692F205
BNK_C99FC2D8,181991,INR,CREDIT,2026-08-15T15:16:40Z,SETTLEMENT SET_93FBF2E2,SET_93FBF2E2
BNK_E780E23E,1486765,INR,CREDIT,2026-08-05T11:38:11Z,SETTLEMENT SET_1B086FED,SET_1B086FED
BNK_5DDFF9A1,334005,INR,CREDIT,2026-07-17T14:05:47Z,SETTLEMENT SET_1E451727,SET_1E451727
BNK_21FDD7A1,58584000,INR,CREDIT,2026-08-06T04:18:22Z,SETTLEMENT SET_5194C2BC,SET_5194C2BC
BNK_BF58CBC9,14646000,INR,CREDIT,2026-08-29T17:47:13Z,SETTLEMENT SET_687F8D3F,SET_687F8D3F
BNK_B9B455CD,1590166,INR,CREDIT,2026-08-15T13:17:20Z,SETTLEMENT SET_50F3CC6C,SET_50F3CC6C
BNK_023E6271,1485936,INR,CREDIT,2026-08-10T04:41:56Z,SETTLEMENT SET_4436E2B4,SET_4436E2B4
BNK_89733C92,1943720,INR,CREDIT,2026-07-17T11:44:59Z,SETTLEMENT SET_52D11B83,SET_52D11B83
BNK_BDB500BA,-20732,INR,CREDIT,2026-08-28T13:44:43Z,SETTLEMENT SET_06CE3BC2,SET_06CE3BC2
BNK_6C20A2A2,5370200,INR,CREDIT,2026-09-01T13:39:27Z,SETTLEMENT SET_4930FB9F,SET_4930FB9F
BNK_C3A5DBF7,1316090,INR,CREDIT,2026-08-30T08:07:06Z,SETTLEMENT SET_E179A712,SET_E179A712
BNK_0291B42E,1000867,INR,CREDIT,2026-07-27T02:37:56Z,SETTLEMENT SET_54FF13B7,SET_54FF13B7
BNK_FC5E41C9,1403478,INR,CREDIT,2026-07-22T10:10:13Z,SETTLEMENT SET_1162DB97,SET_1162DB97
BNK_8C1D9983,648916,INR,CREDIT,2026-07-04T00:34:51Z,SETTLEMENT SET_A0DC350B,SET_A0DC350B
BNK_082FF1AC,368787,INR,CREDIT,2026-07-11T02:15:15Z,SETTLEMENT SET_565AC200,SET_565AC200
BNK_4D911E09,1843151,INR,CREDIT,2026-07-30T12:32:45Z,SETTLEMENT SET_7660260E,SET_7660260E
BNK_52ED2658,525792,INR,CREDIT,2026-08-27T21:52:12Z,SETTLEMENT SET_52068545,SET_52068545
BNK_0D0B80A3,-10703,INR,CREDIT,2026-09-01T03:11:03Z,SETTLEMENT SET_5C7A8A0F,SET_5C7A8A0F
BNK_3F1C4EE1,1770947,INR,CREDIT,2026-08-23T00:52:20Z,SETTLEMENT SET_671E212C,SET_671E212C
BNK_1F4B9CA4,1899391,INR,CREDIT,2026-09-02T21:55:39Z,SETTLEMENT SET_7197F71E,SET_7197F71E
BNK_43C9885A,1444975,INR,CREDIT,2026-08-20T19:27:54Z,SETTLEMENT SET_19828369,SET_19828369
BNK_BE8F2937,-9194,INR,CREDIT,2026-08-26T21:12:02Z,SETTLEMENT SET_1361969A,SET_1361969A
BNK_5D1C1276,196647,INR,CREDIT,2026-07-19T13:45:33Z,SETTLEMENT SET_E809F94A,SET_E809F94A
BNK_F6212834,1620824,INR,CREDIT,2026-07-12T15:10:00Z,SETTLEMENT SET_2D0C8DFA,SET_2D0C8DFA
BNK_1F228460,1351436,INR,CREDIT,2026-08-11T07:23:08Z,SETTLEMENT SET_C219D506,SET_C219D506
BNK_13509A29,1779782,INR,CREDIT,2026-07-23T05:57:20Z,SETTLEMENT SET_42187D32,SET_42187D32
BNK_91D7EA85,1558433,INR,CREDIT,2026-08-24T12:55:04Z,SETTLEMENT SET_6C16172D,SET_6C16172D
BNK_395DF27B,1320241,INR,CREDIT,2026-07-03T22:22:17Z,SETTLEMENT SET_2FF21E41,SET_2FF21E41
BNK_00485886,53995,INR,CREDIT,2026-07-20T06:11:41Z,SETTLEMENT SET_7A657435,SET_7A657435
BNK_D83419F7,906878,INR,CREDIT,2026-07-27T06:01:55Z,SETTLEMENT SET_C13EFC24,SET_C13EFC24
BNK_5E341066,1612330,INR,CREDIT,2026-09-02T12:33:00Z,SETTLEMENT SET_754986E3,SET_754986E3
BNK_A987F275,1750393,INR,CREDIT,2026-08-31T03:52:58Z,SETTLEMENT SET_1643C83B,SET_1643C83B
BNK_4F3D6BFF,14646000,INR,CREDIT,2026-09-03T21:39:00Z,SETTLEMENT SET_ACB02FF5,SET_ACB02FF5
BNK_0AA43E6A,1254967,INR,CREDIT,2026-08-09T05:46:03Z,SETTLEMENT SET_0E66BDF2,SET_0E66BDF2
BNK_7C6D651E,1082047,INR,CREDIT,2026-07-27T04:39:32Z,SETTLEMENT SET_0DFC6813,SET_0DFC6813
BNK_E3F4798A,1624878,INR,CREDIT,2026-08-13T12:12:32Z,SETTLEMENT SET_1605E15D,SET_1605E15D
BNK_2871DA7D,41205,INR,CREDIT,2026-07-24T11:37:35Z,SETTLEMENT SET_C54BC97E,SET_C54BC97E
BNK_D59CAB14,-7219,INR,CREDIT,2026-07-24T21:00:05Z,SETTLEMENT SET_812099E5,SET_812099E5
BNK_46A9BB03,1123837,INR,CREDIT,2026-07-10T22:56:11Z,SETTLEMENT SET_2BBB8E7E,SET_2BBB8E7E
BNK_E4F3DCDA,266655,INR,CREDIT,2026-07-15T18:39:27Z,SETTLEMENT SET_43FC3965,SET_43FC3965
BNK_56C06A95,1256920,INR,CREDIT,2026-08-05T02:00:01Z,SETTLEMENT SET_A460FE7D,SET_A460FE7D
BNK_16EACA10,88755,INR,CREDIT,2026-08-20T00:00:30Z,SETTLEMENT SET_8CED2951,SET_8CED2951
BNK_8D410474,5370200,INR,CREDIT,2026-08-04T08:36:07Z,SETTLEMENT SET_A27FA9AF,SET_A27FA9AF
BNK_AD38D230,249130,INR,CREDIT,2026-07-07T18:12:43Z,SETTLEMENT SET_0F7021BC,SET_0F7021BC
BNK_0C61E7AF,290334,INR,CREDIT,2026-08-29T19:39:15Z,SETTLEMENT SET_68CFBA70,SET_68CFBA70
BNK_CFB0F9D5,1461574,INR,CREDIT,2026-08-17T20:11:02Z,SETTLEMENT SET_EDB36DEA,SET_EDB36DEA
BNK_7CC820F1,749828,INR,CREDIT,2026-07-10T17:07:04Z,SETTLEMENT SET_F15FB473,SET_F15FB473
BNK_AE5BFB7C,846832,INR,CREDIT,2026-07-15T15:46:16Z,SETTLEMENT SET_A40F3A42,SET_A40F3A42
BNK_F90AD82C,109455,INR,CREDIT,2026-08-27T23:24:36Z,SETTLEMENT SET_4A0842DA,SET_4A0842DA
BNK_B8A72C7C,339885,INR,CREDIT,2026-08-02T07:01:26Z,SETTLEMENT SET_B9456498,SET_B9456498
BNK_6FD2ED3E,672838,INR,CREDIT,2026-07-28T01:59:34Z,SETTLEMENT SET_F4A9DE0D,SET_F4A9DE0D
BNK_F72054B0,1926047,INR,CREDIT,2026-07-28T06:25:07Z,SETTLEMENT SET_BA361C59,SET_BA361C59
BNK_8ED15956,981868,INR,CREDIT,2026-07-30T01:55:33Z,SETTLEMENT SET_C46BBCA9,SET_C46BBCA9
BNK_12572C27,1033910,INR,CREDIT,2026-09-06T01:35:35Z,SETTLEMENT SET_1E60F5D3,SET_1E60F5D3
BNK_43639CE0,1343625,INR,CREDIT,2026-08-09T04:14:00Z,SETTLEMENT SET_C525213E,SET_C525213E
BNK_9AB88E08,324899,INR,CREDIT,2026-09-02T09:05:53Z,SETTLEMENT SET_7DC9D356,SET_7DC9D356
BNK_71807139,1348897,INR,CREDIT,2026-08-23T14:22:41Z,SETTLEMENT SET_309CEDFA,SET_309CEDFA
BNK_75B67BBE,29292,INR,CREDIT,2026-07-08T12:21:00Z,SETTLEMENT SET_0BFA7C05,SET_0BFA7C05
BNK_6FC2F346,1397034,INR,CREDIT,2026-08-10T09:52:19Z,SETTLEMENT SET_932D105A,SET_932D105A
BNK_0460A1AA,1397815,INR,CREDIT,2026-08-10T15:59:45Z,SETTLEMENT SET_FF44C149,SET_FF44C149
BNK_1C233DDF,552643,INR,CREDIT,2026-08-21T17:03:59Z,SETTLEMENT SET_8884FAEB,SET_8884FAEB
BNK_5E7E67CD,1556530,INR,CREDIT,2026-08-03T09:28:07Z,SETTLEMENT SET_D82AC3CD,SET_D82AC3CD
BNK_445ED4A2,1515373,INR,CREDIT,2026-08-10T16:16:09Z,SETTLEMENT SET_60C60F03,SET_60C60F03
BNK_3B5C6A6D,1524063,INR,CREDIT,2026-08-28T00:30:44Z,SETTLEMENT SET_C7B08100,SET_C7B08100
BNK_C7C21AA7,693537,INR,CREDIT,2026-08-03T18:56:04Z,SETTLEMENT SET_C36D0DAF,SET_C36D0DAF
BNK_83CFDED5,852788,INR,CREDIT,2026-08-10T19:14:36Z,SETTLEMENT SET_A16251FB,SET_A16251FB
BNK_3CA9FC32,1668180,INR,CREDIT,2026-08-15T08:53:49Z,SETTLEMENT SET_8A8813D1,SET_8A8813D1
BNK_7C288330,738745,INR,CREDIT,2026-08-22T20:49:25Z,SETTLEMENT SET_9D93E5D6,SET_9D93E5D6
BNK_80422A8E,362635,INR,CREDIT,2026-08-08T07:21:25Z,SETTLEMENT SET_8837945D,SET_8837945D
BNK_C5C7E5F8,676939,INR,CREDIT,2026-08-28T05:13:04Z,SETTLEMENT SET_175112DB,SET_175112DB
BNK_F88ED50F,1106066,INR,CREDIT,2026-07-26T23:34:50Z,SETTLEMENT SET_BDBB572F,SET_BDBB572F
BNK_9975501E,748411,INR,CREDIT,2026-08-07T17:10:13Z,SETTLEMENT SET_A58F38D0,SET_A58F38D0
BNK_ABA7976E,1862288,INR,CREDIT,2026-08-09T19:28:59Z,SETTLEMENT SET_0FC1AE8D,SET_0FC1AE8D
BNK_8CC5A28A,1676772,INR,CREDIT,2026-07-25T13:24:16Z,SETTLEMENT SET_8116FC51,SET_8116FC51
BNK_1C5C5A86,857427,INR,CREDIT,2026-08-21T16:43:24Z,SETTLEMENT SET_8CE6A02A,SET_8CE6A02A
BNK_A14A9E8D,1885722,INR,CREDIT,2026-07-27T08:49:44Z,SETTLEMENT SET_6FE92AE2,SET_6FE92AE2
BNK_BACF558F,495719,INR,CREDIT,2026-08-09T16:29:59Z,SETTLEMENT SET_F8340004,SET_F8340004
BNK_D6A4666B,1043284,INR,CREDIT,2026-08-12T04:39:41Z,SETTLEMENT SET_D3B8B3D1,SET_D3B8B3D1
BNK_982A4BEC,14646000,INR,CREDIT,2026-07-25T13:55:36Z,SETTLEMENT SET_A060CF23,SET_A060CF23
BNK_927C8D28,-11807,INR,CREDIT,2026-07-25T10:01:10Z,SETTLEMENT SET_2DE97BD7,SET_2DE97BD7
BNK_D064DF08,1029419,INR,CREDIT,2026-08-03T13:05:45Z,SETTLEMENT SET_C5FD105E,SET_C5FD105E
BNK_1C55D7B9,217933,INR,CREDIT,2026-08-05T21:59:18Z,SETTLEMENT SET_15CE6DA5,SET_15CE6DA5
BNK_3D129229,1883671,INR,CREDIT,2026-08-09T07:14:16Z,SETTLEMENT SET_7C6F9FFD,SET_7C6F9FFD
BNK_C7923405,1156056,INR,CREDIT,2026-07-11T03:03:42Z,SETTLEMENT SET_DC977E65,SET_DC977E65
BNK_DCFCD6BD,376989,INR,CREDIT,2026-07-13T05:12:08Z,SETTLEMENT SET_C4FB5A03,SET_C4FB5A03
BNK_7A5C2069,362831,INR,CREDIT,2026-09-02T14:29:13Z,SETTLEMENT SET_17F4C1E8,SET_17F4C1E8
BNK_6CB94A5C,1554820,INR,CREDIT,2026-08-21T00:48:14Z,SETTLEMENT SET_A0EEAF18,SET_A0EEAF18
BNK_5A2D683F,1826357,INR,CREDIT,2026-08-14T11:41:27Z,SETTLEMENT SET_2B8196A7,SET_2B8196A7
BNK_20728000,211684,INR,CREDIT,2026-08-26T22:51:04Z,SETTLEMENT SET_736C2E2B,SET_736C2E2B
BNK_6ED136A4,-25360,INR,CREDIT,2026-07-07T17:03:49Z,SETTLEMENT SET_ED4BFBAF,SET_ED4BFBAF
BNK_24C5ECE8,1595536,INR,CREDIT,2026-07-23T18:33:37Z,SETTLEMENT SET_7FE9AF84,SET_7FE9AF84
BNK_0AB036EA,728940,INR,CREDIT,2026-08-19T11:26:37Z,SETTLEMENT SET_BCEA7FBB,SET_BCEA7FBB
BNK_D2C4AA66,38959,INR,CREDIT,2026-07-16T12:59:46Z,SETTLEMENT SET_9806A1CB,SET_9806A1CB
BNK_D055925C,1356415,INR,CREDIT,2026-07-31T20:20:26Z,SETTLEMENT SET_482491E0,SET_482491E0
BNK_C6C27179,1051095,INR,CREDIT,2026-08-18T13:07:04Z,SETTLEMENT SET_A035EDDD,SET_A035EDDD
BNK_99AEA5A1,59366,INR,CREDIT,2026-08-17T07:19:18Z,SETTLEMENT SET_2F34A42A,SET_2F34A42A
BNK_3E49B9E2,431276,INR,CREDIT,2026-08-14T08:28:52Z,SETTLEMENT SET_69E45CBD,SET_69E45CBD
BNK_1D018549,832577,INR,CREDIT,2026-08-14T00:56:18Z,SETTLEMENT SET_498AACB7,SET_498AACB7
BNK_B68050F2,1575324,INR,CREDIT,2026-07-25T15:33:43Z,SETTLEMENT SET_8B545E28,SET_8B545E28
BNK_3D49F1AB,1186912,INR,CREDIT,2026-07-18T11:55:32Z,SETTLEMENT SET_12FD0B83,SET_12FD0B83
BNK_3E188DD6,1486179,INR,CREDIT,2026-07-07T13:19:21Z,SETTLEMENT SET_FE0D79A2,SET_FE0D79A2
BNK_6A714289,42756,INR,CREDIT,2026-07-15T19:20:38Z,SETTLEMENT SET_10156766,SET_10156766
BNK_221D806C,1109972,INR,CREDIT,2026-07-04T14:29:20Z,SETTLEMENT SET_B72C0207,SET_B72C0207
BNK_A0F359D5,174678,INR,CREDIT,2026-08-16T05:17:26Z,SETTLEMENT SET_28F4D466,SET_28F4D466
BNK_BB343969,58584000,INR,CREDIT,2026-07-04T15:36:03Z,SETTLEMENT SET_3492A42D,SET_3492A42D
BNK_C3E99144,1798845,INR,CREDIT,2026-07-05T05:21:37Z,SETTLEMENT SET_DAA77553,SET_DAA77553
BNK_E1AF0C61,1668473,INR,CREDIT,2026-08-14T09:13:27Z,SETTLEMENT SET_5787FF84,SET_5787FF84
BNK_E31B429F,663464,INR,CREDIT,2026-07-20T10:41:31Z,SETTLEMENT SET_25B35B2A,SET_25B35B2A
BNK_DF8139F2,1472169,INR,CREDIT,2026-07-24T00:57:15Z,SETTLEMENT SET_D61AFBBD,SET_D61AFBBD
BNK_368DD84F,120781,INR,CREDIT,2026-07-14T03:45:06Z,SETTLEMENT SET_3C799218,SET_3C799218
BNK_BDF4D482,527990,INR,CREDIT,2026-07-23T20:45:43Z,SETTLEMENT SET_4833E157,SET_4833E157
BNK_C8B3334B,1536464,INR,CREDIT,2026-08-31T06:47:56Z,SETTLEMENT SET_1E991C3E,SET_1E991C3E
BNK_779BD160,123125,INR,CREDIT,2026-08-23T20:10:11Z,SETTLEMENT SET_CE2D5963,SET_CE2D5963
BNK_A2976481,161497,INR,CREDIT,2026-08-16T01:52:37Z,SETTLEMENT SET_4ADDA22F,SET_4ADDA22F
BNK_11174493,459983,INR,CREDIT,2026-07-19T17:56:30Z,SETTLEMENT SET_6A5ADFC7,SET_6A5ADFC7
BNK_72389944,1259654,INR,CREDIT,2026-08-21T00:42:39Z,SETTLEMENT SET_C6DDD6C8,SET_C6DDD6C8
BNK_FEE2E3A5,1241005,INR,CREDIT,2026-08-18T14:55:54Z,SETTLEMENT SET_7FB698B1,SET_7FB698B1
BNK_9F1102E1,-21945,INR,CREDIT,2026-07-09T18:20:57Z,SETTLEMENT SET_801D00EB,SET_801D00EB
BNK_D0DD05FB,40326,INR,CREDIT,2026-07-21T13:59:27Z,SETTLEMENT SET_7BCF44D4,SET_7BCF44D4
BNK_0F4C1E76,1460647,INR,CREDIT,2026-07-10T15:03:36Z,SETTLEMENT SET_468003BC,SET_468003BC
BNK_0E9866A5,1153617,INR,CREDIT,2026-08-10T02:43:51Z,SETTLEMENT SET_9DDFCABE,SET_9DDFCABE
BNK_A31725F6,1133991,INR,CREDIT,2026-08-08T00:38:23Z,SETTLEMENT SET_45A2FA39,SET_45A2FA39
BNK_7FF729D2,1921751,INR,CREDIT,2026-07-18T23:52:47Z,SETTLEMENT SET_396C4DAB,SET_396C4DAB
BNK_3AB76194,789127,INR,CREDIT,2026-08-02T20:53:57Z,SETTLEMENT SET_7E1BC64E,SET_7E1BC64E
BNK_3407B21B,861185,INR,CREDIT,2026-08-28T01:14:13Z,SETTLEMENT SET_F65F71BF,SET_F65F71BF
BNK_FF049DCA,879932,INR,CREDIT,2026-07-12T10:32:52Z,SETTLEMENT SET_9F66E5C0,SET_9F66E5C0
BNK_A2A5D724,1667203,INR,CREDIT,2026-07-18T11:02:45Z,SETTLEMENT SET_061AF71B,SET_061AF71B
BNK_1822EF79,1310817,INR,CREDIT,2026-08-10T19:22:43Z,SETTLEMENT SET_8632990B,SET_8632990B
BNK_5B3D7AE8,956775,INR,CREDIT,2026-07-23T06:54:29Z,SETTLEMENT SET_910D38A4,SET_910D38A4
BNK_A60906A9,657996,INR,CREDIT,2026-07-30T17:12:29Z,SETTLEMENT SET_B59E06E1,SET_B59E06E1
BNK_F80380CE,1091030,INR,CREDIT,2026-07-08T18:54:13Z,SETTLEMENT SET_764E6DCF,SET_764E6DCF
BNK_AD50727A,795571,INR,CREDIT,2026-08-01T16:19:56Z,SETTLEMENT SET_38C207D1,SET_38C207D1
BNK_D061E4C1,1200680,INR,CREDIT,2026-08-14T02:18:25Z,SETTLEMENT SET_FC4462A5,SET_FC4462A5
BNK_D2CBC569,250545,INR,CREDIT,2026-07-08T07:28:25Z,SETTLEMENT SET_8A88D2B1,SET_8A88D2B1
BNK_370BAAD5,61709,INR,CREDIT,2026-07-25T17:31:46Z,SETTLEMENT SET_C570CCFC,SET_C570CCFC
BNK_FAFDF6E1,1367253,INR,CREDIT,2026-07-04T10:21:24Z,SETTLEMENT SET_66959448,SET_66959448
BNK_996E5153,1777537,INR,CREDIT,2026-08-27T15:26:54Z,SETTLEMENT SET_1CE9E582,SET_1CE9E582
BNK_15FC9876,102175,INR,CREDIT,2026-07-06T05:37:01Z,SETTLEMENT SET_80B0C41A,SET_80B0C41A
BNK_05531CE3,533601,INR,CREDIT,2026-08-17T19:38:18Z,SETTLEMENT SET_BB237FCF,SET_BB237FCF
BNK_E43474E0,-5071,INR,CREDIT,2026-08-14T21:50:53Z,SETTLEMENT SET_785212DD,SET_785212DD
BNK_B6E40242,1917552,INR,CREDIT,2026-08-05T16:21:57Z,SETTLEMENT SET_E557E9EB,SET_E557E9EB
BNK_C681ACCC,1236318,INR,CREDIT,2026-08-30T10:07:49Z,SETTLEMENT SET_83EDA178,SET_83EDA178
BNK_DD89439C,838045,INR,CREDIT,2026-08-21T14:07:53Z,SETTLEMENT SET_DFB2E829,SET_DFB2E829
BNK_86312AEA,1633713,INR,CREDIT,2026-08-13T21:04:08Z,SETTLEMENT SET_CDB819D7,SET_CDB819D7
BNK_B94952F7,1898513,INR,CREDIT,2026-07-15T05:30:22Z,SETTLEMENT SET_4D3D0057,SET_4D3D0057
BNK_9DE28895,1624535,INR,CREDIT,2026-07-24T14:03:18Z,SETTLEMENT SET_DB21F9FD,SET_DB21F9FD
BNK_F2502383,4491,INR,CREDIT,2026-08-19T05:51:45Z,SETTLEMENT SET_677AEC84,SET_677AEC84
BNK_990BF070,87731,INR,CREDIT,2026-08-05T05:32:10Z,SETTLEMENT SET_CFCD1802,SET_CFCD1802
BNK_E1A20FAD,1841686,INR,CREDIT,2026-07-23T15:35:49Z,SETTLEMENT SET_A1C9C849,SET_A1C9C849
BNK_4BA71B53,5370200,INR,CREDIT,2026-07-16T21:50:45Z,SETTLEMENT SET_ECBE2D72,SET_ECBE2D72
BNK_DE46363A,1488718,INR,CREDIT,2026-07-13T18:46:31Z,SETTLEMENT SET_E0B27EFF,SET_E0B27EFF
BNK_853D54EF,294092,INR,CREDIT,2026-07-27T07:33:49Z,SETTLEMENT SET_CAC0999F,SET_CAC0999F
BNK_FAFB42A0,1306424,INR,CREDIT,2026-07-20T08:38:01Z,SETTLEMENT SET_3466FAEB,SET_3466FAEB
BNK_6F45B158,1239150,INR,CREDIT,2026-08-29T06:41:35Z,SETTLEMENT SET_94E95AF8,SET_94E95AF8
BNK_D72B706C,1217278,INR,CREDIT,2026-08-24T10:55:48Z,SETTLEMENT SET_DAED2888,SET_DAED2888
BNK_E9305C4E,1617602,INR,CREDIT,2026-09-02T17:08:02Z,SETTLEMENT SET_2E7F9DF4,SET_2E7F9DF4
BNK_BAB462CA,669009,INR,CREDIT,2026-08-22T06:14:52Z,SETTLEMENT SET_672E18A3,SET_672E18A3
BNK_5C86AA7E,1341574,INR,CREDIT,2026-09-02T01:14:22Z,SETTLEMENT SET_7B44AF99,SET_7B44AF99
BNK_C3621FCE,649892,INR,CREDIT,2026-07-27T23:13:30Z,SETTLEMENT SET_20AAF511,SET_20AAF511
BNK_56E18DC0,514659,INR,CREDIT,2026-07-05T04:24:50Z,SETTLEMENT SET_81C38E72,SET_81C38E72
BNK_0D5B3420,642179,INR,CREDIT,2026-07-11T08:17:38Z,SETTLEMENT SET_2E779787,SET_2E779787
BNK_BA8D9AE6,1904762,INR,CREDIT,2026-08-08T05:17:49Z,SETTLEMENT SET_F5430A1C,SET_F5430A1C
BNK_67742828,715897,INR,CREDIT,2026-07-03T18:15:48Z,SETTLEMENT SET_00CA0AAF,SET_00CA0AAF
BNK_F1CB6435,1719148,INR,CREDIT,2026-08-01T16:48:03Z,SETTLEMENT SET_6BE29C29,SET_6BE29C29
BNK_036B06EF,405597,INR,CREDIT,2026-07-17T07:41:28Z,SETTLEMENT SET_7A2B2870,SET_7A2B2870
BNK_68A7BD5C,1373502,INR,CREDIT,2026-08-24T18:38:23Z,SETTLEMENT SET_6433EDEB,SET_6433EDEB
BNK_4D42755F,919357,INR,CREDIT,2026-08-03T19:53:11Z,SETTLEMENT SET_77FFC96A,SET_77FFC96A
BNK_667D94B4,1656268,INR,CREDIT,2026-07-05T12:48:10Z,SETTLEMENT SET_8B5CF908,SET_8B5CF908
BNK_60CCB920,66689,INR,CREDIT,2026-09-02T14:50:33Z,SETTLEMENT SET_E575CF76,SET_E575CF76
BNK_2150D05A,947890,INR,CREDIT,2026-07-10T08:38:36Z,SETTLEMENT SET_86B450AF,SET_86B450AF
BNK_1B3C4808,724780,INR,CREDIT,2026-07-23T18:38:21Z,SETTLEMENT SET_361F885B,SET_361F885B
BNK_72C72765,315854,INR,CREDIT,2026-08-01T22:07:38Z,SETTLEMENT SET_FE6AC9BD,SET_FE6AC9BD
BNK_41456166,931584,INR,CREDIT,2026-08-28T05:18:47Z,SETTLEMENT SET_8B7630E8,SET_8B7630E8
BNK_9BED4A12,531139,INR,CREDIT,2026-08-07T02:36:54Z,SETTLEMENT SET_4C1ADEBC,SET_4C1ADEBC
BNK_B04F5416,62783,INR,CREDIT,2026-08-12T14:07:56Z,SETTLEMENT SET_D0702E3A,SET_D0702E3A
BNK_5B8628B1,-6006,INR,CREDIT,2026-08-23T07:25:48Z,SETTLEMENT SET_F52D7041,SET_F52D7041
BNK_1EFAD21B,254548,INR,CREDIT,2026-08-23T18:50:18Z,SETTLEMENT SET_64D500B9,SET_64D500B9
BNK_3E0141D2,1622094,INR,CREDIT,2026-09-06T11:48:35Z,SETTLEMENT SET_9E8EEFB4,SET_9E8EEFB4
BNK_E829D21B,191961,INR,CREDIT,2026-07-17T09:05:06Z,SETTLEMENT SET_3DF5C370,SET_3DF5C370
BNK_E5BD5A8C,1207221,INR,CREDIT,2026-07-05T07:44:05Z,SETTLEMENT SET_C43F2D3D,SET_C43F2D3D
BNK_9C94E774,164622,INR,CREDIT,2026-08-18T00:43:24Z,SETTLEMENT SET_9E02D196,SET_9E02D196
BNK_B92F6755,1855160,INR,CREDIT,2026-08-14T00:08:49Z,SETTLEMENT SET_2F955F4F,SET_2F955F4F
BNK_A157351E,1613404,INR,CREDIT,2026-07-11T00:11:09Z,SETTLEMENT SET_81F593BD,SET_81F593BD
BNK_B803D665,1800189,INR,CREDIT,2026-07-05T00:53:25Z,SETTLEMENT SET_47E97778,SET_47E97778
BNK_AB4D4169,377268,INR,CREDIT,2026-07-08T18:48:42Z,SETTLEMENT SET_1F641A26,SET_1F641A26
BNK_9766BDA7,1164260,INR,CREDIT,2026-07-14T17:15:19Z,SETTLEMENT SET_D4D5FE1D,SET_D4D5FE1D
BNK_A7F7F6A8,382945,INR,CREDIT,2026-07-30T19:37:36Z,SETTLEMENT SET_076430B0,SET_076430B0
BNK_33966CB9,1910034,INR,CREDIT,2026-07-13T03:03:26Z,SETTLEMENT SET_18590A78,SET_18590A78
BNK_2576927A,-618,INR,CREDIT,2026-08-19T21:11:10Z,SETTLEMENT SET_5963CD20,SET_5963CD20
BNK_BB3DC0D9,1758985,INR,CREDIT,2026-08-30T09:11:17Z,SETTLEMENT SET_A4BAC401,SET_A4BAC401
BNK_4971203D,1882402,INR,CREDIT,2026-08-31T14:36:19Z,SETTLEMENT SET_434FD307,SET_434FD307
BNK_1B982E79,729893,INR,CREDIT,2026-07-28T06:28:12Z,SETTLEMENT SET_C9C673A2,SET_C9C673A2
BNK_12B7D26B,752219,INR,CREDIT,2026-07-17T13:59:09Z,SETTLEMENT SET_9A9042B4,SET_9A9042B4
BNK_F91BA368,701251,INR,CREDIT,2026-08-07T22:41:46Z,SETTLEMENT SET_73E515E9,SET_73E515E9
BNK_50B0AA48,198893,INR,CREDIT,2026-07-19T08:57:34Z,SETTLEMENT SET_6E33AE26,SET_6E33AE26
BNK_D1164CE0,958044,INR,CREDIT,2026-07-18T01:39:35Z,SETTLEMENT SET_51BA8A17,SET_51BA8A17
BNK_9F9CF3FC,265581,INR,CREDIT,2026-07-07T08:26:29Z,SETTLEMENT SET_6A6CDD51,SET_6A6CDD51
BNK_E9492945,815099,INR,CREDIT,2026-07-04T19:19:03Z,SETTLEMENT SET_A1DA0B8B,SET_A1DA0B8B
BNK_7F4A2974,357363,INR,CREDIT,2026-08-21T10:18:44Z,SETTLEMENT SET_23EFBB04,SET_23EFBB04
BNK_AE55BE3B,1807707,INR,CREDIT,2026-08-09T08:41:55Z,SETTLEMENT SET_8ED7639B,SET_8ED7639B
BNK_BF2BF7F7,14646000,INR,CREDIT,2026-08-06T20:32:32Z,SETTLEMENT SET_79FD41BD,SET_79FD41BD
BNK_81D415C0,804064,INR,CREDIT,2026-08-12T07:58:30Z,SETTLEMENT SET_720164AD,SET_720164AD
BNK_BF2E0A23,548275,INR,CREDIT,2026-07-11T21:26:41Z,SETTLEMENT SET_5FD6511B,SET_5FD6511B
BNK_326F2A6D,1857601,INR,CREDIT,2026-07-16T17:32:39Z,SETTLEMENT SET_8D453AE5,SET_8D453AE5
BNK_4373F7FE,1178611,INR,CREDIT,2026-07-17T19:18:10Z,SETTLEMENT SET_79108EA1,SET_79108EA1
BNK_9CF1A9BE,1635568,INR,CREDIT,2026-07-10T01:53:17Z,SETTLEMENT SET_D06713E4,SET_D06713E4
BNK_83091DE7,506752,INR,CREDIT,2026-08-17T19:28:31Z,SETTLEMENT SET_7DAE3709,SET_7DAE3709
BNK_1D5BF55D,1822256,INR,CREDIT,2026-07-12T20:37:24Z,SETTLEMENT SET_04F0D999,SET_04F0D999
BNK_A8D5C79D,753586,INR,CREDIT,2026-08-30T18:48:11Z,SETTLEMENT SET_AE55A26D,SET_AE55A26D
BNK_D32917D7,713847,INR,CREDIT,2026-07-11T23:36:22Z,SETTLEMENT SET_8B9CD134,SET_8B9CD134
BNK_C95AACBB,58584000,INR,CREDIT,2026-08-08T06:21:31Z,SETTLEMENT SET_5E74772B,SET_5E74772B
BNK_B41F6CBC,1282795,INR,CREDIT,2026-08-31T16:02:55Z,SETTLEMENT SET_9C8640C7,SET_9C8640C7
BNK_4B00E9D7,58584000,INR,CREDIT,2026-08-21T10:14:56Z,SETTLEMENT SET_864125C9,SET_864125C9
BNK_A3AA503B,46477,INR,CREDIT,2026-07-10T16:29:53Z,SETTLEMENT SET_EBBDF11C,SET_EBBDF11C
BNK_EEF67DC8,344181,INR,CREDIT,2026-08-15T05:00:51Z,SETTLEMENT SET_FB700C4F,SET_FB700C4F
BNK_9466FBA3,1651483,INR,CREDIT,2026-08-22T13:29:21Z,SETTLEMENT SET_465E8173,SET_465E8173
BNK_228ADAB4,466329,INR,CREDIT,2026-09-03T05:32:01Z,SETTLEMENT SET_18B25B14,SET_18B25B14
BNK_DB094ED3,1762207,INR,CREDIT,2026-08-16T02:21:35Z,SETTLEMENT SET_4843D6A8,SET_4843D6A8
BNK_77E6B5B8,1228898,INR,CREDIT,2026-08-07T06:03:39Z,SETTLEMENT SET_26A8855D,SET_26A8855D
BNK_A666FC10,913423,INR,CREDIT,2026-07-16T02:18:13Z,SETTLEMENT SET_4B8D2436,SET_4B8D2436
BNK_2721B3EE,126771,INR,CREDIT,2026-07-09T21:30:41Z,SETTLEMENT SET_DB822020,SET_DB822020
BNK_CCEAE7B3,1830360,INR,CREDIT,2026-07-15T23:54:38Z,SETTLEMENT SET_777F622A,SET_777F622A
BNK_E1610947,1692297,INR,CREDIT,2026-08-17T18:19:44Z,SETTLEMENT SET_5209B9FE,SET_5209B9FE
BNK_1A317B7F,251228,INR,CREDIT,2026-08-22T02:29:09Z,SETTLEMENT SET_BBEDDB01,SET_BBEDDB01
BNK_309A8528,1411437,INR,CREDIT,2026-07-10T00:28:18Z,SETTLEMENT SET_B91CEDB3,SET_B91CEDB3
BNK_8CCC100E,176436,INR,CREDIT,2026-07-26T12:27:54Z,SETTLEMENT SET_FE4D2BBE,SET_FE4D2BBE
BNK_5B9873DB,683285,INR,CREDIT,2026-08-30T17:08:27Z,SETTLEMENT SET_525A49C1,SET_525A49C1
BNK_68B7C379,393783,INR,CREDIT,2026-08-20T22:29:11Z,SETTLEMENT SET_EBE049C4,SET_EBE049C4
BNK_0F6A8471,1663786,INR,CREDIT,2026-08-06T02:43:45Z,SETTLEMENT SET_AC7B43F5,SET_AC7B43F5
BNK_99F491D1,42767,INR,CREDIT,2026-07-08T09:15:59Z,SETTLEMENT SET_1D62CD25,SET_1D62CD25
BNK_B8A3F92B,303854,INR,CREDIT,2026-07-24T09:43:04Z,SETTLEMENT SET_5DF3A607,SET_5DF3A607
BNK_FE8EB6B1,1246375,INR,CREDIT,2026-08-03T14:18:47Z,SETTLEMENT SET_F5C703E3,SET_F5C703E3
BNK_87F5C8DB,1185781,INR,CREDIT,2026-09-02T06:13:49Z,SETTLEMENT SET_96D6B0D5,SET_96D6B0D5
BNK_006F0627,1592509,INR,CREDIT,2026-08-08T22:24:32Z,SETTLEMENT SET_9777800B,SET_9777800B
BNK_AC1AB55C,1348032,INR,CREDIT,2026-07-30T12:47:20Z,SETTLEMENT SET_5D923C2D,SET_5D923C2D
BNK_A8BE4F8E,764527,INR,CREDIT,2026-08-05T00:17:34Z,SETTLEMENT SET_43438D0A,SET_43438D0A
BNK_31637320,1861309,INR,CREDIT,2026-07-31T23:01:25Z,SETTLEMENT SET_F2B77442,SET_F2B77442
BNK_F93B34EB,684312,INR,CREDIT,2026-07-27T23:45:17Z,SETTLEMENT SET_D6CF1380,SET_D6CF1380
BNK_DA26AB14,324361,INR,CREDIT,2026-07-21T16:29:40Z,SETTLEMENT SET_2AAA6760,SET_2AAA6760
BNK_216781E1,794009,INR,CREDIT,2026-08-24T20:33:51Z,SETTLEMENT SET_3D17BB15,SET_3D17BB15
BNK_7F38E107,712968,INR,CREDIT,2026-08-02T13:39:01Z,SETTLEMENT SET_A1A7F64A,SET_A1A7F64A
BNK_94409961,1077263,INR,CREDIT,2026-09-08T12:19:14Z,SETTLEMENT SET_6B53EB66,SET_6B53EB66
BNK_324A825A,389877,INR,CREDIT,2026-08-01T05:33:17Z,SETTLEMENT SET_5AA2965E,SET_5AA2965E
BNK_D4EE32B1,195671,INR,CREDIT,2026-07-17T08:21:04Z,SETTLEMENT SET_201DFA50,SET_201DFA50
BNK_59BDB436,1644063,INR,CREDIT,2026-07-12T01:16:59Z,SETTLEMENT SET_F459940F,SET_F459940F
BNK_15AEB643,363922,INR,CREDIT,2026-08-22T14:15:18Z,SETTLEMENT SET_8D3CB819,SET_8D3CB819
BNK_5401DF4D,1910034,INR,CREDIT,2026-08-20T09:14:36Z,SETTLEMENT SET_8B6B90A9,SET_8B6B90A9
BNK_847D1C2C,1236817,INR,CREDIT,2026-07-11T17:20:27Z,SETTLEMENT SET_85D46567,SET_85D46567
BNK_B086E4FF,1701866,INR,CREDIT,2026-08-31T03:33:06Z,SETTLEMENT SET_F343CB6B,SET_F343CB6B
BNK_FC24CC4B,214906,INR,CREDIT,2026-08-05T02:32:20Z,SETTLEMENT SET_672EFC80,SET_672EFC80
BNK_BB5922B1,811738,INR,CREDIT,2026-07-11T03:17:27Z,SETTLEMENT SET_B75CA884,SET_B75CA884
BNK_DECD6F15,472188,INR,CREDIT,2026-07-29T16:32:52Z,SETTLEMENT SET_F4544A35,SET_F4544A35
BNK_00736998,1053537,INR,CREDIT,2026-08-04T03:25:56Z,SETTLEMENT SET_2F3B65EF,SET_2F3B65EF
BNK_00EF4E13,1529629,INR,CREDIT,2026-07-31T08:55:53Z,SETTLEMENT SET_BCBAF188,SET_BCBAF188
BNK_CE2040AE,1143658,INR,CREDIT,2026-07-27T21:18:18Z,SETTLEMENT SET_01779E75,SET_01779E75
BNK_D556F4B2,602342,INR,CREDIT,2026-07-20T06:00:44Z,SETTLEMENT SET_04163CF0,SET_04163CF0
BNK_5645ED26,5370200,INR,CREDIT,2026-07-05T07:56:07Z,SETTLEMENT SET_7AF959DA,SET_7AF959DA
BNK_2EB701F8,1163869,INR,CREDIT,2026-07-09T20:51:51Z,SETTLEMENT SET_06F7A6C0,SET_06F7A6C0
BNK_DDC34419,747254,INR,CREDIT,2026-08-03T08:24:12Z,SETTLEMENT SET_B1C42F75,SET_B1C42F75
BNK_BECACECC,1815421,INR,CREDIT,2026-07-10T08:52:44Z,SETTLEMENT SET_2E0FBC91,SET_2E0FBC91
BNK_64CA4311,349063,INR,CREDIT,2026-07-20T14:54:42Z,SETTLEMENT SET_5D1182A8,SET_5D1182A8
BNK_F36B81DA,904635,INR,CREDIT,2026-07-09T22:49:53Z,SETTLEMENT SET_228E93CD,SET_228E93CD
BNK_6F791331,1721784,INR,CREDIT,2026-07-23T19:37:03Z,SETTLEMENT SET_217A6D56,SET_217A6D56
BNK_FC772685,653017,INR,CREDIT,2026-07-04T16:05:09Z,SETTLEMENT SET_A22E17A6,SET_A22E17A6
BNK_158E17DA,930021,INR,CREDIT,2026-07-10T23:13:57Z,SETTLEMENT SET_240DDC98,SET_240DDC98
BNK_7CDA792D,801731,INR,CREDIT,2026-08-19T07:07:49Z,SETTLEMENT SET_7AF47236,SET_7AF47236
BNK_3C4EB04D,748802,INR,CREDIT,2026-07-11T01:01:56Z,SETTLEMENT SET_368D0B7C,SET_368D0B7C
BNK_31959D5B,177605,INR,CREDIT,2026-08-28T23:48:51Z,SETTLEMENT SET_188DF5AA,SET_188DF5AA
BNK_7BA82C01,1635080,INR,CREDIT,2026-08-07T05:37:45Z,SETTLEMENT SET_142D868C,SET_142D868C
BNK_94B400D2,-28124,INR,CREDIT,2026-07-15T22:21:27Z,SETTLEMENT SET_3819126C,SET_3819126C
BNK_8BD798C4,1804974,INR,CREDIT,2026-07-08T06:19:12Z,SETTLEMENT SET_A1E19210,SET_A1E19210
BNK_036C70A6,1722370,INR,CREDIT,2026-07-22T15:18:00Z,SETTLEMENT SET_D402DE12,SET_D402DE12
BNK_8309742D,252400,INR,CREDIT,2026-08-29T08:36:20Z,SETTLEMENT SET_961FEC80,SET_961FEC80
BNK_513FEE0E,-21468,INR,CREDIT,2026-08-03T18:33:04Z,SETTLEMENT SET_132CEC14,SET_132CEC14
BNK_192C5340,1122763,INR,CREDIT,2026-08-07T15:49:16Z,SETTLEMENT SET_9C43311D,SET_9C43311D
BNK_FA1704E3,331781,INR,CREDIT,2026-07-16T05:15:14Z,SETTLEMENT SET_5CF290CE,SET_5CF290CE
BNK_939AF7C6,556353,INR,CREDIT,2026-09-01T05:10:00Z,SETTLEMENT SET_BA02D32D,SET_BA02D32D
BNK_33C703B9,1749807,INR,CREDIT,2026-07-26T19:38:03Z,SETTLEMENT SET_5C153322,SET_5C153322
BNK_A2AC92C7,435182,INR,CREDIT,2026-07-03T10:19:26Z,SETTLEMENT SET_0E9411C3,SET_0E9411C3
BNK_947F8706,1037866,INR,CREDIT,2026-08-30T21:37:23Z,SETTLEMENT SET_8BDD2F46,SET_8BDD2F46
BNK_C88378C4,-28560,INR,CREDIT,2026-07-18T13:45:03Z,SETTLEMENT SET_48A4373F,SET_48A4373F
BNK_79CB3EF3,1282404,INR,CREDIT,2026-07-25T10:55:34Z,SETTLEMENT SET_2B39F9BC,SET_2B39F9BC
BNK_634A689E,17380,INR,CREDIT,2026-08-10T09:30:18Z,SETTLEMENT SET_F0BB6606,SET_F0BB6606
BNK_F5DCF1C6,1570587,INR,CREDIT,2026-07-17T14:01:17Z,SETTLEMENT SET_1577D848,SET_1577D848
BNK_CEEDBCC1,293995,INR,CREDIT,2026-08-24T22:33:52Z,SETTLEMENT SET_258F6A3B,SET_258F6A3B
BNK_A28D01B5,1896853,INR,CREDIT,2026-07-24T11:15:01Z,SETTLEMENT SET_C9945714,SET_C9945714
BNK_8588B3F0,44524,INR,CREDIT,2026-09-02T20:51:58Z,SETTLEMENT SET_0D784F8B,SET_0D784F8B
BNK_ADB2C451,779153,INR,CREDIT,2026-09-01T05:45:35Z,SETTLEMENT SET_47154FF6,SET_47154FF6
BNK_C606404D,855913,INR,CREDIT,2026-08-14T09:04:05Z,SETTLEMENT SET_9A451743,SET_9A451743
BNK_304B94C2,784733,INR,CREDIT,2026-09-03T13:05:28Z,SETTLEMENT SET_798FD5D5,SET_798FD5D5
BNK_36DF5B22,1936397,INR,CREDIT,2026-07-09T15:35:17Z,SETTLEMENT SET_4D7B506C,SET_4D7B506C
BNK_555F4A3D,-12828,INR,CREDIT,2026-07-06T23:21:01Z,SETTLEMENT SET_33F62F34,SET_33F62F34
BNK_1DDB904E,930457,INR,CREDIT,2026-08-02T14:26:41Z,SETTLEMENT SET_81E8E786,SET_81E8E786
BNK_F971707F,1482076,INR,CREDIT,2026-07-28T19:24:13Z,SETTLEMENT SET_32F49F42,SET_32F49F42
BNK_ABAEA179,686410,INR,CREDIT,2026-09-03T21:40:54Z,SETTLEMENT SET_84F4A368,SET_84F4A368
BNK_FA5C2EB7,939785,INR,CREDIT,2026-08-02T22:32:17Z,SETTLEMENT SET_8CF223A4,SET_8CF223A4
BNK_47828E32,1220598,INR,CREDIT,2026-08-13T06:45:18Z,SETTLEMENT SET_065ABB60,SET_065ABB60
BNK_87F996D4,1870099,INR,CREDIT,2026-08-20T11:14:48Z,SETTLEMENT SET_DC3D08D7,SET_DC3D08D7
BNK_8BB09ACE,84276,INR,CREDIT,2026-07-05T04:34:02Z,SETTLEMENT SET_E703F778,SET_E703F778
BNK_C18E873C,432936,INR,CREDIT,2026-08-19T12:25:40Z,SETTLEMENT SET_4F4F34AA,SET_4F4F34AA
BNK_840B8A8A,1149321,INR,CREDIT,2026-07-25T20:14:18Z,SETTLEMENT SET_15E15B00,SET_15E15B00
BNK_DFE46F24,1952215,INR,CREDIT,2026-08-23T03:20:53Z,SETTLEMENT SET_2B075C2F,SET_2B075C2F
BNK_52E7E6E7,1238564,INR,CREDIT,2026-07-04T02:12:50Z,SETTLEMENT SET_0C472FB7,SET_0C472FB7
BNK_B9916C48,1552574,INR,CREDIT,2026-07-06T20:32:15Z,SETTLEMENT SET_8F94A680,SET_8F94A680
BNK_D920ADA6,1392249,INR,CREDIT,2026-07-29T11:25:34Z,SETTLEMENT SET_DCFC0830,SET_DCFC0830
BNK_E77C2B28,1855746,INR,CREDIT,2026-07-07T13:48:04Z,SETTLEMENT SET_D255DCBC,SET_D255DCBC
BNK_D80751C6,926604,INR,CREDIT,2026-07-15T09:40:54Z,SETTLEMENT SET_A3190DF4,SET_A3190DF4
BNK_52E293E1,1326635,INR,CREDIT,2026-08-16T10:41:33Z,SETTLEMENT SET_55C61C89,SET_55C61C89
BNK_B6627E36,786295,INR,CREDIT,2026-08-05T03:15:55Z,SETTLEMENT SET_A173FC3B,SET_A173FC3B
BNK_91B15D68,1528945,INR,CREDIT,2026-08-10T08:15:54Z,SETTLEMENT SET_5CFB3BBC,SET_5CFB3BBC
BNK_FEA00BAE,1382290,INR,CREDIT,2026-09-03T01:32:11Z,SETTLEMENT SET_BDA980CF,SET_BDA980CF
BNK_BC5602F7,596386,INR,CREDIT,2026-07-09T06:45:42Z,SETTLEMENT SET_C668B8BF,SET_C668B8BF
BNK_0E099C84,1522892,INR,CREDIT,2026-08-24T01:43:56Z,SETTLEMENT SET_75EBBDA6,SET_75EBBDA6
BNK_5FF3291F,716385,INR,CREDIT,2026-07-28T08:38:17Z,SETTLEMENT SET_ECEF8C01,SET_ECEF8C01
BNK_7E65F83E,1638986,INR,CREDIT,2026-08-19T19:23:22Z,SETTLEMENT SET_6F21E4C1,SET_6F21E4C1
BNK_3FA4ED6B,1601392,INR,CREDIT,2026-07-29T19:22:44Z,SETTLEMENT SET_C5995B26,SET_C5995B26
BNK_7E518599,370740,INR,CREDIT,2026-08-14T21:00:16Z,SETTLEMENT SET_4C7947E3,SET_4C7947E3
BNK_D529A40E,1456253,INR,CREDIT,2026-08-22T01:25:26Z,SETTLEMENT SET_9A0E815B,SET_9A0E815B
BNK_4F1401AC,583692,INR,CREDIT,2026-07-22T02:30:47Z,SETTLEMENT SET_66D049BF,SET_66D049BF
BNK_D9EE0C0D,1265610,INR,CREDIT,2026-08-25T18:57:57Z,SETTLEMENT SET_11BF5E79,SET_11BF5E79
BNK_1AA3BB79,106719,INR,CREDIT,2026-08-04T16:21:27Z,SETTLEMENT SET_C131FAE3,SET_C131FAE3
BNK_68B479E5,1034887,INR,CREDIT,2026-08-12T17:31:06Z,SETTLEMENT SET_4C607205,SET_4C607205
BNK_93A4C869,1069842,INR,CREDIT,2026-07-29T11:31:01Z,SETTLEMENT SET_8D96CDB9,SET_8D96CDB9
BNK_649189FB,-1444,INR,CREDIT,2026-09-01T13:08:23Z,SETTLEMENT SET_BA671F98,SET_BA671F98
BNK_5129EE5C,1378677,INR,CREDIT,2026-08-19T13:44:49Z,SETTLEMENT SET_33A1AD6F,SET_33A1AD6F
BNK_9321A08F,204654,INR,CREDIT,2026-07-22T15:39:22Z,SETTLEMENT SET_F111730D,SET_F111730D
BNK_BA8A877A,81042,INR,CREDIT,2026-08-26T20:20:27Z,SETTLEMENT SET_92219F53,SET_92219F53
BNK_08F0849A,289894,INR,CREDIT,2026-08-13T19:16:21Z,SETTLEMENT SET_D601AF26,SET_D601AF26
BNK_6E627D62,-46461,INR,CREDIT,2026-08-26T07:08:45Z,SETTLEMENT SET_76BCED72,SET_76BCED72
BNK_EEF97C71,1795,INR,CREDIT,2026-07-16T23:28:11Z,SETTLEMENT SET_2C774452,SET_2C774452
BNK_088A30BD,900339,INR,CREDIT,2026-08-27T03:42:18Z,SETTLEMENT SET_A12F7A8A,SET_A12F7A8A
BNK_7F5EFB20,1127157,INR,CREDIT,2026-07-17T17:20:27Z,SETTLEMENT SET_1F103625,SET_1F103625
BNK_268D330F,667858,INR,CREDIT,2026-08-05T03:35:53Z,SETTLEMENT SET_E0BF1129,SET_E0BF1129
BNK_8D266D3A,999834,INR,CREDIT,2026-07-06T15:42:25Z,SETTLEMENT SET_BF9E7FC3,SET_BF9E7FC3
BNK_B2970EEA,5370200,INR,CREDIT,2026-08-29T18:43:16Z,SETTLEMENT SET_2AC161B3,SET_2AC161B3
BNK_C1711676,700958,INR,CREDIT,2026-08-02T13:54:46Z,SETTLEMENT SET_6F6463D5,SET_6F6463D5
BNK_6F724097,1370573,INR,CREDIT,2026-08-01T16:04:54Z,SETTLEMENT SET_58AB1C52,SET_58AB1C52
BNK_FF1FFDEC,29292000,INR,CREDIT,2026-08-28T18:28:43Z,SETTLEMENT SET_47ECFE8C,SET_47ECFE8C
BNK_3A66A0B7,389682,INR,CREDIT,2026-07-13T22:08:22Z,SETTLEMENT SET_AD4624F1,SET_AD4624F1
BNK_BE1E2E16,1262583,INR,CREDIT,2026-07-08T15:56:52Z,SETTLEMENT SET_29C40779,SET_29C40779
BNK_3F55239B,1672476,INR,CREDIT,2026-07-26T21:02:22Z,SETTLEMENT SET_3DFD5C32,SET_3DFD5C32
BNK_4421B2E5,582618,INR,CREDIT,2026-07-27T00:46:02Z,SETTLEMENT SET_57C0CAD2,SET_57C0CAD2
BNK_62E2889B,386900,INR,CREDIT,2026-08-12T14:18:40Z,SETTLEMENT SET_2A34CDED,SET_2A34CDED
BNK_A387E06D,1038647,INR,CREDIT,2026-08-17T00:16:42Z,SETTLEMENT SET_E043EE9A,SET_E043EE9A
BNK_B8486F00,-29424,INR,CREDIT,2026-07-13T04:06:07Z,SETTLEMENT SET_EC69F14F,SET_EC69F14F
BNK_01ED58E1,721853,INR,CREDIT,2026-07-19T06:34:49Z,SETTLEMENT SET_10403395,SET_10403395
BNK_62A5624F,511634,INR,CREDIT,2026-07-18T00:26:08Z,SETTLEMENT SET_2A7C8A24,SET_2A7C8A24
BNK_73BBB5BB,1189549,INR,CREDIT,2026-08-02T09:28:45Z,SETTLEMENT SET_26FFF18C,SET_26FFF18C
BNK_555DF221,1655582,INR,CREDIT,2026-07-29T01:52:00Z,SETTLEMENT SET_8F14039C,SET_8F14039C
BNK_0476C2F0,1710458,INR,CREDIT,2026-08-21T23:42:43Z,SETTLEMENT SET_C4A129AD,SET_C4A129AD
BNK_E314B585,519152,INR,CREDIT,2026-08-31T02:21:13Z,SETTLEMENT SET_EFDB4B94,SET_EFDB4B94
BNK_DF6C99D7,428814,INR,CREDIT,2026-09-01T05:59:28Z,SETTLEMENT SET_FE5523ED,SET_FE5523ED
BNK_2F548297,577932,INR,CREDIT,2026-07-21T08:10:18Z,SETTLEMENT SET_7258F600,SET_7258F600
BNK_4B4FC63E,1169630,INR,CREDIT,2026-08-03T03:40:40Z,SETTLEMENT SET_D19E5F83,SET_D19E5F83
BNK_A24C666C,409796,INR,CREDIT,2026-07-05T07:18:19Z,SETTLEMENT SET_273BBD5A,SET_273BBD5A
BNK_CFA73F6C,860760,INR,CREDIT,2026-08-28T04:43:28Z,SETTLEMENT SET_82226B81,SET_82226B81
BNK_34E7791E,1770018,INR,CREDIT,2026-08-09T22:13:43Z,SETTLEMENT SET_E83F721B,SET_E83F721B
BNK_4C3CCF90,814220,INR,CREDIT,2026-08-23T20:52:09Z,SETTLEMENT SET_2E1C770B,SET_2E1C770B
BNK_E62B85D7,-13857,INR,CREDIT,2026-07-07T13:57:01Z,SETTLEMENT SET_90032F87,SET_90032F87
BNK_5C31D49A,512903,INR,CREDIT,2026-07-10T01:34:43Z,SETTLEMENT SET_A0D943B9,SET_A0D943B9
BNK_541DCA4D,-40162,INR,CREDIT,2026-08-26T17:47:56Z,SETTLEMENT SET_44D28329,SET_44D28329
BNK_062AE900,956872,INR,CREDIT,2026-08-29T20:20:14Z,SETTLEMENT SET_C87CD4C6,SET_C87CD4C6
BNK_960F4285,606638,INR,CREDIT,2026-08-24T15:11:17Z,SETTLEMENT SET_CFB2358E,SET_CFB2358E
BNK_EDF9F5CA,778604,INR,CREDIT,2026-09-03T00:34:31Z,SETTLEMENT SET_DB2E4620,SET_DB2E4620
BNK_05DDED24,386655,INR,CREDIT,2026-08-04T00:26:51Z,SETTLEMENT SET_28D0B020,SET_28D0B020
BNK_00E7BB7F,1595438,INR,CREDIT,2026-08-14T09:15:45Z,SETTLEMENT SET_67716304,SET_67716304
BNK_E88FB5BB,132205,INR,CREDIT,2026-08-30T21:08:29Z,SETTLEMENT SET_278F4BB2,SET_278F4BB2
BNK_48379C54,1315407,INR,CREDIT,2026-07-21T00:08:45Z,SETTLEMENT SET_1A3D6251,SET_1A3D6251
BNK_5DA0ECF9,1756056,INR,CREDIT,2026-08-23T09:24:31Z,SETTLEMENT SET_731B5574,SET_731B5574
BNK_703BAEEF,1730872,INR,CREDIT,2026-07-16T11:15:42Z,SETTLEMENT SET_F410B67C,SET_F410B67C
BNK_FC809DE8,673619,INR,CREDIT,2026-08-21T04:08:29Z,SETTLEMENT SET_937C0D5B,SET_937C0D5B
BNK_1A3E1B5D,1809074,INR,CREDIT,2026-07-26T14:38:18Z,SETTLEMENT SET_D60F74BB,SET_D60F74BB
BNK_31848CA3,104866,INR,CREDIT,2026-07-08T03:29:54Z,SETTLEMENT SET_914607AF,SET_914607AF
BNK_D7581752,1266391,INR,CREDIT,2026-07-08T01:55:31Z,SETTLEMENT SET_5587F219,SET_5587F219
BNK_32546AEC,496109,INR,CREDIT,2026-07-29T14:08:25Z,SETTLEMENT SET_31AEEBC7,SET_31AEEBC7
BNK_AE51424C,678746,INR,CREDIT,2026-08-01T04:28:30Z,SETTLEMENT SET_8F95DAA6,SET_8F95DAA6
BNK_574F3078,1159571,INR,CREDIT,2026-07-07T23:49:23Z,SETTLEMENT SET_0CF0B808,SET_0CF0B808
BNK_EF69ADFE,518762,INR,CREDIT,2026-08-10T10:37:23Z,SETTLEMENT SET_04D17B42,SET_04D17B42
BNK_252B2310,1574250,INR,CREDIT,2026-07-21T05:27:47Z,SETTLEMENT SET_B2CE946B,SET_B2CE946B
BNK_6213AC45,542000,INR,CREDIT,2026-08-15T16:43:26Z,SETTLEMENT SET_D1AEA464,SET_D1AEA464
BNK_2EBEF1F7,752317,INR,CREDIT,2026-07-05T01:10:53Z,SETTLEMENT SET_CF529D92,SET_CF529D92
BNK_BA92DC84,1600027,INR,CREDIT,2026-07-04T22:43:08Z,SETTLEMENT SET_A4CF74A8,SET_A4CF74A8
BNK_5E379ABF,299658,INR,CREDIT,2026-08-21T03:36:50Z,SETTLEMENT SET_0983065F,SET_0983065F
BNK_71D0E9FC,548347,INR,CREDIT,2026-08-15T03:03:53Z,SETTLEMENT SET_94925608,SET_94925608
BNK_76CC984E,281937,INR,CREDIT,2026-07-29T06:06:58Z,SETTLEMENT SET_B6120222,SET_B6120222
BNK_7880A2A1,43686,INR,CREDIT,2026-07-05T02:39:07Z,SETTLEMENT SET_3625F91D,SET_3625F91D
BNK_203F221B,760030,INR,CREDIT,2026-08-14T04:48:06Z,SETTLEMENT SET_AB77EDD7,SET_AB77EDD7
BNK_2BFF28E4,957068,INR,CREDIT,2026-09-01T23:43:03Z,SETTLEMENT SET_1F214C8A,SET_1F214C8A
BNK_BAF484D9,273295,INR,CREDIT,2026-07-27T13:56:55Z,SETTLEMENT SET_4442560A,SET_4442560A
BNK_F4B6A5E0,1778611,INR,CREDIT,2026-07-07T08:49:43Z,SETTLEMENT SET_F5DD124C,SET_F5DD124C
BNK_ABFEDDBA,664167,INR,CREDIT,2026-08-25T12:44:01Z,SETTLEMENT SET_CD7B6DC2,SET_CD7B6DC2
BNK_106AE03E,1745901,INR,CREDIT,2026-07-15T22:52:41Z,SETTLEMENT SET_E621B39A,SET_E621B39A
BNK_AA9DF7EE,1568489,INR,CREDIT,2026-07-25T05:32:11Z,SETTLEMENT SET_5748652C,SET_5748652C
BNK_86669E89,1446635,INR,CREDIT,2026-07-13T07:29:00Z,SETTLEMENT SET_A4064126,SET_A4064126
BNK_FACCD2EF,840269,INR,CREDIT,2026-07-13T05:12:42Z,SETTLEMENT SET_64D3AA41,SET_64D3AA41
BNK_6F211762,138259,INR,CREDIT,2026-08-04T21:15:56Z,SETTLEMENT SET_6C9F9CA0,SET_6C9F9CA0
BNK_42AC39C6,1644258,INR,CREDIT,2026-07-07T19:39:25Z,SETTLEMENT SET_D00B2085,SET_D00B2085
BNK_5C5FE627,1312673,INR,CREDIT,2026-08-31T04:20:59Z,SETTLEMENT SET_170F3475,SET_170F3475
BNK_E58A623A,359511,INR,CREDIT,2026-08-17T15:46:42Z,SETTLEMENT SET_A2280265,SET_A2280265
BNK_BB542805,1881621,INR,CREDIT,2026-08-19T00:08:26Z,SETTLEMENT SET_20CD5238,SET_20CD5238
BNK_4A6ED4B3,1146294,INR,CREDIT,2026-07-12T18:25:43Z,SETTLEMENT SET_FC7FEE88,SET_FC7FEE88
BNK_9C4D7288,1199606,INR,CREDIT,2026-08-29T11:20:14Z,SETTLEMENT SET_8C1562AD,SET_8C1562AD
BNK_EC62DCBE,373376,INR,CREDIT,2026-08-15T16:38:24Z,SETTLEMENT SET_C5012D2F,SET_C5012D2F
BNK_CB576266,765889,INR,CREDIT,2026-07-23T12:29:46Z,SETTLEMENT SET_BE9640CD,SET_BE9640CD
BNK_517D3CB1,784831,INR,CREDIT,2026-07-17T04:30:47Z,SETTLEMENT SET_9320DB3D,SET_9320DB3D
BNK_A49E27B8,1148833,INR,CREDIT,2026-07-27T02:10:19Z,SETTLEMENT SET_45DF1FD2,SET_45DF1FD2
BNK_79B639DA,1863167,INR,CREDIT,2026-07-13T04:37:52Z,SETTLEMENT SET_3DEC8F06,SET_3DEC8F06
BNK_55547180,201432,INR,CREDIT,2026-07-31T01:18:37Z,SETTLEMENT SET_CFA15A19,SET_CFA15A19
BNK_564482C2,604824,INR,CREDIT,2026-08-14T13:51:23Z,SETTLEMENT SET_C5CAB6B1,SET_C5CAB6B1
BNK_7B3D1FB0,453438,INR,CREDIT,2026-07-29T13:53:02Z,SETTLEMENT SET_3E8A8AD8,SET_3E8A8AD8
BNK_2BE4F3A3,-24274,INR,CREDIT,2026-07-20T12:31:05Z,SETTLEMENT SET_657F85C5,SET_657F85C5
BNK_412FF47F,1217083,INR,CREDIT,2026-07-08T00:21:03Z,SETTLEMENT SET_2F3FEEC3,SET_2F3FEEC3
BNK_E6B75452,1142779,INR,CREDIT,2026-08-02T16:18:26Z,SETTLEMENT SET_E759AA86,SET_E759AA86
BNK_F9ABFAC8,1067596,INR,CREDIT,2026-08-30T06:52:54Z,SETTLEMENT SET_02A82D3F,SET_02A82D3F
BNK_986C16D3,520322,INR,CREDIT,2026-07-08T18:36:47Z,SETTLEMENT SET_E333D035,SET_E333D035
BNK_F4819E3F,857044,INR,CREDIT,2026-08-21T16:36:35Z,SETTLEMENT SET_E47AF0CF,SET_E47AF0CF
BNK_3B1796E5,568965,INR,CREDIT,2026-07-04T15:23:47Z,SETTLEMENT SET_4C8E33B2,SET_4C8E33B2
BNK_F422A4B4,986946,INR,CREDIT,2026-07-30T11:54:05Z,SETTLEMENT SET_046EB710,SET_046EB710
BNK_6A7883B5,1899684,INR,CREDIT,2026-08-04T16:52:57Z,SETTLEMENT SET_65BAAE8A,SET_65BAAE8A
BNK_F8918283,1690539,INR,CREDIT,2026-07-29T13:41:59Z,SETTLEMENT SET_62932413,SET_62932413
BNK_B6E08AC5,1310134,INR,CREDIT,2026-07-20T01:17:26Z,SETTLEMENT SET_01ACDBD3,SET_01ACDBD3
BNK_30BD295A,-21202,INR,CREDIT,2026-07-24T02:43:07Z,SETTLEMENT SET_337998A4,SET_337998A4
BNK_9CB342A0,536337,INR,CREDIT,2026-09-01T03:46:51Z,SETTLEMENT SET_7F311792,SET_7F311792
BNK_6DC162BB,1270590,INR,CREDIT,2026-07-28T21:03:35Z,SETTLEMENT SET_49A1118A,SET_49A1118A
BNK_166ABB69,1905886,INR,CREDIT,2026-07-24T23:31:34Z,SETTLEMENT SET_6B20D651,SET_6B20D651
BNK_0883E643,-28192,INR,CREDIT,2026-08-06T11:13:11Z,SETTLEMENT SET_8C532873,SET_8C532873
BNK_E8BAB631,953455,INR,CREDIT,2026-07-19T11:44:22Z,SETTLEMENT SET_750EA2CF,SET_750EA2CF
BNK_4BCE46D9,1812785,INR,CREDIT,2026-08-17T02:12:18Z,SETTLEMENT SET_47F9CAAE,SET_47F9CAAE
BNK_E1EA5C06,1579620,INR,CREDIT,2026-07-08T20:48:10Z,SETTLEMENT SET_8F51B2EC,SET_8F51B2EC
BNK_E0693D62,101902,INR,CREDIT,2026-07-07T08:38:19Z,SETTLEMENT SET_27E8AA45,SET_27E8AA45
BNK_8D2655AF,122737,INR,CREDIT,2026-08-06T06:35:09Z,SETTLEMENT SET_7F826AEE,SET_7F826AEE
BNK_E2154877,207095,INR,CREDIT,2026-09-01T02:29:39Z,SETTLEMENT SET_3ED955C5,SET_3ED955C5
BNK_5F7C7166,324751,INR,CREDIT,2026-08-10T11:25:11Z,SETTLEMENT SET_397FD9BD,SET_397FD9BD
BNK_FB6D1BA4,406131,INR,CREDIT,2026-08-08T07:46:39Z,SETTLEMENT SET_20CA7727,SET_20CA7727
BNK_56D37BB9,1554429,INR,CREDIT,2026-08-22T06:39:55Z,SETTLEMENT SET_2A29B1CF,SET_2A29B1CF
BNK_C6D23ADB,24678,INR,CREDIT,2026-07-27T18:49:31Z,SETTLEMENT SET_4AF011A1,SET_4AF011A1
BNK_9AE5EA53,1054024,INR,CREDIT,2026-08-23T19:33:55Z,SETTLEMENT SET_A4D5BEC2,SET_A4D5BEC2
BNK_875756D7,1551305,INR,CREDIT,2026-08-20T21:08:36Z,SETTLEMENT SET_7DCC552E,SET_7DCC552E
BNK_4631FF59,1326928,INR,CREDIT,2026-08-19T12:00:37Z,SETTLEMENT SET_876F3F49,SET_876F3F49
BNK_613A0DBD,875245,INR,CREDIT,2026-08-08T23:31:53Z,SETTLEMENT SET_A66F3797,SET_A66F3797
BNK_C2A69230,344036,INR,CREDIT,2026-07-05T01:54:38Z,SETTLEMENT SET_8C502D64,SET_8C502D64
BNK_A73E0719,1491744,INR,CREDIT,2026-08-14T06:22:32Z,SETTLEMENT SET_7C820954,SET_7C820954
BNK_C659CFB4,186688,INR,CREDIT,2026-07-28T11:50:23Z,SETTLEMENT SET_E23B5689,SET_E23B5689
BNK_2BB9C378,1201070,INR,CREDIT,2026-07-21T19:16:08Z,SETTLEMENT SET_6215CEC7,SET_6215CEC7
BNK_7F8156AD,1039769,INR,CREDIT,2026-07-25T21:15:49Z,SETTLEMENT SET_D88B874D,SET_D88B874D
BNK_71A0E943,833163,INR,CREDIT,2026-07-14T02:53:42Z,SETTLEMENT SET_074085F3,SET_074085F3
BNK_CD124982,894481,INR,CREDIT,2026-08-08T07:10:07Z,SETTLEMENT SET_DB27F4D7,SET_DB27F4D7
BNK_84BB7FB6,1229776,INR,CREDIT,2026-07-27T23:37:10Z,SETTLEMENT SET_2C544764,SET_2C544764
BNK_896F5CF9,1751857,INR,CREDIT,2026-08-24T02:43:45Z,SETTLEMENT SET_5BB1B670,SET_5BB1B670
BNK_48544416,94614,INR,CREDIT,2026-07-13T13:34:16Z,SETTLEMENT SET_5C3CE131,SET_5C3CE131
BNK_E530444D,526964,INR,CREDIT,2026-07-19T12:27:25Z,SETTLEMENT SET_B5F8C495,SET_B5F8C495
BNK_A68A56A6,129373,INR,CREDIT,2026-07-11T03:06:16Z,SETTLEMENT SET_0990E327,SET_0990E327
BNK_48ACBF69,1015554,INR,CREDIT,2026-07-18T20:12:20Z,SETTLEMENT SET_2786A0F1,SET_2786A0F1
BNK_DCB91790,1289044,INR,CREDIT,2026-07-22T07:11:14Z,SETTLEMENT SET_02210C40,SET_02210C40
BNK_E8F7508F,1346749,INR,CREDIT,2026-08-07T03:10:28Z,SETTLEMENT SET_D623286E,SET_D623286E
BNK_0A75E3D6,1590606,INR,CREDIT,2026-07-25T16:21:56Z,SETTLEMENT SET_DD2236F3,SET_DD2236F3
BNK_DCB3B478,399348,INR,CREDIT,2026-08-29T23:15:01Z,SETTLEMENT SET_7D1CC3A7,SET_7D1CC3A7
BNK_FD15CB4F,43157,INR,CREDIT,2026-08-12T06:00:24Z,SETTLEMENT SET_5FB58154,SET_5FB58154
BNK_8DE4892F,485857,INR,CREDIT,2026-08-14T08:24:14Z,SETTLEMENT SET_0DFF187F,SET_0DFF187F
BNK_272EFC76,1189794,INR,CREDIT,2026-07-09T03:09:12Z,SETTLEMENT SET_727D324F,SET_727D324F
BNK_649AD85A,1675991,INR,CREDIT,2026-08-03T23:13:34Z,SETTLEMENT SET_DA6A1C72,SET_DA6A1C72
BNK_B1529BFF,1942744,INR,CREDIT,2026-07-17T13:21:56Z,SETTLEMENT SET_1B444CBE,SET_1B444CBE
BNK_222185F2,1840319,INR,CREDIT,2026-08-29T11:22:48Z,SETTLEMENT SET_FA26E88A,SET_FA26E88A
BNK_97EE25C6,324553,INR,CREDIT,2026-08-18T18:24:39Z,SETTLEMENT SET_D61EF13E,SET_D61EF13E
BNK_941050B9,798891,INR,CREDIT,2026-07-25T22:13:59Z,SETTLEMENT SET_3482382E,SET_3482382E
BNK_CAD702BC,789322,INR,CREDIT,2026-08-14T16:46:35Z,SETTLEMENT SET_B9256333,SET_B9256333
BNK_8987359E,1884257,INR,CREDIT,2026-08-28T19:44:52Z,SETTLEMENT SET_3B448EBE,SET_3B448EBE
BNK_BA8D68F7,52531,INR,CREDIT,2026-07-19T19:56:05Z,SETTLEMENT SET_9AC45475,SET_9AC45475
BNK_6C869815,1125790,INR,CREDIT,2026-07-07T16:22:51Z,SETTLEMENT SET_CDC0F5AA,SET_CDC0F5AA
BNK_9900641D,770380,INR,CREDIT,2026-07-15T08:33:51Z,SETTLEMENT SET_A87107D9,SET_A87107D9
BNK_B86FAEFE,1050705,INR,CREDIT,2026-08-16T18:40:14Z,SETTLEMENT SET_53F16431,SET_53F16431
BNK_EA080C95,29292000,INR,CREDIT,2026-08-22T10:37:09Z,SETTLEMENT SET_4597F914,SET_4597F914
BNK_4F827EE2,1477196,INR,CREDIT,2026-07-22T16:20:52Z,SETTLEMENT SET_ECD25DC1,SET_ECD25DC1
BNK_DF3C3AEA,396127,INR,CREDIT,2026-08-08T20:04:40Z,SETTLEMENT SET_45F590C9,SET_45F590C9
BNK_C21F03B0,5370200,INR,CREDIT,2026-08-06T04:33:07Z,SETTLEMENT SET_E27B6150,SET_E27B6150
BNK_859FEC0B,487712,INR,CREDIT,2026-08-23T18:56:19Z,SETTLEMENT SET_DEEC5132,SET_DEEC5132
BNK_72FC14A8,1943552,INR,CREDIT,2026-08-31T01:18:43Z,SETTLEMENT SET_F3CB9405,SET_F3CB9405
BNK_FEF6DD7C,1270980,INR,CREDIT,2026-08-30T20:41:13Z,SETTLEMENT SET_90317C94,SET_90317C94
BNK_CF1173DD,601027,INR,CREDIT,2026-07-27T17:51:46Z,SETTLEMENT SET_84573ED6,SET_84573ED6
BNK_28879C51,1673452,INR,CREDIT,2026-07-31T09:55:00Z,SETTLEMENT SET_AE0F5C4E,SET_AE0F5C4E
BNK_E7CDB534,720681,INR,CREDIT,2026-07-18T05:16:00Z,SETTLEMENT SET_A6BC3D1D,SET_A6BC3D1D
BNK_FAF1872E,787858,INR,CREDIT,2026-08-01T12:06:08Z,SETTLEMENT SET_E6C52884,SET_E6C52884
BNK_7555D1D8,199479,INR,CREDIT,2026-07-08T04:03:20Z,SETTLEMENT SET_5DBDC39C,SET_5DBDC39C
BNK_06BCD87F,1045139,INR,CREDIT,2026-07-30T16:39:01Z,SETTLEMENT SET_83F50929,SET_83F50929
BNK_1DB1EA5F,744566,INR,CREDIT,2026-07-04T06:27:07Z,SETTLEMENT SET_6BDA36A9,SET_6BDA36A9
BNK_1990B400,1103187,INR,CREDIT,2026-07-28T04:04:33Z,SETTLEMENT SET_5C68FA28,SET_5C68FA28
BNK_A2B83222,14646000,INR,CREDIT,2026-07-13T03:58:24Z,SETTLEMENT SET_3860E49E,SET_3860E49E
BNK_3C2C344D,771006,INR,CREDIT,2026-07-28T04:35:19Z,SETTLEMENT SET_04E94330,SET_04E94330
BNK_A31FE527,114044,INR,CREDIT,2026-07-05T20:58:01Z,SETTLEMENT SET_7EC7A5AB,SET_7EC7A5AB
BNK_7F23F711,1227238,INR,CREDIT,2026-07-20T07:05:53Z,SETTLEMENT SET_2D045705,SET_2D045705
BNK_54254CD3,1890116,INR,CREDIT,2026-07-13T01:06:20Z,SETTLEMENT SET_BA56E284,SET_BA56E284
BNK_D69FC63B,1227140,INR,CREDIT,2026-07-03T10:21:49Z,SETTLEMENT SET_E350C232,SET_E350C232
BNK_3E18B108,220472,INR,CREDIT,2026-07-09T13:51:04Z,SETTLEMENT SET_72FFE2D8,SET_72FFE2D8
BNK_0FC4E993,807971,INR,CREDIT,2026-08-23T23:35:50Z,SETTLEMENT SET_84780ADF,SET_84780ADF
BNK_279DAED7,68934,INR,CREDIT,2026-08-28T19:16:19Z,SETTLEMENT SET_A530E270,SET_A530E270
BNK_858E906C,49113,INR,CREDIT,2026-07-18T00:11:26Z,SETTLEMENT SET_CD57D1FE,SET_CD57D1FE
BNK_E1BAB231,1714023,INR,CREDIT,2026-07-16T07:43:57Z,SETTLEMENT SET_4A57F905,SET_4A57F905
BNK_CF62D15B,1270492,INR,CREDIT,2026-08-05T17:42:12Z,SETTLEMENT SET_16202769,SET_16202769
BNK_4666940D,903952,INR,CREDIT,2026-07-05T13:30:49Z,SETTLEMENT SET_9FC46925,SET_9FC46925
BNK_B612DB20,1785836,INR,CREDIT,2026-07-15T02:32:54Z,SETTLEMENT SET_114DC9E6,SET_114DC9E6
BNK_BA7671E5,162181,INR,CREDIT,2026-08-17T02:16:13Z,SETTLEMENT SET_D13C4025,SET_D13C4025
BNK_4EBB7563,838240,INR,CREDIT,2026-08-23T09:27:52Z,SETTLEMENT SET_6D6B6417,SET_6D6B6417
BNK_0D317CCA,1439995,INR,CREDIT,2026-07-05T12:35:25Z,SETTLEMENT SET_6F745105,SET_6F745105
BNK_66D3F80A,-44865,INR,CREDIT,2026-08-23T00:21:57Z,SETTLEMENT SET_31907DAF,SET_31907DAF
BNK_3FEEE20F,1760157,INR,CREDIT,2026-07-16T21:17:19Z,SETTLEMENT SET_6AEE96F0,SET_6AEE96F0
BNK_893E6624,1077067,INR,CREDIT,2026-08-05T22:00:10Z,SETTLEMENT SET_AB89725D,SET_AB89725D
BNK_BF383CB1,1120810,INR,CREDIT,2026-08-03T07:11:06Z,SETTLEMENT SET_2A1129D7,SET_2A1129D7
BNK_052484EE,1317945,INR,CREDIT,2026-08-12T17:42:24Z,SETTLEMENT SET_4D56D47E,SET_4D56D47E
BNK_F4CA3763,1609205,INR,CREDIT,2026-08-18T14:40:24Z,SETTLEMENT SET_03773F0D,SET_03773F0D
BNK_67A3BB33,1545837,INR,CREDIT,2026-08-29T07:07:20Z,SETTLEMENT SET_BF7E8D82,SET_BF7E8D82
BNK_3425AE89,1633811,INR,CREDIT,2026-08-03T02:20:23Z,SETTLEMENT SET_BF352411,SET_BF352411
BNK_38677491,838240,INR,CREDIT,2026-07-31T09:32:10Z,SETTLEMENT SET_E39EA00F,SET_E39EA00F
BNK_C84C6C1E,958973,INR,CREDIT,2026-08-09T20:32:35Z,SETTLEMENT SET_0C149950,SET_0C149950
BNK_527EEEEB,1326342,INR,CREDIT,2026-08-15T11:17:58Z,SETTLEMENT SET_95A4D9BC,SET_95A4D9BC
BNK_46C531A7,1448002,INR,CREDIT,2026-07-26T07:30:44Z,SETTLEMENT SET_243E3947,SET_243E3947
BNK_38F0FB75,849576,INR,CREDIT,2026-08-05T21:18:03Z,SETTLEMENT SET_C348D31F,SET_C348D31F
BNK_3F24F2BE,-8736,INR,CREDIT,2026-07-14T18:12:38Z,SETTLEMENT SET_594D780A,SET_594D780A
BNK_D0654C6D,1692883,INR,CREDIT,2026-08-25T18:22:14Z,SETTLEMENT SET_067E36DF,SET_067E36DF
BNK_1392E6BE,755047,INR,CREDIT,2026-07-10T08:43:16Z,SETTLEMENT SET_A9CF83B6,SET_A9CF83B6
BNK_4F11A7F7,875929,INR,CREDIT,2026-08-21T02:08:25Z,SETTLEMENT SET_E8325879,SET_E8325879
BNK_15FDE9ED,476874,INR,CREDIT,2026-08-29T23:57:18Z,SETTLEMENT SET_159BABEA,SET_159BABEA
BNK_5A6F39BA,675083,INR,CREDIT,2026-08-24T20:37:48Z,SETTLEMENT SET_54A35CFD,SET_54A35CFD
BNK_F2DA934F,1823232,INR,CREDIT,2026-07-27T04:17:17Z,SETTLEMENT SET_783518F3,SET_783518F3
BNK_2B3F05C3,1219867,INR,CREDIT,2026-07-30T08:38:40Z,SETTLEMENT SET_F396A0CB,SET_F396A0CB
BNK_9EA0272D,-34588,INR,CREDIT,2026-08-18T23:08:45Z,SETTLEMENT SET_533E65F1,SET_533E65F1
BNK_8AC53B50,290089,INR,CREDIT,2026-07-16T00:03:05Z,SETTLEMENT SET_778DC027,SET_778DC027
BNK_D00472E8,531846,INR,CREDIT,2026-08-14T13:12:18Z,SETTLEMENT SET_12C4F514,SET_12C4F514
BNK_20C271B7,840799,INR,CREDIT,2026-07-04T23:53:10Z,SETTLEMENT SET_54C6E87E,SET_54C6E87E
BNK_E5994EF6,1151467,INR,CREDIT,2026-07-21T23:30:48Z,SETTLEMENT SET_4B278D98,SET_4B278D98
BNK_B76F68FA,692170,INR,CREDIT,2026-07-17T12:49:47Z,SETTLEMENT SET_A4258412,SET_A4258412
BNK_26608C36,914497,INR,CREDIT,2026-08-18T12:16:49Z,SETTLEMENT SET_4FF80A3A,SET_4FF80A3A
BNK_2172711F,1675112,INR,CREDIT,2026-07-16T04:46:03Z,SETTLEMENT SET_C4CD3BF9,SET_C4CD3BF9
BNK_13919E20,1604321,INR,CREDIT,2026-07-26T10:18:47Z,SETTLEMENT SET_F7230702,SET_F7230702
BNK_D5198306,1378775,INR,CREDIT,2026-08-26T01:35:42Z,SETTLEMENT SET_0E7DBFBB,SET_0E7DBFBB
BNK_6489185E,278958,INR,CREDIT,2026-07-30T18:49:20Z,SETTLEMENT SET_7F031B4A,SET_7F031B4A
BNK_44C1E0CB,719803,INR,CREDIT,2026-09-02T04:09:43Z,SETTLEMENT SET_893BA39B,SET_893BA39B
BNK_45FC9833,725173,INR,CREDIT,2026-08-08T10:34:01Z,SETTLEMENT SET_8FCD73CE,SET_8FCD73CE
BNK_BA2C9847,283938,INR,CREDIT,2026-07-23T16:22:16Z,SETTLEMENT SET_4EBA4E47,SET_4EBA4E47
BNK_B1389EF3,1270102,INR,CREDIT,2026-07-10T01:42:59Z,SETTLEMENT SET_98F95CF0,SET_98F95CF0
BNK_84AABAC6,376403,INR,CREDIT,2026-07-22T11:13:33Z,SETTLEMENT SET_2E3C6012,SET_2E3C6012
BNK_D9A68D24,1881964,INR,CREDIT,2026-08-12T19:59:33Z,SETTLEMENT SET_7B6B5FF0,SET_7B6B5FF0
BNK_75FEDDEE,1305350,INR,CREDIT,2026-08-11T07:13:03Z,SETTLEMENT SET_98125B79,SET_98125B79
BNK_52B36D70,532236,INR,CREDIT,2026-07-11T16:58:57Z,SETTLEMENT SET_49E71EAF,SET_49E71EAF
BNK_A3E012F8,512122,INR,CREDIT,2026-08-24T10:28:37Z,SETTLEMENT SET_84941536,SET_84941536
BNK_B7804BC6,742846,INR,CREDIT,2026-08-29T17:34:51Z,SETTLEMENT SET_4BBB89DE,SET_4BBB89DE
BNK_1316CC20,23529,INR,CREDIT,2026-07-16T23:27:03Z,SETTLEMENT SET_EDB44BE9,SET_EDB44BE9
BNK_5791D0AB,260895,INR,CREDIT,2026-08-27T22:07:18Z,SETTLEMENT SET_D67AF9D4,SET_D67AF9D4
BNK_261A81FB,346282,INR,CREDIT,2026-07-14T20:46:54Z,SETTLEMENT SET_BBBC9643,SET_BBBC9643
BNK_8CE6848E,326802,INR,CREDIT,2026-08-26T20:17:35Z,SETTLEMENT SET_B1E27707,SET_B1E27707
BNK_55086370,1576644,INR,CREDIT,2026-07-30T05:50:36Z,SETTLEMENT SET_0ED17676,SET_0ED17676
BNK_515AEBBB,185712,INR,CREDIT,2026-08-06T09:48:43Z,SETTLEMENT SET_B5909115,SET_B5909115
BNK_AB078D8F,493278,INR,CREDIT,2026-08-11T04:51:51Z,SETTLEMENT SET_62C5113A,SET_62C5113A
BNK_61CABB00,882423,INR,CREDIT,2026-07-13T09:08:25Z,SETTLEMENT SET_1CE35EF6,SET_1CE35EF6
BNK_668AA9A6,1253015,INR,CREDIT,2026-07-25T15:49:52Z,SETTLEMENT SET_7AE26DBF,SET_7AE26DBF
BNK_E784BA49,460371,INR,CREDIT,2026-08-07T11:51:00Z,SETTLEMENT SET_8D4667C5,SET_8D4667C5
BNK_46C5B6C0,1907105,INR,CREDIT,2026-08-15T19:11:10Z,SETTLEMENT SET_7EC8D376,SET_7EC8D376
BNK_68C78E4C,-247,INR,CREDIT,2026-08-06T12:00:06Z,SETTLEMENT SET_10F39EF2,SET_10F39EF2
BNK_55FDD381,852495,INR,CREDIT,2026-08-06T12:24:19Z,SETTLEMENT SET_B613898A,SET_B613898A
BNK_A3C26949,1827724,INR,CREDIT,2026-08-03T00:03:01Z,SETTLEMENT SET_331A6B84,SET_331A6B84
BNK_86A2AAE9,244965,INR,CREDIT,2026-08-24T09:41:52Z,SETTLEMENT SET_98F588AE,SET_98F588AE
BNK_43BF09EE,1854184,INR,CREDIT,2026-08-08T07:45:40Z,SETTLEMENT SET_087DCD8D,SET_087DCD8D
BNK_0D4297B5,1011549,INR,CREDIT,2026-09-02T12:17:16Z,SETTLEMENT SET_26C03CE2,SET_26C03CE2
BNK_F2F6F765,-23998,INR,CREDIT,2026-07-16T01:11:29Z,SETTLEMENT SET_1FEC7277,SET_1FEC7277
BNK_E252A1B1,1048459,INR,CREDIT,2026-07-29T17:38:59Z,SETTLEMENT SET_07D0F3B4,SET_07D0F3B4
BNK_B559DAA6,447242,INR,CREDIT,2026-08-31T13:54:28Z,SETTLEMENT SET_591C9E30,SET_591C9E30
BNK_B0455929,1361981,INR,CREDIT,2026-07-15T03:25:52Z,SETTLEMENT SET_A744DECA,SET_A744DECA
BNK_44B1A47B,417900,INR,CREDIT,2026-08-10T23:17:35Z,SETTLEMENT SET_A0980ACD,SET_A0980ACD
BNK_02F2DD84,14646000,INR,CREDIT,2026-07-24T23:50:55Z,SETTLEMENT SET_7FF6D81B,SET_7FF6D81B
BNK_10E34FEB,558627,INR,CREDIT,2026-08-03T04:41:13Z,SETTLEMENT SET_EF933505,SET_EF933505
BNK_CB6F4618,1861605,INR,CREDIT,2026-08-13T04:55:58Z,SETTLEMENT SET_498AE612,SET_498AE612
BNK_6645EE12,638664,INR,CREDIT,2026-08-12T10:58:32Z,SETTLEMENT SET_B7E31F6F,SET_B7E31F6F
BNK_0B021D23,454296,INR,CREDIT,2026-07-08T13:13:08Z,SETTLEMENT SET_ADF9DA4B,SET_ADF9DA4B
BNK_2DBD111C,1098255,INR,CREDIT,2026-07-07T10:10:07Z,SETTLEMENT SET_8C4B6142,SET_8C4B6142
BNK_F60CB6B7,504116,INR,CREDIT,2026-07-06T05:17:01Z,SETTLEMENT SET_4DB36CD5,SET_4DB36CD5
BNK_C19C895A,1228800,INR,CREDIT,2026-07-18T04:10:46Z,SETTLEMENT SET_4B4A164D,SET_4B4A164D
BNK_851A3E80,-4096,INR,CREDIT,2026-07-16T21:08:15Z,SETTLEMENT SET_17AFA88C,SET_17AFA88C
BNK_27E8EDCC,1805071,INR,CREDIT,2026-08-31T00:09:20Z,SETTLEMENT SET_2A6F0EA1,SET_2A6F0EA1
BNK_692C32D9,1853110,INR,CREDIT,2026-07-10T12:09:23Z,SETTLEMENT SET_5472AB3E,SET_5472AB3E
BNK_D71A2A70,90707,INR,CREDIT,2026-08-18T18:59:30Z,SETTLEMENT SET_0B965AC8,SET_0B965AC8
BNK_4F807A76,324667,INR,CREDIT,2026-07-03T13:47:21Z,SETTLEMENT SET_3EB5F845,SET_3EB5F845
BNK_DCEEB88C,868801,INR,CREDIT,2026-08-31T18:10:23Z,SETTLEMENT SET_5C0D3B5F,SET_5C0D3B5F
BNK_A1D035FD,860795,INR,CREDIT,2026-08-06T09:45:41Z,SETTLEMENT SET_9584E6CD,SET_9584E6CD
BNK_83F2A749,550885,INR,CREDIT,2026-08-20T12:55:40Z,SETTLEMENT SET_CF2BCAA7,SET_CF2BCAA7
BNK_49B58612,1002130,INR,CREDIT,2026-07-28T03:20:22Z,SETTLEMENT SET_3DC438EF,SET_3DC438EF
BNK_6A9B5813,934220,INR,CREDIT,2026-08-15T14:27:44Z,SETTLEMENT SET_63216B1F,SET_63216B1F
BNK_80E7E9BE,245272,INR,CREDIT,2026-08-21T02:17:37Z,SETTLEMENT SET_47F30140,SET_47F30140
BNK_43C2A5FF,673912,INR,CREDIT,2026-07-22T05:52:25Z,SETTLEMENT SET_146D7586,SET_146D7586
BNK_507B07A8,1548666,INR,CREDIT,2026-08-25T23:54:34Z,SETTLEMENT SET_E8C7D14C,SET_E8C7D14C
BNK_F40969FF,1838952,INR,CREDIT,2026-08-28T15:40:48Z,SETTLEMENT SET_B5ECE847,SET_B5ECE847
BNK_C053FEC3,1847056,INR,CREDIT,2026-08-16T23:28:30Z,SETTLEMENT SET_C089D686,SET_C089D686
BNK_F72DCA17,-8422,INR,CREDIT,2026-07-05T02:02:58Z,SETTLEMENT SET_49024983,SET_49024983
BNK_9CF5DD56,1676577,INR,CREDIT,2026-07-21T22:13:55Z,SETTLEMENT SET_ABACDE49,SET_ABACDE49
BNK_9320CC27,807190,INR,CREDIT,2026-08-19T10:41:41Z,SETTLEMENT SET_B47F2E2F,SET_B47F2E2F
BNK_39985DC8,1855844,INR,CREDIT,2026-08-31T04:18:18Z,SETTLEMENT SET_77F04E10,SET_77F04E10
BNK_5E8263EE,582618,INR,CREDIT,2026-07-09T11:27:42Z,SETTLEMENT SET_4B95A1DE,SET_4B95A1DE
BNK_3B8D3254,717947,INR,CREDIT,2026-07-23T21:40:17Z,SETTLEMENT SET_1F373503,SET_1F373503
BNK_21257FFF,1007541,INR,CREDIT,2026-07-08T20:45:39Z,SETTLEMENT SET_F9255F07,SET_F9255F07
BNK_A292EA5E,-4963,INR,CREDIT,2026-08-04T00:55:14Z,SETTLEMENT SET_CD98F1FF,SET_CD98F1FF
BNK_2FFCC22D,550104,INR,CREDIT,2026-08-13T22:12:57Z,SETTLEMENT SET_15A0E2F5,SET_15A0E2F5
BNK_3CCF7713,-40393,INR,CREDIT,2026-07-29T14:14:06Z,SETTLEMENT SET_363811A7,SET_363811A7
BNK_5C61C15F,870949,INR,CREDIT,2026-08-09T21:48:28Z,SETTLEMENT SET_41434B9B,SET_41434B9B
BNK_9E650A07,1421737,INR,CREDIT,2026-08-19T20:48:49Z,SETTLEMENT SET_5C7943FB,SET_5C7943FB
BNK_4FCBC2DC,58584000,INR,CREDIT,2026-07-04T06:09:05Z,SETTLEMENT SET_C8479589,SET_C8479589
BNK_16C9C4C6,315671,INR,CREDIT,2026-08-18T04:09:39Z,SETTLEMENT SET_2FC7A10B,SET_2FC7A10B
BNK_9FD1FC6F,1544763,INR,CREDIT,2026-08-03T13:33:32Z,SETTLEMENT SET_8F35FDD4,SET_8F35FDD4
BNK_99443AF1,616695,INR,CREDIT,2026-08-31T04:21:39Z,SETTLEMENT SET_A4478BA2,SET_A4478BA2
BNK_BF2EB758,875148,INR,CREDIT,2026-08-03T23:52:54Z,SETTLEMENT SET_EF3EA40B,SET_EF3EA40B
BNK_BCEFF74D,-7115,INR,CREDIT,2026-08-26T20:44:27Z,SETTLEMENT SET_D966C2C1,SET_D966C2C1
BNK_8177F4B6,1154008,INR,CREDIT,2026-07-14T17:35:16Z,SETTLEMENT SET_D975F628,SET_D975F628
BNK_144A12C6,1374967,INR,CREDIT,2026-08-19T09:56:32Z,SETTLEMENT SET_50A12C5E,SET_50A12C5E
BNK_6F2FE30A,178584,INR,CREDIT,2026-07-07T15:58:44Z,SETTLEMENT SET_8BF3625B,SET_8BF3625B
BNK_39BFC0DE,679282,INR,CREDIT,2026-07-20T00:25:48Z,SETTLEMENT SET_AC01474A,SET_AC01474A
BNK_59784196,1604616,INR,CREDIT,2026-08-04T13:47:06Z,SETTLEMENT SET_6A96A212,SET_6A96A212
BNK_6FCB8816,1825673,INR,CREDIT,2026-08-08T11:13:07Z,SETTLEMENT SET_29730F36,SET_29730F36
BNK_C23A7E73,1471356,INR,CREDIT,2026-08-15T04:23:22Z,SETTLEMENT SET_A82E8C8A,SET_A82E8C8A
BNK_13053774,1690764,INR,CREDIT,2026-07-21T08:24:40Z,SETTLEMENT SET_4998E179,SET_4998E179
BNK_CA45BD44,1128426,INR,CREDIT,2026-07-11T21:59:10Z,SETTLEMENT SET_E43D88A8,SET_E43D88A8
BNK_725F5D8F,534677,INR,CREDIT,2026-07-26T19:14:43Z,SETTLEMENT SET_3A5D6470,SET_3A5D6470
BNK_071D3A90,99886,INR,CREDIT,2026-08-18T14:35:00Z,SETTLEMENT SET_ACF789A9,SET_ACF789A9
BNK_0D18B21D,343303,INR,CREDIT,2026-07-29T12:37:44Z,SETTLEMENT SET_423A25EF,SET_423A25EF
BNK_42491FF7,-14365,INR,CREDIT,2026-08-27T02:35:45Z,SETTLEMENT SET_D63F3D81,SET_D63F3D81
BNK_6AC67182,666686,INR,CREDIT,2026-08-13T03:14:21Z,SETTLEMENT SET_41837DE2,SET_41837DE2
BNK_5E8B5D69,1862191,INR,CREDIT,2026-07-11T14:50:44Z,SETTLEMENT SET_8559FA09,SET_8559FA09
BNK_1E1D9A25,-575,INR,CREDIT,2026-08-31T21:17:49Z,SETTLEMENT SET_32EB9CE3,SET_32EB9CE3
BNK_F1A7D541,1692132,INR,CREDIT,2026-08-15T20:26:05Z,SETTLEMENT SET_D6688800,SET_D6688800
BNK_9368F884,1743167,INR,CREDIT,2026-07-03T17:19:06Z,SETTLEMENT SET_7C76BB3F,SET_7C76BB3F
BNK_2FEFA106,61807,INR,CREDIT,2026-07-27T20:33:02Z,SETTLEMENT SET_EF2380EF,SET_EF2380EF
BNK_C8253D28,1085855,INR,CREDIT,2026-07-19T12:25:09Z,SETTLEMENT SET_3942CF5A,SET_3942CF5A
BNK_9E6A87BA,1554136,INR,CREDIT,2026-07-14T10:30:45Z,SETTLEMENT SET_AB41BCBB,SET_AB41BCBB
BNK_9D76AF86,736451,INR,CREDIT,2026-08-27T03:10:20Z,SETTLEMENT SET_07DFB267,SET_07DFB267
BNK_1556EBCB,908541,INR,CREDIT,2026-08-08T10:28:58Z,SETTLEMENT SET_FBFE8173,SET_FBFE8173
BNK_F2D233C0,1795014,INR,CREDIT,2026-07-14T20:11:39Z,SETTLEMENT SET_7A7F1E07,SET_7A7F1E07
BNK_6C3E88F4,-35923,INR,CREDIT,2026-07-28T16:17:47Z,SETTLEMENT SET_EE1BE29C,SET_EE1BE29C
BNK_35EA2901,532236,INR,CREDIT,2026-07-11T06:38:38Z,SETTLEMENT SET_E7C0B073,SET_E7C0B073
BNK_542E282D,1336397,INR,CREDIT,2026-07-12T03:29:34Z,SETTLEMENT SET_033B6584,SET_033B6584
BNK_AD495061,610496,INR,CREDIT,2026-07-18T16:56:13Z,SETTLEMENT SET_98379CD1,SET_98379CD1
BNK_FEDDFD39,1781540,INR,CREDIT,2026-08-26T12:54:38Z,SETTLEMENT SET_EEC5C86F,SET_EEC5C86F
BNK_F374F75B,1723054,INR,CREDIT,2026-07-10T09:33:00Z,SETTLEMENT SET_0B8C68E5,SET_0B8C68E5
BNK_7D57C481,1445561,INR,CREDIT,2026-07-23T00:06:36Z,SETTLEMENT SET_FA560669,SET_FA560669
BNK_6B11A302,108869,INR,CREDIT,2026-07-31T20:08:12Z,SETTLEMENT SET_04F5BC01,SET_04F5BC01
BNK_E828A8CD,223596,INR,CREDIT,2026-08-06T08:54:48Z,SETTLEMENT SET_C491038E,SET_C491038E
BNK_F4E6052B,620796,INR,CREDIT,2026-08-18T01:18:04Z,SETTLEMENT SET_1253EFD0,SET_1253EFD0
BNK_740B6B30,511048,INR,CREDIT,2026-09-02T13:38:08Z,SETTLEMENT SET_8AA4B059,SET_8AA4B059
BNK_A8E53FDB,80115,INR,CREDIT,2026-08-30T01:55:09Z,SETTLEMENT SET_B72BBDAA,SET_B72BBDAA
BNK_0239349E,447094,INR,CREDIT,2026-08-23T00:04:12Z,SETTLEMENT SET_E565AAA0,SET_E565AAA0
BNK_061FD415,783073,INR,CREDIT,2026-08-18T00:05:16Z,SETTLEMENT SET_4DDB3EDB,SET_4DDB3EDB
BNK_824797E9,926506,INR,CREDIT,2026-07-30T20:25:46Z,SETTLEMENT SET_C6BFF3B5,SET_C6BFF3B5
BNK_7390CCBC,175167,INR,CREDIT,2026-07-24T19:35:04Z,SETTLEMENT SET_4BFC0A13,SET_4BFC0A13
BNK_5FC91C61,1210541,INR,CREDIT,2026-08-03T17:32:32Z,SETTLEMENT SET_61287F53,SET_61287F53
BNK_6DC57F32,1307888,INR,CREDIT,2026-07-08T20:16:51Z,SETTLEMENT SET_18F7D887,SET_18F7D887
BNK_7317481A,1294023,INR,CREDIT,2026-08-21T08:28:42Z,SETTLEMENT SET_D0791ACA,SET_D0791ACA
BNK_06A74ECE,902780,INR,CREDIT,2026-08-12T15:54:20Z,SETTLEMENT SET_625B733B,SET_625B733B
BNK_1831B93D,60537,INR,CREDIT,2026-08-14T14:24:58Z,SETTLEMENT SET_286EE195,SET_286EE195
BNK_1CA088C6,1458059,INR,CREDIT,2026-07-10T05:34:20Z,SETTLEMENT SET_5F04DCD4,SET_5F04DCD4
BNK_9F301297,1711825,INR,CREDIT,2026-08-05T18:09:15Z,SETTLEMENT SET_2322C185,SET_2322C185
BNK_C424E608,899558,INR,CREDIT,2026-08-06T03:42:08Z,SETTLEMENT SET_018F83EF,SET_018F83EF
BNK_A48104E2,486977,INR,CREDIT,2026-08-11T16:05:06Z,SETTLEMENT SET_7F09F2F4,SET_7F09F2F4
BNK_BB206E41,1247547,INR,CREDIT,2026-07-21T10:20:32Z,SETTLEMENT SET_BD65476D,SET_BD65476D
BNK_57EE18B9,398274,INR,CREDIT,2026-08-27T03:36:55Z,SETTLEMENT SET_EF2510CF,SET_EF2510CF
BNK_CF0EB5FB,1557549,INR,CREDIT,2026-08-14T22:31:28Z,SETTLEMENT SET_194092B5,SET_194092B5
BNK_4D7C1295,1276253,INR,CREDIT,2026-08-13T01:55:21Z,SETTLEMENT SET_1F6741DF,SET_1F6741DF
BNK_0A971BDE,-9992,INR,CREDIT,2026-08-23T14:56:45Z,SETTLEMENT SET_39518290,SET_39518290
BNK_B543230D,984407,INR,CREDIT,2026-08-25T06:50:35Z,SETTLEMENT SET_9DB83E07,SET_9DB83E07
BNK_FB0BF954,560454,INR,CREDIT,2026-07-14T01:10:47Z,SETTLEMENT SET_847D7D51,SET_847D7D51
BNK_F80BA6A9,1098841,INR,CREDIT,2026-08-28T18:06:33Z,SETTLEMENT SET_847CB6AD,SET_847CB6AD
BNK_8A641E1E,60244,INR,CREDIT,2026-08-03T03:02:24Z,SETTLEMENT SET_26F21F3C,SET_26F21F3C
BNK_61803403,1042503,INR,CREDIT,2026-08-09T20:04:57Z,SETTLEMENT SET_B6F6F6C3,SET_B6F6F6C3
BNK_C29C4B63,121172,INR,CREDIT,2026-07-24T12:52:04Z,SETTLEMENT SET_92B930DC,SET_92B930DC
BNK_81EFA74B,1355927,INR,CREDIT,2026-09-08T23:40:09Z,SETTLEMENT SET_625F856D,SET_625F856D
BNK_BD995093,61514,INR,CREDIT,2026-08-15T01:39:52Z,SETTLEMENT SET_16BEE044,SET_16BEE044
BNK_1ADB82DA,890770,INR,CREDIT,2026-08-21T17:58:24Z,SETTLEMENT SET_E1FC5D8D,SET_E1FC5D8D
BNK_93B498CA,911665,INR,CREDIT,2026-07-25T19:24:11Z,SETTLEMENT SET_5D353D99,SET_5D353D99
BNK_2062CCAD,1027076,INR,CREDIT,2026-08-01T13:19:27Z,SETTLEMENT SET_687CCBE4,SET_687CCBE4
BNK_8E816661,606638,INR,CREDIT,2026-07-03T12:08:54Z,SETTLEMENT SET_9ADC69F5,SET_9ADC69F5
BNK_4CDBD6CA,798330,INR,CREDIT,2026-07-20T20:31:13Z,SETTLEMENT SET_F854A46E,SET_F854A46E
BNK_22DC75E0,508998,INR,CREDIT,2026-08-02T10:52:28Z,SETTLEMENT SET_03564D36,SET_03564D36
BNK_FBA55056,126442,INR,CREDIT,2026-08-21T17:32:29Z,SETTLEMENT SET_93A5428D,SET_93A5428D
BNK_3CBA6536,783854,INR,CREDIT,2026-07-31T00:17:02Z,SETTLEMENT SET_D8132374,SET_D8132374
BNK_B7739E29,705449,INR,CREDIT,2026-07-22T14:18:08Z,SETTLEMENT SET_D3F4A3F0,SET_D3F4A3F0
BNK_7AFB364D,1576203,INR,CREDIT,2026-07-19T06:01:32Z,SETTLEMENT SET_F27EDA00,SET_F27EDA00
BNK_EEA9C019,1123935,INR,CREDIT,2026-07-31T23:22:05Z,SETTLEMENT SET_B587F43C,SET_B587F43C
BNK_4F864C59,1573860,INR,CREDIT,2026-08-28T13:30:35Z,SETTLEMENT SET_FA540A1B,SET_FA540A1B
BNK_BD0446E6,1316285,INR,CREDIT,2026-08-18T20:31:12Z,SETTLEMENT SET_24804E89,SET_24804E89
BNK_9A9C41D0,1612525,INR,CREDIT,2026-08-12T04:02:04Z,SETTLEMENT SET_13B3F16B,SET_13B3F16B
BNK_90FFFB6C,268608,INR,CREDIT,2026-07-30T13:57:51Z,SETTLEMENT SET_87E1900B,SET_87E1900B
BNK_C6F2A7CB,1718673,INR,CREDIT,2026-08-20T07:41:21Z,SETTLEMENT SET_482E6009,SET_482E6009
BNK_53387D1C,962633,INR,CREDIT,2026-07-31T08:14:25Z,SETTLEMENT SET_0FE3554F,SET_0FE3554F
BNK_7DA5E9D8,1292754,INR,CREDIT,2026-07-22T16:48:57Z,SETTLEMENT SET_ABF69BEB,SET_ABF69BEB
BNK_00CF4BCA,687972,INR,CREDIT,2026-08-02T10:03:31Z,SETTLEMENT SET_77A05DE1,SET_77A05DE1
BNK_8EF2D961,546199,INR,CREDIT,2026-07-25T12:08:49Z,SETTLEMENT SET_7DA3A119,SET_7DA3A119
BNK_85B07DE9,937052,INR,CREDIT,2026-08-17T07:26:34Z,SETTLEMENT SET_202195F6,SET_202195F6
BNK_98404208,753781,INR,CREDIT,2026-08-17T14:04:33Z,SETTLEMENT SET_A66146A4,SET_A66146A4
BNK_63D2600D,1671402,INR,CREDIT,2026-07-25T10:13:01Z,SETTLEMENT SET_4DF4D215,SET_4DF4D215
BNK_C514D4DA,1823818,INR,CREDIT,2026-07-05T03:50:53Z,SETTLEMENT SET_E21ED95A,SET_E21ED95A
BNK_30652606,14646000,INR,CREDIT,2026-07-05T12:30:02Z,SETTLEMENT SET_92FB6221,SET_92FB6221
BNK_DAF9ED8B,836189,INR,CREDIT,2026-08-11T23:55:17Z,SETTLEMENT SET_AF0F2321,SET_AF0F2321
BNK_EA2A4B2B,509095,INR,CREDIT,2026-07-31T21:08:31Z,SETTLEMENT SET_DA8B9933,SET_DA8B9933
BNK_966D43AA,1822451,INR,CREDIT,2026-08-28T07:54:23Z,SETTLEMENT SET_9B6DA94F,SET_9B6DA94F
BNK_BE40C98F,515051,INR,CREDIT,2026-08-31T21:46:01Z,SETTLEMENT SET_A9A8CEF6,SET_A9A8CEF6
BNK_6377F542,1443998,INR,CREDIT,2026-08-28T09:34:51Z,SETTLEMENT SET_1594B002,SET_1594B002
BNK_441A081D,1408162,INR,CREDIT,2026-08-30T08:20:14Z,SETTLEMENT SET_64A0FD1C,SET_64A0FD1C
BNK_A8C2E782,741088,INR,CREDIT,2026-09-03T01:11:40Z,SETTLEMENT SET_3E6A9CE3,SET_3E6A9CE3
BNK_71293B01,1741508,INR,CREDIT,2026-07-29T09:22:19Z,SETTLEMENT SET_DC61622E,SET_DC61622E
BNK_541A62A3,1215814,INR,CREDIT,2026-07-31T01:40:26Z,SETTLEMENT SET_3EE8A175,SET_3EE8A175
BNK_F82F6C3E,547370,INR,CREDIT,2026-08-14T20:13:54Z,SETTLEMENT SET_2F124FAE,SET_2F124FAE
BNK_A5EBC398,1524063,INR,CREDIT,2026-07-31T14:06:31Z,SETTLEMENT SET_66D1F2F7,SET_66D1F2F7
BNK_C5EEFD37,153393,INR,CREDIT,2026-07-26T03:33:40Z,SETTLEMENT SET_5B012FF5,SET_5B012FF5
BNK_234D2670,858549,INR,CREDIT,2026-08-20T12:11:55Z,SETTLEMENT SET_9A710E09,SET_9A710E09
BNK_BBEF990B,984407,INR,CREDIT,2026-07-21T13:41:03Z,SETTLEMENT SET_4CBB8132,SET_4CBB8132
BNK_8BC10320,1871857,INR,CREDIT,2026-08-03T10:34:10Z,SETTLEMENT SET_B0C79A22,SET_B0C79A22
BNK_2B1ED4CD,64931,INR,CREDIT,2026-07-24T18:30:55Z,SETTLEMENT SET_0E97601F,SET_0E97601F
BNK_5E40E4B9,740502,INR,CREDIT,2026-07-07T10:09:58Z,SETTLEMENT SET_37E2FE49,SET_37E2FE49
BNK_EDB92439,279932,INR,CREDIT,2026-07-14T18:16:40Z,SETTLEMENT SET_DC4A1C24,SET_DC4A1C24
BNK_A39B16A9,196062,INR,CREDIT,2026-08-31T00:58:16Z,SETTLEMENT SET_EFDA91DF,SET_EFDA91DF
BNK_3ADF914F,1193064,INR,CREDIT,2026-07-05T18:34:14Z,SETTLEMENT SET_8F2BFBD2,SET_8F2BFBD2
BNK_CA698178,1021803,INR,CREDIT,2026-07-27T00:19:51Z,SETTLEMENT SET_9FE70EB8,SET_9FE70EB8
BNK_5C52B1B4,573050,INR,CREDIT,2026-07-25T04:04:21Z,SETTLEMENT SET_CF6C3DA5,SET_CF6C3DA5
BNK_97B94BF8,1494185,INR,CREDIT,2026-08-22T12:05:48Z,SETTLEMENT SET_EC1A3CC3,SET_EC1A3CC3
BNK_E65ED3B9,1161428,INR,CREDIT,2026-09-01T10:47:33Z,SETTLEMENT SET_5D2A5B65,SET_5D2A5B65
BNK_0C6D5B2E,1217278,INR,CREDIT,2026-07-21T11:48:20Z,SETTLEMENT SET_2A5327A0,SET_2A5327A0
BNK_0DD495B2,42181,INR,CREDIT,2026-08-17T00:26:58Z,SETTLEMENT SET_F50BDCE5,SET_F50BDCE5
BNK_F387B4B3,690315,INR,CREDIT,2026-07-04T21:02:32Z,SETTLEMENT SET_820C6C8C,SET_820C6C8C
BNK_5558108A,1914721,INR,CREDIT,2026-08-18T04:56:32Z,SETTLEMENT SET_A8D48CEC,SET_A8D48CEC
BNK_A1592343,416435,INR,CREDIT,2026-07-23T14:17:51Z,SETTLEMENT SET_C6196B99,SET_C6196B99
BNK_C30107E0,1842370,INR,CREDIT,2026-07-24T02:20:35Z,SETTLEMENT SET_941FBC54,SET_941FBC54
BNK_CA253747,339495,INR,CREDIT,2026-08-28T17:48:43Z,SETTLEMENT SET_6C3952D6,SET_6C3952D6
BNK_BF9C0807,88169,INR,CREDIT,2026-08-23T16:29:27Z,SETTLEMENT SET_A886372A,SET_A886372A
BNK_E2215BEC,1730572,INR,CREDIT,2026-08-23T15:38:52Z,SETTLEMENT SET_5B65A3BA,SET_5B65A3BA
BNK_4EFCC4DD,1505121,INR,CREDIT,2026-07-08T08:50:04Z,SETTLEMENT SET_C2991158,SET_C2991158
BNK_3157FB62,1904371,INR,CREDIT,2026-07-29T21:49:23Z,SETTLEMENT SET_BB173637,SET_BB173637
BNK_79D92018,50383,INR,CREDIT,2026-07-06T17:50:58Z,SETTLEMENT SET_3E620E6C,SET_3E620E6C
BNK_5731A34B,1327123,INR,CREDIT,2026-08-24T05:26:30Z,SETTLEMENT SET_A8E9A513,SET_A8E9A513
BNK_ABE2945E,524813,INR,CREDIT,2026-07-26T02:27:32Z,SETTLEMENT SET_1145B19D,SET_1145B19D
BNK_F124829C,729664,INR,CREDIT,2026-07-29T21:35:20Z,SETTLEMENT SET_E570255F,SET_E570255F
BNK_93943D41,950526,INR,CREDIT,2026-07-15T22:05:20Z,SETTLEMENT SET_96B9A9DC,SET_96B9A9DC
BNK_FC2951B1,66103,INR,CREDIT,2026-07-05T13:14:53Z,SETTLEMENT SET_B91EAABA,SET_B91EAABA
BNK_07DC919D,263140,INR,CREDIT,2026-08-25T16:43:40Z,SETTLEMENT SET_A8D61AE6,SET_A8D61AE6
BNK_2A055C6F,-12982,INR,CREDIT,2026-07-25T02:43:18Z,SETTLEMENT SET_5201F687,SET_5201F687
BNK_DD406C1E,1727643,INR,CREDIT,2026-07-06T17:50:16Z,SETTLEMENT SET_AA06A8C2,SET_AA06A8C2
BNK_AD8A498E,-38449,INR,CREDIT,2026-08-20T21:54:08Z,SETTLEMENT SET_883AD56C,SET_883AD56C
BNK_12595BE7,690120,INR,CREDIT,2026-07-12T09:23:56Z,SETTLEMENT SET_5B710F16,SET_5B710F16
BNK_DDFA3ADE,879053,INR,CREDIT,2026-08-09T05:11:30Z,SETTLEMENT SET_3BB0ADCF,SET_3BB0ADCF
BNK_3587856B,641691,INR,CREDIT,2026-07-28T06:09:55Z,SETTLEMENT SET_934B4632,SET_934B4632
BNK_D6E3A577,293510,INR,CREDIT,2026-08-17T02:21:56Z,SETTLEMENT SET_C735125A,SET_C735125A
BNK_7B87ABF1,852202,INR,CREDIT,2026-08-13T09:46:40Z,SETTLEMENT SET_B7621F30,SET_B7621F30
BNK_9E2E9716,1717683,INR,CREDIT,2026-08-21T05:29:19Z,SETTLEMENT SET_9CB7DA6D,SET_9CB7DA6D
BNK_B717A70A,268706,INR,CREDIT,2026-08-20T19:48:57Z,SETTLEMENT SET_74228EEE,SET_74228EEE
BNK_C86379A0,962145,INR,CREDIT,2026-08-21T12:10:48Z,SETTLEMENT SET_BCD95E56,SET_BCD95E56
BNK_6E29BB4D,5370200,INR,CREDIT,2026-07-07T01:02:58Z,SETTLEMENT SET_EEBDA06F,SET_EEBDA06F
BNK_4FA33CD7,1096009,INR,CREDIT,2026-08-01T06:28:13Z,SETTLEMENT SET_1F71F240,SET_1F71F240
BNK_CFBF5CA8,530528,INR,CREDIT,2026-08-06T15:23:39Z,SETTLEMENT SET_3DB2618C,SET_3DB2618C
BNK_A9339F27,-41477,INR,CREDIT,2026-07-13T12:11:35Z,SETTLEMENT SET_31C83BAE,SET_31C83BAE
BNK_7E6EC9BB,-3086,INR,CREDIT,2026-07-24T21:17:48Z,SETTLEMENT SET_FB4E79BF,SET_FB4E79BF
BNK_5E4C41B5,561235,INR,CREDIT,2026-07-29T09:23:15Z,SETTLEMENT SET_32970C47,SET_32970C47
BNK_61B0A4E3,273490,INR,CREDIT,2026-08-29T06:05:28Z,SETTLEMENT SET_8514308A,SET_8514308A
BNK_BCE6D20C,1610537,INR,CREDIT,2026-08-11T15:11:02Z,SETTLEMENT SET_CAEF07F2,SET_CAEF07F2
BNK_D641DE89,489470,INR,CREDIT,2026-08-28T18:35:58Z,SETTLEMENT SET_B938C624,SET_B938C624
BNK_F69494B0,1584112,INR,CREDIT,2026-08-04T06:30:36Z,SETTLEMENT SET_25B00465,SET_25B00465
BNK_F3A8EB48,1214642,INR,CREDIT,2026-07-08T05:40:18Z,SETTLEMENT SET_437F5A21,SET_437F5A21
BNK_AEF465D1,563286,INR,CREDIT,2026-07-23T22:41:45Z,SETTLEMENT SET_AEF843E3,SET_AEF843E3
BNK_79A9BE43,1461378,INR,CREDIT,2026-07-16T04:20:41Z,SETTLEMENT SET_6D026648,SET_6D026648
BNK_4A19DB02,96664,INR,CREDIT,2026-07-09T12:18:34Z,SETTLEMENT SET_BA23669C,SET_BA23669C
BNK_830E0E45,1251159,INR,CREDIT,2026-08-05T18:40:41Z,SETTLEMENT SET_1C3F303B,SET_1C3F303B
BNK_5C0B9B92,890575,INR,CREDIT,2026-08-12T12:38:46Z,SETTLEMENT SET_1CC4BC11,SET_1CC4BC11
BNK_763852AF,103304,INR,CREDIT,2026-07-08T22:23:34Z,SETTLEMENT SET_890E9F20,SET_890E9F20
BNK_5C02F9C3,970029,INR,CREDIT,2026-08-06T06:15:25Z,SETTLEMENT SET_4AC9E10B,SET_4AC9E10B
BNK_2A0954CF,940371,INR,CREDIT,2026-07-27T14:35:15Z,SETTLEMENT SET_E1717047,SET_E1717047
BNK_68A2DBD0,1369388,INR,CREDIT,2026-08-02T15:30:58Z,SETTLEMENT SET_EA619473,SET_EA619473
BNK_936BD0A7,1725885,INR,CREDIT,2026-07-04T00:02:59Z,SETTLEMENT SET_E6CC7244,SET_E6CC7244
BNK_A9652ACC,910393,INR,CREDIT,2026-07-07T06:30:53Z,SETTLEMENT SET_D88BC017,SET_D88BC017
BNK_5599FF81,419414,INR,CREDIT,2026-08-09T03:44:06Z,SETTLEMENT SET_C6272BEE,SET_C6272BEE
BNK_644778C9,-1290,INR,CREDIT,2026-08-01T02:03:51Z,SETTLEMENT SET_6A30DC52,SET_6A30DC52
BNK_F2F9FC2E,1680533,INR,CREDIT,2026-07-17T13:06:44Z,SETTLEMENT SET_878408ED,SET_878408ED
BNK_F3029FB0,1787301,INR,CREDIT,2026-08-15T14:09:45Z,SETTLEMENT SET_8B6EE296,SET_8B6EE296
BNK_148155A7,1138581,INR,CREDIT,2026-07-04T01:00:14Z,SETTLEMENT SET_20FF5055,SET_20FF5055
BNK_CE055706,1942696,INR,CREDIT,2026-07-04T17:41:56Z,SETTLEMENT SET_FC13FD9D,SET_FC13FD9D
BNK_82958A34,1532751,INR,CREDIT,2026-08-19T06:09:53Z,SETTLEMENT SET_0ED1AC22,SET_0ED1AC22
BNK_EF7FAFC7,1379651,INR,CREDIT,2026-09-02T03:40:09Z,SETTLEMENT SET_583C50B7,SET_583C50B7
BNK_47DAA55B,1241200,INR,CREDIT,2026-07-20T07:00:57Z,SETTLEMENT SET_6FFAA73F,SET_6FFAA73F
BNK_1AD91520,1758692,INR,CREDIT,2026-08-28T02:43:11Z,SETTLEMENT SET_E44B4006,SET_E44B4006
BNK_7AFA00ED,1838366,INR,CREDIT,2026-07-12T17:31:47Z,SETTLEMENT SET_AFC8003E,SET_AFC8003E
BNK_A6F78E39,509095,INR,CREDIT,2026-08-21T15:58:07Z,SETTLEMENT SET_6FE81010,SET_6FE81010
BNK_9BD76BAC,1378384,INR,CREDIT,2026-07-05T19:54:53Z,SETTLEMENT SET_8A6A6EAC,SET_8A6A6EAC
BNK_2511C4F2,1665739,INR,CREDIT,2026-07-07T23:37:03Z,SETTLEMENT SET_1D5600FE,SET_1D5600FE
BNK_515F8C57,780046,INR,CREDIT,2026-08-25T17:01:11Z,SETTLEMENT SET_E384B10C,SET_E384B10C
BNK_792855D8,959509,INR,CREDIT,2026-08-27T07:40:54Z,SETTLEMENT SET_15552D7F,SET_15552D7F
BNK_A51431F8,1917064,INR,CREDIT,2026-07-03T18:40:17Z,SETTLEMENT SET_F354AA71,SET_F354AA71
BNK_717C6B54,555865,INR,CREDIT,2026-08-22T16:30:25Z,SETTLEMENT SET_CEEB3879,SET_CEEB3879
BNK_F06A0FFA,1348897,INR,CREDIT,2026-08-12T05:56:17Z,SETTLEMENT SET_5E77A805,SET_5E77A805
BNK_8412A525,315091,INR,CREDIT,2026-07-30T16:55:48Z,SETTLEMENT SET_E4B33146,SET_E4B33146
BNK_23879F7C,124199,INR,CREDIT,2026-08-04T15:23:40Z,SETTLEMENT SET_C6FF6965,SET_C6FF6965
BNK_30E4D31A,1627757,INR,CREDIT,2026-08-06T16:18:21Z,SETTLEMENT SET_540B9DC2,SET_540B9DC2
BNK_14478657,328932,INR,CREDIT,2026-08-27T16:06:42Z,SETTLEMENT SET_4A98FF6C,SET_4A98FF6C
BNK_F8474126,802734,INR,CREDIT,2026-08-19T21:23:58Z,SETTLEMENT SET_058BEE3B,SET_058BEE3B
BNK_F6751B78,564067,INR,CREDIT,2026-07-13T22:51:34Z,SETTLEMENT SET_4ADA4205,SET_4ADA4205
BNK_A5212E09,344377,INR,CREDIT,2026-07-08T06:21:00Z,SETTLEMENT SET_1DE3D6CB,SET_1DE3D6CB
BNK_F4694546,172530,INR,CREDIT,2026-08-19T07:49:45Z,SETTLEMENT SET_A22A2339,SET_A22A2339
BNK_3C045737,840876,INR,CREDIT,2026-08-04T20:19:49Z,SETTLEMENT SET_2AECB57C,SET_2AECB57C
BNK_0085C08C,326573,INR,CREDIT,2026-07-24T21:42:38Z,SETTLEMENT SET_35FE71CA,SET_35FE71CA
BNK_0261A469,1455129,INR,CREDIT,2026-08-06T01:10:27Z,SETTLEMENT SET_E8D9CC1A,SET_E8D9CC1A
BNK_0CF665C4,1554917,INR,CREDIT,2026-07-03T08:29:41Z,SETTLEMENT SET_CE41DE62,SET_CE41DE62
BNK_74F56CA2,411846,INR,CREDIT,2026-07-24T02:45:18Z,SETTLEMENT SET_407AA324,SET_407AA324
BNK_9865C1CA,1109777,INR,CREDIT,2026-07-19T14:48:48Z,SETTLEMENT SET_CA26BCFF,SET_CA26BCFF
BNK_BF3BD504,694709,INR,CREDIT,2026-07-13T03:10:11Z,SETTLEMENT SET_E322DB90,SET_E322DB90
BNK_16F8AEE1,339388,INR,CREDIT,2026-08-10T00:28:30Z,SETTLEMENT SET_B67BC4AA,SET_B67BC4AA
BNK_D5837924,1012527,INR,CREDIT,2026-07-03T07:19:11Z,SETTLEMENT SET_5B9FD5CE,SET_5B9FD5CE
BNK_35362746,99496,INR,CREDIT,2026-08-18T19:27:02Z,SETTLEMENT SET_83D753F6,SET_83D753F6
BNK_A715740B,190132,INR,CREDIT,2026-07-22T20:12:44Z,SETTLEMENT SET_FAFCEBD3,SET_FAFCEBD3
BNK_368C12E1,384312,INR,CREDIT,2026-08-11T03:07:40Z,SETTLEMENT SET_8D7EA2C7,SET_8D7EA2C7
BNK_70C7FE7F,643350,INR,CREDIT,2026-08-21T11:37:40Z,SETTLEMENT SET_01D45AA1,SET_01D45AA1
BNK_88E1E255,555474,INR,CREDIT,2026-07-14T02:41:04Z,SETTLEMENT SET_191845E9,SET_191845E9
BNK_D30DFB9E,679184,INR,CREDIT,2026-08-01T06:32:59Z,SETTLEMENT SET_64B119ED,SET_64B119ED
BNK_0B372439,1231727,INR,CREDIT,2026-07-05T02:14:29Z,SETTLEMENT SET_616400CB,SET_616400CB
BNK_03C37AFB,1740433,INR,CREDIT,2026-07-25T22:27:51Z,SETTLEMENT SET_757A8A23,SET_757A8A23
BNK_B67807B0,34760,INR,CREDIT,2026-08-13T18:44:43Z,SETTLEMENT SET_D114A3F8,SET_D114A3F8
BNK_30F5E2C1,1479051,INR,CREDIT,2026-08-10T17:09:47Z,SETTLEMENT SET_E14B0D22,SET_E14B0D22
BNK_0E9D3E02,343303,INR,CREDIT,2026-08-20T07:03:12Z,SETTLEMENT SET_55B7813F,SET_55B7813F
BNK_54E719F2,253279,INR,CREDIT,2026-07-08T18:33:29Z,SETTLEMENT SET_D61789FF,SET_D61789FF
BNK_59EE8789,1047290,INR,CREDIT,2026-08-29T23:51:01Z,SETTLEMENT SET_FE070771,SET_FE070771
BNK_6363625F,1777146,INR,CREDIT,2026-08-01T16:35:14Z,SETTLEMENT SET_22BC751B,SET_22BC751B
BNK_59EE290A,23727,INR,CREDIT,2026-07-27T11:54:40Z,SETTLEMENT SET_3649BA5B,SET_3649BA5B
BNK_B52F2BE4,452074,INR,CREDIT,2026-07-19T05:47:17Z,SETTLEMENT SET_1A144E81,SET_1A144E81
BNK_BE2722A5,529471,INR,CREDIT,2026-07-17T14:22:12Z,SETTLEMENT SET_9AC067CA,SET_9AC067CA
BNK_E8FDCC9B,339007,INR,CREDIT,2026-07-05T02:14:26Z,SETTLEMENT SET_62AE0893,SET_62AE0893
BNK_100FFABE,499427,INR,CREDIT,2026-07-28T16:35:50Z,SETTLEMENT SET_306DAE67,SET_306DAE67
BNK_4D9104F2,61514,INR,CREDIT,2026-07-28T17:43:42Z,SETTLEMENT SET_0D22E156,SET_0D22E156
BNK_532022CD,1670621,INR,CREDIT,2026-07-12T00:09:30Z,SETTLEMENT SET_446D3EED,SET_446D3EED
BNK_33F50015,58584000,INR,CREDIT,2026-08-20T09:54:02Z,SETTLEMENT SET_479CCFF8,SET_479CCFF8
BNK_6D1B8817,1801458,INR,CREDIT,2026-07-08T12:20:15Z,SETTLEMENT SET_9E3571E8,SET_9E3571E8
BNK_20C99809,1735842,INR,CREDIT,2026-07-08T07:29:22Z,SETTLEMENT SET_1D459C73,SET_1D459C73
BNK_A26B37C1,1921165,INR,CREDIT,2026-08-29T21:59:35Z,SETTLEMENT SET_A231115F,SET_A231115F
BNK_D457BE79,-44665,INR,CREDIT,2026-07-25T22:47:10Z,SETTLEMENT SET_F7481017,SET_F7481017
BNK_1B9E840E,1253991,INR,CREDIT,2026-08-31T17:02:34Z,SETTLEMENT SET_EB56EB67,SET_EB56EB67
BNK_DF100253,720365,INR,CREDIT,2026-08-22T00:35:22Z,SETTLEMENT SET_C5C9A076,SET_C5C9A076
BNK_B462BE9E,964788,INR,CREDIT,2026-08-19T22:35:33Z,SETTLEMENT SET_E7643485,SET_E7643485
BNK_EB86917C,1935323,INR,CREDIT,2026-07-20T15:59:39Z,SETTLEMENT SET_79624BDC,SET_79624BDC
BNK_81F0C769,1834654,INR,CREDIT,2026-08-11T15:36:58Z,SETTLEMENT SET_690D02C5,SET_690D02C5
BNK_9AA131E8,964293,INR,CREDIT,2026-08-13T08:20:45Z,SETTLEMENT SET_14D61C04,SET_14D61C04
BNK_77DE1359,544929,INR,CREDIT,2026-08-12T20:50:15Z,SETTLEMENT SET_BF515D22,SET_BF515D22
BNK_66BFC7B4,315473,INR,CREDIT,2026-07-31T00:51:17Z,SETTLEMENT SET_07E1ECD5,SET_07E1ECD5
BNK_40E82967,1930246,INR,CREDIT,2026-08-12T01:07:29Z,SETTLEMENT SET_4526A58C,SET_4526A58C
BNK_B7F03B67,790689,INR,CREDIT,2026-07-26T12:43:58Z,SETTLEMENT SET_F781F2AD,SET_F781F2AD
BNK_6A56CC17,959606,INR,CREDIT,2026-07-13T20:23:32Z,SETTLEMENT SET_659D6681,SET_659D6681
BNK_DC7AFE8C,1429352,INR,CREDIT,2026-08-13T22:08:06Z,SETTLEMENT SET_66C7A645,SET_66C7A645
BNK_F0C6A843,213246,INR,CREDIT,2026-08-06T13:46:43Z,SETTLEMENT SET_6C1BCB2D,SET_6C1BCB2D
BNK_FD899BC6,740748,INR,CREDIT,2026-07-04T05:00:39Z,SETTLEMENT SET_D435B55B,SET_D435B55B
BNK_B289027C,1471823,INR,CREDIT,2026-08-24T20:44:30Z,SETTLEMENT SET_541C0166,SET_541C0166
BNK_CA9A8C2E,-6957,INR,CREDIT,2026-07-25T21:06:18Z,SETTLEMENT SET_82FFDAA1,SET_82FFDAA1
BNK_471F60AD,29097,INR,CREDIT,2026-08-14T17:10:30Z,SETTLEMENT SET_7FFBF84C,SET_7FFBF84C
BNK_81052003,1047873,INR,CREDIT,2026-07-21T05:26:55Z,SETTLEMENT SET_B1A84D63,SET_B1A84D63
BNK_143B0AD6,526280,INR,CREDIT,2026-07-30T03:45:43Z,SETTLEMENT SET_FF6B4457,SET_FF6B4457
BNK_1EC5DCC1,1137702,INR,CREDIT,2026-08-24T13:06:03Z,SETTLEMENT SET_DF7C3732,SET_DF7C3732
BNK_D3ADCCA4,1527824,INR,CREDIT,2026-08-09T23:26:38Z,SETTLEMENT SET_74A6EFCC,SET_74A6EFCC
BNK_6BDE769C,146168,INR,CREDIT,2026-08-15T13:00:00Z,SETTLEMENT SET_A5A76C1C,SET_A5A76C1C
BNK_049FFA48,29292000,INR,CREDIT,2026-08-10T22:11:58Z,SETTLEMENT SET_091F8C31,SET_091F8C31
BNK_A3BF869E,391927,INR,CREDIT,2026-09-02T09:54:26Z,SETTLEMENT SET_DF4D3C7B,SET_DF4D3C7B
BNK_D5E3922C,1373502,INR,CREDIT,2026-09-05T00:43:49Z,SETTLEMENT SET_6C4E6450,SET_6C4E6450
BNK_68A9E719,365174,INR,CREDIT,2026-08-27T06:35:57Z,SETTLEMENT SET_59A3820A,SET_59A3820A
BNK_1BAFD541,889868,INR,CREDIT,2026-08-23T17:58:26Z,SETTLEMENT SET_C34D44FC,SET_C34D44FC
BNK_D58E42F9,575873,INR,CREDIT,2026-07-20T06:32:39Z,SETTLEMENT SET_0D93EC53,SET_0D93EC53
BNK_8477D0D8,356484,INR,CREDIT,2026-08-08T01:22:42Z,SETTLEMENT SET_BA61B487,SET_BA61B487
BNK_AE3A30E8,1591728,INR,CREDIT,2026-08-19T10:26:05Z,SETTLEMENT SET_9898B6E9,SET_9898B6E9
BNK_0B0A471C,699594,INR,CREDIT,2026-08-10T20:15:31Z,SETTLEMENT SET_1245C799,SET_1245C799
BNK_28AC6A15,624701,INR,CREDIT,2026-07-13T16:25:31Z,SETTLEMENT SET_4519564C,SET_4519564C
BNK_857B413F,476874,INR,CREDIT,2026-07-06T02:56:46Z,SETTLEMENT SET_EF031F98,SET_EF031F98
BNK_E344EA55,1759328,INR,CREDIT,2026-07-27T05:09:47Z,SETTLEMENT SET_9C859B69,SET_9C859B69
BNK_E7C04C1E,571585,INR,CREDIT,2026-07-14T04:00:02Z,SETTLEMENT SET_87197380,SET_87197380
BNK_65A014E4,667370,INR,CREDIT,2026-08-26T20:02:10Z,SETTLEMENT SET_D5179789,SET_D5179789
BNK_165C9BE7,-8328,INR,CREDIT,2026-08-20T03:21:40Z,SETTLEMENT SET_E00F0EEE,SET_E00F0EEE
BNK_F35D3607,1316090,INR,CREDIT,2026-08-31T17:07:58Z,SETTLEMENT SET_791AE98E,SET_791AE98E
BNK_473BF337,1715438,INR,CREDIT,2026-08-29T00:57:35Z,SETTLEMENT SET_D6E754E1,SET_D6E754E1
BNK_6B697F74,1327026,INR,CREDIT,2026-07-22T23:09:43Z,SETTLEMENT SET_527E8F2E,SET_527E8F2E
BNK_84F454E0,1173533,INR,CREDIT,2026-08-11T22:04:47Z,SETTLEMENT SET_AE04A2AC,SET_AE04A2AC
BNK_10AD9C22,1620434,INR,CREDIT,2026-09-02T03:32:22Z,SETTLEMENT SET_DCC01C4B,SET_DCC01C4B
BNK_40D3BE6A,1070380,INR,CREDIT,2026-08-14T22:36:06Z,SETTLEMENT SET_49EAC5F0,SET_49EAC5F0
BNK_D2027271,75379,INR,CREDIT,2026-07-20T06:35:42Z,SETTLEMENT SET_D218F97D,SET_D218F97D
BNK_1B1BA0DD,496305,INR,CREDIT,2026-08-06T21:43:36Z,SETTLEMENT SET_4CD12A4C,SET_4CD12A4C
BNK_89310F06,-8769,INR,CREDIT,2026-08-17T05:45:40Z,SETTLEMENT SET_81F2627F,SET_81F2627F
BNK_57EB6E7C,1446049,INR,CREDIT,2026-07-15T17:29:23Z,SETTLEMENT SET_55483D32,SET_55483D32
BNK_12B355AD,1169337,INR,CREDIT,2026-08-08T18:27:04Z,SETTLEMENT SET_A9E11838,SET_A9E11838
BNK_3067725F,1499165,INR,CREDIT,2026-07-27T15:02:45Z,SETTLEMENT SET_871C9AED,SET_871C9AED
BNK_9FC782E8,814804,INR,CREDIT,2026-07-21T09:33:17Z,SETTLEMENT SET_AB6C40D7,SET_AB6C40D7
BNK_FC7EF1C9,1554820,INR,CREDIT,2026-09-03T23:59:13Z,SETTLEMENT SET_ADE6C8F2,SET_ADE6C8F2
BNK_A98BF991,609469,INR,CREDIT,2026-08-31T15:57:09Z,SETTLEMENT SET_F18547F7,SET_F18547F7
BNK_C4036802,1199410,INR,CREDIT,2026-08-06T04:00:51Z,SETTLEMENT SET_3F93A883,SET_3F93A883
BNK_BB850777,1673941,INR,CREDIT,2026-08-28T02:50:48Z,SETTLEMENT SET_FAE0AA79,SET_FAE0AA79
BNK_93DE2271,680161,INR,CREDIT,2026-08-13T12:30:58Z,SETTLEMENT SET_C452DC4D,SET_C452DC4D
BNK_B95D8886,656239,INR,CREDIT,2026-07-11T12:26:26Z,SETTLEMENT SET_35E990EF,SET_35E990EF
BNK_36260F02,1511077,INR,CREDIT,2026-08-17T16:54:41Z,SETTLEMENT SET_468CD231,SET_468CD231
BNK_B5309FB8,415459,INR,CREDIT,2026-08-27T09:46:06Z,SETTLEMENT SET_E29726CC,SET_E29726CC
BNK_0222BFE7,334710,INR,CREDIT,2026-08-19T14:45:40Z,SETTLEMENT SET_BC33553C,SET_BC33553C
BNK_CA0328F6,1182909,INR,CREDIT,2026-07-11T01:16:24Z,SETTLEMENT SET_C3265C61,SET_C3265C61
BNK_09B1BC06,988898,INR,CREDIT,2026-08-19T09:55:39Z,SETTLEMENT SET_0D5F7E26,SET_0D5F7E26
BNK_DF071E42,1885331,INR,CREDIT,2026-07-03T02:17:03Z,SETTLEMENT SET_D2D4212E,SET_D2D4212E
BNK_900259FA,694121,INR,CREDIT,2026-08-15T20:03:27Z,SETTLEMENT SET_4D594FFF,SET_4D594FFF
BNK_127244F6,-9355,INR,CREDIT,2026-07-17T03:28:50Z,SETTLEMENT SET_4E6FDE7A,SET_4E6FDE7A
BNK_71BFDEDC,1045627,INR,CREDIT,2026-09-03T01:48:54Z,SETTLEMENT SET_208BFF27,SET_208BFF27
BNK_AF5D7BB2,1690735,INR,CREDIT,2026-08-12T13:10:30Z,SETTLEMENT SET_1D8C52A4,SET_1D8C52A4
BNK_F03389EC,121758,INR,CREDIT,2026-07-24T14:11:42Z,SETTLEMENT SET_C71F2DE8,SET_C71F2DE8
BNK_B02B0902,1809563,INR,CREDIT,2026-08-08T01:26:19Z,SETTLEMENT SET_3165BD78,SET_3165BD78
BNK_6425A4B2,1404550,INR,CREDIT,2026-08-05T10:13:52Z,SETTLEMENT SET_CCC3A110,SET_CCC3A110
BNK_48393C3F,696369,INR,CREDIT,2026-08-13T19:41:44Z,SETTLEMENT SET_F5B825DB,SET_F5B825DB
BNK_37933A5F,14646000,INR,CREDIT,2026-07-30T08:16:02Z,SETTLEMENT SET_669618E1,SET_669618E1
BNK_F37DF94A,1401330,INR,CREDIT,2026-07-06T13:40:58Z,SETTLEMENT SET_5038390E,SET_5038390E
BNK_F05AE78C,895652,INR,CREDIT,2026-07-22T21:07:49Z,SETTLEMENT SET_1C970222,SET_1C970222
BNK_ADF7101B,1687510,INR,CREDIT,2026-07-24T03:29:11Z,SETTLEMENT SET_1F82F171,SET_1F82F171
BNK_C53607FD,1711532,INR,CREDIT,2026-07-12T15:24:40Z,SETTLEMENT SET_6FB07E26,SET_6FB07E26
BNK_EEFF3022,1388832,INR,CREDIT,2026-07-13T00:11:21Z,SETTLEMENT SET_34F8FE50,SET_34F8FE50
BNK_B24D62DC,868801,INR,CREDIT,2026-08-01T04:43:37Z,SETTLEMENT SET_08076950,SET_08076950
BNK_3C5018E5,735230,INR,CREDIT,2026-08-23T16:40:51Z,SETTLEMENT SET_A145CC99,SET_A145CC99
BNK_BC538253,1080778,INR,CREDIT,2026-09-02T20:22:54Z,SETTLEMENT SET_B14CDC97,SET_B14CDC97
BNK_B56AFC4F,444848,INR,CREDIT,2026-08-01T19:16:17Z,SETTLEMENT SET_A7F31324,SET_A7F31324
BNK_933216C0,263878,INR,CREDIT,2026-07-08T19:10:30Z,SETTLEMENT SET_FB1D8FC2,SET_FB1D8FC2
BNK_1BD44B44,1595145,INR,CREDIT,2026-07-25T00:51:49Z,SETTLEMENT SET_F364BEA6,SET_F364BEA6
BNK_2CC61D83,1361786,INR,CREDIT,2026-07-11T01:55:50Z,SETTLEMENT SET_28597844,SET_28597844
BNK_4539D660,870852,INR,CREDIT,2026-09-03T07:59:30Z,SETTLEMENT SET_4AE79732,SET_4AE79732
BNK_888CFE62,986848,INR,CREDIT,2026-07-18T07:00:22Z,SETTLEMENT SET_15E1CB9A,SET_15E1CB9A
BNK_B96FD316,1807415,INR,CREDIT,2026-08-13T18:19:46Z,SETTLEMENT SET_D439CD25,SET_D439CD25
BNK_B34C17D7,866358,INR,CREDIT,2026-09-01T17:12:14Z,SETTLEMENT SET_E048776C,SET_E048776C
BNK_D8722ECD,377672,INR,CREDIT,2026-07-14T13:56:39Z,SETTLEMENT SET_5DC1AAE6,SET_5DC1AAE6
BNK_3D4AF161,1287579,INR,CREDIT,2026-07-09T01:50:22Z,SETTLEMENT SET_83771C48,SET_83771C48
BNK_CE42F757,425906,INR,CREDIT,2026-07-16T01:46:34Z,SETTLEMENT SET_15BDBA7C,SET_15BDBA7C
BNK_C567B061,160325,INR,CREDIT,2026-08-28T07:36:49Z,SETTLEMENT SET_7A4AB727,SET_7A4AB727
BNK_CAA4611A,1625609,INR,CREDIT,2026-07-15T10:37:47Z,SETTLEMENT SET_283CDFE1,SET_283CDFE1
BNK_5221FFC1,1792476,INR,CREDIT,2026-08-14T15:42:03Z,SETTLEMENT SET_AE97FA7D,SET_AE97FA7D
BNK_B81DCA4A,1396545,INR,CREDIT,2026-08-23T11:35:02Z,SETTLEMENT SET_8AEC2271,SET_8AEC2271
BNK_FFCE0F34,532234,INR,CREDIT,2026-07-16T05:23:47Z,SETTLEMENT SET_AED527BA,SET_AED527BA
BNK_6192CE16,595995,INR,CREDIT,2026-08-11T17:21:07Z,SETTLEMENT SET_59940834,SET_59940834
BNK_1C1E5CA2,177462,INR,CREDIT,2026-07-06T11:00:42Z,SETTLEMENT SET_C81FDC77,SET_C81FDC77
BNK_36AE20CD,234434,INR,CREDIT,2026-07-27T12:30:12Z,SETTLEMENT SET_7D166EDF,SET_7D166EDF
BNK_3AD8BC5A,567925,INR,CREDIT,2026-08-05T08:13:15Z,SETTLEMENT SET_E350A777,SET_E350A777
BNK_DBB75A2F,1404161,INR,CREDIT,2026-07-05T20:05:01Z,SETTLEMENT SET_7172275E,SET_7172275E
BNK_DA85C8EC,982845,INR,CREDIT,2026-07-07T02:07:53Z,SETTLEMENT SET_117C604C,SET_117C604C
BNK_6B780473,89341,INR,CREDIT,2026-07-22T00:16:40Z,SETTLEMENT SET_44260478,SET_44260478
BNK_D459CFCC,-40289,INR,CREDIT,2026-07-30T22:52:36Z,SETTLEMENT SET_99CB5F06,SET_99CB5F06
BNK_F3289A62,563725,INR,CREDIT,2026-07-30T11:11:24Z,SETTLEMENT SET_CD75AE15,SET_CD75AE15
BNK_0BA9AEC3,-26620,INR,CREDIT,2026-07-04T18:25:32Z,SETTLEMENT SET_732EAAC3,SET_732EAAC3
BNK_523E7B49,-37417,INR,CREDIT,2026-08-02T21:06:47Z,SETTLEMENT SET_A33EEE85,SET_A33EEE85
BNK_92040634,941348,INR,CREDIT,2026-08-14T09:55:18Z,SETTLEMENT SET_11179896,SET_11179896
BNK_8F5240FD,791763,INR,CREDIT,2026-08-06T05:59:13Z,SETTLEMENT SET_1EC24509,SET_1EC24509
BNK_EA695272,875050,INR,CREDIT,2026-08-18T09:52:52Z,SETTLEMENT SET_3A03D881,SET_3A03D881
BNK_6FF200B2,690901,INR,CREDIT,2026-08-31T01:53:43Z,SETTLEMENT SET_70A3797E,SET_70A3797E
BNK_0F26315D,743041,INR,CREDIT,2026-08-12T05:37:28Z,SETTLEMENT SET_38C11692,SET_38C11692
BNK_745C92B2,-35671,INR,CREDIT,2026-08-03T11:04:53Z,SETTLEMENT SET_B57A0E7B,SET_B57A0E7B
BNK_5D37DB50,1249109,INR,CREDIT,2026-08-08T03:26:08Z,SETTLEMENT SET_54F26EAF,SET_54F26EAF
BNK_21CFA558,21806,INR,CREDIT,2026-08-14T09:35:08Z,SETTLEMENT SET_B43ECAB1,SET_B43ECAB1
BNK_E3390606,266460,INR,CREDIT,2026-08-02T00:26:58Z,SETTLEMENT SET_21A25D66,SET_21A25D66
BNK_BD6DC3C0,1391761,INR,CREDIT,2026-08-19T11:37:06Z,SETTLEMENT SET_FF14DF3F,SET_FF14DF3F
BNK_A46C10B6,1779930,INR,CREDIT,2026-07-05T21:18:35Z,SETTLEMENT SET_48036FFA,SET_48036FFA
BNK_B9AC72A2,389094,INR,CREDIT,2026-07-08T02:40:05Z,SETTLEMENT SET_80BB3538,SET_80BB3538
BNK_A05D20B2,1081363,INR,CREDIT,2026-07-29T06:51:56Z,SETTLEMENT SET_803C5BA5,SET_803C5BA5
BNK_BF9C652D,-42229,INR,CREDIT,2026-08-06T01:37:43Z,SETTLEMENT SET_9222432D,SET_9222432D
BNK_A5AD73AA,1694445,INR,CREDIT,2026-07-18T19:56:00Z,SETTLEMENT SET_F4BC3E12,SET_F4BC3E12
BNK_5CA538FD,1026978,INR,CREDIT,2026-08-01T19:02:04Z,SETTLEMENT SET_47D0D057,SET_47D0D057
BNK_81947A81,135203,INR,CREDIT,2026-07-19T00:11:45Z,SETTLEMENT SET_E61E1EDA,SET_E61E1EDA
BNK_0CF0A758,578713,INR,CREDIT,2026-07-12T02:40:58Z,SETTLEMENT SET_8289D084,SET_8289D084
BNK_474FF63F,995147,INR,CREDIT,2026-07-08T05:04:38Z,SETTLEMENT SET_00F11E1F,SET_00F11E1F
BNK_662430E6,248885,INR,CREDIT,2026-08-28T19:32:55Z,SETTLEMENT SET_419AEF3A,SET_419AEF3A
BNK_9D4E4B21,-15512,INR,CREDIT,2026-08-29T20:01:32Z,SETTLEMENT SET_9635D273,SET_9635D273
BNK_57D66BE7,761669,INR,CREDIT,2026-07-04T03:03:20Z,SETTLEMENT SET_B226AF8B,SET_B226AF8B
BNK_06644E1C,220960,INR,CREDIT,2026-07-08T14:31:32Z,SETTLEMENT SET_CA06402F,SET_CA06402F
BNK_4F8C8234,1002959,INR,CREDIT,2026-07-30T20:45:25Z,SETTLEMENT SET_8ABFCC54,SET_8ABFCC54
BNK_0DC2DD0C,984993,INR,CREDIT,2026-07-23T02:40:03Z,SETTLEMENT SET_2B903162,SET_2B903162
BNK_7D5543CF,720779,INR,CREDIT,2026-08-30T09:19:43Z,SETTLEMENT SET_2786B63A,SET_2786B63A
BNK_773F8960,1926731,INR,CREDIT,2026-08-05T17:28:22Z,SETTLEMENT SET_B230FB46,SET_B230FB46
BNK_76D7AFA4,1301737,INR,CREDIT,2026-08-08T00:19:59Z,SETTLEMENT SET_61F50A4C,SET_61F50A4C
BNK_B9DF50BF,1591240,INR,CREDIT,2026-07-31T14:34:01Z,SETTLEMENT SET_2188E3D7,SET_2188E3D7
BNK_9E92379E,1011551,INR,CREDIT,2026-08-19T23:18:38Z,SETTLEMENT SET_4979E146,SET_4979E146
BNK_5CA6247F,1091909,INR,CREDIT,2026-08-09T13:04:00Z,SETTLEMENT SET_1E226520,SET_1E226520
BNK_A810C076,983821,INR,CREDIT,2026-08-22T19:40:27Z,SETTLEMENT SET_571A0AF9,SET_571A0AF9
BNK_4168A341,1357099,INR,CREDIT,2026-08-22T18:44:51Z,SETTLEMENT SET_995F0C8C,SET_995F0C8C
BNK_BE4FBB01,29292000,INR,CREDIT,2026-07-18T07:03:19Z,SETTLEMENT SET_68F50CFA,SET_68F50CFA
BNK_2CD0F80A,-15439,INR,CREDIT,2026-07-25T02:26:35Z,SETTLEMENT SET_4B582119,SET_4B582119
BNK_8F1AED00,1678042,INR,CREDIT,2026-08-13T23:42:05Z,SETTLEMENT SET_7177F202,SET_7177F202
BNK_62FC6987,-21594,INR,CREDIT,2026-08-21T23:45:17Z,SETTLEMENT SET_2F28C075,SET_2F28C075
BNK_119A02BD,361268,INR,CREDIT,2026-08-16T11:26:43Z,SETTLEMENT SET_A795C739,SET_A795C739
BNK_A952ABD0,633196,INR,CREDIT,2026-08-12T12:37:57Z,SETTLEMENT SET_86EF4AC4,SET_86EF4AC4
BNK_31D78A8D,489665,INR,CREDIT,2026-07-15T07:32:16Z,SETTLEMENT SET_8F69A9F6,SET_8F69A9F6
BNK_5D4297C6,688732,INR,CREDIT,2026-08-19T10:46:07Z,SETTLEMENT SET_9F505A7E,SET_9F505A7E
BNK_DBA085D0,29292000,INR,CREDIT,2026-08-08T00:08:21Z,SETTLEMENT SET_54E1DDDD,SET_54E1DDDD
BNK_A6EB433E,1903395,INR,CREDIT,2026-08-01T03:55:58Z,SETTLEMENT SET_6B97C280,SET_6B97C280
BNK_B1878F50,811341,INR,CREDIT,2026-09-03T05:32:25Z,SETTLEMENT SET_79666DF1,SET_79666DF1
BNK_0487FAC2,1845885,INR,CREDIT,2026-07-03T16:04:44Z,SETTLEMENT SET_3D0F8175,SET_3D0F8175
BNK_CE63611D,134841,INR,CREDIT,2026-07-21T05:56:44Z,SETTLEMENT SET_53005AE6,SET_53005AE6
BNK_55002DF1,652668,INR,CREDIT,2026-07-27T15:56:31Z,SETTLEMENT SET_1D72277B,SET_1D72277B
BNK_F827F8C3,457834,INR,CREDIT,2026-07-08T15:03:40Z,SETTLEMENT SET_1B757EAB,SET_1B757EAB
BNK_C119F9E1,980844,INR,CREDIT,2026-07-25T11:59:30Z,SETTLEMENT SET_BAC68243,SET_BAC68243
BNK_BA2301AD,1677260,INR,CREDIT,2026-08-08T07:55:49Z,SETTLEMENT SET_1E5B1609,SET_1E5B1609
BNK_76D6560D,171554,INR,CREDIT,2026-07-11T06:02:33Z,SETTLEMENT SET_0DAF6C3E,SET_0DAF6C3E
BNK_1F48AA2F,1762305,INR,CREDIT,2026-08-12T07:55:55Z,SETTLEMENT SET_84B3DEE2,SET_84B3DEE2
BNK_9DC892B7,787077,INR,CREDIT,2026-08-09T13:03:21Z,SETTLEMENT SET_9BADE725,SET_9BADE725
BNK_C71FE134,1411289,INR,CREDIT,2026-07-12T20:10:58Z,SETTLEMENT SET_208FC241,SET_208FC241
BNK_302BF267,1347628,INR,CREDIT,2026-09-01T01:39:50Z,SETTLEMENT SET_ECDA3420,SET_ECDA3420
BNK_07235606,633586,INR,CREDIT,2026-07-18T10:33:36Z,SETTLEMENT SET_4D34B81A,SET_4D34B81A
BNK_00CAC444,1542322,INR,CREDIT,2026-09-01T01:44:38Z,SETTLEMENT SET_B161727D,SET_B161727D
BNK_99B6F014,216761,INR,CREDIT,2026-07-24T08:45:13Z,SETTLEMENT SET_02F6916C,SET_02F6916C
BNK_D0E92909,172580,INR,CREDIT,2026-07-20T14:47:09Z,SETTLEMENT SET_88516B9C,SET_88516B9C
BNK_47B81448,1786520,INR,CREDIT,2026-07-15T20:23:11Z,SETTLEMENT SET_D22363A2,SET_D22363A2
BNK_C87F735C,407062,INR,CREDIT,2026-08-28T22:57:32Z,SETTLEMENT SET_18ACFAD9,SET_18ACFAD9
BNK_4D0107EC,65029,INR,CREDIT,2026-08-16T10:25:35Z,SETTLEMENT SET_AD54E175,SET_AD54E175
BNK_75F9F937,388901,INR,CREDIT,2026-08-13T11:01:51Z,SETTLEMENT SET_66EBE13B,SET_66EBE13B
BNK_6A2867AE,1882011,INR,CREDIT,2026-07-11T20:53:26Z,SETTLEMENT SET_C0263B53,SET_C0263B53
BNK_EA19EB53,611422,INR,CREDIT,2026-07-22T01:11:15Z,SETTLEMENT SET_4731D66C,SET_4731D66C
BNK_22A1A00F,1367863,INR,CREDIT,2026-07-30T06:22:19Z,SETTLEMENT SET_974D994E,SET_974D994E
BNK_4BAB83E4,393978,INR,CREDIT,2026-08-10T02:52:30Z,SETTLEMENT SET_FEA4F0EE,SET_FEA4F0EE
BNK_F905F877,621284,INR,CREDIT,2026-08-06T16:55:10Z,SETTLEMENT SET_68912435,SET_68912435
BNK_B7AEA115,219495,INR,CREDIT,2026-08-20T21:55:17Z,SETTLEMENT SET_3ED24FEF,SET_3ED24FEF
BNK_2AD122D2,1075798,INR,CREDIT,2026-08-08T19:07:52Z,SETTLEMENT SET_B0779123,SET_B0779123
BNK_D80B6EC0,736922,INR,CREDIT,2026-07-22T05:33:33Z,SETTLEMENT SET_2EE4438E,SET_2EE4438E
BNK_062C28B5,368689,INR,CREDIT,2026-08-24T03:11:01Z,SETTLEMENT SET_E63365D7,SET_E63365D7
BNK_6228F356,58584000,INR,CREDIT,2026-08-07T08:40:03Z,SETTLEMENT SET_AF70AF70,SET_AF70AF70
BNK_ACEB82BE,704864,INR,CREDIT,2026-07-11T03:17:22Z,SETTLEMENT SET_F76FAA71,SET_F76FAA71
BNK_6ABD2534,1882988,INR,CREDIT,2026-08-15T00:40:50Z,SETTLEMENT SET_2F64D9EA,SET_2F64D9EA
BNK_B7B7A481,1125497,INR,CREDIT,2026-07-03T20:51:50Z,SETTLEMENT SET_187D8D1C,SET_187D8D1C
BNK_1EB43F3F,889891,INR,CREDIT,2026-08-20T20:28:10Z,SETTLEMENT SET_A1A90409,SET_A1A90409
BNK_3A022835,1677115,INR,CREDIT,2026-08-14T09:47:32Z,SETTLEMENT SET_7B473B12,SET_7B473B12
BNK_E4C06EAF,170675,INR,CREDIT,2026-08-05T07:08:45Z,SETTLEMENT SET_0864F9AD,SET_0864F9AD
BNK_C565D575,1863655,INR,CREDIT,2026-07-26T23:45:49Z,SETTLEMENT SET_99922EA8,SET_99922EA8
BNK_7C41DD69,134107,INR,CREDIT,2026-08-19T02:34:15Z,SETTLEMENT SET_4997EADC,SET_4997EADC
BNK_C457A4E5,1855356,INR,CREDIT,2026-07-29T15:52:17Z,SETTLEMENT SET_7D1B04B2,SET_7D1B04B2
BNK_C3772F44,1107726,INR,CREDIT,2026-07-19T07:16:53Z,SETTLEMENT SET_B34DD54B,SET_B34DD54B
BNK_0ECCE8AF,312546,INR,CREDIT,2026-09-03T04:23:03Z,SETTLEMENT SET_1374B3BA,SET_1374B3BA
BNK_F91EC870,1559799,INR,CREDIT,2026-08-03T08:00:22Z,SETTLEMENT SET_EA8101DB,SET_EA8101DB
BNK_9EB136FC,1414414,INR,CREDIT,2026-08-24T21:00:28Z,SETTLEMENT SET_A6B6B412,SET_A6B6B412
BNK_D9C30AB8,1082828,INR,CREDIT,2026-08-22T19:41:21Z,SETTLEMENT SET_1CA0B8E0,SET_1CA0B8E0
BNK_E3C11AF4,1903980,INR,CREDIT,2026-08-02T09:15:50Z,SETTLEMENT SET_AEB62EE0,SET_AEB62EE0
BNK_F24C9B20,1214252,INR,CREDIT,2026-08-26T15:30:03Z,SETTLEMENT SET_45C7CA47,SET_45C7CA47
BNK_9D7F1F27,873583,INR,CREDIT,2026-07-07T22:19:28Z,SETTLEMENT SET_81DB1ACC,SET_81DB1ACC
BNK_C3D276F7,752314,INR,CREDIT,2026-08-12T22:24:23Z,SETTLEMENT SET_DB369C5A,SET_DB369C5A
BNK_C7A8F6FF,58584000,INR,CREDIT,2026-08-02T21:53:00Z,SETTLEMENT SET_C802BA43,SET_C802BA43
BNK_2585848C,536337,INR,CREDIT,2026-08-13T07:54:13Z,SETTLEMENT SET_2B3AEF5D,SET_2B3AEF5D
BNK_7E0A6D78,-36086,INR,CREDIT,2026-08-17T03:30:33Z,SETTLEMENT SET_676DBB3E,SET_676DBB3E
BNK_C991D36D,1734282,INR,CREDIT,2026-07-30T12:59:20Z,SETTLEMENT SET_261AD676,SET_261AD676
BNK_8DD3B05B,81139,INR,CREDIT,2026-07-14T04:57:19Z,SETTLEMENT SET_DFF6BE17,SET_DFF6BE17
BNK_E022D283,-46378,INR,CREDIT,2026-08-12T23:44:15Z,SETTLEMENT SET_695D6EE7,SET_695D6EE7
BNK_3F5B6FB5,1394104,INR,CREDIT,2026-07-12T17:03:59Z,SETTLEMENT SET_4B3643A4,SET_4B3643A4
BNK_DAF649DE,1803314,INR,CREDIT,2026-07-26T07:24:49Z,SETTLEMENT SET_F5572596,SET_F5572596
BNK_9BFE02AE,310691,INR,CREDIT,2026-08-04T06:25:04Z,SETTLEMENT SET_61EE88B2,SET_61EE88B2
BNK_36155B69,1711141,INR,CREDIT,2026-08-30T02:30:29Z,SETTLEMENT SET_676F082F,SET_676F082F
BNK_20B9621E,1630784,INR,CREDIT,2026-07-05T10:44:51Z,SETTLEMENT SET_8A704EE6,SET_8A704EE6
BNK_2242E9AF,1766210,INR,CREDIT,2026-07-10T05:11:22Z,SETTLEMENT SET_E18C0142,SET_E18C0142
BNK_0EE7A5E1,746068,INR,CREDIT,2026-09-02T19:46:34Z,SETTLEMENT SET_44707E2C,SET_44707E2C
BNK_736B5003,1587432,INR,CREDIT,2026-08-18T20:10:46Z,SETTLEMENT SET_42725236,SET_42725236
BNK_93021B48,281692,INR,CREDIT,2026-08-15T08:07:32Z,SETTLEMENT SET_1AB50BF3,SET_1AB50BF3
BNK_E0A35290,145064,INR,CREDIT,2026-08-24T16:40:44Z,SETTLEMENT SET_4C729B31,SET_4C729B31
BNK_5D3565FB,607709,INR,CREDIT,2026-07-27T02:58:14Z,SETTLEMENT SET_DE0AF321,SET_DE0AF321
BNK_03245E01,1474212,INR,CREDIT,2026-07-28T22:33:09Z,SETTLEMENT SET_276B9B6C,SET_276B9B6C
BNK_9A7DAD2C,1358954,INR,CREDIT,2026-07-29T01:21:18Z,SETTLEMENT SET_7CB8727D,SET_7CB8727D
BNK_41BF1710,1902614,INR,CREDIT,2026-08-29T16:40:42Z,SETTLEMENT SET_590FDAD3,SET_590FDAD3
BNK_2CE73152,241562,INR,CREDIT,2026-09-01T22:49:56Z,SETTLEMENT SET_592F7B96,SET_592F7B96
BNK_26376B43,120781,INR,CREDIT,2026-08-31T22:01:52Z,SETTLEMENT SET_0362B0D4,SET_0362B0D4
BNK_EBE4B8DB,1917845,INR,CREDIT,2026-09-03T11:01:30Z,SETTLEMENT SET_394AEAAB,SET_394AEAAB
BNK_6A665413,662586,INR,CREDIT,2026-07-14T12:02:54Z,SETTLEMENT SET_A956E4A1,SET_A956E4A1
BNK_8B592AAC,498124,INR,CREDIT,2026-08-25T23:22:59Z,SETTLEMENT SET_A46840B7,SET_A46840B7
BNK_F338C2BA,1010184,INR,CREDIT,2026-07-29T16:31:06Z,SETTLEMENT SET_4854C6B5,SET_4854C6B5
BNK_C142F459,819361,INR,CREDIT,2026-07-06T03:47:00Z,SETTLEMENT SET_A6F71706,SET_A6F71706
BNK_376D6A2A,1623558,INR,CREDIT,2026-08-26T16:53:27Z,SETTLEMENT SET_463031CE,SET_463031CE
BNK_95BA8071,943593,INR,CREDIT,2026-08-30T18:19:01Z,SETTLEMENT SET_A4C38274,SET_A4C38274
BNK_CF777DAD,645301,INR,CREDIT,2026-07-16T07:16:24Z,SETTLEMENT SET_3C1C2AEA,SET_3C1C2AEA
BNK_1106A95F,423953,INR,CREDIT,2026-08-19T13:35:23Z,SETTLEMENT SET_37640F7F,SET_37640F7F
BNK_A7F71C89,491618,INR,CREDIT,2026-08-09T02:22:53Z,SETTLEMENT SET_D923C847,SET_D923C847
BNK_6DDD1108,1141412,INR,CREDIT,2026-08-27T17:04:30Z,SETTLEMENT SET_6E24CA2B,SET_6E24CA2B
BNK_312E0644,264117,INR,CREDIT,2026-08-19T20:45:24Z,SETTLEMENT SET_8E958F7A,SET_8E958F7A
BNK_9618DD18,772333,INR,CREDIT,2026-07-14T06:29:02Z,SETTLEMENT SET_7CDCD304,SET_7CDCD304
BNK_55DC4967,1575129,INR,CREDIT,2026-08-30T07:08:52Z,SETTLEMENT SET_74B5EB10,SET_74B5EB10
BNK_58982EEB,645303,INR,CREDIT,2026-08-22T22:55:21Z,SETTLEMENT SET_4402BF7A,SET_4402BF7A
BNK_269C5385,1627494,INR,CREDIT,2026-08-05T05:59:44Z,SETTLEMENT SET_20733BBE,SET_20733BBE
BNK_4C939A62,1353291,INR,CREDIT,2026-08-20T06:49:02Z,SETTLEMENT SET_23538512,SET_23538512
BNK_5361B1D7,1493307,INR,CREDIT,2026-08-30T08:30:35Z,SETTLEMENT SET_B8AD8E81,SET_B8AD8E81
BNK_4CC9F926,573343,INR,CREDIT,2026-07-31T04:02:38Z,SETTLEMENT SET_D1DE136B,SET_D1DE136B
BNK_06CC7333,1605300,INR,CREDIT,2026-08-27T05:22:21Z,SETTLEMENT SET_969C6E42,SET_969C6E42
BNK_A0F6081C,80944,INR,CREDIT,2026-08-26T06:50:12Z,SETTLEMENT SET_8A900EF0,SET_8A900EF0
BNK_6A26FBF8,566215,INR,CREDIT,2026-07-15T08:39:31Z,SETTLEMENT SET_580D5610,SET_580D5610
BNK_A0E1FE2F,659168,INR,CREDIT,2026-07-30T14:09:10Z,SETTLEMENT SET_9A77857F,SET_9A77857F
BNK_7E1166B9,1587725,INR,CREDIT,2026-07-06T02:26:34Z,SETTLEMENT SET_8050429E,SET_8050429E
BNK_20239A6C,1850864,INR,CREDIT,2026-08-05T03:19:57Z,SETTLEMENT SET_B6317834,SET_B6317834
BNK_BAD1E1F4,169796,INR,CREDIT,2026-07-21T22:17:21Z,SETTLEMENT SET_68E3CC8F,SET_68E3CC8F
BNK_2B443258,1795600,INR,CREDIT,2026-09-01T03:50:33Z,SETTLEMENT SET_B40BEB68,SET_B40BEB68
BNK_3D4EC883,1623851,INR,CREDIT,2026-07-03T15:59:10Z,SETTLEMENT SET_76F7E615,SET_76F7E615
BNK_17E0CD9A,684652,INR,CREDIT,2026-07-24T09:11:45Z,SETTLEMENT SET_0FA954B6,SET_0FA954B6
BNK_7B7D0790,58584000,INR,CREDIT,2026-08-27T05:05:37Z,SETTLEMENT SET_64F8B34A,SET_64F8B34A
BNK_A90C6C75,1077148,INR,CREDIT,2026-08-29T14:53:26Z,SETTLEMENT SET_A71AB38F,SET_A71AB38F
BNK_C11232EF,1012820,INR,CREDIT,2026-08-05T04:14:13Z,SETTLEMENT SET_2BF99B45,SET_2BF99B45
BNK_1B8E7E0A,1132722,INR,CREDIT,2026-07-20T23:09:55Z,SETTLEMENT SET_A0FE6FF2,SET_A0FE6FF2
BNK_5D08BB28,1419881,INR,CREDIT,2026-08-04T02:29:01Z,SETTLEMENT SET_8C116D68,SET_8C116D68
BNK_5BFBEC0F,558258,INR,CREDIT,2026-07-06T13:45:07Z,SETTLEMENT SET_ED5DBC3B,SET_ED5DBC3B
BNK_81B8F84B,-38482,INR,CREDIT,2026-08-16T21:02:23Z,SETTLEMENT SET_EA149583,SET_EA149583
BNK_600FDFB8,855620,INR,CREDIT,2026-08-15T09:38:52Z,SETTLEMENT SET_D1D6EB50,SET_D1D6EB50
BNK_06481A06,1488865,INR,CREDIT,2026-07-11T00:25:09Z,SETTLEMENT SET_16F12137,SET_16F12137
BNK_7970712B,14646000,INR,CREDIT,2026-09-01T14:59:57Z,SETTLEMENT SET_F5411437,SET_F5411437
BNK_EA8AB5D6,1815909,INR,CREDIT,2026-08-25T02:40:28Z,SETTLEMENT SET_60898249,SET_60898249
BNK_B5F61E5E,1579816,INR,CREDIT,2026-07-13T04:29:01Z,SETTLEMENT SET_C320B7AE,SET_C320B7AE
BNK_905B02DB,1903395,INR,CREDIT,2026-07-28T04:33:57Z,SETTLEMENT SET_CAC09E98,SET_CAC09E98
BNK_0D58B914,95492,INR,CREDIT,2026-07-21T03:33:04Z,SETTLEMENT SET_1C7A2616,SET_1C7A2616
BNK_A89DB989,1787494,INR,CREDIT,2026-07-21T16:54:37Z,SETTLEMENT SET_9EFD685C,SET_9EFD685C
BNK_6BDD0D75,33979,INR,CREDIT,2026-07-05T22:24:23Z,SETTLEMENT SET_5C649C38,SET_5C649C38
BNK_675F5A2C,1678627,INR,CREDIT,2026-08-03T03:18:53Z,SETTLEMENT SET_7A243B08,SET_7A243B08
BNK_E56EA5A7,1337473,INR,CREDIT,2026-07-19T18:31:25Z,SETTLEMENT SET_69A66A56,SET_69A66A56
BNK_83500917,906100,INR,CREDIT,2026-08-28T03:03:04Z,SETTLEMENT SET_FA97B859,SET_FA97B859
BNK_7D9561A1,812365,INR,CREDIT,2026-08-12T01:12:50Z,SETTLEMENT SET_E9595665,SET_E9595665
BNK_A872EFAB,-24414,INR,CREDIT,2026-08-29T08:05:06Z,SETTLEMENT SET_5C89A730,SET_5C89A730
BNK_2CD8E42A,1548571,INR,CREDIT,2026-08-20T17:07:02Z,SETTLEMENT SET_4E8408A1,SET_4E8408A1
BNK_4231B564,519398,INR,CREDIT,2026-08-25T15:56:45Z,SETTLEMENT SET_71DDE504,SET_71DDE504
BNK_FFC277A6,1166142,INR,CREDIT,2026-08-23T03:47:25Z,SETTLEMENT SET_4D5CC01D,SET_4D5CC01D
BNK_CF5C747A,372497,INR,CREDIT,2026-07-08T06:35:46Z,SETTLEMENT SET_7F11EB65,SET_7F11EB65
BNK_036C6F51,169601,INR,CREDIT,2026-07-07T14:30:26Z,SETTLEMENT SET_155EEF97,SET_155EEF97
BNK_0EF3DCE1,95395,INR,CREDIT,2026-09-02T08:24:55Z,SETTLEMENT SET_D72A17D5,SET_D72A17D5
BNK_BBC45B07,1119929,INR,CREDIT,2026-08-09T03:50:48Z,SETTLEMENT SET_EF13698D,SET_EF13698D
BNK_CA8E0A75,434646,INR,CREDIT,2026-07-22T03:21:31Z,SETTLEMENT SET_14B86623,SET_14B86623
BNK_53EA5CC8,1383559,INR,CREDIT,2026-09-03T01:12:53Z,SETTLEMENT SET_2CA6121B,SET_2CA6121B
BNK_F3E363C7,1222746,INR,CREDIT,2026-08-17T13:06:39Z,SETTLEMENT SET_C18ED6F2,SET_C18ED6F2
BNK_3942BD4C,1147856,INR,CREDIT,2026-07-17T03:17:51Z,SETTLEMENT SET_18AA222D,SET_18AA222D
BNK_83A42B00,135915,INR,CREDIT,2026-07-04T15:38:12Z,SETTLEMENT SET_4D1A0C69,SET_4D1A0C69
BNK_3B1D2D23,321822,INR,CREDIT,2026-07-21T22:07:49Z,SETTLEMENT SET_328ADE8B,SET_328ADE8B
BNK_DD81F5E4,1085757,INR,CREDIT,2026-07-28T03:51:44Z,SETTLEMENT SET_5D5ECF65,SET_5D5ECF65
BNK_0C9F6DFB,930812,INR,CREDIT,2026-07-28T23:33:42Z,SETTLEMENT SET_078714AF,SET_078714AF
BNK_0AA1CF52,1639181,INR,CREDIT,2026-08-01T09:55:20Z,SETTLEMENT SET_2116D464,SET_2116D464
BNK_1BEB6C1D,349063,INR,CREDIT,2026-08-30T04:58:25Z,SETTLEMENT SET_4ADBCD54,SET_4ADBCD54
BNK_4191C9E7,260797,INR,CREDIT,2026-08-18T08:58:21Z,SETTLEMENT SET_74724C7C,SET_74724C7C
BNK_ED313D06,1539100,INR,CREDIT,2026-07-04T11:23:00Z,SETTLEMENT SET_0B6ACBA5,SET_0B6ACBA5
BNK_08443EB6,1005009,INR,CREDIT,2026-07-30T00:55:37Z,SETTLEMENT SET_A0020914,SET_A0020914
BNK_27214552,1008426,INR,CREDIT,2026-08-24T04:27:14Z,SETTLEMENT SET_C546E713,SET_C546E713
BNK_365EEA34,1296367,INR,CREDIT,2026-07-13T07:08:28Z,SETTLEMENT SET_9BBD5742,SET_9BBD5742
BNK_9A70B3D1,548494,INR,CREDIT,2026-09-01T00:06:03Z,SETTLEMENT SET_1F201554,SET_1F201554
BNK_9D7613CA,1583135,INR,CREDIT,2026-08-14T00:36:22Z,SETTLEMENT SET_2E607431,SET_2E607431
BNK_50D06149,1279818,INR,CREDIT,2026-08-20T18:45:28Z,SETTLEMENT SET_21E17726,SET_21E17726
BNK_240ED569,1504242,INR,CREDIT,2026-07-27T10:29:00Z,SETTLEMENT SET_E9727919,SET_E9727919
BNK_6AFCF5DC,1691125,INR,CREDIT,2026-07-21T10:00:22Z,SETTLEMENT SET_31B1CF1F,SET_31B1CF1F
BNK_515D8A53,-26646,INR,CREDIT,2026-07-21T01:12:40Z,SETTLEMENT SET_FC7FABF4,SET_FC7FABF4
BNK_2A9CDBA7,982747,INR,CREDIT,2026-07-24T22:05:34Z,SETTLEMENT SET_71495A57,SET_71495A57
BNK_4935880E,1396350,INR,CREDIT,2026-08-08T10:04:56Z,SETTLEMENT SET_F52B72B2,SET_F52B72B2
BNK_A1B68BE3,1679408,INR,CREDIT,2026-08-02T08:19:23Z,SETTLEMENT SET_FAAFAD60,SET_FAAFAD60
BNK_DC7ABB5C,398006,INR,CREDIT,2026-07-09T21:24:34Z,SETTLEMENT SET_517BEAE3,SET_517BEAE3
BNK_3B8C5398,20164,INR,CREDIT,2026-08-26T06:03:00Z,SETTLEMENT SET_E353BCB6,SET_E353BCB6
BNK_9856D2B3,94664,INR,CREDIT,2026-07-16T13:14:30Z,SETTLEMENT SET_E5FBAFA6,SET_E5FBAFA6
BNK_E8BFBB5E,345256,INR,CREDIT,2026-08-06T17:38:39Z,SETTLEMENT SET_B58DB2F5,SET_B58DB2F5
BNK_65587ECB,367713,INR,CREDIT,2026-09-01T17:18:54Z,SETTLEMENT SET_E30FE2B1,SET_E30FE2B1
BNK_770D39C7,1750783,INR,CREDIT,2026-07-10T18:49:14Z,SETTLEMENT SET_AD349A98,SET_AD349A98
BNK_1C5D9076,1822744,INR,CREDIT,2026-08-08T22:52:13Z,SETTLEMENT SET_1D0B3E98,SET_1D0B3E98
BNK_9C03CE67,1342160,INR,CREDIT,2026-07-13T22:25:10Z,SETTLEMENT SET_8E7B3C71,SET_8E7B3C71
BNK_109198A6,1726569,INR,CREDIT,2026-07-12T02:57:07Z,SETTLEMENT SET_D04FEDF6,SET_D04FEDF6
BNK_F76B5B64,1769921,INR,CREDIT,2026-07-06T02:49:38Z,SETTLEMENT SET_C1A78F21,SET_C1A78F21
BNK_FCA32A92,1275472,INR,CREDIT,2026-08-16T13:12:38Z,SETTLEMENT SET_F5CC67B4,SET_F5CC67B4
BNK_FD6EF8E3,573928,INR,CREDIT,2026-08-25T21:15:50Z,SETTLEMENT SET_E52E0004,SET_E52E0004
BNK_877DD517,1931320,INR,CREDIT,2026-07-15T05:54:53Z,SETTLEMENT SET_36038712,SET_36038712
BNK_D67155A4,830890,INR,CREDIT,2026-07-03T02:45:10Z,SETTLEMENT SET_7262CC58,SET_7262CC58
BNK_5612C53E,1321070,INR,CREDIT,2026-08-29T11:01:47Z,SETTLEMENT SET_5900BEE1,SET_5900BEE1
BNK_4A4171E1,1032055,INR,CREDIT,2026-08-06T06:23:10Z,SETTLEMENT SET_5006CC7D,SET_5006CC7D
BNK_D85D4B0A,1679604,INR,CREDIT,2026-07-23T15:05:29Z,SETTLEMENT SET_9CA9C4CB,SET_9CA9C4CB
BNK_65344D1B,1881426,INR,CREDIT,2026-07-26T11:32:34Z,SETTLEMENT SET_0D9E84F1,SET_0D9E84F1
BNK_899DACB8,1175488,INR,CREDIT,2026-07-07T00:25:20Z,SETTLEMENT SET_E13CE255,SET_E13CE255
BNK_48823202,239609,INR,CREDIT,2026-07-12T11:16:08Z,SETTLEMENT SET_DA0A37A6,SET_DA0A37A6
BNK_E1A6E711,533017,INR,CREDIT,2026-08-27T23:51:55Z,SETTLEMENT SET_85BAC46F,SET_85BAC46F
BNK_60BBB170,906295,INR,CREDIT,2026-08-07T02:05:40Z,SETTLEMENT SET_885612A1,SET_885612A1
BNK_F5789CC8,1100110,INR,CREDIT,2026-07-28T12:49:25Z,SETTLEMENT SET_B3B4306E,SET_B3B4306E
BNK_D4DDC333,33589,INR,CREDIT,2026-07-20T17:53:28Z,SETTLEMENT SET_59B541CE,SET_59B541CE
BNK_8D539945,1444682,INR,CREDIT,2026-08-18T19:49:33Z,SETTLEMENT SET_117C914A,SET_117C914A
BNK_FFDA0BF4,1101282,INR,CREDIT,2026-08-13T07:59:19Z,SETTLEMENT SET_F088D18D,SET_F088D18D
BNK_B1A93B4F,1278499,INR,CREDIT,2026-07-06T08:47:00Z,SETTLEMENT SET_5791EC08,SET_5791EC08
BNK_0616631F,283645,INR,CREDIT,2026-07-03T05:22:52Z,SETTLEMENT SET_9BD3C9AA,SET_9BD3C9AA
BNK_4FA2FC89,233262,INR,CREDIT,2026-07-10T03:30:12Z,SETTLEMENT SET_3873B8F4,SET_3873B8F4
BNK_4115DD2C,1698694,INR,CREDIT,2026-08-11T05:49:31Z,SETTLEMENT SET_FD13614D,SET_FD13614D
BNK_4878828B,879737,INR,CREDIT,2026-08-05T11:50:52Z,SETTLEMENT SET_765EC22F,SET_765EC22F
BNK_55BC371D,818810,INR,CREDIT,2026-07-26T01:13:36Z,SETTLEMENT SET_081B42FA,SET_081B42FA
BNK_DD84CAFF,205628,INR,CREDIT,2026-08-18T21:19:10Z,SETTLEMENT SET_5F820311,SET_5F820311
BNK_A353A37A,507366,INR,CREDIT,2026-08-28T04:26:28Z,SETTLEMENT SET_39B15934,SET_39B15934
BNK_27A1340B,1714559,INR,CREDIT,2026-07-29T14:58:41Z,SETTLEMENT SET_8D4B0FFB,SET_8D4B0FFB
BNK_1FF534F1,1634201,INR,CREDIT,2026-08-11T05:32:25Z,SETTLEMENT SET_D156D63A,SET_D156D63A
BNK_75F98164,774383,INR,CREDIT,2026-08-22T01:57:41Z,SETTLEMENT SET_88EF7282,SET_88EF7282
BNK_9ECC4F80,-12305,INR,CREDIT,2026-07-18T18:41:11Z,SETTLEMENT SET_B9C4BAC9,SET_B9C4BAC9
BNK_729C4F7F,1830750,INR,CREDIT,2026-08-28T06:23:58Z,SETTLEMENT SET_0EC5F65A,SET_0EC5F65A
BNK_6A0690DE,176729,INR,CREDIT,2026-07-18T02:34:00Z,SETTLEMENT SET_CF258FF1,SET_CF258FF1
BNK_48DC0297,858647,INR,CREDIT,2026-08-17T05:52:28Z,SETTLEMENT SET_1B4506A9,SET_1B4506A9
BNK_B177C46D,898286,INR,CREDIT,2026-08-16T11:05:38Z,SETTLEMENT SET_93C1E316,SET_93C1E316
BNK_5034F927,415945,INR,CREDIT,2026-07-27T00:31:13Z,SETTLEMENT SET_956D514A,SET_956D514A
BNK_EACC8B62,97567,INR,CREDIT,2026-08-17T05:51:56Z,SETTLEMENT SET_D8E6EDDB,SET_D8E6EDDB
BNK_0C21C2CC,26168,INR,CREDIT,2026-07-10T08:07:09Z,SETTLEMENT SET_518CA76C,SET_518CA76C
BNK_9341E639,1575910,INR,CREDIT,2026-08-16T01:56:39Z,SETTLEMENT SET_61944C17,SET_61944C17
BNK_622D0B68,1295636,INR,CREDIT,2026-08-25T20:27:18Z,SETTLEMENT SET_3323F9D4,SET_3323F9D4
BNK_18159438,746849,INR,CREDIT,2026-07-21T07:22:05Z,SETTLEMENT SET_501B6B5D,SET_501B6B5D
BNK_1D45E765,846246,INR,CREDIT,2026-08-04T20:25:15Z,SETTLEMENT SET_BD8D7688,SET_BD8D7688
BNK_AFD2A333,1228312,INR,CREDIT,2026-08-08T13:33:05Z,SETTLEMENT SET_05450CF1,SET_05450CF1
BNK_39A02D0C,1783590,INR,CREDIT,2026-07-10T10:19:46Z,SETTLEMENT SET_2CFC8AB8,SET_2CFC8AB8
BNK_3F9FDC3B,1457035,INR,CREDIT,2026-08-29T20:00:44Z,SETTLEMENT SET_FDC04757,SET_FDC04757
BNK_15FED6D0,1812199,INR,CREDIT,2026-07-25T20:46:27Z,SETTLEMENT SET_1514E054,SET_1514E054
BNK_20E9679E,1081266,INR,CREDIT,2026-08-31T00:17:34Z,SETTLEMENT SET_794735EF,SET_794735EF
BNK_796D20BC,1841248,INR,CREDIT,2026-07-08T14:28:54Z,SETTLEMENT SET_94FCC194,SET_94FCC194
BNK_DBA0F269,-18400,INR,CREDIT,2026-08-24T21:41:04Z,SETTLEMENT SET_248FC6DF,SET_248FC6DF
BNK_0A1241A4,1074529,INR,CREDIT,2026-07-26T06:16:25Z,SETTLEMENT SET_93BE67A9,SET_93BE67A9
BNK_C12E6C54,1431403,INR,CREDIT,2026-07-16T18:30:06Z,SETTLEMENT SET_B68C2813,SET_B68C2813
BNK_B79E926C,1821963,INR,CREDIT,2026-08-18T14:18:09Z,SETTLEMENT SET_B97B19E4,SET_B97B19E4
BNK_E6B6CD9F,216468,INR,CREDIT,2026-07-17T21:21:50Z,SETTLEMENT SET_EC513AC9,SET_EC513AC9
BNK_34AD53E1,1385024,INR,CREDIT,2026-07-07T13:18:53Z,SETTLEMENT SET_F12F082A,SET_F12F082A
BNK_DFC8A624,1571321,INR,CREDIT,2026-07-31T12:03:06Z,SETTLEMENT SET_28477EF8,SET_28477EF8
BNK_BDAED8C3,1510491,INR,CREDIT,2026-08-11T14:39:29Z,SETTLEMENT SET_398FCD3A,SET_398FCD3A
BNK_072D5AD9,850640,INR,CREDIT,2026-07-25T18:33:50Z,SETTLEMENT SET_697CE10F,SET_697CE10F
BNK_2CF8BD36,934888,INR,CREDIT,2026-07-25T16:56:23Z,SETTLEMENT SET_A9A5B792,SET_A9A5B792
BNK_C48B1A7D,1383362,INR,CREDIT,2026-07-07T14:04:19Z,SETTLEMENT SET_0B7EFD72,SET_0B7EFD72
BNK_5B2922B6,237438,INR,CREDIT,2026-09-01T20:46:10Z,SETTLEMENT SET_18C6C57D,SET_18C6C57D
BNK_102D81B4,315866,INR,CREDIT,2026-08-03T18:40:24Z,SETTLEMENT SET_A9E856EC,SET_A9E856EC
BNK_7CC8C3CC,1206733,INR,CREDIT,2026-08-03T21:31:04Z,SETTLEMENT SET_5801B24C,SET_5801B24C
BNK_E4531C81,-27147,INR,CREDIT,2026-07-23T17:00:24Z,SETTLEMENT SET_60549A14,SET_60549A14
BNK_0A66715C,1134577,INR,CREDIT,2026-07-13T15:31:16Z,SETTLEMENT SET_955EC040,SET_955EC040
BNK_4D02102E,359118,INR,CREDIT,2026-07-07T05:33:35Z,SETTLEMENT SET_2511C841,SET_2511C841
BNK_6A17C044,1759961,INR,CREDIT,2026-07-12T18:52:51Z,SETTLEMENT SET_7AF41A24,SET_7AF41A24
BNK_7C439D89,867532,INR,CREDIT,2026-07-28T06:14:21Z,SETTLEMENT SET_4EB4B374,SET_4EB4B374
BNK_3D34F18A,29292000,INR,CREDIT,2026-07-22T07:31:28Z,SETTLEMENT SET_3B97CC5D,SET_3B97CC5D
BNK_50097779,545663,INR,CREDIT,2026-07-13T17:48:21Z,SETTLEMENT SET_FD9488B5,SET_FD9488B5
BNK_6165AC65,1180663,INR,CREDIT,2026-07-20T12:19:04Z,SETTLEMENT SET_12629BC8,SET_12629BC8
BNK_9DD6AD29,1099134,INR,CREDIT,2026-07-07T19:33:10Z,SETTLEMENT SET_0A24DA46,SET_0A24DA46
BNK_15CE4E70,235020,INR,CREDIT,2026-08-07T18:38:11Z,SETTLEMENT SET_674B3F91,SET_674B3F91
BNK_D46DEB80,1333568,INR,CREDIT,2026-09-08T17:36:51Z,SETTLEMENT SET_05EE554C,SET_05EE554C
BNK_E90C8371,731617,INR,CREDIT,2026-07-27T15:58:31Z,SETTLEMENT SET_1DB03CF6,SET_1DB03CF6
BNK_28A6E4E8,1922530,INR,CREDIT,2026-07-16T19:15:47Z,SETTLEMENT SET_EA704A22,SET_EA704A22
BNK_4BC4A57F,1367644,INR,CREDIT,2026-07-24T17:17:29Z,SETTLEMENT SET_FE0F62EC,SET_FE0F62EC
BNK_70E7602D,1832508,INR,CREDIT,2026-07-26T11:45:06Z,SETTLEMENT SET_50961381,SET_50961381
BNK_F227EE79,1156742,INR,CREDIT,2026-08-21T03:26:28Z,SETTLEMENT SET_7FA1F49D,SET_7FA1F49D
BNK_87B40D62,673909,INR,CREDIT,2026-08-10T21:37:24Z,SETTLEMENT SET_3D5C23A0,SET_3D5C23A0
BNK_CC045832,1663687,INR,CREDIT,2026-07-13T13:35:15Z,SETTLEMENT SET_CE6C80E4,SET_CE6C80E4
BNK_5F4BA49F,1752346,INR,CREDIT,2026-07-08T21:12:48Z,SETTLEMENT SET_9914A4BA,SET_9914A4BA
BNK_D5D0CBA9,58584000,INR,CREDIT,2026-09-01T23:50:38Z,SETTLEMENT SET_9ECD54F6,SET_9ECD54F6
BNK_0A9EBF15,61661,INR,CREDIT,2026-08-28T00:21:23Z,SETTLEMENT SET_8128FA8A,SET_8128FA8A
BNK_F959A2C1,1770214,INR,CREDIT,2026-09-03T14:57:11Z,SETTLEMENT SET_D643C8F9,SET_D643C8F9
BNK_A952DB58,41205,INR,CREDIT,2026-08-05T05:43:02Z,SETTLEMENT SET_F184090D,SET_F184090D
BNK_23C04A70,875433,INR,CREDIT,2026-07-22T11:06:16Z,SETTLEMENT SET_9B33C629,SET_9B33C629
BNK_AE3151AC,-23722,INR,CREDIT,2026-07-18T09:59:16Z,SETTLEMENT SET_72564206,SET_72564206
BNK_BF9ACA83,94418,INR,CREDIT,2026-08-31T09:26:58Z,SETTLEMENT SET_46EDE5C4,SET_46EDE5C4
BNK_6CC5C91A,485759,INR,CREDIT,2026-07-08T05:59:07Z,SETTLEMENT SET_81EE959B,SET_81EE959B
BNK_2493C988,-34389,INR,CREDIT,2026-08-16T01:56:53Z,SETTLEMENT SET_DCAE7FD4,SET_DCAE7FD4
BNK_1EA5F030,598597,INR,CREDIT,2026-08-21T23:14:57Z,SETTLEMENT SET_4ED1505A,SET_4ED1505A
BNK_CE38722C,1879961,INR,CREDIT,2026-07-28T05:51:31Z,SETTLEMENT SET_4D9D410B,SET_4D9D410B
BNK_4713D21C,1747659,INR,CREDIT,2026-09-02T09:34:46Z,SETTLEMENT SET_1D197230,SET_1D197230
BNK_48495847,498941,INR,CREDIT,2026-08-09T20:43:15Z,SETTLEMENT SET_7BE9A2E8,SET_7BE9A2E8
BNK_C93462BA,78598,INR,CREDIT,2026-08-27T22:25:34Z,SETTLEMENT SET_C8CB3216,SET_C8CB3216
BNK_2125875C,500894,INR,CREDIT,2026-07-14T01:29:47Z,SETTLEMENT SET_947D25FF,SET_947D25FF
BNK_98B3E084,1230264,INR,CREDIT,2026-08-09T12:28:34Z,SETTLEMENT SET_21258EE2,SET_21258EE2
BNK_5469384C,1293828,INR,CREDIT,2026-08-10T02:07:56Z,SETTLEMENT SET_BAD9F983,SET_BAD9F983
BNK_9D84B6A6,1385367,INR,CREDIT,2026-08-30T13:22:11Z,SETTLEMENT SET_7A1AAF00,SET_7A1AAF00
BNK_1E988F97,276517,INR,CREDIT,2026-07-27T12:24:13Z,SETTLEMENT SET_4B4431E0,SET_4B4431E0
BNK_D119F0A5,824412,INR,CREDIT,2026-08-22T22:50:35Z,SETTLEMENT SET_E14F3A1A,SET_E14F3A1A
BNK_6AA9E202,1419686,INR,CREDIT,2026-07-25T19:15:05Z,SETTLEMENT SET_7968654B,SET_7968654B
BNK_25B893A8,1512835,INR,CREDIT,2026-07-10T14:02:05Z,SETTLEMENT SET_7DDE2DE0,SET_7DDE2DE0
BNK_39B993CE,435670,INR,CREDIT,2026-08-30T18:12:23Z,SETTLEMENT SET_B1E215CE,SET_B1E215CE
BNK_199C2698,93833,INR,CREDIT,2026-08-20T13:42:11Z,SETTLEMENT SET_0E410030,SET_0E410030
BNK_B3B2CA13,1901344,INR,CREDIT,2026-08-22T09:05:16Z,SETTLEMENT SET_496C508F,SET_496C508F
BNK_9E6DEFE5,14646000,INR,CREDIT,2026-07-18T00:47:28Z,SETTLEMENT SET_571B9652,SET_571B9652
BNK_ACB68CAC,1312087,INR,CREDIT,2026-09-01T08:26:15Z,SETTLEMENT SET_18A02911,SET_18A02911
BNK_C0CEB9B2,1047092,INR,CREDIT,2026-08-19T13:39:11Z,SETTLEMENT SET_ED1EA273,SET_ED1EA273
BNK_8E878FBE,1471923,INR,CREDIT,2026-07-19T07:23:07Z,SETTLEMENT SET_7FA0AD35,SET_7FA0AD35
BNK_2FB89E83,792837,INR,CREDIT,2026-07-18T14:05:14Z,SETTLEMENT SET_7635B7C5,SET_7635B7C5
BNK_FA120B92,122539,INR,CREDIT,2026-07-05T02:48:51Z,SETTLEMENT SET_21410B8D,SET_21410B8D
BNK_20E58349,1642208,INR,CREDIT,2026-08-08T10:34:03Z,SETTLEMENT SET_11E5AA96,SET_11E5AA96
BNK_2C983319,1859747,INR,CREDIT,2026-08-18T09:47:19Z,SETTLEMENT SET_6E85F483,SET_6E85F483
BNK_34BB0905,423563,INR,CREDIT,2026-07-25T11:04:38Z,SETTLEMENT SET_0A4E7D82,SET_0A4E7D82
BNK_B9525EA9,29292000,INR,CREDIT,2026-08-11T05:35:01Z,SETTLEMENT SET_DD94F7B2,SET_DD94F7B2
BNK_E077DAC3,1042796,INR,CREDIT,2026-09-03T09:45:50Z,SETTLEMENT SET_7E6562E4,SET_7E6562E4
BNK_BA4C4F3E,492399,INR,CREDIT,2026-07-12T07:09:29Z,SETTLEMENT SET_842F7988,SET_842F7988
BNK_66B81023,718045,INR,CREDIT,2026-07-04T11:38:23Z,SETTLEMENT SET_177C67CF,SET_177C67CF
BNK_0138EFBA,467306,INR,CREDIT,2026-08-06T01:12:41Z,SETTLEMENT SET_34274077,SET_34274077
BNK_4261A2DA,677329,INR,CREDIT,2026-08-01T11:32:18Z,SETTLEMENT SET_2CBA1690,SET_2CBA1690
BNK_EA37FAD8,486200,INR,CREDIT,2026-08-05T12:17:13Z,SETTLEMENT SET_DEE0FFD0,SET_DEE0FFD0
BNK_4E5B3419,1574348,INR,CREDIT,2026-09-02T09:49:16Z,SETTLEMENT SET_3ECFAB4B,SET_3ECFAB4B
BNK_0209554A,833798,INR,CREDIT,2026-08-05T20:16:12Z,SETTLEMENT SET_CB240034,SET_CB240034
BNK_6740C0AD,335296,INR,CREDIT,2026-08-24T07:55:41Z,SETTLEMENT SET_8F1EB776,SET_8F1EB776
BNK_977D0FC7,28023,INR,CREDIT,2026-07-31T04:48:42Z,SETTLEMENT SET_7AC47A3E,SET_7AC47A3E
BNK_B6AFFE6E,718631,INR,CREDIT,2026-07-28T07:26:32Z,SETTLEMENT SET_32670DD2,SET_32670DD2
BNK_CE3635A3,1546130,INR,CREDIT,2026-08-21T00:11:08Z,SETTLEMENT SET_014A9083,SET_014A9083
BNK_E623CD50,936075,INR,CREDIT,2026-07-19T15:53:13Z,SETTLEMENT SET_833F494D,SET_833F494D
BNK_EAB3E706,121808,INR,CREDIT,2026-09-01T09:20:47Z,SETTLEMENT SET_6466764C,SET_6466764C
BNK_D822620E,710624,INR,CREDIT,2026-08-20T04:09:30Z,SETTLEMENT SET_E1A9DEEE,SET_E1A9DEEE
BNK_5A4F539B,1794038,INR,CREDIT,2026-07-05T04:53:46Z,SETTLEMENT SET_EAA903E6,SET_EAA903E6
BNK_15921AE9,609955,INR,CREDIT,2026-07-10T06:07:00Z,SETTLEMENT SET_61B2BEA1,SET_61B2BEA1
BNK_72C5900F,257770,INR,CREDIT,2026-07-05T04:45:34Z,SETTLEMENT SET_4C15BBBE,SET_4C15BBBE
BNK_D2C64861,923382,INR,CREDIT,2026-08-26T03:36:34Z,SETTLEMENT SET_C36FD4FB,SET_C36FD4FB
BNK_64BC19D9,988313,INR,CREDIT,2026-08-22T00:28:04Z,SETTLEMENT SET_C9E485DD,SET_C9E485DD
BNK_C103C4C6,568753,INR,CREDIT,2026-07-10T20:05:24Z,SETTLEMENT SET_9896ABE7,SET_9896ABE7
BNK_F0636C41,1613599,INR,CREDIT,2026-08-24T23:53:05Z,SETTLEMENT SET_03468009,SET_03468009
BNK_B4BD249E,164426,INR,CREDIT,2026-08-07T09:28:40Z,SETTLEMENT SET_C657E8AE,SET_C657E8AE
BNK_2C1AE65D,1653241,INR,CREDIT,2026-07-14T08:32:07Z,SETTLEMENT SET_D3C02F95,SET_D3C02F95
BNK_CFED5074,1452981,INR,CREDIT,2026-08-10T07:54:48Z,SETTLEMENT SET_187A84F2,SET_187A84F2
BNK_0BEEAF0D,587696,INR,CREDIT,2026-07-04T07:33:32Z,SETTLEMENT SET_9A67ADA9,SET_9A67ADA9
BNK_C72BD68C,989387,INR,CREDIT,2026-07-22T21:38:04Z,SETTLEMENT SET_ABEF0F55,SET_ABEF0F55
BNK_4D349CF5,934318,INR,CREDIT,2026-08-11T16:41:14Z,SETTLEMENT SET_429175D2,SET_429175D2
BNK_F3354F9F,547370,INR,CREDIT,2026-08-10T19:36:33Z,SETTLEMENT SET_3D79CB72,SET_3D79CB72
BNK_A6FDB5A2,288429,INR,CREDIT,2026-07-20T20:26:34Z,SETTLEMENT SET_A25715EB,SET_A25715EB
BNK_5667ED48,1063788,INR,CREDIT,2026-07-06T18:34:14Z,SETTLEMENT SET_F24DF086,SET_F24DF086
BNK_DF1CBAB0,175167,INR,CREDIT,2026-07-24T17:43:23Z,SETTLEMENT SET_97C1E7B1,SET_97C1E7B1
BNK_2F0F7E2D,1029807,INR,CREDIT,2026-07-03T09:42:28Z,SETTLEMENT SET_4AD82095,SET_4AD82095
BNK_B3FCD01B,648623,INR,CREDIT,2026-08-08T17:23:33Z,SETTLEMENT SET_DDB2D8EE,SET_DDB2D8EE
BNK_A58F02B0,1917455,INR,CREDIT,2026-07-22T13:15:56Z,SETTLEMENT SET_CDA92928,SET_CDA92928
BNK_22E4A1F8,267827,INR,CREDIT,2026-08-27T02:18:40Z,SETTLEMENT SET_1690541F,SET_1690541F
BNK_984E69C5,652001,INR,CREDIT,2026-07-26T13:25:09Z,SETTLEMENT SET_D4AA0B5E,SET_D4AA0B5E
BNK_FE5077C5,-27265,INR,CREDIT,2026-08-02T05:43:21Z,SETTLEMENT SET_E975872D,SET_E975872D
BNK_EF152D8F,720974,INR,CREDIT,2026-08-10T07:43:16Z,SETTLEMENT SET_93A200B3,SET_93A200B3
BNK_4A4ACC4D,62197,INR,CREDIT,2026-08-04T19:46:49Z,SETTLEMENT SET_86364864,SET_86364864
BNK_7F246D7E,1560776,INR,CREDIT,2026-08-18T09:08:58Z,SETTLEMENT SET_B5AFE2AA,SET_B5AFE2AA
BNK_B659C9AF,328255,INR,CREDIT,2026-07-17T07:48:34Z,SETTLEMENT SET_882CCD80,SET_882CCD80
BNK_0A50DCDC,779654,INR,CREDIT,2026-08-31T12:32:59Z,SETTLEMENT SET_53D7D77A,SET_53D7D77A
BNK_5C7B349A,1382778,INR,CREDIT,2026-08-31T05:38:17Z,SETTLEMENT SET_6034E24F,SET_6034E24F
BNK_34DFE49B,1375943,INR,CREDIT,2026-07-23T07:58:56Z,SETTLEMENT SET_1BB033D9,SET_1BB033D9
BNK_7C8A3B03,378844,INR,CREDIT,2026-07-20T14:17:33Z,SETTLEMENT SET_DD52E3D1,SET_DD52E3D1
BNK_3722CD78,426492,INR,CREDIT,2026-08-30T17:22:22Z,SETTLEMENT SET_186BA493,SET_186BA493
BNK_B0222803,1705381,INR,CREDIT,2026-08-16T08:29:59Z,SETTLEMENT SET_B8BAD84B,SET_B8BAD84B
BNK_EE271CA8,1555503,INR,CREDIT,2026-07-15T14:58:27Z,SETTLEMENT SET_190DD1B7,SET_190DD1B7
BNK_12456F3E,1089565,INR,CREDIT,2026-08-28T00:21:08Z,SETTLEMENT SET_CD3EB16D,SET_CD3EB16D
BNK_F7389A69,662976,INR,CREDIT,2026-08-08T21:44:17Z,SETTLEMENT SET_201F2CED,SET_201F2CED
BNK_7EFF2BC7,1591728,INR,CREDIT,2026-08-25T08:17:59Z,SETTLEMENT SET_42F91159,SET_42F91159
BNK_F0CD485D,-43497,INR,CREDIT,2026-07-16T02:11:15Z,SETTLEMENT SET_0126D4F4,SET_0126D4F4
BNK_FE3311FC,896043,INR,CREDIT,2026-07-31T11:25:19Z,SETTLEMENT SET_4501BB77,SET_4501BB77
BNK_F9BF90F4,778875,INR,CREDIT,2026-08-11T16:29:40Z,SETTLEMENT SET_A214C7A1,SET_A214C7A1
BNK_7586C4F1,1830848,INR,CREDIT,2026-08-01T16:14:15Z,SETTLEMENT SET_1B871858,SET_1B871858
BNK_BE01C8F4,521203,INR,CREDIT,2026-07-25T03:08:05Z,SETTLEMENT SET_92CCE16E,SET_92CCE16E
BNK_D502C58E,1614771,INR,CREDIT,2026-08-22T06:00:44Z,SETTLEMENT SET_5FA41158,SET_5FA41158
BNK_254404EB,942891,INR,CREDIT,2026-09-03T08:18:53Z,SETTLEMENT SET_F0E81C58,SET_F0E81C58
BNK_E0E71EE0,45498,INR,CREDIT,2026-08-10T00:55:59Z,SETTLEMENT SET_B3DDFD9D,SET_B3DDFD9D
BNK_4CE6EAC0,1928293,INR,CREDIT,2026-07-27T05:22:40Z,SETTLEMENT SET_CDB4AF9F,SET_CDB4AF9F
BNK_FC27C9CE,219859,INR,CREDIT,2026-08-19T16:06:25Z,SETTLEMENT SET_0C5AA0E0,SET_0C5AA0E0
BNK_8F504686,844515,INR,CREDIT,2026-08-24T23:59:09Z,SETTLEMENT SET_B15B1847,SET_B15B1847
BNK_F39B392E,1331127,INR,CREDIT,2026-08-26T08:23:33Z,SETTLEMENT SET_0FF8052A,SET_0FF8052A
BNK_AAE6E057,145289,INR,CREDIT,2026-07-11T03:50:32Z,SETTLEMENT SET_192F0014,SET_192F0014
BNK_5097EA54,468965,INR,CREDIT,2026-07-30T12:35:36Z,SETTLEMENT SET_D83FF882,SET_D83FF882
BNK_F1AF7148,550397,INR,CREDIT,2026-08-21T22:36:32Z,SETTLEMENT SET_ED73E32A,SET_ED73E32A
BNK_48F83AFD,676441,INR,CREDIT,2026-07-26T00:54:24Z,SETTLEMENT SET_1F8DE3FF,SET_1F8DE3FF
BNK_3893F463,954741,INR,CREDIT,2026-08-26T10:42:55Z,SETTLEMENT SET_56C10AC8,SET_56C10AC8
BNK_262729C9,1389711,INR,CREDIT,2026-07-30T21:15:28Z,SETTLEMENT SET_75B119EE,SET_75B119EE
BNK_560A81F0,494254,INR,CREDIT,2026-07-29T02:07:07Z,SETTLEMENT SET_3F22F4A1,SET_3F22F4A1
BNK_12C9E5E8,5370200,INR,CREDIT,2026-07-07T06:02:00Z,SETTLEMENT SET_7AE20F15,SET_7AE20F15
BNK_7EB1142A,685238,INR,CREDIT,2026-08-19T02:57:52Z,SETTLEMENT SET_583D8B06,SET_583D8B06
BNK_11E57737,435182,INR,CREDIT,2026-08-21T22:38:01Z,SETTLEMENT SET_605A05EC,SET_605A05EC
BNK_FF7311A3,1265513,INR,CREDIT,2026-08-05T05:49:02Z,SETTLEMENT SET_120DA1B5,SET_120DA1B5
BNK_87C139F7,1652948,INR,CREDIT,2026-07-09T15:51:58Z,SETTLEMENT SET_F873AEE1,SET_F873AEE1
BNK_9FC7E01F,991339,INR,CREDIT,2026-07-07T02:56:47Z,SETTLEMENT SET_D22780B7,SET_D22780B7
BNK_52E14BF8,1078434,INR,CREDIT,2026-07-10T17:07:45Z,SETTLEMENT SET_D02FC8BC,SET_D02FC8BC
BNK_A45C72F7,1619745,INR,CREDIT,2026-08-28T00:49:07Z,SETTLEMENT SET_445BF11C,SET_445BF11C
BNK_219A82AE,1268930,INR,CREDIT,2026-08-01T19:17:59Z,SETTLEMENT SET_15C51D26,SET_15C51D26
BNK_5F46F915,1572493,INR,CREDIT,2026-07-31T18:25:48Z,SETTLEMENT SET_C2E59F5E,SET_C2E59F5E
BNK_E4B79546,37885,INR,CREDIT,2026-08-28T06:04:17Z,SETTLEMENT SET_5F08E604,SET_5F08E604
BNK_3D48D63E,1424763,INR,CREDIT,2026-08-03T05:42:27Z,SETTLEMENT SET_01527E32,SET_01527E32
BNK_0DEEC5E3,1310108,INR,CREDIT,2026-07-06T04:31:46Z,SETTLEMENT SET_80BD858D,SET_80BD858D
BNK_6488A205,559380,INR,CREDIT,2026-08-23T06:13:45Z,SETTLEMENT SET_B0463A94,SET_B0463A94
BNK_63EB60AF,635539,INR,CREDIT,2026-07-25T03:26:15Z,SETTLEMENT SET_AC957037,SET_AC957037
BNK_F1CDA4B6,1241884,INR,CREDIT,2026-07-30T16:38:14Z,SETTLEMENT SET_E0585981,SET_E0585981
BNK_6F8DC7E1,1492526,INR,CREDIT,2026-07-29T02:22:58Z,SETTLEMENT SET_8B3959B6,SET_8B3959B6
BNK_408134EF,549323,INR,CREDIT,2026-07-23T07:02:12Z,SETTLEMENT SET_77B477A5,SET_77B477A5
BNK_22B1737D,242929,INR,CREDIT,2026-07-03T21:00:15Z,SETTLEMENT SET_4C0D3027,SET_4C0D3027
BNK_CDC64D34,1840514,INR,CREDIT,2026-08-21T19:08:57Z,SETTLEMENT SET_29C86947,SET_29C86947
BNK_82AFD7EE,29292000,INR,CREDIT,2026-07-06T06:29:41Z,SETTLEMENT SET_B4BA844A,SET_B4BA844A
BNK_2941F94E,1387365,INR,CREDIT,2026-07-30T23:10:19Z,SETTLEMENT SET_DB090709,SET_DB090709
BNK_7EC8FF5E,1908570,INR,CREDIT,2026-09-01T09:24:22Z,SETTLEMENT SET_29F2D4B0,SET_29F2D4B0
BNK_16BB2E37,1053634,INR,CREDIT,2026-08-18T00:25:06Z,SETTLEMENT SET_80FA9AA3,SET_80FA9AA3
BNK_AE0C6F7C,1182516,INR,CREDIT,2026-07-14T11:45:14Z,SETTLEMENT SET_92BCC4CA,SET_92BCC4CA
BNK_E219FA88,1241395,INR,CREDIT,2026-07-07T10:23:05Z,SETTLEMENT SET_09137BE3,SET_09137BE3
BNK_2CC64170,170968,INR,CREDIT,2026-08-02T07:30:44Z,SETTLEMENT SET_D165DF3D,SET_D165DF3D
BNK_C64CE9F6,5370200,INR,CREDIT,2026-07-12T12:51:09Z,SETTLEMENT SET_81561D40,SET_81561D40
BNK_E581E06D,968980,INR,CREDIT,2026-08-19T14:54:14Z,SETTLEMENT SET_2D3DEAF6,SET_2D3DEAF6
BNK_01E2E4FE,1330053,INR,CREDIT,2026-08-05T10:47:58Z,SETTLEMENT SET_DE21BE51,SET_DE21BE51
BNK_FEE13541,1565170,INR,CREDIT,2026-07-04T18:34:14Z,SETTLEMENT SET_5F52C9A5,SET_5F52C9A5
BNK_A8069396,1707822,INR,CREDIT,2026-07-06T06:53:49Z,SETTLEMENT SET_3C5E3E8B,SET_3C5E3E8B
BNK_2F59A73F,39542,INR,CREDIT,2026-08-03T18:38:26Z,SETTLEMENT SET_FBA74B45,SET_FBA74B45
BNK_5E63CE84,667175,INR,CREDIT,2026-08-13T22:56:09Z,SETTLEMENT SET_24D9AA2C,SET_24D9AA2C
BNK_8049CBEA,1686829,INR,CREDIT,2026-07-21T06:59:54Z,SETTLEMENT SET_E5E3A59F,SET_E5E3A59F
BNK_EE393D69,544832,INR,CREDIT,2026-07-27T21:20:20Z,SETTLEMENT SET_D227FD6A,SET_D227FD6A
BNK_59705F85,1014578,INR,CREDIT,2026-08-04T15:58:44Z,SETTLEMENT SET_950DAF2C,SET_950DAF2C
BNK_61E565E6,402668,INR,CREDIT,2026-07-04T07:57:59Z,SETTLEMENT SET_43C20D7D,SET_43C20D7D
BNK_EF7CE04D,947460,INR,CREDIT,2026-07-09T09:34:19Z,SETTLEMENT SET_230992C4,SET_230992C4
BNK_9C0AC810,429959,INR,CREDIT,2026-07-09T05:24:00Z,SETTLEMENT SET_6E729CCE,SET_6E729CCE
BNK_85651830,1139655,INR,CREDIT,2026-08-22T12:37:18Z,SETTLEMENT SET_EF402753,SET_EF402753
BNK_9449341F,1418417,INR,CREDIT,2026-07-16T13:56:47Z,SETTLEMENT SET_2736CDF8,SET_2736CDF8
BNK_F3C549D2,1235632,INR,CREDIT,2026-07-17T04:03:20Z,SETTLEMENT SET_53844CD8,SET_53844CD8
BNK_A3850DAC,14646000,INR,CREDIT,2026-08-07T09:42:08Z,SETTLEMENT SET_614750D2,SET_614750D2
BNK_94652B04,963314,INR,CREDIT,2026-08-13T21:34:31Z,SETTLEMENT SET_7119B1C8,SET_7119B1C8
BNK_ED8B3A0D,1494576,INR,CREDIT,2026-07-29T21:04:10Z,SETTLEMENT SET_130AD202,SET_130AD202
BNK_129672BE,1834168,INR,CREDIT,2026-08-21T12:48:19Z,SETTLEMENT SET_F3EEF89D,SET_F3EEF89D
BNK_50AEBB10,572364,INR,CREDIT,2026-07-13T16:45:34Z,SETTLEMENT SET_55B97F82,SET_55B97F82
BNK_C156C573,1640450,INR,CREDIT,2026-08-06T13:13:46Z,SETTLEMENT SET_0D443684,SET_0D443684
BNK_35DFEF0C,715992,INR,CREDIT,2026-08-08T14:00:33Z,SETTLEMENT SET_A5ACCB0C,SET_A5ACCB0C
BNK_0ABC7723,1114463,INR,CREDIT,2026-08-05T06:58:45Z,SETTLEMENT SET_E456CF22,SET_E456CF22
BNK_DA7BD4DE,162181,INR,CREDIT,2026-07-29T05:56:36Z,SETTLEMENT SET_97B2C52B,SET_97B2C52B
BNK_2F9862E1,1231143,INR,CREDIT,2026-08-07T11:49:24Z,SETTLEMENT SET_15C56977,SET_15C56977
BNK_6F099490,1225090,INR,CREDIT,2026-08-16T04:54:45Z,SETTLEMENT SET_75F1F368,SET_75F1F368
BNK_BE857067,1047482,INR,CREDIT,2026-08-25T17:16:37Z,SETTLEMENT SET_13C0ABFB,SET_13C0ABFB
BNK_E8F2ADF4,129373,INR,CREDIT,2026-08-06T21:50:45Z,SETTLEMENT SET_45E3F226,SET_45E3F226
BNK_F08DDE32,1298320,INR,CREDIT,2026-07-24T21:22:10Z,SETTLEMENT SET_4A4698CC,SET_4A4698CC
BNK_45E78093,14646000,INR,CREDIT,2026-08-10T21:27:31Z,SETTLEMENT SET_1150F0BC,SET_1150F0BC
BNK_127FC178,1273714,INR,CREDIT,2026-08-01T10:53:36Z,SETTLEMENT SET_D483EE6E,SET_D483EE6E
BNK_5C4F870E,311570,INR,CREDIT,2026-08-22T15:33:06Z,SETTLEMENT SET_5C8AF56B,SET_5C8AF56B
BNK_FB1F589D,1585088,INR,CREDIT,2026-09-03T17:55:08Z,SETTLEMENT SET_5A584C49,SET_5A584C49
BNK_41D6E1BF,1340393,INR,CREDIT,2026-08-03T05:19:06Z,SETTLEMENT SET_310AA2A4,SET_310AA2A4
BNK_92F4702B,1209978,INR,CREDIT,2026-08-31T00:12:35Z,SETTLEMENT SET_C95EAA94,SET_C95EAA94
BNK_084A14F5,663171,INR,CREDIT,2026-08-09T06:36:33Z,SETTLEMENT SET_52DDF181,SET_52DDF181
BNK_7A22C7C3,158568,INR,CREDIT,2026-07-31T08:13:21Z,SETTLEMENT SET_0989057C,SET_0989057C
BNK_5E7099E7,1647733,INR,CREDIT,2026-07-11T16:40:13Z,SETTLEMENT SET_CD014EC2,SET_CD014EC2
BNK_BC737C3B,435963,INR,CREDIT,2026-07-26T14:08:12Z,SETTLEMENT SET_29B7AD32,SET_29B7AD32
BNK_B5367F7B,502456,INR,CREDIT,2026-08-04T19:35:22Z,SETTLEMENT SET_6462B8D8,SET_6462B8D8
BNK_3FD205E5,1938836,INR,CREDIT,2026-08-01T17:33:11Z,SETTLEMENT SET_C5640F34,SET_C5640F34
BNK_23FF459E,1530115,INR,CREDIT,2026-08-06T04:30:11Z,SETTLEMENT SET_7660ADFD,SET_7660ADFD
BNK_EEEA235A,623139,INR,CREDIT,2026-07-29T21:48:05Z,SETTLEMENT SET_E2921B97,SET_E2921B97
BNK_1AB737D3,507240,INR,CREDIT,2026-07-03T09:52:20Z,SETTLEMENT SET_CBD57C7B,SET_CBD57C7B
BNK_DC597CC7,1007155,INR,CREDIT,2026-07-25T20:44:02Z,SETTLEMENT SET_EF966C3E,SET_EF966C3E
BNK_B8B57610,1667106,INR,CREDIT,2026-07-18T02:25:57Z,SETTLEMENT SET_70B05DD3,SET_70B05DD3
BNK_210B337D,888915,INR,CREDIT,2026-07-24T21:49:20Z,SETTLEMENT SET_8F3263F0,SET_8F3263F0
BNK_3BDC941B,316745,INR,CREDIT,2026-07-08T17:57:14Z,SETTLEMENT SET_21746872,SET_21746872
BNK_6EC5926A,1336824,INR,CREDIT,2026-08-18T04:50:15Z,SETTLEMENT SET_F88BFC95,SET_F88BFC95
BNK_89CA9170,102230,INR,CREDIT,2026-07-04T14:47:50Z,SETTLEMENT SET_4A306255,SET_4A306255
BNK_23B501F1,989094,INR,CREDIT,2026-08-01T01:03:50Z,SETTLEMENT SET_5AA09757,SET_5AA09757
BNK_320DDFAD,108869,INR,CREDIT,2026-08-08T19:06:26Z,SETTLEMENT SET_21260A3E,SET_21260A3E
BNK_3DB1C3A6,473847,INR,CREDIT,2026-07-19T21:40:15Z,SETTLEMENT SET_50155D9F,SET_50155D9F
BNK_C675DD5A,1153227,INR,CREDIT,2026-08-19T02:57:37Z,SETTLEMENT SET_F6F7585D,SET_F6F7585D
BNK_729EE4FB,854839,INR,CREDIT,2026-07-03T10:11:23Z,SETTLEMENT SET_84EEA607,SET_84EEA607
BNK_76A3264F,289405,INR,CREDIT,2026-08-15T14:10:27Z,SETTLEMENT SET_F627467B,SET_F627467B
BNK_944B96F8,257868,INR,CREDIT,2026-07-28T19:50:05Z,SETTLEMENT SET_7CDD4232,SET_7CDD4232
BNK_5FDE6B2F,1695714,INR,CREDIT,2026-08-21T08:54:42Z,SETTLEMENT SET_A648B02A,SET_A648B02A
BNK_D4347732,804161,INR,CREDIT,2026-07-18T17:48:24Z,SETTLEMENT SET_6928F0B7,SET_6928F0B7
BNK_00B37D2A,347599,INR,CREDIT,2026-07-28T23:54:17Z,SETTLEMENT SET_A1D65C24,SET_A1D65C24
BNK_E6D34693,108239,INR,CREDIT,2026-08-17T22:18:54Z,SETTLEMENT SET_D49E14EA,SET_D49E14EA
BNK_D185D599,1945575,INR,CREDIT,2026-08-10T17:47:25Z,SETTLEMENT SET_DC5E7DFC,SET_DC5E7DFC
BNK_20D5313F,1812589,INR,CREDIT,2026-08-08T15:57:21Z,SETTLEMENT SET_1E55E61C,SET_1E55E61C
BNK_F35342E3,922644,INR,CREDIT,2026-07-23T07:47:38Z,SETTLEMENT SET_02FE6609,SET_02FE6609
BNK_A2BD42C6,1284259,INR,CREDIT,2026-08-23T05:16:05Z,SETTLEMENT SET_50DDA3D6,SET_50DDA3D6
BNK_0B960346,304149,INR,CREDIT,2026-07-05T08:46:54Z,SETTLEMENT SET_DCA81396,SET_DCA81396
BNK_15C2D70B,14594,INR,CREDIT,2026-08-13T13:24:45Z,SETTLEMENT SET_73287A98,SET_73287A98
BNK_DAD2DE0E,1844713,INR,CREDIT,2026-08-13T23:28:16Z,SETTLEMENT SET_544F5E0F,SET_544F5E0F
BNK_F2DAF305,1391273,INR,CREDIT,2026-08-22T14:04:53Z,SETTLEMENT SET_8A2DFF5F,SET_8A2DFF5F
BNK_C2B282DB,58584000,INR,CREDIT,2026-08-13T01:45:05Z,SETTLEMENT SET_6311F497,SET_6311F497
BNK_4B382B67,13768,INR,CREDIT,2026-08-16T18:46:35Z,SETTLEMENT SET_4AF622DF,SET_4AF622DF
BNK_29D17421,943984,INR,CREDIT,2026-08-17T09:38:37Z,SETTLEMENT SET_E197494C,SET_E197494C
BNK_00B040AC,899851,INR,CREDIT,2026-08-10T22:18:40Z,SETTLEMENT SET_EF464C55,SET_EF464C55
BNK_2B4D2413,1166701,INR,CREDIT,2026-08-27T09:49:03Z,SETTLEMENT SET_D3B3F240,SET_D3B3F240
BNK_655F51F2,-3771,INR,CREDIT,2026-09-01T05:24:49Z,SETTLEMENT SET_73C2E320,SET_73C2E320
BNK_40DF8035,1614576,INR,CREDIT,2026-09-07T07:30:52Z,SETTLEMENT SET_582CF06D,SET_582CF06D
BNK_28845FB6,301368,INR,CREDIT,2026-08-29T09:45:19Z,SETTLEMENT SET_B7E71587,SET_B7E71587
BNK_C742720A,1155960,INR,CREDIT,2026-07-21T14:16:12Z,SETTLEMENT SET_D1B2E539,SET_D1B2E539
BNK_A085D9E2,-25653,INR,CREDIT,2026-08-04T13:48:30Z,SETTLEMENT SET_E8F017E6,SET_E8F017E6
BNK_2C037FC2,508412,INR,CREDIT,2026-07-06T02:58:54Z,SETTLEMENT SET_78EC1C81,SET_78EC1C81
BNK_4F5A5B40,126151,INR,CREDIT,2026-08-24T03:32:49Z,SETTLEMENT SET_EB96BF95,SET_EB96BF95
BNK_A0CF0777,994104,INR,CREDIT,2026-07-17T13:33:59Z,SETTLEMENT SET_D575D34A,SET_D575D34A
BNK_E5253272,1635178,INR,CREDIT,2026-07-04T18:53:44Z,SETTLEMENT SET_58F76729,SET_58F76729
BNK_75898162,385728,INR,CREDIT,2026-07-13T18:52:29Z,SETTLEMENT SET_61E5D1C2,SET_61E5D1C2
BNK_241B2C67,1063105,INR,CREDIT,2026-07-23T18:33:51Z,SETTLEMENT SET_C1BFACC9,SET_C1BFACC9
BNK_D6863603,614156,INR,CREDIT,2026-08-09T06:40:20Z,SETTLEMENT SET_32606D87,SET_32606D87
BNK_AAC3F735,1736626,INR,CREDIT,2026-07-08T18:02:06Z,SETTLEMENT SET_462032FD,SET_462032FD
BNK_92520983,1774412,INR,CREDIT,2026-08-18T14:49:29Z,SETTLEMENT SET_13FFCDFA,SET_13FFCDFA
BNK_49BADD85,185907,INR,CREDIT,2026-07-18T00:07:39Z,SETTLEMENT SET_CE9B53EB,SET_CE9B53EB
BNK_4F0AECD1,1410410,INR,CREDIT,2026-09-03T05:43:43Z,SETTLEMENT SET_E00E49E3,SET_E00E49E3
BNK_063438B0,390268,INR,CREDIT,2026-09-02T11:42:03Z,SETTLEMENT SET_F84C8E85,SET_F84C8E85
BNK_61773657,454415,INR,CREDIT,2026-09-01T01:07:29Z,SETTLEMENT SET_087217EA,SET_087217EA
BNK_20B7B675,1541931,INR,CREDIT,2026-07-09T15:42:57Z,SETTLEMENT SET_17CD4B4C,SET_17CD4B4C
BNK_6241A0DD,1769921,INR,CREDIT,2026-08-31T08:14:07Z,SETTLEMENT SET_40280C4E,SET_40280C4E
BNK_985BA6E1,1290313,INR,CREDIT,2026-08-11T17:41:07Z,SETTLEMENT SET_B14976C4,SET_B14976C4
BNK_0FDCA6D0,1736821,INR,CREDIT,2026-08-07T05:11:25Z,SETTLEMENT SET_494E9DD7,SET_494E9DD7
BNK_53439C6A,441138,INR,CREDIT,2026-08-24T00:30:56Z,SETTLEMENT SET_C425E760,SET_C425E760
BNK_FA7693DD,1554625,INR,CREDIT,2026-07-08T22:33:21Z,SETTLEMENT SET_5CBE789B,SET_5CBE789B
BNK_30CDD7B5,257087,INR,CREDIT,2026-08-01T15:45:35Z,SETTLEMENT SET_8C3AE5D8,SET_8C3AE5D8
BNK_88E673CE,372302,INR,CREDIT,2026-08-25T14:31:50Z,SETTLEMENT SET_28842095,SET_28842095
BNK_91C4F80D,1273421,INR,CREDIT,2026-08-16T15:01:31Z,SETTLEMENT SET_ED4A326B,SET_ED4A326B
BNK_1BE2DD0A,246680,INR,CREDIT,2026-08-13T12:03:44Z,SETTLEMENT SET_9065D2C0,SET_9065D2C0
BNK_6C2FDB30,1098353,INR,CREDIT,2026-07-12T20:29:15Z,SETTLEMENT SET_8F302F4C,SET_8F302F4C
BNK_82ACF56A,959761,INR,CREDIT,2026-07-05T19:29:29Z,SETTLEMENT SET_A9E437A9,SET_A9E437A9
BNK_5331776D,691292,INR,CREDIT,2026-08-18T23:56:15Z,SETTLEMENT SET_1F079E24,SET_1F079E24
BNK_968D8971,1537440,INR,CREDIT,2026-07-06T05:28:20Z,SETTLEMENT SET_203E6C88,SET_203E6C88
BNK_12CE9EC9,226623,INR,CREDIT,2026-07-15T17:37:26Z,SETTLEMENT SET_555D48CF,SET_555D48CF
BNK_1036E270,152512,INR,CREDIT,2026-08-30T05:46:10Z,SETTLEMENT SET_92D2C822,SET_92D2C822
BNK_5CFC566A,790689,INR,CREDIT,2026-07-11T17:04:10Z,SETTLEMENT SET_5A33BF98,SET_5A33BF98
BNK_AC85BCFF,-28048,INR,CREDIT,2026-07-10T01:00:30Z,SETTLEMENT SET_4E891134,SET_4E891134
BNK_AF443AFF,1679897,INR,CREDIT,2026-08-17T23:18:04Z,SETTLEMENT SET_A3BDBEEC,SET_A3BDBEEC
BNK_C4C5C909,1548080,INR,CREDIT,2026-07-14T05:14:15Z,SETTLEMENT SET_EBACE7E2,SET_EBACE7E2
BNK_B84D1A11,684066,INR,CREDIT,2026-07-19T20:08:46Z,SETTLEMENT SET_A9A56E98,SET_A9A56E98
BNK_E1FB46EC,1700108,INR,CREDIT,2026-07-18T15:38:31Z,SETTLEMENT SET_7BAFAB88,SET_7BAFAB88
BNK_89EEDA87,141444,INR,CREDIT,2026-07-30T16:03:03Z,SETTLEMENT SET_D3D7D1AC,SET_D3D7D1AC
BNK_FCD40DB4,1046604,INR,CREDIT,2026-07-09T08:13:34Z,SETTLEMENT SET_66F3A571,SET_66F3A571
BNK_D123034E,1234268,INR,CREDIT,2026-07-29T01:53:24Z,SETTLEMENT SET_37FE181B,SET_37FE181B
BNK_8F91717A,281594,INR,CREDIT,2026-07-05T15:09:03Z,SETTLEMENT SET_1572262A,SET_1572262A
BNK_2B90E37E,1249304,INR,CREDIT,2026-07-21T05:12:17Z,SETTLEMENT SET_54DA1A78,SET_54DA1A78
BNK_C26664AB,1859066,INR,CREDIT,2026-07-31T19:34:18Z,SETTLEMENT SET_B847C724,SET_B847C724
BNK_F083D203,-38722,INR,CREDIT,2026-07-25T10:34:20Z,SETTLEMENT SET_200F1DF2,SET_200F1DF2
BNK_09C02444,1780028,INR,CREDIT,2026-07-21T01:22:47Z,SETTLEMENT SET_36F3208E,SET_36F3208E
BNK_6169D0B8,328657,INR,CREDIT,2026-08-12T09:07:52Z,SETTLEMENT SET_0404D842,SET_0404D842
BNK_47DFE707,1734087,INR,CREDIT,2026-08-10T06:22:12Z,SETTLEMENT SET_F262007E,SET_F262007E
BNK_8770B572,1902809,INR,CREDIT,2026-07-24T12:58:05Z,SETTLEMENT SET_727C29E6,SET_727C29E6
BNK_4EF57E73,1657342,INR,CREDIT,2026-07-17T02:44:38Z,SETTLEMENT SET_3760AF07,SET_3760AF07
BNK_B7817BAE,1651483,INR,CREDIT,2026-08-01T20:48:16Z,SETTLEMENT SET_F6EF95CE,SET_F6EF95CE
BNK_B6E694DD,1242079,INR,CREDIT,2026-08-28T18:26:01Z,SETTLEMENT SET_5562F472,SET_5562F472
BNK_2E4468F9,-41007,INR,CREDIT,2026-08-17T21:44:52Z,SETTLEMENT SET_77D586C8,SET_77D586C8
BNK_8C213951,1031762,INR,CREDIT,2026-09-03T05:05:58Z,SETTLEMENT SET_1A5CD3F2,SET_1A5CD3F2
BNK_47F2B2BD,5370200,INR,CREDIT,2026-08-10T20:42:11Z,SETTLEMENT SET_E40D29D8,SET_E40D29D8
BNK_323F888F,1937666,INR,CREDIT,2026-08-28T20:07:15Z,SETTLEMENT SET_10F680C2,SET_10F680C2
BNK_6918EF21,453771,INR,CREDIT,2026-08-24T16:52:09Z,SETTLEMENT SET_256EF7F6,SET_256EF7F6
BNK_3035BED3,181123,INR,CREDIT,2026-08-29T07:45:59Z,SETTLEMENT SET_BABF3FCD,SET_BABF3FCD
BNK_AC31FB31,1848423,INR,CREDIT,2026-08-09T18:41:56Z,SETTLEMENT SET_DAF299AB,SET_DAF299AB
BNK_2A01AC83,1184276,INR,CREDIT,2026-07-12T00:28:17Z,SETTLEMENT SET_4CCE1E49,SET_4CCE1E49
BNK_785899A3,622408,INR,CREDIT,2026-08-28T19:40:14Z,SETTLEMENT SET_9700A97F,SET_9700A97F
BNK_F01B128D,1109581,INR,CREDIT,2026-07-21T04:38:52Z,SETTLEMENT SET_CDAD4290,SET_CDAD4290
BNK_3EA28B5A,168332,INR,CREDIT,2026-07-03T21:56:32Z,SETTLEMENT SET_BFA329D4,SET_BFA329D4
BNK_6F067DEC,104378,INR,CREDIT,2026-08-07T00:04:07Z,SETTLEMENT SET_4F1FB3B0,SET_4F1FB3B0
BNK_7F619BDF,929681,INR,CREDIT,2026-09-02T21:44:44Z,SETTLEMENT SET_D1F7D98F,SET_D1F7D98F
BNK_9F6BD80F,1340109,INR,CREDIT,2026-09-03T16:24:49Z,SETTLEMENT SET_9BE9BFF0,SET_9BE9BFF0
BNK_530BF4D2,1324585,INR,CREDIT,2026-07-31T21:13:56Z,SETTLEMENT SET_24BDAA55,SET_24BDAA55
BNK_A7EC589D,872707,INR,CREDIT,2026-07-14T10:06:01Z,SETTLEMENT SET_5FA80C18,SET_5FA80C18
BNK_18526562,892723,INR,CREDIT,2026-08-22T13:20:48Z,SETTLEMENT SET_02DD3ADD,SET_02DD3ADD
BNK_D1E16563,14646000,INR,CREDIT,2026-07-28T11:50:59Z,SETTLEMENT SET_A944078F,SET_A944078F
BNK_B489BA43,477070,INR,CREDIT,2026-08-12T19:05:16Z,SETTLEMENT SET_F212EA21,SET_F212EA21
BNK_2468B041,947798,INR,CREDIT,2026-07-17T17:46:18Z,SETTLEMENT SET_F62A82A4,SET_F62A82A4
BNK_A6696F0B,1364422,INR,CREDIT,2026-08-25T10:33:45Z,SETTLEMENT SET_328A6929,SET_328A6929
BNK_2858910F,620210,INR,CREDIT,2026-08-14T05:03:32Z,SETTLEMENT SET_14E41C26,SET_14E41C26
BNK_107CC14F,1212201,INR,CREDIT,2026-07-13T05:40:43Z,SETTLEMENT SET_E16BCFBC,SET_E16BCFBC
BNK_9D254BBB,863919,INR,CREDIT,2026-07-11T17:11:32Z,SETTLEMENT SET_021A2678,SET_021A2678
BNK_267BBCEC,1944208,INR,CREDIT,2026-08-04T17:43:08Z,SETTLEMENT SET_51EA595D,SET_51EA595D
BNK_E54202B4,1335227,INR,CREDIT,2026-07-10T03:36:18Z,SETTLEMENT SET_409C2B17,SET_409C2B17
BNK_43BD73FE,638714,INR,CREDIT,2026-08-02T19:51:45Z,SETTLEMENT SET_72BAA7C2,SET_72BAA7C2
BNK_D0599AF3,1187205,INR,CREDIT,2026-07-12T06:57:23Z,SETTLEMENT SET_7C239B65,SET_7C239B65
BNK_FE9FDEE8,1071937,INR,CREDIT,2026-08-16T07:41:12Z,SETTLEMENT SET_6077FA44,SET_6077FA44
BNK_C3FF2C33,867906,INR,CREDIT,2026-07-15T22:41:54Z,SETTLEMENT SET_81215017,SET_81215017
BNK_254DEC34,952869,INR,CREDIT,2026-08-30T09:27:37Z,SETTLEMENT SET_DD3C8665,SET_DD3C8665
BNK_2BCE87B7,753095,INR,CREDIT,2026-08-17T04:37:44Z,SETTLEMENT SET_4847968A,SET_4847968A
BNK_1BE6AF7B,-5593,INR,CREDIT,2026-07-29T23:39:14Z,SETTLEMENT SET_4DFDCBAE,SET_4DFDCBAE
BNK_D693CDD5,171945,INR,CREDIT,2026-08-17T05:29:47Z,SETTLEMENT SET_A678132E,SET_A678132E
BNK_105D6144,950526,INR,CREDIT,2026-08-15T07:34:07Z,SETTLEMENT SET_6EBE0C6E,SET_6EBE0C6E
BNK_795FA358,1880254,INR,CREDIT,2026-08-31T21:36:50Z,SETTLEMENT SET_3F32AAAE,SET_3F32AAAE
BNK_853D2667,1011160,INR,CREDIT,2026-09-01T02:31:05Z,SETTLEMENT SET_D564413F,SET_D564413F
BNK_442A6020,847904,INR,CREDIT,2026-07-24T23:38:47Z,SETTLEMENT SET_4FCE21E1,SET_4FCE21E1
BNK_B0B8C491,429031,INR,CREDIT,2026-08-07T12:14:47Z,SETTLEMENT SET_19167755,SET_19167755
BNK_0265C2AA,1934835,INR,CREDIT,2026-08-26T11:06:07Z,SETTLEMENT SET_A35B0C3B,SET_A35B0C3B
BNK_47B680A9,1803704,INR,CREDIT,2026-07-04T06:51:48Z,SETTLEMENT SET_F0FAAE62,SET_F0FAAE62
BNK_6DB005FE,853374,INR,CREDIT,2026-08-04T02:26:23Z,SETTLEMENT SET_DD63BCF1,SET_DD63BCF1
BNK_FA59E0DA,733863,INR,CREDIT,2026-08-25T08:19:30Z,SETTLEMENT SET_46148D94,SET_46148D94
BNK_B838429E,428250,INR,CREDIT,2026-08-22T20:01:05Z,SETTLEMENT SET_58DEEF67,SET_58DEEF67
BNK_BDE28E07,1064717,INR,CREDIT,2026-07-13T03:11:14Z,SETTLEMENT SET_B70CFC23,SET_B70CFC23
BNK_5B67C4BD,96812,INR,CREDIT,2026-07-04T04:00:48Z,SETTLEMENT SET_DFCD0B6C,SET_DFCD0B6C
BNK_862E4ECF,1682240,INR,CREDIT,2026-07-14T04:17:04Z,SETTLEMENT SET_041C5703,SET_041C5703
BNK_58FB1A7F,433334,INR,CREDIT,2026-07-31T22:07:33Z,SETTLEMENT SET_1A9492B4,SET_1A9492B4
BNK_F933BC45,249130,INR,CREDIT,2026-08-06T10:53:46Z,SETTLEMENT SET_3ECD965A,SET_3ECD965A
BNK_22AE24CA,1169435,INR,CREDIT,2026-08-25T16:06:50Z,SETTLEMENT SET_1847B15E,SET_1847B15E
BNK_28A87450,465939,INR,CREDIT,2026-08-07T11:39:11Z,SETTLEMENT SET_C8DCC43F,SET_C8DCC43F
BNK_C3AE00CD,537656,INR,CREDIT,2026-07-22T07:15:18Z,SETTLEMENT SET_044B3CDB,SET_044B3CDB
BNK_0D447B5C,692268,INR,CREDIT,2026-08-19T01:21:00Z,SETTLEMENT SET_F94FCC0E,SET_F94FCC0E
BNK_348BDB7D,1456496,INR,CREDIT,2026-07-09T00:46:20Z,SETTLEMENT SET_B6B40979,SET_B6B40979
BNK_82433638,209731,INR,CREDIT,2026-07-16T23:12:35Z,SETTLEMENT SET_E4602D1E,SET_E4602D1E
BNK_1CAB950A,1367644,INR,CREDIT,2026-08-30T10:25:52Z,SETTLEMENT SET_915D9F5C,SET_915D9F5C
BNK_1F475A65,832627,INR,CREDIT,2026-07-07T02:08:49Z,SETTLEMENT SET_52BB1CB7,SET_52BB1CB7
BNK_C6BABFBD,112579,INR,CREDIT,2026-07-11T13:58:35Z,SETTLEMENT SET_80FB9522,SET_80FB9522
BNK_80236BD2,355701,INR,CREDIT,2026-07-17T06:55:46Z,SETTLEMENT SET_53F2A1E3,SET_53F2A1E3
BNK_0E05E111,275541,INR,CREDIT,2026-08-27T17:49:47Z,SETTLEMENT SET_DE712F8B,SET_DE712F8B
BNK_7AF438A6,-21268,INR,CREDIT,2026-08-09T02:35:29Z,SETTLEMENT SET_E31303E2,SET_E31303E2
BNK_C3BC0BE8,1431989,INR,CREDIT,2026-08-29T12:57:55Z,SETTLEMENT SET_38F55855,SET_38F55855
BNK_FED5572D,1425447,INR,CREDIT,2026-08-13T16:07:53Z,SETTLEMENT SET_2671AAEA,SET_2671AAEA
BNK_FFB5930F,103756,INR,CREDIT,2026-08-05T10:47:09Z,SETTLEMENT SET_7FA6E863,SET_7FA6E863
BNK_8965AE27,724001,INR,CREDIT,2026-09-01T04:58:58Z,SETTLEMENT SET_0804F348,SET_0804F348
BNK_74246A58,483928,INR,CREDIT,2026-07-08T22:52:59Z,SETTLEMENT SET_DEFC6137,SET_DEFC6137
BNK_AFFA9ABB,143629,INR,CREDIT,2026-08-05T20:31:59Z,SETTLEMENT SET_C96BE24A,SET_C96BE24A
BNK_1830CF00,1941279,INR,CREDIT,2026-08-25T03:13:49Z,SETTLEMENT SET_66EB4697,SET_66EB4697
BNK_865CCDE5,351504,INR,CREDIT,2026-07-15T17:56:19Z,SETTLEMENT SET_7800ACC9,SET_7800ACC9
BNK_032FD881,398366,INR,CREDIT,2026-07-30T08:26:51Z,SETTLEMENT SET_452F0AEE,SET_452F0AEE
BNK_EAEBA8CD,727321,INR,CREDIT,2026-08-28T09:40:23Z,SETTLEMENT SET_B4C55F6A,SET_B4C55F6A
BNK_DC196555,78698,INR,CREDIT,2026-07-22T18:52:38Z,SETTLEMENT SET_3EE82AD4,SET_3EE82AD4
BNK_FD989CBB,1914330,INR,CREDIT,2026-08-12T17:35:08Z,SETTLEMENT SET_56120088,SET_56120088
BNK_E07E8EA2,1861507,INR,CREDIT,2026-07-04T20:33:52Z,SETTLEMENT SET_6B3BABE5,SET_6B3BABE5
BNK_80618038,360292,INR,CREDIT,2026-07-25T18:24:16Z,SETTLEMENT SET_C3BE4162,SET_C3BE4162
BNK_08280F8D,1155568,INR,CREDIT,2026-07-19T17:34:56Z,SETTLEMENT SET_2D589E99,SET_2D589E99
BNK_3BF5D0DD,473116,INR,CREDIT,2026-07-08T17:38:00Z,SETTLEMENT SET_D04FF1DD,SET_D04FF1DD
BNK_D42921F0,620110,INR,CREDIT,2026-07-09T23:10:54Z,SETTLEMENT SET_FBCC83AD,SET_FBCC83AD
BNK_805171E6,780339,INR,CREDIT,2026-07-22T19:04:45Z,SETTLEMENT SET_B4B1CCA2,SET_B4B1CCA2
BNK_74758DAD,547368,INR,CREDIT,2026-09-03T10:27:16Z,SETTLEMENT SET_B081896A,SET_B081896A
BNK_40DF048F,14646000,INR,CREDIT,2026-07-30T14:56:30Z,SETTLEMENT SET_42A896C4,SET_42A896C4
BNK_37CD8DF1,1602078,INR,CREDIT,2026-07-12T03:48:41Z,SETTLEMENT SET_DD239035,SET_DD239035
BNK_095D0F52,75281,INR,CREDIT,2026-07-11T06:53:59Z,SETTLEMENT SET_45DDE6FB,SET_45DDE6FB
BNK_BA562450,15230,INR,CREDIT,2026-09-01T19:39:20Z,SETTLEMENT SET_9A63144B,SET_9A63144B
BNK_09DEDF3C,1524161,INR,CREDIT,2026-07-05T20:29:57Z,SETTLEMENT SET_8D3F17D0,SET_8D3F17D0
BNK_A1894013,1224711,INR,CREDIT,2026-08-31T02:29:14Z,SETTLEMENT SET_3A04F97A,SET_3A04F97A
BNK_9299F2ED,331050,INR,CREDIT,2026-08-04T18:53:55Z,SETTLEMENT SET_33459E29,SET_33459E29
BNK_11665954,293604,INR,CREDIT,2026-07-24T02:28:14Z,SETTLEMENT SET_B49909F0,SET_B49909F0
BNK_718A7CCA,498453,INR,CREDIT,2026-07-18T19:55:47Z,SETTLEMENT SET_3023ACCD,SET_3023ACCD
BNK_269C142B,626459,INR,CREDIT,2026-08-11T12:15:30Z,SETTLEMENT SET_3E937A8F,SET_3E937A8F
BNK_A4D69B46,1019114,INR,CREDIT,2026-07-22T04:14:28Z,SETTLEMENT SET_DCA34E1D,SET_DCA34E1D
BNK_FD5EF2CD,1034984,INR,CREDIT,2026-07-28T11:05:26Z,SETTLEMENT SET_ED95FF04,SET_ED95FF04
BNK_3244E635,1309060,INR,CREDIT,2026-08-11T17:20:52Z,SETTLEMENT SET_6DABEF5E,SET_6DABEF5E
BNK_554F4691,146458,INR,CREDIT,2026-08-20T16:26:48Z,SETTLEMENT SET_862B589C,SET_862B589C
BNK_66454966,935978,INR,CREDIT,2026-08-30T00:19:04Z,SETTLEMENT SET_29E35C55,SET_29E35C55
BNK_C9C5A400,754953,INR,CREDIT,2026-07-07T11:06:57Z,SETTLEMENT SET_939653F9,SET_939653F9
BNK_2866E64F,-39442,INR,CREDIT,2026-07-30T18:33:26Z,SETTLEMENT SET_858556BD,SET_858556BD
BNK_BDD5BF36,960485,INR,CREDIT,2026-08-27T10:21:35Z,SETTLEMENT SET_67B20DDB,SET_67B20DDB
BNK_35D0E55C,1093959,INR,CREDIT,2026-08-03T04:17:55Z,SETTLEMENT SET_BB89FEAE,SET_BB89FEAE
BNK_B153F3F4,877003,INR,CREDIT,2026-07-27T07:11:45Z,SETTLEMENT SET_5768AF27,SET_5768AF27
BNK_ADB039A8,1163186,INR,CREDIT,2026-07-10T09:38:16Z,SETTLEMENT SET_A6258A71,SET_A6258A71
BNK_E73EE939,14646000,INR,CREDIT,2026-08-21T15:30:49Z,SETTLEMENT SET_2C877AF7,SET_2C877AF7
BNK_C855E333,1307498,INR,CREDIT,2026-07-09T10:28:12Z,SETTLEMENT SET_F02B0418,SET_F02B0418
BNK_1D5B520A,504018,INR,CREDIT,2026-07-19T06:14:16Z,SETTLEMENT SET_8A21CA99,SET_8A21CA99
BNK_CDB8B85F,488739,INR,CREDIT,2026-08-10T01:16:50Z,SETTLEMENT SET_AD970EC6,SET_AD970EC6
BNK_54FF9788,1479637,INR,CREDIT,2026-08-05T22:02:27Z,SETTLEMENT SET_4D1EA814,SET_4D1EA814
BNK_3574A541,1131160,INR,CREDIT,2026-07-15T23:29:53Z,SETTLEMENT SET_B069FDA5,SET_B069FDA5
BNK_8AF73A49,278567,INR,CREDIT,2026-07-26T10:55:50Z,SETTLEMENT SET_209837F0,SET_209837F0
BNK_7FDC141B,55851,INR,CREDIT,2026-07-19T05:18:51Z,SETTLEMENT SET_0A539C0B,SET_0A539C0B
BNK_6A3986C2,1098643,INR,CREDIT,2026-08-02T07:27:32Z,SETTLEMENT SET_C87B9319,SET_C87B9319
BNK_78E02B77,477460,INR,CREDIT,2026-07-30T01:44:47Z,SETTLEMENT SET_BA3AF34B,SET_BA3AF34B
BNK_919F9E9C,1507124,INR,CREDIT,2026-07-23T02:10:05Z,SETTLEMENT SET_83C3FB8C,SET_83C3FB8C
BNK_B58CFEFD,51554,INR,CREDIT,2026-08-21T15:09:56Z,SETTLEMENT SET_932A6271,SET_932A6271
BNK_5DBEC97A,371814,INR,CREDIT,2026-07-08T22:32:33Z,SETTLEMENT SET_EC314D7E,SET_EC314D7E
BNK_9CD7B754,196039,INR,CREDIT,2026-08-22T01:25:17Z,SETTLEMENT SET_270ED53C,SET_270ED53C
BNK_4D6A4D82,864993,INR,CREDIT,2026-08-30T09:38:42Z,SETTLEMENT SET_08AF7C06,SET_08AF7C06
BNK_447FEE89,978351,INR,CREDIT,2026-08-06T05:29:04Z,SETTLEMENT SET_6BBA5D35,SET_6BBA5D35
BNK_7FC15475,1509515,INR,CREDIT,2026-08-07T23:34:07Z,SETTLEMENT SET_B4C62AEE,SET_B4C62AEE
BNK_BBF5FDA9,420145,INR,CREDIT,2026-08-04T04:27:07Z,SETTLEMENT SET_BBED2BB9,SET_BBED2BB9
BNK_70B1BDB0,501480,INR,CREDIT,2026-08-17T07:47:33Z,SETTLEMENT SET_1F8BC99F,SET_1F8BC99F
BNK_DF3B4411,922601,INR,CREDIT,2026-08-18T04:20:25Z,SETTLEMENT SET_4877291F,SET_4877291F
BNK_A6F5F9BD,1762305,INR,CREDIT,2026-07-14T10:10:36Z,SETTLEMENT SET_838B6E75,SET_838B6E75
BNK_BBFE1D29,840388,INR,CREDIT,2026-07-14T15:37:08Z,SETTLEMENT SET_BA0AC9BA,SET_BA0AC9BA
BNK_6B3E35C8,402863,INR,CREDIT,2026-08-22T10:11:53Z,SETTLEMENT SET_EC0CE0B0,SET_EC0CE0B0
BNK_77B8B3DC,346037,INR,CREDIT,2026-07-30T03:42:25Z,SETTLEMENT SET_E50DA15E,SET_E50DA15E
BNK_B1ABF0D9,922991,INR,CREDIT,2026-07-08T14:52:04Z,SETTLEMENT SET_960EA64D,SET_960EA64D
BNK_02ABC4A1,527256,INR,CREDIT,2026-07-27T22:27:52Z,SETTLEMENT SET_3DA1EB54,SET_3DA1EB54
BNK_B5271CDA,1791402,INR,CREDIT,2026-08-08T19:08:23Z,SETTLEMENT SET_7F2DCA44,SET_7F2DCA44
BNK_C3C42C80,94089,INR,CREDIT,2026-07-06T17:47:50Z,SETTLEMENT SET_E6755E6C,SET_E6755E6C
BNK_6BCBB9E8,1007645,INR,CREDIT,2026-07-05T21:09:18Z,SETTLEMENT SET_871E141B,SET_871E141B
BNK_F2A07D26,1824356,INR,CREDIT,2026-07-22T02:00:47Z,SETTLEMENT SET_3267D736,SET_3267D736
BNK_1987CAFC,93442,INR,CREDIT,2026-07-21T23:31:35Z,SETTLEMENT SET_6286FAE1,SET_6286FAE1
BNK_16A4DE4F,845953,INR,CREDIT,2026-07-13T14:59:20Z,SETTLEMENT SET_DD6F2542,SET_DD6F2542
BNK_5B68B6D0,1308084,INR,CREDIT,2026-08-22T14:21:43Z,SETTLEMENT SET_487D603B,SET_487D603B
BNK_AF571EAF,1176367,INR,CREDIT,2026-07-19T04:27:45Z,SETTLEMENT SET_4848F764,SET_4848F764
BNK_58046A26,144753,INR,CREDIT,2026-08-28T19:45:40Z,SETTLEMENT SET_960381A6,SET_960381A6
BNK_4AEB81CF,196745,INR,CREDIT,2026-08-08T06:05:28Z,SETTLEMENT SET_2139984B,SET_2139984B
BNK_F0962423,1736430,INR,CREDIT,2026-08-17T13:43:43Z,SETTLEMENT SET_65083FAD,SET_65083FAD
BNK_0B0D7827,1629710,INR,CREDIT,2026-07-28T13:11:34Z,SETTLEMENT SET_40106C2C,SET_40106C2C
BNK_26A323B5,1695421,INR,CREDIT,2026-08-21T13:06:05Z,SETTLEMENT SET_90975CBB,SET_90975CBB
BNK_22F32BF8,371423,INR,CREDIT,2026-08-01T16:23:02Z,SETTLEMENT SET_4FFAEB49,SET_4FFAEB49
BNK_44F4A571,321041,INR,CREDIT,2026-08-14T07:01:40Z,SETTLEMENT SET_AF3750E2,SET_AF3750E2
BNK_ECFC563D,604978,INR,CREDIT,2026-07-18T11:36:47Z,SETTLEMENT SET_CA0AA97B,SET_CA0AA97B
BNK_51229F49,438241,INR,CREDIT,2026-09-03T00:20:36Z,SETTLEMENT SET_87769255,SET_87769255
BNK_03AAF663,1528457,INR,CREDIT,2026-08-14T00:45:27Z,SETTLEMENT SET_0BECB20E,SET_0BECB20E
BNK_19CE110D,9147,INR,CREDIT,2026-07-07T23:51:36Z,SETTLEMENT SET_9454E47C,SET_9454E47C
BNK_2F91C398,1686536,INR,CREDIT,2026-07-31T05:09:52Z,SETTLEMENT SET_85EB9952,SET_85EB9952
BNK_61D4AF7F,724510,INR,CREDIT,2026-07-19T23:33:50Z,SETTLEMENT SET_11536712,SET_11536712
BNK_A0D641A5,1868830,INR,CREDIT,2026-07-06T10:51:08Z,SETTLEMENT SET_36CE55A6,SET_36CE55A6
BNK_69E1A6CF,245760,INR,CREDIT,2026-07-08T15:33:48Z,SETTLEMENT SET_611DA4B9,SET_611DA4B9
BNK_AE9F6C09,715409,INR,CREDIT,2026-07-20T06:39:19Z,SETTLEMENT SET_C298E4E5,SET_C298E4E5
BNK_24DA1827,1577375,INR,CREDIT,2026-07-24T07:43:54Z,SETTLEMENT SET_EB8A2566,SET_EB8A2566
BNK_2C9E90E6,960485,INR,CREDIT,2026-07-18T05:52:16Z,SETTLEMENT SET_D1ED87F0,SET_D1ED87F0
BNK_185D8675,1561850,INR,CREDIT,2026-07-07T01:55:39Z,SETTLEMENT SET_4F7D23E3,SET_4F7D23E3
BNK_89A19383,1774022,INR,CREDIT,2026-08-18T18:38:25Z,SETTLEMENT SET_5585DAA1,SET_5585DAA1
BNK_5FC7F0B4,1637521,INR,CREDIT,2026-07-23T04:23:39Z,SETTLEMENT SET_39912F9B,SET_39912F9B
BNK_B344AA95,362343,INR,CREDIT,2026-07-26T05:19:57Z,SETTLEMENT SET_5D3907FD,SET_5D3907FD
BNK_CBC3361B,1581428,INR,CREDIT,2026-08-07T19:33:46Z,SETTLEMENT SET_6BA6F130,SET_6BA6F130
BNK_692F0C23,1355537,INR,CREDIT,2026-08-09T23:00:02Z,SETTLEMENT SET_436A682A,SET_436A682A
BNK_911545AF,1315602,INR,CREDIT,2026-08-06T23:35:23Z,SETTLEMENT SET_8E40CB55,SET_8E40CB55
BNK_A5C8F703,1638302,INR,CREDIT,2026-08-19T03:08:35Z,SETTLEMENT SET_405D88E0,SET_405D88E0
BNK_5BBEAEAB,-30687,INR,CREDIT,2026-09-02T03:50:51Z,SETTLEMENT SET_74584C81,SET_74584C81
BNK_73C6C13B,866263,INR,CREDIT,2026-07-29T20:35:42Z,SETTLEMENT SET_2E72971A,SET_2E72971A
BNK_3F70F6D0,955310,INR,CREDIT,2026-07-17T17:39:16Z,SETTLEMENT SET_709DB56E,SET_709DB56E
BNK_0E836004,111526,INR,CREDIT,2026-08-12T20:52:45Z,SETTLEMENT SET_70E3CB67,SET_70E3CB67
BNK_19C7FE8C,621089,INR,CREDIT,2026-07-18T00:05:17Z,SETTLEMENT SET_EEE6A4D6,SET_EEE6A4D6
BNK_14E3AB25,173604,INR,CREDIT,2026-08-02T02:17:07Z,SETTLEMENT SET_42F7D6B5,SET_42F7D6B5
BNK_FA922E2F,1078337,INR,CREDIT,2026-08-11T18:11:39Z,SETTLEMENT SET_745A5C14,SET_745A5C14
BNK_1436A1CE,797915,INR,CREDIT,2026-09-03T11:18:57Z,SETTLEMENT SET_A8D09288,SET_A8D09288
BNK_88F4F862,903952,INR,CREDIT,2026-08-25T18:05:52Z,SETTLEMENT SET_6A71FF0B,SET_6A71FF0B
BNK_E77B7D02,1189058,INR,CREDIT,2026-07-24T21:31:46Z,SETTLEMENT SET_A5701CED,SET_A5701CED
BNK_3D33CE00,369666,INR,CREDIT,2026-07-16T09:21:58Z,SETTLEMENT SET_1F503C47,SET_1F503C47
BNK_D2F2C434,607594,INR,CREDIT,2026-07-09T09:49:59Z,SETTLEMENT SET_62DA0EB0,SET_62DA0EB0
BNK_6EA77B80,934903,INR,CREDIT,2026-07-13T12:41:29Z,SETTLEMENT SET_B0370C15,SET_B0370C15
BNK_5D30B7B7,1764746,INR,CREDIT,2026-08-20T22:51:49Z,SETTLEMENT SET_A9C05777,SET_A9C05777
BNK_EC5C8A7B,542098,INR,CREDIT,2026-07-19T12:31:03Z,SETTLEMENT SET_2E1B2397,SET_2E1B2397
BNK_6E346076,1739652,INR,CREDIT,2026-09-01T17:29:40Z,SETTLEMENT SET_DF033B29,SET_DF033B29
BNK_A4FFBB81,1257408,INR,CREDIT,2026-07-03T04:44:41Z,SETTLEMENT SET_A6FD0E17,SET_A6FD0E17
BNK_31DA85D9,1733794,INR,CREDIT,2026-08-25T06:29:24Z,SETTLEMENT SET_30A2DE59,SET_30A2DE59
BNK_6A33AE4D,820762,INR,CREDIT,2026-08-29T23:59:02Z,SETTLEMENT SET_17AD6701,SET_17AD6701
BNK_79553A87,718729,INR,CREDIT,2026-08-14T14:36:43Z,SETTLEMENT SET_F35CB9CC,SET_F35CB9CC
BNK_25F36296,-27996,INR,CREDIT,2026-07-17T11:57:01Z,SETTLEMENT SET_DE60D4CF,SET_DE60D4CF
BNK_99BBB33E,940421,INR,CREDIT,2026-07-17T08:45:05Z,SETTLEMENT SET_D7FCAF55,SET_D7FCAF55
BNK_9B23C3C0,-21537,INR,CREDIT,2026-08-11T06:38:56Z,SETTLEMENT SET_6F222DBF,SET_6F222DBF
BNK_1381FFA1,578322,INR,CREDIT,2026-07-06T19:44:20Z,SETTLEMENT SET_3E36D2E5,SET_3E36D2E5
BNK_F17CC5DF,45794,INR,CREDIT,2026-08-30T23:32:22Z,SETTLEMENT SET_1AC8CEF8,SET_1AC8CEF8
BNK_F349199C,78405,INR,CREDIT,2026-07-15T16:38:42Z,SETTLEMENT SET_C9EBF177,SET_C9EBF177
BNK_7752DA8E,639592,INR,CREDIT,2026-07-08T11:46:44Z,SETTLEMENT SET_2509BD24,SET_2509BD24
BNK_B389B2C7,1383071,INR,CREDIT,2026-09-03T02:09:24Z,SETTLEMENT SET_ABE49808,SET_ABE49808
BNK_D06E28B7,864505,INR,CREDIT,2026-08-03T21:42:19Z,SETTLEMENT SET_2343D2FA,SET_2343D2FA
BNK_0C5804C5,-9454,INR,CREDIT,2026-08-30T02:52:09Z,SETTLEMENT SET_2670D3CE,SET_2670D3CE
BNK_DE2FB4D9,1017800,INR,CREDIT,2026-07-23T07:03:36Z,SETTLEMENT SET_4BB9F328,SET_4BB9F328
BNK_C15FCD66,326216,INR,CREDIT,2026-08-05T23:44:49Z,SETTLEMENT SET_D8584A94,SET_D8584A94
BNK_A119FEE6,306004,INR,CREDIT,2026-08-17T13:36:08Z,SETTLEMENT SET_3726A481,SET_3726A481
BNK_8542C706,1603542,INR,CREDIT,2026-07-15T23:24:46Z,SETTLEMENT SET_8D75D640,SET_8D75D640
BNK_07A3BD26,1899880,INR,CREDIT,2026-08-15T07:13:15Z,SETTLEMENT SET_D8881039,SET_D8881039
BNK_0648D738,-13492,INR,CREDIT,2026-08-12T18:35:13Z,SETTLEMENT SET_4C336D88,SET_4C336D88
BNK_2AE38211,557915,INR,CREDIT,2026-09-01T02:19:35Z,SETTLEMENT SET_08275A3D,SET_08275A3D
BNK_E0A5B891,-3844,INR,CREDIT,2026-08-11T16:41:30Z,SETTLEMENT SET_65F38805,SET_65F38805
BNK_589C6E24,1576789,INR,CREDIT,2026-08-13T23:27:53Z,SETTLEMENT SET_4722277E,SET_4722277E
BNK_0498925C,1442436,INR,CREDIT,2026-08-02T18:01:59Z,SETTLEMENT SET_AE146C37,SET_AE146C37
BNK_E27A5011,1358661,INR,CREDIT,2026-08-21T16:26:06Z,SETTLEMENT SET_84CBDCA7,SET_84CBDCA7
BNK_ABB63BE6,520226,INR,CREDIT,2026-07-30T06:44:10Z,SETTLEMENT SET_6553F57D,SET_6553F57D
BNK_8B411816,1125594,INR,CREDIT,2026-07-28T15:01:20Z,SETTLEMENT SET_5CFFC54B,SET_5CFFC54B
BNK_B879EA66,1852915,INR,CREDIT,2026-07-08T14:43:10Z,SETTLEMENT SET_6873BE2F,SET_6873BE2F
BNK_9A85C722,431765,INR,CREDIT,2026-08-25T15:57:58Z,SETTLEMENT SET_29FF3D91,SET_29FF3D91
BNK_E7891DDE,29292000,INR,CREDIT,2026-07-25T00:11:44Z,SETTLEMENT SET_A4530BD2,SET_A4530BD2
BNK_0DCA2DA3,4936,INR,CREDIT,2026-07-22T01:45:27Z,SETTLEMENT SET_C46B7B20,SET_C46B7B20
BNK_294BA61F,520226,INR,CREDIT,2026-08-17T16:10:05Z,SETTLEMENT SET_0656EFBD,SET_0656EFBD
BNK_E883B679,1123739,INR,CREDIT,2026-08-08T01:33:38Z,SETTLEMENT SET_AEAC13C6,SET_AEAC13C6
BNK_B838065E,995343,INR,CREDIT,2026-08-11T06:42:08Z,SETTLEMENT SET_AC98DD69,SET_AC98DD69
BNK_E205F2E1,1235830,INR,CREDIT,2026-08-15T23:21:27Z,SETTLEMENT SET_14B2C61C,SET_14B2C61C
BNK_C3C78FDD,709257,INR,CREDIT,2026-08-14T00:42:05Z,SETTLEMENT SET_EDD1ADE7,SET_EDD1ADE7
BNK_7902C808,1777927,INR,CREDIT,2026-07-06T23:43:42Z,SETTLEMENT SET_1846D12F,SET_1846D12F
BNK_A2C8724B,1172559,INR,CREDIT,2026-07-19T07:13:55Z,SETTLEMENT SET_0BF4FFA4,SET_0BF4FFA4
BNK_D99B49E8,454808,INR,CREDIT,2026-07-22T16:19:37Z,SETTLEMENT SET_942EC11A,SET_942EC11A
BNK_B0A9E9B8,1519340,INR,CREDIT,2026-07-25T14:44:35Z,SETTLEMENT SET_18FC87E1,SET_18FC87E1
BNK_FB3388CF,175077,INR,CREDIT,2026-08-16T12:46:48Z,SETTLEMENT SET_DFFB7550,SET_DFFB7550
BNK_1D3B15AC,-9829,INR,CREDIT,2026-08-25T06:14:42Z,SETTLEMENT SET_DEE6B84F,SET_DEE6B84F
BNK_A73D203D,509796,INR,CREDIT,2026-07-22T03:51:23Z,SETTLEMENT SET_8D547BAB,SET_8D547BAB
BNK_5B784592,1013601,INR,CREDIT,2026-07-07T08:06:30Z,SETTLEMENT SET_2A14E95B,SET_2A14E95B
BNK_59EC777E,769139,INR,CREDIT,2026-08-15T05:01:06Z,SETTLEMENT SET_43372179,SET_43372179
BNK_4B4696AF,853862,INR,CREDIT,2026-08-25T01:02:36Z,SETTLEMENT SET_6AF6E02B,SET_6AF6E02B
BNK_EE937DFF,983723,INR,CREDIT,2026-08-10T11:02:46Z,SETTLEMENT SET_7C44F377,SET_7C44F377
BNK_C219AF4A,1106945,INR,CREDIT,2026-08-03T23:34:01Z,SETTLEMENT SET_AFB774FD,SET_AFB774FD
BNK_25F54E35,827304,INR,CREDIT,2026-07-19T22:13:32Z,SETTLEMENT SET_4E03CBD6,SET_4E03CBD6
BNK_233B376C,15037,INR,CREDIT,2026-08-22T21:55:39Z,SETTLEMENT SET_96911578,SET_96911578
BNK_FDF59236,473259,INR,CREDIT,2026-08-26T21:42:19Z,SETTLEMENT SET_3F55639C,SET_3F55639C
BNK_59D8FE1C,982064,INR,CREDIT,2026-08-30T14:58:40Z,SETTLEMENT SET_DF05D3FC,SET_DF05D3FC
BNK_65B1CF84,1608131,INR,CREDIT,2026-08-22T13:28:52Z,SETTLEMENT SET_AB5AF076,SET_AB5AF076
BNK_E1457148,-42876,INR,CREDIT,2026-08-17T05:09:54Z,SETTLEMENT SET_3EA516EA,SET_3EA516EA
BNK_03E908AE,1063984,INR,CREDIT,2026-07-11T21:02:03Z,SETTLEMENT SET_53CD596C,SET_53CD596C
BNK_C6060F2D,1746780,INR,CREDIT,2026-08-27T05:27:14Z,SETTLEMENT SET_1F4D1CAB,SET_1F4D1CAB
BNK_780B70A2,1655975,INR,CREDIT,2026-07-09T01:53:42Z,SETTLEMENT SET_A0AF59E1,SET_A0AF59E1
BNK_E1534447,458127,INR,CREDIT,2026-07-06T08:34:33Z,SETTLEMENT SET_8226C266,SET_8226C266
BNK_3FF89898,-15609,INR,CREDIT,2026-08-28T22:30:46Z,SETTLEMENT SET_81943849,SET_81943849
BNK_11234AE0,121625,INR,CREDIT,2026-07-30T12:24:16Z,SETTLEMENT SET_A5F7AD77,SET_A5F7AD77
BNK_F41A3422,1605397,INR,CREDIT,2026-07-26T11:50:20Z,SETTLEMENT SET_C46D35E5,SET_C46D35E5
BNK_69D87C39,1113487,INR,CREDIT,2026-08-25T07:25:39Z,SETTLEMENT SET_69510856,SET_69510856
BNK_2F69C267,301513,INR,CREDIT,2026-07-16T17:23:56Z,SETTLEMENT SET_BEA3A74D,SET_BEA3A74D
BNK_0BB728C6,1742191,INR,CREDIT,2026-07-27T03:50:14Z,SETTLEMENT SET_6D314C03,SET_6D314C03
BNK_AB3D61C4,215199,INR,CREDIT,2026-07-24T13:59:59Z,SETTLEMENT SET_038173FC,SET_038173FC
BNK_C5277CC6,1555065,INR,CREDIT,2026-07-07T15:54:39Z,SETTLEMENT SET_AD1A0216,SET_AD1A0216
BNK_962BCF88,1154493,INR,CREDIT,2026-08-16T20:04:12Z,SETTLEMENT SET_3E2F70D1,SET_3E2F70D1
BNK_CCD0EB38,1106457,INR,CREDIT,2026-08-15T23:57:43Z,SETTLEMENT SET_1933430A,SET_1933430A
BNK_C50546AF,699594,INR,CREDIT,2026-08-19T08:54:50Z,SETTLEMENT SET_70C4CA06,SET_70C4CA06
BNK_25E8D801,901120,INR,CREDIT,2026-07-23T04:08:12Z,SETTLEMENT SET_9BF77447,SET_9BF77447
BNK_4AE1CD1C,1250671,INR,CREDIT,2026-08-01T09:06:09Z,SETTLEMENT SET_A2C1A54A,SET_A2C1A54A
BNK_E76B16E3,1251257,INR,CREDIT,2026-07-07T16:34:23Z,SETTLEMENT SET_A25D4E2C,SET_A25D4E2C
BNK_16C28248,31343,INR,CREDIT,2026-07-11T16:55:18Z,SETTLEMENT SET_5D3EDBD1,SET_5D3EDBD1
BNK_74FF7777,939543,INR,CREDIT,2026-07-17T17:29:50Z,SETTLEMENT SET_DCE43473,SET_DCE43473
BNK_D83AD156,1849888,INR,CREDIT,2026-07-10T00:59:40Z,SETTLEMENT SET_A625B6F7,SET_A625B6F7
BNK_74A3BE4C,272318,INR,CREDIT,2026-07-10T05:47:52Z,SETTLEMENT SET_5DCC2E2F,SET_5DCC2E2F
BNK_B6FE7752,323284,INR,CREDIT,2026-08-12T22:13:36Z,SETTLEMENT SET_AA9D3063,SET_AA9D3063
BNK_721CAA9F,58439,INR,CREDIT,2026-09-03T14:10:09Z,SETTLEMENT SET_E21DB4E1,SET_E21DB4E1
BNK_94FA5109,695588,INR,CREDIT,2026-07-24T12:53:56Z,SETTLEMENT SET_45810D7A,SET_45810D7A
BNK_420B8419,601318,INR,CREDIT,2026-08-29T07:06:51Z,SETTLEMENT SET_E59622F8,SET_E59622F8
BNK_4ABF3192,1230948,INR,CREDIT,2026-07-11T05:20:08Z,SETTLEMENT SET_EF31534B,SET_EF31534B
BNK_2F6D7608,1273419,INR,CREDIT,2026-07-13T22:33:36Z,SETTLEMENT SET_842C1401,SET_842C1401
BNK_3D9D4187,1155472,INR,CREDIT,2026-08-04T13:21:04Z,SETTLEMENT SET_B32B197A,SET_B32B197A
BNK_D7250818,1443315,INR,CREDIT,2026-08-13T11:13:13Z,SETTLEMENT SET_C93F6B01,SET_C93F6B01
BNK_1AF01120,744408,INR,CREDIT,2026-08-22T23:29:52Z,SETTLEMENT SET_D1A412A1,SET_D1A412A1
BNK_5BD3074A,1317457,INR,CREDIT,2026-08-08T06:14:01Z,SETTLEMENT SET_87D74ADD,SET_87D74ADD
BNK_E66375AB,129200,INR,CREDIT,2026-09-03T03:36:27Z,SETTLEMENT SET_26005C95,SET_26005C95
BNK_19411748,1648652,INR,CREDIT,2026-08-04T01:42:47Z,SETTLEMENT SET_F4F2A50C,SET_F4F2A50C
BNK_7FCAF3E0,1813078,INR,CREDIT,2026-07-30T10:02:12Z,SETTLEMENT SET_FC9A7D55,SET_FC9A7D55
BNK_5FB97722,1752298,INR,CREDIT,2026-07-08T23:38:32Z,SETTLEMENT SET_D24BBCE7,SET_D24BBCE7
BNK_860AF507,222146,INR,CREDIT,2026-08-12T12:31:28Z,SETTLEMENT SET_0A5961FF,SET_0A5961FF
BNK_FFC60ED4,362446,INR,CREDIT,2026-08-03T05:32:36Z,SETTLEMENT SET_8B6733AE,SET_8B6733AE
BNK_B68E708D,372497,INR,CREDIT,2026-07-08T05:17:08Z,SETTLEMENT SET_7B6A5E8B,SET_7B6A5E8B
BNK_BD6546A1,1650655,INR,CREDIT,2026-08-17T22:22:44Z,SETTLEMENT SET_A906B2D8,SET_A906B2D8
BNK_D75A9344,1316969,INR,CREDIT,2026-08-19T07:26:27Z,SETTLEMENT SET_B1A0908B,SET_B1A0908B
BNK_CC542216,368349,INR,CREDIT,2026-07-13T18:24:33Z,SETTLEMENT SET_82C0538A,SET_82C0538A
BNK_4AF4BC74,112284,INR,CREDIT,2026-07-29T01:18:13Z,SETTLEMENT SET_A5048C24,SET_A5048C24
BNK_3D547824,720486,INR,CREDIT,2026-07-26T02:00:22Z,SETTLEMENT SET_7A7D5ECB,SET_7A7D5ECB
BNK_D99FE6C2,1767870,INR,CREDIT,2026-07-22T22:32:08Z,SETTLEMENT SET_3D8C54F5,SET_3D8C54F5
BNK_EBA002D8,1731353,INR,CREDIT,2026-07-25T17:03:52Z,SETTLEMENT SET_8B4B6772,SET_8B4B6772
BNK_DDD0B1E3,612691,INR,CREDIT,2026-08-30T17:27:20Z,SETTLEMENT SET_D4EEC2BC,SET_D4EEC2BC
BNK_C8453CE4,1148442,INR,CREDIT,2026-07-26T01:25:56Z,SETTLEMENT SET_54C19B59,SET_54C19B59
BNK_C35DC997,866360,INR,CREDIT,2026-08-30T08:25:12Z,SETTLEMENT SET_127E01E1,SET_127E01E1
BNK_9439AB60,783073,INR,CREDIT,2026-07-14T10:20:20Z,SETTLEMENT SET_9B4198F5,SET_9B4198F5
BNK_D8BE79EC,1707431,INR,CREDIT,2026-08-09T20:07:26Z,SETTLEMENT SET_04E62342,SET_04E62342
BNK_884860FB,49602,INR,CREDIT,2026-08-02T06:54:25Z,SETTLEMENT SET_6D7D7EFF,SET_6D7D7EFF
BNK_DB7A7D8C,929533,INR,CREDIT,2026-07-05T16:23:18Z,SETTLEMENT SET_34858F8A,SET_34858F8A
BNK_96D03D74,396614,INR,CREDIT,2026-07-06T19:10:50Z,SETTLEMENT SET_E69D85DA,SET_E69D85DA
BNK_9E0B5E56,1846666,INR,CREDIT,2026-08-26T09:41:23Z,SETTLEMENT SET_7C9F8B00,SET_7C9F8B00
BNK_63947079,114908,INR,CREDIT,2026-07-22T09:56:05Z,SETTLEMENT SET_51981DF2,SET_51981DF2
BNK_C23051BB,78991,INR,CREDIT,2026-08-10T03:53:45Z,SETTLEMENT SET_8CDBD9E9,SET_8CDBD9E9
BNK_D5B429C3,771816,INR,CREDIT,2026-08-27T03:51:09Z,SETTLEMENT SET_2B116996,SET_2B116996
BNK_E4F45183,1374772,INR,CREDIT,2026-07-23T12:55:31Z,SETTLEMENT SET_B7EB7113,SET_B7EB7113
BNK_52BA1B1E,59227,INR,CREDIT,2026-09-01T12:39:22Z,SETTLEMENT SET_4EE5051C,SET_4EE5051C
BNK_5636FDBD,1107433,INR,CREDIT,2026-07-29T06:37:43Z,SETTLEMENT SET_F5B0CDD2,SET_F5B0CDD2
BNK_FDAE409A,935099,INR,CREDIT,2026-07-05T23:28:24Z,SETTLEMENT SET_F7D4783C,SET_F7D4783C
BNK_9B87F627,659752,INR,CREDIT,2026-07-28T23:06:22Z,SETTLEMENT SET_7BFB2703,SET_7BFB2703
BNK_CB1BE6D5,1039378,INR,CREDIT,2026-07-29T23:33:01Z,SETTLEMENT SET_BAB4DDD9,SET_BAB4DDD9
BNK_51DED4C1,759347,INR,CREDIT,2026-07-11T20:21:59Z,SETTLEMENT SET_D8DC61BB,SET_D8DC61BB
BNK_868D7912,-22644,INR,CREDIT,2026-08-15T22:57:47Z,SETTLEMENT SET_07C98F0C,SET_07C98F0C
BNK_358A0691,1726764,INR,CREDIT,2026-07-19T21:50:46Z,SETTLEMENT SET_9029A88F,SET_9029A88F
BNK_B8FF35F9,1781735,INR,CREDIT,2026-07-21T22:22:18Z,SETTLEMENT SET_66E35783,SET_66E35783
BNK_E746FBB4,14646000,INR,CREDIT,2026-07-08T18:45:38Z,SETTLEMENT SET_52DA0558,SET_52DA0558
BNK_777539AF,218909,INR,CREDIT,2026-08-18T02:25:56Z,SETTLEMENT SET_AECA003D,SET_AECA003D
BNK_46131B56,-11370,INR,CREDIT,2026-07-19T15:22:06Z,SETTLEMENT SET_B687FA5C,SET_B687FA5C
BNK_C7567D71,376403,INR,CREDIT,2026-07-27T19:09:31Z,SETTLEMENT SET_AE4426C4,SET_AE4426C4
BNK_269A0ADA,622065,INR,CREDIT,2026-08-21T08:54:47Z,SETTLEMENT SET_B83FD3A4,SET_B83FD3A4
BNK_DC29F996,669713,INR,CREDIT,2026-08-06T12:55:02Z,SETTLEMENT SET_908D6EF4,SET_908D6EF4
BNK_8BE86E4E,1647578,INR,CREDIT,2026-08-12T01:46:33Z,SETTLEMENT SET_318E32F2,SET_318E32F2
BNK_18DB9521,1130281,INR,CREDIT,2026-07-12T18:48:59Z,SETTLEMENT SET_454E7588,SET_454E7588
