case_id,payment_id,settlement_id,bank_txn_id,anomaly_type,expected_decision,expected_settlement,actual_settlement
CASE_00000,PAY_4B4B1C94,SET_AA2096AF,BNK_E1E43DA9,ONE_TO_MANY,MATCHED,1168165,1168165
CASE_00001,PAY_A6F81C15,SET_74EF08C0,BNK_43443C57,CLEAN,MATCHED,1732427,1732427
CASE_00002,PAY_08E281AD,SET_EB77BEB0,BNK_474767C5,FEE_VARIANCE,EXCEPTION,1441753,1441653
CASE_00003,PAY_CECEDC82,SET_A48AD133,BNK_7B276E54,TIMING_DIFFERENCE,MATCHED,1463331,1463331
CASE_00004,PAY_43B78AAE,SET_C8EE2598,BNK_FDD4B484,CLEAN,MATCHED,1868440,1868440
CASE_00005,PAY_3043002D,SET_1A1C479D,BNK_66CC292A,OTHER,MATCHED,217249,217249
CASE_00006,PAY_5EACECEC,SET_E86AFA12,BNK_5B261515,UNEXPLAINED_DELTA,EXCEPTION,1107531,1066331
CASE_00007,PAY_C5783656,SET_BB9F86B2,BNK_4F094E53,TIMING_DIFFERENCE,MATCHED,1916674,1916674
CASE_00008,PAY_B811E249,SET_FB5F66B6,BNK_BC3AC644,CLEAN,MATCHED,1006181,1006181
CASE_00009,PAY_EEB705AB,SET_F631C369,BNK_AC0F54C1,AMBIGUOUS,REVIEW,332367,332367
CASE_00010,PAY_2C94C4A4,SET_F327F171,BNK_00846CF7,CLEAN,MATCHED,572269,572269
CASE_00011,PAY_177465CB,SET_8FC92C77,BNK_88F1E926,CLEAN,MATCHED,668053,668053
CASE_00012,PAY_FF0AC571,SET_8FDC3D6A,BNK_5426270A,TAX_VARIANCE,EXCEPTION,685726,685776
CASE_00013,PAY_C6C81CB7,SET_B23EAD2E,BNK_7EA54239,REFERENCE_TYPO,MATCHED,185809,185809
CASE_00014,PAY_8C17949E,SET_A019FE23,BNK_E84FAB24,CLEAN,MATCHED,1840612,1840612
CASE_00015,PAY_F09D55E2,SET_ECB048E6,BNK_574FDF7C,TIMING_DIFFERENCE,MATCHED,1847740,1847740
CASE_00016,,SET_9447A5D8,BNK_3B820B70,MISSING_PAYMENT,EXCEPTION,533408,533408
CASE_00017,PAY_4DDE1A48,SET_5C40238A,BNK_9620BB33,TIMING_DIFFERENCE,MATCHED,1324097,1324097
CASE_00018,PAY_D631FFE0,SET_4BF7C85A,BNK_EC2DC6E1,CLEAN,MATCHED,716092,716092
CASE_00019,PAY_FA7D0CDB,SET_29063A1C,BNK_254EA8C9,DUPLICATE,REVIEW,230138,230138
CASE_00020,PAY_FD450C82,SET_E7E03C4E,BNK_7F73D880,TIMING_DIFFERENCE,MATCHED,1183690,1183690
CASE_00021,PAY_D2409E30,SET_9C46D6FE,BNK_5958DB73,TIMING_DIFFERENCE,MATCHED,1011160,1011160
CASE_00022,PAY_7C07351C,SET_BC69C580,BNK_FDF95D24,FEE_VARIANCE,EXCEPTION,708769,708669
CASE_00023,PAY_E614460F,SET_7FFA84EB,BNK_A08C8368,CHARGEBACK,MATCHED,-41028,-41028
CASE_00024,PAY_AE0AC763,SET_00BAB2F4,BNK_77B48941,REFERENCE_TYPO,MATCHED,39349,39349
CASE_00025,PAY_E8C7F1D3,,,MISSING_SETTLEMENT,EXCEPTION,1632737,1632737
CASE_00026,PAY_B5ECBD9E,SET_E013A3BA,BNK_5F4AF34A,CLEAN,MATCHED,121465,121465
CASE_00027,PAY_376FEBA8,SET_E26B61C0,BNK_0D8BC16E,CLEAN,MATCHED,272709,272709
CASE_00028,PAY_D172F4A5,SET_571EAD34,BNK_90D2A8B0,OTHER,MATCHED,815685,815685
CASE_00029,PAY_557FE8B3,SET_3D5A1E98,BNK_EDC1F9AD,FEE_VARIANCE,EXCEPTION,1631174,1631074
CASE_00030,PAY_290B0300,SET_26A7B2B3,BNK_8CBAE9E2,UNEXPLAINED_DELTA,EXCEPTION,1693371,1671971
CASE_00031,PAY_F92C2EAF,SET_8009AE6E,BNK_4BD26B39,REFERENCE_TYPO,MATCHED,1535780,1535780
CASE_00032,PAY_0549361A,SET_6F66D193,BNK_4473F35B,CHARGEBACK,MATCHED,-10096,-10096
CASE_00033,PAY_85898412,SET_D1347095,BNK_889BE35F,CLEAN,MATCHED,1513420,1513420
CASE_00034,PAY_0027F3CF,SET_8D0071FF,BNK_9ACEDC1D,CLEAN,MATCHED,417704,417704
CASE_00035,PAY_2F7B1E29,SET_E5DF4C6B,BNK_9005958C,CLEAN,MATCHED,895066,895066
CASE_00036,PAY_3EFBD1D8,SET_5E32EBBA,BNK_6BC44754,CLEAN,MATCHED,249080,249080
CASE_00037,PAY_03B8B07E,SET_FE04DA7B,BNK_F9D97C3E,REFUND,MATCHED,935698,935698
CASE_00038,PAY_2EB9F3E7,SET_1BB55A0C,BNK_8F5ED7E2,CLEAN,MATCHED,288038,288038
CASE_00039,PAY_192C16A6,SET_B2AF6BD1,BNK_BF756613,HIGH_VALUE_ANOMALY,REVIEW,29292000,29292000
CASE_00040,PAY_16FA7783,SET_05962FBF,BNK_BA6A73C2,CLEAN,MATCHED,1204097,1204097
CASE_00041,,SET_5F447287,BNK_B43A7B4B,MISSING_PAYMENT,EXCEPTION,1809563,1809563
CASE_00042,PAY_88538AC1,SET_A3824186,BNK_6AA9B629,TIMING_DIFFERENCE,MATCHED,1587920,1587920
CASE_00043,PAY_D4C92AC9,SET_5647F8C4,BNK_BB2A76A8,REFERENCE_TYPO,MATCHED,1923997,1923997
CASE_00044,PAY_64D31379,SET_2235C187,BNK_2249FB89,DUPLICATE,REVIEW,1312966,1312966
CASE_00045,PAY_B28CC808,SET_DBFB805B,BNK_D679AAB6,CLEAN,MATCHED,461935,461935
CASE_00046,PAY_7F07E7D7,SET_2F5509EB,BNK_BC4F8A1D,CLEAN,MATCHED,1501899,1501899
CASE_00047,PAY_6A28FB28,SET_DFD228AF,BNK_7B32760F,DUPLICATE,REVIEW,1279084,1279084
CASE_00048,PAY_EDAF0D7A,SET_5BB65277,BNK_5F8C723F,CLEAN,MATCHED,1317652,1317652
CASE_00049,PAY_FB7BB419,SET_A6512222,BNK_E8FA889A,ONE_TO_MANY,MATCHED,1361004,1361004
CASE_00050,PAY_BCABB3E6,SET_717D4401,BNK_77037607,REFUND,MATCHED,272311,272311
CASE_00051,PAY_461481E0,SET_FE91F088,BNK_2B551360,TIMING_DIFFERENCE,MATCHED,159056,159056
CASE_00052,PAY_4A269938,SET_8C86EDA4,BNK_EBAA183D,HIGH_VALUE_ANOMALY,REVIEW,58584000,58584000
CASE_00053,PAY_CF50C469,SET_FBE4EDE2,BNK_529533AF,CLEAN,MATCHED,713651,713651
CASE_00054,PAY_6A62D0E5,SET_0C8DE7DD,BNK_CA3A2A49,DUPLICATE,REVIEW,1324194,1324194
CASE_00055,PAY_2971F692,SET_6488539C,BNK_0224EBA7,CLEAN,MATCHED,673619,673619
CASE_00056,PAY_38803625,SET_8B78D0F4,BNK_A8A7A506,CHARGEBACK,MATCHED,-36027,-36027
CASE_00057,PAY_C10AC23A,SET_A29006DA,BNK_7A9F030B,FEE_VARIANCE,EXCEPTION,968296,968196
CASE_00058,PAY_1F1A7B20,SET_97B014DD,BNK_FC3D8510,TIMING_DIFFERENCE,MATCHED,215297,215297
CASE_00059,PAY_0F9C6F36,SET_BA63C7B1,BNK_4A7EEAF5,CLEAN,MATCHED,371814,371814
CASE_00060,PAY_907CB983,SET_DC54C0BE,BNK_421A0FF3,OTHER,MATCHED,1903492,1903492
CASE_00061,PAY_97880A3D,SET_19780CD9,BNK_E0C962C2,CLEAN,MATCHED,1728326,1728326
CASE_00062,PAY_2B23B7DE,SET_4C7CBAFA,BNK_EE93CDD8,TAX_VARIANCE,EXCEPTION,814025,814075
CASE_00063,PAY_82F6B0E4,SET_95EC9ABC,BNK_D8A5F05C,CLEAN,MATCHED,288429,288429
CASE_00064,PAY_E1ACC37D,,,MISSING_SETTLEMENT,EXCEPTION,517590,517590
CASE_00065,PAY_3737451C,SET_397C9F73,BNK_9EE3D32F,TIMING_DIFFERENCE,MATCHED,711894,711894
CASE_00066,PAY_1F7444FD,SET_680F9ECE,BNK_61164EBA,CHARGEBACK,MATCHED,-12557,-12557
CASE_00067,PAY_C766E96D,,,MISSING_SETTLEMENT,EXCEPTION,1169630,1169630
CASE_00068,PAY_D3109604,SET_DEEED275,BNK_925DC631,FEE_VARIANCE,EXCEPTION,612984,612884
CASE_00069,PAY_5D57C3FF,SET_7B79E049,BNK_114A8F73,CLEAN,MATCHED,871145,871145
CASE_00070,PAY_96C1C795,SET_01E9E6B6,BNK_A547396F,DUPLICATE,REVIEW,1041526,1041526
CASE_00071,PAY_61F74A27,SET_55FEEAD0,BNK_624C837E,CLEAN,MATCHED,122832,122832
CASE_00072,PAY_55100951,SET_4720DC41,BNK_88CA85B7,CLEAN,MATCHED,1830165,1830165
CASE_00073,PAY_68618C59,SET_3D8435A5,BNK_36C3E549,DUPLICATE,REVIEW,1533827,1533827
CASE_00074,PAY_7A16432D,SET_1325833A,BNK_B8D32D72,REFUND,MATCHED,841561,841561
CASE_00075,PAY_2674E723,SET_42242A4F,BNK_E11B5024,CHARGEBACK,MATCHED,-11915,-11915
CASE_00076,PAY_D23E4578,SET_306F379F,BNK_3D6339B6,FEE_VARIANCE,EXCEPTION,661804,661704
CASE_00077,PAY_6016FD81,SET_D8BCD7C5,BNK_865F24EB,CLEAN,MATCHED,981282,981282
CASE_00078,PAY_943C2258,SET_25B4EC3B,BNK_A1661EDA,CLEAN,MATCHED,1589873,1589873
CASE_00079,PAY_8A409C57,SET_DD72BAEE,BNK_4EA9FEA7,CLEAN,MATCHED,278860,278860
CASE_00080,PAY_7110850D,SET_00D75B99,BNK_103897A6,FEE_VARIANCE,EXCEPTION,1358661,1358561
CASE_00081,PAY_63B35590,SET_47AE87A0,BNK_B46AB0E2,UNEXPLAINED_DELTA,EXCEPTION,984798,946698
CASE_00082,PAY_173B941D,,,MISSING_SETTLEMENT,EXCEPTION,1523282,1523282
CASE_00083,PAY_4E63D30E,SET_08226117,BNK_14DD8D1F,CLEAN,MATCHED,1273031,1273031
CASE_00084,PAY_E223526F,SET_41E98316,BNK_6A7749F0,CLEAN,MATCHED,1236221,1236221
CASE_00085,PAY_D1CD2E2B,SET_E9046B72,BNK_305A4F5F,HIGH_VALUE_ANOMALY,REVIEW,29292000,29292000
CASE_00086,PAY_75FAA7FE,SET_F4592E82,BNK_573D3094,CLEAN,MATCHED,278177,278177
CASE_00087,PAY_C0723523,SET_B1FAAC9C,BNK_9764A46E,DUPLICATE,REVIEW,763350,763350
CASE_00088,PAY_19AB45AB,SET_3426F731,BNK_CAAD4894,CLEAN,MATCHED,1731841,1731841
CASE_00089,PAY_FBB84A87,SET_3F45D963,BNK_8EB71982,CHARGEBACK,MATCHED,-10041,-10041
CASE_00090,PAY_8A813BE2,SET_9D377CE2,BNK_BDE5BBC3,REFUND,MATCHED,128152,128152
CASE_00091,PAY_EFE5E2EC,SET_227CF24E,BNK_F2A9AB1A,FEE_VARIANCE,EXCEPTION,1035863,1035763
CASE_00092,PAY_A179666E,SET_306785A8,BNK_AFA8363F,CLEAN,MATCHED,469356,469356
CASE_00093,PAY_AAC844B6,SET_984E40B8,BNK_4A9EDC3F,ONE_TO_MANY,MATCHED,1158890,1158890
CASE_00094,PAY_E2D75D51,SET_0E1746A6,BNK_B0BD83B5,REFUND,MATCHED,513417,513417
CASE_00095,PAY_634EF8EB,SET_8E691C81,BNK_02B81B76,CLEAN,MATCHED,1911401,1911401
CASE_00096,PAY_C49CBCDF,SET_30E7A96B,BNK_8E42A79D,REFERENCE_TYPO,MATCHED,1187108,1187108
CASE_00097,PAY_2A65D66C,SET_23936943,BNK_72C69E53,AMBIGUOUS,REVIEW,108479,108479
CASE_00098,PAY_E757B143,SET_60DA3945,BNK_2351E02C,CLEAN,MATCHED,299658,299658
CASE_00099,PAY_915703D5,SET_A9857889,BNK_CB2F253D,CLEAN,MATCHED,1001103,1001103
CASE_00100,PAY_EF2AFC31,SET_77E649E4,BNK_6E8F0AEF,REFERENCE_TYPO,MATCHED,1790620,1790620
CASE_00101,PAY_931C265E,SET_1CD734FE,BNK_9C2CE702,UNEXPLAINED_DELTA,EXCEPTION,500405,474605
CASE_00102,PAY_163DFBCE,SET_A993A8E2,BNK_06603FB2,REFUND,MATCHED,785775,785775
CASE_00103,PAY_027E6ACA,SET_561F2233,BNK_B0F51259,AMBIGUOUS,REVIEW,952674,952674
CASE_00104,PAY_1014A65A,SET_C8463B7B,BNK_10161DAB,ONE_TO_MANY,MATCHED,124980,124980
CASE_00105,PAY_5BBF38B0,SET_7B8B4881,BNK_5F6F4B28,REFUND,MATCHED,133297,133297
CASE_00106,PAY_9630F559,SET_C0A76A35,BNK_6D0F0738,OTHER,MATCHED,1554722,1554722
CASE_00107,PAY_C5AF1C48,SET_B3B33689,BNK_A989E7B7,CLEAN,MATCHED,1888456,1888456
CASE_00108,PAY_87886795,SET_332BE49C,BNK_B58491A0,CLEAN,MATCHED,282571,282571
CASE_00109,PAY_C7CAEC18,SET_D104F700,BNK_85A3A5F3,CLEAN,MATCHED,1807317,1807317
CASE_00110,PAY_979FD3B2,SET_668C8DFA,BNK_9E2CB891,CLEAN,MATCHED,933146,933146
CASE_00111,PAY_B3C14F8A,SET_EF6C5A0C,BNK_6993F6AB,CLEAN,MATCHED,352774,352774
CASE_00112,,SET_166DF773,BNK_FEF86BD9,MISSING_PAYMENT,EXCEPTION,1400842,1400842
CASE_00113,PAY_89939E2C,SET_620D0A15,BNK_E321C9CA,AMBIGUOUS,REVIEW,657704,657704
CASE_00114,PAY_2FC0E7EA,SET_1B2B548A,BNK_E8DC151A,DUPLICATE,REVIEW,41790,41790
CASE_00115,PAY_4E04153D,SET_03AE2B66,BNK_1E2D62C5,FEE_VARIANCE,EXCEPTION,1326342,1326242
CASE_00116,PAY_0EF3318D,SET_9F696204,BNK_E7039056,UNEXPLAINED_DELTA,EXCEPTION,1039866,992366
CASE_00117,PAY_0B7D436D,SET_07D12F67,BNK_13563E83,CLEAN,MATCHED,952088,952088
CASE_00118,PAY_33757E15,SET_F0830B4C,BNK_550EE43E,CLEAN,MATCHED,930803,930803
CASE_00119,PAY_C594957F,SET_D7D35522,BNK_88A8983D,AMBIGUOUS,REVIEW,720779,720779
CASE_00120,PAY_3FAA0CA2,SET_8E901231,BNK_FE4FA11A,CLEAN,MATCHED,1627366,1627366
CASE_00121,PAY_35858A6E,SET_14DDA697,BNK_717FB9AE,CLEAN,MATCHED,831015,831015
CASE_00122,PAY_5105DDFE,SET_093E2457,BNK_02FBADA6,CLEAN,MATCHED,966344,966344
CASE_00123,PAY_60194243,SET_B1A529B3,BNK_B3382DC1,REFUND,MATCHED,836464,836464
CASE_00124,PAY_D5E98FCE,SET_378FD11A,BNK_47297D6C,CLEAN,MATCHED,1462452,1462452
CASE_00125,PAY_5EA42B68,SET_321ACE5C,BNK_B344D6B0,TIMING_DIFFERENCE,MATCHED,1072674,1072674
CASE_00126,PAY_A523D161,SET_3C770A0E,BNK_51CDDA8D,FEE_VARIANCE,EXCEPTION,600486,600386
CASE_00127,PAY_F7066484,SET_4A428FAE,BNK_BF964D72,OTHER,MATCHED,219202,219202
CASE_00128,PAY_B2A03864,SET_B3179864,BNK_7FD0DFB3,TAX_VARIANCE,EXCEPTION,868606,868656
CASE_00129,PAY_8E0B93E3,SET_FEC20305,BNK_BF684399,REFUND,MATCHED,808451,808451
CASE_00130,PAY_43521A28,SET_5D7E4A1D,BNK_E6A69477,DUPLICATE,REVIEW,1950164,1950164
CASE_00131,PAY_4107FD0C,SET_28E960AC,BNK_922CB178,CLEAN,MATCHED,1865510,1865510
CASE_00132,PAY_54757C82,SET_5FC021E7,BNK_09868CBC,ONE_TO_MANY,MATCHED,1401818,1401818
CASE_00133,PAY_07A37C78,SET_B58B4E15,BNK_3144BF42,CLEAN,MATCHED,1790620,1790620
CASE_00134,PAY_D224F65B,SET_5DF4CC61,BNK_A744B4A1,CLEAN,MATCHED,166281,166281
CASE_00135,PAY_260D7C7D,SET_C8EE2430,BNK_6DD330AF,FEE_VARIANCE,EXCEPTION,460080,459980
CASE_00136,PAY_9C3E6AFA,SET_A29BC44C,BNK_39A340A0,CLEAN,MATCHED,1653924,1653924
CASE_00137,PAY_2730FCEE,SET_F49AB42B,BNK_14720AEF,REFUND,MATCHED,39923,39923
CASE_00138,PAY_AA32B8D1,SET_2E9E9E53,BNK_6BCEB734,REFUND,MATCHED,724986,724986
CASE_00139,PAY_7015DFBF,SET_2D77726C,BNK_40AA3041,CLEAN,MATCHED,56046,56046
CASE_00140,PAY_404993C5,SET_2C2B71AB,BNK_3A8B1608,CLEAN,MATCHED,86119,86119
CASE_00141,PAY_920C12C9,,,MISSING_SETTLEMENT,EXCEPTION,549323,549323
CASE_00142,PAY_90EA8ECA,SET_FAA5D83A,BNK_AF56E93E,REFERENCE_TYPO,MATCHED,530381,530381
CASE_00143,PAY_AF7673CB,SET_34F1224A,BNK_1E31FE82,HIGH_VALUE_ANOMALY,REVIEW,29292000,29292000
CASE_00144,PAY_B3E460E2,SET_FEE80F2C,BNK_82DB5F9E,CLEAN,MATCHED,1573762,1573762
CASE_00145,PAY_756AC69A,SET_1214F5CD,BNK_73610995,CLEAN,MATCHED,476679,476679
CASE_00146,PAY_1D6BACAE,SET_1E2B54DA,BNK_E72C46C6,CLEAN,MATCHED,1129793,1129793
CASE_00147,PAY_0B65C710,SET_461E1128,BNK_0291F78F,DUPLICATE,REVIEW,1146196,1146196
CASE_00148,PAY_BBC611EC,SET_A6DAAE55,BNK_BDB70653,ONE_TO_MANY,MATCHED,543855,543855
CASE_00149,PAY_9EB0C206,SET_4EDD6543,BNK_A2FCAF3B,CHARGEBACK,MATCHED,-34215,-34215
CASE_00150,PAY_EF7A25B9,SET_FC0FA30C,BNK_9F1730ED,OTHER,MATCHED,609567,609567
CASE_00151,,SET_ACA7DAEA,BNK_03B80854,MISSING_PAYMENT,EXCEPTION,1515178,1515178
CASE_00152,PAY_B07EF544,SET_6D87618E,BNK_65D2EF2F,HIGH_VALUE_ANOMALY,REVIEW,29292000,29292000
CASE_00153,PAY_11EED1B7,SET_837BA1DE,BNK_169F520B,CLEAN,MATCHED,630267,630267
CASE_00154,PAY_365B289D,SET_F5CC0200,BNK_AA9DA036,HIGH_VALUE_ANOMALY,REVIEW,29292000,29292000
CASE_00155,PAY_E27CC12C,SET_58DE2CF0,BNK_2071AA52,OTHER,MATCHED,1143365,1143365
CASE_00156,PAY_796C2B19,SET_AB291470,BNK_8269C1C4,CLEAN,MATCHED,880713,880713
CASE_00157,PAY_7E2A785C,SET_7EC3BB25,BNK_E137507A,HIGH_VALUE_ANOMALY,REVIEW,14646000,14646000
CASE_00158,PAY_C6B6D825,SET_40A9C84D,BNK_D825EBE4,CLEAN,MATCHED,1009989,1009989
CASE_00159,PAY_A670668D,SET_00147FFF,BNK_D64994EB,FEE_VARIANCE,EXCEPTION,503921,503821
CASE_00160,PAY_BAB943DD,SET_B531EE24,BNK_6FAE5693,HIGH_VALUE_ANOMALY,REVIEW,5370200,5370200
CASE_00161,PAY_4C90D379,SET_E469E835,BNK_752E1B05,CLEAN,MATCHED,911665,911665
CASE_00162,PAY_EB2C042E,SET_9C1A7386,BNK_93835508,CLEAN,MATCHED,1931808,1931808
CASE_00163,PAY_57B9CF08,SET_E802D275,BNK_C2FC508F,FEE_VARIANCE,EXCEPTION,1178320,1178220
CASE_00164,PAY_4FB058A6,SET_39553726,BNK_2367698C,CLEAN,MATCHED,1906812,1906812
CASE_00165,PAY_39AFA0D3,SET_6C8240EE,BNK_1C38E840,REFERENCE_TYPO,MATCHED,730934,730934
CASE_00166,PAY_90AAF0B1,SET_97D1A44E,BNK_11EC4642,CLEAN,MATCHED,500503,500503
CASE_00167,PAY_2D8A2E9F,SET_FABDD7C2,BNK_FC6C0629,REFUND,MATCHED,231340,231340
CASE_00168,PAY_9741FD85,SET_54BC4F81,BNK_5E68E5F8,TIMING_DIFFERENCE,MATCHED,943496,943496
CASE_00169,PAY_A16BA8CA,SET_384EE300,BNK_A77CCF0D,FEE_VARIANCE,EXCEPTION,1648652,1648552
CASE_00170,PAY_2ECF8501,SET_B61D347C,BNK_94861B93,CLEAN,MATCHED,401496,401496
CASE_00171,PAY_CC9430CB,SET_DBDAF524,BNK_F329D82A,CLEAN,MATCHED,271830,271830
CASE_00172,PAY_FDE5FE96,SET_12107131,BNK_AFC77193,UNEXPLAINED_DELTA,EXCEPTION,188543,158543
CASE_00173,PAY_DE1BB39C,SET_CAF1CABB,BNK_3746DB01,CLEAN,MATCHED,1443120,1443120
CASE_00174,PAY_D843E37B,SET_3D7B8291,BNK_D05CF0E1,CLEAN,MATCHED,294190,294190
CASE_00175,PAY_8B7707EA,SET_EF45106D,BNK_8102E1F1,TIMING_DIFFERENCE,MATCHED,466524,466524
CASE_00176,PAY_97C312AE,SET_04930254,BNK_34F63A8B,CLEAN,MATCHED,670201,670201
CASE_00177,PAY_F52160C4,SET_29B63EE2,BNK_3C1696EA,CLEAN,MATCHED,203385,203385
CASE_00178,PAY_C5FFFB44,SET_8A096B78,BNK_AF1E4D4D,UNEXPLAINED_DELTA,EXCEPTION,561040,521740
CASE_00179,PAY_92D0B812,SET_38C8175F,BNK_4077AC7E,CLEAN,MATCHED,1477587,1477587
CASE_00180,PAY_6A4BB0F3,SET_35F604CD,BNK_D6F159A8,CLEAN,MATCHED,830624,830624
CASE_00181,PAY_13AF26EB,SET_61B1D87F,BNK_5EB76E0A,UNEXPLAINED_DELTA,EXCEPTION,675376,642176
CASE_00182,PAY_190B2888,,,MISSING_SETTLEMENT,EXCEPTION,585840,585840
CASE_00183,PAY_1AE38D17,SET_63F37C4C,BNK_8D60094A,REFERENCE_TYPO,MATCHED,1702940,1702940
CASE_00184,PAY_909C8BFD,SET_657992ED,BNK_78180907,FEE_VARIANCE,EXCEPTION,1641134,1641034
CASE_00185,PAY_0D3D7630,,,MISSING_SETTLEMENT,EXCEPTION,1417929,1417929
CASE_00186,PAY_D222B376,SET_3405C5BC,BNK_052FBED7,FEE_VARIANCE,EXCEPTION,1144732,1144632
CASE_00187,PAY_28B0C104,SET_ACD940F5,BNK_CC1AD178,AMBIGUOUS,REVIEW,35834,35834
CASE_00188,,SET_715485EF,BNK_87C10823,MISSING_PAYMENT,EXCEPTION,873976,873976
CASE_00189,PAY_DB597942,SET_8C979B83,BNK_DF6C640F,ONE_TO_MANY,MATCHED,1908081,1908081
CASE_00190,PAY_B1A47671,SET_87D217F4,BNK_FBA7FAC8,CLEAN,MATCHED,1716414,1716414
CASE_00191,PAY_30941A65,SET_16ECD241,BNK_1ED69511,HIGH_VALUE_ANOMALY,REVIEW,14646000,14646000
CASE_00192,PAY_2CE9A8C4,SET_7A091889,BNK_49A557C6,CLEAN,MATCHED,511927,511927
CASE_00193,PAY_DCF7F874,SET_C005B245,BNK_505F8195,CLEAN,MATCHED,696857,696857
CASE_00194,PAY_62415B93,SET_1333B528,BNK_2C2F4CAD,ONE_TO_MANY,MATCHED,1813078,1813078
CASE_00195,PAY_5277DE1C,SET_27AE3E13,BNK_6E6E3926,CLEAN,MATCHED,774188,774188
CASE_00196,PAY_F2557DBE,SET_C6AD4E65,BNK_1A11251C,CHARGEBACK,MATCHED,-1708,-1708
CASE_00197,PAY_655A68C2,SET_8DEF462B,BNK_19764F26,CLEAN,MATCHED,1919408,1919408
CASE_00198,PAY_C14AA727,SET_A2D7C744,BNK_19479C69,REFERENCE_TYPO,MATCHED,342229,342229
CASE_00199,PAY_B4BEEC0C,SET_8FFE23AD,BNK_3C0047DD,TIMING_DIFFERENCE,MATCHED,1705478,1705478
CASE_00200,PAY_4FE38C0C,SET_ADBB9A36,BNK_00AB5259,CLEAN,MATCHED,1508831,1508831
CASE_00201,PAY_4DF0375E,SET_5886E473,BNK_A5047671,OTHER,MATCHED,1750490,1750490
CASE_00202,PAY_DF15B367,SET_8920F130,BNK_092CAC96,CLEAN,MATCHED,446411,446411
CASE_00203,PAY_373D8FD7,SET_FBD8B194,BNK_B46E6F40,REFUND,MATCHED,837083,837083
CASE_00204,PAY_15E45FE0,SET_2A0F8497,BNK_BA9877FD,CHARGEBACK,MATCHED,-37144,-37144
CASE_00205,PAY_D128CD9E,SET_4EE66CA1,BNK_78DFA78D,REFERENCE_TYPO,MATCHED,1399768,1399768
CASE_00206,PAY_D6EF2E91,SET_92330C2B,BNK_DEF52895,FEE_VARIANCE,EXCEPTION,484490,484390
CASE_00207,PAY_8F99BA5F,SET_3D0F4C9F,BNK_BA037DAE,DUPLICATE,REVIEW,80553,80553
CASE_00208,PAY_C785DE8B,SET_A4270B67,BNK_BE3FB992,CLEAN,MATCHED,881983,881983
CASE_00209,PAY_C2C131F2,SET_C9AB1DBE,BNK_4649AF6D,HIGH_VALUE_ANOMALY,REVIEW,14646000,14646000
CASE_00210,PAY_525766AD,SET_27E05CCB,BNK_BAF2E46E,CLEAN,MATCHED,491813,491813
CASE_00211,PAY_CE7C204A,SET_B33DF4BD,BNK_392011A5,CLEAN,MATCHED,789908,789908
CASE_00212,PAY_689C9D6D,SET_A3F0553B,BNK_45D1610C,CHARGEBACK,MATCHED,-26988,-26988
CASE_00213,PAY_78F54DA4,SET_BE5E5B77,BNK_8254327C,CLEAN,MATCHED,947890,947890
CASE_00214,PAY_EFD42759,SET_9754B4BD,BNK_F6363B6D,CLEAN,MATCHED,203092,203092
CASE_00215,PAY_92270331,SET_8A07B91B,BNK_A055CCB1,UNEXPLAINED_DELTA,EXCEPTION,480975,442975
CASE_00216,PAY_D37549C0,SET_63659C6C,BNK_4EF94A31,CLEAN,MATCHED,250838,250838
CASE_00217,PAY_5D30E4C9,SET_D8888EA1,BNK_4482DE22,REFUND,MATCHED,681634,681634
CASE_00218,PAY_79B94B19,SET_0042BB76,BNK_809E5996,OTHER,MATCHED,810803,810803
CASE_00219,PAY_BF3276B1,SET_74C515FF,BNK_B322B361,CLEAN,MATCHED,1779001,1779001
CASE_00220,PAY_F389950A,SET_3C0DFF36,BNK_D9B53846,DUPLICATE,REVIEW,694611,694611
CASE_00221,PAY_8E97EBFE,SET_BFDBE604,BNK_AD77EFD4,CLEAN,MATCHED,65419,65419
CASE_00222,PAY_0A8FEB55,SET_825A43D3,BNK_0DAC5A14,CLEAN,MATCHED,1663884,1663884
CASE_00223,PAY_5475B733,SET_75DB83E6,BNK_A89EFE2D,REFERENCE_TYPO,MATCHED,184540,184540
CASE_00224,PAY_8603F2D1,SET_F63A8598,BNK_1503EE8E,OTHER,MATCHED,687777,687777
CASE_00225,,SET_1A29553B,BNK_C685207E,MISSING_PAYMENT,EXCEPTION,644815,644815
CASE_00226,PAY_237E0E09,SET_89B3A8A8,BNK_F8DD92F8,CLEAN,MATCHED,171066,171066
CASE_00227,PAY_7E1B5E26,SET_D898C254,BNK_28732E89,TAX_VARIANCE,EXCEPTION,1631467,1631517
CASE_00228,PAY_656C4F07,SET_BED07768,BNK_2CEDA9B4,TIMING_DIFFERENCE,MATCHED,1095814,1095814
CASE_00229,,SET_7310BFC9,BNK_D8530023,MISSING_PAYMENT,EXCEPTION,926506,926506
CASE_00230,PAY_31E83B85,SET_727EFB91,BNK_06B00AB9,CLEAN,MATCHED,1374576,1374576
CASE_00231,PAY_A8264884,SET_14C73764,BNK_44610D59,HIGH_VALUE_ANOMALY,REVIEW,58584000,58584000
CASE_00232,PAY_00259104,SET_3C352D07,BNK_43F9B41E,CLEAN,MATCHED,1919993,1919993
CASE_00233,PAY_74E5313F,SET_464D1EFC,BNK_98A0BA79,UNEXPLAINED_DELTA,EXCEPTION,1924973,1907173
CASE_00234,PAY_BFF948CD,,,MISSING_SETTLEMENT,EXCEPTION,1341476,1341476
CASE_00235,PAY_58F5A13F,SET_D48E6D33,BNK_CCF5FBF2,CLEAN,MATCHED,1531191,1531191
CASE_00236,PAY_66291ED1,SET_D5C57866,BNK_42AD7F58,CLEAN,MATCHED,1199898,1199898
CASE_00237,PAY_25B29341,SET_AABDE80F,BNK_5F33F327,CLEAN,MATCHED,1582647,1582647
CASE_00238,PAY_F5BC67BF,SET_6846D980,BNK_31CCB326,TIMING_DIFFERENCE,MATCHED,1100403,1100403
CASE_00239,PAY_792456C4,SET_34ED6A6A,BNK_78862878,REFERENCE_TYPO,MATCHED,265777,265777
CASE_00240,PAY_74FFE0F2,SET_5C7247CC,BNK_EC3C3BE9,ONE_TO_MANY,MATCHED,68934,68934
CASE_00241,PAY_2339A9DE,SET_363D752D,BNK_08E27C97,CLEAN,MATCHED,1567025,1567025
CASE_00242,PAY_336C114E,SET_CBDCD243,BNK_BC0C683A,FEE_VARIANCE,EXCEPTION,396809,396709
CASE_00243,,SET_C7D59275,BNK_6FA9B1A5,MISSING_PAYMENT,EXCEPTION,265093,265093
CASE_00244,PAY_AD994F48,SET_784856F8,BNK_F2647A95,OTHER,MATCHED,1855942,1855942
CASE_00245,PAY_5E030C78,SET_6BE365B1,BNK_9914D8C3,CLEAN,MATCHED,912642,912642
CASE_00246,PAY_D97BC657,SET_FE23332E,BNK_9AE00798,CLEAN,MATCHED,1204097,1204097
CASE_00247,PAY_7468F50A,SET_9452ED07,BNK_3266791E,CLEAN,MATCHED,1804192,1804192
CASE_00248,PAY_B75C31F4,SET_B82F376F,BNK_45F3F8FC,CLEAN,MATCHED,1822744,1822744
CASE_00249,PAY_E5F2AE18,SET_D31B965B,BNK_870E0204,CLEAN,MATCHED,283840,283840
CASE_00250,PAY_EE5EABB9,SET_3DEAA69A,BNK_202EBBE5,CLEAN,MATCHED,646768,646768
CASE_00251,PAY_C8C846DD,SET_C97FF32A,BNK_56D31ED8,CLEAN,MATCHED,1069256,1069256
CASE_00252,PAY_6D52D0A1,SET_4CD5B179,BNK_44C4F42B,HIGH_VALUE_ANOMALY,REVIEW,58584000,58584000
CASE_00253,PAY_89A01BE7,SET_64127329,BNK_05CAA8B8,REFERENCE_TYPO,MATCHED,236094,236094
CASE_00254,PAY_774BB772,,,MISSING_SETTLEMENT,EXCEPTION,1565365,1565365
CASE_00255,PAY_F35FEEBB,,,MISSING_SETTLEMENT,EXCEPTION,319283,319283
CASE_00256,PAY_24857B93,SET_FE095042,BNK_D8FE67D7,CLEAN,MATCHED,1212689,1212689
CASE_00257,PAY_E977035B,SET_9BFECC32,BNK_A28CA06F,OTHER,MATCHED,1344503,1344503
CASE_00258,PAY_BA1656E9,SET_719969B2,BNK_9CE8BA68,UNEXPLAINED_DELTA,EXCEPTION,737475,721875
CASE_00259,PAY_C3581845,SET_9F756162,BNK_C6EB4688,CLEAN,MATCHED,1566146,1566146
CASE_00260,PAY_D77DEBC1,SET_50297FAF,BNK_EA946BCC,CLEAN,MATCHED,313815,313815
CASE_00261,PAY_FFFE0CA8,SET_CF67FD9C,BNK_C8A692F1,CLEAN,MATCHED,1362274,1362274
CASE_00262,PAY_FFA5BD46,SET_F8FED8A9,BNK_EDFA5729,FEE_VARIANCE,EXCEPTION,880713,880613
CASE_00263,PAY_14703A04,SET_B2166D8A,BNK_47F9FA4A,ONE_TO_MANY,MATCHED,349747,349747
CASE_00264,PAY_93F96BBA,SET_0F8C12CD,BNK_D1958CBA,FEE_VARIANCE,EXCEPTION,1154105,1154005
CASE_00265,PAY_90EF8D65,SET_13202CB7,BNK_3BA03906,REFERENCE_TYPO,MATCHED,925042,925042
CASE_00266,PAY_4A706E2A,SET_AFF06BEA,BNK_EF73CED2,CLEAN,MATCHED,1640450,1640450
CASE_00267,PAY_5E7A491F,SET_61617EF6,BNK_2AEF8F73,DUPLICATE,REVIEW,229943,229943
CASE_00268,PAY_BCC5522B,SET_237B3490,BNK_6A9FA2AC,CLEAN,MATCHED,1131746,1131746
CASE_00269,PAY_BFEF74D0,SET_11F98E3E,BNK_4752C153,TIMING_DIFFERENCE,MATCHED,352579,352579
CASE_00270,PAY_CD5A1CC6,SET_7D98BCF3,BNK_79CBEA04,REFERENCE_TYPO,MATCHED,218616,218616
CASE_00271,PAY_4988EFA7,SET_2B6153E1,BNK_EC78BFB4,CLEAN,MATCHED,928166,928166
CASE_00272,PAY_53C832C2,SET_CC92D5AC,BNK_F4F5D36B,TAX_VARIANCE,EXCEPTION,1917455,1917505
CASE_00273,PAY_05831C08,SET_188768AF,BNK_FDB60BC4,CLEAN,MATCHED,19528,19528
CASE_00274,PAY_803A46FB,SET_0656D015,BNK_685D053F,FEE_VARIANCE,EXCEPTION,11913,11813
CASE_00275,PAY_BEA10242,SET_382D9A34,BNK_E8958B07,CLEAN,MATCHED,173019,173019
CASE_00276,PAY_F1B34260,SET_C06B1B04,BNK_C5BC96BD,CLEAN,MATCHED,593847,593847
CASE_00277,PAY_3BA1005F,SET_E57119E0,BNK_B77C1BD9,AMBIGUOUS,REVIEW,1298905,1298905
CASE_00278,PAY_9F4B6B8F,SET_5DF5E772,BNK_462B165C,REFERENCE_TYPO,MATCHED,112579,112579
CASE_00279,PAY_2919A28E,SET_10C5F3FB,BNK_06D463F2,HIGH_VALUE_ANOMALY,REVIEW,29292000,29292000
CASE_00280,PAY_28B2C356,SET_543BC636,BNK_673FA089,ONE_TO_MANY,MATCHED,1284064,1284064
CASE_00281,PAY_38EF50AB,SET_0658FFD2,BNK_F8819FBD,HIGH_VALUE_ANOMALY,REVIEW,58584000,58584000
CASE_00282,PAY_FDB932F0,SET_196F1C7B,BNK_963CD6D1,REFERENCE_TYPO,MATCHED,1720320,1720320
CASE_00283,PAY_D7FAA358,SET_8D3263C1,BNK_6DA83F57,CLEAN,MATCHED,404914,404914
CASE_00284,PAY_C2E65BCA,SET_1CAB6341,BNK_61BBF295,CLEAN,MATCHED,92758,92758
CASE_00285,PAY_BFC29247,SET_95BDA89D,BNK_11B8D0A2,CLEAN,MATCHED,931584,931584
CASE_00286,PAY_2A29B414,SET_8C98CB9C,BNK_3E2570B4,UNEXPLAINED_DELTA,EXCEPTION,1264438,1241638
CASE_00287,PAY_1E191895,SET_14BCD57F,BNK_CE5BB211,REFUND,MATCHED,834510,834510
CASE_00288,PAY_C7ABA2AD,SET_FA14782D,BNK_394BA450,CLEAN,MATCHED,60830,60830
CASE_00289,PAY_39C93A16,SET_E75DD7C4,BNK_013AA27B,REFERENCE_TYPO,MATCHED,579396,579396
CASE_00290,PAY_FC9C344A,SET_8FB6BA54,BNK_AE0C0DBE,TIMING_DIFFERENCE,MATCHED,483709,483709
CASE_00291,PAY_47BBA854,SET_9C675CE6,BNK_2FC29DC1,CLEAN,MATCHED,134255,134255
CASE_00292,PAY_8067FF1A,SET_5D4268D8,BNK_DBEA1B6A,CLEAN,MATCHED,1741312,1741312
CASE_00293,PAY_0CE3A734,SET_13521671,BNK_7DC9447B,CLEAN,MATCHED,687972,687972
CASE_00294,PAY_05728D6E,SET_0F0D8091,BNK_3518F1C2,CLEAN,MATCHED,1597098,1597098
CASE_00295,PAY_7C0868EA,SET_DE583AEF,BNK_DA0BD27C,CLEAN,MATCHED,1773143,1773143
CASE_00296,PAY_7219A93F,SET_CD6099D7,BNK_DBE51852,CHARGEBACK,MATCHED,-22575,-22575
CASE_00297,PAY_F03BEAC7,SET_84F52B58,BNK_DFD21741,UNEXPLAINED_DELTA,EXCEPTION,1924778,1891878
CASE_00298,,SET_29DBD2F7,BNK_FD218B95,MISSING_PAYMENT,EXCEPTION,680942,680942
CASE_00299,PAY_AF63099F,SET_8408529B,BNK_D9165FF7,CLEAN,MATCHED,920746,920746
CASE_00300,PAY_E873257C,SET_0DD710EF,BNK_A0D96919,CHARGEBACK,MATCHED,-4153,-4153
CASE_00301,PAY_033AA826,,,MISSING_SETTLEMENT,EXCEPTION,1225285,1225285
CASE_00302,PAY_610EFE07,SET_ABD0D3DD,BNK_FE8FDCE4,TAX_VARIANCE,EXCEPTION,1409922,1409972
CASE_00303,PAY_BB8F9265,SET_C0C8DB88,BNK_A7BD4C99,REFUND,MATCHED,274312,274312
CASE_00304,PAY_51DE30B0,SET_F0358775,BNK_73C8D223,UNEXPLAINED_DELTA,EXCEPTION,1843737,1841637
CASE_00305,PAY_EB4EACFD,,,MISSING_SETTLEMENT,EXCEPTION,1667203,1667203
CASE_00306,PAY_80E21CC4,SET_109CDA31,BNK_05CFF59B,CLEAN,MATCHED,830429,830429
CASE_00307,PAY_29790D95,SET_9C721E83,BNK_53CC53A1,DUPLICATE,REVIEW,458323,458323
CASE_00308,PAY_916D1266,SET_68A151F1,BNK_7D49BC32,REFERENCE_TYPO,MATCHED,120293,120293
CASE_00309,PAY_FCDEEF81,SET_9EB5D683,BNK_6EB3FD80,DUPLICATE,REVIEW,1781540,1781540
CASE_00310,PAY_059D2847,SET_FB39B777,BNK_6F52F0B1,ONE_TO_MANY,MATCHED,1277327,1277327
CASE_00311,PAY_8532329E,,,MISSING_SETTLEMENT,EXCEPTION,374938,374938
CASE_00312,PAY_B3A15EC3,SET_8A941777,BNK_5DDF4021,CLEAN,MATCHED,1712118,1712118
CASE_00313,PAY_CC962ADF,SET_0676F248,BNK_D325A194,AMBIGUOUS,REVIEW,999053,999053
CASE_00314,PAY_5622DFD4,SET_68C1D9CB,BNK_5EC6C3CE,DUPLICATE,REVIEW,1158206,1158206
CASE_00315,PAY_61E1F0E6,SET_21C27761,BNK_1E11F2AD,CLEAN,MATCHED,843903,843903
CASE_00316,PAY_11F62C65,SET_74D830B3,BNK_AC07B7F7,REFUND,MATCHED,228863,228863
CASE_00317,PAY_3415CF49,SET_0F19E66C,BNK_1D0C5C49,CLEAN,MATCHED,870852,870852
CASE_00318,PAY_48C8B79C,SET_10929286,BNK_E534AC31,TAX_VARIANCE,EXCEPTION,445532,445582
CASE_00319,PAY_337F2BD2,SET_E57E53FF,BNK_B6F46399,CLEAN,MATCHED,1826943,1826943
CASE_00320,PAY_BAE9E4D4,SET_91E8F73E,BNK_A8A4D21A,HIGH_VALUE_ANOMALY,REVIEW,5370200,5370200
CASE_00321,PAY_1A4A6A04,SET_0AA6B352,BNK_4E693431,TAX_VARIANCE,EXCEPTION,491032,491082
CASE_00322,PAY_958E72CD,SET_0F1A1F10,BNK_A3F12D73,CLEAN,MATCHED,1882500,1882500
CASE_00323,PAY_3E5C22AF,SET_66A14BB3,BNK_C763E860,CHARGEBACK,MATCHED,-12123,-12123
CASE_00324,PAY_A5B65451,SET_05E65877,BNK_DA445360,REFERENCE_TYPO,MATCHED,1457766,1457766
CASE_00325,PAY_536DD642,SET_D21AAF8E,BNK_9A4FFACA,OTHER,MATCHED,1394983,1394983
CASE_00326,PAY_3DE8D47E,SET_579DFCDD,BNK_ABF7181B,TIMING_DIFFERENCE,MATCHED,256403,256403
CASE_00327,PAY_C1D34097,SET_6EE9B293,BNK_6E920962,TIMING_DIFFERENCE,MATCHED,955506,955506
CASE_00328,PAY_DC1FFE4A,SET_74B92BDA,BNK_B9C957AB,DUPLICATE,REVIEW,258063,258063
CASE_00329,PAY_1F3FB247,SET_E231A8C6,BNK_5B84838A,UNEXPLAINED_DELTA,EXCEPTION,1599734,1570334
CASE_00330,PAY_DA3A9D5B,SET_9034639F,BNK_C22732E9,CHARGEBACK,MATCHED,-11181,-11181
CASE_00331,PAY_68DEEE16,SET_2CBF6F3B,BNK_C230C467,UNEXPLAINED_DELTA,EXCEPTION,120391,101391
CASE_00332,PAY_C7119B12,SET_7BB7A378,BNK_82F1921F,CHARGEBACK,MATCHED,-5451,-5451
CASE_00333,PAY_AE6CB1FF,SET_E4691E28,BNK_6A60A79E,FEE_VARIANCE,EXCEPTION,1532948,1532848
CASE_00334,PAY_51D1AF4F,SET_A72F16D9,BNK_5248C81F,OTHER,MATCHED,422489,422489
CASE_00335,PAY_453836B8,SET_BD271613,BNK_F5EC4A29,REFUND,MATCHED,358968,358968
CASE_00336,PAY_96C614F1,SET_472434FF,BNK_FCD02403,DUPLICATE,REVIEW,1061445,1061445
CASE_00337,PAY_D1184031,SET_980FF130,BNK_15113284,CLEAN,MATCHED,385776,385776
CASE_00338,PAY_50EF42AF,SET_C9F3C5E6,BNK_D194FE50,OTHER,MATCHED,369568,369568
CASE_00339,PAY_2251A559,SET_77DD0437,BNK_6EA961BB,CLEAN,MATCHED,105549,105549
CASE_00340,PAY_DA72C58C,SET_CFFC6791,BNK_9E8C6C15,CLEAN,MATCHED,1407676,1407676
CASE_00341,PAY_AA02DAAC,,,MISSING_SETTLEMENT,EXCEPTION,1414511,1414511
CASE_00342,PAY_9C83ECF9,SET_1F7B9D98,BNK_AF4BC6D1,TAX_VARIANCE,EXCEPTION,769306,769356
CASE_00343,PAY_7E817327,SET_88F412BC,BNK_E24AE178,DUPLICATE,REVIEW,1803509,1803509
CASE_00344,PAY_A029A611,SET_C0E30ABF,BNK_8FAB7274,REFERENCE_TYPO,MATCHED,1764843,1764843
CASE_00345,PAY_86A0DD41,SET_C8ACD395,BNK_D555228A,CLEAN,MATCHED,938907,938907
CASE_00346,PAY_4A64526A,SET_92FD7714,BNK_EE8A18AE,DUPLICATE,REVIEW,132889,132889
CASE_00347,PAY_05834C40,SET_BF499D6A,BNK_1A22C3E3,AMBIGUOUS,REVIEW,998858,998858
CASE_00348,PAY_DB36D1D1,SET_19798440,BNK_2894CB3E,ONE_TO_MANY,MATCHED,289308,289308
CASE_00349,PAY_7EDC60FC,SET_86A68133,BNK_254DF976,CLEAN,MATCHED,1616235,1616235
CASE_00350,PAY_50A9BC36,SET_85A68727,BNK_3A3374D7,REFERENCE_TYPO,MATCHED,1312380,1312380
CASE_00351,PAY_FAB3D134,SET_6864C465,BNK_67DA7E83,FEE_VARIANCE,EXCEPTION,324946,324846
CASE_00352,PAY_70C5691D,SET_9260D06A,BNK_EA2465E2,TAX_VARIANCE,EXCEPTION,1296953,1297003
CASE_00353,PAY_BA536BC0,SET_53D86C31,BNK_1EF187E1,CLEAN,MATCHED,193035,193035
CASE_00354,,SET_26D8E830,BNK_3C38C6C6,MISSING_PAYMENT,EXCEPTION,1908472,1908472
CASE_00355,PAY_719A4CD8,SET_606578A3,BNK_D7F2912C,ONE_TO_MANY,MATCHED,1281525,1281525
CASE_00356,PAY_4A18DE0E,SET_BC988A37,BNK_539982F8,UNEXPLAINED_DELTA,EXCEPTION,1634787,1594687
CASE_00357,PAY_B00DE9A8,SET_8B7747E9,BNK_5EED8F78,CHARGEBACK,MATCHED,-7228,-7228
CASE_00358,PAY_0891F043,SET_3C88401A,BNK_DC5A0EB1,DUPLICATE,REVIEW,803968,803968
CASE_00359,PAY_7432EBFD,SET_5629A40A,BNK_DC24D3A3,DUPLICATE,REVIEW,651650,651650
CASE_00360,PAY_FB0FA96D,SET_898FFB10,BNK_7E9190D0,CLEAN,MATCHED,1104797,1104797
CASE_00361,PAY_2AE77999,SET_0CFD5C32,BNK_39C31FD2,CLEAN,MATCHED,1452103,1452103
CASE_00362,PAY_57A04368,SET_4DCFBC7E,BNK_61369497,REFERENCE_TYPO,MATCHED,1265610,1265610
CASE_00363,PAY_E7FABA57,SET_907A0A9C,BNK_B54031DD,CHARGEBACK,MATCHED,-2081,-2081
CASE_00364,PAY_F96A0C2B,SET_087BCE53,BNK_13B9160D,HIGH_VALUE_ANOMALY,REVIEW,5370200,5370200
CASE_00365,PAY_57906A4E,SET_DCFD9095,BNK_F29D0B93,CLEAN,MATCHED,1152934,1152934
CASE_00366,PAY_FF9B50DB,SET_6F4B122A,BNK_8A57FD12,CLEAN,MATCHED,886669,886669
CASE_00367,PAY_D5F27D73,SET_156F4627,BNK_2FDF6D64,TAX_VARIANCE,EXCEPTION,36225,36275
CASE_00368,PAY_77147CA6,SET_E9F9EB88,BNK_352A1770,DUPLICATE,REVIEW,404230,404230
CASE_00369,PAY_962C9CF2,SET_57E3A09E,BNK_D0163A4F,CLEAN,MATCHED,1440386,1440386
CASE_00370,PAY_77585AD0,SET_AB6C4091,BNK_50630A6C,FEE_VARIANCE,EXCEPTION,425223,425123
CASE_00371,PAY_3362ECB6,SET_0A7CDD9C,BNK_A8E393D2,ONE_TO_MANY,MATCHED,1390296,1390296
CASE_00372,PAY_27C8AA42,SET_D9EB37FA,BNK_8A6F498F,CLEAN,MATCHED,1370085,1370085
CASE_00373,PAY_3F498068,SET_D9F2D378,BNK_A33C3D13,CLEAN,MATCHED,1140924,1140924
CASE_00374,PAY_F5599949,,,MISSING_SETTLEMENT,EXCEPTION,553815,553815
CASE_00375,PAY_F790509A,SET_0F42AAC7,BNK_1A37E0BB,REFERENCE_TYPO,MATCHED,951112,951112
CASE_00376,PAY_85F417C8,SET_1045475F,BNK_4354E4B6,CLEAN,MATCHED,509974,509974
CASE_00377,PAY_C0CCCA56,SET_CF878B2C,BNK_113BB79E,CLEAN,MATCHED,242831,242831
CASE_00378,PAY_71172BF6,SET_80E63142,BNK_55D01E82,DUPLICATE,REVIEW,861869,861869
CASE_00379,PAY_6A212346,SET_5D4AE1A6,BNK_E044307E,CLEAN,MATCHED,680161,680161
CASE_00380,PAY_C97A0035,SET_B7382531,BNK_1ADB2C2C,CLEAN,MATCHED,1894314,1894314
CASE_00381,PAY_618C0173,SET_ADB53970,BNK_5278444D,UNEXPLAINED_DELTA,EXCEPTION,1615747,1603047
CASE_00382,PAY_C3234D0F,SET_51CCCC67,BNK_928CD535,CLEAN,MATCHED,799477,799477
CASE_00383,PAY_2D7E1211,SET_5AB791BF,BNK_B04A85FB,CLEAN,MATCHED,1379654,1379654
CASE_00384,PAY_90473833,SET_FB91C08D,BNK_2D2AC436,UNEXPLAINED_DELTA,EXCEPTION,1420174,1384874
CASE_00385,,SET_36CBAB3A,BNK_CF7D1A1F,MISSING_PAYMENT,EXCEPTION,623530,623530
CASE_00386,PAY_3DD44507,SET_34E73DB1,BNK_B62DEFC4,CLEAN,MATCHED,993195,993195
CASE_00387,PAY_24FC84F6,SET_0250F8EF,BNK_CDA030CF,CLEAN,MATCHED,1221086,1221086
CASE_00388,PAY_3C1AA2C6,SET_820E3DF6,BNK_5DD24582,CLEAN,MATCHED,251131,251131
CASE_00389,PAY_EBCFD0FB,SET_35B7ABB9,BNK_98DEA1A7,AMBIGUOUS,REVIEW,350626,350626
CASE_00390,,SET_E35DBB0D,BNK_3E85CC8A,MISSING_PAYMENT,EXCEPTION,531650,531650
CASE_00391,PAY_CFD68F17,SET_9CE89318,BNK_63D2E13C,FEE_VARIANCE,EXCEPTION,1607057,1606957
CASE_00392,PAY_FF54E228,SET_BBAA8ED8,BNK_0A366780,CLEAN,MATCHED,21579,21579
CASE_00393,PAY_B06B1ABB,SET_C4D51A71,BNK_491E2972,REFUND,MATCHED,244584,244584
CASE_00394,PAY_35D13C61,SET_37CB0956,BNK_C52D56BC,CHARGEBACK,MATCHED,-27121,-27121
CASE_00395,PAY_3DA2B522,SET_7800A25F,BNK_042E5CD1,CLEAN,MATCHED,1266391,1266391
CASE_00396,PAY_B3C76EE2,SET_A97F0890,BNK_24752137,CHARGEBACK,MATCHED,-20180,-20180
CASE_00397,PAY_76D9343D,SET_C180EDCB,BNK_A1686BCF,FEE_VARIANCE,EXCEPTION,240488,240388
CASE_00398,PAY_CDCE8A0B,SET_4D4708DB,BNK_E3C97573,CLEAN,MATCHED,833260,833260
CASE_00399,PAY_5CB25D30,SET_C957ADD5,BNK_3BC1ACAB,DUPLICATE,REVIEW,1771874,1771874
CASE_00400,PAY_D2B408EA,SET_67384ED2,BNK_79A316BF,CHARGEBACK,MATCHED,-17110,-17110
CASE_00401,PAY_29685F54,SET_4572E703,BNK_AE795D5B,ONE_TO_MANY,MATCHED,1616821,1616821
CASE_00402,PAY_1000D61B,SET_B60ECABC,BNK_EEB98945,CLEAN,MATCHED,414678,414678
CASE_00403,PAY_4E470A77,SET_1A0DC168,BNK_E3E692C5,TAX_VARIANCE,EXCEPTION,642765,642815
CASE_00404,PAY_BA7DDEFA,SET_46B2AC81,BNK_ADA44743,TAX_VARIANCE,EXCEPTION,181123,181173
CASE_00405,PAY_1FC12570,SET_5D424FCE,BNK_37624C49,CLEAN,MATCHED,1227726,1227726
CASE_00406,PAY_C5AF9461,SET_CEC6CC97,BNK_54598CED,CHARGEBACK,MATCHED,-21546,-21546
CASE_00407,PAY_00589083,SET_6E6905F5,BNK_5D2B3D13,HIGH_VALUE_ANOMALY,REVIEW,29292000,29292000
CASE_00408,PAY_6B2E6E55,SET_95750135,BNK_D02427EE,UNEXPLAINED_DELTA,EXCEPTION,699884,676384
CASE_00409,PAY_4FF7337C,SET_1C77FD1A,BNK_F658FB29,REFUND,MATCHED,837559,837559
CASE_00410,PAY_F92E2D8E,SET_1DE5E59D,BNK_26DC71BD,CHARGEBACK,MATCHED,-33910,-33910
CASE_00411,PAY_124A3D3A,SET_8CE4F104,BNK_BE5AEE11,REFERENCE_TYPO,MATCHED,582716,582716
CASE_00412,PAY_0F432D18,SET_30258A0F,BNK_B6E67224,TAX_VARIANCE,EXCEPTION,1810148,1810198
CASE_00413,PAY_39BF04DB,SET_CC1FA472,BNK_33BAA6FF,CLEAN,MATCHED,1089272,1089272
CASE_00414,PAY_3F880C3B,SET_FD5A055D,BNK_9FFD335D,UNEXPLAINED_DELTA,EXCEPTION,1907496,1882896
CASE_00415,PAY_E8CE2F27,SET_0B6EFE7E,BNK_34999B0F,OTHER,MATCHED,642081,642081
CASE_00416,PAY_71C0D9D3,SET_0A3DE486,BNK_1680D633,CLEAN,MATCHED,1456203,1456203
CASE_00417,PAY_18B0F13E,SET_58301544,BNK_8B1720A8,CHARGEBACK,MATCHED,-7379,-7379
CASE_00418,PAY_5953B6E6,SET_62103A58,BNK_5CA69BC7,OTHER,MATCHED,1943525,1943525
CASE_00419,PAY_41CFA9B2,SET_9FCAE4A9,BNK_AD001D29,OTHER,MATCHED,1419979,1419979
CASE_00420,PAY_A6B7577E,SET_33D2084D,BNK_1C17C607,UNEXPLAINED_DELTA,EXCEPTION,394076,378376
CASE_00421,PAY_96F5D8DB,SET_E82C44C4,BNK_8F28471D,ONE_TO_MANY,MATCHED,1273714,1273714
CASE_00422,PAY_6ED92B8C,SET_B2395F8D,BNK_33F12483,FEE_VARIANCE,EXCEPTION,1577375,1577275
CASE_00423,PAY_B08B845D,SET_6BE63411,BNK_14E97E41,CLEAN,MATCHED,201139,201139
CASE_00424,PAY_E73BEF3F,SET_779598E5,BNK_94376499,HIGH_VALUE_ANOMALY,REVIEW,29292000,29292000
CASE_00425,PAY_5B9C978F,SET_9872A09A,BNK_DE6FECEC,FEE_VARIANCE,EXCEPTION,603416,603316
CASE_00426,PAY_4D67BD4C,SET_A4F73F4D,BNK_FC93E4A0,REFERENCE_TYPO,MATCHED,760518,760518
CASE_00427,PAY_3B914841,SET_0B10C320,BNK_841A010E,REFUND,MATCHED,857520,857520
CASE_00428,PAY_5EC4ED86,SET_80856E35,BNK_4ADE3E68,CLEAN,MATCHED,697736,697736
CASE_00429,PAY_82FD6BEB,SET_B3FCCB72,BNK_2D1E4504,UNEXPLAINED_DELTA,EXCEPTION,1713290,1668790
CASE_00430,PAY_158BD058,SET_4FF6C43C,BNK_D3EF2129,CLEAN,MATCHED,900827,900827
CASE_00431,PAY_B0560EE6,SET_2C2A6D21,BNK_3C73A6FD,ONE_TO_MANY,MATCHED,961657,961657
CASE_00432,PAY_D3941FD1,SET_1D05F6F3,BNK_D4361D0B,CLEAN,MATCHED,1822158,1822158
CASE_00433,PAY_479DEA30,SET_1B57A0AE,BNK_CB61F23A,REFUND,MATCHED,909496,909496
CASE_00434,PAY_FDCE48DC,SET_F073C6BE,BNK_E8E733C1,CHARGEBACK,MATCHED,-1456,-1456
CASE_00435,PAY_B5957B5D,SET_6047CCAE,BNK_4BD6FAC2,CLEAN,MATCHED,1198727,1198727
CASE_00436,PAY_80C46674,SET_E97D02AD,BNK_AA9A7B01,REFUND,MATCHED,615795,615795
CASE_00437,PAY_CA48F7E3,SET_8C304F67,BNK_3F53838A,FEE_VARIANCE,EXCEPTION,354141,354041
CASE_00438,PAY_F03A2873,SET_1845C80A,BNK_0553CE45,CHARGEBACK,MATCHED,-33752,-33752
CASE_00439,PAY_3FF44424,SET_B8CC82AB,BNK_77188DD2,AMBIGUOUS,REVIEW,1166603,1166603
CASE_00440,PAY_BF134DB7,SET_A5190038,BNK_1E21BCED,CLEAN,MATCHED,444848,444848
CASE_00441,PAY_530A4B60,SET_96A4B475,BNK_6AB95301,OTHER,MATCHED,273978,273978
CASE_00442,PAY_794161E7,SET_5AA6FE6C,BNK_B01CFDEF,CLEAN,MATCHED,1526114,1526114
CASE_00443,PAY_FD335243,SET_E3886927,BNK_C984E595,TIMING_DIFFERENCE,MATCHED,330317,330317
CASE_00444,PAY_1EBD207E,SET_B50ECAD7,BNK_2B71DBE8,CLEAN,MATCHED,1043772,1043772
CASE_00445,PAY_33663B7F,SET_ECC36794,BNK_19DED110,CLEAN,MATCHED,1540076,1540076
CASE_00446,PAY_9B920CEB,SET_84E96F38,BNK_7468CDE3,CLEAN,MATCHED,956872,956872
CASE_00447,PAY_6C79EB1F,SET_A1F0F3BE,BNK_E91ACBEA,TIMING_DIFFERENCE,MATCHED,1854086,1854086
CASE_00448,PAY_80794CDA,SET_E31BCE46,BNK_825DE39A,UNEXPLAINED_DELTA,EXCEPTION,269682,266282
CASE_00449,PAY_F4F4F60B,SET_67239E14,BNK_35B4D58F,CLEAN,MATCHED,124882,124882
CASE_00450,PAY_C78DCC94,SET_9106C2FE,BNK_4DFD5587,REFUND,MATCHED,804497,804497
CASE_00451,PAY_4AA2AE27,SET_1E594AEA,BNK_78D37332,TAX_VARIANCE,EXCEPTION,1199801,1199851
CASE_00452,PAY_EABE7ED4,SET_C8B8C054,BNK_54AE61D5,REFUND,MATCHED,255970,255970
CASE_00453,PAY_C4F087BB,SET_4DEC49C4,BNK_AE746C8F,CLEAN,MATCHED,838435,838435
CASE_00454,PAY_64784BC6,SET_649CD7AD,BNK_FB531688,CLEAN,MATCHED,1891287,1891287
CASE_00455,PAY_F5766F34,SET_29D9E128,BNK_D622D5EA,CLEAN,MATCHED,1347140,1347140
CASE_00456,PAY_51064BC5,,,MISSING_SETTLEMENT,EXCEPTION,813244,813244
CASE_00457,PAY_D00687F7,SET_69ADD544,BNK_ADC5654D,REFERENCE_TYPO,MATCHED,336858,336858
CASE_00458,PAY_344D0964,SET_750AB87D,BNK_6B60EA9B,TAX_VARIANCE,EXCEPTION,1384438,1384488
CASE_00459,PAY_BC67EA3F,SET_03A4B6A9,BNK_CB03C95E,ONE_TO_MANY,MATCHED,870559,870559
CASE_00460,PAY_328C3988,SET_5C21A5B3,BNK_2484A53A,FEE_VARIANCE,EXCEPTION,280032,279932
CASE_00461,PAY_7FE0D010,SET_E3752E7E,BNK_390C0BF4,CLEAN,MATCHED,1442534,1442534
CASE_00462,PAY_4FE59930,SET_5B8B1C49,BNK_FE91F452,CLEAN,MATCHED,1329564,1329564
CASE_00463,PAY_37777C00,SET_B0F2F0A7,BNK_BE985F7F,ONE_TO_MANY,MATCHED,1479539,1479539
CASE_00464,PAY_F0574EC5,SET_EF33DC91,BNK_76CCC5FF,OTHER,MATCHED,1544275,1544275
CASE_00465,PAY_11BAF70B,SET_78175EEE,BNK_A22709DC,FEE_VARIANCE,EXCEPTION,1833875,1833775
CASE_00466,PAY_6F99FEDB,SET_F5317028,BNK_21743CF9,CLEAN,MATCHED,932170,932170
CASE_00467,PAY_2B44A7D5,SET_742674AA,BNK_3C36C0C8,CLEAN,MATCHED,617573,617573
CASE_00468,PAY_65B38CC8,SET_CE47E307,BNK_84540625,CLEAN,MATCHED,471699,471699
CASE_00469,PAY_E23E7F80,SET_7F9C0612,BNK_7E4ADDD7,CLEAN,MATCHED,821934,821934
CASE_00470,,SET_CF73C267,BNK_9B262D86,MISSING_PAYMENT,EXCEPTION,691292,691292
CASE_00471,PAY_0A24B39C,SET_68418212,BNK_DBF06863,REFERENCE_TYPO,MATCHED,1909644,1909644
CASE_00472,PAY_E34EA2AE,SET_21EAE8E0,BNK_B7C19555,CLEAN,MATCHED,1641622,1641622
CASE_00473,PAY_49DE5D3D,SET_1C06031F,BNK_3B046613,CLEAN,MATCHED,1402794,1402794
CASE_00474,PAY_3D83BF52,SET_46A20EF1,BNK_5A6A0B6B,CHARGEBACK,MATCHED,-6523,-6523
CASE_00475,PAY_604CCCD0,SET_98C1E859,BNK_19163B4E,CLEAN,MATCHED,739526,739526
CASE_00476,PAY_3E2FC5B1,SET_D338FF2C,BNK_E504EB40,ONE_TO_MANY,MATCHED,239316,239316
CASE_00477,PAY_AFD8B639,SET_82EBF3DB,BNK_441E9396,TAX_VARIANCE,EXCEPTION,1688098,1688148
CASE_00478,PAY_7BE7F656,SET_883EADD1,BNK_2B10FD34,DUPLICATE,REVIEW,1474755,1474755
CASE_00479,PAY_552C3DC3,SET_ABF67C2E,BNK_91536D55,TIMING_DIFFERENCE,MATCHED,1262486,1262486
CASE_00480,PAY_9C9734EF,SET_1ACC89E5,BNK_292A3DF2,CLEAN,MATCHED,1107336,1107336
CASE_00481,,SET_D4CA0997,BNK_0040CAA9,MISSING_PAYMENT,EXCEPTION,355410,355410
CASE_00482,PAY_C5817081,SET_E8CE8A76,BNK_10C1D457,CLEAN,MATCHED,1581280,1581280
CASE_00483,PAY_64B333ED,SET_7C1300E0,BNK_CBF2C33E,CLEAN,MATCHED,1172462,1172462
CASE_00484,PAY_C05F0A7B,SET_482FFDB6,BNK_D0809683,OTHER,MATCHED,1649921,1649921
CASE_00485,PAY_E5A3C58F,SET_7B499D66,BNK_7264BBF5,CLEAN,MATCHED,1396057,1396057
CASE_00486,PAY_9D075420,SET_9A7AC689,BNK_48D65621,CLEAN,MATCHED,582033,582033
CASE_00487,PAY_62C1A297,SET_9FB3403C,BNK_DACFFC6D,REFUND,MATCHED,907209,907209
CASE_00488,PAY_060F5751,SET_30736ACC,BNK_ACF1951E,REFUND,MATCHED,563439,563439
CASE_00489,PAY_AD40D0A0,SET_F9621081,BNK_57F68430,AMBIGUOUS,REVIEW,1163576,1163576
CASE_00490,PAY_43B39ED1,SET_8510B41B,BNK_A5F2D56D,CLEAN,MATCHED,306395,306395
CASE_00491,PAY_750280AC,SET_3E348366,BNK_44AEB816,REFERENCE_TYPO,MATCHED,641398,641398
CASE_00492,PAY_3675F165,SET_4673765D,BNK_7B448EC7,CLEAN,MATCHED,277396,277396
CASE_00493,PAY_1D824303,SET_1C2BB281,BNK_066A2359,CLEAN,MATCHED,1460793,1460793
CASE_00494,PAY_96572A5D,,,MISSING_SETTLEMENT,EXCEPTION,1088979,1088979
CASE_00495,PAY_CA3B2126,SET_D6BFDE2C,BNK_95970394,ONE_TO_MANY,MATCHED,297998,297998
CASE_00496,PAY_C2E670F3,SET_B05EF331,BNK_EA792A8E,OTHER,MATCHED,1423103,1423103
CASE_00497,PAY_6FE4098D,SET_2232D237,BNK_8F21457C,REFUND,MATCHED,120291,120291
CASE_00498,PAY_420451A6,SET_83BEC71D,BNK_10AAB790,HIGH_VALUE_ANOMALY,REVIEW,58584000,58584000
CASE_00499,PAY_9CC46034,SET_4411DD58,BNK_D53E700F,CLEAN,MATCHED,266460,266460
CASE_00500,PAY_C47AA83C,SET_FD5DB7A7,BNK_222E0682,CLEAN,MATCHED,1150786,1150786
CASE_00501,PAY_58C1468F,SET_3D9E8EAF,BNK_216E0EAE,CLEAN,MATCHED,259723,259723
CASE_00502,PAY_837D2CCD,SET_F8F7DAE1,BNK_01AB6826,CLEAN,MATCHED,60830,60830
CASE_00503,PAY_D6242E3B,SET_85C29416,BNK_DD37307A,CLEAN,MATCHED,171359,171359
CASE_00504,PAY_3AFC0358,SET_E6B43FD1,BNK_72134ECB,CLEAN,MATCHED,863040,863040
CASE_00505,PAY_CDFCE6E8,,,MISSING_SETTLEMENT,EXCEPTION,1583819,1583819
CASE_00506,PAY_5A7C43B2,SET_C7571580,BNK_C2617B1B,CLEAN,MATCHED,1348018,1348018
CASE_00507,PAY_FF554C98,SET_793774DA,BNK_F9050C76,CLEAN,MATCHED,310398,310398
CASE_00508,PAY_581E5629,SET_E7F3300C,BNK_DB42D881,CLEAN,MATCHED,1880059,1880059
CASE_00509,PAY_45F3F787,SET_75E3E8C8,BNK_794C997A,CLEAN,MATCHED,1259556,1259556
CASE_00510,PAY_27C1C101,SET_4F230FA8,BNK_84B77432,UNEXPLAINED_DELTA,EXCEPTION,1019948,1008348
CASE_00511,PAY_79C42976,SET_DCD4525D,BNK_5C05E484,CLEAN,MATCHED,1741605,1741605
CASE_00512,PAY_20E1AC2D,SET_0EE49856,BNK_3CAA2C3A,CLEAN,MATCHED,1071014,1071014
CASE_00513,PAY_5EA60401,SET_12B3C61D,BNK_A3FF9FEA,CLEAN,MATCHED,1805462,1805462
CASE_00514,PAY_E4D75F07,SET_C26246E7,BNK_EBE373C6,CLEAN,MATCHED,501772,501772
CASE_00515,PAY_89FB9854,,,MISSING_SETTLEMENT,EXCEPTION,157006,157006
CASE_00516,PAY_8A706D07,SET_E715A9CC,BNK_081F4044,CLEAN,MATCHED,1037230,1037230
CASE_00517,PAY_7D80C68C,SET_3EB645D7,BNK_1054B121,CLEAN,MATCHED,1089858,1089858
CASE_00518,PAY_899D6971,SET_2A51EBA5,BNK_7277310E,CLEAN,MATCHED,1306619,1306619
CASE_00519,PAY_3969C0AB,SET_C21276F1,BNK_1B73F7C3,TAX_VARIANCE,EXCEPTION,732886,732936
CASE_00520,PAY_29C01252,SET_C2B4562A,BNK_10D1CCAE,CLEAN,MATCHED,1866975,1866975
CASE_00521,PAY_B019DB49,SET_7024B2D2,BNK_A4325870,TIMING_DIFFERENCE,MATCHED,190203,190203
CASE_00522,PAY_D30FF841,SET_7CCF6EF9,BNK_A631A446,CLEAN,MATCHED,1010574,1010574
CASE_00523,PAY_D48E8900,SET_BD97076B,BNK_CDE51316,CLEAN,MATCHED,1198043,1198043
CASE_00524,PAY_9FF5FD63,SET_3E7F6E38,BNK_F758A92A,DUPLICATE,REVIEW,363319,363319
CASE_00525,PAY_8DA7407B,SET_ED619804,BNK_A641DA98,CLEAN,MATCHED,1784274,1784274
CASE_00526,PAY_6543817A,SET_0B953797,BNK_0E3BF39C,REFERENCE_TYPO,MATCHED,1617700,1617700
CASE_00527,PAY_1004FA75,SET_7A3EE529,BNK_CBCEB708,FEE_VARIANCE,EXCEPTION,1468604,1468504
CASE_00528,PAY_CABDEDDA,SET_FD4C4301,BNK_078C3C86,CLEAN,MATCHED,565531,565531
CASE_00529,PAY_E00620B9,SET_00156A00,BNK_B7F269D6,TAX_VARIANCE,EXCEPTION,158861,158911
CASE_00530,PAY_3F5C9EA3,SET_68CA7101,BNK_AA319869,CLEAN,MATCHED,497964,497964
CASE_00531,PAY_AD5621EA,SET_E6615C0E,BNK_38B49156,TIMING_DIFFERENCE,MATCHED,126737,126737
CASE_00532,PAY_0E6D807B,SET_BF946333,BNK_15C76E4E,DUPLICATE,REVIEW,862162,862162
CASE_00533,PAY_CC7223CD,SET_FE573BC5,BNK_73837FB4,UNEXPLAINED_DELTA,EXCEPTION,902878,853178
CASE_00534,PAY_0D4FB57E,SET_7AEC24BC,BNK_910F9C11,CLEAN,MATCHED,501577,501577
CASE_00535,PAY_733DB529,SET_5CDA4C87,BNK_FBC374B6,UNEXPLAINED_DELTA,EXCEPTION,1339914,1305714
CASE_00536,PAY_E57ED96E,SET_B41FB473,BNK_9EC8CF81,CLEAN,MATCHED,1120908,1120908
CASE_00537,PAY_724434B9,SET_350444B5,BNK_1B4355E0,HIGH_VALUE_ANOMALY,REVIEW,14646000,14646000
CASE_00538,PAY_3D2D0A05,,,MISSING_SETTLEMENT,EXCEPTION,724782,724782
CASE_00539,PAY_C4B7354F,SET_03767C55,BNK_2E369A9A,CHARGEBACK,MATCHED,-42458,-42458
CASE_00540,PAY_FBCC527A,,,MISSING_SETTLEMENT,EXCEPTION,1194724,1194724
CASE_00541,PAY_E738C33A,SET_AE0EF463,BNK_18632C30,UNEXPLAINED_DELTA,EXCEPTION,317526,297126
CASE_00542,PAY_9CB5E12C,,,MISSING_SETTLEMENT,EXCEPTION,955701,955701
CASE_00543,PAY_84C7FFEC,SET_9C562306,BNK_4661570E,UNEXPLAINED_DELTA,EXCEPTION,1834168,1820968
CASE_00544,PAY_4EC4CB03,SET_E032ECF9,BNK_86C07344,CLEAN,MATCHED,1773241,1773241
CASE_00545,PAY_111FB3AB,SET_2D6261E3,BNK_6C44346A,CLEAN,MATCHED,1116319,1116319
CASE_00546,PAY_FA30E2BD,SET_EEF81F17,BNK_CE16E83C,DUPLICATE,REVIEW,340569,340569
CASE_00547,PAY_0CD4DB4F,SET_A86C3C77,BNK_4F2AB6BA,UNEXPLAINED_DELTA,EXCEPTION,334613,304313
CASE_00548,PAY_DEEE159D,SET_DF8D8A92,BNK_8F423604,CLEAN,MATCHED,122539,122539
CASE_00549,PAY_EA264868,SET_F654BFB1,BNK_77DD4EE0,UNEXPLAINED_DELTA,EXCEPTION,270366,238266
CASE_00550,PAY_D5B2C34F,SET_C3DC2415,BNK_14FDE542,CLEAN,MATCHED,173214,173214
CASE_00551,PAY_BEAD58F1,SET_ADBC1922,BNK_C8592069,REFERENCE_TYPO,MATCHED,657411,657411
CASE_00552,PAY_81095CE2,SET_5D22C42D,BNK_7E73840A,ONE_TO_MANY,MATCHED,713944,713944
CASE_00553,PAY_45FA9AF9,SET_71AFEC66,BNK_0606AB2D,CLEAN,MATCHED,1434625,1434625
CASE_00554,PAY_DEF94C1F,SET_577C2974,BNK_757FEE14,CLEAN,MATCHED,497183,497183
CASE_00555,PAY_DB90EAD0,,,MISSING_SETTLEMENT,EXCEPTION,1459328,1459328
CASE_00556,PAY_CC0D465E,SET_9975C5D8,BNK_523785E4,CLEAN,MATCHED,595995,595995
CASE_00557,PAY_8E53BDB9,SET_655FC2B3,BNK_02529246,UNEXPLAINED_DELTA,EXCEPTION,91392,58392
CASE_00558,PAY_F2DB55F4,SET_5BBEC187,BNK_16590AC8,DUPLICATE,REVIEW,1815909,1815909
CASE_00559,PAY_3F280327,SET_88865E81,BNK_66BDD7AE,TAX_VARIANCE,EXCEPTION,1031274,1031324
CASE_00560,PAY_8B7B0EE6,SET_4AF73229,BNK_994B52F2,CLEAN,MATCHED,1643770,1643770
CASE_00561,PAY_E3A64750,SET_2111362D,BNK_9C41CF15,DUPLICATE,REVIEW,1824502,1824502
CASE_00562,PAY_EE2115F7,SET_E2BFC131,BNK_D0E65D54,TAX_VARIANCE,EXCEPTION,31733,31783
CASE_00563,PAY_B261EB97,SET_BFC56B26,BNK_FF2D1D24,CLEAN,MATCHED,1228995,1228995
CASE_00564,PAY_8218AA32,SET_9BB8EFCF,BNK_97B31246,CLEAN,MATCHED,1217083,1217083
CASE_00565,PAY_BBAEBC60,SET_33E92D3F,BNK_EB180698,FEE_VARIANCE,EXCEPTION,1445658,1445558
CASE_00566,PAY_2156E516,SET_BAAA9941,BNK_7CDBB986,AMBIGUOUS,REVIEW,1649335,1649335
CASE_00567,PAY_F78A8D9A,SET_FB8A2FA2,BNK_A18F1EFB,CLEAN,MATCHED,1728521,1728521
CASE_00568,PAY_4611EB72,SET_02BA483B,BNK_059C22D7,CLEAN,MATCHED,457737,457737
CASE_00569,PAY_D6CF8C4A,SET_20AFF5E8,BNK_C3B93034,TIMING_DIFFERENCE,MATCHED,1866096,1866096
CASE_00570,PAY_8D1AEB38,SET_800AA39D,BNK_9D585656,FEE_VARIANCE,EXCEPTION,1088003,1087903
CASE_00571,PAY_E59A5BAE,SET_D63BC9E7,BNK_1929DB61,DUPLICATE,REVIEW,474824,474824
CASE_00572,PAY_2CBF67FD,SET_84A4CE84,BNK_FCFCD24C,UNEXPLAINED_DELTA,EXCEPTION,318014,294514
CASE_00573,PAY_C78CD2E0,SET_AB59682B,BNK_A8F8E0C8,REFERENCE_TYPO,MATCHED,1914135,1914135
CASE_00574,PAY_8E163E0F,SET_99E436B9,BNK_580F8FCE,DUPLICATE,REVIEW,178389,178389
CASE_00575,,SET_FE02D471,BNK_19121E07,MISSING_PAYMENT,EXCEPTION,355410,355410
CASE_00576,PAY_EA0FAF1F,SET_F68E2E07,BNK_E0D563F3,CLEAN,MATCHED,775067,775067
CASE_00577,PAY_FF7E395C,,,MISSING_SETTLEMENT,EXCEPTION,160521,160521
CASE_00578,PAY_2173C5B1,,,MISSING_SETTLEMENT,EXCEPTION,1107433,1107433
CASE_00579,PAY_6F7830B1,SET_60044493,BNK_94C0AD2E,DUPLICATE,REVIEW,1108800,1108800
CASE_00580,PAY_EAAA95A1,,,MISSING_SETTLEMENT,EXCEPTION,847027,847027
CASE_00581,PAY_FB044D55,SET_3E682925,BNK_86566F7D,ONE_TO_MANY,MATCHED,1080973,1080973
CASE_00582,PAY_11262743,SET_FEDAC920,BNK_3205B2DB,TAX_VARIANCE,EXCEPTION,1576301,1576351
CASE_00583,PAY_AAAE97F8,SET_2D175429,BNK_F68D878B,CLEAN,MATCHED,1917650,1917650
CASE_00584,PAY_7EE1D5E2,SET_C627360D,BNK_CD4A4B3B,CLEAN,MATCHED,1707431,1707431
CASE_00585,PAY_1E6DB272,SET_D7265E33,BNK_7C13B4C9,REFERENCE_TYPO,MATCHED,519933,519933
CASE_00586,PAY_E299B172,SET_B93FBFD5,BNK_D8DB819F,CLEAN,MATCHED,1950652,1950652
CASE_00587,PAY_CD4806D2,SET_C31F55CA,BNK_ED8D1B2E,CLEAN,MATCHED,1165236,1165236
CASE_00588,PAY_42BC72FC,SET_CA7D42A2,BNK_9201CE81,DUPLICATE,REVIEW,1775682,1775682
CASE_00589,,SET_66A9B5F5,BNK_6474113C,MISSING_PAYMENT,EXCEPTION,661219,661219
CASE_00590,PAY_292F5C6C,SET_4003FC84,BNK_A062A1E0,DUPLICATE,REVIEW,98129,98129
CASE_00591,PAY_03AA60D5,SET_F2BBFD57,BNK_1EFC9226,CLEAN,MATCHED,987922,987922
CASE_00592,PAY_39D89D71,SET_7776C954,BNK_35CB8051,CLEAN,MATCHED,475800,475800
CASE_00593,PAY_A21675D9,SET_03FF4AE4,BNK_AF4E22CB,DUPLICATE,REVIEW,1458156,1458156
CASE_00594,PAY_F35ADE2D,SET_8612BE2C,BNK_FAE4B886,REFERENCE_TYPO,MATCHED,1881523,1881523
CASE_00595,PAY_8CEF6514,SET_1D921FF3,BNK_E1C359DB,CHARGEBACK,MATCHED,-21697,-21697
CASE_00596,,SET_B67A4C1B,BNK_46BB51FE,MISSING_PAYMENT,EXCEPTION,1586846,1586846
CASE_00597,PAY_045B4F05,SET_81ECF1FA,BNK_CBDC877A,ONE_TO_MANY,MATCHED,413213,413213
CASE_00598,PAY_886347F4,SET_B0DBEC6C,BNK_60ECC206,ONE_TO_MANY,MATCHED,575588,575588
CASE_00599,PAY_0874E44A,SET_05DCC7A6,BNK_9B8AED2F,AMBIGUOUS,REVIEW,540731,540731
CASE_00600,PAY_755B8911,SET_6B0047A7,BNK_78D17FBB,CLEAN,MATCHED,769013,769013
CASE_00601,PAY_7B90A7B7,SET_B9A860A0,BNK_6797E246,FEE_VARIANCE,EXCEPTION,282180,282080
CASE_00602,PAY_AFD5D398,SET_B6D8C593,BNK_BE04EDDA,TIMING_DIFFERENCE,MATCHED,1440483,1440483
CASE_00603,PAY_8049BFB3,SET_A0F5957F,BNK_A384C831,CLEAN,MATCHED,1512835,1512835
CASE_00604,PAY_A3D01F5A,SET_5914E1EC,BNK_398B4DD7,REFERENCE_TYPO,MATCHED,471406,471406
CASE_00605,PAY_9C93152F,SET_1D30086F,BNK_C0D3BC87,OTHER,MATCHED,1040843,1040843
CASE_00606,PAY_79CFCCEF,SET_78EEB128,BNK_77A7B265,AMBIGUOUS,REVIEW,1116709,1116709
CASE_00607,PAY_A9566826,SET_5ECB969D,BNK_81AB567A,OTHER,MATCHED,228283,228283
CASE_00608,PAY_DF5962C7,SET_E7AACE12,BNK_E90C441C,CLEAN,MATCHED,259430,259430
CASE_00609,PAY_8B64856F,SET_BB4444C3,BNK_1F39BA7D,CLEAN,MATCHED,464572,464572
CASE_00610,PAY_99ED234A,,,MISSING_SETTLEMENT,EXCEPTION,1068377,1068377
CASE_00611,PAY_49F97D8E,SET_39499DED,BNK_C65898E1,CLEAN,MATCHED,1906910,1906910
CASE_00612,PAY_546C479F,SET_96B405B9,BNK_B79E7D93,REFUND,MATCHED,107857,107857
CASE_00613,PAY_7CF61C86,SET_259F49A7,BNK_C9E86E8B,CLEAN,MATCHED,1670328,1670328
CASE_00614,PAY_D2286B44,SET_3A1113FD,BNK_DD5C0EB1,CLEAN,MATCHED,825156,825156
CASE_00615,PAY_293F4FE1,SET_CEAFE978,BNK_31CE7788,CLEAN,MATCHED,1115928,1115928
CASE_00616,PAY_678C4E35,SET_D0BCC0D5,BNK_8FE19585,REFERENCE_TYPO,MATCHED,1368425,1368425
CASE_00617,PAY_3ECAEC6F,SET_76502B75,BNK_05BEEF5C,TIMING_DIFFERENCE,MATCHED,951307,951307
CASE_00618,PAY_52AA9373,SET_6350AC35,BNK_B359D90F,OTHER,MATCHED,1800580,1800580
CASE_00619,PAY_36F49A05,SET_C1BDCB1F,BNK_9964C7E5,TIMING_DIFFERENCE,MATCHED,364198,364198
CASE_00620,PAY_122F9F32,SET_C65F644B,BNK_F81A995F,CLEAN,MATCHED,579592,579592
CASE_00621,PAY_4B6B8149,SET_626287FA,BNK_D8742622,HIGH_VALUE_ANOMALY,REVIEW,29292000,29292000
CASE_00622,PAY_245BFE90,SET_528A803E,BNK_228EFDF4,UNEXPLAINED_DELTA,EXCEPTION,282473,276773
CASE_00623,PAY_119D9F3C,SET_8FE7802C,BNK_C8E6A60A,DUPLICATE,REVIEW,629095,629095
CASE_00624,PAY_DAE4569D,SET_088D4E64,BNK_147B0231,REFUND,MATCHED,336768,336768
CASE_00625,PAY_9FD1D81B,SET_E5AD4C5F,BNK_202447B3,REFUND,MATCHED,489692,489692
CASE_00626,PAY_32A56C0A,SET_EEA28199,BNK_B509F667,OTHER,MATCHED,1223234,1223234
CASE_00627,PAY_262660AF,SET_AF7A01C0,BNK_D4439CF6,ONE_TO_MANY,MATCHED,807874,807874
CASE_00628,PAY_3000AEDC,SET_2A3EFF64,BNK_438EE496,TAX_VARIANCE,EXCEPTION,1128621,1128671
CASE_00629,PAY_C6A9521E,,,MISSING_SETTLEMENT,EXCEPTION,1025806,1025806
CASE_00630,PAY_B1811420,,,MISSING_SETTLEMENT,EXCEPTION,583985,583985
CASE_00631,PAY_695FAF3B,SET_528D468F,BNK_62B4C29B,CLEAN,MATCHED,793618,793618
CASE_00632,PAY_5C63DB35,SET_A5852D0B,BNK_671E18B6,REFERENCE_TYPO,MATCHED,1592118,1592118
CASE_00633,PAY_D9D26936,SET_5FB8B973,BNK_1DC2D995,TAX_VARIANCE,EXCEPTION,1800970,1801020
CASE_00634,PAY_B0F796A8,SET_6AEEA982,BNK_3B161175,CLEAN,MATCHED,878175,878175
CASE_00635,PAY_9453B4C1,SET_AB0466BF,BNK_4504194B,HIGH_VALUE_ANOMALY,REVIEW,29292000,29292000
CASE_00636,PAY_328774E3,SET_22D1C63F,BNK_407EF3DA,CLEAN,MATCHED,663855,663855
CASE_00637,PAY_A3AB89AA,SET_068B3690,BNK_41AD5167,CLEAN,MATCHED,590722,590722
CASE_00638,PAY_2D6C4536,SET_4503CCBB,BNK_5982CBB3,TAX_VARIANCE,EXCEPTION,386362,386412
CASE_00639,PAY_372D104C,SET_2505AE82,BNK_E1FC0DA4,CLEAN,MATCHED,243612,243612
CASE_00640,PAY_9115B30C,SET_371335D5,BNK_480B123A,DUPLICATE,REVIEW,389584,389584
CASE_00641,PAY_EAE243CB,SET_B4E018E4,BNK_E94E1718,ONE_TO_MANY,MATCHED,1430329,1430329
CASE_00642,PAY_AAF5CC48,SET_2C6DE4BC,BNK_4CE68D32,HIGH_VALUE_ANOMALY,REVIEW,58584000,58584000
CASE_00643,,SET_AC050257,BNK_1C076668,MISSING_PAYMENT,EXCEPTION,492790,492790
CASE_00644,PAY_55F2A0EF,SET_CFAAD4EF,BNK_53326F91,FEE_VARIANCE,EXCEPTION,1398108,1398008
CASE_00645,PAY_0797F1B5,SET_D30EE93F,BNK_36E5D279,CLEAN,MATCHED,1537440,1537440
CASE_00646,PAY_8A6AB85C,SET_2836B912,BNK_8591D977,FEE_VARIANCE,EXCEPTION,1662810,1662710
CASE_00647,PAY_0601ABAD,SET_01FD579E,BNK_FA630858,REFERENCE_TYPO,MATCHED,1184862,1184862
CASE_00648,,SET_120006BD,BNK_C53155DC,MISSING_PAYMENT,EXCEPTION,1928098,1928098
CASE_00649,PAY_33CD8988,SET_670A2EB9,BNK_97ACD567,DUPLICATE,REVIEW,929924,929924
CASE_00650,PAY_2B8029BB,SET_26D310F5,BNK_51E93C97,AMBIGUOUS,REVIEW,770478,770478
CASE_00651,PAY_68E8A8E4,SET_A5477015,BNK_4B89023E,ONE_TO_MANY,MATCHED,870754,870754
CASE_00652,PAY_B1E0554F,SET_36DF85C7,BNK_EB0A5759,CLEAN,MATCHED,1894607,1894607
CASE_00653,PAY_B2A59F50,SET_DD39B688,BNK_33E24FD3,REFERENCE_TYPO,MATCHED,751633,751633
CASE_00654,PAY_99248079,SET_E24C0076,BNK_1C2E26A3,TAX_VARIANCE,EXCEPTION,1422518,1422568
CASE_00655,PAY_2E3BE96E,SET_722FE616,BNK_9B90F4C1,CLEAN,MATCHED,960973,960973
CASE_00656,PAY_005A34A7,SET_DB43367A,BNK_B7744CA9,CLEAN,MATCHED,19724,19724
CASE_00657,PAY_D322A556,SET_49F99B9B,BNK_DDC11D68,REFUND,MATCHED,424473,424473
CASE_00658,PAY_5639B546,SET_4C0DD150,BNK_42297AD8,UNEXPLAINED_DELTA,EXCEPTION,363221,352721
CASE_00659,PAY_61ED5C47,SET_11599E92,BNK_EAF70C49,CHARGEBACK,MATCHED,-42697,-42697
CASE_00660,PAY_5DFDBB63,SET_45F19AE2,BNK_AE7DE73E,FEE_VARIANCE,EXCEPTION,920550,920450
CASE_00661,PAY_92694AE3,SET_7E077EF5,BNK_0318CE51,REFUND,MATCHED,621369,621369
CASE_00662,PAY_5ECB8D74,SET_6FB2F866,BNK_30B73431,AMBIGUOUS,REVIEW,1320484,1320484
CASE_00663,PAY_403AC439,,,MISSING_SETTLEMENT,EXCEPTION,570413,570413
CASE_00664,PAY_92A6030E,SET_DAD06021,BNK_980753ED,TIMING_DIFFERENCE,MATCHED,1198629,1198629
CASE_00665,PAY_059A9874,SET_1917D9FB,BNK_752AEFEF,CLEAN,MATCHED,1545056,1545056
CASE_00666,PAY_6CBF0CDA,SET_149D4DA2,BNK_73A3381E,DUPLICATE,REVIEW,191570,191570
CASE_00667,PAY_8B3D0D0C,SET_0F7ED08A,BNK_A88D21E5,CLEAN,MATCHED,1216888,1216888
CASE_00668,PAY_5B18B1E1,SET_F4DF31EF,BNK_2ECA5995,CLEAN,MATCHED,1403283,1403283
CASE_00669,PAY_FEF18386,SET_07E97D11,BNK_8909FE82,CLEAN,MATCHED,636027,636027
CASE_00670,PAY_58FA5AD2,SET_C6E88262,BNK_E42EB44F,CLEAN,MATCHED,670787,670787
CASE_00671,PAY_D9E7753E,SET_3135B555,BNK_5B1147A3,OTHER,MATCHED,1828309,1828309
CASE_00672,PAY_F57FF045,SET_B80C31E0,BNK_CA2AF885,DUPLICATE,REVIEW,487224,487224
CASE_00673,PAY_278BB4B4,SET_4AA54217,BNK_97CE3CBB,CLEAN,MATCHED,1778415,1778415
CASE_00674,PAY_4E77214D,SET_BCC2C637,BNK_5988AA52,TIMING_DIFFERENCE,MATCHED,1451614,1451614
CASE_00675,PAY_36233658,SET_1CCD5A2C,BNK_1B585ED1,REFERENCE_TYPO,MATCHED,1449954,1449954
CASE_00676,PAY_72B8F8D3,SET_A5C15900,BNK_7E26F355,REFERENCE_TYPO,MATCHED,822032,822032
CASE_00677,PAY_A96A3019,SET_0D6F3DEB,BNK_44E404C5,UNEXPLAINED_DELTA,EXCEPTION,971421,953821
CASE_00678,PAY_EE89C144,SET_F32BEFD3,BNK_79C22E5B,TIMING_DIFFERENCE,MATCHED,1114659,1114659
CASE_00679,PAY_FB13EA0B,SET_0802C9C9,BNK_9C300E04,ONE_TO_MANY,MATCHED,699005,699005
CASE_00680,PAY_4B32318B,SET_80AFA4CA,BNK_5121C38E,TAX_VARIANCE,EXCEPTION,1697667,1697717
CASE_00681,PAY_3AD5B6CC,SET_66948220,BNK_09D2F4C1,UNEXPLAINED_DELTA,EXCEPTION,807581,759681
CASE_00682,PAY_E6EC5014,SET_C80B2335,BNK_62D8BEA9,CLEAN,MATCHED,363612,363612
CASE_00683,PAY_7C622F5B,SET_A1B31CE5,BNK_FA0D0536,CLEAN,MATCHED,1236318,1236318
CASE_00684,PAY_140E590C,SET_DBC7D362,BNK_4B103690,OTHER,MATCHED,1188377,1188377
CASE_00685,PAY_51270797,SET_1BFDF372,BNK_9BEA1398,TIMING_DIFFERENCE,MATCHED,504506,504506
CASE_00686,PAY_1324E290,SET_3DBC0CD7,BNK_0F5B992D,CHARGEBACK,MATCHED,-32301,-32301
CASE_00687,PAY_B0EEBA3F,,,MISSING_SETTLEMENT,EXCEPTION,1792769,1792769
CASE_00688,PAY_F4EF7714,SET_252F35A8,BNK_2838193D,ONE_TO_MANY,MATCHED,360585,360585
CASE_00689,PAY_B0537F90,SET_D528924D,BNK_67FBE217,ONE_TO_MANY,MATCHED,1695519,1695519
CASE_00690,PAY_1D68A42E,SET_21D8B5D3,BNK_2C6899D9,CLEAN,MATCHED,1407188,1407188
CASE_00691,PAY_9DAB7EF7,SET_C3CAAA46,BNK_C9FBE89C,CLEAN,MATCHED,100081,100081
CASE_00692,PAY_AA289E58,SET_04B648FE,BNK_5B040C5A,CLEAN,MATCHED,521008,521008
CASE_00693,PAY_BD1F39FF,SET_E1192191,BNK_8851E379,HIGH_VALUE_ANOMALY,REVIEW,14646000,14646000
CASE_00694,PAY_FEA901D8,SET_901D9CAF,BNK_8EB18651,REFERENCE_TYPO,MATCHED,712480,712480
CASE_00695,PAY_2513F0BB,SET_C7C0E64B,BNK_DBDEAD58,CLEAN,MATCHED,1334446,1334446
CASE_00696,PAY_F7EB0C5E,SET_B9CC0DAB,BNK_0C474432,CLEAN,MATCHED,740307,740307
CASE_00697,PAY_4A23203F,SET_3FA10838,BNK_9C428F72,UNEXPLAINED_DELTA,EXCEPTION,137380,93680
CASE_00698,PAY_D91F1409,SET_159CC296,BNK_8B76D527,REFUND,MATCHED,284554,284554
CASE_00699,,SET_097C76F1,BNK_A912D8AD,MISSING_PAYMENT,EXCEPTION,1682142,1682142
CASE_00700,PAY_67164931,SET_5019BC5E,BNK_AC4BDA2B,CLEAN,MATCHED,135037,135037
CASE_00701,PAY_2E5FDB59,SET_84133B7E,BNK_74F5ED42,CLEAN,MATCHED,714530,714530
CASE_00702,PAY_A7F665AE,SET_8EB9D96E,BNK_818C3D46,OTHER,MATCHED,1920091,1920091
CASE_00703,PAY_6FA2FB1A,SET_A6E573D9,BNK_8411C2F5,TIMING_DIFFERENCE,MATCHED,1210541,1210541
CASE_00704,PAY_8C4BC80C,SET_17FC6BA5,BNK_2DF2C9DF,HIGH_VALUE_ANOMALY,REVIEW,58584000,58584000
CASE_00705,PAY_7994AF2B,SET_42FEB798,BNK_5D62129C,CLEAN,MATCHED,559575,559575
CASE_00706,PAY_47BA6347,SET_81726CC0,BNK_8776B63A,FEE_VARIANCE,EXCEPTION,1813956,1813856
CASE_00707,PAY_891CD6AF,SET_045A21DA,BNK_FAEA8CDC,CLEAN,MATCHED,1552574,1552574
CASE_00708,PAY_1D2B4662,SET_D691E012,BNK_C82D110D,TAX_VARIANCE,EXCEPTION,254841,254891
CASE_00709,PAY_C24B8714,SET_752A1B31,BNK_148A15FB,CLEAN,MATCHED,1275472,1275472
CASE_00710,PAY_98924C09,SET_7A35493B,BNK_768113F6,UNEXPLAINED_DELTA,EXCEPTION,1774998,1750998
CASE_00711,PAY_92ECB535,SET_61CE18C7,BNK_6771F0AD,ONE_TO_MANY,MATCHED,716580,716580
CASE_00712,PAY_EFA30E92,SET_B63397C8,BNK_64385D6C,CHARGEBACK,MATCHED,-6718,-6718
CASE_00713,,SET_3D80AA83,BNK_FB88AF39,MISSING_PAYMENT,EXCEPTION,1367546,1367546
CASE_00714,PAY_19CE7395,SET_F6F55955,BNK_C71146F9,TAX_VARIANCE,EXCEPTION,475995,476045
CASE_00715,PAY_3F094C31,SET_BA2AEB1E,BNK_43D60F88,UNEXPLAINED_DELTA,EXCEPTION,1711630,1672730
CASE_00716,PAY_6343531B,SET_55D5C77E,BNK_403EFDA2,CLEAN,MATCHED,770868,770868
CASE_00717,PAY_C329E28F,SET_C882FDDD,BNK_35B3B904,ONE_TO_MANY,MATCHED,1297246,1297246
CASE_00718,PAY_FDF60D9D,SET_9B43C505,BNK_E7F042E6,CLEAN,MATCHED,282766,282766
CASE_00719,PAY_75E9CEB9,SET_B2B42F34,BNK_AD26A7C4,CLEAN,MATCHED,368299,368299
CASE_00720,PAY_DDF56F48,SET_449B8AD9,BNK_C6E284EC,OTHER,MATCHED,1386684,1386684
CASE_00721,PAY_EEC29A9C,SET_50DF658A,BNK_006DFFC5,OTHER,MATCHED,1160257,1160257
CASE_00722,PAY_CF31A6DC,SET_92C3E57A,BNK_3D13C2B2,CLEAN,MATCHED,847516,847516
CASE_00723,PAY_9DC40400,SET_8146CFE1,BNK_25C52C2B,CLEAN,MATCHED,735425,735425
CASE_00724,PAY_909D4331,SET_2E724887,BNK_121130C4,CHARGEBACK,MATCHED,-26453,-26453
CASE_00725,PAY_97906625,SET_FEE54776,BNK_395FD361,CLEAN,MATCHED,596776,596776
CASE_00726,PAY_7D67E3B8,SET_A2E860B6,BNK_06DE74D1,CLEAN,MATCHED,1225187,1225187
CASE_00727,PAY_91E78D1B,SET_16F2725B,BNK_B1881251,CLEAN,MATCHED,1797943,1797943
CASE_00728,PAY_58A057CE,SET_01C0404F,BNK_8EC5780B,CLEAN,MATCHED,413408,413408
CASE_00729,PAY_D461FA77,SET_2E9582FB,BNK_78195F95,AMBIGUOUS,REVIEW,1291973,1291973
CASE_00730,PAY_BEFC41F2,SET_48D904B6,BNK_908713CF,CLEAN,MATCHED,1310817,1310817
CASE_00731,PAY_71471DA2,SET_CBDF0280,BNK_D1511AD7,REFERENCE_TYPO,MATCHED,1500044,1500044
CASE_00732,PAY_A17D6D2C,SET_571037FF,BNK_FD18D8EE,DUPLICATE,REVIEW,1534999,1534999
CASE_00733,PAY_24745912,SET_443C6209,BNK_E32F3194,FEE_VARIANCE,EXCEPTION,1460304,1460204
CASE_00734,PAY_D8D09B04,SET_DA652BA4,BNK_BA75EB59,CLEAN,MATCHED,1598367,1598367
CASE_00735,PAY_52A31101,SET_52173FA7,BNK_D532CCC1,AMBIGUOUS,REVIEW,1108996,1108996
CASE_00736,PAY_6AA76B04,SET_7B5F96FE,BNK_F8E09F7D,CHARGEBACK,MATCHED,-22835,-22835
CASE_00737,PAY_84CA0505,SET_8D560BAE,BNK_21D63FF5,CLEAN,MATCHED,1586943,1586943
CASE_00738,PAY_282BF3AB,SET_0C775ECB,BNK_AD231DAF,CLEAN,MATCHED,1703037,1703037
CASE_00739,PAY_A0472311,SET_9C09E3D7,BNK_5E182EE1,TAX_VARIANCE,EXCEPTION,669323,669373
CASE_00740,PAY_74344682,,,MISSING_SETTLEMENT,EXCEPTION,1387465,1387465
CASE_00741,PAY_3A8E5D5E,SET_1DA2E1C7,BNK_521B9A05,CLEAN,MATCHED,1915990,1915990
CASE_00742,PAY_26E96314,SET_0F80E022,BNK_0C16C2E0,DUPLICATE,REVIEW,1679701,1679701
CASE_00743,PAY_CEDE4D9D,SET_553257B0,BNK_3D661F53,HIGH_VALUE_ANOMALY,REVIEW,5370200,5370200
CASE_00744,PAY_BC7BBE03,SET_A13798C1,BNK_49300E7F,CLEAN,MATCHED,921624,921624
CASE_00745,PAY_D817219D,SET_2728E1C7,BNK_5727BCA2,DUPLICATE,REVIEW,142653,142653
CASE_00746,PAY_342E318E,SET_9629FB70,BNK_E105120B,CLEAN,MATCHED,1677944,1677944
CASE_00747,PAY_73E36457,SET_08E54FE1,BNK_5E8A708B,CLEAN,MATCHED,1898317,1898317
CASE_00748,PAY_1433F039,SET_013DF01C,BNK_D4DECC81,CLEAN,MATCHED,131619,131619
CASE_00749,PAY_4B2A9804,SET_DD3F6484,BNK_FC1570CF,CLEAN,MATCHED,1751467,1751467
CASE_00750,PAY_449F42EC,SET_DD630377,BNK_38D38C96,REFERENCE_TYPO,MATCHED,1851060,1851060
CASE_00751,PAY_C9B58F05,SET_07974B01,BNK_E1F42114,CLEAN,MATCHED,1318629,1318629
CASE_00752,PAY_E407C378,SET_0FFEE9FC,BNK_F784E883,TIMING_DIFFERENCE,MATCHED,98324,98324
CASE_00753,PAY_2210C033,SET_8D5B47CA,BNK_480875D7,CLEAN,MATCHED,1638986,1638986
CASE_00754,PAY_99623B17,SET_0891BF0A,BNK_CDE90107,ONE_TO_MANY,MATCHED,502163,502163
CASE_00755,PAY_CE73597B,SET_09B9D69F,BNK_40BB4023,CLEAN,MATCHED,1044944,1044944
CASE_00756,PAY_083BCC32,SET_EAFF6572,BNK_88B04E87,CLEAN,MATCHED,1263364,1263364
CASE_00757,PAY_325AB5C4,SET_50A72DC0,BNK_C41E6AD0,CLEAN,MATCHED,1509905,1509905
CASE_00758,PAY_8BDFFA2F,SET_379B5A54,BNK_94FD3429,AMBIGUOUS,REVIEW,1286896,1286896
CASE_00759,PAY_7D44227F,SET_89C3CE6A,BNK_26F75EA9,CLEAN,MATCHED,64052,64052
CASE_00760,PAY_523482CF,SET_42DCBFA5,BNK_A1E9D496,TAX_VARIANCE,EXCEPTION,1511272,1511322
CASE_00761,PAY_141B48FE,SET_F2F7E1BC,BNK_28B5F9A6,CLEAN,MATCHED,1740238,1740238
CASE_00762,PAY_83056F0A,SET_558BB88A,BNK_85417EB8,REFUND,MATCHED,120149,120149
CASE_00763,PAY_AA072939,SET_F68F362C,BNK_7221904A,OTHER,MATCHED,478144,478144
CASE_00764,PAY_BDE59B50,SET_5F22E0E3,BNK_439B0C29,CLEAN,MATCHED,1608522,1608522
CASE_00765,PAY_C26E0109,SET_2C4D6F4C,BNK_6EE214C6,CLEAN,MATCHED,402180,402180
CASE_00766,PAY_8FEC9DDB,SET_CDEC10F3,BNK_C8F6E618,UNEXPLAINED_DELTA,EXCEPTION,1296367,1273667
CASE_00767,PAY_82189707,SET_08607E33,BNK_D7AF74B5,REFERENCE_TYPO,MATCHED,1681264,1681264
CASE_00768,PAY_346645B7,SET_CD18064E,BNK_00F0B6EB,TAX_VARIANCE,EXCEPTION,1223332,1223382
CASE_00769,PAY_4343B88E,SET_4C74E3D7,BNK_B92B2F78,REFERENCE_TYPO,MATCHED,422782,422782
CASE_00770,PAY_C4A43424,SET_33C0E72A,BNK_756C231E,REFUND,MATCHED,325953,325953
CASE_00771,PAY_A03692C9,SET_31A53876,BNK_9F5ADF64,UNEXPLAINED_DELTA,EXCEPTION,857963,826363
CASE_00772,PAY_EF740E50,SET_A7707A75,BNK_FD28B377,CHARGEBACK,MATCHED,-24293,-24293
CASE_00773,PAY_6D12B5D9,SET_1FDBA012,BNK_23748DFE,CLEAN,MATCHED,882666,882666
CASE_00774,,SET_AF529655,BNK_1B03467F,MISSING_PAYMENT,EXCEPTION,335687,335687
CASE_00775,PAY_C7002624,SET_1C9CAE35,BNK_D9E6A595,DUPLICATE,REVIEW,611813,611813
CASE_00776,PAY_499B7BCA,SET_7F673B8D,BNK_2F207EB2,FEE_VARIANCE,EXCEPTION,1349581,1349481
CASE_00777,PAY_1393C41D,SET_DD43634E,BNK_5475FC26,CLEAN,MATCHED,1277913,1277913
CASE_00778,PAY_0E820CBB,SET_381F01AA,BNK_99AE4D84,OTHER,MATCHED,1124618,1124618
CASE_00779,PAY_C7882A2B,SET_3082A253,BNK_E2AC52EE,CHARGEBACK,MATCHED,-16543,-16543
CASE_00780,PAY_F98B669E,SET_9BA19254,BNK_C812731A,CLEAN,MATCHED,1771776,1771776
CASE_00781,PAY_FEF437F2,SET_A74EBD01,BNK_DF5B083E,UNEXPLAINED_DELTA,EXCEPTION,337151,312351
CASE_00782,PAY_EE7C002C,SET_394DDC09,BNK_3B6D8186,DUPLICATE,REVIEW,350430,350430
CASE_00783,PAY_91428560,SET_72A2BEDD,BNK_B7FC0905,REFERENCE_TYPO,MATCHED,1733403,1733403
CASE_00784,PAY_7422369D,SET_FF99098A,BNK_596FFD40,HIGH_VALUE_ANOMALY,REVIEW,29292000,29292000
CASE_00785,PAY_EB779549,SET_D703DD86,BNK_6E89373B,CLEAN,MATCHED,23044,23044
CASE_00786,PAY_483CB5D1,SET_B723BB4A,BNK_D0C62C6A,TIMING_DIFFERENCE,MATCHED,567777,567777
CASE_00787,PAY_B2F4A9E7,SET_1D97FD90,BNK_1A9F22F8,UNEXPLAINED_DELTA,EXCEPTION,891844,870344
CASE_00788,PAY_56FA1117,SET_D003A8F0,BNK_2FBE4B4F,CLEAN,MATCHED,1501215,1501215
CASE_00789,PAY_5C045DEB,SET_B7F96C27,BNK_420465C9,TIMING_DIFFERENCE,MATCHED,1880645,1880645
CASE_00790,,SET_ECB4A25B,BNK_B61BD25C,MISSING_PAYMENT,EXCEPTION,1123251,1123251
CASE_00791,PAY_F4E86C76,SET_7721599D,BNK_F51BAED6,CLEAN,MATCHED,1273714,1273714
CASE_00792,PAY_386ED4C1,SET_0F922F84,BNK_E895E961,CLEAN,MATCHED,350919,350919
CASE_00793,PAY_4CE4CF1D,SET_07C5453B,BNK_B6D6AB9D,CLEAN,MATCHED,977767,977767
CASE_00794,PAY_F2217772,SET_D497C1B9,BNK_397DFED1,HIGH_VALUE_ANOMALY,REVIEW,5370200,5370200
CASE_00795,PAY_0BA71EB2,SET_BEE4E319,BNK_719FE92B,OTHER,MATCHED,1374967,1374967
CASE_00796,PAY_A2DF82B4,SET_5C2FD005,BNK_D3A35A6B,TIMING_DIFFERENCE,MATCHED,651064,651064
CASE_00797,PAY_A48A48D7,SET_495EED11,BNK_238E8F67,REFERENCE_TYPO,MATCHED,843220,843220
CASE_00798,PAY_320568B2,SET_A1EBCA10,BNK_E7EC60FA,TIMING_DIFFERENCE,MATCHED,368494,368494
CASE_00799,PAY_44458EBF,SET_A730857A,BNK_D86F407F,CLEAN,MATCHED,622358,622358
CASE_00800,PAY_F31A5CB7,,,MISSING_SETTLEMENT,EXCEPTION,1681068,1681068
CASE_00801,PAY_B5389FFD,SET_754827FC,BNK_EA48766D,CLEAN,MATCHED,191765,191765
CASE_00802,PAY_3A46C675,SET_70F53C8A,BNK_C5D20B50,DUPLICATE,REVIEW,1777830,1777830
CASE_00803,PAY_4246A51D,SET_34ECB5B8,BNK_0D8E5344,HIGH_VALUE_ANOMALY,REVIEW,58584000,58584000
CASE_00804,PAY_9BEBF984,SET_070194A3,BNK_3CEB323A,FEE_VARIANCE,EXCEPTION,779851,779751
CASE_00805,PAY_4C1F5A3B,SET_27D9AC98,BNK_A0B09883,CLEAN,MATCHED,1091811,1091811
CASE_00806,PAY_B4DA11EC,SET_D18A6BAE,BNK_5E484396,DUPLICATE,REVIEW,694221,694221
CASE_00807,PAY_49777BC8,SET_04EB8089,BNK_28C15ADC,FEE_VARIANCE,EXCEPTION,266655,266555
CASE_00808,PAY_2ECEBA8B,SET_AFD1AA64,BNK_29725C2B,CLEAN,MATCHED,641300,641300
CASE_00809,PAY_D3B803F6,SET_C9B7937B,BNK_3A927754,CLEAN,MATCHED,1700011,1700011
CASE_00810,PAY_61350C37,SET_4A0BFA71,BNK_A92D27FF,REFERENCE_TYPO,MATCHED,954627,954627
CASE_00811,PAY_13AC11BC,SET_3E570BD0,BNK_D9370BA9,CLEAN,MATCHED,834237,834237
CASE_00812,PAY_64B64F5F,SET_75EB9782,BNK_012D4E86,OTHER,MATCHED,1016433,1016433
CASE_00813,PAY_E6DB4228,SET_DB6F5C4B,BNK_7A55D0F4,HIGH_VALUE_ANOMALY,REVIEW,14646000,14646000
CASE_00814,PAY_113C424D,SET_8F5B76C8,BNK_F403F373,CLEAN,MATCHED,1854575,1854575
CASE_00815,PAY_9B6F220D,SET_9DB5C39F,BNK_4C594540,ONE_TO_MANY,MATCHED,1888260,1888260
CASE_00816,,SET_25CDCDAC,BNK_342D0A56,MISSING_PAYMENT,EXCEPTION,1869416,1869416
CASE_00817,PAY_8FB7E844,SET_93967191,BNK_3EFDC6D9,FEE_VARIANCE,EXCEPTION,757296,757196
CASE_00818,PAY_5C728D06,SET_4135C257,BNK_2263F5BD,OTHER,MATCHED,1771776,1771776
CASE_00819,PAY_D6B626B2,SET_DC6B101B,BNK_BF58C2BB,CLEAN,MATCHED,1601296,1601296
CASE_00820,,SET_C4A8175E,BNK_AB386123,MISSING_PAYMENT,EXCEPTION,1670621,1670621
CASE_00821,PAY_9A70B283,SET_A212F9A5,BNK_B9835E51,FEE_VARIANCE,EXCEPTION,1034887,1034787
CASE_00822,,SET_54088AFF,BNK_24D27DF1,MISSING_PAYMENT,EXCEPTION,137673,137673
CASE_00823,PAY_D0AC84CB,SET_ED91779C,BNK_D1F2A382,CLEAN,MATCHED,1269028,1269028
CASE_00824,PAY_2CCB05C5,SET_D85F4566,BNK_9DECF4C2,CLEAN,MATCHED,128202,128202
CASE_00825,PAY_6FFEA520,SET_C8824B7A,BNK_A43D134E,CLEAN,MATCHED,988703,988703
CASE_00826,PAY_395CCAB6,SET_BF02A3C9,BNK_4685CA9E,OTHER,MATCHED,1482762,1482762
CASE_00827,PAY_741ABA80,SET_EE5C622B,BNK_9B1AC871,CLEAN,MATCHED,1537538,1537538
CASE_00828,PAY_8E9B4304,SET_32502B61,BNK_6DBA8EC6,ONE_TO_MANY,MATCHED,1841100,1841100
CASE_00829,PAY_00DB8308,SET_77C67474,BNK_4EDC1BBD,DUPLICATE,REVIEW,73035,73035
CASE_00830,PAY_898FEBC4,SET_371F795F,BNK_08EC3034,TAX_VARIANCE,EXCEPTION,1334642,1334692
CASE_00831,PAY_B6EF37D7,SET_0DF28A56,BNK_25CAB16F,TIMING_DIFFERENCE,MATCHED,89341,89341
CASE_00832,PAY_4DCCBFB7,SET_B11346A0,BNK_623138BB,FEE_VARIANCE,EXCEPTION,697638,697538
CASE_00833,PAY_9D4DBE5F,SET_DBC69EC2,BNK_DFB6A9CF,AMBIGUOUS,REVIEW,803968,803968
CASE_00834,PAY_2D77B576,SET_9C140834,BNK_CD7EA67D,ONE_TO_MANY,MATCHED,203189,203189
CASE_00835,PAY_3E01B2BA,SET_72CDDE44,BNK_CEF000FE,UNEXPLAINED_DELTA,EXCEPTION,859037,814437
CASE_00836,PAY_D04DE689,SET_4649FC44,BNK_1C430025,CLEAN,MATCHED,1463234,1463234
CASE_00837,PAY_9217F1E3,SET_FD17B19F,BNK_852C9D56,CLEAN,MATCHED,1042796,1042796
CASE_00838,PAY_A306C5E9,SET_FB5A5C32,BNK_A8668920,REFUND,MATCHED,241964,241964
CASE_00839,PAY_C480CA70,SET_27A565D6,BNK_E6D8D1D3,CLEAN,MATCHED,1941962,1941962
CASE_00840,PAY_EE5E0966,SET_1EE962E2,BNK_DCD81726,REFERENCE_TYPO,MATCHED,1023854,1023854
CASE_00841,PAY_F8CB166D,SET_CAB27278,BNK_05A8785A,FEE_VARIANCE,EXCEPTION,1588701,1588601
CASE_00842,PAY_54FE7E73,SET_90527E3C,BNK_53F5959E,CLEAN,MATCHED,303368,303368
CASE_00843,PAY_9A387F87,SET_CD160030,BNK_76648576,REFERENCE_TYPO,MATCHED,1035961,1035961
CASE_00844,PAY_375C5552,SET_238B7B57,BNK_E840DED9,CLEAN,MATCHED,555767,555767
CASE_00845,PAY_7EE473B6,SET_E751ACA6,BNK_2428D3EC,CLEAN,MATCHED,1120127,1120127
CASE_00846,PAY_E964A510,SET_ADC32F98,BNK_C387CD3E,CLEAN,MATCHED,730250,730250
CASE_00847,PAY_A1B9ADFB,SET_CC52123D,BNK_E2B9D448,DUPLICATE,REVIEW,922406,922406
CASE_00848,PAY_C67ECB4C,SET_0870FACC,BNK_81BA7647,CLEAN,MATCHED,217933,217933
CASE_00849,PAY_9EEE79C5,SET_B541771F,BNK_D40899DF,REFUND,MATCHED,188941,188941
CASE_00850,PAY_0A50C0B8,SET_1015C9D2,BNK_9F184584,UNEXPLAINED_DELTA,EXCEPTION,1259752,1250252
CASE_00851,,SET_58A61F84,BNK_9D8BCFE5,MISSING_PAYMENT,EXCEPTION,1093861,1093861
CASE_00852,PAY_69E862AD,SET_3B50EA5D,BNK_E2B4175D,CLEAN,MATCHED,134744,134744
CASE_00853,PAY_D3B9CFF4,SET_C20F8F49,BNK_58E4E229,DUPLICATE,REVIEW,1151957,1151957
CASE_00854,PAY_B6F5FF69,SET_DF2BA921,BNK_87939344,CLEAN,MATCHED,1129500,1129500
CASE_00855,PAY_3B03F77A,SET_DEF2E35B,BNK_29172B88,CLEAN,MATCHED,413408,413408
CASE_00856,PAY_4BEA918D,SET_59D68AF6,BNK_DD11610D,AMBIGUOUS,REVIEW,1047287,1047287
CASE_00857,PAY_9C74EF53,SET_8113E0A2,BNK_53BE2726,FEE_VARIANCE,EXCEPTION,1628050,1627950
CASE_00858,PAY_3DE89942,SET_9CCDD1BB,BNK_C110B5CD,TAX_VARIANCE,EXCEPTION,566117,566167
CASE_00859,PAY_7ABE81A0,SET_2F5B2E8F,BNK_B95A687B,TAX_VARIANCE,EXCEPTION,425320,425370
CASE_00860,PAY_E3F6E7E4,SET_94EB3322,BNK_86FA992D,OTHER,MATCHED,142457,142457
CASE_00861,PAY_0149DFD9,SET_68DF82FF,BNK_79BDDA0C,CLEAN,MATCHED,1004228,1004228
CASE_00862,PAY_0941902C,SET_48A69AC1,BNK_4CC96035,CLEAN,MATCHED,1519865,1519865
CASE_00863,PAY_75999697,SET_2E528C57,BNK_E3C17A14,CHARGEBACK,MATCHED,-21433,-21433
CASE_00864,PAY_D5A2AF0C,SET_D77A5D3F,BNK_D728A8DF,REFERENCE_TYPO,MATCHED,1585381,1585381
CASE_00865,PAY_9B4C511D,SET_36EAFFFC,BNK_CCAD2079,UNEXPLAINED_DELTA,EXCEPTION,1946063,1935163
CASE_00866,PAY_8313AF27,SET_638E4239,BNK_9462D58A,ONE_TO_MANY,MATCHED,1853696,1853696
CASE_00867,PAY_DE7F45AA,SET_B83F05BD,BNK_32B87AEB,TAX_VARIANCE,EXCEPTION,234727,234777
CASE_00868,PAY_FACA05D9,SET_D5E3E54D,BNK_DCFD5F32,CHARGEBACK,MATCHED,-40268,-40268
CASE_00869,PAY_1A408BA7,SET_C641AE22,BNK_6123C51B,CHARGEBACK,MATCHED,-26082,-26082
CASE_00870,PAY_B5D13B3B,SET_DA4B822D,BNK_C513ABEE,DUPLICATE,REVIEW,1081852,1081852
CASE_00871,PAY_1C2D847A,SET_788C4C52,BNK_98927AF4,AMBIGUOUS,REVIEW,1580792,1580792
CASE_00872,PAY_F3D052F0,SET_490545A9,BNK_513E6DF6,FEE_VARIANCE,EXCEPTION,427078,426978
CASE_00873,PAY_BFFC8800,SET_6E6AADD5,BNK_05409BC5,CLEAN,MATCHED,1159768,1159768
CASE_00874,PAY_D42B5F1C,SET_1117AA9C,BNK_F57AEF0B,TAX_VARIANCE,EXCEPTION,1899977,1900027
CASE_00875,PAY_35AEEABC,SET_9B4827E4,BNK_28973C96,UNEXPLAINED_DELTA,EXCEPTION,1427693,1383193
CASE_00876,PAY_27B4FAE6,SET_33EB1D7E,BNK_2937B26B,CLEAN,MATCHED,1920286,1920286
CASE_00877,PAY_D5270688,SET_1145CCC3,BNK_009DC79A,CLEAN,MATCHED,900925,900925
CASE_00878,PAY_CE00708F,SET_FE559D8F,BNK_5A907314,UNEXPLAINED_DELTA,EXCEPTION,408526,393526
CASE_00879,PAY_A71C6187,SET_6C70A110,BNK_C929A6D2,TIMING_DIFFERENCE,MATCHED,1072869,1072869
CASE_00880,PAY_A85D9BCD,SET_2699D20B,BNK_D8FAD05A,DUPLICATE,REVIEW,720486,720486
CASE_00881,PAY_E6849187,SET_80A7C2B0,BNK_9191BFFE,UNEXPLAINED_DELTA,EXCEPTION,808460,803160
CASE_00882,PAY_B1FF5716,SET_E0477140,BNK_E56CDAEB,CLEAN,MATCHED,225354,225354
CASE_00883,PAY_3AF29B8C,SET_DEB75AE7,BNK_791E71FA,CLEAN,MATCHED,770771,770771
CASE_00884,PAY_23A37095,SET_FE3FD37E,BNK_F6525316,DUPLICATE,REVIEW,10741,10741
CASE_00885,PAY_A9418635,SET_71BB94AF,BNK_4F2751EC,ONE_TO_MANY,MATCHED,738842,738842
CASE_00886,PAY_30AD4729,SET_794A01FB,BNK_E50B1FFD,CLEAN,MATCHED,175362,175362
CASE_00887,PAY_EA6176E4,SET_167BB11A,BNK_81782B9F,CLEAN,MATCHED,1765136,1765136
CASE_00888,PAY_C9F6CBDB,SET_296C53B5,BNK_5534CA52,OTHER,MATCHED,1257018,1257018
CASE_00889,PAY_065848A3,SET_2A93BF9A,BNK_BEF88A68,DUPLICATE,REVIEW,1700499,1700499
CASE_00890,PAY_35A90D8C,SET_D2D5FFFB,BNK_99E96CC7,REFERENCE_TYPO,MATCHED,337151,337151
CASE_00891,PAY_A5FE9A49,SET_283B0F30,BNK_6DB03703,CHARGEBACK,MATCHED,-27265,-27265
CASE_00892,PAY_D87293E1,SET_836ED1E2,BNK_EFA0D89A,CLEAN,MATCHED,1280061,1280061
CASE_00893,PAY_057EB004,SET_B8380EE4,BNK_3410CEFD,REFUND,MATCHED,437574,437574
CASE_00894,PAY_20721EA0,SET_F304A068,BNK_42850D94,REFERENCE_TYPO,MATCHED,676939,676939
CASE_00895,PAY_FD10E263,SET_4C99F885,BNK_714F2ED2,ONE_TO_MANY,MATCHED,677329,677329
CASE_00896,PAY_2118A237,SET_ED06B5B9,BNK_65EBC0CA,TIMING_DIFFERENCE,MATCHED,172237,172237
CASE_00897,PAY_6A05631A,SET_BF54EC76,BNK_31E2FDC7,CLEAN,MATCHED,700567,700567
CASE_00898,PAY_B9B237DD,SET_2D8F3F8A,BNK_318EBC16,CLEAN,MATCHED,742943,742943
CASE_00899,PAY_AD4A1C8E,SET_5E939876,BNK_F3E107D0,UNEXPLAINED_DELTA,EXCEPTION,61611,12311
CASE_00900,PAY_0A2BCFC8,SET_38DE0B47,BNK_78DD0CEB,CLEAN,MATCHED,1230460,1230460
CASE_00901,PAY_FE112659,SET_73E075C2,BNK_72B8B9B4,CLEAN,MATCHED,982259,982259
CASE_00902,,SET_C15A3E3F,BNK_A0CBFB90,MISSING_PAYMENT,EXCEPTION,497183,497183
CASE_00903,PAY_D35D53E4,SET_827092BE,BNK_925F777F,CLEAN,MATCHED,175655,175655
CASE_00904,PAY_E2D5450A,SET_A8C6F291,BNK_58526A4E,DUPLICATE,REVIEW,502163,502163
CASE_00905,PAY_6D6969F9,SET_4B927B2E,BNK_4AFF8E96,CLEAN,MATCHED,1637619,1637619
CASE_00906,PAY_3B1879F6,SET_E6C75A5D,BNK_317B3CF7,CLEAN,MATCHED,1812394,1812394
CASE_00907,PAY_17B2A512,SET_24955554,BNK_E2EB6158,CLEAN,MATCHED,1524551,1524551
CASE_00908,PAY_A37FEDA1,SET_D132C45C,BNK_211A179E,CLEAN,MATCHED,1768944,1768944
CASE_00909,PAY_1ECABAD4,SET_EBAEE1E2,BNK_D672E2BD,REFERENCE_TYPO,MATCHED,1796576,1796576
CASE_00910,PAY_DCC83F2D,SET_24B14D32,BNK_65CB12DE,DUPLICATE,REVIEW,404523,404523
CASE_00911,PAY_E95F78D1,SET_6A21D8E1,BNK_15469032,CLEAN,MATCHED,304247,304247
CASE_00912,PAY_2919B474,SET_C9C1939A,BNK_FF608018,CHARGEBACK,MATCHED,-1871,-1871
CASE_00913,PAY_D8BFCE9F,SET_210CB7FA,BNK_37FC1F64,CLEAN,MATCHED,1291289,1291289
CASE_00914,PAY_383AE24A,SET_5F3352F7,BNK_D3023AF3,DUPLICATE,REVIEW,607809,607809
CASE_00915,PAY_054D7465,SET_B2D071E3,BNK_F111FAA2,TIMING_DIFFERENCE,MATCHED,720193,720193
CASE_00916,PAY_E76E9911,SET_6012E40F,BNK_65CDF996,UNEXPLAINED_DELTA,EXCEPTION,84752,50452
CASE_00917,PAY_C6189C8B,SET_EA0BA4F1,BNK_126BD96A,DUPLICATE,REVIEW,1043674,1043674
CASE_00918,PAY_AF1CF8B8,SET_1800F492,BNK_895AA999,CLEAN,MATCHED,1763281,1763281
CASE_00919,PAY_0F475CA3,,,MISSING_SETTLEMENT,EXCEPTION,434206,434206
CASE_00920,PAY_4DDB40D4,SET_C83E97D0,BNK_FDC071A2,CLEAN,MATCHED,82897,82897
CASE_00921,PAY_CA6F17BA,SET_8D7DB20E,BNK_516DAD25,REFERENCE_TYPO,MATCHED,1789937,1789937
CASE_00922,PAY_473A141F,SET_9A7D7299,BNK_D3ABDF74,FEE_VARIANCE,EXCEPTION,539169,539069
CASE_00923,PAY_C67CB804,SET_75159839,BNK_19DE76AF,CLEAN,MATCHED,219007,219007
CASE_00924,,SET_9355F4CB,BNK_ADDC3E7C,MISSING_PAYMENT,EXCEPTION,1305057,1305057
CASE_00925,PAY_B846B012,SET_7DE14695,BNK_341D48D6,CLEAN,MATCHED,297021,297021
CASE_00926,PAY_1AE741D0,SET_A6FA469D,BNK_9D51BC49,CLEAN,MATCHED,391342,391342
CASE_00927,PAY_F66DC7C6,SET_3C17E711,BNK_7058C2A6,TAX_VARIANCE,EXCEPTION,689339,689389
CASE_00928,PAY_E6C29956,SET_0F7CB4A8,BNK_10AEB0EE,CHARGEBACK,MATCHED,-35079,-35079
CASE_00929,PAY_8448CD3B,SET_F29828E8,BNK_76F0813F,CLEAN,MATCHED,1246863,1246863
CASE_00930,PAY_91E8C3C7,SET_33CC41BA,BNK_58DA278A,REFUND,MATCHED,595882,595882
CASE_00931,PAY_8BF93F25,SET_EA4268B9,BNK_8D76BB47,FEE_VARIANCE,EXCEPTION,525011,524911
CASE_00932,PAY_73555B06,SET_4F14626A,BNK_A29E399B,AMBIGUOUS,REVIEW,343498,343498
CASE_00933,PAY_24FB6907,SET_F6E550EE,BNK_9D91575C,TAX_VARIANCE,EXCEPTION,1652167,1652217
CASE_00934,PAY_738DBB57,SET_C29D7672,BNK_8B85299C,UNEXPLAINED_DELTA,EXCEPTION,254646,214246
CASE_00935,PAY_6A924B93,SET_2E462AC1,BNK_04680645,FEE_VARIANCE,EXCEPTION,1653827,1653727
CASE_00936,PAY_CC340C0E,SET_2E95C861,BNK_C513C30E,CLEAN,MATCHED,572561,572561
CASE_00937,PAY_80738006,SET_53D640D9,BNK_5DBE0349,CLEAN,MATCHED,163352,163352
CASE_00938,PAY_B7AE8451,SET_AC50EAF4,BNK_0D069A80,CLEAN,MATCHED,1255260,1255260
CASE_00939,PAY_A9F7B94B,SET_3E344E96,BNK_9DD1B911,CLEAN,MATCHED,1822061,1822061
CASE_00940,PAY_D5F59827,SET_88130846,BNK_C1DC428F,FEE_VARIANCE,EXCEPTION,45794,45694
CASE_00941,PAY_503B3B9D,SET_B0813E17,BNK_C6168FFE,TAX_VARIANCE,EXCEPTION,369861,369911
CASE_00942,PAY_52E43F22,SET_6E37DF7D,BNK_44BB2DA3,OTHER,MATCHED,25387,25387
CASE_00943,PAY_205421AF,SET_FE473F4C,BNK_25BA2987,TIMING_DIFFERENCE,MATCHED,1454641,1454641
CASE_00944,PAY_D9E0F160,SET_C5BC9AB2,BNK_CB6F4D5C,CHARGEBACK,MATCHED,-19887,-19887
CASE_00945,PAY_21C12424,SET_E7D60FB8,BNK_EDBDE990,CLEAN,MATCHED,1595243,1595243
CASE_00946,PAY_19000BD4,SET_014328CB,BNK_01272691,CHARGEBACK,MATCHED,-37703,-37703
CASE_00947,PAY_7B9B2832,SET_BDB36689,BNK_8BA25F4C,CLEAN,MATCHED,1731841,1731841
CASE_00948,PAY_EF80E12C,SET_27BF70E4,BNK_07B64FD7,UNEXPLAINED_DELTA,EXCEPTION,1305643,1257043
CASE_00949,PAY_F0AFD6AF,SET_838F080D,BNK_68F84813,TAX_VARIANCE,EXCEPTION,601853,601903
CASE_00950,PAY_B59DF4CA,SET_94A59640,BNK_F58944A3,DUPLICATE,REVIEW,1611842,1611842
CASE_00951,PAY_4CF51BA8,SET_1518B886,BNK_1F340505,CLEAN,MATCHED,1498482,1498482
CASE_00952,PAY_D58197DD,SET_98BD870C,BNK_ACD3BEE6,CLEAN,MATCHED,397883,397883
CASE_00953,PAY_67CD6A29,SET_24F77039,BNK_92984E02,TAX_VARIANCE,EXCEPTION,904147,904197
CASE_00954,PAY_DE15E421,SET_48B3C951,BNK_B9477EA6,CLEAN,MATCHED,501870,501870
CASE_00955,PAY_D924FFA3,SET_8E1B1713,BNK_7BA1D54B,OTHER,MATCHED,400617,400617
CASE_00956,PAY_C3076E5A,SET_10D30B70,BNK_69217A1E,CLEAN,MATCHED,243710,243710
CASE_00957,PAY_FF6C693C,SET_0A73CDE9,BNK_881AB6E7,TAX_VARIANCE,EXCEPTION,488591,488641
CASE_00958,PAY_DF3D0978,SET_555059BB,BNK_59336EA0,TIMING_DIFFERENCE,MATCHED,1442339,1442339
CASE_00959,PAY_DFFB283D,SET_D2265DAC,BNK_B1FA425F,OTHER,MATCHED,1150786,1150786
CASE_00960,PAY_3AB6DAC0,SET_A3194BA3,BNK_AC43829C,DUPLICATE,REVIEW,918109,918109
CASE_00961,PAY_466A6291,SET_CB9119BC,BNK_B2F95A2C,UNEXPLAINED_DELTA,EXCEPTION,1091225,1046025
CASE_00962,PAY_C68C0701,SET_E5CC027B,BNK_9C1080D3,TAX_VARIANCE,EXCEPTION,806897,806947
CASE_00963,PAY_6028CD3E,SET_D7E6AA9B,BNK_A8E2E909,CLEAN,MATCHED,1126180,1126180
CASE_00964,PAY_6049AC26,SET_A5EC847F,BNK_E2192284,CHARGEBACK,MATCHED,-573,-573
CASE_00965,PAY_49F97BE1,SET_FCD4E94C,BNK_67473629,TAX_VARIANCE,EXCEPTION,549616,549666
CASE_00966,PAY_9712CA24,SET_F3DDEB9C,BNK_54DEED1E,REFERENCE_TYPO,MATCHED,335882,335882
CASE_00967,PAY_21101231,SET_48768B7E,BNK_18505099,TAX_VARIANCE,EXCEPTION,1875177,1875227
CASE_00968,PAY_2E43E6B9,SET_465AE681,BNK_9518E108,CHARGEBACK,MATCHED,-15769,-15769
CASE_00969,PAY_E0F5B730,SET_DC20E2F5,BNK_C10E254C,FEE_VARIANCE,EXCEPTION,1074724,1074624
CASE_00970,PAY_797DCB47,SET_5A848BB2,BNK_96BF4F5B,AMBIGUOUS,REVIEW,716580,716580
CASE_00971,,SET_884AE57E,BNK_E1FF3F32,MISSING_PAYMENT,EXCEPTION,995050,995050
CASE_00972,PAY_93FC454D,SET_0D4ACFD6,BNK_09624609,CHARGEBACK,MATCHED,-32284,-32284
CASE_00973,PAY_AE0BD552,SET_805A6D5F,BNK_2A41800A,CLEAN,MATCHED,194499,194499
CASE_00974,PAY_DB07B95B,SET_BE3E50D1,BNK_7B4B3FC9,DUPLICATE,REVIEW,486248,486248
CASE_00975,PAY_60CCBA85,SET_A03C1AB0,BNK_690DF588,TAX_VARIANCE,EXCEPTION,1866877,1866927
CASE_00976,PAY_EB3E8545,SET_66CBE5B2,BNK_23241E24,FEE_VARIANCE,EXCEPTION,127714,127614
CASE_00977,PAY_799A5D82,SET_9FF45375,BNK_8817FD77,TIMING_DIFFERENCE,MATCHED,316549,316549
CASE_00978,PAY_286306BD,SET_844E11A1,BNK_E5A855AF,CLEAN,MATCHED,868118,868118
CASE_00979,PAY_67A22607,SET_44A9BE42,BNK_9C51FA14,FEE_VARIANCE,EXCEPTION,1806438,1806338
CASE_00980,PAY_314E4289,SET_CF2E2CBD,BNK_68AADED6,CLEAN,MATCHED,107112,107112
CASE_00981,PAY_C43E5226,SET_0F44BD29,BNK_B406932C,CLEAN,MATCHED,1142096,1142096
CASE_00982,PAY_A88D6816,SET_E2DD5456,BNK_0B119910,CHARGEBACK,MATCHED,-23897,-23897
CASE_00983,PAY_95BCE1CA,SET_A85346F5,BNK_D0A32343,CLEAN,MATCHED,620698,620698
CASE_00984,PAY_2B005D27,SET_18FD6F49,BNK_1CA4A470,TIMING_DIFFERENCE,MATCHED,201334,201334
CASE_00985,PAY_573AACD2,SET_57A5B28E,BNK_35AC0604,REFERENCE_TYPO,MATCHED,1192478,1192478
CASE_00986,PAY_8E58CFDE,SET_AE999CA6,BNK_3D31E236,REFERENCE_TYPO,MATCHED,1124325,1124325
CASE_00987,PAY_81180AE4,SET_D02AEBC9,BNK_95DBAAC3,CLEAN,MATCHED,983235,983235
CASE_00988,PAY_BE602C87,SET_307346D1,BNK_663B4A1C,REFUND,MATCHED,662244,662244
CASE_00989,PAY_8C6F89AF,SET_C7CF1837,BNK_550931C0,OTHER,MATCHED,1419784,1419784
CASE_00990,PAY_B6455D3C,SET_D6ADFC22,BNK_9D1E6E87,CLEAN,MATCHED,1842272,1842272
CASE_00991,PAY_45A35FD1,SET_643B510B,BNK_517B7548,CLEAN,MATCHED,354336,354336
CASE_00992,,SET_CCEFAD8F,BNK_4B961696,MISSING_PAYMENT,EXCEPTION,183368,183368
CASE_00993,PAY_86CAACA4,SET_51799F1D,BNK_D97DB590,TAX_VARIANCE,EXCEPTION,178975,179025
CASE_00994,PAY_CC04C055,SET_5CAB650A,BNK_3811D294,CLEAN,MATCHED,1074919,1074919
CASE_00995,PAY_6C5A044F,SET_8AFEEEC8,BNK_2ED5C469,REFERENCE_TYPO,MATCHED,1837585,1837585
CASE_00996,PAY_A8C3736C,SET_3880C972,BNK_3CC6DE3B,CLEAN,MATCHED,1473388,1473388
CASE_00997,PAY_F2E4D2D6,SET_4A9DFCE0,BNK_4EE13D69,CLEAN,MATCHED,584669,584669
CASE_00998,PAY_AD4E1278,SET_830F4E33,BNK_497ADBF4,CLEAN,MATCHED,469747,469747
CASE_00999,PAY_50C66770,SET_1B036603,BNK_46CB51F4,CLEAN,MATCHED,1369694,1369694
CASE_01000,PAY_BA7E33E6,SET_4B3C06B3,BNK_E7773397,CLEAN,MATCHED,1298905,1298905
CASE_01001,PAY_34372B54,SET_D72A82F8,BNK_65124CFE,CLEAN,MATCHED,1267856,1267856
CASE_01002,PAY_3A5F3FC7,SET_F4871D90,BNK_EA704F3E,HIGH_VALUE_ANOMALY,REVIEW,29292000,29292000
CASE_01003,PAY_3CB9288B,SET_4985535A,BNK_618B41C1,REFUND,MATCHED,376404,376404
CASE_01004,PAY_3F9C290D,SET_6359483E,BNK_897BA344,CLEAN,MATCHED,1691125,1691125
CASE_01005,PAY_0E86AD71,SET_71FFD4BA,BNK_187474F1,CLEAN,MATCHED,1473779,1473779
CASE_01006,PAY_7406C951,SET_6BEF255F,BNK_A56389ED,OTHER,MATCHED,481561,481561
CASE_01007,PAY_C13805AA,SET_4E7A567A,BNK_D10DC76F,CLEAN,MATCHED,1925168,1925168
CASE_01008,PAY_D1D0566D,SET_86C9CC83,BNK_6CC64BFC,UNEXPLAINED_DELTA,EXCEPTION,288234,250334
CASE_01009,PAY_370E31A9,SET_F11B1AAF,BNK_C4DED087,CLEAN,MATCHED,1926731,1926731
CASE_01010,PAY_A93759F6,SET_32424AD9,BNK_99926EEA,CHARGEBACK,MATCHED,-15951,-15951
CASE_01011,PAY_E0EA8359,SET_C15E5262,BNK_72C181B6,CLEAN,MATCHED,861185,861185
CASE_01012,PAY_544C3FBA,SET_565C3CD6,BNK_7C86ACA3,TIMING_DIFFERENCE,MATCHED,1372624,1372624
CASE_01013,PAY_86E4B5BB,SET_97C94CC0,BNK_DEF05E7F,REFUND,MATCHED,32015,32015
CASE_01014,PAY_3ADA84F8,,,MISSING_SETTLEMENT,EXCEPTION,1679799,1679799
CASE_01015,PAY_FA4C157A,SET_0ACE642A,BNK_C742DFFF,CLEAN,MATCHED,36420,36420
CASE_01016,PAY_2ECE61CD,SET_B219D9CC,BNK_7BEB462F,CLEAN,MATCHED,918695,918695
CASE_01017,PAY_67D5DC4D,SET_D89E86AD,BNK_3E8E3E7E,CLEAN,MATCHED,614156,614156
CASE_01018,PAY_20BCAC14,SET_59DED9DA,BNK_2FDC5652,UNEXPLAINED_DELTA,EXCEPTION,1706162,1700362
CASE_01019,PAY_BED1CFF9,SET_8D5B0058,BNK_1DCB6E5E,CLEAN,MATCHED,442798,442798
CASE_01020,PAY_FC53E62C,,,MISSING_SETTLEMENT,EXCEPTION,723611,723611
CASE_01021,PAY_1737B75F,SET_E41AFB81,BNK_A8A1CD07,TAX_VARIANCE,EXCEPTION,1829774,1829824
CASE_01022,PAY_70B7A5EE,SET_8D7BA2B8,BNK_7B48B3F5,CLEAN,MATCHED,966441,966441
CASE_01023,PAY_76E5CA5E,SET_2924C234,BNK_B18581F8,DUPLICATE,REVIEW,1549938,1549938
CASE_01024,PAY_39E620BF,SET_25E1BDAB,BNK_5F4D5835,CLEAN,MATCHED,189422,189422
CASE_01025,PAY_AB97CE62,SET_44E43055,BNK_BB1E8F6F,CLEAN,MATCHED,781511,781511
CASE_01026,PAY_7D925A6B,SET_1B05249E,BNK_D638AB19,UNEXPLAINED_DELTA,EXCEPTION,1377017,1348517
CASE_01027,PAY_D8853A2B,SET_28FB85C3,BNK_64901E3D,TIMING_DIFFERENCE,MATCHED,1951922,1951922
CASE_01028,PAY_BA9B0234,SET_25E3115A,BNK_C1A0FA4D,ONE_TO_MANY,MATCHED,1686829,1686829
CASE_01029,PAY_E8A44646,SET_264CB96B,BNK_644DC026,DUPLICATE,REVIEW,883642,883642
CASE_01030,,SET_FC1E42BF,BNK_EDDBEC62,MISSING_PAYMENT,EXCEPTION,1912378,1912378
CASE_01031,PAY_95AFFCCA,SET_7607EAE5,BNK_4C3F7076,CLEAN,MATCHED,1350948,1350948
CASE_01032,PAY_D57F4E2A,SET_5FBDDB84,BNK_9011837F,FEE_VARIANCE,EXCEPTION,1738090,1737990
CASE_01033,PAY_5C409C7F,SET_CDEB21C8,BNK_7BD9E84F,CLEAN,MATCHED,1169435,1169435
CASE_01034,PAY_44E62174,SET_99ABB39C,BNK_7C2C0272,CLEAN,MATCHED,843903,843903
CASE_01035,PAY_7F44FA0F,SET_F56E68A4,BNK_12F2E7BF,CLEAN,MATCHED,1408555,1408555
CASE_01036,PAY_A7827382,SET_3E26C750,BNK_DDE9A045,CLEAN,MATCHED,1353877,1353877
CASE_01037,PAY_2461CD55,SET_D4D65705,BNK_4A530F61,CLEAN,MATCHED,128983,128983
CASE_01038,PAY_DA1E3319,SET_6FBA8D67,BNK_85331AFA,CLEAN,MATCHED,874660,874660
CASE_01039,PAY_CF640318,SET_4440E7B4,BNK_0D1CE0A1,CLEAN,MATCHED,1594755,1594755
CASE_01040,PAY_38D407E5,SET_69A68804,BNK_9838B88E,REFUND,MATCHED,228625,228625
CASE_01041,PAY_B0E3D9C5,SET_D1FF5877,BNK_60C87A66,AMBIGUOUS,REVIEW,1111730,1111730
CASE_01042,PAY_1BBF428A,SET_5D5B5B59,BNK_0AD86FDB,CLEAN,MATCHED,1258482,1258482
CASE_01043,PAY_A065882B,SET_30F6A945,BNK_64CF3955,TIMING_DIFFERENCE,MATCHED,1799799,1799799
CASE_01044,PAY_FA49638B,SET_41EDE6D6,BNK_BB88BD7E,CLEAN,MATCHED,298486,298486
CASE_01045,PAY_8AC2FD22,SET_C436762F,BNK_6A4FC954,CLEAN,MATCHED,465548,465548
CASE_01046,PAY_08D90920,SET_9460A068,BNK_91BD7116,AMBIGUOUS,REVIEW,1877618,1877618
CASE_01047,PAY_B541EBCC,SET_112D6641,BNK_E22D5C52,CLEAN,MATCHED,504995,504995
CASE_01048,PAY_B74F82EF,SET_B89358EC,BNK_06CDAE26,CLEAN,MATCHED,981380,981380
CASE_01049,PAY_0DC595DF,SET_FF41AAE9,BNK_4B8E892D,CLEAN,MATCHED,134158,134158
CASE_01050,PAY_B2AF10F0,SET_C1C15FE4,BNK_99674889,CLEAN,MATCHED,582423,582423
CASE_01051,PAY_3C134749,SET_2992AE61,BNK_90EC9232,CLEAN,MATCHED,1014773,1014773
CASE_01052,PAY_8172E221,SET_760DD63A,BNK_0321CBA1,REFERENCE_TYPO,MATCHED,844782,844782
CASE_01053,PAY_531504F4,SET_9C5971FA,BNK_BD466026,OTHER,MATCHED,1008426,1008426
CASE_01054,PAY_F70895B9,SET_CE384CA3,BNK_EA80B85A,CLEAN,MATCHED,639640,639640
CASE_01055,PAY_26052920,SET_843E719E,BNK_0A8C9722,CLEAN,MATCHED,332562,332562
CASE_01056,PAY_0DF68322,SET_D1BFD192,BNK_1C5636AE,CLEAN,MATCHED,998858,998858
CASE_01057,PAY_219E91E6,SET_2C2D56BD,BNK_97458FCF,CLEAN,MATCHED,414775,414775
CASE_01058,PAY_7FF73C8A,SET_3D68006E,BNK_043F80B9,AMBIGUOUS,REVIEW,170968,170968
CASE_01059,PAY_3D635A9D,,,MISSING_SETTLEMENT,EXCEPTION,914301,914301
CASE_01060,PAY_8ECB4BD6,SET_D3245190,BNK_C7184ABC,CLEAN,MATCHED,1772459,1772459
CASE_01061,PAY_FAFB5B9D,SET_427C8AFC,BNK_90CDE3B2,CHARGEBACK,MATCHED,-14846,-14846
CASE_01062,PAY_5A344B2D,,,MISSING_SETTLEMENT,EXCEPTION,1160452,1160452
CASE_01063,PAY_9B2C2CC2,SET_B2132236,BNK_94679A8F,REFUND,MATCHED,891678,891678
CASE_01064,PAY_8D1E66B2,SET_9278099E,BNK_BB7F4F90,ONE_TO_MANY,MATCHED,968687,968687
CASE_01065,PAY_763E898B,SET_35BF3156,BNK_ADB15C84,AMBIGUOUS,REVIEW,27730,27730
CASE_01066,PAY_5E6F58E5,SET_4C577260,BNK_B958648E,OTHER,MATCHED,1116123,1116123
CASE_01067,PAY_2AC4C123,SET_2F46465B,BNK_A90799DA,CLEAN,MATCHED,1782712,1782712
CASE_01068,PAY_40AA7692,SET_671420A4,BNK_694696E0,DUPLICATE,REVIEW,1732427,1732427
CASE_01069,PAY_DFE74E89,SET_533B02E8,BNK_503F3191,DUPLICATE,REVIEW,1515861,1515861
CASE_01070,PAY_073B2824,SET_955BF256,BNK_6F07766B,REFUND,MATCHED,857568,857568
CASE_01071,PAY_ABD9AED9,SET_C5814F8E,BNK_5C57E84B,CLEAN,MATCHED,1226749,1226749
CASE_01072,PAY_95698A20,SET_EB529155,BNK_D77F6577,OTHER,MATCHED,384019,384019
CASE_01073,PAY_6564C3E0,SET_02E68870,BNK_D217FF23,CLEAN,MATCHED,1634689,1634689
CASE_01074,PAY_92EB82F4,SET_FC0B8CBB,BNK_73BBDEEC,ONE_TO_MANY,MATCHED,601658,601658
CASE_01075,PAY_7A6784C8,SET_C28766D2,BNK_C0EFDF98,DUPLICATE,REVIEW,1835925,1835925
CASE_01076,PAY_D6392D43,SET_50BF8879,BNK_81E6CAB0,CLEAN,MATCHED,1252624,1252624
CASE_01077,PAY_C67CE865,SET_1AE8CDC7,BNK_3C3F0F9C,CHARGEBACK,MATCHED,-18101,-18101
CASE_01078,PAY_A7A6ED65,SET_CE9C3C1B,BNK_64254AB9,CLEAN,MATCHED,344670,344670
CASE_01079,PAY_A45E2C8F,SET_A75A43A0,BNK_F84A8E32,OTHER,MATCHED,1695617,1695617
CASE_01080,PAY_3DB5477F,SET_8F5B94A4,BNK_10C6B164,UNEXPLAINED_DELTA,EXCEPTION,1500044,1470444
CASE_01081,PAY_517A08D7,SET_543677C8,BNK_28C37672,AMBIGUOUS,REVIEW,294092,294092
CASE_01082,PAY_6FFBE7C7,SET_BC0FADC3,BNK_EBE63C80,TIMING_DIFFERENCE,MATCHED,1413144,1413144
CASE_01083,PAY_114F1C1A,SET_7A57032D,BNK_A92D451D,CHARGEBACK,MATCHED,-19774,-19774
CASE_01084,PAY_F13B69F8,,,MISSING_SETTLEMENT,EXCEPTION,1052560,1052560
CASE_01085,PAY_E8C9687D,SET_BC438110,BNK_62F230D2,CLEAN,MATCHED,638566,638566
CASE_01086,,SET_8E9D74D0,BNK_408C87DD,MISSING_PAYMENT,EXCEPTION,34077,34077
CASE_01087,PAY_F3E7380E,SET_85C4B603,BNK_044EA17A,CLEAN,MATCHED,723806,723806
CASE_01088,PAY_8F825CD0,SET_0C871037,BNK_28858B25,UNEXPLAINED_DELTA,EXCEPTION,1679408,1636508
CASE_01089,PAY_204E0DD3,SET_D8A0E1D7,BNK_89B67E22,CLEAN,MATCHED,183075,183075
CASE_01090,PAY_686C783A,SET_BEAD0368,BNK_98A31D08,REFERENCE_TYPO,MATCHED,137673,137673
CASE_01091,PAY_0A766F29,SET_C76D35F2,BNK_0CA30B62,DUPLICATE,REVIEW,1323901,1323901
CASE_01092,PAY_A9354B0E,SET_D74427AA,BNK_AD7493C7,CHARGEBACK,MATCHED,-10549,-10549
CASE_01093,PAY_E14C3627,SET_D9D937F0,BNK_A5287B74,CLEAN,MATCHED,1083902,1083902
CASE_01094,PAY_EA2BB6CB,SET_64019E55,BNK_CB39F437,CLEAN,MATCHED,1521622,1521622
CASE_01095,PAY_15F14BE5,SET_4208BFE0,BNK_62FEC8B0,TIMING_DIFFERENCE,MATCHED,1492526,1492526
CASE_01096,PAY_02D00743,SET_A90435AB,BNK_35F6FC30,REFUND,MATCHED,36826,36826
CASE_01097,PAY_A6028BD2,SET_6CB3966E,BNK_FE704576,CLEAN,MATCHED,1215618,1215618
CASE_01098,PAY_CB262D3C,SET_F58EE81B,BNK_F5FCC3AF,CHARGEBACK,MATCHED,-24893,-24893
CASE_01099,PAY_83D8BA9B,SET_B2F5CAE9,BNK_9B95D0D1,DUPLICATE,REVIEW,614840,614840
CASE_01100,PAY_7387573B,SET_E5184C90,BNK_BDD40F0E,CLEAN,MATCHED,583888,583888
CASE_01101,PAY_8434D961,,,MISSING_SETTLEMENT,EXCEPTION,1750002,1750002
CASE_01102,PAY_955F0AC5,SET_FCB1C727,BNK_09B43F39,CLEAN,MATCHED,1458449,1458449
CASE_01103,PAY_052212C5,SET_CBEE5E14,BNK_B3DBFE3A,REFUND,MATCHED,447912,447912
CASE_01104,PAY_88BE085D,SET_D2A38852,BNK_A37C6F0F,OTHER,MATCHED,976400,976400
CASE_01105,PAY_32FBD539,SET_8B47A52E,BNK_D84829BB,CLEAN,MATCHED,1912475,1912475
CASE_01106,,SET_E97D29B7,BNK_543EA6E8,MISSING_PAYMENT,EXCEPTION,1106555,1106555
CASE_01107,PAY_C0AAA67F,SET_41C7CDF3,BNK_7A8705E9,CHARGEBACK,MATCHED,-13298,-13298
CASE_01108,PAY_DB5E9DF8,SET_FBBC5DCE,BNK_A65D7B65,TAX_VARIANCE,EXCEPTION,84459,84509
CASE_01109,PAY_0FDF64D4,SET_39026542,BNK_729088C6,FEE_VARIANCE,EXCEPTION,1857601,1857501
CASE_01110,,SET_6DDDCD6F,BNK_9668A9F2,MISSING_PAYMENT,EXCEPTION,544636,544636
CASE_01111,PAY_6A2620E4,SET_FCA3BF0F,BNK_09FB8009,CHARGEBACK,MATCHED,-30356,-30356
CASE_01112,PAY_F9EB265F,SET_E2D14B28,BNK_47D37A1F,REFUND,MATCHED,69698,69698
CASE_01113,PAY_3DA14115,SET_D59FF60A,BNK_F5D9420F,REFUND,MATCHED,205948,205948
CASE_01114,PAY_14A1A9CE,SET_35B4BCC9,BNK_D906FA09,DUPLICATE,REVIEW,873976,873976
CASE_01115,PAY_2271A3AA,SET_73C1D03B,BNK_F9E901A7,AMBIGUOUS,REVIEW,455589,455589
CASE_01116,PAY_DB73A319,SET_CC1A78A9,BNK_7892EA8B,HIGH_VALUE_ANOMALY,REVIEW,58584000,58584000
CASE_01117,PAY_50569B41,SET_4C815682,BNK_3D838018,CLEAN,MATCHED,1793843,1793843
CASE_01118,PAY_5EBEF4E0,SET_A33C658F,BNK_E5636267,CLEAN,MATCHED,784636,784636
CASE_01119,PAY_4D6AADFB,SET_B680694B,BNK_0B017CB6,ONE_TO_MANY,MATCHED,1624437,1624437
CASE_01120,PAY_4D12E030,SET_685C6901,BNK_B7254EBA,FEE_VARIANCE,EXCEPTION,974155,974055
CASE_01121,PAY_F11427F5,SET_3D3AE20A,BNK_4C8327D2,CHARGEBACK,MATCHED,-40537,-40537
CASE_01122,PAY_7F75152F,SET_B56027F4,BNK_7FE7C43A,FEE_VARIANCE,EXCEPTION,1053146,1053046
CASE_01123,PAY_6FD87EDD,SET_EA93930B,BNK_F0BA0BE8,CLEAN,MATCHED,722048,722048
CASE_01124,PAY_529072DF,SET_66C57B78,BNK_DD854DB8,CLEAN,MATCHED,1263950,1263950
CASE_01125,PAY_32E1DA5E,SET_8374CCD5,BNK_B8445395,CLEAN,MATCHED,1024049,1024049
CASE_01126,PAY_0F6781AF,SET_AF1D1184,BNK_1F636C7B,CLEAN,MATCHED,461154,461154
CASE_01127,PAY_04D91110,SET_FA2D8E0C,BNK_3AA84DB6,REFERENCE_TYPO,MATCHED,759151,759151
CASE_01128,PAY_7322A93D,SET_22BDAF93,BNK_1BDC15F0,CLEAN,MATCHED,504799,504799
CASE_01129,PAY_EA59CCC3,SET_09E364A6,BNK_C5244058,CLEAN,MATCHED,708281,708281
CASE_01130,PAY_371381C2,SET_46DD6FEE,BNK_A1F62864,ONE_TO_MANY,MATCHED,128983,128983
CASE_01131,PAY_58130F50,SET_21AA1BAD,BNK_94BAB553,CLEAN,MATCHED,1504926,1504926
CASE_01132,PAY_F185008F,SET_2922BCD1,BNK_D0B06E54,CLEAN,MATCHED,1020338,1020338
CASE_01133,PAY_CE21ABBB,SET_C7CF522F,BNK_45D02F3A,CLEAN,MATCHED,731129,731129
CASE_01134,PAY_CF48ECD1,SET_FFDE0B6E,BNK_92964455,CLEAN,MATCHED,1237978,1237978
CASE_01135,PAY_8F0BD2DC,SET_856045E0,BNK_7FDB3EA7,CLEAN,MATCHED,400227,400227
CASE_01136,PAY_35FFFFD2,SET_5E447984,BNK_AA970ECD,CLEAN,MATCHED,1518498,1518498
CASE_01137,,SET_41128E61,BNK_0B83906E,MISSING_PAYMENT,EXCEPTION,701349,701349
CASE_01138,PAY_ADBAAD10,SET_C98F436F,BNK_FC837595,CLEAN,MATCHED,1570442,1570442
CASE_01139,PAY_77F152BF,SET_F1632C4A,BNK_DE5A918B,CLEAN,MATCHED,1539002,1539002
CASE_01140,PAY_DEC83FE7,SET_9B1CD156,BNK_78DC1F98,REFERENCE_TYPO,MATCHED,1042405,1042405
CASE_01141,PAY_EBA5FC4F,SET_B2AD0C20,BNK_44E3CEBE,CLEAN,MATCHED,834822,834822
CASE_01142,PAY_C1BCEDFC,SET_8155101D,BNK_BC4AC3D2,FEE_VARIANCE,EXCEPTION,1008915,1008815
CASE_01143,PAY_57FB4AF5,SET_2B2E46FE,BNK_FDBAB9CA,REFERENCE_TYPO,MATCHED,858451,858451
CASE_01144,PAY_2C814066,SET_EC8B7AC3,BNK_0921E7A4,CLEAN,MATCHED,1782321,1782321
CASE_01145,PAY_669C31D9,SET_5BD0CDC1,BNK_78414E7C,REFERENCE_TYPO,MATCHED,228380,228380
CASE_01146,PAY_5F505C9F,SET_9AEAC9F7,BNK_A8256368,CLEAN,MATCHED,861185,861185
CASE_01147,PAY_1D1E2BF3,SET_F9A0DB03,BNK_28726897,CLEAN,MATCHED,728395,728395
CASE_01148,PAY_17C2735F,SET_42CC9134,BNK_1FFBC6ED,CLEAN,MATCHED,1656268,1656268
CASE_01149,PAY_44C36FEA,SET_10AF473C,BNK_265EEB3B,UNEXPLAINED_DELTA,EXCEPTION,359804,344204
CASE_01150,PAY_DF4058E5,,,MISSING_SETTLEMENT,EXCEPTION,734937,734937
CASE_01151,PAY_DD48D046,SET_DC7F9BDC,BNK_BA080320,REFUND,MATCHED,485214,485214
CASE_01152,PAY_95874E34,SET_28FAC25E,BNK_17B68E96,CLEAN,MATCHED,691194,691194
CASE_01153,PAY_B7EB8544,SET_B73918B7,BNK_770DAD92,REFUND,MATCHED,80226,80226
CASE_01154,,SET_6207B242,BNK_B4BE3E07,MISSING_PAYMENT,EXCEPTION,285890,285890
CASE_01155,PAY_0F00298D,SET_F8BBC679,BNK_FD4E7FDB,CLEAN,MATCHED,1085855,1085855
CASE_01156,PAY_DA7E5957,SET_3FC8B033,BNK_3ACF336C,REFERENCE_TYPO,MATCHED,1560385,1560385
CASE_01157,PAY_2D851AD6,SET_0E4A7914,BNK_9251F622,CLEAN,MATCHED,1291094,1291094
CASE_01158,PAY_03FA6F58,SET_FC8D5019,BNK_39510E26,CLEAN,MATCHED,1740141,1740141
CASE_01159,PAY_1AFA9C23,SET_976BE3E2,BNK_6949A386,CLEAN,MATCHED,1118369,1118369
CASE_01160,PAY_1C1A0AFA,SET_B8F0E38C,BNK_EE8BC15B,TIMING_DIFFERENCE,MATCHED,280325,280325
CASE_01161,PAY_548F73B2,SET_C6C0C2B6,BNK_CF81DEA1,DUPLICATE,REVIEW,1457570,1457570
CASE_01162,PAY_94BBF4E0,SET_AC44D371,BNK_67C9B2A2,CLEAN,MATCHED,1440679,1440679
CASE_01163,PAY_4AD5BE3E,SET_F37A9D91,BNK_95CF0210,CHARGEBACK,MATCHED,-18490,-18490
CASE_01164,PAY_AC3BF6CC,SET_AA81AC3B,BNK_D42B899A,ONE_TO_MANY,MATCHED,338030,338030
CASE_01165,PAY_44CC2739,SET_F8C86012,BNK_87179BD3,CLEAN,MATCHED,1531777,1531777
CASE_01166,PAY_3DB8AC50,SET_B0E6BD63,BNK_D76AB7B1,CLEAN,MATCHED,553912,553912
CASE_01167,,SET_BB2533B2,BNK_A8A54560,MISSING_PAYMENT,EXCEPTION,1729595,1729595
CASE_01168,PAY_96D4DFAE,SET_C68989F1,BNK_3DB6B062,CHARGEBACK,MATCHED,-30094,-30094
CASE_01169,PAY_2B051DB2,SET_063BE48C,BNK_64A57F5E,CLEAN,MATCHED,813732,813732
CASE_01170,PAY_435AEC8D,SET_6970514C,BNK_65A50BBE,TAX_VARIANCE,EXCEPTION,1177929,1177979
CASE_01171,PAY_69391679,SET_28CEBC9C,BNK_002DAD29,ONE_TO_MANY,MATCHED,1870002,1870002
CASE_01172,PAY_18046C73,SET_8B009A01,BNK_B6C728EC,REFERENCE_TYPO,MATCHED,225354,225354
CASE_01173,PAY_1ABCE346,SET_461D3369,BNK_8F66D715,UNEXPLAINED_DELTA,EXCEPTION,1562436,1541336
CASE_01174,PAY_5169C227,SET_BC635FFC,BNK_BFD481DE,CLEAN,MATCHED,158470,158470
CASE_01175,PAY_8B8D0D6E,SET_2B970AFC,BNK_15AE437E,FEE_VARIANCE,EXCEPTION,737573,737473
CASE_01176,PAY_F9373913,SET_769D2580,BNK_745C7C77,CLEAN,MATCHED,1701377,1701377
CASE_01177,PAY_67692425,SET_2C479294,BNK_DAF90C8B,CLEAN,MATCHED,110627,110627
CASE_01178,PAY_95B6D96A,SET_5C356AE9,BNK_AACB526C,CLEAN,MATCHED,642569,642569
CASE_01179,PAY_A721ADD7,SET_6D40B83C,BNK_CD1412AA,CLEAN,MATCHED,150659,150659
CASE_01180,PAY_99270E43,SET_0C9524EA,BNK_92293948,UNEXPLAINED_DELTA,EXCEPTION,1711727,1696727
CASE_01181,PAY_7823AB0A,SET_5CD872D1,BNK_F75B9372,CLEAN,MATCHED,1612037,1612037
CASE_01182,PAY_3F844F8E,SET_032FB7F3,BNK_C21AF977,CLEAN,MATCHED,1880352,1880352
CASE_01183,PAY_E28EDE0E,SET_87ACA6F8,BNK_30446D77,FEE_VARIANCE,EXCEPTION,1260435,1260335
CASE_01184,PAY_D6C34A31,SET_27593B75,BNK_361B4790,CLEAN,MATCHED,1838562,1838562
CASE_01185,PAY_A6549AE9,SET_8430E44D,BNK_10833383,CLEAN,MATCHED,993292,993292
CASE_01186,PAY_06E02A8C,SET_94A8764C,BNK_72C808F7,REFUND,MATCHED,265498,265498
CASE_01187,PAY_6F62967B,SET_6C111691,BNK_CF342DD8,OTHER,MATCHED,1752541,1752541
CASE_01188,,SET_F3A8E3EA,BNK_1069670A,MISSING_PAYMENT,EXCEPTION,992218,992218
CASE_01189,PAY_0D872331,SET_9A2C31AD,BNK_129C9F51,DUPLICATE,REVIEW,1104016,1104016
CASE_01190,PAY_E507A56D,SET_EADEA6E2,BNK_7DBAD334,UNEXPLAINED_DELTA,EXCEPTION,1483445,1463445
CASE_01191,PAY_15DA2213,SET_9DA3D30E,BNK_7A57FFF5,REFERENCE_TYPO,MATCHED,1492916,1492916
CASE_01192,PAY_FBCD1717,SET_6E8BF4D4,BNK_F657186D,CLEAN,MATCHED,1635861,1635861
CASE_01193,PAY_7AD54501,SET_E2FA94C1,BNK_CF226765,REFUND,MATCHED,279028,279028
CASE_01194,PAY_20244687,SET_BD2EC863,BNK_1A693F8D,TAX_VARIANCE,EXCEPTION,757296,757346
CASE_01195,PAY_CA9082C5,SET_8840AEA8,BNK_4221138A,ONE_TO_MANY,MATCHED,1930148,1930148
CASE_01196,PAY_7A43707B,SET_DC94EFEE,BNK_03850CB7,REFERENCE_TYPO,MATCHED,1786812,1786812
CASE_01197,PAY_4C161B25,SET_ECE389FA,BNK_90B46D2B,CLEAN,MATCHED,182294,182294
CASE_01198,PAY_7DDC6414,SET_A15778F1,BNK_EC3D9489,TAX_VARIANCE,EXCEPTION,505580,505630
CASE_01199,PAY_A0743CBC,SET_A2427884,BNK_807B4FF0,CLEAN,MATCHED,1529726,1529726
CASE_01200,PAY_36490419,SET_457F3B1A,BNK_CFB62B7D,CLEAN,MATCHED,532724,532724
CASE_01201,PAY_1C137F9B,SET_7B47D748,BNK_3340D5A2,CLEAN,MATCHED,656141,656141
CASE_01202,PAY_0C4AA8C9,SET_6B3DDEA0,BNK_81193C69,CLEAN,MATCHED,618452,618452
CASE_01203,PAY_A5DEF56B,SET_20DD2132,BNK_9D27E58B,REFUND,MATCHED,538142,538142
CASE_01204,PAY_67EF46AC,SET_6770277C,BNK_967E162D,CLEAN,MATCHED,854643,854643
CASE_01205,PAY_A16016EC,SET_F2648393,BNK_6C9531BF,TIMING_DIFFERENCE,MATCHED,436647,436647
CASE_01206,PAY_F848731F,SET_BEED4585,BNK_A0A08AF7,CLEAN,MATCHED,1012430,1012430
CASE_01207,PAY_14CD5F30,SET_EFDC9F17,BNK_B6F994A1,CLEAN,MATCHED,1502387,1502387
CASE_01208,PAY_1CA3D580,SET_E1876A49,BNK_A0891740,CLEAN,MATCHED,1634787,1634787
CASE_01209,PAY_D7B10135,SET_B9D8274B,BNK_6970B781,OTHER,MATCHED,1839245,1839245
CASE_01210,PAY_86D51944,SET_8D9DFC04,BNK_365D8478,TAX_VARIANCE,EXCEPTION,424539,424589
CASE_01211,PAY_4C3DBB0D,SET_ACE85171,BNK_190520AA,CLEAN,MATCHED,267144,267144
CASE_01212,PAY_B741057A,SET_D3F82AB2,BNK_32572365,CLEAN,MATCHED,653896,653896
CASE_01213,PAY_BD09AAF9,SET_BFE1F868,BNK_0B78157E,CLEAN,MATCHED,693928,693928
CASE_01214,PAY_C8F0AB0E,SET_8449D3FA,BNK_DD57DB75,CHARGEBACK,MATCHED,-3891,-3891
CASE_01215,PAY_134CB391,SET_AD42B1F0,BNK_ED38685D,REFUND,MATCHED,234675,234675
CASE_01216,PAY_BE45D13D,SET_2EB5F3F3,BNK_F251B9CE,CLEAN,MATCHED,39838,39838
CASE_01217,PAY_F251825F,SET_2221659B,BNK_022190F8,UNEXPLAINED_DELTA,EXCEPTION,230236,214936
CASE_01218,PAY_759C5DE9,SET_7B0CB8EF,BNK_A353FA3B,AMBIGUOUS,REVIEW,686996,686996
CASE_01219,PAY_18306810,SET_67B8CD9B,BNK_E4066004,CLEAN,MATCHED,988801,988801
CASE_01220,PAY_44B805E8,SET_9910382B,BNK_9ECFA99B,FEE_VARIANCE,EXCEPTION,1049240,1049140
CASE_01221,PAY_580C4D15,SET_BC660203,BNK_10913A37,OTHER,MATCHED,292628,292628
CASE_01222,PAY_42D78F1A,SET_9DFFDE90,BNK_50E3991B,CLEAN,MATCHED,1740726,1740726
CASE_01223,PAY_AF621582,SET_86BCFC7F,BNK_A87E5314,CLEAN,MATCHED,1389027,1389027
CASE_01224,PAY_9BDCC1F4,SET_4B70FB2B,BNK_89C99105,DUPLICATE,REVIEW,273881,273881
CASE_01225,PAY_78079A81,SET_B2547CA9,BNK_72B58F4F,CLEAN,MATCHED,1218157,1218157
CASE_01226,PAY_80E1673A,SET_45BBDA9A,BNK_E131F7D2,REFERENCE_TYPO,MATCHED,1010672,1010672
CASE_01227,PAY_92A2053A,SET_6790AE19,BNK_B511BDB3,CHARGEBACK,MATCHED,-34894,-34894
CASE_01228,PAY_DF19C43F,SET_3EF2B4B6,BNK_9A6420EE,DUPLICATE,REVIEW,1589580,1589580
CASE_01229,,SET_39CE7775,BNK_7E4F8B21,MISSING_PAYMENT,EXCEPTION,1772069,1772069
CASE_01230,PAY_DD9B044F,SET_A39DFB93,BNK_88849C00,AMBIGUOUS,REVIEW,946620,946620
CASE_01231,PAY_FDC7BCE9,SET_B884547F,BNK_5580C6A9,FEE_VARIANCE,EXCEPTION,972397,972297
CASE_01232,PAY_CD062BE0,SET_DA637514,BNK_5107FD7A,CLEAN,MATCHED,1223625,1223625
CASE_01233,PAY_6A4EB1D3,SET_5645B1A7,BNK_585C5A0A,TIMING_DIFFERENCE,MATCHED,56241,56241
CASE_01234,PAY_238F4340,SET_10712C01,BNK_E2C8DE5C,CHARGEBACK,MATCHED,-39126,-39126
CASE_01235,PAY_4ADCCE1C,SET_1D26CBA7,BNK_3A4EB7A8,REFERENCE_TYPO,MATCHED,253083,253083
CASE_01236,PAY_0697B645,SET_FBF087E2,BNK_456C2EA0,CLEAN,MATCHED,1870099,1870099
CASE_01237,PAY_E96F235F,SET_137A3549,BNK_211C7600,CLEAN,MATCHED,329243,329243
CASE_01238,PAY_A73E1741,SET_C79EFBAD,BNK_2B793BDE,REFUND,MATCHED,640473,640473
CASE_01239,PAY_6C735EA7,SET_1B39AA49,BNK_20CE3C20,CHARGEBACK,MATCHED,-5786,-5786
CASE_01240,PAY_89D1B111,SET_75DD57F0,BNK_A072441B,TIMING_DIFFERENCE,MATCHED,1845104,1845104
CASE_01241,PAY_5785639A,SET_AB8F8167,BNK_5038F30F,ONE_TO_MANY,MATCHED,554303,554303
CASE_01242,PAY_1F186870,SET_642BCE70,BNK_1E05FD95,UNEXPLAINED_DELTA,EXCEPTION,1193259,1151059
CASE_01243,PAY_7FEBC76A,SET_AEBB784E,BNK_BECD9FD3,TIMING_DIFFERENCE,MATCHED,642374,642374
CASE_01244,PAY_129AE5D6,SET_41C92455,BNK_F8394FF9,CLEAN,MATCHED,623237,623237
CASE_01245,PAY_857D15D4,SET_B4A94E91,BNK_85E2421B,CLEAN,MATCHED,1393519,1393519
CASE_01246,PAY_F4393E85,SET_2139EDB3,BNK_4223F8F3,CHARGEBACK,MATCHED,-29854,-29854
CASE_01247,PAY_47BDC4BF,SET_DF9C0E4F,BNK_61BE8264,HIGH_VALUE_ANOMALY,REVIEW,5370200,5370200
CASE_01248,PAY_A96B2FAE,SET_DA0BE913,BNK_67A08A33,CLEAN,MATCHED,698419,698419
CASE_01249,PAY_18B1C5BE,SET_28A52056,BNK_C049E5B2,TIMING_DIFFERENCE,MATCHED,1705771,1705771
CASE_01250,PAY_E5361DD5,SET_2759B04E,BNK_83BB60A0,CLEAN,MATCHED,701837,701837
CASE_01251,PAY_F0A0BAE5,SET_FF496EA2,BNK_B1E20C70,CLEAN,MATCHED,491227,491227
CASE_01252,PAY_5FC2759E,SET_70440925,BNK_14E4FD1D,TIMING_DIFFERENCE,MATCHED,1860335,1860335
CASE_01253,PAY_730342A9,SET_66DA1BD8,BNK_14CC8A75,UNEXPLAINED_DELTA,EXCEPTION,1613013,1592213
CASE_01254,PAY_76FFE60C,SET_AE2EB395,BNK_CBA1BB53,OTHER,MATCHED,1950555,1950555
CASE_01255,PAY_E0FD1A5C,SET_F9A3B79C,BNK_A53B9A12,CLEAN,MATCHED,1618579,1618579
CASE_01256,PAY_7BA28C1F,SET_31829930,BNK_14D79E90,OTHER,MATCHED,405695,405695
CASE_01257,PAY_A1018F9A,SET_BE37E5CC,BNK_996BE767,REFERENCE_TYPO,MATCHED,1509515,1509515
CASE_01258,PAY_288D62C2,SET_30EEBCEF,BNK_702668E1,ONE_TO_MANY,MATCHED,1369890,1369890
CASE_01259,PAY_94D0C431,SET_B4C26F2A,BNK_AE71B44B,UNEXPLAINED_DELTA,EXCEPTION,520617,510317
CASE_01260,PAY_88D2F985,SET_1BF2583F,BNK_22DE1814,DUPLICATE,REVIEW,1889042,1889042
CASE_01261,PAY_694F7FFA,SET_08E8D105,BNK_4A70BBCE,DUPLICATE,REVIEW,1745999,1745999
CASE_01262,PAY_DFE93457,SET_AC012FA4,BNK_8CE7DCA4,AMBIGUOUS,REVIEW,1078922,1078922
CASE_01263,PAY_F0072845,SET_97400F96,BNK_36BEC0FE,FEE_VARIANCE,EXCEPTION,242929,242829
CASE_01264,PAY_7737446F,SET_2A2B5439,BNK_CE64C0F2,REFUND,MATCHED,630659,630659
CASE_01265,PAY_017BEDB4,SET_C112C88C,BNK_E749BA18,HIGH_VALUE_ANOMALY,REVIEW,5370200,5370200
CASE_01266,PAY_9D9B4D5D,,,MISSING_SETTLEMENT,EXCEPTION,815978,815978
CASE_01267,PAY_17DF90E1,SET_8596ADC3,BNK_74D09059,CLEAN,MATCHED,1034789,1034789
CASE_01268,PAY_6216880C,SET_DCF60C74,BNK_6165F095,CLEAN,MATCHED,159447,159447
CASE_01269,PAY_BF520595,SET_50859F4A,BNK_F52F1725,TAX_VARIANCE,EXCEPTION,1394690,1394740
CASE_01270,PAY_F2C7DCC1,SET_152E5468,BNK_32A48D38,CHARGEBACK,MATCHED,-14683,-14683
CASE_01271,PAY_23CA817C,SET_999FA980,BNK_D60F651C,UNEXPLAINED_DELTA,EXCEPTION,719021,705421
CASE_01272,PAY_DF39362F,SET_9C191127,BNK_01538D87,CLEAN,MATCHED,793618,793618
CASE_01273,PAY_06049BCE,SET_977387AE,BNK_DF37EE2D,CLEAN,MATCHED,438502,438502
CASE_01274,PAY_BDA5FED2,SET_C3EABAB2,BNK_EB3A22DF,OTHER,MATCHED,356875,356875
CASE_01275,PAY_B0BC7031,SET_2CD734F6,BNK_66D62A17,CLEAN,MATCHED,1577179,1577179
CASE_01276,PAY_C663F194,SET_9BE44D68,BNK_887EEBDA,CLEAN,MATCHED,1616333,1616333
CASE_01277,PAY_64DD03FF,SET_0FA8CF32,BNK_4AD747C2,HIGH_VALUE_ANOMALY,REVIEW,14646000,14646000
CASE_01278,PAY_3B4F5AA6,SET_F8AAC620,BNK_089C19CE,TIMING_DIFFERENCE,MATCHED,381871,381871
CASE_01279,PAY_1A8677ED,SET_CA3D66CD,BNK_7F52CEE5,CLEAN,MATCHED,542781,542781
CASE_01280,PAY_82C1CCFC,SET_5A1D5FAC,BNK_1479E2A1,OTHER,MATCHED,529307,529307
CASE_01281,PAY_35E0A0A9,SET_1A2C99D5,BNK_D6C51F77,CLEAN,MATCHED,925921,925921
CASE_01282,PAY_DC27E7B1,SET_26456487,BNK_7992B9D9,FEE_VARIANCE,EXCEPTION,135427,135327
CASE_01283,PAY_E104AF77,SET_2F999FD1,BNK_EA26CB1E,CLEAN,MATCHED,542488,542488
CASE_01284,PAY_85C2741C,SET_32A5090B,BNK_B8C8B310,CLEAN,MATCHED,1503364,1503364
CASE_01285,PAY_B74CA0FF,SET_19335D96,BNK_FF4C63CB,CHARGEBACK,MATCHED,-15278,-15278
CASE_01286,PAY_0D14DF25,SET_19C3D88A,BNK_B20A91A6,CHARGEBACK,MATCHED,-35739,-35739
CASE_01287,PAY_605AD37E,SET_BF538BC6,BNK_F0355E72,FEE_VARIANCE,EXCEPTION,1568392,1568292
CASE_01288,PAY_3C0EE847,SET_5ADA0686,BNK_277B43A5,REFERENCE_TYPO,MATCHED,272416,272416
CASE_01289,PAY_F0DB4C27,SET_1BD05936,BNK_9FC7C2C5,OTHER,MATCHED,1251452,1251452
CASE_01290,PAY_BE56BB75,SET_A03F94BE,BNK_9BC2428D,CLEAN,MATCHED,1003544,1003544
CASE_01291,PAY_E6EA13C2,,,MISSING_SETTLEMENT,EXCEPTION,998565,998565
CASE_01292,PAY_31930456,SET_1C76CF91,BNK_085DD19E,CLEAN,MATCHED,385678,385678
CASE_01293,PAY_8C85730B,SET_2769E3BA,BNK_B1E98439,OTHER,MATCHED,287160,287160
CASE_01294,PAY_6500298A,SET_3DDAFD14,BNK_A4140789,CLEAN,MATCHED,296924,296924
CASE_01295,PAY_42A46321,SET_445412D9,BNK_F03701B6,CLEAN,MATCHED,67763,67763
CASE_01296,PAY_DE47A072,SET_2D81ECD0,BNK_9AB47422,ONE_TO_MANY,MATCHED,301415,301415
CASE_01297,PAY_DF709EE8,SET_D28EF1EC,BNK_69132141,HIGH_VALUE_ANOMALY,REVIEW,14646000,14646000
CASE_01298,PAY_F30D208D,SET_6FB70BE1,BNK_9D61E26E,CLEAN,MATCHED,377184,377184
CASE_01299,PAY_7E70213C,SET_EF763CD5,BNK_76086DDF,CLEAN,MATCHED,1514397,1514397
CASE_01300,PAY_31245600,SET_6615BFF0,BNK_28827B39,CLEAN,MATCHED,139626,139626
CASE_01301,PAY_F3F4D56B,SET_D722E34A,BNK_DA36920A,OTHER,MATCHED,501187,501187
CASE_01302,PAY_252C641D,SET_143C3182,BNK_71538475,TAX_VARIANCE,EXCEPTION,271928,271978
CASE_01303,PAY_D075834E,SET_D31C4A4A,BNK_8E32666E,CLEAN,MATCHED,1616528,1616528
CASE_01304,PAY_5B81CEB2,SET_03A2B6DE,BNK_F248D5CB,ONE_TO_MANY,MATCHED,1193942,1193942
CASE_01305,PAY_39E60B98,SET_E61DC4FD,BNK_4BA2EA37,CLEAN,MATCHED,1495650,1495650
CASE_01306,PAY_F7A7D6C3,SET_4F6DE7F2,BNK_979E3E23,ONE_TO_MANY,MATCHED,1453665,1453665
CASE_01307,PAY_FC0D0580,SET_5F16875E,BNK_BFB8B29A,CLEAN,MATCHED,1502973,1502973
CASE_01308,PAY_651D5358,,,MISSING_SETTLEMENT,EXCEPTION,1389222,1389222
CASE_01309,PAY_9CAE91DF,SET_69356DF8,BNK_48E45EBF,CLEAN,MATCHED,1094154,1094154
CASE_01310,PAY_E0BB0FAA,SET_4CC936A4,BNK_666963CC,CLEAN,MATCHED,813146,813146
CASE_01311,,SET_E10C2934,BNK_F0F60AF3,MISSING_PAYMENT,EXCEPTION,1856137,1856137
CASE_01312,PAY_1C8D5F88,SET_3704B136,BNK_66827CAA,ONE_TO_MANY,MATCHED,890380,890380
CASE_01313,PAY_65FD4845,SET_78A0591A,BNK_26F94629,CLEAN,MATCHED,810217,810217
CASE_01314,PAY_2F86DA1E,SET_9189BFFC,BNK_6DAC9015,CLEAN,MATCHED,1597879,1597879
CASE_01315,PAY_C955A112,SET_C8EE2A1B,BNK_37C3696A,REFUND,MATCHED,162405,162405
CASE_01316,PAY_48331401,SET_E9985438,BNK_7119315F,DUPLICATE,REVIEW,1002666,1002666
CASE_01317,PAY_34D40DE0,SET_9B9C0927,BNK_59FFC1AE,TAX_VARIANCE,EXCEPTION,1114854,1114904
CASE_01318,PAY_33AFD96A,SET_3AA7067D,BNK_D3B5A55B,AMBIGUOUS,REVIEW,1857309,1857309
CASE_01319,PAY_9DA76518,SET_D78861ED,BNK_F49C6EC6,CLEAN,MATCHED,1726276,1726276
CASE_01320,PAY_F3309B83,SET_E22C3246,BNK_DDD0A5BF,TAX_VARIANCE,EXCEPTION,1084390,1084440
CASE_01321,PAY_57714D24,SET_A39DD146,BNK_51494FA9,REFUND,MATCHED,937746,937746
CASE_01322,PAY_135953F7,SET_C1FB119D,BNK_35D2C2B0,REFUND,MATCHED,514894,514894
CASE_01323,PAY_E626BA09,SET_0A910B0F,BNK_56614C82,CLEAN,MATCHED,1666129,1666129
CASE_01324,PAY_5D06C22A,SET_C512E33F,BNK_1DADFFC5,CLEAN,MATCHED,1520451,1520451
CASE_01325,PAY_50B596D4,SET_ACA0FC79,BNK_F4B6C42A,REFUND,MATCHED,264593,264593
CASE_01326,PAY_65F75872,SET_B7C3E850,BNK_9FA82DE4,CLEAN,MATCHED,1089761,1089761
CASE_01327,PAY_6A5283C5,SET_A5AA4C4B,BNK_DFC435B6,CLEAN,MATCHED,1871662,1871662
CASE_01328,PAY_7D5CD18F,SET_CA91319B,BNK_AB35356C,CLEAN,MATCHED,1737309,1737309
CASE_01329,PAY_B313A4B6,SET_C9F2141F,BNK_26355FA4,CHARGEBACK,MATCHED,-13024,-13024
CASE_01330,PAY_61E046FC,SET_F70C6F8C,BNK_1C3249FE,CLEAN,MATCHED,1000810,1000810
CASE_01331,PAY_CA2C9811,SET_C7E75239,BNK_D1DC29FA,REFERENCE_TYPO,MATCHED,73621,73621
CASE_01332,PAY_5E22C07C,SET_EF3F1F71,BNK_18CFD06D,CLEAN,MATCHED,905611,905611
CASE_01333,PAY_F25E5E1A,SET_0C1539A4,BNK_FD07553F,CLEAN,MATCHED,1175684,1175684
CASE_01334,PAY_DDF9D9CD,SET_D99A1AD9,BNK_DD470BE3,CLEAN,MATCHED,390072,390072
CASE_01335,PAY_174F4B86,SET_EBF4414A,BNK_1A0DD418,CHARGEBACK,MATCHED,-39010,-39010
CASE_01336,,SET_F917825C,BNK_09B47C93,MISSING_PAYMENT,EXCEPTION,1782809,1782809
CASE_01337,PAY_F0302F9D,SET_926805F2,BNK_8692B9C8,CLEAN,MATCHED,1806731,1806731
CASE_01338,PAY_4B2B7D08,SET_D0555AC9,BNK_E69D0192,ONE_TO_MANY,MATCHED,196647,196647
CASE_01339,PAY_DCEE5DEC,SET_A93A75FD,BNK_D3F4F4AB,CLEAN,MATCHED,281887,281887
CASE_01340,PAY_9BD0417C,SET_E1BDB355,BNK_6716D7C5,CLEAN,MATCHED,338616,338616
CASE_01341,PAY_DF45F318,SET_D36E9009,BNK_A4CE1760,CLEAN,MATCHED,63857,63857
CASE_01342,PAY_525CE474,SET_1E4EF7A1,BNK_0F2D6645,CLEAN,MATCHED,253083,253083
CASE_01343,PAY_3913DBCB,SET_A111BDAE,BNK_27EC819B,CLEAN,MATCHED,74207,74207
CASE_01344,PAY_B32A08B1,SET_989852F7,BNK_0254937D,DUPLICATE,REVIEW,674107,674107
CASE_01345,PAY_81D83B77,SET_171390AD,BNK_39AAC108,CLEAN,MATCHED,145094,145094
CASE_01346,PAY_79E4193F,SET_8EA88E70,BNK_FA341B07,CLEAN,MATCHED,592871,592871
CASE_01347,PAY_2BC1F9C1,SET_07EA545A,BNK_D89F84B3,AMBIGUOUS,REVIEW,720486,720486
CASE_01348,PAY_08C0CD17,SET_54193785,BNK_4146921D,TIMING_DIFFERENCE,MATCHED,1536561,1536561
CASE_01349,PAY_58A0545B,SET_23F079AC,BNK_A07EEC99,CLEAN,MATCHED,1430231,1430231
CASE_01350,PAY_8B17F2B2,SET_4E5002E1,BNK_F92D4D2B,DUPLICATE,REVIEW,1065351,1065351
CASE_01351,PAY_A7A65C52,SET_78F64C7C,BNK_2909D520,REFERENCE_TYPO,MATCHED,53605,53605
CASE_01352,PAY_74D25F65,SET_3E7E997E,BNK_6AE37408,CLEAN,MATCHED,989094,989094
CASE_01353,PAY_5E97EEF1,SET_32F32CCC,BNK_CBCD1C94,REFERENCE_TYPO,MATCHED,1564096,1564096
CASE_01354,PAY_5FD94690,SET_6F177C93,BNK_3010A6F0,DUPLICATE,REVIEW,307176,307176
CASE_01355,PAY_03E3897F,SET_A96155D0,BNK_E3EAB8A6,OTHER,MATCHED,536728,536728
CASE_01356,PAY_8B193475,SET_08378FCC,BNK_52D3CC68,CLEAN,MATCHED,1291875,1291875
CASE_01357,PAY_82F3A865,SET_C5EDA9F3,BNK_9A687150,CLEAN,MATCHED,1447318,1447318
CASE_01358,,SET_65D0D54B,BNK_B3997C75,MISSING_PAYMENT,EXCEPTION,1170997,1170997
CASE_01359,PAY_D841D840,SET_18140C88,BNK_8F3A81DD,CLEAN,MATCHED,1080289,1080289
CASE_01360,PAY_A98E2589,SET_2147FDD8,BNK_8464D61F,CLEAN,MATCHED,671275,671275
CASE_01361,PAY_6C8DD64C,SET_14395F94,BNK_4312DC43,OTHER,MATCHED,696760,696760
CASE_01362,PAY_AB63D7D4,SET_B872C30B,BNK_718EC812,DUPLICATE,REVIEW,405890,405890
CASE_01363,PAY_96192859,SET_E938D4C0,BNK_FD1B7724,CLEAN,MATCHED,484100,484100
CASE_01364,,SET_E69150F0,BNK_0547A38E,MISSING_PAYMENT,EXCEPTION,283840,283840
CASE_01365,PAY_11266B99,SET_AAD64413,BNK_BAE85142,ONE_TO_MANY,MATCHED,910396,910396
CASE_01366,PAY_538229DE,SET_E41937CA,BNK_6F285D16,CLEAN,MATCHED,479218,479218
CASE_01367,PAY_557D4595,SET_5A5CBC2A,BNK_AD3972CA,REFERENCE_TYPO,MATCHED,785124,785124
CASE_01368,PAY_E3AD65C6,SET_E8CB9B99,BNK_6BC8633F,TAX_VARIANCE,EXCEPTION,55069,55119
CASE_01369,PAY_BA6E7B44,SET_8F02AB43,BNK_AA05EA72,UNEXPLAINED_DELTA,EXCEPTION,875441,851441
CASE_01370,PAY_66E628D1,SET_0DE0D981,BNK_770312BC,CHARGEBACK,MATCHED,-36103,-36103
CASE_01371,PAY_AC74E12D,SET_BD4843CE,BNK_BD8ECC5F,CLEAN,MATCHED,650869,650869
CASE_01372,PAY_4DCDEBF2,SET_2D19B8B2,BNK_0820BC6D,FEE_VARIANCE,EXCEPTION,78894,78794
CASE_01373,PAY_457666A9,SET_57C8AF92,BNK_C696E6E4,CLEAN,MATCHED,331976,331976
CASE_01374,PAY_408C26D8,SET_9C890872,BNK_49257DF9,REFERENCE_TYPO,MATCHED,399543,399543
CASE_01375,PAY_C65BCFC6,SET_5D779DFE,BNK_35397D22,CLEAN,MATCHED,324751,324751
CASE_01376,PAY_B5675515,SET_08681F4E,BNK_1023F975,DUPLICATE,REVIEW,1462941,1462941
CASE_01377,PAY_4388444B,SET_89DA0052,BNK_F74B44AD,ONE_TO_MANY,MATCHED,308055,308055
CASE_01378,PAY_3407BDD4,SET_BFB9DC6D,BNK_EDCC45AD,CLEAN,MATCHED,127811,127811
CASE_01379,PAY_1656AB08,SET_80E0D4CC,BNK_29565CA6,REFUND,MATCHED,359063,359063
CASE_01380,PAY_9665175C,SET_F9058C27,BNK_14B759C2,CHARGEBACK,MATCHED,-29882,-29882
CASE_01381,PAY_05930A67,SET_D296716B,BNK_E4907548,DUPLICATE,REVIEW,1425740,1425740
CASE_01382,PAY_97F9AA69,SET_E8249CB9,BNK_467DD4F7,TIMING_DIFFERENCE,MATCHED,1777244,1777244
CASE_01383,PAY_BE94D9A4,SET_7861EEFC,BNK_25119CA0,CLEAN,MATCHED,70301,70301
CASE_01384,PAY_EF212011,SET_567F0DB8,BNK_52D6D45C,CLEAN,MATCHED,1300565,1300565
CASE_01385,PAY_F1581B20,SET_024C3EFA,BNK_A825C02A,ONE_TO_MANY,MATCHED,1281916,1281916
CASE_01386,PAY_69854BDC,SET_286534CA,BNK_DBE8F4A4,CLEAN,MATCHED,769892,769892
CASE_01387,PAY_C262FF6A,SET_9B6F7A6F,BNK_8C6DC26B,DUPLICATE,REVIEW,1045823,1045823
CASE_01388,PAY_0213E013,SET_55D06C9C,BNK_144CA3CA,REFUND,MATCHED,422996,422996
CASE_01389,PAY_EC92F5EE,SET_015B9EFA,BNK_C5F5B48A,CLEAN,MATCHED,422196,422196
CASE_01390,PAY_94B6BD99,SET_F71CF070,BNK_698FB4E2,CLEAN,MATCHED,1718074,1718074
CASE_01391,PAY_86102A24,SET_F76129F2,BNK_74EC4042,AMBIGUOUS,REVIEW,1428571,1428571
CASE_01392,PAY_4CAF6BD6,SET_FF5E54BE,BNK_3664C20D,UNEXPLAINED_DELTA,EXCEPTION,1298612,1259512
CASE_01393,PAY_7C30FE54,SET_582719FA,BNK_BC708E45,CLEAN,MATCHED,1141998,1141998
CASE_01394,PAY_8C0090C0,SET_98FD18BF,BNK_74BF968F,TIMING_DIFFERENCE,MATCHED,58584,58584
CASE_01395,PAY_7FC2BBF4,SET_7F0C8255,BNK_3700FED8,DUPLICATE,REVIEW,1693957,1693957
CASE_01396,PAY_C69CD0C4,SET_6A66429F,BNK_42A42A89,OTHER,MATCHED,1619555,1619555
CASE_01397,PAY_9B4CA2B0,SET_0F58CBAE,BNK_AEF514B8,UNEXPLAINED_DELTA,EXCEPTION,39349,36049
CASE_01398,PAY_63E3EF27,SET_C1D95DED,BNK_A5A24846,CLEAN,MATCHED,48820,48820
CASE_01399,PAY_85B6DA85,SET_5C60C085,BNK_A57062F2,OTHER,MATCHED,681039,681039
CASE_01400,PAY_B2237025,SET_FF5AA0E3,BNK_CF194FCE,CLEAN,MATCHED,804847,804847
CASE_01401,PAY_D9E351C2,SET_11090657,BNK_1B3E7351,CLEAN,MATCHED,742650,742650
CASE_01402,PAY_C7A71777,SET_0FB56BD7,BNK_37B3706B,TIMING_DIFFERENCE,MATCHED,1907007,1907007
CASE_01403,PAY_41E519DB,SET_A7055710,BNK_1EA72F74,CLEAN,MATCHED,303270,303270
CASE_01404,PAY_8F2E447E,SET_539C11B3,BNK_1F635150,CLEAN,MATCHED,138845,138845
CASE_01405,PAY_9C2BDE39,SET_BC54A0ED,BNK_91F8FC26,CLEAN,MATCHED,635637,635637
CASE_01406,PAY_CAD54CC0,SET_738392C9,BNK_505BC70C,CHARGEBACK,MATCHED,-34658,-34658
CASE_01407,PAY_6413B8D8,SET_DFFF0364,BNK_51AF7744,CLEAN,MATCHED,966344,966344
CASE_01408,PAY_90ACEB52,SET_FEC8C06D,BNK_AA75F865,CLEAN,MATCHED,795962,795962
CASE_01409,PAY_1A4F8107,SET_336918C4,BNK_FE46D829,CLEAN,MATCHED,740502,740502
CASE_01410,PAY_6F4699B6,SET_75274EA4,BNK_59E08191,TAX_VARIANCE,EXCEPTION,644424,644474
CASE_01411,PAY_DE8EFA65,SET_F1EAF445,BNK_52DC2F73,CLEAN,MATCHED,1413339,1413339
CASE_01412,PAY_12ECFABB,SET_0C2AD421,BNK_6358E09D,CLEAN,MATCHED,1944989,1944989
CASE_01413,PAY_C9C77379,SET_844DC518,BNK_580CD812,CLEAN,MATCHED,235020,235020
CASE_01414,PAY_7488BCAB,SET_185396E2,BNK_167690B3,FEE_VARIANCE,EXCEPTION,618159,618059
CASE_01415,PAY_5C3BE75F,SET_204D9360,BNK_42F17963,FEE_VARIANCE,EXCEPTION,1501215,1501115
CASE_01416,PAY_CAE928A1,SET_DF4343EC,BNK_64FC7513,CLEAN,MATCHED,1950652,1950652
CASE_01417,PAY_03187470,SET_8C4CE8FF,BNK_18C6D7A1,TIMING_DIFFERENCE,MATCHED,1507757,1507757
CASE_01418,PAY_1940D3FC,SET_31128693,BNK_EBF98A95,OTHER,MATCHED,819981,819981
CASE_01419,PAY_73D82BD7,SET_75CF6626,BNK_C116E7A2,TIMING_DIFFERENCE,MATCHED,1686146,1686146
CASE_01420,PAY_BB2DA024,SET_183CCBE4,BNK_1ABCA12D,CHARGEBACK,MATCHED,-30406,-30406
CASE_01421,PAY_0D7225AF,SET_8D298F1C,BNK_8DB187AA,ONE_TO_MANY,MATCHED,152612,152612
CASE_01422,PAY_5315F1CB,SET_599A2458,BNK_91F43A99,CLEAN,MATCHED,857377,857377
CASE_01423,PAY_EEC8D313,SET_00CBEAC5,BNK_ECDAB7EC,FEE_VARIANCE,EXCEPTION,1801166,1801066
CASE_01424,PAY_8911791A,SET_78F269FF,BNK_17B682A3,CLEAN,MATCHED,163743,163743
CASE_01425,,SET_2432355F,BNK_2F24DF52,MISSING_PAYMENT,EXCEPTION,628997,628997
CASE_01426,PAY_D4C1D57A,SET_A9569430,BNK_FAFB28FD,REFUND,MATCHED,584496,584496
CASE_01427,PAY_C3A04911,SET_642BF65C,BNK_FA26A416,TAX_VARIANCE,EXCEPTION,99007,99057
CASE_01428,PAY_3F6673E9,SET_0380A781,BNK_7844A34E,REFERENCE_TYPO,MATCHED,986848,986848
CASE_01429,PAY_5FE5A5E7,SET_37F3540C,BNK_B4BC50B9,DUPLICATE,REVIEW,1792866,1792866
CASE_01430,PAY_40947D4E,SET_FA3ABE62,BNK_4FCB02A9,CLEAN,MATCHED,1585772,1585772
CASE_01431,PAY_D03B7D71,SET_9E75022D,BNK_9CE9613C,FEE_VARIANCE,EXCEPTION,1462452,1462352
CASE_01432,PAY_A3E1F7A8,SET_7894715A,BNK_6F5291A0,REFUND,MATCHED,591594,591594
CASE_01433,PAY_35AF1885,SET_DA44D7C3,BNK_C667745E,AMBIGUOUS,REVIEW,932755,932755
CASE_01434,PAY_C5164A2F,SET_828E0476,BNK_49584B9B,TIMING_DIFFERENCE,MATCHED,1899294,1899294
CASE_01435,PAY_AC59FD8A,SET_310CEF43,BNK_B450C77E,REFERENCE_TYPO,MATCHED,271537,271537
CASE_01436,PAY_AD622E10,SET_996FE793,BNK_2D14B2C6,TIMING_DIFFERENCE,MATCHED,1782126,1782126
CASE_01437,PAY_5C900A80,SET_15479E84,BNK_ABCB1430,OTHER,MATCHED,940371,940371
CASE_01438,PAY_FC517985,SET_6A1448D8,BNK_EE2133CD,OTHER,MATCHED,1450150,1450150
CASE_01439,PAY_2D9DB8CF,SET_DD5379C3,BNK_8E787E36,TIMING_DIFFERENCE,MATCHED,1479930,1479930
CASE_01440,PAY_F3FD1902,SET_63A2949E,BNK_5346F67B,OTHER,MATCHED,674302,674302
CASE_01441,,SET_08E6715C,BNK_713662B3,MISSING_PAYMENT,EXCEPTION,699103,699103
CASE_01442,PAY_5399142D,SET_6CAB32A9,BNK_743B3149,CLEAN,MATCHED,404523,404523
CASE_01443,PAY_12371EBA,SET_C06C64A4,BNK_56848334,CLEAN,MATCHED,1357978,1357978
CASE_01444,,SET_DB7BEBA5,BNK_EF7463FE,MISSING_PAYMENT,EXCEPTION,465255,465255
CASE_01445,PAY_9C7D2D10,SET_D6AC8532,BNK_92B08D54,UNEXPLAINED_DELTA,EXCEPTION,732593,684293
CASE_01446,,SET_29D0544B,BNK_DDF899AB,MISSING_PAYMENT,EXCEPTION,1750979,1750979
CASE_01447,PAY_9F8D09CB,SET_C15CC3BF,BNK_34FD8FF4,AMBIGUOUS,REVIEW,1636740,1636740
CASE_01448,PAY_E33F49C7,SET_0A7C8E6E,BNK_486E6BDD,CLEAN,MATCHED,869582,869582
CASE_01449,PAY_4C5665E1,,,MISSING_SETTLEMENT,EXCEPTION,1660173,1660173
CASE_01450,PAY_6337E22D,SET_63E31C6C,BNK_4F0ED4A0,ONE_TO_MANY,MATCHED,1614966,1614966
CASE_01451,PAY_DD3BD2F1,SET_9348C55A,BNK_9727D43C,TAX_VARIANCE,EXCEPTION,1946844,1946894
CASE_01452,PAY_C7667B70,SET_B6752150,BNK_AA62BEFB,CLEAN,MATCHED,612984,612984
CASE_01453,PAY_9875C7E0,SET_3D667F91,BNK_A6097ED8,CLEAN,MATCHED,1123349,1123349
CASE_01454,PAY_AD5604FB,SET_3697F69D,BNK_19C51F03,AMBIGUOUS,REVIEW,1664470,1664470
CASE_01455,PAY_850FA2B3,SET_B5DFF8F2,BNK_4687B4B9,ONE_TO_MANY,MATCHED,370935,370935
CASE_01456,PAY_EA84AB89,SET_0B01C04D,BNK_D0600450,CLEAN,MATCHED,1630296,1630296
CASE_01457,PAY_D2A6E979,,,MISSING_SETTLEMENT,EXCEPTION,113361,113361
CASE_01458,PAY_2ACAA106,SET_25EF45F8,BNK_1AAECD25,UNEXPLAINED_DELTA,EXCEPTION,199577,171577
CASE_01459,PAY_53864466,SET_B2FA5D1E,BNK_21D852B4,CLEAN,MATCHED,722927,722927
CASE_01460,PAY_FB884F14,SET_EB1AA76D,BNK_155DCAAF,FEE_VARIANCE,EXCEPTION,583399,583299
CASE_01461,PAY_0AA51B8A,SET_0FE82F28,BNK_D480DCC5,TAX_VARIANCE,EXCEPTION,1726178,1726228
CASE_01462,PAY_47286A60,SET_09423624,BNK_46D21F02,FEE_VARIANCE,EXCEPTION,1395178,1395078
CASE_01463,PAY_74A6C8CD,SET_A017F06E,BNK_CE35F2B7,CHARGEBACK,MATCHED,-7556,-7556
CASE_01464,PAY_FFE8CBA6,SET_7195944B,BNK_BC644A0D,REFUND,MATCHED,224194,224194
CASE_01465,PAY_24A9262D,,,MISSING_SETTLEMENT,EXCEPTION,713358,713358
CASE_01466,PAY_70407EA1,SET_92C3985F,BNK_49EA5269,UNEXPLAINED_DELTA,EXCEPTION,1659588,1655688
CASE_01467,PAY_1A196072,SET_CCE57D01,BNK_9CABABB3,CLEAN,MATCHED,825156,825156
CASE_01468,PAY_77E77CB2,SET_A3FEB8AC,BNK_418DE744,CHARGEBACK,MATCHED,-6985,-6985
CASE_01469,PAY_A5819BC8,SET_3AEC58F4,BNK_5A91B7C8,CHARGEBACK,MATCHED,-3419,-3419
CASE_01470,PAY_E0590C77,SET_9B62DD4D,BNK_7025ED8E,DUPLICATE,REVIEW,195183,195183
CASE_01471,PAY_19F4A9A4,SET_907A8F3B,BNK_06F184EC,CHARGEBACK,MATCHED,-27432,-27432
CASE_01472,PAY_982BB8BB,SET_37763E2D,BNK_FDA186F6,FEE_VARIANCE,EXCEPTION,621967,621867
CASE_01473,PAY_8363BA6F,SET_20BEC326,BNK_2528E95F,HIGH_VALUE_ANOMALY,REVIEW,58584000,58584000
CASE_01474,PAY_AB2B0EFA,SET_53B7F67F,BNK_23627F93,CLEAN,MATCHED,1494283,1494283
CASE_01475,PAY_FF1FE68B,SET_DD78888B,BNK_6C3424FB,HIGH_VALUE_ANOMALY,REVIEW,5370200,5370200
CASE_01476,PAY_B7718EF9,SET_EB94FFB6,BNK_ACF94A60,TAX_VARIANCE,EXCEPTION,1712508,1712558
CASE_01477,PAY_3532D4F5,SET_62262804,BNK_54FCECDA,CLEAN,MATCHED,1695129,1695129
CASE_01478,PAY_240B0EA8,SET_9835F9C1,BNK_0074EEBC,REFERENCE_TYPO,MATCHED,1079704,1079704
CASE_01479,PAY_2BDAC523,SET_48723891,BNK_185F1C0A,CHARGEBACK,MATCHED,-25388,-25388
CASE_01480,PAY_1D1E1DD1,SET_555DE0B1,BNK_72C454FF,CLEAN,MATCHED,63174,63174
CASE_01481,PAY_0A868E5F,SET_99BBAD0F,BNK_93476DC9,CLEAN,MATCHED,137185,137185
CASE_01482,PAY_A90384E8,SET_1C136790,BNK_A4C23014,CLEAN,MATCHED,756125,756125
CASE_01483,PAY_DA0A2828,SET_9A06F29B,BNK_FABC710A,REFUND,MATCHED,296655,296655
CASE_01484,PAY_E16A2838,SET_84D84EC9,BNK_14CD8029,CLEAN,MATCHED,1710946,1710946
CASE_01485,PAY_908E2218,SET_BC47AB69,BNK_C7BC6B14,CLEAN,MATCHED,1154984,1154984
CASE_01486,PAY_78E248B9,,,MISSING_SETTLEMENT,EXCEPTION,1680775,1680775
CASE_01487,PAY_BBBCC7A5,SET_767A770B,BNK_F817DD8C,TIMING_DIFFERENCE,MATCHED,198210,198210
CASE_01488,,SET_BE917ED2,BNK_C098F6CB,MISSING_PAYMENT,EXCEPTION,1445756,1445756
CASE_01489,PAY_36C501BC,SET_A08DD475,BNK_C22197C4,CLEAN,MATCHED,401691,401691
CASE_01490,,SET_6717C1BB,BNK_2332A839,MISSING_PAYMENT,EXCEPTION,982064,982064
CASE_01491,PAY_00E73BE9,SET_F4937EE2,BNK_4728B934,CLEAN,MATCHED,765889,765889
CASE_01492,PAY_957E78CC,,,MISSING_SETTLEMENT,EXCEPTION,1845982,1845982
CASE_01493,PAY_5272D4E7,SET_55DE9409,BNK_F770460D,TAX_VARIANCE,EXCEPTION,1887186,1887236
CASE_01494,PAY_3DC01003,SET_17DCE2EA,BNK_3FF2F8D7,CLEAN,MATCHED,510560,510560
CASE_01495,PAY_F5506837,SET_5B42DE74,BNK_757052A0,CLEAN,MATCHED,548542,548542
CASE_01496,PAY_838960CB,SET_C9400591,BNK_C90D1AB0,CLEAN,MATCHED,1046408,1046408
CASE_01497,PAY_9F253D88,SET_C86BE3AE,BNK_9440E5BC,CLEAN,MATCHED,1001689,1001689
CASE_01498,PAY_671D489A,SET_AB863228,BNK_7D1334EC,REFUND,MATCHED,140872,140872
CASE_01499,PAY_BFA8CF60,SET_38FCE9FE,BNK_7F5264D3,CLEAN,MATCHED,264214,264214
CASE_01500,PAY_8514C9C9,,,MISSING_SETTLEMENT,EXCEPTION,1613111,1613111
CASE_01501,PAY_8FE05B83,SET_07D951E3,BNK_9E2185A9,REFUND,MATCHED,187893,187893
CASE_01502,PAY_85404612,SET_453DDB40,BNK_20FF9884,TAX_VARIANCE,EXCEPTION,103597,103647
CASE_01503,PAY_8518AAD3,SET_7EEAAA23,BNK_5BD5A6FC,REFERENCE_TYPO,MATCHED,1925266,1925266
CASE_01504,PAY_D178AF6A,SET_A292689C,BNK_87A8EEA9,CLEAN,MATCHED,1428376,1428376
CASE_01505,PAY_DA204B6E,SET_1922571C,BNK_35649851,UNEXPLAINED_DELTA,EXCEPTION,810315,801115
CASE_01506,PAY_CFFA761F,,,MISSING_SETTLEMENT,EXCEPTION,1770897,1770897
CASE_01507,PAY_4177AFAF,SET_F6442F73,BNK_86A1C596,TIMING_DIFFERENCE,MATCHED,552057,552057
CASE_01508,PAY_31349A9F,SET_653080F3,BNK_00D6EC04,FEE_VARIANCE,EXCEPTION,1495845,1495745
CASE_01509,PAY_A30EB399,,,MISSING_SETTLEMENT,EXCEPTION,949842,949842
CASE_01510,PAY_73B307B4,SET_2BD8E36A,BNK_89A53BE9,CHARGEBACK,MATCHED,-2232,-2232
CASE_01511,PAY_30723495,SET_A536446F,BNK_4B9BEA42,FEE_VARIANCE,EXCEPTION,1791792,1791692
CASE_01512,PAY_29A06140,SET_DAB4F57E,BNK_8C3ECB65,CLEAN,MATCHED,372497,372497
CASE_01513,PAY_F96D4322,SET_AF8C6A4E,BNK_506A8A94,UNEXPLAINED_DELTA,EXCEPTION,628412,607112
CASE_01514,PAY_4E365D4D,SET_91AC6A58,BNK_D4D96049,FEE_VARIANCE,EXCEPTION,1950652,1950552
CASE_01515,PAY_B150F122,SET_927601A8,BNK_C5B15494,CLEAN,MATCHED,1271664,1271664
CASE_01516,PAY_8D463AE9,SET_E6A92035,BNK_34106809,CLEAN,MATCHED,796352,796352
CASE_01517,PAY_EDDBB901,SET_9D6A1C3E,BNK_EF3F919F,UNEXPLAINED_DELTA,EXCEPTION,1231631,1202131
CASE_01518,PAY_57D5EB8A,SET_AE847A17,BNK_F1AA7985,CLEAN,MATCHED,1851645,1851645
CASE_01519,PAY_72775A85,SET_101FA5EA,BNK_BEABDA4E,CLEAN,MATCHED,592968,592968
CASE_01520,PAY_BE503DE6,SET_C3926C8E,BNK_B21D2228,CLEAN,MATCHED,545515,545515
CASE_01521,PAY_8F94995C,SET_B9216EFD,BNK_3E808C20,CLEAN,MATCHED,405206,405206
CASE_01522,,SET_5100B92C,BNK_24E1DAAF,MISSING_PAYMENT,EXCEPTION,185907,185907
CASE_01523,PAY_D8CCC394,SET_3C00F64C,BNK_4F7D4AF2,OTHER,MATCHED,1562533,1562533
CASE_01524,PAY_3F992348,SET_3D5B52AE,BNK_11EF9C81,REFERENCE_TYPO,MATCHED,789225,789225
CASE_01525,PAY_56CFF8D6,SET_57A09F94,BNK_85EAA3A1,HIGH_VALUE_ANOMALY,REVIEW,29292000,29292000
CASE_01526,PAY_D4475D90,SET_1AFBE823,BNK_F409E2DE,CLEAN,MATCHED,565238,565238
CASE_01527,PAY_84AA1046,SET_370B1741,BNK_9716F247,TIMING_DIFFERENCE,MATCHED,44036,44036
CASE_01528,,SET_0ED7C6E8,BNK_D4E61435,MISSING_PAYMENT,EXCEPTION,1536366,1536366
CASE_01529,PAY_27F14C4E,SET_9578EA54,BNK_C88D2C79,CLEAN,MATCHED,1092983,1092983
CASE_01530,PAY_65078BEB,SET_3C8D3B84,BNK_00216BBB,HIGH_VALUE_ANOMALY,REVIEW,58584000,58584000
CASE_01531,PAY_26F89D5D,SET_25925AB6,BNK_7B2850A7,ONE_TO_MANY,MATCHED,1601785,1601785
CASE_01532,PAY_AEA95E36,SET_7C8B4A0C,BNK_7E66D8E6,TIMING_DIFFERENCE,MATCHED,368299,368299
CASE_01533,PAY_0C596243,SET_9CE8F4D4,BNK_2F2FC883,CLEAN,MATCHED,1377701,1377701
CASE_01534,PAY_70E95C9C,SET_5BAB86BE,BNK_237DBF6E,CLEAN,MATCHED,1288360,1288360
CASE_01535,PAY_EBD491A4,SET_3CF78000,BNK_885A925C,AMBIGUOUS,REVIEW,1775584,1775584
CASE_01536,PAY_FB58B65F,SET_657984BB,BNK_2ED5524D,CLEAN,MATCHED,678110,678110
CASE_01537,PAY_3B7FC26A,SET_66188D53,BNK_369B3432,CHARGEBACK,MATCHED,-30580,-30580
CASE_01538,PAY_65DF6E6E,SET_5E086E5A,BNK_A6E039B4,CLEAN,MATCHED,45208,45208
CASE_01539,PAY_2A54EEC1,SET_CD9D1B09,BNK_B21B799E,CLEAN,MATCHED,1619946,1619946
CASE_01540,PAY_FF114AB6,SET_1EB575E7,BNK_2688391B,REFERENCE_TYPO,MATCHED,572561,572561
CASE_01541,PAY_ED1B49E9,SET_D00175D6,BNK_074A43D8,REFUND,MATCHED,709979,709979
CASE_01542,PAY_B71A041B,SET_2D5A7602,BNK_B64564CE,TIMING_DIFFERENCE,MATCHED,1882304,1882304
CASE_01543,PAY_A2F7DBE5,SET_625AC219,BNK_E90B4024,CHARGEBACK,MATCHED,-41576,-41576
CASE_01544,PAY_53CADE1C,SET_C9E973E1,BNK_82B0C991,TAX_VARIANCE,EXCEPTION,1951141,1951191
CASE_01545,PAY_A1352857,SET_E452787B,BNK_40EF81E3,TIMING_DIFFERENCE,MATCHED,1377799,1377799
CASE_01546,PAY_FBA96243,SET_78E80D42,BNK_45FF61C5,CLEAN,MATCHED,365369,365369
CASE_01547,PAY_71D4D009,SET_EAABD845,BNK_18AD62EB,CLEAN,MATCHED,1707138,1707138
CASE_01548,PAY_5E3D9BAB,SET_E19A2228,BNK_51D752B9,OTHER,MATCHED,922698,922698
CASE_01549,PAY_C11540C6,SET_FBCAD48A,BNK_3A41F9E6,CLEAN,MATCHED,1836316,1836316
CASE_01550,,SET_5B3DD111,BNK_CC88B582,MISSING_PAYMENT,EXCEPTION,1237587,1237587
CASE_01551,PAY_49D6A873,SET_866AF125,BNK_DB73CFA0,AMBIGUOUS,REVIEW,888232,888232
CASE_01552,PAY_2430EACC,SET_BBF79435,BNK_BE6FD66E,ONE_TO_MANY,MATCHED,231212,231212
CASE_01553,PAY_35EDDBDF,SET_9E3970C6,BNK_824CFB7C,TIMING_DIFFERENCE,MATCHED,269585,269585
CASE_01554,PAY_59563457,SET_9211F2D8,BNK_A386EBFA,DUPLICATE,REVIEW,1191013,1191013
CASE_01555,PAY_C3EC0761,SET_0BD8D3D8,BNK_74C89391,CLEAN,MATCHED,49895,49895
CASE_01556,PAY_4D69B30B,SET_C099463D,BNK_ED422DE8,CLEAN,MATCHED,1721589,1721589
CASE_01557,PAY_2485F782,SET_65391778,BNK_D6FC0967,DUPLICATE,REVIEW,1069549,1069549
CASE_01558,PAY_F0F03C0C,SET_D0877BD9,BNK_6400E94A,CLEAN,MATCHED,289698,289698
CASE_01559,PAY_72BCAF6A,SET_ACF57B59,BNK_1F028C2A,CLEAN,MATCHED,32124,32124
CASE_01560,PAY_89A1DF27,SET_37F97062,BNK_A3FD9F58,REFERENCE_TYPO,MATCHED,1601004,1601004
CASE_01561,PAY_A3A0C1F6,SET_CF9EF372,BNK_61B38F47,CLEAN,MATCHED,1587627,1587627
CASE_01562,PAY_3B7295D5,SET_184551AD,BNK_C7270A4C,AMBIGUOUS,REVIEW,1067303,1067303
CASE_01563,PAY_464D066D,SET_C09A884F,BNK_E586B8E2,ONE_TO_MANY,MATCHED,1913452,1913452
CASE_01564,PAY_C252F540,SET_3AB12019,BNK_5208832C,TAX_VARIANCE,EXCEPTION,1585088,1585138
CASE_01565,PAY_AEDD7760,SET_C8BBF9AA,BNK_DE1834ED,CLEAN,MATCHED,1845006,1845006
CASE_01566,PAY_53218E8B,SET_9503D896,BNK_CC11C6E1,CLEAN,MATCHED,1506683,1506683
CASE_01567,PAY_C03C1CB1,SET_63E13C77,BNK_CDECC055,CLEAN,MATCHED,1180956,1180956
CASE_01568,PAY_0530478A,SET_2A6F34C1,BNK_638B014D,FEE_VARIANCE,EXCEPTION,81042,80942
CASE_01569,PAY_DD3FC10F,SET_92E97700,BNK_1FD4FF5C,CLEAN,MATCHED,78991,78991
CASE_01570,PAY_FEFCC245,SET_C00E771F,BNK_1E469B8B,CHARGEBACK,MATCHED,-27132,-27132
CASE_01571,PAY_77DF2D38,SET_E97E17CD,BNK_18549AA6,FEE_VARIANCE,EXCEPTION,1721882,1721782
CASE_01572,PAY_86397B08,SET_C758EC4F,BNK_406DCA4F,CLEAN,MATCHED,781413,781413
CASE_01573,,SET_29379DDE,BNK_F62F646A,MISSING_PAYMENT,EXCEPTION,53410,53410
CASE_01574,PAY_297E3F62,SET_DE006724,BNK_E13EF3E0,TIMING_DIFFERENCE,MATCHED,1452591,1452591
CASE_01575,PAY_96C24B95,SET_3A09CE04,BNK_A5EDB51A,FEE_VARIANCE,EXCEPTION,223010,222910
CASE_01576,PAY_57FD4AF1,SET_1DB3E65D,BNK_F2692971,CLEAN,MATCHED,859428,859428
CASE_01577,PAY_74FECD68,SET_E711281F,BNK_5FD2202E,CLEAN,MATCHED,893895,893895
CASE_01578,PAY_0E2E7E0F,SET_A7E8B9EA,BNK_8F9C6A15,UNEXPLAINED_DELTA,EXCEPTION,1852817,1848817
CASE_01579,,SET_6D22611A,BNK_4F9F5CEB,MISSING_PAYMENT,EXCEPTION,172042,172042
CASE_01580,PAY_E994FBFE,SET_50654FFA,BNK_5836500C,CLEAN,MATCHED,308543,308543
CASE_01581,PAY_B5F14879,SET_D251198A,BNK_796E6E7C,REFERENCE_TYPO,MATCHED,86119,86119
CASE_01582,PAY_29F15EB8,SET_DB8480FE,BNK_386A80E5,AMBIGUOUS,REVIEW,864505,864505
CASE_01583,PAY_E22F4CE9,SET_5B3A5EA7,BNK_9A6B512E,CLEAN,MATCHED,1555796,1555796
CASE_01584,PAY_C0AC6109,SET_CD75D9EC,BNK_E4BD36D4,TAX_VARIANCE,EXCEPTION,642667,642717
CASE_01585,PAY_54A1B123,SET_15BACDD6,BNK_6DAD24BF,REFERENCE_TYPO,MATCHED,940078,940078
CASE_01586,PAY_712179B8,SET_8150B8D8,BNK_6387B105,CLEAN,MATCHED,113946,113946
CASE_01587,PAY_CD9413CA,SET_8290D54A,BNK_05C4F85A,OTHER,MATCHED,1649921,1649921
CASE_01588,PAY_B2B9CBD4,,,MISSING_SETTLEMENT,EXCEPTION,1371354,1371354
CASE_01589,PAY_4D073E2F,SET_C4257CE7,BNK_A60CFDEF,CLEAN,MATCHED,1415488,1415488
CASE_01590,PAY_1CE63837,SET_AE11E500,BNK_41142466,CLEAN,MATCHED,482342,482342
CASE_01591,PAY_65CCDF5B,SET_6B6D4EF9,BNK_BFBE1A58,CLEAN,MATCHED,558111,558111
CASE_01592,PAY_64530B55,SET_30E331BE,BNK_A0D752AF,CLEAN,MATCHED,1066522,1066522
CASE_01593,PAY_7FFB0A15,SET_D3AA1E69,BNK_7AFF310E,CLEAN,MATCHED,1760743,1760743
CASE_01594,PAY_56F36E21,SET_842A294B,BNK_7DB9F41F,TAX_VARIANCE,EXCEPTION,112091,112141
CASE_01595,PAY_30DF0DE3,SET_67B81CB8,BNK_B56C95E8,FEE_VARIANCE,EXCEPTION,1128817,1128717
CASE_01596,PAY_157C9672,SET_96495A68,BNK_357B2F23,OTHER,MATCHED,139821,139821
CASE_01597,PAY_9524AF0B,SET_D3051006,BNK_AD06623B,TAX_VARIANCE,EXCEPTION,1663493,1663543
CASE_01598,PAY_F362B5FC,SET_34FEA2DF,BNK_7C6F63F2,TIMING_DIFFERENCE,MATCHED,180830,180830
CASE_01599,PAY_577DF00E,SET_A5066E1B,BNK_9778F8F7,REFERENCE_TYPO,MATCHED,1121005,1121005
CASE_01600,PAY_D68D9561,SET_7FE85B63,BNK_BDBE9CD1,DUPLICATE,REVIEW,1083219,1083219
CASE_01601,PAY_0153FCDA,SET_A4D45BEE,BNK_FE2402B6,TIMING_DIFFERENCE,MATCHED,198600,198600
CASE_01602,PAY_E405DB21,SET_643FADA1,BNK_67A6655D,TAX_VARIANCE,EXCEPTION,1089370,1089420
CASE_01603,PAY_CAC37582,SET_985B9249,BNK_45A117EB,REFUND,MATCHED,14912,14912
CASE_01604,PAY_30790022,SET_48E4C0D7,BNK_5A6C897C,REFERENCE_TYPO,MATCHED,14354,14354
CASE_01605,,SET_CE24347F,BNK_C682B55C,MISSING_PAYMENT,EXCEPTION,1471533,1471533
CASE_01606,PAY_C1868FAC,SET_E88AD9A0,BNK_913AB17F,CLEAN,MATCHED,848394,848394
CASE_01607,PAY_6619F0D3,SET_B4DFC43C,BNK_5DEE146E,REFUND,MATCHED,599645,599645
CASE_01608,PAY_110D4A25,SET_469090DD,BNK_4D78C63F,CLEAN,MATCHED,961266,961266
CASE_01609,PAY_62084A28,SET_D92470AD,BNK_5B4DFE31,REFERENCE_TYPO,MATCHED,915473,915473
CASE_01610,PAY_F7CC36F3,SET_DE6A11A5,BNK_D9C3F1DA,CLEAN,MATCHED,212367,212367
CASE_01611,PAY_209D7F43,SET_38AF6790,BNK_F8EB7FD4,AMBIGUOUS,REVIEW,1437261,1437261
CASE_01612,PAY_3A0A6E00,SET_8CBCB44B,BNK_EA36B7D7,CLEAN,MATCHED,1331810,1331810
CASE_01613,PAY_08872483,SET_8735C426,BNK_C6EFFD9F,AMBIGUOUS,REVIEW,752317,752317
CASE_01614,PAY_1954CA81,SET_4D219EFC,BNK_9E0CAABF,UNEXPLAINED_DELTA,EXCEPTION,53312,48312
CASE_01615,PAY_271FE517,SET_DF2BB5D5,BNK_82C43145,REFERENCE_TYPO,MATCHED,93833,93833
CASE_01616,PAY_6DD6DDFB,SET_0CADEC7B,BNK_ED4CC335,CLEAN,MATCHED,214613,214613
CASE_01617,PAY_EEF77745,SET_523CF5DC,BNK_6399E5BC,CLEAN,MATCHED,1654413,1654413
CASE_01618,PAY_213C6607,SET_F49E0B37,BNK_23036046,CLEAN,MATCHED,135427,135427
CASE_01619,,SET_75B4B2ED,BNK_D5249426,MISSING_PAYMENT,EXCEPTION,903854,903854
CASE_01620,PAY_078D83F5,SET_C572D7D2,BNK_2285385D,OTHER,MATCHED,988215,988215
CASE_01621,PAY_6F9F7AF9,SET_D13F2B96,BNK_A3FF36FE,TIMING_DIFFERENCE,MATCHED,1547302,1547302
CASE_01622,PAY_D6089183,SET_E3083BFC,BNK_D3F23538,OTHER,MATCHED,365467,365467
CASE_01623,PAY_D5E2047F,SET_63AEC39F,BNK_E0423533,CLEAN,MATCHED,686507,686507
CASE_01624,PAY_96AFBF7E,SET_B14ACBAD,BNK_2D174FEE,CLEAN,MATCHED,456956,456956
CASE_01625,PAY_272BC0F3,SET_E48ED403,BNK_8187F1C6,AMBIGUOUS,REVIEW,503042,503042
CASE_01626,PAY_FAEFBB42,SET_98CC64AF,BNK_EB9D3199,ONE_TO_MANY,MATCHED,1713192,1713192
CASE_01627,PAY_015D0D44,SET_E301CAD3,BNK_8BBF4A8C,UNEXPLAINED_DELTA,EXCEPTION,557232,526332
CASE_01628,PAY_D3A2F842,SET_5F389233,BNK_28F51427,AMBIGUOUS,REVIEW,1947235,1947235
CASE_01629,PAY_5AA382A1,SET_4E633F7E,BNK_0D35FD29,FEE_VARIANCE,EXCEPTION,627533,627433
CASE_01630,PAY_86024B16,SET_DC51BDF1,BNK_B4BBDCDC,CLEAN,MATCHED,877491,877491
CASE_01631,PAY_B8786EAA,SET_7F9773EA,BNK_5722D93E,AMBIGUOUS,REVIEW,1827040,1827040
CASE_01632,PAY_F6C87EA9,SET_ACF8552D,BNK_C6767B98,CLEAN,MATCHED,1692590,1692590
CASE_01633,PAY_650B4117,SET_F6DA1BCA,BNK_1DF7BD5F,CLEAN,MATCHED,1854282,1854282
CASE_01634,PAY_AF00A4DB,SET_6BAD8F8E,BNK_29EFE2C3,REFUND,MATCHED,743613,743613
CASE_01635,PAY_AF381387,SET_046727D0,BNK_D0791A17,OTHER,MATCHED,249959,249959
CASE_01636,PAY_6B4C05AC,SET_F7EFDF1C,BNK_CED0B482,CLEAN,MATCHED,332758,332758
CASE_01637,PAY_4E77D338,SET_9C61E3B7,BNK_319F7B09,OTHER,MATCHED,247811,247811
CASE_01638,PAY_033D0E59,SET_1C5608DA,BNK_28E2578A,TAX_VARIANCE,EXCEPTION,1137506,1137556
CASE_01639,PAY_0A63033B,SET_34A99AB5,BNK_A2FFCB53,CHARGEBACK,MATCHED,-13737,-13737
CASE_01640,PAY_985F7899,SET_717CFB82,BNK_8FEE10FB,ONE_TO_MANY,MATCHED,1229972,1229972
CASE_01641,PAY_0FC08EF7,SET_06FA3E77,BNK_E835E5FB,CLEAN,MATCHED,1811418,1811418
CASE_01642,PAY_5034C6DB,SET_02BC9E62,BNK_C68B12CE,DUPLICATE,REVIEW,307176,307176
CASE_01643,PAY_40A671C0,SET_AFC1E471,BNK_69376A54,FEE_VARIANCE,EXCEPTION,446606,446506
CASE_01644,PAY_F254EEB9,SET_2A09AD9B,BNK_89528F08,CLEAN,MATCHED,1765429,1765429
CASE_01645,PAY_A590C118,SET_13F073A6,BNK_F9103921,TAX_VARIANCE,EXCEPTION,1090444,1090494
CASE_01646,PAY_26DDFFE7,SET_2F28C5A3,BNK_206DE22E,CLEAN,MATCHED,654774,654774
CASE_01647,PAY_41877242,SET_FDB72F3C,BNK_814EE8D2,CHARGEBACK,MATCHED,-3870,-3870
CASE_01648,PAY_AC78028A,SET_6C0BFABA,BNK_CED535CB,FEE_VARIANCE,EXCEPTION,384800,384700
CASE_01649,,SET_5EE15C72,BNK_F0A2050B,MISSING_PAYMENT,EXCEPTION,1443510,1443510
CASE_01650,,SET_12C67748,BNK_830ABDEC,MISSING_PAYMENT,EXCEPTION,474531,474531
CASE_01651,PAY_6C6A8F88,SET_0CC632D9,BNK_35DB6101,HIGH_VALUE_ANOMALY,REVIEW,5370200,5370200
CASE_01652,PAY_43736561,SET_C9486D14,BNK_29902A4B,UNEXPLAINED_DELTA,EXCEPTION,934415,927315
CASE_01653,PAY_9295F80E,SET_0FFDF3C3,BNK_FD287D00,REFERENCE_TYPO,MATCHED,429812,429812
CASE_01654,PAY_B0DAE983,SET_09F16CF5,BNK_5B94B3CA,UNEXPLAINED_DELTA,EXCEPTION,250349,224049
CASE_01655,PAY_40860538,SET_D1E546A9,BNK_F696A12F,TIMING_DIFFERENCE,MATCHED,49602,49602
CASE_01656,PAY_687B3EFC,SET_76DC8F8C,BNK_3BCCCC31,CLEAN,MATCHED,601365,601365
CASE_01657,PAY_22F75506,SET_BB9D263F,BNK_BCAF8922,CLEAN,MATCHED,1798920,1798920
CASE_01658,PAY_D09A8BEA,SET_9A131483,BNK_AFC84D77,CLEAN,MATCHED,746654,746654
CASE_01659,PAY_B8F70365,SET_FCE25A5D,BNK_AE62881E,CLEAN,MATCHED,1811027,1811027
CASE_01660,PAY_8A880FEE,SET_DDF394CF,BNK_A775629F,FEE_VARIANCE,EXCEPTION,664734,664634
CASE_01661,PAY_D71D4018,SET_CAF5476C,BNK_0EC26366,OTHER,MATCHED,1640548,1640548
CASE_01662,PAY_F8ECA9FF,SET_B8C4C7B7,BNK_F5CE4BF5,UNEXPLAINED_DELTA,EXCEPTION,599510,577010
CASE_01663,PAY_7E18F51C,SET_4834A749,BNK_B84B66FB,TIMING_DIFFERENCE,MATCHED,1611158,1611158
CASE_01664,PAY_E23745E3,SET_E755668F,BNK_EE89BD7E,CLEAN,MATCHED,826914,826914
CASE_01665,PAY_8364017E,SET_5294FB62,BNK_C1E98B05,FEE_VARIANCE,EXCEPTION,1651386,1651286
CASE_01666,PAY_D26D197E,SET_493B38E5,BNK_BE820926,CLEAN,MATCHED,1628831,1628831
CASE_01667,PAY_98094248,SET_67CD76C0,BNK_67C3948C,FEE_VARIANCE,EXCEPTION,1249207,1249107
CASE_01668,PAY_57174320,SET_F8BEF46B,BNK_360D9603,CLEAN,MATCHED,412432,412432
CASE_01669,PAY_EF5D29C5,SET_2B2FF373,BNK_95EBDA16,REFERENCE_TYPO,MATCHED,849273,849273
CASE_01670,PAY_DD86F52E,SET_7A19DFF6,BNK_62BEBD86,TAX_VARIANCE,EXCEPTION,338616,338666
CASE_01671,PAY_9CAC526B,SET_456CAF26,BNK_9D7CB02E,REFERENCE_TYPO,MATCHED,1019167,1019167
CASE_01672,PAY_6267AFFE,SET_FEDCA732,BNK_68336572,HIGH_VALUE_ANOMALY,REVIEW,58584000,58584000
CASE_01673,PAY_31CB9A50,SET_3FA9F582,BNK_ABE40D80,OTHER,MATCHED,1918626,1918626
CASE_01674,PAY_6AB80301,SET_AA2CDAC2,BNK_3D15FE67,CLEAN,MATCHED,1735844,1735844
CASE_01675,PAY_B3F3C3E8,SET_1A65DD44,BNK_78B01A59,UNEXPLAINED_DELTA,EXCEPTION,1870099,1847599
CASE_01676,PAY_9F6D29EE,SET_44CA18DC,BNK_E15A8003,CLEAN,MATCHED,1192087,1192087
CASE_01677,PAY_1F012ECB,SET_F6ABEA73,BNK_04DD470D,DUPLICATE,REVIEW,1418417,1418417
CASE_01678,PAY_588A7C7D,SET_8818C185,BNK_CE78E85D,FEE_VARIANCE,EXCEPTION,196745,196645
CASE_01679,PAY_C0AABDA7,SET_186F12DC,BNK_6E3EA4B2,CLEAN,MATCHED,413896,413896
CASE_01680,PAY_DE9F1156,SET_D8434C02,BNK_13889E87,DUPLICATE,REVIEW,715213,715213
CASE_01681,PAY_BDDDA97F,SET_0366B1F1,BNK_DB9ECC74,CLEAN,MATCHED,1390394,1390394
CASE_01682,PAY_B6718F11,,,MISSING_SETTLEMENT,EXCEPTION,1366960,1366960
CASE_01683,PAY_7B9EF1C9,,,MISSING_SETTLEMENT,EXCEPTION,117852,117852
CASE_01684,PAY_BFE6A96F,SET_81D318F8,BNK_B5A015B5,CHARGEBACK,MATCHED,-40877,-40877
CASE_01685,PAY_A8812E41,SET_906C7AEC,BNK_750AEF92,OTHER,MATCHED,1671597,1671597
CASE_01686,PAY_8BF3EE1A,SET_42C2914D,BNK_3422F7E7,DUPLICATE,REVIEW,349942,349942
CASE_01687,PAY_B7054BC0,SET_97428FB5,BNK_572C0677,CLEAN,MATCHED,1223820,1223820
CASE_01688,PAY_8DEBD874,SET_6112D7E1,BNK_22313924,CLEAN,MATCHED,356875,356875
CASE_01689,PAY_A16FD1DE,SET_9EE598DC,BNK_BDD4E16B,TAX_VARIANCE,EXCEPTION,75281,75331
CASE_01690,PAY_648460BA,SET_5829473D,BNK_8B469489,CLEAN,MATCHED,1912085,1912085
CASE_01691,PAY_1C26ABAB,SET_517447F4,BNK_D5742C1C,UNEXPLAINED_DELTA,EXCEPTION,470723,467623
CASE_01692,PAY_EE9300C0,SET_C5B74E28,BNK_C7F0BC0E,DUPLICATE,REVIEW,161985,161985
CASE_01693,PAY_0D52999A,SET_9079D970,BNK_8FA065C8,TIMING_DIFFERENCE,MATCHED,1445561,1445561
CASE_01694,PAY_71C72BE2,SET_EF27A595,BNK_94FC6320,ONE_TO_MANY,MATCHED,809436,809436
CASE_01695,PAY_384484AD,SET_408F62FB,BNK_11454BD5,REFUND,MATCHED,716125,716125
CASE_01696,PAY_6F9C953D,SET_68AB253C,BNK_DF4B89BF,OTHER,MATCHED,1749416,1749416
CASE_01697,PAY_F8A4BED8,SET_5B5B5896,BNK_42AF5D9F,REFUND,MATCHED,329431,329431
CASE_01698,PAY_BD9736C9,SET_727AD09F,BNK_22D7C0D5,REFERENCE_TYPO,MATCHED,572464,572464
CASE_01699,PAY_6EE72F69,SET_5D574A72,BNK_BB3DBEA9,CHARGEBACK,MATCHED,-20296,-20296
CASE_01700,PAY_69A34FE7,SET_4F0E2DBF,BNK_E2FD5A55,REFUND,MATCHED,346296,346296
CASE_01701,PAY_85863DB0,SET_4BCA9509,BNK_3AE12F45,ONE_TO_MANY,MATCHED,1574445,1574445
CASE_01702,PAY_4B6D220F,SET_0F5E28D5,BNK_39EDC9A9,TIMING_DIFFERENCE,MATCHED,255329,255329
CASE_01703,PAY_3A4CE7E3,SET_99A9E3B8,BNK_95AD7466,ONE_TO_MANY,MATCHED,312741,312741
CASE_01704,PAY_CCCBF2FA,SET_8A7EE94A,BNK_CF64EFC1,CLEAN,MATCHED,1000127,1000127
CASE_01705,PAY_633CC3D2,SET_2196777D,BNK_46F1CC33,ONE_TO_MANY,MATCHED,1535389,1535389
CASE_01706,PAY_CD9D2173,SET_7F213209,BNK_F8060436,TIMING_DIFFERENCE,MATCHED,665222,665222
CASE_01707,PAY_03B8ABCB,SET_067BCC31,BNK_866409DA,AMBIGUOUS,REVIEW,704864,704864
CASE_01708,PAY_8C64AFDD,SET_4E61560E,BNK_FABAB26D,CLEAN,MATCHED,733179,733179
CASE_01709,PAY_E9FA0D48,SET_E8DD5E6C,BNK_8602DE33,REFERENCE_TYPO,MATCHED,816466,816466
CASE_01710,PAY_D54885D5,SET_A5E85060,BNK_EBD2FAD3,OTHER,MATCHED,1268832,1268832
CASE_01711,PAY_DA016FA8,SET_5D80022A,BNK_F3093A6C,CLEAN,MATCHED,1493795,1493795
CASE_01712,PAY_4EA59AF6,SET_76E6DEF0,BNK_251B0583,REFUND,MATCHED,105857,105857
CASE_01713,PAY_03A65C76,,,MISSING_SETTLEMENT,EXCEPTION,357363,357363
CASE_01714,PAY_0664CBDD,SET_3706B4AA,BNK_D222EF8F,CLEAN,MATCHED,460666,460666
CASE_01715,PAY_AD712383,SET_E676EDEB,BNK_1AF884EC,REFERENCE_TYPO,MATCHED,123417,123417
CASE_01716,PAY_2C8E056B,SET_32F5B4D8,BNK_E5B2E6FC,CLEAN,MATCHED,1232022,1232022
CASE_01717,PAY_D84F879D,SET_75EA39A1,BNK_735CC6DA,CLEAN,MATCHED,1434723,1434723
CASE_01718,PAY_3FD3C1FA,SET_8A111194,BNK_32E04050,HIGH_VALUE_ANOMALY,REVIEW,58584000,58584000
CASE_01719,PAY_1428843A,SET_49D4C6CB,BNK_FA388CEC,FEE_VARIANCE,EXCEPTION,801527,801427
CASE_01720,PAY_6575443F,SET_F77114F6,BNK_3E509EAE,REFERENCE_TYPO,MATCHED,1531582,1531582
CASE_01721,PAY_761144C6,SET_8B5D67AC,BNK_E24C016C,CHARGEBACK,MATCHED,-4021,-4021
CASE_01722,PAY_E36AD5BD,SET_B6E68E81,BNK_33BBB876,DUPLICATE,REVIEW,1242567,1242567
CASE_01723,PAY_7E024EFA,SET_31C9ABFC,BNK_06E5DFF9,CLEAN,MATCHED,966832,966832
CASE_01724,PAY_FBF560CB,SET_834C4002,BNK_3FBA46AA,DUPLICATE,REVIEW,779363,779363
CASE_01725,PAY_34D1696C,SET_36674DAC,BNK_66DCBE8B,TIMING_DIFFERENCE,MATCHED,865774,865774
CASE_01726,PAY_91D79F9F,,,MISSING_SETTLEMENT,EXCEPTION,983235,983235
CASE_01727,PAY_CCE0A9EF,SET_190462FD,BNK_EA3C90C5,HIGH_VALUE_ANOMALY,REVIEW,29292000,29292000
CASE_01728,PAY_CB24717E,SET_17A390FC,BNK_232ABD4E,OTHER,MATCHED,173214,173214
CASE_01729,PAY_DBE5F011,SET_1116D5D9,BNK_77119D06,CHARGEBACK,MATCHED,-10275,-10275
CASE_01730,PAY_C442832B,SET_6FC472B7,BNK_AAEB6B5F,CLEAN,MATCHED,765010,765010
CASE_01731,PAY_EB6F445A,SET_525464F6,BNK_FB58CEB4,CLEAN,MATCHED,27047,27047
CASE_01732,PAY_4CA34157,SET_ACE6567C,BNK_06220006,REFERENCE_TYPO,MATCHED,808655,808655
CASE_01733,PAY_2C4FE743,SET_94F988FB,BNK_07701BBB,REFUND,MATCHED,253064,253064
CASE_01734,PAY_9DC6CDBB,SET_AAA315AD,BNK_CB68BFF0,CLEAN,MATCHED,67567,67567
CASE_01735,PAY_43AAD6A1,SET_97108751,BNK_7C933367,CLEAN,MATCHED,456077,456077
CASE_01736,PAY_57DFE473,SET_6CF9C08F,BNK_5F92F087,TAX_VARIANCE,EXCEPTION,1020534,1020584
CASE_01737,PAY_348BF62B,SET_7E23E01E,BNK_58DF6FD1,CLEAN,MATCHED,550495,550495
CASE_01738,PAY_B406646D,SET_17984F06,BNK_73D7AA28,REFUND,MATCHED,698641,698641
CASE_01739,PAY_B175E8BA,SET_6E6AAD7D,BNK_440B5973,CLEAN,MATCHED,538095,538095
CASE_01740,PAY_0F2666C8,SET_FB2FFA37,BNK_B8941779,OTHER,MATCHED,1510784,1510784
CASE_01741,PAY_F1CCEFBA,SET_49A7E72A,BNK_A92B8807,TAX_VARIANCE,EXCEPTION,106623,106673
CASE_01742,PAY_D2C1849E,SET_8F06B176,BNK_49886E29,CLEAN,MATCHED,497183,497183
CASE_01743,PAY_26C76258,SET_ABA10FDE,BNK_10716586,CLEAN,MATCHED,1308279,1308279
CASE_01744,PAY_4C35D50C,SET_5AD22E2E,BNK_B6731133,CLEAN,MATCHED,1119931,1119931
CASE_01745,PAY_97F9F167,,,MISSING_SETTLEMENT,EXCEPTION,95297,95297
CASE_01746,PAY_C82D6317,SET_3EE8D00B,BNK_EE96B7D4,OTHER,MATCHED,1449076,1449076
CASE_01747,PAY_33BCC0B3,SET_E04749BB,BNK_1085F3F2,DUPLICATE,REVIEW,677720,677720
CASE_01748,PAY_9C6BE475,SET_423EAAFC,BNK_9F465995,CLEAN,MATCHED,390072,390072
CASE_01749,PAY_71FD4F3F,SET_E5A95CDA,BNK_BD22A08E,OTHER,MATCHED,1554917,1554917
CASE_01750,PAY_1EDC988D,SET_932A8B9D,BNK_7913DF2E,REFUND,MATCHED,340245,340245
CASE_01751,PAY_961F6FF3,SET_8AA45B71,BNK_420DBF9F,TAX_VARIANCE,EXCEPTION,155541,155591
CASE_01752,PAY_7FE13D12,SET_89A8BA28,BNK_2C98EAB8,CLEAN,MATCHED,279056,279056
CASE_01753,PAY_187E598B,SET_6780A17D,BNK_6C0029EE,CLEAN,MATCHED,1380728,1380728
CASE_01754,PAY_CB122429,SET_C981458E,BNK_DB56012C,CLEAN,MATCHED,273588,273588
CASE_01755,PAY_B64FCBE1,SET_5FD42814,BNK_B0F1D74D,UNEXPLAINED_DELTA,EXCEPTION,59659,57359
CASE_01756,PAY_FD067751,SET_AFE7788B,BNK_2712AEC2,CLEAN,MATCHED,1254382,1254382
CASE_01757,PAY_94B07188,SET_F119E917,BNK_6189FCD0,TAX_VARIANCE,EXCEPTION,1565463,1565513
CASE_01758,PAY_5AB5D69A,SET_68E59656,BNK_7D74AF26,CLEAN,MATCHED,486736,486736
CASE_01759,PAY_3A4A8119,SET_D7D9D157,BNK_E3F464D5,OTHER,MATCHED,743920,743920
CASE_01760,PAY_E04293AC,SET_2C3DF66A,BNK_65BD2654,CHARGEBACK,MATCHED,-46145,-46145
CASE_01761,PAY_E641595C,SET_EE61AD5D,BNK_FCE2BB1C,CLEAN,MATCHED,514661,514661
CASE_01762,PAY_E62294B6,SET_77B939CE,BNK_37D7A0A6,REFUND,MATCHED,727844,727844
CASE_01763,PAY_0A53465C,SET_13A9F986,BNK_BA8F38BF,CLEAN,MATCHED,1793354,1793354
CASE_01764,PAY_93F2DFB2,SET_F452E3B8,BNK_04E4ADF0,CLEAN,MATCHED,205435,205435
CASE_01765,PAY_462BF15C,SET_A5E4CB69,BNK_ED355BA6,CHARGEBACK,MATCHED,-27350,-27350
CASE_01766,PAY_524B575E,SET_F9CA3CDD,BNK_05F4EF76,DUPLICATE,REVIEW,856010,856010
CASE_01767,PAY_E3F99353,,,MISSING_SETTLEMENT,EXCEPTION,1047092,1047092
CASE_01768,PAY_2A089CBB,SET_74572E17,BNK_BC029661,ONE_TO_MANY,MATCHED,262750,262750
CASE_01769,PAY_92418645,SET_066A52D5,BNK_6DD2251E,FEE_VARIANCE,EXCEPTION,156029,155929
CASE_01770,PAY_2634F22F,SET_B5109528,BNK_24F18C02,CLEAN,MATCHED,1491159,1491159
CASE_01771,PAY_9D5A8007,SET_5B828745,BNK_10F39575,UNEXPLAINED_DELTA,EXCEPTION,1950457,1903257
CASE_01772,PAY_553169CD,SET_2A3790C9,BNK_C3C1F0DB,REFUND,MATCHED,527471,527471
CASE_01773,PAY_79BAD205,SET_87588B93,BNK_CA2B05D9,TAX_VARIANCE,EXCEPTION,1804778,1804828
CASE_01774,PAY_DD5E23FC,SET_32ECACCE,BNK_F997667E,DUPLICATE,REVIEW,802699,802699
CASE_01775,PAY_7FD55779,SET_7DC9B085,BNK_EF610D51,FEE_VARIANCE,EXCEPTION,175655,175555
CASE_01776,PAY_55D1AE40,,,MISSING_SETTLEMENT,EXCEPTION,296338,296338
CASE_01777,PAY_0DF2F327,SET_B592D7DB,BNK_77D3104F,TAX_VARIANCE,EXCEPTION,369568,369618
CASE_01778,PAY_EB819792,SET_455604B0,BNK_0C8B6ADE,CLEAN,MATCHED,437623,437623
CASE_01779,PAY_77018560,SET_60A8DDE6,BNK_6B286612,AMBIGUOUS,REVIEW,764326,764326
CASE_01780,PAY_D65DA200,SET_FE044373,BNK_C2F43167,TAX_VARIANCE,EXCEPTION,1550621,1550671
CASE_01781,PAY_2AE105F5,SET_07C11310,BNK_87A73770,CLEAN,MATCHED,1223527,1223527
CASE_01782,PAY_CA9216EF,,,MISSING_SETTLEMENT,EXCEPTION,192644,192644
CASE_01783,PAY_F75DD607,SET_D166CEB5,BNK_21ADA185,CLEAN,MATCHED,583302,583302
CASE_01784,PAY_4B4E0ED1,SET_A01DFA91,BNK_A34AE1CD,CLEAN,MATCHED,1880254,1880254
CASE_01785,PAY_D3C98DC2,SET_E179D302,BNK_9E844B77,FEE_VARIANCE,EXCEPTION,286672,286572
CASE_01786,PAY_CD45D76E,SET_C7C1D77A,BNK_B2A914FD,REFUND,MATCHED,110716,110716
CASE_01787,PAY_4CB75A7F,SET_62FE099A,BNK_83EE07ED,ONE_TO_MANY,MATCHED,1120127,1120127
CASE_01788,PAY_81155A46,SET_CF0815B3,BNK_5AEBC19B,CLEAN,MATCHED,1711630,1711630
CASE_01789,PAY_0145A39D,SET_C98BEB15,BNK_B8163FEA,FEE_VARIANCE,EXCEPTION,1170314,1170214
CASE_01790,PAY_BE6CD072,SET_9F73340A,BNK_D5ED137D,ONE_TO_MANY,MATCHED,1194138,1194138
CASE_01791,PAY_558CD52D,SET_29332C77,BNK_2460053B,REFUND,MATCHED,871765,871765
CASE_01792,PAY_C8BDDFD1,SET_A4CB3E08,BNK_11615E1D,REFUND,MATCHED,638472,638472
CASE_01793,PAY_0EDB885A,SET_8FAFABB7,BNK_E996468B,CHARGEBACK,MATCHED,-35182,-35182
CASE_01794,PAY_1A4CD70D,SET_F551BDAC,BNK_FB295271,ONE_TO_MANY,MATCHED,1378677,1378677
CASE_01795,PAY_45A91801,SET_25F29B13,BNK_6E29906F,OTHER,MATCHED,574612,574612
CASE_01796,PAY_F1CEFBC7,SET_D3621F24,BNK_03450DA5,AMBIGUOUS,REVIEW,903561,903561
CASE_01797,PAY_90BA8196,SET_0514C521,BNK_8EFF4D15,CLEAN,MATCHED,793033,793033
CASE_01798,PAY_BC5EFFE0,SET_8563B093,BNK_A6FAEC9E,CHARGEBACK,MATCHED,-42472,-42472
CASE_01799,PAY_F60B5DFE,SET_CDA54599,BNK_E6A249A0,REFUND,MATCHED,702881,702881
CASE_01800,PAY_769D5358,SET_9BD0E975,BNK_EB51461A,UNEXPLAINED_DELTA,EXCEPTION,308738,304038
CASE_01801,PAY_65A7CCC1,SET_2E7BDD21,BNK_24F27D4E,ONE_TO_MANY,MATCHED,1759083,1759083
CASE_01802,PAY_C20B53CC,SET_4404F9BF,BNK_B42332EA,CLEAN,MATCHED,1255749,1255749
CASE_01803,PAY_54C727CE,SET_2F132E64,BNK_4A7BBE3C,UNEXPLAINED_DELTA,EXCEPTION,1723151,1696751
CASE_01804,PAY_B5809560,SET_B3E8620B,BNK_1CFB010B,AMBIGUOUS,REVIEW,1213275,1213275
CASE_01805,PAY_CE7BCD11,SET_F01E07AF,BNK_9DECA8AA,TIMING_DIFFERENCE,MATCHED,1774119,1774119
CASE_01806,PAY_22206692,SET_152B38CF,BNK_EC47AB1F,UNEXPLAINED_DELTA,EXCEPTION,1547302,1501302
CASE_01807,PAY_5E9B2B82,SET_97D9A96E,BNK_4A338F07,ONE_TO_MANY,MATCHED,42181,42181
CASE_01808,PAY_C457943D,SET_FE28FAA0,BNK_8C6C9305,FEE_VARIANCE,EXCEPTION,992511,992411
CASE_01809,PAY_686AB004,SET_73184FD5,BNK_FC9197C9,CLEAN,MATCHED,1135944,1135944
CASE_01810,,SET_AD2928EE,BNK_3746ABF4,MISSING_PAYMENT,EXCEPTION,326704,326704
CASE_01811,PAY_3319A807,SET_0AA98C5C,BNK_AD8C3950,CLEAN,MATCHED,1186522,1186522
CASE_01812,PAY_57E0B542,SET_3EF4CE52,BNK_AEA99912,TAX_VARIANCE,EXCEPTION,334417,334467
CASE_01813,PAY_047DD086,SET_9D4D141D,BNK_146ADA80,FEE_VARIANCE,EXCEPTION,669909,669809
CASE_01814,PAY_040E4F47,SET_16787398,BNK_CF2C0381,CLEAN,MATCHED,649990,649990
CASE_01815,PAY_8324AEC1,SET_9B9792E9,BNK_7AD11B87,CLEAN,MATCHED,1068963,1068963
CASE_01816,PAY_0A3FC220,SET_69F54AD1,BNK_135BA606,CLEAN,MATCHED,771064,771064
CASE_01817,PAY_4229AB43,SET_96A94EA3,BNK_24D6F52F,ONE_TO_MANY,MATCHED,249959,249959
CASE_01818,PAY_CB6AB873,SET_B67B48EF,BNK_B291E13E,CHARGEBACK,MATCHED,-15200,-15200
CASE_01819,PAY_B82BE6E9,SET_1D71B4CD,BNK_8F0EA1C5,FEE_VARIANCE,EXCEPTION,1353096,1352996
CASE_01820,PAY_8FCF4FDA,SET_FF33BF49,BNK_7B1FA0D0,DUPLICATE,REVIEW,1699132,1699132
CASE_01821,PAY_8DEB821C,SET_D74EA3AD,BNK_BF36E456,TAX_VARIANCE,EXCEPTION,1661345,1661395
CASE_01822,PAY_049709DB,SET_D99E52EB,BNK_241AC950,REFUND,MATCHED,564820,564820
CASE_01823,PAY_16EB6D2E,SET_75178B96,BNK_5FEC0D5E,CLEAN,MATCHED,744213,744213
CASE_01824,PAY_6D00BEEB,SET_C7E04C18,BNK_FB9A0AAA,REFERENCE_TYPO,MATCHED,248104,248104
CASE_01825,PAY_A0ADC140,SET_29404773,BNK_807B7597,CLEAN,MATCHED,1774217,1774217
CASE_01826,PAY_0FB7EC7F,SET_49A6D57D,BNK_489EC48C,ONE_TO_MANY,MATCHED,1895193,1895193
CASE_01827,,SET_F7127312,BNK_4B86A11A,MISSING_PAYMENT,EXCEPTION,396712,396712
CASE_01828,PAY_0C8FC161,SET_FD0A46E6,BNK_9F6A4B2F,OTHER,MATCHED,875929,875929
CASE_01829,PAY_3AE638A0,SET_63CC67A4,BNK_961C8854,CLEAN,MATCHED,125468,125468
CASE_01830,PAY_2F1DA1C7,SET_79317AB1,BNK_ABCFB40C,CLEAN,MATCHED,734644,734644
CASE_01831,PAY_5CB46AA8,SET_39EB4E24,BNK_E16FFA8B,CLEAN,MATCHED,551569,551569
CASE_01832,PAY_CFFD8C09,SET_7849D3B9,BNK_4FCCFAFB,CLEAN,MATCHED,617281,617281
CASE_01833,PAY_45DB9940,SET_18F62751,BNK_535EDFFB,CLEAN,MATCHED,1617798,1617798
CASE_01834,PAY_AE75BBE5,SET_89B61A95,BNK_AC57054A,CLEAN,MATCHED,209829,209829
CASE_01835,PAY_437F208E,SET_A188944B,BNK_B1861C40,CLEAN,MATCHED,1382095,1382095
CASE_01836,PAY_0FBAA098,SET_2D54C9FC,BNK_CEF9702D,DUPLICATE,REVIEW,1213959,1213959
CASE_01837,PAY_D79A9DC4,SET_0A46EDCF,BNK_5A541CCB,CLEAN,MATCHED,1858968,1858968
CASE_01838,PAY_9957A024,SET_B59250B5,BNK_B861FF16,UNEXPLAINED_DELTA,EXCEPTION,1144732,1115532
CASE_01839,PAY_BFE7D5E0,SET_46F79ECE,BNK_8D182509,REFERENCE_TYPO,MATCHED,1810051,1810051
CASE_01840,PAY_D618BA08,SET_17D1D1AE,BNK_8B1682B0,CLEAN,MATCHED,496207,496207
CASE_01841,PAY_46F6ED1D,SET_E8C3285F,BNK_05FF885D,CLEAN,MATCHED,269780,269780
CASE_01842,PAY_94E215CA,SET_32F75DBE,BNK_999B4703,CLEAN,MATCHED,1407872,1407872
CASE_01843,PAY_D47B7423,SET_336EBC86,BNK_19402D6E,UNEXPLAINED_DELTA,EXCEPTION,1939619,1935419
CASE_01844,PAY_2768E6B9,SET_7317312F,BNK_5E2B6142,ONE_TO_MANY,MATCHED,1551207,1551207
CASE_01845,PAY_B57D706C,SET_E49F16EB,BNK_0B8979AF,OTHER,MATCHED,1245692,1245692
CASE_01846,PAY_992B0BA8,SET_AB643968,BNK_C1777F3B,CLEAN,MATCHED,1754689,1754689
CASE_01847,PAY_D1F978CD,SET_53969DCF,BNK_68779724,ONE_TO_MANY,MATCHED,550007,550007
CASE_01848,,SET_DFF8F79D,BNK_79400744,MISSING_PAYMENT,EXCEPTION,1331029,1331029
CASE_01849,PAY_EFA9C2EA,SET_EB62CA5D,BNK_BC8ED07C,REFERENCE_TYPO,MATCHED,733375,733375
CASE_01850,PAY_31572E3D,SET_981504F3,BNK_453703D9,CLEAN,MATCHED,406866,406866
CASE_01851,PAY_345A23A2,SET_F6F3FC2C,BNK_B5133E00,CLEAN,MATCHED,1016628,1016628
CASE_01852,PAY_2EDC41F5,SET_E95A95FB,BNK_B1960724,CLEAN,MATCHED,1196579,1196579
CASE_01853,PAY_F44071BD,SET_9958E7EA,BNK_62292F60,CLEAN,MATCHED,502456,502456
CASE_01854,PAY_DBAD58AA,SET_29D7B18A,BNK_D6195496,TIMING_DIFFERENCE,MATCHED,262847,262847
CASE_01855,PAY_D8F8D0B2,SET_9242B273,BNK_1D9C85E2,CLEAN,MATCHED,1617602,1617602
CASE_01856,PAY_048BAD52,SET_4135144C,BNK_0422D39B,DUPLICATE,REVIEW,1590849,1590849
CASE_01857,PAY_82BB16F2,SET_BE0C4D2B,BNK_800A86F9,CLEAN,MATCHED,1907203,1907203
CASE_01858,PAY_3F905629,SET_E499534D,BNK_D1B6EA39,DUPLICATE,REVIEW,64833,64833
CASE_01859,PAY_E08E84B6,SET_E3765DE8,BNK_2A5C66D2,CLEAN,MATCHED,612301,612301
CASE_01860,PAY_C362DFA8,SET_44FB1540,BNK_BAEA475D,CLEAN,MATCHED,1308865,1308865
CASE_01861,PAY_0E8ACF8E,SET_FA5A9551,BNK_294A5917,OTHER,MATCHED,163157,163157
CASE_01862,PAY_FD42311C,SET_B46BB97D,BNK_99D41391,OTHER,MATCHED,878077,878077
CASE_01863,PAY_3DF50D01,SET_9F2AAFFA,BNK_E6AD96A5,CLEAN,MATCHED,698419,698419
CASE_01864,PAY_FC7AF8C3,SET_99A7C403,BNK_808C97A0,CLEAN,MATCHED,1890897,1890897
CASE_01865,PAY_705B7669,SET_20E3F4F1,BNK_9F776ADA,CHARGEBACK,MATCHED,-27786,-27786
CASE_01866,,SET_6FB7993B,BNK_69B6444D,MISSING_PAYMENT,EXCEPTION,215883,215883
CASE_01867,PAY_3E8052C4,SET_11A2AE32,BNK_2D725C85,CLEAN,MATCHED,450609,450609
CASE_01868,PAY_EE19909B,SET_2C8E2E33,BNK_9A642153,CHARGEBACK,MATCHED,-972,-972
CASE_01869,PAY_7071C47B,SET_A2E6D383,BNK_CAA7BB4D,REFERENCE_TYPO,MATCHED,1122568,1122568
CASE_01870,PAY_7EDF0420,SET_87FF9632,BNK_D304ABD3,DUPLICATE,REVIEW,59170,59170
CASE_01871,,SET_970E8535,BNK_67BD146E,MISSING_PAYMENT,EXCEPTION,176729,176729
CASE_01872,PAY_30E0C4E8,SET_6F46562C,BNK_123607A8,ONE_TO_MANY,MATCHED,1561264,1561264
CASE_01873,PAY_228C6D70,SET_E5B37646,BNK_0E258FCD,CLEAN,MATCHED,135134,135134
CASE_01874,PAY_61C8ED01,SET_3F0FE68F,BNK_225F54C5,UNEXPLAINED_DELTA,EXCEPTION,417900,405900
CASE_01875,PAY_F0A2FFF4,,,MISSING_SETTLEMENT,EXCEPTION,697931,697931
CASE_01876,PAY_858481D1,SET_F27C1FCD,BNK_7C563B2E,UNEXPLAINED_DELTA,EXCEPTION,1906617,1857717
CASE_01877,PAY_3172FCEB,SET_3E63B67A,BNK_FE15FD3B,CLEAN,MATCHED,1560971,1560971
CASE_01878,PAY_C005A096,SET_9EC2B75A,BNK_844A8047,CLEAN,MATCHED,188348,188348
CASE_01879,PAY_5B4A33FB,SET_3D807A37,BNK_11E031C6,CLEAN,MATCHED,285793,285793
CASE_01880,PAY_85324884,SET_36769D3A,BNK_9FA3C2C6,UNEXPLAINED_DELTA,EXCEPTION,571194,522694
CASE_01881,PAY_7F37497C,SET_9CB31937,BNK_A884612C,CHARGEBACK,MATCHED,-22309,-22309
CASE_01882,PAY_D05D639A,SET_FCB5E233,BNK_C9865091,CLEAN,MATCHED,1025416,1025416
CASE_01883,PAY_911884AD,SET_DF0B016A,BNK_F2CEC2DD,REFUND,MATCHED,382597,382597
CASE_01884,PAY_0C013E6C,SET_F3AF2D2F,BNK_BF9CED34,UNEXPLAINED_DELTA,EXCEPTION,366541,340841
CASE_01885,PAY_5521D7E1,,,MISSING_SETTLEMENT,EXCEPTION,1709482,1709482
CASE_01886,PAY_9143B23C,SET_60260517,BNK_0B2CB4FB,CLEAN,MATCHED,1885038,1885038
CASE_01887,PAY_6F164E3D,SET_D9482635,BNK_C51B1B8B,CLEAN,MATCHED,347697,347697
CASE_01888,PAY_9336D3A4,SET_44691DE8,BNK_9C414DFA,ONE_TO_MANY,MATCHED,573050,573050
CASE_01889,PAY_9234EF1A,SET_CACF1948,BNK_2536DF11,REFERENCE_TYPO,MATCHED,1787398,1787398
CASE_01890,PAY_0007E428,SET_DF285409,BNK_96D902C1,ONE_TO_MANY,MATCHED,948573,948573
CASE_01891,PAY_9AA9A8E6,SET_4B40856C,BNK_A11ACCE6,UNEXPLAINED_DELTA,EXCEPTION,1192380,1143880
CASE_01892,PAY_9EC384FE,SET_54BEA8EA,BNK_910C7D66,UNEXPLAINED_DELTA,EXCEPTION,1921946,1910046
CASE_01893,PAY_1C504581,SET_0DE0212E,BNK_910E8CF5,TAX_VARIANCE,EXCEPTION,834432,834482
CASE_01894,PAY_98579924,SET_EF321E3E,BNK_A6936AA6,CLEAN,MATCHED,88462,88462
CASE_01895,PAY_93A65889,SET_71A5DE20,BNK_17A20404,CLEAN,MATCHED,660828,660828
CASE_01896,PAY_4D996A1A,SET_C1E8B389,BNK_CCEC6475,OTHER,MATCHED,1606374,1606374
CASE_01897,PAY_D6348DEE,SET_E077F937,BNK_B2D89432,CLEAN,MATCHED,1502387,1502387
CASE_01898,PAY_DFC31554,SET_98C98BC1,BNK_8BF710A8,CLEAN,MATCHED,95785,95785
CASE_01899,PAY_449579BE,SET_8DDEF462,BNK_989A39A0,CHARGEBACK,MATCHED,-20782,-20782
CASE_01900,PAY_FFC6127E,SET_DAA255C2,BNK_D6EEA100,TIMING_DIFFERENCE,MATCHED,290089,290089
CASE_01901,PAY_6FBA27A5,SET_B2640B1A,BNK_0D481292,CLEAN,MATCHED,1528750,1528750
CASE_01902,PAY_643F3B89,SET_716ED417,BNK_B6FB2432,TIMING_DIFFERENCE,MATCHED,592285,592285
CASE_01903,PAY_BC5C6FF2,SET_B5C0A823,BNK_6903BB2C,ONE_TO_MANY,MATCHED,1017507,1017507
CASE_01904,PAY_F35A1E20,SET_E93C493B,BNK_446A8FF9,TIMING_DIFFERENCE,MATCHED,1180273,1180273
CASE_01905,PAY_4A05A56A,SET_A18211B7,BNK_80DD0240,CLEAN,MATCHED,701153,701153
CASE_01906,,SET_5669FDB7,BNK_BD59BF69,MISSING_PAYMENT,EXCEPTION,1564974,1564974
CASE_01907,PAY_993D4195,,,MISSING_SETTLEMENT,EXCEPTION,1075212,1075212
CASE_01908,PAY_15549BDC,SET_F8DFD323,BNK_6539B5DB,CLEAN,MATCHED,1502387,1502387
CASE_01909,PAY_19B5F7DC,SET_6922BB8A,BNK_4838D45C,CLEAN,MATCHED,382456,382456
CASE_01910,PAY_F5B3AD80,SET_1F2F0B4E,BNK_B979F72D,CLEAN,MATCHED,313327,313327
CASE_01911,PAY_CAC2B864,SET_6772DDA6,BNK_A433B25D,FEE_VARIANCE,EXCEPTION,1672769,1672669
CASE_01912,PAY_CF3FFA97,SET_48789DE2,BNK_4FDFCA37,HIGH_VALUE_ANOMALY,REVIEW,29292000,29292000
CASE_01913,PAY_13B6E455,SET_BD9E9D37,BNK_6F602656,OTHER,MATCHED,762569,762569
CASE_01914,PAY_B968D9F0,SET_E5C30C76,BNK_07367EAB,CHARGEBACK,MATCHED,-6600,-6600
CASE_01915,PAY_AA3784AE,SET_AAE653D9,BNK_5DF85580,REFERENCE_TYPO,MATCHED,1889334,1889334
CASE_01916,PAY_0EA3B50B,,,MISSING_SETTLEMENT,EXCEPTION,394564,394564
CASE_01917,PAY_482CB4F0,SET_A0D470FD,BNK_7D90E42A,CLEAN,MATCHED,1375260,1375260
CASE_01918,PAY_BDFB1007,SET_31AD8C97,BNK_041F112F,REFERENCE_TYPO,MATCHED,434108,434108
CASE_01919,PAY_FB42B42C,SET_400B31E9,BNK_97A03AEF,ONE_TO_MANY,MATCHED,603709,603709
CASE_01920,PAY_A595FD82,SET_4874C1C1,BNK_B82DEED6,TIMING_DIFFERENCE,MATCHED,1619750,1619750
CASE_01921,PAY_759F2E09,SET_9A7915D2,BNK_ABE6F24F,TAX_VARIANCE,EXCEPTION,22067,22117
CASE_01922,PAY_7B1B549D,SET_D9F35495,BNK_819862BA,REFERENCE_TYPO,MATCHED,861088,861088
CASE_01923,PAY_5E68D946,SET_E2B7C6B3,BNK_6E39B0A7,HIGH_VALUE_ANOMALY,REVIEW,29292000,29292000
CASE_01924,PAY_ACF3D8C5,SET_1E3B5A71,BNK_85E1DF9F,CLEAN,MATCHED,1183202,1183202
CASE_01925,PAY_C0166AAF,SET_067E61C9,BNK_678E7EE3,CLEAN,MATCHED,132596,132596
CASE_01926,PAY_190E5AE6,SET_B8859B6F,BNK_D1651E49,CLEAN,MATCHED,1630296,1630296
CASE_01927,PAY_C2C0A498,SET_EFC6ECFE,BNK_DB812FBB,UNEXPLAINED_DELTA,EXCEPTION,587696,558796
CASE_01928,PAY_6999C066,SET_687706AF,BNK_2BA8510D,FEE_VARIANCE,EXCEPTION,1455032,1454932
CASE_01929,PAY_D19AB832,SET_D19736AC,BNK_790949B4,CHARGEBACK,MATCHED,-15717,-15717
CASE_01930,PAY_65D802C9,SET_D8AED311,BNK_B7AF03C1,ONE_TO_MANY,MATCHED,29390,29390
CASE_01931,PAY_60D686E0,SET_052BEFB8,BNK_4FB8A78B,TIMING_DIFFERENCE,MATCHED,1579913,1579913
CASE_01932,PAY_70949519,SET_7E70BD5E,BNK_A4C59AD1,TIMING_DIFFERENCE,MATCHED,114825,114825
CASE_01933,PAY_27859D64,SET_78FE884A,BNK_F0B7F8D6,CLEAN,MATCHED,550788,550788
CASE_01934,PAY_0B5ABA08,SET_C15019E8,BNK_BD10780E,CLEAN,MATCHED,550104,550104
CASE_01935,PAY_50B3938C,SET_33AFD265,BNK_C5F470DD,REFUND,MATCHED,894299,894299
CASE_01936,PAY_41EEE871,SET_48DD88EF,BNK_2D2503CE,REFERENCE_TYPO,MATCHED,804652,804652
CASE_01937,PAY_0C3AAFDC,SET_632E9440,BNK_37EE1929,CLEAN,MATCHED,184833,184833
CASE_01938,PAY_F5EECB53,SET_428DE249,BNK_601AE588,REFERENCE_TYPO,MATCHED,1893045,1893045
CASE_01939,PAY_CDF6FB47,SET_55D8FF95,BNK_C36E15FC,DUPLICATE,REVIEW,1841491,1841491
CASE_01940,PAY_746B5FA2,SET_E51DFC7B,BNK_23DAB5FA,TIMING_DIFFERENCE,MATCHED,1589580,1589580
CASE_01941,PAY_803FD547,SET_ADB28A98,BNK_3278991F,CLEAN,MATCHED,1784469,1784469
CASE_01942,PAY_0C116918,SET_C5B3108E,BNK_372E79B3,UNEXPLAINED_DELTA,EXCEPTION,1676284,1630584
CASE_01943,PAY_8C39AA3D,SET_0CB1D648,BNK_B5EC14EF,CLEAN,MATCHED,936563,936563
CASE_01944,PAY_B539D26A,SET_089A12E8,BNK_4601A752,TIMING_DIFFERENCE,MATCHED,1627366,1627366
CASE_01945,PAY_1DE88E89,SET_2B935591,BNK_422C6B7B,DUPLICATE,REVIEW,342912,342912
CASE_01946,PAY_1BDBA040,SET_F34B6A7E,BNK_030531E9,CLEAN,MATCHED,1049728,1049728
CASE_01947,,SET_90E1DA3B,BNK_7020E34B,MISSING_PAYMENT,EXCEPTION,233262,233262
CASE_01948,PAY_8252184B,SET_1720A44D,BNK_FEEE0508,TIMING_DIFFERENCE,MATCHED,889891,889891
CASE_01949,PAY_36FE2F79,SET_25EE8DED,BNK_B5E65ACF,CLEAN,MATCHED,922601,922601
CASE_01950,PAY_1D478144,SET_62CF0CD9,BNK_38C5962C,FEE_VARIANCE,EXCEPTION,945058,944958
CASE_01951,PAY_D6EC4244,SET_4BBF0E1C,BNK_176AF385,REFUND,MATCHED,909782,909782
CASE_01952,PAY_B6E89063,SET_0469ABEA,BNK_33DF8427,FEE_VARIANCE,EXCEPTION,591211,591111
CASE_01953,PAY_CFECBA98,SET_DF6571D8,BNK_EEBD70E5,TIMING_DIFFERENCE,MATCHED,46477,46477
CASE_01954,PAY_6E5EF7BB,SET_B7C17067,BNK_A45340DF,FEE_VARIANCE,EXCEPTION,1161428,1161328
CASE_01955,PAY_7B5347B5,SET_595E157E,BNK_C0522FE1,CLEAN,MATCHED,1649140,1649140
CASE_01956,PAY_92EC5BFB,SET_C04240CD,BNK_626B0115,OTHER,MATCHED,1915014,1915014
CASE_01957,PAY_428AB3A3,SET_F16F3FD4,BNK_3C7DDA54,AMBIGUOUS,REVIEW,496207,496207
CASE_01958,PAY_853A9106,SET_5AA34AD0,BNK_D670C054,CLEAN,MATCHED,1417147,1417147
CASE_01959,PAY_DCCE4910,SET_D424E9D6,BNK_F9C57DF0,TAX_VARIANCE,EXCEPTION,762959,763009
CASE_01960,PAY_1FA60E42,SET_F431091C,BNK_411E8D44,CLEAN,MATCHED,711503,711503
CASE_01961,PAY_849358A9,SET_D74246B1,BNK_A90D7AEB,CLEAN,MATCHED,276712,276712
CASE_01962,PAY_5AF17ACD,SET_8FC94D0C,BNK_2EC72F95,FEE_VARIANCE,EXCEPTION,1240712,1240612
CASE_01963,PAY_33164C7F,SET_8F47D403,BNK_2451B1A0,UNEXPLAINED_DELTA,EXCEPTION,844977,834877
CASE_01964,PAY_97182321,SET_22C342E6,BNK_4CF1980F,CLEAN,MATCHED,1242177,1242177
CASE_01965,PAY_F51592C5,SET_36B1AF12,BNK_7DD1525C,CLEAN,MATCHED,207778,207778
CASE_01966,PAY_5713C254,SET_FF5F83E0,BNK_DD530504,CLEAN,MATCHED,1037621,1037621
CASE_01967,PAY_E3849419,SET_26ED34A8,BNK_110F3490,DUPLICATE,REVIEW,1199410,1199410
CASE_01968,PAY_00F04259,SET_A58E33EE,BNK_5FEA0981,REFUND,MATCHED,787109,787109
CASE_01969,PAY_00D8B886,SET_6A47802A,BNK_DBC887B8,CLEAN,MATCHED,1231631,1231631
CASE_01970,PAY_88CA5AEE,SET_1C9C3A0C,BNK_9BCE79BD,CLEAN,MATCHED,707988,707988
CASE_01971,PAY_C464A5C3,SET_2E909540,BNK_B40FC205,OTHER,MATCHED,1214837,1214837
CASE_01972,PAY_48A82560,SET_010E0D68,BNK_1C319265,TAX_VARIANCE,EXCEPTION,24313,24363
CASE_01973,PAY_71A250F3,SET_37390960,BNK_BC3BD841,CLEAN,MATCHED,537216,537216
CASE_01974,PAY_FDFED367,SET_A8307E55,BNK_7113BB58,OTHER,MATCHED,1078630,1078630
CASE_01975,PAY_68E0B9BB,SET_87408A13,BNK_9675BF7F,CLEAN,MATCHED,1093471,1093471
CASE_01976,PAY_0BE33DCE,SET_47F8B7FF,BNK_DEF88FC9,REFUND,MATCHED,902350,902350
CASE_01977,PAY_6D92E87D,SET_E941C1AC,BNK_79B380F4,CLEAN,MATCHED,875343,875343
CASE_01978,PAY_51EDF2B6,SET_59762BA0,BNK_EA5E50D2,CLEAN,MATCHED,761104,761104
CASE_01979,PAY_DA4C0898,SET_198CA029,BNK_94D9CE9F,CLEAN,MATCHED,1550231,1550231
CASE_01980,PAY_B9CF1BFA,SET_315CFF53,BNK_34E7F082,TAX_VARIANCE,EXCEPTION,860502,860552
CASE_01981,PAY_4BCCB538,SET_3DEAB4EC,BNK_49418781,REFUND,MATCHED,692210,692210
CASE_01982,PAY_0785B5DE,SET_B5EB9485,BNK_D3464CB1,REFERENCE_TYPO,MATCHED,891161,891161
CASE_01983,PAY_D0987CD2,SET_2DF2FC93,BNK_2E862149,CLEAN,MATCHED,447485,447485
CASE_01984,PAY_774CF69A,SET_5B4C2675,BNK_3B2664A0,CLEAN,MATCHED,1803411,1803411
CASE_01985,PAY_249B8D29,SET_CDF9AA88,BNK_DC7D6BB6,CLEAN,MATCHED,329047,329047
CASE_01986,PAY_13F6B64A,SET_B43E36F2,BNK_5AB6B0DC,CLEAN,MATCHED,419364,419364
CASE_01987,PAY_F2C7DD0D,SET_342CD1D1,BNK_97797AC5,CLEAN,MATCHED,473750,473750
CASE_01988,PAY_86E544A1,SET_5EB1AF7A,BNK_CEB793B3,OTHER,MATCHED,177412,177412
CASE_01989,PAY_DB089674,SET_73406E91,BNK_F37B1251,DUPLICATE,REVIEW,402277,402277
CASE_01990,PAY_A48B3916,SET_3B3715A8,BNK_462B40C2,CHARGEBACK,MATCHED,-37561,-37561
CASE_01991,PAY_4A99D98A,SET_6F0E9007,BNK_98E104AE,CLEAN,MATCHED,154662,154662
CASE_01992,PAY_4A132E90,SET_D815E986,BNK_6242A610,REFERENCE_TYPO,MATCHED,274467,274467
CASE_01993,PAY_A43E3F22,SET_FD5924BB,BNK_7ED019A6,CLEAN,MATCHED,1212494,1212494
CASE_01994,PAY_092612ED,SET_6C62A046,BNK_FD0F2E58,TAX_VARIANCE,EXCEPTION,1578058,1578108
CASE_01995,PAY_D3B076FB,SET_74E98707,BNK_AAB37FEF,CLEAN,MATCHED,1181054,1181054
CASE_01996,PAY_B4A8958C,SET_420CC45D,BNK_BF1171D0,CLEAN,MATCHED,1469092,1469092
CASE_01997,PAY_D1CC49C7,SET_D2603E07,BNK_559DE453,CLEAN,MATCHED,47649,47649
CASE_01998,PAY_AE8B7F26,SET_7329D92C,BNK_5D5DEBE2,CLEAN,MATCHED,1821279,1821279
CASE_01999,PAY_637D8EA5,SET_EF1C0B29,BNK_A55F8C7A,DUPLICATE,REVIEW,991535,991535
CASE_02000,PAY_17B41975,SET_9D8B23A5,BNK_DC5316DB,CHARGEBACK,MATCHED,-25464,-25464
CASE_02001,PAY_CAFDA440,SET_79636EF1,BNK_C135F881,ONE_TO_MANY,MATCHED,1188767,1188767
CASE_02002,PAY_B0768CD5,,,MISSING_SETTLEMENT,EXCEPTION,782487,782487
CASE_02003,PAY_75559D41,SET_ACE2C207,BNK_F5B4DAF4,REFUND,MATCHED,844181,844181
CASE_02004,PAY_5E573085,SET_C7365EB4,BNK_DE9EDDA2,CLEAN,MATCHED,436647,436647
CASE_02005,PAY_39F0BEEF,SET_054CADF1,BNK_3B2B0CAA,CHARGEBACK,MATCHED,-35303,-35303
CASE_02006,PAY_6F5BA5F5,SET_9FB795F7,BNK_B195D176,CLEAN,MATCHED,317135,317135
CASE_02007,PAY_CA248ED2,SET_03BF5D01,BNK_8FC1D62D,OTHER,MATCHED,1390785,1390785
CASE_02008,PAY_03C03FEF,SET_7FBA4D12,BNK_5A12267F,OTHER,MATCHED,94907,94907
CASE_02009,PAY_BE82E88C,SET_934D6F0C,BNK_F31AA64E,OTHER,MATCHED,413604,413604
CASE_02010,PAY_7AF3A260,SET_14030FCA,BNK_B4117DE6,UNEXPLAINED_DELTA,EXCEPTION,1690930,1678830
CASE_02011,PAY_3E6BBD64,SET_3EA5D42A,BNK_99A0BA13,CLEAN,MATCHED,1790913,1790913
CASE_02012,PAY_E5C2A6C6,SET_55AAA0DC,BNK_8E98A1C8,DUPLICATE,REVIEW,633977,633977
CASE_02013,PAY_E24A4414,SET_6296AA18,BNK_A6EF7821,CLEAN,MATCHED,1328197,1328197
CASE_02014,PAY_374E5BB6,SET_A43D643C,BNK_9B1B5BA5,UNEXPLAINED_DELTA,EXCEPTION,139137,95237
CASE_02015,,SET_D339CD36,BNK_258AA299,MISSING_PAYMENT,EXCEPTION,1672085,1672085
CASE_02016,,SET_5F2A0457,BNK_FAE09C66,MISSING_PAYMENT,EXCEPTION,955798,955798
CASE_02017,PAY_C39F17D6,SET_DA5930E5,BNK_E3A96423,CLEAN,MATCHED,1753127,1753127
CASE_02018,PAY_2AFEBAD3,SET_AB4634A7,BNK_7BE3987F,CLEAN,MATCHED,1770409,1770409
CASE_02019,PAY_B778E4B2,SET_0002A529,BNK_855DA7D9,CLEAN,MATCHED,267436,267436
CASE_02020,PAY_CB569ED6,SET_9B681B27,BNK_22187156,UNEXPLAINED_DELTA,EXCEPTION,159642,140442
CASE_02021,PAY_CE07B16C,SET_1A0894A8,BNK_FC2DE47A,REFERENCE_TYPO,MATCHED,1523282,1523282
CASE_02022,PAY_576C9CA1,SET_1D17008D,BNK_BD7EB0C9,CLEAN,MATCHED,153588,153588
CASE_02023,PAY_14F93738,SET_2340F176,BNK_B02527B2,CLEAN,MATCHED,652236,652236
CASE_02024,PAY_6A49210E,SET_0D5AA322,BNK_F1B08239,CLEAN,MATCHED,1825185,1825185
CASE_02025,PAY_2CA17EDC,SET_44E92B47,BNK_E81473D9,CLEAN,MATCHED,162766,162766
CASE_02026,PAY_766F7422,SET_D301C775,BNK_3A66AADF,CLEAN,MATCHED,1556187,1556187
CASE_02027,PAY_1FF1DADB,SET_0B2F7838,BNK_B98753BA,CLEAN,MATCHED,1925754,1925754
CASE_02028,PAY_5670F837,SET_C654E94B,BNK_F4F783B1,UNEXPLAINED_DELTA,EXCEPTION,951990,924790
CASE_02029,PAY_A24F5817,SET_E7C53CF8,BNK_DEEE61D4,TAX_VARIANCE,EXCEPTION,229552,229602
CASE_02030,PAY_2FCB7E71,SET_1F62C2DC,BNK_88D69E19,CLEAN,MATCHED,379430,379430
CASE_02031,PAY_C990FF2A,SET_65043C4F,BNK_31D75F8C,AMBIGUOUS,REVIEW,1064276,1064276
CASE_02032,PAY_A4AB9E10,SET_B2F29010,BNK_B1907717,CLEAN,MATCHED,300243,300243
CASE_02033,PAY_0FBBEA74,SET_8D165890,BNK_0443B14D,CLEAN,MATCHED,670494,670494
CASE_02034,PAY_2AEEF58F,SET_BFC920D9,BNK_2440503E,ONE_TO_MANY,MATCHED,1272933,1272933
CASE_02035,PAY_A81AF822,SET_5908B989,BNK_60EA5F5C,ONE_TO_MANY,MATCHED,1737992,1737992
CASE_02036,PAY_655DD0AE,SET_FE916057,BNK_F229FACD,FEE_VARIANCE,EXCEPTION,1897146,1897046
CASE_02037,PAY_1215E458,SET_B1A586E3,BNK_2DF84528,CLEAN,MATCHED,1418807,1418807
CASE_02038,PAY_41F04E28,SET_2E3B79D0,BNK_92B17CE4,REFERENCE_TYPO,MATCHED,1801947,1801947
CASE_02039,PAY_59B3CC99,SET_6FF5A028,BNK_86C4D411,UNEXPLAINED_DELTA,EXCEPTION,76257,42257
CASE_02040,PAY_513820CE,SET_56916E2B,BNK_44D91A84,CHARGEBACK,MATCHED,-1005,-1005
CASE_02041,PAY_DC0FCDB0,SET_080B1E32,BNK_55E2671B,OTHER,MATCHED,1143365,1143365
CASE_02042,PAY_18AC79CA,SET_788C52E6,BNK_BFA4BBDA,FEE_VARIANCE,EXCEPTION,214223,214123
CASE_02043,PAY_AC22A64A,SET_98043514,BNK_45CEFA88,CLEAN,MATCHED,864407,864407
CASE_02044,PAY_C9842087,SET_50CB9AFC,BNK_3A0E7923,CLEAN,MATCHED,436549,436549
CASE_02045,PAY_52EBCA90,SET_31D358D3,BNK_11A1FCBB,CLEAN,MATCHED,1129012,1129012
CASE_02046,PAY_EEC609FA,SET_8DD8CA81,BNK_FA0D466E,CLEAN,MATCHED,702423,702423
CASE_02047,PAY_F7D63599,SET_551E1307,BNK_3C5BEB87,CLEAN,MATCHED,481659,481659
CASE_02048,PAY_07B6559F,SET_FA94D532,BNK_1061F016,CLEAN,MATCHED,1103137,1103137
CASE_02049,PAY_76BCB1A3,SET_585129C6,BNK_43C9DC7C,REFUND,MATCHED,450532,450532
CASE_02050,PAY_245DABCB,SET_8B3801F0,BNK_EE221C0D,CLEAN,MATCHED,1402306,1402306
CASE_02051,PAY_A3F7EDBD,SET_FD3D3284,BNK_FEC336E7,CLEAN,MATCHED,368494,368494
CASE_02052,PAY_A0D89F5A,SET_0A636C23,BNK_03897D86,CHARGEBACK,MATCHED,-22556,-22556
CASE_02053,PAY_1377836F,SET_0AD15CF8,BNK_76FC98EC,CLEAN,MATCHED,66493,66493
CASE_02054,PAY_9402204A,SET_F2B3E742,BNK_8E3AB893,REFERENCE_TYPO,MATCHED,602732,602732
CASE_02055,PAY_1B389FDF,SET_EB619B14,BNK_2A5A1634,CLEAN,MATCHED,783073,783073
CASE_02056,PAY_745D33ED,SET_E80153AA,BNK_D3CFE167,DUPLICATE,REVIEW,540633,540633
CASE_02057,PAY_88022307,SET_792A3116,BNK_BC25F007,OTHER,MATCHED,1884062,1884062
CASE_02058,PAY_0AD3454B,SET_841CB41D,BNK_F0B1AC99,TIMING_DIFFERENCE,MATCHED,1826259,1826259
CASE_02059,PAY_865E1F25,SET_8A3CAA7F,BNK_53376763,AMBIGUOUS,REVIEW,229747,229747
CASE_02060,PAY_06E80708,SET_38168BFD,BNK_D6B08BF2,UNEXPLAINED_DELTA,EXCEPTION,539461,519261
CASE_02061,PAY_C729525D,SET_A3F82CF7,BNK_02AFB2B8,REFERENCE_TYPO,MATCHED,1518302,1518302
CASE_02062,,SET_7DC3DBD5,BNK_CFAC0C56,MISSING_PAYMENT,EXCEPTION,479022,479022
CASE_02063,PAY_0EA5927D,SET_EBFCAABC,BNK_E6BCB8E7,CLEAN,MATCHED,1391566,1391566
CASE_02064,PAY_7B7740DB,SET_96639AB3,BNK_0F548D48,TIMING_DIFFERENCE,MATCHED,58877,58877
CASE_02065,PAY_C2571748,SET_DB373C37,BNK_0988951B,UNEXPLAINED_DELTA,EXCEPTION,1227726,1202126
CASE_02066,PAY_961C0B0D,SET_B62EC010,BNK_58652DD6,CLEAN,MATCHED,1549547,1549547
CASE_02067,PAY_388BD6CA,SET_5972287F,BNK_98B86F00,DUPLICATE,REVIEW,670983,670983
CASE_02068,PAY_5DAB563A,SET_00B24893,BNK_8D0564CE,CLEAN,MATCHED,1481297,1481297
CASE_02069,PAY_CD585A89,SET_AE2D3A6F,BNK_8AC23C63,AMBIGUOUS,REVIEW,138063,138063
CASE_02070,,SET_C6617359,BNK_174EB21B,MISSING_PAYMENT,EXCEPTION,760226,760226
CASE_02071,PAY_BDA421C8,SET_8F5EF394,BNK_E6309FC3,CLEAN,MATCHED,11913,11913
CASE_02072,PAY_28BA466F,SET_6116B066,BNK_7383CA71,CLEAN,MATCHED,722048,722048
CASE_02073,PAY_435E055E,SET_0173B866,BNK_25992A8F,CLEAN,MATCHED,354238,354238
CASE_02074,PAY_6196AC2F,SET_50479BA3,BNK_A6E7494B,CLEAN,MATCHED,452074,452074
CASE_02075,PAY_2E0E6867,,,MISSING_SETTLEMENT,EXCEPTION,1557651,1557651
CASE_02076,PAY_C1CB5F81,SET_9A630070,BNK_132C2AFF,CLEAN,MATCHED,191863,191863
CASE_02077,PAY_6B812374,SET_9C79469E,BNK_21430A5C,OTHER,MATCHED,224865,224865
CASE_02078,,SET_8D2755C9,BNK_2C7FA29B,MISSING_PAYMENT,EXCEPTION,235703,235703
CASE_02079,PAY_DE54EED0,SET_E9109028,BNK_64E89D58,CLEAN,MATCHED,1164162,1164162
CASE_02080,PAY_1C81E0CC,SET_00027F41,BNK_E420A38E,CLEAN,MATCHED,1895388,1895388
CASE_02081,PAY_56BB6210,SET_1F1A4CE2,BNK_26CF9F4A,FEE_VARIANCE,EXCEPTION,1207319,1207219
CASE_02082,PAY_C8D08024,SET_EC108F00,BNK_16B74AEC,AMBIGUOUS,REVIEW,1767870,1767870
CASE_02083,PAY_B17D174A,SET_1B496F39,BNK_47E1B1A9,DUPLICATE,REVIEW,942226,942226
CASE_02084,PAY_8130E637,SET_08A89D21,BNK_094186F2,TIMING_DIFFERENCE,MATCHED,968980,968980
CASE_02085,PAY_9E42735C,SET_63038F96,BNK_37050632,TAX_VARIANCE,EXCEPTION,272026,272076
CASE_02086,PAY_1DA7A335,,,MISSING_SETTLEMENT,EXCEPTION,426199,426199
CASE_02087,PAY_D312884A,SET_6AD7816A,BNK_6338291D,CLEAN,MATCHED,1467432,1467432
CASE_02088,PAY_B4FA6014,SET_19E25BC2,BNK_F833BF73,AMBIGUOUS,REVIEW,516907,516907
CASE_02089,PAY_425FC097,SET_B622313C,BNK_45F90603,CLEAN,MATCHED,92173,92173
CASE_02090,PAY_366795E5,SET_84241E5B,BNK_D5AD5503,CLEAN,MATCHED,918402,918402
CASE_02091,PAY_78CBEEA9,SET_996C7428,BNK_4CA4253C,REFERENCE_TYPO,MATCHED,1344015,1344015
CASE_02092,PAY_FA83FEF9,SET_3A5114F2,BNK_B02AB2BB,REFERENCE_TYPO,MATCHED,477558,477558
CASE_02093,PAY_2CFC949C,SET_60EA10F1,BNK_DB373A4A,UNEXPLAINED_DELTA,EXCEPTION,1514495,1496595
CASE_02094,PAY_A9B81DB5,SET_C8FD5558,BNK_EBF0C15A,CLEAN,MATCHED,277786,277786
CASE_02095,PAY_12F771FB,SET_0AFA2B56,BNK_821BF357,REFUND,MATCHED,493599,493599
CASE_02096,PAY_1FF08098,SET_DBA1C4A9,BNK_5E746BD6,UNEXPLAINED_DELTA,EXCEPTION,546784,499784
CASE_02097,PAY_70564513,SET_CDCE7079,BNK_A04B32BE,TIMING_DIFFERENCE,MATCHED,1383169,1383169
CASE_02098,PAY_C318A5D0,SET_55EA500F,BNK_25048C23,CLEAN,MATCHED,244686,244686
CASE_02099,PAY_1A3A2E1B,SET_E1C6E893,BNK_6F294D8E,AMBIGUOUS,REVIEW,542977,542977
CASE_02100,PAY_165CE2D4,SET_4957CE81,BNK_E2FE8938,CHARGEBACK,MATCHED,-44934,-44934
CASE_02101,PAY_3A65630F,SET_A4E9A821,BNK_8CBD3359,AMBIGUOUS,REVIEW,591797,591797
CASE_02102,PAY_F2A8D3C4,SET_DEA8585B,BNK_FB4FD014,TAX_VARIANCE,EXCEPTION,1872833,1872883
CASE_02103,PAY_38B63E63,SET_707CC2FA,BNK_9BBF47F1,CLEAN,MATCHED,319088,319088
CASE_02104,PAY_872126CF,SET_657368DE,BNK_C0FCC8DA,CHARGEBACK,MATCHED,-23753,-23753
CASE_02105,PAY_7262101B,SET_2F7FCA6F,BNK_090C50FA,OTHER,MATCHED,1484714,1484714
CASE_02106,PAY_F0F21016,SET_349FE72F,BNK_E7ED73E2,ONE_TO_MANY,MATCHED,122050,122050
CASE_02107,PAY_23D0D27A,SET_66188732,BNK_0BC83DBE,CLEAN,MATCHED,412432,412432
CASE_02108,PAY_E63A68A3,SET_8BB6639A,BNK_2769D725,CLEAN,MATCHED,1190232,1190232
CASE_02109,PAY_B79364F6,SET_3787B5DC,BNK_EB60626E,CLEAN,MATCHED,1744730,1744730
CASE_02110,PAY_04256662,SET_EFE363CF,BNK_8B89E7C7,DUPLICATE,REVIEW,812170,812170
CASE_02111,PAY_B1CD424D,SET_2AA10C82,BNK_558EC2EB,CLEAN,MATCHED,714725,714725
CASE_02112,PAY_81F78EEA,SET_3E775D71,BNK_14A82487,TIMING_DIFFERENCE,MATCHED,1500434,1500434
CASE_02113,PAY_21419432,SET_8CB15839,BNK_0BCB127F,CLEAN,MATCHED,830722,830722
CASE_02114,PAY_1F990DD8,SET_7C1845E3,BNK_DB41CD9E,DUPLICATE,REVIEW,275052,275052
CASE_02115,PAY_B3F84AC9,SET_B86122BA,BNK_C68347B6,CLEAN,MATCHED,1875763,1875763
CASE_02116,PAY_69A331C6,SET_09D22E69,BNK_34204039,CLEAN,MATCHED,796059,796059
CASE_02117,PAY_B12DDD67,SET_9FD69AEC,BNK_79AB0A9A,CHARGEBACK,MATCHED,-30788,-30788
CASE_02118,PAY_0F74FFE5,SET_534D2659,BNK_1E81CE6A,CLEAN,MATCHED,500601,500601
CASE_02119,PAY_93A901FC,SET_9087987C,BNK_AD3E70C4,TAX_VARIANCE,EXCEPTION,1308181,1308231
CASE_02120,PAY_8431B2F3,SET_D248FC95,BNK_491AFF2E,CLEAN,MATCHED,1074431,1074431
CASE_02121,PAY_D3D07EF6,SET_9E2D8465,BNK_4697A660,OTHER,MATCHED,326216,326216
CASE_02122,PAY_95BD0BD7,SET_E2101ECA,BNK_3CEE3D5F,CLEAN,MATCHED,1362664,1362664
CASE_02123,PAY_7AC0C1DA,SET_9AAC63D4,BNK_8965C6E5,REFUND,MATCHED,514941,514941
CASE_02124,PAY_CA136850,SET_844E3F79,BNK_46D67E87,CLEAN,MATCHED,376207,376207
CASE_02125,PAY_3D7B5DD4,SET_1B56AE0B,BNK_EF22BBDB,CLEAN,MATCHED,793033,793033
CASE_02126,PAY_CA235645,SET_5E80C4A6,BNK_DB4D32D3,CLEAN,MATCHED,258356,258356
CASE_02127,PAY_D82AB951,SET_A5CD588B,BNK_1466BCEE,UNEXPLAINED_DELTA,EXCEPTION,1319996,1299096
CASE_02128,PAY_E242714F,,,MISSING_SETTLEMENT,EXCEPTION,46770,46770
CASE_02129,PAY_08ED341F,SET_8DF3EA53,BNK_AEBD0373,CLEAN,MATCHED,1298124,1298124
CASE_02130,PAY_29829ADA,SET_596D0371,BNK_1D8E192F,FEE_VARIANCE,EXCEPTION,377477,377377
CASE_02131,PAY_E4AC77D3,SET_CFFB9657,BNK_7DD23E24,CLEAN,MATCHED,1712411,1712411
CASE_02132,PAY_DED57830,SET_9A3A7D9C,BNK_A93F8B90,ONE_TO_MANY,MATCHED,1730084,1730084
CASE_02133,PAY_EFEEB648,SET_D3D1E43D,BNK_FB76AF93,HIGH_VALUE_ANOMALY,REVIEW,58584000,58584000
CASE_02134,PAY_A80DF1F9,SET_47BCD309,BNK_6A40AAA6,FEE_VARIANCE,EXCEPTION,1944892,1944792
CASE_02135,PAY_30BBD1AC,SET_A5361D53,BNK_C4E3E09A,CLEAN,MATCHED,1878204,1878204
CASE_02136,PAY_6B1030D0,SET_8AC1E904,BNK_91208CC5,HIGH_VALUE_ANOMALY,REVIEW,14646000,14646000
CASE_02137,PAY_82EB9D67,SET_48CD274F,BNK_8C01978B,CLEAN,MATCHED,1437164,1437164
CASE_02138,PAY_642E2086,SET_0EA87858,BNK_FFB4C986,TAX_VARIANCE,EXCEPTION,1080680,1080730
CASE_02139,PAY_B780A325,SET_07A1E450,BNK_BB752F37,CLEAN,MATCHED,1456887,1456887
CASE_02140,PAY_6931ECE5,SET_76370F8F,BNK_AB931171,UNEXPLAINED_DELTA,EXCEPTION,1926340,1878840
CASE_02141,PAY_D748299F,SET_935214DC,BNK_B27D0D4F,UNEXPLAINED_DELTA,EXCEPTION,197917,186717
CASE_02142,PAY_545A9164,,,MISSING_SETTLEMENT,EXCEPTION,1899001,1899001
CASE_02143,PAY_C4C2D5B5,SET_BDED4CC8,BNK_2167B635,CLEAN,MATCHED,282766,282766
CASE_02144,PAY_FD861226,SET_4982C72B,BNK_F7D69960,DUPLICATE,REVIEW,463790,463790
CASE_02145,PAY_7D70D464,SET_D9BA6939,BNK_D3FAD5C1,UNEXPLAINED_DELTA,EXCEPTION,194792,160092
CASE_02146,PAY_6B588EEB,SET_8FC97C0D,BNK_8ECDFFDB,FEE_VARIANCE,EXCEPTION,736890,736790
CASE_02147,PAY_F85379B6,SET_8EC37678,BNK_D11E8AEF,CLEAN,MATCHED,1768749,1768749
CASE_02148,PAY_F26F0F02,SET_26164846,BNK_233BDB8A,CLEAN,MATCHED,734449,734449
CASE_02149,PAY_0DCE3D2C,SET_CCE87EF3,BNK_89DFC24A,REFUND,MATCHED,122102,122102
CASE_02150,PAY_CFFA1B8C,SET_E43225FA,BNK_805D655F,CLEAN,MATCHED,1761914,1761914
CASE_02151,PAY_182ED529,SET_3DC08526,BNK_AE52DB8E,TIMING_DIFFERENCE,MATCHED,606931,606931
CASE_02152,PAY_C11B6BAE,SET_EC8B2AB1,BNK_8B78F238,UNEXPLAINED_DELTA,EXCEPTION,1073064,1045764
CASE_02153,PAY_1C89F7F0,SET_B836E401,BNK_38FC5AE3,CHARGEBACK,MATCHED,-12196,-12196
CASE_02154,PAY_852E11A5,SET_EF3385F8,BNK_C036B296,CLEAN,MATCHED,1862972,1862972
CASE_02155,PAY_B6C28D86,SET_59EC19C2,BNK_435FFAAF,OTHER,MATCHED,1044358,1044358
CASE_02156,PAY_43E40B88,SET_2C13F602,BNK_510EDA1F,FEE_VARIANCE,EXCEPTION,860111,860011
CASE_02157,PAY_A8F3C23C,SET_736BDBBD,BNK_8A7E9A0F,TAX_VARIANCE,EXCEPTION,507143,507193
CASE_02158,PAY_146B7AE7,SET_9D240362,BNK_C38D5EC1,DUPLICATE,REVIEW,1108019,1108019
CASE_02159,PAY_62C65087,SET_D76ADAE2,BNK_6F6CB5A1,UNEXPLAINED_DELTA,EXCEPTION,908931,882031
CASE_02160,PAY_EBFD42BE,,,MISSING_SETTLEMENT,EXCEPTION,1056661,1056661
CASE_02161,PAY_1E53D014,SET_44CB4616,BNK_334EA73C,CHARGEBACK,MATCHED,-36558,-36558
CASE_02162,PAY_D2675244,SET_B4C3124B,BNK_65399731,CLEAN,MATCHED,1812882,1812882
CASE_02163,PAY_4F736AD6,SET_6C4B4C75,BNK_F32D0DEB,CHARGEBACK,MATCHED,-3162,-3162
CASE_02164,PAY_BB820E27,SET_203DA08D,BNK_5DB314C3,AMBIGUOUS,REVIEW,1192868,1192868
CASE_02165,PAY_22BB3CED,SET_25684637,BNK_B9504450,REFERENCE_TYPO,MATCHED,1247059,1247059
CASE_02166,PAY_0B650F4A,,,MISSING_SETTLEMENT,EXCEPTION,199088,199088
CASE_02167,PAY_B2841F8C,SET_61B8BE31,BNK_C83662CD,DUPLICATE,REVIEW,1499946,1499946
CASE_02168,PAY_30CA8578,SET_AB96BA19,BNK_9042A4DA,REFERENCE_TYPO,MATCHED,113068,113068
CASE_02169,PAY_7CC1104A,SET_0554C3C1,BNK_AFEC9AE4,DUPLICATE,REVIEW,1596414,1596414
CASE_02170,PAY_B5AF0E67,SET_37059815,BNK_03670404,CLEAN,MATCHED,562212,562212
CASE_02171,PAY_5EA216F3,SET_C19F9C43,BNK_BBC1CC4C,REFERENCE_TYPO,MATCHED,672545,672545
CASE_02172,PAY_29318F74,SET_BB734D51,BNK_9AE57447,UNEXPLAINED_DELTA,EXCEPTION,849664,803264
CASE_02173,PAY_3AF40C85,SET_6BD295E5,BNK_20E056CE,CHARGEBACK,MATCHED,-5140,-5140
CASE_02174,PAY_42E554C4,SET_663FE878,BNK_130754A3,UNEXPLAINED_DELTA,EXCEPTION,1312868,1292968
CASE_02175,PAY_B4BFF03D,SET_9AFA9108,BNK_620478B9,TIMING_DIFFERENCE,MATCHED,244100,244100
CASE_02176,PAY_B8852E95,SET_3A28F77D,BNK_7DD72DC0,DUPLICATE,REVIEW,150757,150757
CASE_02177,,SET_58B28F12,BNK_BAB28E78,MISSING_PAYMENT,EXCEPTION,1590263,1590263
CASE_02178,PAY_33D0AACF,SET_E90FD9A0,BNK_F78CAFCE,CLEAN,MATCHED,465548,465548
CASE_02179,PAY_544C96A7,SET_5F144282,BNK_5FCF6B7D,AMBIGUOUS,REVIEW,1569075,1569075
CASE_02180,PAY_8286835C,SET_928D5DFE,BNK_70EBE151,UNEXPLAINED_DELTA,EXCEPTION,842829,841829
CASE_02181,PAY_33EA1835,SET_E3BA80B0,BNK_6B519302,TAX_VARIANCE,EXCEPTION,1892654,1892704
CASE_02182,PAY_7CF55423,SET_ACA9397B,BNK_55250AC5,REFERENCE_TYPO,MATCHED,1438921,1438921
CASE_02183,PAY_A664C3FE,SET_A197ABFC,BNK_F565DDFC,DUPLICATE,REVIEW,134841,134841
CASE_02184,PAY_BED9D4CC,SET_4D3378DD,BNK_B1EA9B13,CLEAN,MATCHED,251814,251814
CASE_02185,PAY_489043A9,SET_2292A212,BNK_6F9D0491,REFUND,MATCHED,730893,730893
CASE_02186,PAY_908C98CE,SET_ECC72631,BNK_2453A313,TAX_VARIANCE,EXCEPTION,1197946,1197996
CASE_02187,PAY_B79B087D,SET_B3699DF9,BNK_D57555EA,CLEAN,MATCHED,1525625,1525625
CASE_02188,PAY_B0DD00AD,SET_E27A432B,BNK_1FCDCAF8,CLEAN,MATCHED,574026,574026
CASE_02189,PAY_66A74CC4,SET_3F1B5570,BNK_52858806,CLEAN,MATCHED,1395960,1395960
CASE_02190,PAY_63E4192B,SET_B02089FF,BNK_D13842AE,CLEAN,MATCHED,1465577,1465577
CASE_02191,PAY_6F104B3E,SET_D4236B82,BNK_248763A3,OTHER,MATCHED,1841881,1841881
CASE_02192,PAY_CA417A44,SET_A0DC90C4,BNK_D265B818,FEE_VARIANCE,EXCEPTION,1622094,1621994
CASE_02193,PAY_494D2ADF,SET_A0C7CE32,BNK_7F5C5FB9,CLEAN,MATCHED,1791792,1791792
CASE_02194,PAY_699D986F,SET_85507446,BNK_28EB20CD,CLEAN,MATCHED,138552,138552
CASE_02195,PAY_98112A3D,SET_2120846F,BNK_7A725E09,CLEAN,MATCHED,258844,258844
CASE_02196,PAY_F5AF5CC2,SET_FF372B5D,BNK_986D150B,UNEXPLAINED_DELTA,EXCEPTION,1885624,1839124
CASE_02197,PAY_677FFD3F,SET_D4E49180,BNK_87D37893,FEE_VARIANCE,EXCEPTION,1843346,1843246
CASE_02198,PAY_21952224,SET_9B36DF62,BNK_FDA4A422,UNEXPLAINED_DELTA,EXCEPTION,839119,828219
CASE_02199,PAY_A8E33E68,SET_4181231F,BNK_E9B858F2,CLEAN,MATCHED,1108898,1108898
CASE_02200,PAY_8A3C1FF0,SET_8CB2A3A0,BNK_7AA90BC7,CLEAN,MATCHED,946425,946425
CASE_02201,PAY_DF340687,SET_CAAB39A7,BNK_2751CDC4,REFERENCE_TYPO,MATCHED,1326147,1326147
CASE_02202,PAY_4F6AA46B,SET_A0838561,BNK_A827EBE1,CHARGEBACK,MATCHED,-8580,-8580
CASE_02203,PAY_A57BF238,SET_C5F5CFFD,BNK_35387F23,CLEAN,MATCHED,1753127,1753127
CASE_02204,PAY_3E85D300,SET_98802078,BNK_C0341B26,ONE_TO_MANY,MATCHED,1713290,1713290
CASE_02205,PAY_553F9C1F,SET_BF0EDE1A,BNK_F751223D,CLEAN,MATCHED,1389808,1389808
CASE_02206,PAY_00CECCDD,SET_33E7C419,BNK_1E79E579,CLEAN,MATCHED,462033,462033
CASE_02207,PAY_E2FCE762,SET_456E1D5D,BNK_9E2C66A8,CLEAN,MATCHED,1919993,1919993
CASE_02208,PAY_E9DF1ECD,SET_9A3D0061,BNK_1A99606D,CLEAN,MATCHED,918109,918109
CASE_02209,PAY_C1F64591,SET_4224995E,BNK_BBC85E10,TAX_VARIANCE,EXCEPTION,1115830,1115880
CASE_02210,PAY_EBE88470,SET_24F4E85D,BNK_9E798C95,CLEAN,MATCHED,602244,602244
CASE_02211,PAY_33339265,SET_E97F3655,BNK_88B4E639,FEE_VARIANCE,EXCEPTION,1688001,1687901
CASE_02212,PAY_1CA5950B,SET_74D9DDC9,BNK_DB91DC5C,CHARGEBACK,MATCHED,-32053,-32053
CASE_02213,PAY_EFF3F01C,SET_FF909AE1,BNK_3168C828,CHARGEBACK,MATCHED,-32103,-32103
CASE_02214,PAY_01F1E664,SET_D24D7089,BNK_C7C6CA35,CHARGEBACK,MATCHED,-18823,-18823
CASE_02215,PAY_95A62C81,SET_B693E457,BNK_C5E13B1A,CLEAN,MATCHED,1711630,1711630
CASE_02216,PAY_732B8237,SET_5DD98A51,BNK_F197B7BA,CLEAN,MATCHED,413896,413896
CASE_02217,PAY_5075C92F,SET_19B14EA3,BNK_D8E66459,CLEAN,MATCHED,56827,56827
CASE_02218,PAY_8717C763,SET_DB73C8AD,BNK_C8B99B07,CLEAN,MATCHED,362635,362635
CASE_02219,PAY_7153BC7C,SET_B153848E,BNK_64029977,REFERENCE_TYPO,MATCHED,147437,147437
CASE_02220,PAY_83FE6DA6,SET_D58A7B82,BNK_50F4C152,HIGH_VALUE_ANOMALY,REVIEW,58584000,58584000
CASE_02221,PAY_01F2AA96,SET_EE4BF218,BNK_557D0348,TIMING_DIFFERENCE,MATCHED,1008719,1008719
CASE_02222,PAY_7914C9E2,SET_633A51D9,BNK_1C317FE2,FEE_VARIANCE,EXCEPTION,1262876,1262776
CASE_02223,PAY_C8020C97,SET_9B262552,BNK_329AD304,CLEAN,MATCHED,682406,682406
CASE_02224,PAY_84419C94,SET_E8ADAD2A,BNK_7D7BAA30,CLEAN,MATCHED,1651581,1651581
CASE_02225,PAY_71FB3C70,SET_67A0F84E,BNK_6F8ADF1D,CLEAN,MATCHED,1933077,1933077
CASE_02226,PAY_39BF8A80,SET_54368C2F,BNK_4E5EB6B6,CLEAN,MATCHED,25875,25875
CASE_02227,PAY_8C9A0E2A,SET_EAB2388D,BNK_FAF378E9,CLEAN,MATCHED,1353193,1353193
CASE_02228,PAY_E96B0439,SET_F9EE6525,BNK_5EEEBBBF,AMBIGUOUS,REVIEW,807874,807874
CASE_02229,PAY_BDEF21A1,,,MISSING_SETTLEMENT,EXCEPTION,905611,905611
CASE_02230,PAY_FB71F6FC,SET_0A6BD0B8,BNK_8E347C62,CLEAN,MATCHED,1168458,1168458
CASE_02231,PAY_A3030CE3,,,MISSING_SETTLEMENT,EXCEPTION,1748733,1748733
CASE_02232,PAY_D94951D1,SET_5F54AD5A,BNK_0FA2ECD7,CLEAN,MATCHED,150659,150659
CASE_02233,PAY_82666D7D,SET_F14D8AFD,BNK_4452B81F,ONE_TO_MANY,MATCHED,1410898,1410898
CASE_02234,PAY_1F36E0B6,SET_EAD82889,BNK_9632B78F,UNEXPLAINED_DELTA,EXCEPTION,363124,361224
CASE_02235,PAY_17C22E27,SET_D4AE5E15,BNK_E1ACF70B,REFERENCE_TYPO,MATCHED,938809,938809
CASE_02236,PAY_E171F488,SET_E870A765,BNK_5EEDA915,UNEXPLAINED_DELTA,EXCEPTION,350919,317419
CASE_02237,PAY_A0828888,SET_1FC9C597,BNK_B5D3FE5B,FEE_VARIANCE,EXCEPTION,950233,950133
CASE_02238,PAY_2636F1CF,SET_E82B4F7D,BNK_EA501468,UNEXPLAINED_DELTA,EXCEPTION,581251,577751
CASE_02239,PAY_B437330C,SET_C3DE6E08,BNK_3817B786,CLEAN,MATCHED,18357,18357
CASE_02240,PAY_9C9F79EB,SET_563C15CC,BNK_0730D505,CLEAN,MATCHED,411553,411553
CASE_02241,PAY_EFA1B484,SET_E17F15B3,BNK_DEDBC4DD,CLEAN,MATCHED,1245692,1245692
CASE_02242,PAY_A2A67EB4,SET_166C6659,BNK_DFD916E1,CLEAN,MATCHED,1768749,1768749
CASE_02243,PAY_9027B4CB,SET_945F0EC5,BNK_6B5F19B9,CLEAN,MATCHED,377477,377477
CASE_02244,PAY_68123C8D,SET_648906E0,BNK_0432F529,REFUND,MATCHED,82704,82704
CASE_02245,PAY_81B063E2,SET_FD5E1873,BNK_B3FAAA65,UNEXPLAINED_DELTA,EXCEPTION,1245399,1221899
CASE_02246,PAY_D2414B14,SET_DD1ADC55,BNK_2748571A,UNEXPLAINED_DELTA,EXCEPTION,1132820,1109220
CASE_02247,PAY_D9F34B45,SET_0D953EA5,BNK_841BCF06,CLEAN,MATCHED,622455,622455
CASE_02248,PAY_745DF34E,SET_FB3D5594,BNK_F8469BD7,REFUND,MATCHED,786251,786251
CASE_02249,PAY_DFC3C5F8,SET_6E1226C6,BNK_D84A703F,UNEXPLAINED_DELTA,EXCEPTION,311179,294879
CASE_02250,PAY_820F0F97,SET_CE460085,BNK_061B0E84,UNEXPLAINED_DELTA,EXCEPTION,717850,674050
CASE_02251,PAY_717F7F73,SET_B5273740,BNK_6518FA1A,ONE_TO_MANY,MATCHED,965367,965367
CASE_02252,PAY_C443679A,SET_0A0F6112,BNK_302175D0,CLEAN,MATCHED,177510,177510
CASE_02253,PAY_935F4263,SET_00090023,BNK_D2AB7CF2,CLEAN,MATCHED,1264438,1264438
CASE_02254,PAY_15E3340F,SET_CE39F1B3,BNK_DE35707D,OTHER,MATCHED,1190427,1190427
CASE_02255,PAY_68608C38,SET_A100FEF1,BNK_733E5C94,CLEAN,MATCHED,579982,579982
CASE_02256,PAY_E64E75B0,SET_715582C4,BNK_A88AE4CA,CLEAN,MATCHED,1004716,1004716
CASE_02257,PAY_A7BA31CD,,,MISSING_SETTLEMENT,EXCEPTION,1592021,1592021
CASE_02258,PAY_35B6DAD3,SET_1FBF409B,BNK_95C88621,CHARGEBACK,MATCHED,-33611,-33611
CASE_02259,PAY_788940C4,SET_4CF3CCCC,BNK_A251C332,CLEAN,MATCHED,972788,972788
CASE_02260,PAY_E5D80FF2,SET_1003C3C8,BNK_BD167C07,DUPLICATE,REVIEW,783073,783073
CASE_02261,PAY_4A0FEC74,SET_4025D800,BNK_13BE6C1D,FEE_VARIANCE,EXCEPTION,363319,363219
CASE_02262,PAY_FC31525E,SET_1D02EBE2,BNK_2587FDAA,DUPLICATE,REVIEW,172823,172823
CASE_02263,PAY_26253ACF,SET_A547794E,BNK_9DE865CE,REFUND,MATCHED,331908,331908
CASE_02264,PAY_F84978A4,SET_44582820,BNK_B0C50CCF,CLEAN,MATCHED,1904078,1904078
CASE_02265,PAY_E18E80D8,SET_20543774,BNK_488D9919,CLEAN,MATCHED,1480711,1480711
CASE_02266,PAY_86410A6D,SET_FACFB4D5,BNK_6BA6A384,AMBIGUOUS,REVIEW,777996,777996
CASE_02267,PAY_3812AD95,SET_1AEA3402,BNK_087D4663,FEE_VARIANCE,EXCEPTION,533213,533113
CASE_02268,PAY_5F4A49D0,,,MISSING_SETTLEMENT,EXCEPTION,117461,117461
CASE_02269,PAY_A9DDA1F4,SET_B842C4FE,BNK_FEAC4AA1,UNEXPLAINED_DELTA,EXCEPTION,501577,495677
CASE_02270,PAY_BB2B3FE6,SET_5CDD5D3C,BNK_19AC7C10,REFUND,MATCHED,911640,911640
CASE_02271,PAY_08F24DB9,SET_9A3C4E34,BNK_B10780F9,CLEAN,MATCHED,465646,465646
CASE_02272,PAY_DA226EA4,SET_2044201B,BNK_DF4CF4A1,UNEXPLAINED_DELTA,EXCEPTION,1677749,1646049
CASE_02273,PAY_B36FDEE9,SET_8EC150AF,BNK_0275031C,CLEAN,MATCHED,720584,720584
CASE_02274,PAY_4E0D918E,SET_FA304FB9,BNK_BBA2FE59,OTHER,MATCHED,1144146,1144146
CASE_02275,PAY_782DCFB0,SET_A2555E93,BNK_FCF33228,CLEAN,MATCHED,143141,143141
CASE_02276,PAY_5C715D0A,SET_40854795,BNK_C27BA693,TIMING_DIFFERENCE,MATCHED,1059492,1059492
CASE_02277,PAY_B4C33FFA,SET_6D1AD6E6,BNK_424914FF,CLEAN,MATCHED,10643,10643
CASE_02278,PAY_AD184435,SET_A3AA2411,BNK_51E1AA28,CHARGEBACK,MATCHED,-34507,-34507
CASE_02279,PAY_04F4448D,SET_621CDAC8,BNK_69CDABF9,REFERENCE_TYPO,MATCHED,804847,804847
CASE_02280,PAY_90689B36,SET_151D0398,BNK_B87BAA14,CLEAN,MATCHED,639347,639347
CASE_02281,PAY_7EDFC70F,SET_1325EFC7,BNK_D3F313F0,OTHER,MATCHED,1652167,1652167
CASE_02282,PAY_7FDBB81B,SET_FD9E4602,BNK_4E6100E9,TAX_VARIANCE,EXCEPTION,1217669,1217719
CASE_02283,PAY_775B18AD,SET_D6B99CAD,BNK_39FD4E23,CLEAN,MATCHED,736304,736304
CASE_02284,PAY_D54F27EB,SET_EAA28A4C,BNK_F8F44FCF,CLEAN,MATCHED,694514,694514
CASE_02285,PAY_C91F8D27,SET_A7D71AB8,BNK_B66E4787,FEE_VARIANCE,EXCEPTION,1578937,1578837
CASE_02286,PAY_195D37F2,SET_77A368BA,BNK_600BCD2F,REFERENCE_TYPO,MATCHED,470332,470332
CASE_02287,PAY_0A462AC3,SET_2EF6920A,BNK_4F3D7A61,CLEAN,MATCHED,882861,882861
CASE_02288,PAY_0106BFF2,SET_B30BC2BD,BNK_942DA0EF,FEE_VARIANCE,EXCEPTION,379234,379134
CASE_02289,PAY_3C90AB93,SET_DD075B3C,BNK_06004D9F,CLEAN,MATCHED,720681,720681
CASE_02290,PAY_B7977543,SET_6A1F0029,BNK_DF517685,DUPLICATE,REVIEW,670006,670006
CASE_02291,PAY_4C575C20,SET_C54288FC,BNK_02AA0753,AMBIGUOUS,REVIEW,188641,188641
CASE_02292,PAY_9A2B66E1,SET_83387A3A,BNK_F3BBB6E6,CLEAN,MATCHED,1742093,1742093
CASE_02293,PAY_6E4BAF50,SET_7B670D91,BNK_EA86CD71,AMBIGUOUS,REVIEW,429812,429812
CASE_02294,PAY_7AA5EBDC,SET_6469FA98,BNK_BF8705CA,CLEAN,MATCHED,574417,574417
CASE_02295,PAY_08F4CBDC,SET_F50307CE,BNK_3598A057,FEE_VARIANCE,EXCEPTION,1113389,1113289
CASE_02296,PAY_7EFC649A,SET_9E364494,BNK_77719A5D,CLEAN,MATCHED,795181,795181
CASE_02297,PAY_6F8C4EE0,SET_BD73D145,BNK_7CB43499,CLEAN,MATCHED,1200484,1200484
CASE_02298,PAY_FBA6F167,SET_E4BFF906,BNK_6D89C1BB,UNEXPLAINED_DELTA,EXCEPTION,141383,136883
CASE_02299,PAY_351FE4C9,SET_2B06CB21,BNK_8B070D0B,DUPLICATE,REVIEW,1205171,1205171
CASE_02300,PAY_7363C02E,SET_46E0D6C5,BNK_DB588C12,DUPLICATE,REVIEW,1856918,1856918
CASE_02301,PAY_C1F89C44,SET_A7D10BC5,BNK_36ED62F1,CLEAN,MATCHED,1382973,1382973
CASE_02302,PAY_352FF159,SET_5706BB1B,BNK_83F820F6,HIGH_VALUE_ANOMALY,REVIEW,29292000,29292000
CASE_02303,PAY_F72FCACE,SET_D7CFF462,BNK_09426A80,CLEAN,MATCHED,1395764,1395764
CASE_02304,PAY_582816E9,SET_F6C4B0B1,BNK_AD2EB70C,CLEAN,MATCHED,751536,751536
CASE_02305,PAY_620B127C,SET_5F4DBE84,BNK_CF84D19E,CLEAN,MATCHED,1842858,1842858
CASE_02306,PAY_61684D00,SET_5D7CF187,BNK_D137F6DE,CLEAN,MATCHED,581056,581056
CASE_02307,PAY_C765A552,SET_EFEE94CE,BNK_DDFBBDD5,UNEXPLAINED_DELTA,EXCEPTION,1496626,1491726
CASE_02308,PAY_5A03F23A,SET_6604E76A,BNK_4920B92F,UNEXPLAINED_DELTA,EXCEPTION,1762305,1745405
CASE_02309,PAY_AAA6ECA7,SET_13F765DE,BNK_D173374A,FEE_VARIANCE,EXCEPTION,1853012,1852912
CASE_02310,PAY_FA6F714F,SET_6513FE8F,BNK_B68B0C2B,TIMING_DIFFERENCE,MATCHED,128592,128592
CASE_02311,PAY_3AEFFE35,SET_FBEE940A,BNK_68D8AB74,CHARGEBACK,MATCHED,-44049,-44049
CASE_02312,PAY_580CCF84,SET_303C6D5E,BNK_5E38D5FB,ONE_TO_MANY,MATCHED,987629,987629
CASE_02313,PAY_AD17559C,SET_B0081727,BNK_386D4471,REFUND,MATCHED,823220,823220
CASE_02314,PAY_8892B840,SET_90E88836,BNK_5864045E,CLEAN,MATCHED,921234,921234
CASE_02315,PAY_97C9EB5E,SET_ED1A78C5,BNK_70D5E861,ONE_TO_MANY,MATCHED,595409,595409
CASE_02316,PAY_D1736E1A,SET_5AD52432,BNK_204EF307,FEE_VARIANCE,EXCEPTION,772333,772233
CASE_02317,PAY_7E3E21C8,SET_D0000A61,BNK_129D23A1,TAX_VARIANCE,EXCEPTION,449340,449390
CASE_02318,PAY_0654D830,SET_A15204D1,BNK_F2D3FE91,CLEAN,MATCHED,1586260,1586260
CASE_02319,PAY_3E117559,,,MISSING_SETTLEMENT,EXCEPTION,1297050,1297050
CASE_02320,PAY_6A51CFC7,SET_0887F737,BNK_957DEEBF,CLEAN,MATCHED,1441167,1441167
CASE_02321,PAY_0B52BE23,SET_530F7C95,BNK_3BA19DDD,CLEAN,MATCHED,763448,763448
CASE_02322,PAY_EB3E1A71,SET_65D28C3C,BNK_EB528318,CLEAN,MATCHED,212075,212075
CASE_02323,PAY_57269357,,,MISSING_SETTLEMENT,EXCEPTION,350235,350235
CASE_02324,PAY_E5893BA2,SET_8F4740B1,BNK_156021AF,OTHER,MATCHED,801625,801625
CASE_02325,PAY_1D09A17C,SET_716164FC,BNK_1AC8FE76,ONE_TO_MANY,MATCHED,805628,805628
CASE_02326,PAY_855FC837,SET_67B55325,BNK_6376B6D3,CLEAN,MATCHED,1529726,1529726
CASE_02327,PAY_B5B95571,SET_2D83DC2E,BNK_06C6BD47,FEE_VARIANCE,EXCEPTION,247030,246930
CASE_02328,PAY_B969ACA6,,,MISSING_SETTLEMENT,EXCEPTION,1378970,1378970
CASE_02329,PAY_28B6A96D,SET_141240C0,BNK_74C7103F,REFUND,MATCHED,839751,839751
CASE_02330,PAY_292CE48D,SET_97685325,BNK_08EAE773,DUPLICATE,REVIEW,1163674,1163674
CASE_02331,PAY_48854BA9,SET_AFB986C9,BNK_08E8839B,ONE_TO_MANY,MATCHED,1731841,1731841
CASE_02332,PAY_99DC675B,SET_993052A9,BNK_6142A297,CLEAN,MATCHED,334320,334320
CASE_02333,PAY_2C2DAD7A,SET_69EBC652,BNK_71CEBE4C,CLEAN,MATCHED,1588115,1588115
CASE_02334,PAY_D4DCD8E0,SET_CEF375BA,BNK_BE33FFE5,REFUND,MATCHED,495838,495838
CASE_02335,PAY_70AB1ACE,SET_D70E1FFB,BNK_72F38795,DUPLICATE,REVIEW,788736,788736
CASE_02336,PAY_2034805D,SET_5D957CC7,BNK_335B4CE4,UNEXPLAINED_DELTA,EXCEPTION,575491,536891
CASE_02337,PAY_BD34C588,SET_8455F625,BNK_B4A3858C,REFUND,MATCHED,170504,170504
CASE_02338,PAY_4C3117BC,SET_61257FA9,BNK_AAF8F4DA,CLEAN,MATCHED,342522,342522
CASE_02339,PAY_5D3942FB,SET_09703AC2,BNK_9F15AA20,CHARGEBACK,MATCHED,-33325,-33325
CASE_02340,PAY_B9FEF76F,,,MISSING_SETTLEMENT,EXCEPTION,82213,82213
CASE_02341,PAY_BCC236BB,SET_2996E6D4,BNK_F3414A4E,CLEAN,MATCHED,1698839,1698839
CASE_02342,PAY_FA18B731,SET_0155B8CD,BNK_B28DF13F,CLEAN,MATCHED,247420,247420
CASE_02343,PAY_46A5431B,SET_661B0627,BNK_31D25328,CLEAN,MATCHED,1019069,1019069
CASE_02344,PAY_D69D35DC,SET_AC0DA50B,BNK_5F15A4DB,CLEAN,MATCHED,334710,334710
CASE_02345,PAY_E0E4FEFD,,,MISSING_SETTLEMENT,EXCEPTION,1327123,1327123
CASE_02346,PAY_0749A5C6,SET_9B6D07FD,BNK_E995B3E8,CLEAN,MATCHED,1931710,1931710
CASE_02347,PAY_2E613F4C,SET_338051E2,BNK_8C2EF5C8,CLEAN,MATCHED,457834,457834
CASE_02348,PAY_D847FB20,SET_BBB4D2A6,BNK_751514A5,ONE_TO_MANY,MATCHED,977670,977670
CASE_02349,PAY_E9C75A03,SET_2161D33B,BNK_241AA904,REFUND,MATCHED,915689,915689
CASE_02350,PAY_01431BC5,SET_7249E0ED,BNK_29AC427C,TAX_VARIANCE,EXCEPTION,483416,483466
CASE_02351,PAY_4FEE624C,SET_B18636F1,BNK_8A1A141B,TAX_VARIANCE,EXCEPTION,846344,846394
CASE_02352,PAY_E4D05EA7,SET_D79C9FDB,BNK_E11A54FD,CLEAN,MATCHED,35249,35249
CASE_02353,PAY_F0759356,SET_E6DC4639,BNK_6C027383,UNEXPLAINED_DELTA,EXCEPTION,1602078,1600978
CASE_02354,PAY_9FEF6A03,SET_40F16CC4,BNK_135429B3,CLEAN,MATCHED,311277,311277
CASE_02355,PAY_45DBA57E,SET_230BB29E,BNK_5F1AD5A3,CLEAN,MATCHED,1550914,1550914
CASE_02356,PAY_799C8111,SET_FF33F399,BNK_870213E0,CLEAN,MATCHED,33882,33882
CASE_02357,PAY_26D48F7C,SET_84A98C12,BNK_0090B1C7,DUPLICATE,REVIEW,61709,61709
CASE_02358,PAY_C664C1B2,SET_46326A52,BNK_0515B38A,TIMING_DIFFERENCE,MATCHED,89243,89243
CASE_02359,PAY_36514C43,SET_13F1A58C,BNK_A593FD02,CLEAN,MATCHED,1009891,1009891
CASE_02360,PAY_51F1933E,SET_6CD6BB79,BNK_34861F2A,CLEAN,MATCHED,923675,923675
CASE_02361,PAY_B60BEFE7,SET_33DB8D79,BNK_8ECC66DB,CLEAN,MATCHED,1574055,1574055
CASE_02362,PAY_93DF3A1E,SET_0F7A5B61,BNK_D6521A35,TAX_VARIANCE,EXCEPTION,729664,729714
CASE_02363,PAY_0E653E4F,SET_FEAD98F1,BNK_055DC3A8,CLEAN,MATCHED,1535780,1535780
CASE_02364,PAY_573EF80C,SET_6DF1700B,BNK_EF838C59,CLEAN,MATCHED,1270785,1270785
CASE_02365,PAY_804765A9,SET_50DB8B8C,BNK_2CCDB0B4,CLEAN,MATCHED,348087,348087
CASE_02366,PAY_BE344852,SET_8922B9AE,BNK_F5639F24,FEE_VARIANCE,EXCEPTION,1766406,1766306
CASE_02367,PAY_19A55711,SET_C5FF4F5C,BNK_2B5CA90B,CLEAN,MATCHED,1081852,1081852
CASE_02368,,SET_5F4A5603,BNK_54333E4A,MISSING_PAYMENT,EXCEPTION,1690637,1690637
CASE_02369,PAY_EDB8BFB3,SET_8907018A,BNK_754CD996,CLEAN,MATCHED,987531,987531
CASE_02370,PAY_0596C6DE,SET_5A4DB023,BNK_6A54BAC9,CLEAN,MATCHED,49699,49699
CASE_02371,PAY_B9ACAABD,SET_E89A5FD0,BNK_F71AFC79,CLEAN,MATCHED,777605,777605
CASE_02372,PAY_47D8C494,SET_891AECE2,BNK_11064F65,CLEAN,MATCHED,1842272,1842272
CASE_02373,PAY_63D325C9,SET_A9898F3A,BNK_34408A5D,AMBIGUOUS,REVIEW,430007,430007
CASE_02374,PAY_F6775155,SET_23CDC9FF,BNK_5770D96B,ONE_TO_MANY,MATCHED,1438238,1438238
CASE_02375,PAY_2C07D771,SET_6C1FA7E3,BNK_3D4EAC06,AMBIGUOUS,REVIEW,1134577,1134577
CASE_02376,PAY_347BF3D8,SET_AC43A3ED,BNK_D47F4205,CLEAN,MATCHED,1219719,1219719
CASE_02377,PAY_FC37F886,SET_D904DE98,BNK_23CD37C0,TAX_VARIANCE,EXCEPTION,1483933,1483983
CASE_02378,PAY_1CCF14DD,SET_9F1A1CAC,BNK_DECAC539,CHARGEBACK,MATCHED,-21450,-21450
CASE_02379,PAY_068A8E32,SET_52E47D02,BNK_31C62AA1,CLEAN,MATCHED,161790,161790
CASE_02380,PAY_8009E0A0,SET_7006B92C,BNK_882FFD6C,CLEAN,MATCHED,869387,869387
CASE_02381,PAY_7C175F30,SET_94BA1D07,BNK_23CFB4D9,AMBIGUOUS,REVIEW,182490,182490
CASE_02382,PAY_A83F4DFF,SET_5871E653,BNK_8D8F33F7,HIGH_VALUE_ANOMALY,REVIEW,14646000,14646000
CASE_02383,PAY_8B806784,SET_B072F263,BNK_DAD44222,REFUND,MATCHED,135346,135346
CASE_02384,PAY_A55938E0,SET_9A4466CA,BNK_CBD757F2,CLEAN,MATCHED,1077556,1077556
CASE_02385,PAY_C0EA9270,SET_003B4D70,BNK_8A039B54,CLEAN,MATCHED,323970,323970
CASE_02386,PAY_7457D500,SET_CB62B8C0,BNK_016D63FC,ONE_TO_MANY,MATCHED,1455911,1455911
CASE_02387,PAY_508B04AE,SET_53A129BA,BNK_8F07ED6E,UNEXPLAINED_DELTA,EXCEPTION,804261,780461
CASE_02388,PAY_F315D2FE,SET_96045DBB,BNK_80AF69DC,CLEAN,MATCHED,268999,268999
CASE_02389,PAY_CDEDC232,SET_8C60ADFE,BNK_A2EDB2A4,TIMING_DIFFERENCE,MATCHED,1162991,1162991
CASE_02390,PAY_14012DEC,SET_E775664C,BNK_57DD6A9E,REFERENCE_TYPO,MATCHED,1246375,1246375
CASE_02391,,SET_A162A22E,BNK_13202C87,MISSING_PAYMENT,EXCEPTION,1265122,1265122
CASE_02392,PAY_4207BADB,SET_1AFAF0FE,BNK_E9A54C08,CLEAN,MATCHED,1776853,1776853
CASE_02393,PAY_19270017,SET_63E0635E,BNK_F058DA8A,CLEAN,MATCHED,247323,247323
CASE_02394,PAY_62C85E5A,SET_1E29CB87,BNK_00F345D9,REFERENCE_TYPO,MATCHED,56632,56632
CASE_02395,PAY_59A3CC39,SET_2BCFC9A6,BNK_299BAA27,CLEAN,MATCHED,1020534,1020534
CASE_02396,PAY_DDA9B57F,SET_3223BB75,BNK_BBFA8051,FEE_VARIANCE,EXCEPTION,1285333,1285233
CASE_02397,PAY_DF162D73,SET_4915E373,BNK_DACED78C,TAX_VARIANCE,EXCEPTION,1118760,1118810
CASE_02398,PAY_8A69B0E0,SET_A45A77CE,BNK_C6A2221D,CLEAN,MATCHED,312058,312058
CASE_02399,PAY_89A7F6BF,SET_43AC19D2,BNK_ED5CE680,UNEXPLAINED_DELTA,EXCEPTION,369080,361080
CASE_02400,PAY_1585D327,SET_27463236,BNK_BEFDD423,REFERENCE_TYPO,MATCHED,1598270,1598270
CASE_02401,PAY_AA742B90,SET_E8DB043A,BNK_9E6B596B,FEE_VARIANCE,EXCEPTION,229552,229452
CASE_02402,PAY_27F31C63,,,MISSING_SETTLEMENT,EXCEPTION,1648261,1648261
CASE_02403,PAY_2DB731C0,SET_25182EC9,BNK_9C8779FE,REFUND,MATCHED,255208,255208
CASE_02404,PAY_11785655,SET_C90C6E8C,BNK_9094BE06,OTHER,MATCHED,219788,219788
CASE_02405,PAY_9F8DE05A,SET_E6CA6A05,BNK_85DF3433,TIMING_DIFFERENCE,MATCHED,18650,18650
CASE_02406,PAY_E460D040,SET_89EAC630,BNK_EA8BE309,CLEAN,MATCHED,1566244,1566244
CASE_02407,PAY_94ED6A14,SET_D930E66F,BNK_01141DE4,REFUND,MATCHED,463299,463299
CASE_02408,PAY_0C2BDD5E,SET_72D06A64,BNK_1913F95D,CLEAN,MATCHED,1792573,1792573
CASE_02409,PAY_90F66F21,SET_386A36AD,BNK_0200A490,TIMING_DIFFERENCE,MATCHED,484197,484197
CASE_02410,PAY_060EFFA8,SET_A53FDC39,BNK_F8B26254,TIMING_DIFFERENCE,MATCHED,191375,191375
CASE_02411,PAY_4FA90E82,SET_5D4DD06A,BNK_CDB18F59,DUPLICATE,REVIEW,152514,152514
CASE_02412,PAY_E5A9A458,SET_85CEA922,BNK_7C8795F8,CLEAN,MATCHED,1901442,1901442
CASE_02413,PAY_DF1673A0,,,MISSING_SETTLEMENT,EXCEPTION,1166994,1166994
CASE_02414,PAY_68429937,SET_F60580F1,BNK_28BD81B4,CLEAN,MATCHED,72742,72742
CASE_02415,PAY_7F655349,SET_F3DDB09E,BNK_04964F63,CLEAN,MATCHED,974643,974643
CASE_02416,PAY_1B42C0B8,SET_5E692A7F,BNK_9E0248DE,FEE_VARIANCE,EXCEPTION,1330638,1330538
CASE_02417,PAY_D8950EF4,SET_B4F45DA0,BNK_6F4266AB,DUPLICATE,REVIEW,1203511,1203511
CASE_02418,,SET_36EBA017,BNK_39DD208E,MISSING_PAYMENT,EXCEPTION,1099329,1099329
CASE_02419,PAY_C8B5B295,SET_C6A016ED,BNK_827157A5,OTHER,MATCHED,943008,943008
CASE_02420,PAY_DC1E1CF1,SET_318DEE04,BNK_F1CF176C,CLEAN,MATCHED,132596,132596
CASE_02421,PAY_9E598EBA,SET_7F65C024,BNK_7C8C6DD7,DUPLICATE,REVIEW,1473681,1473681
CASE_02422,PAY_8C0C127B,SET_23780310,BNK_BC6C37D1,CLEAN,MATCHED,1344601,1344601
CASE_02423,PAY_37BF1A88,SET_70B3E1EB,BNK_E7C42528,REFUND,MATCHED,826316,826316
CASE_02424,PAY_486844F4,SET_BF8AD9F0,BNK_714E09FC,TAX_VARIANCE,EXCEPTION,21872,21922
CASE_02425,PAY_FA01AF74,SET_F50132B4,BNK_788FE97F,FEE_VARIANCE,EXCEPTION,429812,429712
CASE_02426,PAY_096A0E70,SET_250DBECE,BNK_D1B1A583,CLEAN,MATCHED,761788,761788
CASE_02427,PAY_40F4C26E,SET_4C237BEA,BNK_1B5852CE,CLEAN,MATCHED,1685365,1685365
CASE_02428,PAY_73B62D26,SET_6F94A6C6,BNK_178F6B78,UNEXPLAINED_DELTA,EXCEPTION,715897,666997
CASE_02429,,SET_1F6E9948,BNK_AB166A5B,MISSING_PAYMENT,EXCEPTION,587500,587500
CASE_02430,PAY_06A78C95,SET_54CDD212,BNK_1266FFEA,CLEAN,MATCHED,1556773,1556773
CASE_02431,PAY_A705D3DD,SET_0F591660,BNK_291AE1DA,ONE_TO_MANY,MATCHED,1604519,1604519
CASE_02432,PAY_1F0A3140,SET_20667B55,BNK_0E2D4845,CHARGEBACK,MATCHED,-38423,-38423
CASE_02433,PAY_BB572FE0,SET_C8BE1FDC,BNK_B36E99B9,CHARGEBACK,MATCHED,-43782,-43782
CASE_02434,,SET_3F510F33,BNK_5AB85B12,MISSING_PAYMENT,EXCEPTION,963121,963121
CASE_02435,PAY_64F039B8,SET_9252CA2C,BNK_27754622,CLEAN,MATCHED,1132136,1132136
CASE_02436,PAY_F9D1039A,SET_5C445E37,BNK_3342E566,OTHER,MATCHED,1635373,1635373
CASE_02437,PAY_A5A9EAAA,SET_35E71437,BNK_24F860A1,REFERENCE_TYPO,MATCHED,867532,867532
CASE_02438,PAY_F572E718,SET_C21D94F8,BNK_78B0D0FD,OTHER,MATCHED,778777,778777
CASE_02439,PAY_6F8ECF83,SET_B8C50F63,BNK_75932949,CLEAN,MATCHED,1418807,1418807
CASE_02440,PAY_23DD8FB9,SET_9102ED0C,BNK_78D0FF01,HIGH_VALUE_ANOMALY,REVIEW,14646000,14646000
CASE_02441,PAY_756EB259,SET_36A0683A,BNK_6040D7EB,CLEAN,MATCHED,1945673,1945673
CASE_02442,PAY_D9FBA47A,SET_5C6EAFF6,BNK_23420DDC,CLEAN,MATCHED,762862,762862
CASE_02443,PAY_FCEF5CE5,SET_25131CD1,BNK_31F7E77A,HIGH_VALUE_ANOMALY,REVIEW,58584000,58584000
CASE_02444,PAY_44E14B15,SET_D6433A98,BNK_5577F1D0,AMBIGUOUS,REVIEW,1082926,1082926
CASE_02445,PAY_00DBBAEB,SET_A2F7943D,BNK_34C10459,CHARGEBACK,MATCHED,-10414,-10414
CASE_02446,PAY_37B7295D,SET_3A7BD717,BNK_11A50D29,CLEAN,MATCHED,1317164,1317164
CASE_02447,PAY_775E9918,SET_4D64B881,BNK_31D2FC62,DUPLICATE,REVIEW,581544,581544
CASE_02448,PAY_1421E2E8,SET_180ED860,BNK_2E939E64,CLEAN,MATCHED,1444194,1444194
CASE_02449,PAY_5CEA54E5,SET_0FAAADC6,BNK_3DB99DC6,REFUND,MATCHED,496647,496647
CASE_02450,PAY_2DD0288A,SET_D8ACA49D,BNK_FF598EDE,UNEXPLAINED_DELTA,EXCEPTION,1370280,1321480
CASE_02451,PAY_1CCB860B,SET_05959008,BNK_468AF1AF,REFUND,MATCHED,570632,570632
CASE_02452,PAY_49859C30,SET_EB082E60,BNK_5AE17CE9,CHARGEBACK,MATCHED,-28180,-28180
CASE_02453,PAY_AEA836BC,,,MISSING_SETTLEMENT,EXCEPTION,213051,213051
CASE_02454,PAY_008D060B,SET_6B8BFEA9,BNK_E7B6FB13,CLEAN,MATCHED,972104,972104
CASE_02455,PAY_649917E1,SET_AED8323B,BNK_6808B3A6,CLEAN,MATCHED,1427204,1427204
CASE_02456,PAY_B931C343,SET_A48F26EB,BNK_57681559,AMBIGUOUS,REVIEW,1103040,1103040
CASE_02457,PAY_B33CF9B0,SET_B36A9DD5,BNK_3ED134EA,CHARGEBACK,MATCHED,-7198,-7198
CASE_02458,PAY_CA8C627A,SET_482EB20F,BNK_E61886F6,CLEAN,MATCHED,1361102,1361102
CASE_02459,PAY_E6CA0FD1,SET_FB9F26C9,BNK_759EF995,CLEAN,MATCHED,853960,853960
CASE_02460,PAY_77305B48,SET_FDAD9A4A,BNK_C1A93126,TAX_VARIANCE,EXCEPTION,991339,991389
CASE_02461,PAY_03D29EE6,SET_DDC37CB6,BNK_E2C70ABA,AMBIGUOUS,REVIEW,365272,365272
CASE_02462,PAY_F1AA1919,SET_FFB2F4A0,BNK_193F490B,CLEAN,MATCHED,958044,958044
CASE_02463,PAY_F4B55240,SET_A2B2882D,BNK_C59BE5C6,REFUND,MATCHED,591451,591451
CASE_02464,PAY_ACF6AC5F,SET_8D87D345,BNK_956EE43F,REFERENCE_TYPO,MATCHED,1059492,1059492
CASE_02465,PAY_896FD343,SET_3E86C20A,BNK_7CCD6B8C,UNEXPLAINED_DELTA,EXCEPTION,905416,876316
CASE_02466,PAY_D5D71112,SET_1DF8422C,BNK_1D03677F,CLEAN,MATCHED,906783,906783
CASE_02467,PAY_DA77F167,,,MISSING_SETTLEMENT,EXCEPTION,1672085,1672085
CASE_02468,PAY_4C5EEAE1,SET_C611B18A,BNK_A13D4782,REFERENCE_TYPO,MATCHED,920746,920746
CASE_02469,PAY_CBF4CF40,SET_FD461F41,BNK_F3FE675A,CHARGEBACK,MATCHED,-10063,-10063
CASE_02470,PAY_CA145FF8,SET_231E8E10,BNK_15962D70,CLEAN,MATCHED,150073,150073
CASE_02471,PAY_A0AEB464,SET_B66D1C63,BNK_B1879BF9,OTHER,MATCHED,656532,656532
CASE_02472,PAY_80CC0575,SET_C094A5C8,BNK_3CB08B87,UNEXPLAINED_DELTA,EXCEPTION,1554527,1540427
CASE_02473,PAY_5B23FEC5,SET_DA8CF068,BNK_0FC86821,CLEAN,MATCHED,1123739,1123739
CASE_02474,PAY_A929B131,,,MISSING_SETTLEMENT,EXCEPTION,269389,269389
CASE_02475,PAY_41ED7074,SET_90FC74AF,BNK_8F884E86,AMBIGUOUS,REVIEW,878565,878565
CASE_02476,PAY_D4DB73BC,SET_CC549B0E,BNK_F734D510,CHARGEBACK,MATCHED,-10818,-10818
CASE_02477,PAY_0249A503,SET_4E3FEE79,BNK_DE66349C,CLEAN,MATCHED,524913,524913
CASE_02478,PAY_A5C4425E,SET_576145F1,BNK_6AE199E6,REFERENCE_TYPO,MATCHED,1636837,1636837
CASE_02479,PAY_996E7A50,SET_183AAFBE,BNK_4A4FF523,CLEAN,MATCHED,711503,711503
CASE_02480,PAY_5E2603CC,SET_D8BEBCCD,BNK_2FAFEACE,CLEAN,MATCHED,1668766,1668766
CASE_02481,PAY_072B0221,SET_1236A7CE,BNK_0F3DE00F,CLEAN,MATCHED,1348507,1348507
CASE_02482,PAY_EA92C58F,SET_D38B7E3F,BNK_88C2A22E,AMBIGUOUS,REVIEW,1192771,1192771
CASE_02483,PAY_C3827619,SET_EB8804C7,BNK_685F51FC,REFERENCE_TYPO,MATCHED,1703135,1703135
CASE_02484,PAY_8502E54F,SET_50D7F153,BNK_D79B7394,CLEAN,MATCHED,508705,508705
CASE_02485,PAY_7701033E,SET_751F83FC,BNK_8ABBC2BD,REFUND,MATCHED,424616,424616
CASE_02486,PAY_971E61F2,SET_65902F4F,BNK_6C31A3A9,UNEXPLAINED_DELTA,EXCEPTION,562016,521416
CASE_02487,PAY_FE76A8E9,SET_FC116ECA,BNK_82683143,FEE_VARIANCE,EXCEPTION,1787105,1787005
CASE_02488,PAY_5FBEC5E5,SET_2613D320,BNK_8B9FA54E,TAX_VARIANCE,EXCEPTION,420536,420586
CASE_02489,PAY_B643F7B3,SET_9E2624F8,BNK_E3F44B67,FEE_VARIANCE,EXCEPTION,625873,625773
CASE_02490,PAY_B88F4087,SET_93E1A102,BNK_B5772E9D,CLEAN,MATCHED,618159,618159
CASE_02491,PAY_5B612DB4,SET_8889EF03,BNK_EBB2846F,UNEXPLAINED_DELTA,EXCEPTION,666882,624282
CASE_02492,PAY_6D54EE02,SET_AC5EBD42,BNK_A9E12D4D,CLEAN,MATCHED,202311,202311
CASE_02493,PAY_D3A5B536,SET_2E65E35D,BNK_C6776362,CLEAN,MATCHED,1035570,1035570
CASE_02494,PAY_F0128AE7,SET_F91F54D9,BNK_B947743A,REFUND,MATCHED,364018,364018
CASE_02495,PAY_769126AD,SET_4CBF9D90,BNK_0FDA86E8,UNEXPLAINED_DELTA,EXCEPTION,1712411,1684311
CASE_02496,PAY_8D83498F,SET_513A7A1F,BNK_41557A94,CLEAN,MATCHED,1181835,1181835
CASE_02497,PAY_ABBE9285,SET_233D7A51,BNK_7ED2F2C7,FEE_VARIANCE,EXCEPTION,720974,720874
CASE_02498,PAY_DAD4386F,SET_9B89BCAE,BNK_10FEC671,CLEAN,MATCHED,1621996,1621996
CASE_02499,PAY_24A48D4A,SET_4AB2D89F,BNK_766BD5C4,CLEAN,MATCHED,971226,971226
CASE_02500,PAY_6D585B57,SET_A35573D4,BNK_F1A0DA4A,CHARGEBACK,MATCHED,-5956,-5956
CASE_02501,PAY_41FDE5BE,SET_C98AEAAD,BNK_3AA950FA,FEE_VARIANCE,EXCEPTION,611617,611517
CASE_02502,PAY_412081CB,SET_748707CA,BNK_E427CBEE,CLEAN,MATCHED,34956,34956
CASE_02503,PAY_052C9D01,,,MISSING_SETTLEMENT,EXCEPTION,808948,808948
CASE_02504,PAY_5563DF76,SET_29103AD5,BNK_BB0181BF,ONE_TO_MANY,MATCHED,466915,466915
CASE_02505,PAY_4BE20638,SET_9C0A9691,BNK_418C30C5,CHARGEBACK,MATCHED,-36438,-36438
CASE_02506,PAY_1BE904ED,SET_351A9176,BNK_1C94490A,CLEAN,MATCHED,1736723,1736723
CASE_02507,PAY_9C1703A9,SET_DDE6E080,BNK_1DB9F998,DUPLICATE,REVIEW,1738188,1738188
CASE_02508,PAY_478F2EB2,SET_1533638F,BNK_7FD5C6C2,CHARGEBACK,MATCHED,-31142,-31142
CASE_02509,PAY_FA994616,SET_D0CD54D5,BNK_997CA92E,ONE_TO_MANY,MATCHED,1010086,1010086
CASE_02510,PAY_F221FFB7,SET_5F070B1A,BNK_CDC2B43D,CLEAN,MATCHED,1926828,1926828
CASE_02511,PAY_8A7AD3EA,SET_B226AA39,BNK_88879F7F,FEE_VARIANCE,EXCEPTION,330414,330314
CASE_02512,PAY_018AEDDC,SET_B8BA8B86,BNK_E7155D48,CLEAN,MATCHED,1220696,1220696
CASE_02513,PAY_E1FA075B,SET_8FD46F53,BNK_8B88F940,CLEAN,MATCHED,1609205,1609205
CASE_02514,PAY_86EFD397,SET_91071354,BNK_15EC3E06,CLEAN,MATCHED,437721,437721
CASE_02515,PAY_D3C82C39,SET_1E2B0EBE,BNK_AA8040A6,FEE_VARIANCE,EXCEPTION,505873,505773
CASE_02516,PAY_C410E842,SET_86A40406,BNK_70C44919,REFERENCE_TYPO,MATCHED,823008,823008
CASE_02517,PAY_A246BA09,SET_F5628A04,BNK_476427D3,CLEAN,MATCHED,135622,135622
CASE_02518,PAY_0E423BDA,SET_AB56F17A,BNK_16EE6295,CLEAN,MATCHED,148316,148316
CASE_02519,PAY_C0AB3C95,SET_2BABEB8A,BNK_08D7D1AF,OTHER,MATCHED,789908,789908
CASE_02520,PAY_44363FA1,SET_CEC79AEF,BNK_FAEC0CDD,CLEAN,MATCHED,365760,365760
CASE_02521,PAY_BF787B20,SET_8CFC4B50,BNK_2FC7BD0A,REFERENCE_TYPO,MATCHED,1894021,1894021
CASE_02522,PAY_F1C816C7,SET_14E0CD08,BNK_DE9AF57B,CLEAN,MATCHED,1689465,1689465
CASE_02523,PAY_E2CC1273,SET_2181B23D,BNK_9F6CC343,UNEXPLAINED_DELTA,EXCEPTION,935196,924896
CASE_02524,PAY_0AB8081A,SET_78F1BF3E,BNK_074B4B33,CLEAN,MATCHED,1250964,1250964
CASE_02525,PAY_2EC3F5BF,SET_187C41FC,BNK_EC4BB286,TIMING_DIFFERENCE,MATCHED,1003349,1003349
CASE_02526,PAY_C7287389,SET_AB0B8E3E,BNK_617C5566,CLEAN,MATCHED,1130281,1130281
CASE_02527,PAY_4EF67B97,SET_66A0DACD,BNK_6B63BF1A,CLEAN,MATCHED,913813,913813
CASE_02528,PAY_E0180C72,SET_D0C0A936,BNK_1D17AC66,CLEAN,MATCHED,68446,68446
CASE_02529,PAY_D385B246,SET_CB40A93A,BNK_746A8435,REFERENCE_TYPO,MATCHED,1252526,1252526
CASE_02530,PAY_EF5687BF,SET_77E4C1DC,BNK_ED7F0AAD,TIMING_DIFFERENCE,MATCHED,1391859,1391859
CASE_02531,PAY_DC2F69B3,SET_A08CEFCB,BNK_ABED7B85,CLEAN,MATCHED,1199313,1199313
CASE_02532,PAY_75F6354C,SET_BEA135CA,BNK_0E0DD77B,CLEAN,MATCHED,1278108,1278108
CASE_02533,PAY_FA06FE5C,SET_2C444F1E,BNK_13FE1A62,CLEAN,MATCHED,1453177,1453177
CASE_02534,PAY_661BF5EC,SET_44FFA22D,BNK_4231D171,REFUND,MATCHED,48403,48403
CASE_02535,PAY_988CF64F,SET_2DB1C247,BNK_58A3B002,AMBIGUOUS,REVIEW,1614673,1614673
CASE_02536,PAY_E1F3F725,SET_0A6F3D78,BNK_08E64309,FEE_VARIANCE,EXCEPTION,1420858,1420758
CASE_02537,PAY_74C0A461,SET_AC2FE00E,BNK_F33CEA7B,CLEAN,MATCHED,1165139,1165139
CASE_02538,PAY_01ED83A3,SET_12D39FD4,BNK_858EDAEF,DUPLICATE,REVIEW,1721394,1721394
CASE_02539,PAY_FB6B6746,SET_4A4D985C,BNK_DCD9DF2F,UNEXPLAINED_DELTA,EXCEPTION,1910815,1899815
CASE_02540,PAY_1FBFE3EE,SET_3DB8C9B6,BNK_F10F5D01,CLEAN,MATCHED,475703,475703
CASE_02541,PAY_190CF9EC,SET_B5B1FEBF,BNK_EF392A28,CLEAN,MATCHED,309617,309617
CASE_02542,PAY_6E88D1BE,,,MISSING_SETTLEMENT,EXCEPTION,353067,353067
CASE_02543,PAY_3CF9DAA4,SET_F0DCCB77,BNK_83096080,CLEAN,MATCHED,1876544,1876544
CASE_02544,,SET_EB281667,BNK_9635162C,MISSING_PAYMENT,EXCEPTION,364002,364002
CASE_02545,PAY_0D9E7D45,SET_14689F10,BNK_687B9216,UNEXPLAINED_DELTA,EXCEPTION,30659,5759
CASE_02546,PAY_29681E6A,SET_AA92BF12,BNK_DB0B38C9,REFERENCE_TYPO,MATCHED,1813175,1813175
CASE_02547,PAY_47E9FBD6,SET_79E4A9CE,BNK_1E29D479,CLEAN,MATCHED,170285,170285
CASE_02548,PAY_F61D2637,SET_3CB60531,BNK_64641214,REFERENCE_TYPO,MATCHED,1736040,1736040
CASE_02549,PAY_DD0B4E76,SET_13B9FB9B,BNK_E59EACED,CLEAN,MATCHED,716580,716580
CASE_02550,PAY_D42E946B,SET_3DFE53D9,BNK_03E9DA18,REFERENCE_TYPO,MATCHED,469942,469942
CASE_02551,PAY_66045ED9,SET_551409AE,BNK_BC655DA9,FEE_VARIANCE,EXCEPTION,636711,636611
CASE_02552,,SET_1CECBF6C,BNK_B171BA7B,MISSING_PAYMENT,EXCEPTION,1856527,1856527
CASE_02553,PAY_EC0F72FE,SET_27AE5289,BNK_2F23C1F0,CLEAN,MATCHED,938711,938711
CASE_02554,PAY_86D5B566,SET_30EDFC0C,BNK_70497040,TIMING_DIFFERENCE,MATCHED,1107336,1107336
CASE_02555,PAY_C983591D,SET_8D350E92,BNK_0B2AEA55,CHARGEBACK,MATCHED,-20888,-20888
CASE_02556,PAY_BF07E047,SET_AF4438E2,BNK_E4AEE240,CHARGEBACK,MATCHED,-26988,-26988
CASE_02557,PAY_B51AA002,SET_85CDCCB0,BNK_A9848673,CLEAN,MATCHED,408331,408331
CASE_02558,PAY_18BB602E,SET_F171998F,BNK_9D21A592,TIMING_DIFFERENCE,MATCHED,921527,921527
CASE_02559,PAY_20CE9962,SET_B172EED3,BNK_1905D2D5,CHARGEBACK,MATCHED,-41380,-41380
CASE_02560,PAY_5C4129D4,SET_49BF3BD5,BNK_A6ED3FEF,UNEXPLAINED_DELTA,EXCEPTION,217835,201335
CASE_02561,PAY_D7AA73F5,SET_47905D2C,BNK_8E1DA1AA,CLEAN,MATCHED,1784079,1784079
CASE_02562,PAY_996671FF,SET_9F6F6AF8,BNK_391436B4,TIMING_DIFFERENCE,MATCHED,1197555,1197555
CASE_02563,PAY_C2C91B31,SET_5310071B,BNK_9231ED90,HIGH_VALUE_ANOMALY,REVIEW,58584000,58584000
CASE_02564,PAY_03A8C8FD,SET_5AF296DF,BNK_BBFC16A7,CLEAN,MATCHED,54581,54581
CASE_02565,PAY_16AD3E48,SET_D85599C8,BNK_587EF422,FEE_VARIANCE,EXCEPTION,1468897,1468797
CASE_02566,PAY_32A09EF8,SET_7EB100FB,BNK_8FF424FC,TAX_VARIANCE,EXCEPTION,337737,337787
CASE_02567,PAY_16E03D82,SET_7BE9A766,BNK_BB1FFE5A,FEE_VARIANCE,EXCEPTION,1786129,1786029
CASE_02568,PAY_B9194131,SET_A142F2C4,BNK_CEBA45AB,AMBIGUOUS,REVIEW,1642598,1642598
CASE_02569,PAY_7B5015B4,SET_AD7AB991,BNK_5A107003,CLEAN,MATCHED,1233682,1233682
CASE_02570,PAY_5D3D1AC6,SET_142E6E2C,BNK_C6BBA1BA,CHARGEBACK,MATCHED,-29452,-29452
CASE_02571,PAY_CCC24CE7,,,MISSING_SETTLEMENT,EXCEPTION,1096400,1096400
CASE_02572,PAY_C245AB35,SET_4E0BD239,BNK_9A14DF72,TIMING_DIFFERENCE,MATCHED,320064,320064
CASE_02573,PAY_DBAC84D2,SET_122C798D,BNK_D60CA106,CHARGEBACK,MATCHED,-40660,-40660
CASE_02574,PAY_C169ECD2,SET_A39BD130,BNK_52F8F17F,UNEXPLAINED_DELTA,EXCEPTION,1338450,1292650
CASE_02575,PAY_1076ACB1,SET_08F9963A,BNK_B88DF7D1,CLEAN,MATCHED,844196,844196
CASE_02576,PAY_9FD13683,SET_2F9F5723,BNK_45701A33,CLEAN,MATCHED,833260,833260
CASE_02577,PAY_FB01575E,SET_CD3BB6B2,BNK_6FC72DBD,TAX_VARIANCE,EXCEPTION,104280,104330
CASE_02578,PAY_0D7AE4D4,SET_69D617E8,BNK_3BF9B6F0,TAX_VARIANCE,EXCEPTION,762667,762717
CASE_02579,PAY_53080DEA,,,MISSING_SETTLEMENT,EXCEPTION,19138,19138
CASE_02580,PAY_605A0FCE,SET_94B59372,BNK_13F5BFA9,TIMING_DIFFERENCE,MATCHED,665319,665319
CASE_02581,PAY_82B6EB33,SET_4ACAB34B,BNK_73A91C57,TIMING_DIFFERENCE,MATCHED,1599051,1599051
CASE_02582,PAY_12A1803F,SET_C0A5A070,BNK_5DBE0696,CLEAN,MATCHED,122441,122441
CASE_02583,PAY_FB57CB24,SET_C5240036,BNK_B5CE6C10,DUPLICATE,REVIEW,1183300,1183300
CASE_02584,PAY_5D6DB6BF,SET_03F1C8C5,BNK_BE3230A5,DUPLICATE,REVIEW,38959,38959
CASE_02585,PAY_8512E8BE,SET_229BD902,BNK_88862B2B,CLEAN,MATCHED,1180761,1180761
CASE_02586,PAY_C6BA6974,SET_60EFD34D,BNK_FE7420DD,CLEAN,MATCHED,214906,214906
CASE_02587,PAY_6E619E7B,SET_A6D05705,BNK_7359EFFE,OTHER,MATCHED,1493209,1493209
CASE_02588,PAY_4A4D958F,SET_3F4B22A6,BNK_97A40FBA,CLEAN,MATCHED,995733,995733
CASE_02589,,SET_0E82E583,BNK_0B6710C8,MISSING_PAYMENT,EXCEPTION,1727740,1727740
CASE_02590,PAY_54FA4566,SET_22C4BB97,BNK_550FCCD3,TIMING_DIFFERENCE,MATCHED,1507855,1507855
CASE_02591,PAY_47DF143B,SET_F4A5F0C9,BNK_2CE5E0DE,CLEAN,MATCHED,1805364,1805364
CASE_02592,PAY_34F1B227,SET_058B5D37,BNK_8A842201,CLEAN,MATCHED,627826,627826
CASE_02593,PAY_0B4D6CDA,SET_59EC5628,BNK_30E61923,CLEAN,MATCHED,1566048,1566048
CASE_02594,PAY_0B1291E5,SET_E4D42490,BNK_B4F7B434,TIMING_DIFFERENCE,MATCHED,414287,414287
CASE_02595,PAY_EE547F1D,SET_2636B7FD,BNK_D2A69726,UNEXPLAINED_DELTA,EXCEPTION,816271,796371
CASE_02596,PAY_1A2C220F,SET_7540AE07,BNK_9D1EFBB2,CLEAN,MATCHED,1069354,1069354
CASE_02597,PAY_E341F115,SET_77EE0E1B,BNK_8FA4A303,CLEAN,MATCHED,1875274,1875274
CASE_02598,PAY_96A0556A,SET_EA96328E,BNK_6BBE6388,DUPLICATE,REVIEW,1403673,1403673
CASE_02599,PAY_37A8FF1E,SET_728D8AC9,BNK_0665B7C0,CLEAN,MATCHED,1591923,1591923
CASE_02600,PAY_346CEE3D,SET_1D233107,BNK_5F617F5F,CLEAN,MATCHED,1491744,1491744
CASE_02601,PAY_1C36F7F3,SET_D6D5144C,BNK_D4E82404,CLEAN,MATCHED,1728521,1728521
CASE_02602,PAY_0D35EDB5,SET_A1CC529C,BNK_BAA9CFF0,DUPLICATE,REVIEW,1354365,1354365
CASE_02603,PAY_F7E2D1F7,SET_E2D2FF96,BNK_4AE5F887,FEE_VARIANCE,EXCEPTION,559087,558987
CASE_02604,PAY_4B2A9CE9,SET_99942979,BNK_B8C883EF,REFERENCE_TYPO,MATCHED,633879,633879
CASE_02605,PAY_3DD9A8CE,SET_F9B18CE3,BNK_C358C5CB,CLEAN,MATCHED,412432,412432
CASE_02606,PAY_4D11C7DA,SET_7FAB9EFD,BNK_64F821C8,CLEAN,MATCHED,1377017,1377017
CASE_02607,PAY_8D5047D6,SET_B1227C8A,BNK_CBA18DD9,REFERENCE_TYPO,MATCHED,505580,505580
CASE_02608,PAY_ADB505E0,SET_9AE67388,BNK_C5F764E8,CLEAN,MATCHED,1816007,1816007
CASE_02609,PAY_81D4FCE1,,,MISSING_SETTLEMENT,EXCEPTION,765303,765303
CASE_02610,PAY_56F10D9D,SET_7B007A0B,BNK_72705B72,CLEAN,MATCHED,395345,395345
CASE_02611,PAY_BBB428BA,,,MISSING_SETTLEMENT,EXCEPTION,1259166,1259166
CASE_02612,PAY_73F1420A,SET_08360525,BNK_4E38F3A4,UNEXPLAINED_DELTA,EXCEPTION,1047287,1004387
CASE_02613,PAY_C1F85093,SET_74352CEE,BNK_47238A26,CLEAN,MATCHED,1054708,1054708
CASE_02614,PAY_96785C8C,SET_A13E4683,BNK_AD30E701,TAX_VARIANCE,EXCEPTION,1469678,1469728
CASE_02615,PAY_03F63BAC,SET_D32BD2B4,BNK_8D1CD827,DUPLICATE,REVIEW,1729498,1729498
CASE_02616,PAY_ECA10C73,SET_BF3F340C,BNK_3AF5EBA7,CLEAN,MATCHED,963610,963610
CASE_02617,PAY_4E524F14,SET_53A77D55,BNK_82532768,ONE_TO_MANY,MATCHED,1385512,1385512
CASE_02618,PAY_55CE54B0,SET_8A29F426,BNK_1B212854,CLEAN,MATCHED,396028,396028
CASE_02619,PAY_55907AA2,SET_E838848D,BNK_96630EFB,UNEXPLAINED_DELTA,EXCEPTION,1068963,1065363
CASE_02620,PAY_BE68F963,SET_D7F7434D,BNK_3F9D9C2B,CLEAN,MATCHED,1070818,1070818
CASE_02621,PAY_94EF1890,SET_E67CF799,BNK_D4E9CA80,CLEAN,MATCHED,176143,176143
CASE_02622,PAY_53FAB6D1,SET_F48A8765,BNK_EE9D69B8,CLEAN,MATCHED,1522403,1522403
CASE_02623,PAY_16792C97,SET_581D4262,BNK_3A88CD62,REFUND,MATCHED,565773,565773
CASE_02624,PAY_D227474F,SET_D16CC457,BNK_A70F3316,OTHER,MATCHED,952869,952869
CASE_02625,PAY_F5F50078,SET_549DFE2B,BNK_55F10E32,CLEAN,MATCHED,988117,988117
CASE_02626,PAY_9B984B3A,SET_8B876BCB,BNK_CF0F0678,AMBIGUOUS,REVIEW,1146001,1146001
CASE_02627,PAY_C5A5F519,SET_3C6892C9,BNK_8F8FB802,CLEAN,MATCHED,1756154,1756154
CASE_02628,PAY_D33CB695,,,MISSING_SETTLEMENT,EXCEPTION,1760254,1760254
CASE_02629,PAY_90B239CF,SET_6BB18B44,BNK_3A6D9434,CLEAN,MATCHED,364491,364491
CASE_02630,PAY_833355BD,SET_FC79962A,BNK_64F47ACA,TIMING_DIFFERENCE,MATCHED,1198434,1198434
CASE_02631,PAY_85B8BB1E,SET_55573891,BNK_31F6E2F6,CLEAN,MATCHED,616597,616597
CASE_02632,PAY_F3FFA24F,SET_56110FAB,BNK_5FB8A64A,REFERENCE_TYPO,MATCHED,1631272,1631272
CASE_02633,PAY_79D0E90B,SET_CD07CA29,BNK_696D2AE6,OTHER,MATCHED,1335911,1335911
CASE_02634,PAY_4E9C4ED6,SET_405976D1,BNK_D91151AE,CLEAN,MATCHED,1724518,1724518
CASE_02635,PAY_10BA7129,SET_3356283C,BNK_BE824945,CLEAN,MATCHED,534775,534775
CASE_02636,PAY_1C7E567C,SET_C206C3B9,BNK_70C36AA0,DUPLICATE,REVIEW,1301542,1301542
CASE_02637,PAY_082E0426,SET_1F8E5E73,BNK_ADABF9B4,AMBIGUOUS,REVIEW,1929757,1929757
CASE_02638,PAY_CFFB3FEA,SET_D126E7CE,BNK_D56EFF55,CLEAN,MATCHED,602927,602927
CASE_02639,PAY_0A9D5930,SET_20628EC6,BNK_22DC9113,ONE_TO_MANY,MATCHED,1496529,1496529
CASE_02640,PAY_3A2DFFED,SET_8E3956D1,BNK_F591D267,FEE_VARIANCE,EXCEPTION,1920482,1920382
CASE_02641,PAY_45F09D2B,SET_8F45FB47,BNK_E23F760B,CLEAN,MATCHED,1129500,1129500
CASE_02642,PAY_7D64692D,SET_3B409123,BNK_56B9E34D,CLEAN,MATCHED,1460988,1460988
CASE_02643,PAY_731EE81B,SET_4B42BA69,BNK_DC8BD7DA,DUPLICATE,REVIEW,594726,594726
CASE_02644,PAY_D6C6176C,SET_1C824C5D,BNK_64EE94D1,CLEAN,MATCHED,589551,589551
CASE_02645,,SET_DE77AD6C,BNK_01F85E64,MISSING_PAYMENT,EXCEPTION,75379,75379
CASE_02646,PAY_6FDBD0B0,SET_222E8FAB,BNK_0B5B7986,CLEAN,MATCHED,1938936,1938936
CASE_02647,PAY_CBA4B35A,SET_A2D84565,BNK_42467A47,CLEAN,MATCHED,1605202,1605202
CASE_02648,PAY_31304853,SET_94E4E54D,BNK_E6E5992B,CLEAN,MATCHED,1729986,1729986
CASE_02649,PAY_9BC4D7FF,SET_B6BA07AF,BNK_25AC4139,OTHER,MATCHED,1928781,1928781
CASE_02650,PAY_05E30492,SET_809E923C,BNK_6C4B3AC6,CLEAN,MATCHED,1399865,1399865
CASE_02651,PAY_3DB0DC58,SET_03736D73,BNK_19A61DC3,DUPLICATE,REVIEW,77917,77917
CASE_02652,PAY_647C163A,SET_CE830750,BNK_920984D4,CLEAN,MATCHED,31929,31929
CASE_02653,PAY_3A1387EE,SET_04782E97,BNK_ED6B4CCD,UNEXPLAINED_DELTA,EXCEPTION,291261,273561
CASE_02654,PAY_CCBA7008,SET_ECD40B3B,BNK_5DF4B552,CLEAN,MATCHED,841462,841462
CASE_02655,,SET_25DDB959,BNK_203FFD00,MISSING_PAYMENT,EXCEPTION,1342843,1342843
CASE_02656,PAY_BAA8AE76,SET_D694A667,BNK_4A24B73E,REFERENCE_TYPO,MATCHED,984993,984993
CASE_02657,PAY_9CCADE8E,SET_33A4819C,BNK_F4D5F7BA,CLEAN,MATCHED,891844,891844
CASE_02658,PAY_CADD097B,,,MISSING_SETTLEMENT,EXCEPTION,741772,741772
CASE_02659,PAY_FD03E307,,,MISSING_SETTLEMENT,EXCEPTION,1657147,1657147
CASE_02660,PAY_AC3C49EC,SET_62441237,BNK_EB333538,REFUND,MATCHED,505270,505270
CASE_02661,PAY_322F8166,SET_F60C5988,BNK_5C2F9D08,REFUND,MATCHED,748997,748997
CASE_02662,PAY_D66EADBB,SET_B868A5E2,BNK_8AEE6C83,CLEAN,MATCHED,1537635,1537635
CASE_02663,PAY_962D6ED0,SET_EDE94F33,BNK_E6238202,CLEAN,MATCHED,1244129,1244129
CASE_02664,PAY_6B89D2E6,SET_FBBDF2B8,BNK_AF70D593,CLEAN,MATCHED,1849302,1849302
CASE_02665,PAY_B2DB2F2C,SET_82756320,BNK_4683B24A,UNEXPLAINED_DELTA,EXCEPTION,239902,200002
CASE_02666,PAY_123051CA,SET_A51DC622,BNK_AD9B7D98,ONE_TO_MANY,MATCHED,1237978,1237978
CASE_02667,PAY_95E7C038,SET_89BD6CAA,BNK_BAC0ABB5,TIMING_DIFFERENCE,MATCHED,985383,985383
CASE_02668,PAY_6EEC4D39,SET_F7259FC4,BNK_E726E7D0,CLEAN,MATCHED,191765,191765
CASE_02669,PAY_CE46388A,SET_797494E2,BNK_3091B185,CLEAN,MATCHED,1456106,1456106
CASE_02670,PAY_12924CFD,SET_153A602F,BNK_AD6E62A5,CLEAN,MATCHED,426199,426199
CASE_02671,PAY_75A52942,SET_1D08647A,BNK_22B66999,CHARGEBACK,MATCHED,-19290,-19290
CASE_02672,PAY_51F9AD86,SET_D8F6F093,BNK_2327CD7E,OTHER,MATCHED,1016042,1016042
CASE_02673,PAY_3EE0110C,SET_C9A9F5A6,BNK_37C4E1B1,CLEAN,MATCHED,821153,821153
CASE_02674,PAY_1303D70D,SET_1C7BBA6F,BNK_24A66761,CLEAN,MATCHED,371521,371521
CASE_02675,PAY_F56CE091,SET_4A2FFDF5,BNK_76E9C338,CLEAN,MATCHED,1927414,1927414
CASE_02676,PAY_CA7905D0,,,MISSING_SETTLEMENT,EXCEPTION,570218,570218
CASE_02677,PAY_CF81581E,SET_C9C0A9E9,BNK_17CEC7E2,CLEAN,MATCHED,1891678,1891678
CASE_02678,PAY_8647D9F3,SET_B077505F,BNK_8FF4725F,TAX_VARIANCE,EXCEPTION,844977,845027
CASE_02679,PAY_AE4FEE06,SET_4B018550,BNK_6C7A69FB,CLEAN,MATCHED,1442924,1442924
CASE_02680,PAY_10C478BF,SET_576B94ED,BNK_324C1ECB,TIMING_DIFFERENCE,MATCHED,1929562,1929562
CASE_02681,PAY_103C384C,SET_4765A0D4,BNK_A1CC449A,DUPLICATE,REVIEW,1524161,1524161
CASE_02682,PAY_DDAB5C87,SET_A3163DC4,BNK_3B4AA645,TIMING_DIFFERENCE,MATCHED,1378775,1378775
CASE_02683,PAY_5558FDF6,SET_4D5C3798,BNK_F4E8CDB6,CLEAN,MATCHED,542586,542586
CASE_02684,PAY_8CCEDAC0,SET_03BF44CB,BNK_3741C334,FEE_VARIANCE,EXCEPTION,751731,751631
CASE_02685,PAY_2376C3C3,SET_4D3A9FCA,BNK_4EFD29A9,CLEAN,MATCHED,431081,431081
CASE_02686,PAY_EF96664D,SET_12EB2760,BNK_90BA8D60,CLEAN,MATCHED,456272,456272
CASE_02687,PAY_AE06FDB5,SET_6302D21D,BNK_81B11C5B,FEE_VARIANCE,EXCEPTION,1217864,1217764
CASE_02688,PAY_5AE08B4E,SET_0992916C,BNK_97BDA00A,UNEXPLAINED_DELTA,EXCEPTION,1277815,1267415
CASE_02689,PAY_8D9A0801,SET_4E9F35D2,BNK_66195CE3,OTHER,MATCHED,164036,164036
CASE_02690,PAY_D9B4FC1E,SET_87F5F242,BNK_32DE2B3D,CLEAN,MATCHED,491618,491618
CASE_02691,PAY_E6D79CE8,SET_5104B44A,BNK_BD0D0FE2,CLEAN,MATCHED,1925461,1925461
CASE_02692,PAY_5642B885,SET_C71F41A2,BNK_320C9697,AMBIGUOUS,REVIEW,1150102,1150102
CASE_02693,PAY_E375F042,SET_8A162D87,BNK_99FD9EC4,CLEAN,MATCHED,152807,152807
CASE_02694,PAY_F53364A6,SET_DDEEEE5E,BNK_E2B4DA89,CLEAN,MATCHED,718826,718826
CASE_02695,PAY_6CD2BA9D,SET_C5C772FD,BNK_F4ED54C8,REFUND,MATCHED,802496,802496
CASE_02696,PAY_FA057AAD,SET_7417853B,BNK_D8777489,OTHER,MATCHED,1581866,1581866
CASE_02697,PAY_94C6C346,SET_DE685636,BNK_1C09CDCB,CLEAN,MATCHED,1729595,1729595
CASE_02698,PAY_6E2CC3A9,SET_A0FE7AB2,BNK_4E5314A1,CLEAN,MATCHED,329438,329438
CASE_02699,PAY_8C0C9CAC,SET_5678F67A,BNK_5C5EE878,CLEAN,MATCHED,1803411,1803411
CASE_02700,PAY_AA5F6055,SET_18EA9F77,BNK_A9783E5E,CLEAN,MATCHED,153979,153979
CASE_02701,PAY_8E245AB3,SET_12DAE33D,BNK_A3F7ECE5,OTHER,MATCHED,10155,10155
CASE_02702,PAY_8FD6E0ED,SET_06C977E8,BNK_11645D95,REFERENCE_TYPO,MATCHED,1570833,1570833
CASE_02703,PAY_466D5C3C,SET_ACF32DEE,BNK_F5D0024B,CLEAN,MATCHED,83971,83971
CASE_02704,PAY_8389AB5D,SET_FB04E0A8,BNK_C5211643,CLEAN,MATCHED,698615,698615
CASE_02705,PAY_AB36019E,SET_D9B6A20A,BNK_D12BCD21,FEE_VARIANCE,EXCEPTION,688070,687970
CASE_02706,PAY_9E1C034D,SET_984D8A09,BNK_B1618A34,CLEAN,MATCHED,408819,408819
CASE_02707,PAY_150FE564,SET_A1A8A525,BNK_BB09D89A,REFERENCE_TYPO,MATCHED,1537538,1537538
CASE_02708,PAY_E76DAC5A,SET_1DCFC78C,BNK_4CF0BA5C,CLEAN,MATCHED,849664,849664
CASE_02709,PAY_6112756A,SET_F64A7D9C,BNK_A525E067,CLEAN,MATCHED,1436675,1436675
CASE_02710,PAY_FCDC97E7,SET_B24A69C4,BNK_27BDD021,CLEAN,MATCHED,1315602,1315602
CASE_02711,PAY_A21735B3,SET_EEBD42B9,BNK_C12A761E,ONE_TO_MANY,MATCHED,618062,618062
CASE_02712,PAY_F7668ECC,SET_20E58107,BNK_615648F5,CLEAN,MATCHED,1047775,1047775
CASE_02713,PAY_E784D342,SET_40E8546C,BNK_2C725B28,CLEAN,MATCHED,375817,375817
CASE_02714,PAY_6B489B53,SET_0513DEC2,BNK_6286D710,CLEAN,MATCHED,275638,275638
CASE_02715,PAY_0D8F3D55,SET_E5508546,BNK_D4F9D4F9,CLEAN,MATCHED,274955,274955
CASE_02716,PAY_B1F19794,SET_99F45B1E,BNK_37E91497,ONE_TO_MANY,MATCHED,335882,335882
CASE_02717,PAY_ED9AE98C,,,MISSING_SETTLEMENT,EXCEPTION,348575,348575
CASE_02718,PAY_75649619,SET_7EEF0F56,BNK_A463E2B2,FEE_VARIANCE,EXCEPTION,263433,263333
CASE_02719,PAY_5E11991E,SET_EA5CB4BB,BNK_2D795C22,CLEAN,MATCHED,1785738,1785738
CASE_02720,PAY_AC80888E,SET_FFA1037D,BNK_14653C0E,DUPLICATE,REVIEW,901218,901218
CASE_02721,PAY_0D06B9E6,SET_3910E78E,BNK_DE258FC0,TAX_VARIANCE,EXCEPTION,1212201,1212251
CASE_02722,PAY_90452E3F,SET_BC790612,BNK_D418653E,CLEAN,MATCHED,1880547,1880547
CASE_02723,PAY_116A9611,SET_2913CD52,BNK_D9BBA890,CLEAN,MATCHED,1106262,1106262
CASE_02724,PAY_9FDA3538,SET_E75305F4,BNK_A3FA6DBE,OTHER,MATCHED,1366082,1366082
CASE_02725,PAY_A1142235,SET_CF49FEA3,BNK_D05E0D71,ONE_TO_MANY,MATCHED,690022,690022
CASE_02726,PAY_A14BAE1B,SET_EA284E43,BNK_A5140E10,CLEAN,MATCHED,687679,687679
CASE_02727,PAY_C9E22AA4,SET_82A95610,BNK_EEB4474E,REFERENCE_TYPO,MATCHED,1143267,1143267
CASE_02728,PAY_0140FFD1,SET_86148BD4,BNK_7F01C647,TIMING_DIFFERENCE,MATCHED,1622875,1622875
CASE_02729,,SET_7BDA18CD,BNK_9FCEF77E,MISSING_PAYMENT,EXCEPTION,131033,131033
CASE_02730,PAY_053DFC54,SET_CB64729B,BNK_4AD6050B,UNEXPLAINED_DELTA,EXCEPTION,1593388,1567788
CASE_02731,PAY_E64681F5,SET_22B01DEE,BNK_D68AA35B,AMBIGUOUS,REVIEW,1499556,1499556
CASE_02732,PAY_1EB1C899,SET_7856C1C3,BNK_715C3B42,CLEAN,MATCHED,976498,976498
CASE_02733,PAY_86C3219B,SET_45945317,BNK_ECF52F11,CLEAN,MATCHED,756808,756808
CASE_02734,PAY_D94FB10A,SET_DB974523,BNK_FCED281C,CLEAN,MATCHED,1396057,1396057
CASE_02735,PAY_D884C2D3,SET_58C0F6ED,BNK_438C3713,TIMING_DIFFERENCE,MATCHED,624311,624311
CASE_02736,PAY_F8B0AFB3,SET_F8A73497,BNK_E97B19D6,CLEAN,MATCHED,1076189,1076189
CASE_02737,PAY_D0E4C145,SET_B40D0D8A,BNK_B1980039,OTHER,MATCHED,1557651,1557651
CASE_02738,PAY_E2A5B3A7,SET_281C469B,BNK_3B055595,OTHER,MATCHED,1231827,1231827
CASE_02739,PAY_49232518,SET_9CC05EF8,BNK_7C4E8899,TAX_VARIANCE,EXCEPTION,1286798,1286848
CASE_02740,PAY_2DB2E39D,SET_C31B79B0,BNK_88BDF791,CLEAN,MATCHED,1342160,1342160
CASE_02741,PAY_550A7942,SET_F078CE28,BNK_E74CB0CA,CLEAN,MATCHED,303563,303563
CASE_02742,PAY_D41D5886,SET_BD3AF846,BNK_7B7DB890,REFUND,MATCHED,526804,526804
CASE_02743,PAY_C556D559,SET_8724B4B4,BNK_D9B621E4,CLEAN,MATCHED,1138190,1138190
CASE_02744,PAY_735532EC,SET_861BD428,BNK_0817F412,FEE_VARIANCE,EXCEPTION,481854,481754
CASE_02745,PAY_49A64BCE,,,MISSING_SETTLEMENT,EXCEPTION,1593485,1593485
CASE_02746,PAY_BFF3A59B,SET_D976D053,BNK_0C8FCE23,CHARGEBACK,MATCHED,-20616,-20616
CASE_02747,PAY_C0839493,SET_97496A88,BNK_6CBF2DB0,TAX_VARIANCE,EXCEPTION,227013,227063
CASE_02748,PAY_C75A926F,SET_668AEA89,BNK_C70E0C3F,TIMING_DIFFERENCE,MATCHED,1210346,1210346
CASE_02749,PAY_5BCEA531,SET_FD98071D,BNK_ABD2CE49,UNEXPLAINED_DELTA,EXCEPTION,897410,870610
CASE_02750,PAY_8A45ED55,SET_962D33F9,BNK_A60FDFE3,TIMING_DIFFERENCE,MATCHED,1736333,1736333
CASE_02751,PAY_66760C52,SET_8BB20252,BNK_12EBBEF9,CLEAN,MATCHED,255427,255427
CASE_02752,PAY_8B496479,SET_C38804A1,BNK_22FAFDF7,TIMING_DIFFERENCE,MATCHED,126640,126640
CASE_02753,PAY_86F51EEB,SET_51FBCB0C,BNK_C9BE8BD6,CLEAN,MATCHED,22360,22360
CASE_02754,PAY_ABF4A447,SET_48A29279,BNK_85777980,DUPLICATE,REVIEW,1947040,1947040
CASE_02755,PAY_92959F73,SET_852E19A7,BNK_4A0E1600,UNEXPLAINED_DELTA,EXCEPTION,1456887,1421887
CASE_02756,PAY_EDF94891,SET_E6A14EC4,BNK_34637DCF,REFUND,MATCHED,514417,514417
CASE_02757,,SET_766C2C23,BNK_0E621374,MISSING_PAYMENT,EXCEPTION,953357,953357
CASE_02758,PAY_EDAA221F,SET_AB0EA0A7,BNK_541A6B7D,DUPLICATE,REVIEW,65712,65712
CASE_02759,PAY_7FB84272,SET_7D2DB1F7,BNK_0274EB20,UNEXPLAINED_DELTA,EXCEPTION,1927121,1920021
CASE_02760,PAY_ED1A7284,SET_E28684F4,BNK_B5C501CC,CLEAN,MATCHED,1618481,1618481
CASE_02761,PAY_CB165BCD,SET_0AA83E0F,BNK_1B006DA7,DUPLICATE,REVIEW,531357,531357
CASE_02762,PAY_A3AFC1D3,SET_2C231A38,BNK_116AC7CD,CLEAN,MATCHED,1883964,1883964
CASE_02763,PAY_248702B3,SET_E47AE091,BNK_897693AD,CHARGEBACK,MATCHED,-1109,-1109
CASE_02764,PAY_4665FF48,SET_A81886E6,BNK_640A8714,FEE_VARIANCE,EXCEPTION,1335520,1335420
CASE_02765,PAY_4D58EC3A,SET_B1A5D94A,BNK_8742F965,CLEAN,MATCHED,1474657,1474657
CASE_02766,PAY_27F8E42C,SET_6846FA03,BNK_C78B5AA7,CLEAN,MATCHED,498648,498648
CASE_02767,PAY_D7A3A9E0,SET_7F99756C,BNK_394BBEF7,DUPLICATE,REVIEW,927092,927092
CASE_02768,PAY_35B4D34C,SET_7E169F51,BNK_3EC7D583,CLEAN,MATCHED,1245106,1245106
CASE_02769,PAY_CAC95E77,SET_2353BD14,BNK_E7633B76,TIMING_DIFFERENCE,MATCHED,194890,194890
CASE_02770,PAY_EF654236,SET_3AB0B8EE,BNK_81A2F693,CLEAN,MATCHED,1267465,1267465
CASE_02771,PAY_FC2F7E7D,SET_09587090,BNK_8E5A8F8C,CLEAN,MATCHED,1585479,1585479
CASE_02772,PAY_12CD6B6A,SET_1DFE7AEC,BNK_1EE53EA0,ONE_TO_MANY,MATCHED,488786,488786
CASE_02773,PAY_15665348,SET_DD0D9E46,BNK_60DADE56,TIMING_DIFFERENCE,MATCHED,451976,451976
CASE_02774,PAY_9375DA95,SET_2B68AF67,BNK_40703A00,CLEAN,MATCHED,1211420,1211420
CASE_02775,PAY_0C4375DF,SET_936154D9,BNK_94BD001A,REFUND,MATCHED,904351,904351
CASE_02776,PAY_47D17C45,SET_EAEBF42F,BNK_8C08E66E,ONE_TO_MANY,MATCHED,1317945,1317945
CASE_02777,PAY_29659339,SET_4F34CF89,BNK_A6F45517,UNEXPLAINED_DELTA,EXCEPTION,1814347,1768747
CASE_02778,PAY_605095C8,SET_4AF54526,BNK_299F645B,TIMING_DIFFERENCE,MATCHED,1116807,1116807
CASE_02779,PAY_6DFEE98C,SET_081C5A5D,BNK_54015390,CLEAN,MATCHED,1006181,1006181
CASE_02780,PAY_744D1D58,SET_00B75313,BNK_200E42A1,OTHER,MATCHED,1224406,1224406
CASE_02781,PAY_2A112448,SET_0CDAC266,BNK_E79C3878,HIGH_VALUE_ANOMALY,REVIEW,5370200,5370200
CASE_02782,PAY_C6C59925,SET_E5574BC1,BNK_BEA6893F,ONE_TO_MANY,MATCHED,1143853,1143853
CASE_02783,PAY_3D18D9B4,SET_0A90BD08,BNK_59E31C07,OTHER,MATCHED,1285333,1285333
CASE_02784,PAY_B8E34666,SET_47718F65,BNK_B4F3EE65,UNEXPLAINED_DELTA,EXCEPTION,55851,20651
CASE_02785,PAY_E6D115D9,SET_1A7FBDA5,BNK_0E41CA08,CHARGEBACK,MATCHED,-2964,-2964
CASE_02786,PAY_3C42ABC5,SET_94DEF6CE,BNK_9533B44B,DUPLICATE,REVIEW,1746487,1746487
CASE_02787,PAY_81622F95,SET_CBA25C52,BNK_D49B1B7A,FEE_VARIANCE,EXCEPTION,228478,228378
CASE_02788,PAY_C0230EC9,SET_F6298D48,BNK_E128F8C2,TIMING_DIFFERENCE,MATCHED,1295879,1295879
CASE_02789,PAY_1DE77800,SET_0E3FFA45,BNK_75FCF90C,OTHER,MATCHED,1807903,1807903
CASE_02790,PAY_E40C2F3D,SET_8A98806D,BNK_39199E0B,CLEAN,MATCHED,1228898,1228898
CASE_02791,PAY_5170EAB7,SET_D38C3EAF,BNK_21952222,REFERENCE_TYPO,MATCHED,1624828,1624828
CASE_02792,PAY_310CD180,,,MISSING_SETTLEMENT,EXCEPTION,834530,834530
CASE_02793,PAY_2F5A4CEE,SET_F46B1C5D,BNK_AF51998C,CLEAN,MATCHED,604783,604783
CASE_02794,PAY_47A4C8C7,SET_21972E52,BNK_773009C6,ONE_TO_MANY,MATCHED,1566244,1566244
CASE_02795,PAY_F9DFE6EB,,,MISSING_SETTLEMENT,EXCEPTION,1021413,1021413
CASE_02796,PAY_292D0AE8,SET_9E3288BF,BNK_9884BBAC,CHARGEBACK,MATCHED,-40679,-40679
CASE_02797,PAY_95BA7A78,SET_699E96FC,BNK_1782DCBF,CLEAN,MATCHED,1327514,1327514
CASE_02798,PAY_F525DF77,,,MISSING_SETTLEMENT,EXCEPTION,265777,265777
CASE_02799,PAY_3421E89F,SET_EE6E7713,BNK_DC3BABA8,FEE_VARIANCE,EXCEPTION,484881,484781
CASE_02800,PAY_EC631BFD,SET_A1683162,BNK_FC265427,CLEAN,MATCHED,1328295,1328295
CASE_02801,PAY_01C5E921,SET_C255732B,BNK_C1B3B80C,CLEAN,MATCHED,1729791,1729791
CASE_02802,PAY_827CE1EE,SET_66F3C90C,BNK_04683893,CLEAN,MATCHED,773407,773407
CASE_02803,PAY_668B181D,SET_709A04B6,BNK_9AF68A4B,FEE_VARIANCE,EXCEPTION,1037035,1036935
CASE_02804,PAY_6B838F7F,SET_6498119B,BNK_8F5AE87D,UNEXPLAINED_DELTA,EXCEPTION,1706650,1678750
CASE_02805,PAY_DF75174C,SET_6800D29D,BNK_B2BB604D,REFUND,MATCHED,200946,200946
CASE_02806,PAY_A668A13B,SET_14776F8A,BNK_A89393A6,ONE_TO_MANY,MATCHED,376696,376696
CASE_02807,PAY_CDE0B54B,SET_5ABAF5E4,BNK_5442514E,CLEAN,MATCHED,543953,543953
CASE_02808,PAY_2C7CFA4F,,,MISSING_SETTLEMENT,EXCEPTION,40814,40814
CASE_02809,PAY_A7F9EFCE,SET_6066CA58,BNK_C2C4BEAE,OTHER,MATCHED,1907203,1907203
CASE_02810,PAY_0CD5A846,SET_BD50EF86,BNK_D664B523,DUPLICATE,REVIEW,247518,247518
CASE_02811,PAY_8951618C,SET_04FFDCEA,BNK_A90A053C,CLEAN,MATCHED,1269906,1269906
CASE_02812,PAY_5515E8B2,SET_1FFAEDAC,BNK_26D7EC99,CLEAN,MATCHED,682211,682211
CASE_02813,PAY_85C17A07,,,MISSING_SETTLEMENT,EXCEPTION,634563,634563
CASE_02814,PAY_50F6D658,SET_87A9F6D3,BNK_9E789F8E,REFUND,MATCHED,170838,170838
CASE_02815,PAY_5DFF76FD,SET_F09FF394,BNK_B680A2B0,CLEAN,MATCHED,352871,352871
CASE_02816,PAY_37700DBA,SET_E2773528,BNK_7E30887E,UNEXPLAINED_DELTA,EXCEPTION,1370671,1369671
CASE_02817,PAY_7201FBBC,SET_8CB1506D,BNK_35A46DE1,CLEAN,MATCHED,1515764,1515764
CASE_02818,PAY_F349A915,SET_3F7E7952,BNK_9BF8B08C,REFUND,MATCHED,468588,468588
CASE_02819,PAY_2B33B337,SET_FFA9BF1E,BNK_1132221A,CLEAN,MATCHED,931193,931193
CASE_02820,PAY_F346B796,SET_453CFFBB,BNK_82FD388A,CLEAN,MATCHED,1401916,1401916
CASE_02821,PAY_7512516D,SET_155758D0,BNK_3638C53E,CLEAN,MATCHED,427175,427175
CASE_02822,PAY_BBB36C0A,SET_2B31776D,BNK_7EA8022F,TIMING_DIFFERENCE,MATCHED,213442,213442
CASE_02823,PAY_853B9249,SET_EE9F8C03,BNK_78C94528,ONE_TO_MANY,MATCHED,821055,821055
CASE_02824,PAY_8FC0B725,SET_2C201B95,BNK_F9D853E5,TIMING_DIFFERENCE,MATCHED,1254186,1254186
CASE_02825,PAY_92D10E19,SET_ED20A7B5,BNK_A496C93B,CLEAN,MATCHED,408819,408819
CASE_02826,PAY_FC5C6DAB,SET_6FAF928F,BNK_253A8343,CLEAN,MATCHED,263628,263628
CASE_02827,PAY_22A3DC82,SET_8646B25B,BNK_98C329CD,CLEAN,MATCHED,1184471,1184471
CASE_02828,PAY_4CB29A79,SET_07C9C5B2,BNK_581DC11F,CLEAN,MATCHED,490056,490056
CASE_02829,PAY_31323C30,SET_92AAC189,BNK_0D121CCC,CLEAN,MATCHED,1855063,1855063
CASE_02830,PAY_276ADF2D,SET_4F5904BA,BNK_FBEF68E1,CLEAN,MATCHED,1220208,1220208
CASE_02831,PAY_B2C9B943,SET_4FB40971,BNK_EE4F9775,CLEAN,MATCHED,1267075,1267075
CASE_02832,PAY_F18B0A09,SET_892690C2,BNK_7BF40B93,CLEAN,MATCHED,556451,556451
CASE_02833,PAY_709185C8,SET_120E064E,BNK_C5F80CC1,CHARGEBACK,MATCHED,-44195,-44195
CASE_02834,PAY_FFFB7698,SET_4F80E1CA,BNK_63D8933E,DUPLICATE,REVIEW,246737,246737
CASE_02835,PAY_1B361818,SET_D25A15DC,BNK_46D64BD9,CLEAN,MATCHED,1096498,1096498
CASE_02836,PAY_BE72A210,SET_10371B4C,BNK_0000AB91,REFUND,MATCHED,628420,628420
CASE_02837,PAY_166A8F50,SET_DFEB5218,BNK_45646351,CLEAN,MATCHED,1499653,1499653
CASE_02838,PAY_0A177B98,SET_BAC1043C,BNK_9111CC61,TIMING_DIFFERENCE,MATCHED,281204,281204
CASE_02839,PAY_78410E90,SET_C1EDEAAA,BNK_DDA9D770,UNEXPLAINED_DELTA,EXCEPTION,1352217,1347517
CASE_02840,PAY_5EB6B909,SET_72BFE40E,BNK_32F3E839,CLEAN,MATCHED,611032,611032
CASE_02841,PAY_EF29E3D0,SET_45CD6CB9,BNK_7EEC8209,TAX_VARIANCE,EXCEPTION,190984,191034
CASE_02842,PAY_CE334D60,SET_11483B16,BNK_D299D4EB,REFERENCE_TYPO,MATCHED,1071502,1071502
CASE_02843,PAY_86C76E33,SET_661FA12A,BNK_9F0702D9,CHARGEBACK,MATCHED,-8807,-8807
CASE_02844,PAY_8E8D4DF8,SET_6B9B60F0,BNK_1302F858,CHARGEBACK,MATCHED,-7705,-7705
CASE_02845,PAY_7083CB3E,SET_C78CD9C5,BNK_DB7BFCF1,DUPLICATE,REVIEW,1198727,1198727
CASE_02846,PAY_2FE1C58E,SET_FB45D4CE,BNK_16738DDB,CLEAN,MATCHED,1646504,1646504
CASE_02847,PAY_AE9E395D,SET_A9EA6E90,BNK_248F669C,FEE_VARIANCE,EXCEPTION,792740,792640
CASE_02848,PAY_20A02FB9,SET_607E584A,BNK_17812EB3,CLEAN,MATCHED,1083609,1083609
CASE_02849,PAY_D49D6290,SET_D0573EA0,BNK_04C87328,REFERENCE_TYPO,MATCHED,1782419,1782419
CASE_02850,PAY_6F114909,SET_35378065,BNK_0DBEBA42,CLEAN,MATCHED,323579,323579
CASE_02851,PAY_70A8F790,SET_57F81EDC,BNK_1A898483,CLEAN,MATCHED,1750881,1750881
CASE_02852,PAY_1D37EFE9,SET_3452F298,BNK_9A543264,CLEAN,MATCHED,719607,719607
CASE_02853,,SET_E6C4A12B,BNK_AC5F1513,MISSING_PAYMENT,EXCEPTION,270268,270268
CASE_02854,PAY_D7C4714D,SET_74A0CCFA,BNK_754D5144,UNEXPLAINED_DELTA,EXCEPTION,268022,220022
CASE_02855,PAY_48416813,SET_61A23AE7,BNK_9169C2B4,OTHER,MATCHED,1719636,1719636
CASE_02856,PAY_A1E10170,SET_4CFE396D,BNK_DDC09861,ONE_TO_MANY,MATCHED,1905738,1905738
CASE_02857,PAY_3CD86E41,SET_69CC0CD4,BNK_0DBA373E,HIGH_VALUE_ANOMALY,REVIEW,5370200,5370200
CASE_02858,PAY_F030AFDA,SET_A262766F,BNK_4B51B6E6,CLEAN,MATCHED,924944,924944
CASE_02859,PAY_3177B84A,SET_B6E1652E,BNK_02EC0D16,CLEAN,MATCHED,945742,945742
CASE_02860,,SET_7949A287,BNK_D4FAD29D,MISSING_PAYMENT,EXCEPTION,1183788,1183788
CASE_02861,PAY_5A2F544D,SET_2631BC99,BNK_3BAD1839,AMBIGUOUS,REVIEW,676548,676548
CASE_02862,PAY_B9C31AC1,SET_CA02F3A5,BNK_DDF17CC5,UNEXPLAINED_DELTA,EXCEPTION,1038402,1034402
CASE_02863,PAY_5A436953,SET_379EF71A,BNK_F220193C,CLEAN,MATCHED,227209,227209
CASE_02864,PAY_1450D398,,,MISSING_SETTLEMENT,EXCEPTION,1809367,1809367
CASE_02865,PAY_2A79146D,SET_7A736222,BNK_E35B2205,CLEAN,MATCHED,959216,959216
CASE_02866,PAY_3E6A9537,SET_E608DAD3,BNK_C2CB183E,CLEAN,MATCHED,1020631,1020631
CASE_02867,PAY_C68BB695,SET_EF2271CD,BNK_B19CC2CF,CLEAN,MATCHED,1839929,1839929
CASE_02868,PAY_2FF73CE9,SET_665FB16A,BNK_48D5197D,UNEXPLAINED_DELTA,EXCEPTION,580666,541166
CASE_02869,PAY_77253002,,,MISSING_SETTLEMENT,EXCEPTION,406183,406183
CASE_02870,PAY_4C0D434B,SET_083FA23B,BNK_673AA053,OTHER,MATCHED,182294,182294
CASE_02871,PAY_795DA01E,SET_E2B70545,BNK_1C80FC13,TIMING_DIFFERENCE,MATCHED,512122,512122
CASE_02872,PAY_BFEC76FF,SET_FA9035D7,BNK_023F9C0C,OTHER,MATCHED,1400060,1400060
CASE_02873,PAY_1EEBBE11,SET_9CB5C9E4,BNK_62384DBF,CHARGEBACK,MATCHED,-29941,-29941
CASE_02874,PAY_E4A98EDC,SET_9D4F94FF,BNK_730050AE,TIMING_DIFFERENCE,MATCHED,1871173,1871173
CASE_02875,PAY_64D519BF,SET_30FF2A06,BNK_33F65A63,CLEAN,MATCHED,88072,88072
CASE_02876,PAY_1FE7F2BD,SET_994B25DB,BNK_4CFB239F,ONE_TO_MANY,MATCHED,805628,805628
CASE_02877,PAY_8A844F7C,SET_32D6B297,BNK_618CB6EF,CLEAN,MATCHED,481268,481268
CASE_02878,PAY_29D9FCC7,SET_FAEB49DF,BNK_084E71CE,CLEAN,MATCHED,467306,467306
CASE_02879,,SET_FBFD3D31,BNK_BB80BF46,MISSING_PAYMENT,EXCEPTION,1050021,1050021
CASE_02880,PAY_7AE27397,SET_7F28DB53,BNK_2B977732,OTHER,MATCHED,322505,322505
CASE_02881,PAY_A8AC478B,SET_E0612680,BNK_9C9B1218,AMBIGUOUS,REVIEW,1182811,1182811
CASE_02882,PAY_06055D6A,SET_A8B30E47,BNK_59DF0861,CHARGEBACK,MATCHED,-6230,-6230
CASE_02883,PAY_057C4419,SET_403A139A,BNK_678CDCEF,TAX_VARIANCE,EXCEPTION,1011453,1011503
CASE_02884,PAY_61365A84,SET_365A1DF0,BNK_9DDE3DEB,CLEAN,MATCHED,831796,831796
CASE_02885,PAY_5B9D14DE,SET_2C513AD3,BNK_434F0DFE,ONE_TO_MANY,MATCHED,1790523,1790523
CASE_02886,PAY_EBA511AE,SET_7B2A1774,BNK_219CE3AF,UNEXPLAINED_DELTA,EXCEPTION,295264,245664
CASE_02887,PAY_007092FC,SET_AC25E399,BNK_73320926,CLEAN,MATCHED,712870,712870
CASE_02888,PAY_6C3E8EEE,SET_08BD2108,BNK_D1A6C7E5,CLEAN,MATCHED,579592,579592
CASE_02889,PAY_43FFB679,SET_B21FBC18,BNK_322EF3E1,TAX_VARIANCE,EXCEPTION,85631,85681
CASE_02890,PAY_D11B0648,SET_8E8E4758,BNK_732ACD92,REFERENCE_TYPO,MATCHED,595897,595897
CASE_02891,PAY_94F4BEB1,SET_C34C78B4,BNK_779EDF1E,CLEAN,MATCHED,722536,722536
CASE_02892,PAY_40D5516C,SET_E43AF80A,BNK_B28B1052,CLEAN,MATCHED,1590556,1590556
CASE_02893,PAY_C45B9918,SET_4EB79CE3,BNK_68A9864C,CHARGEBACK,MATCHED,-22903,-22903
CASE_02894,PAY_6B2E7AF0,SET_6BE89B85,BNK_F1866B65,UNEXPLAINED_DELTA,EXCEPTION,1307400,1293900
CASE_02895,PAY_18B85AE3,SET_2691DC90,BNK_DF882AAD,TAX_VARIANCE,EXCEPTION,1727447,1727497
CASE_02896,PAY_790B1B85,SET_626A3D09,BNK_75181F58,DUPLICATE,REVIEW,954529,954529
CASE_02897,PAY_29B181E4,SET_61EE1C65,BNK_7C88E591,OTHER,MATCHED,1931613,1931613
CASE_02898,PAY_32D8ED99,SET_81C5FD50,BNK_CDBAC0DB,TAX_VARIANCE,EXCEPTION,375133,375183
CASE_02899,PAY_4E077BD7,SET_8AF0E8C2,BNK_29119FD4,HIGH_VALUE_ANOMALY,REVIEW,29292000,29292000
CASE_02900,PAY_89E6FBD5,SET_7E8AEF7F,BNK_B4960597,TAX_VARIANCE,EXCEPTION,1370866,1370916
CASE_02901,PAY_EFFA75F3,SET_47CA0551,BNK_EE74FA76,OTHER,MATCHED,1441167,1441167
CASE_02902,PAY_D1D6F6F0,SET_BC8021D9,BNK_451A4A50,CLEAN,MATCHED,343986,343986
CASE_02903,PAY_EE276D16,SET_AC643984,BNK_E9D0D28D,TAX_VARIANCE,EXCEPTION,121367,121417
CASE_02904,PAY_304612C6,SET_9C642A98,BNK_B22688ED,CLEAN,MATCHED,1859066,1859066
CASE_02905,PAY_15B1A566,SET_490AD21E,BNK_6BF2C67B,CLEAN,MATCHED,874562,874562
CASE_02906,PAY_79DFEA0B,SET_7BAA778F,BNK_50C5EFB5,DUPLICATE,REVIEW,1216595,1216595
CASE_02907,PAY_1503FAD1,SET_67DD07E3,BNK_E1959394,OTHER,MATCHED,1083609,1083609
CASE_02908,PAY_E671EBF5,SET_BFA6BCEE,BNK_89C4C344,UNEXPLAINED_DELTA,EXCEPTION,1445756,1442556
CASE_02909,PAY_A7E637C0,SET_80A386B1,BNK_2831730B,OTHER,MATCHED,1188963,1188963
CASE_02910,PAY_6785B491,SET_894DF822,BNK_CDBE3ECC,CLEAN,MATCHED,37494,37494
CASE_02911,PAY_A88C8ED2,SET_35AFF5E9,BNK_5C16C5A3,TAX_VARIANCE,EXCEPTION,766474,766524
CASE_02912,PAY_B9E074B8,SET_88B39093,BNK_0973B3C7,CLEAN,MATCHED,413604,413604
CASE_02913,PAY_E4BE5944,SET_9863E54D,BNK_F641D372,OTHER,MATCHED,298779,298779
CASE_02914,PAY_225A178B,SET_D6A4353C,BNK_5A81FBEB,REFUND,MATCHED,820695,820695
CASE_02915,PAY_D9A14F67,SET_5B934B36,BNK_7AB5E8D4,CLEAN,MATCHED,540926,540926
CASE_02916,PAY_3B0FA9CC,SET_071F3256,BNK_04F71E0E,CLEAN,MATCHED,840779,840779
CASE_02917,PAY_A202760F,SET_3D4ADF99,BNK_0A2FAF68,REFUND,MATCHED,43019,43019
CASE_02918,PAY_2C774F2B,SET_53F1F96E,BNK_52DA9563,CLEAN,MATCHED,1540271,1540271
CASE_02919,PAY_FFC79908,SET_D85C1FB1,BNK_016FADB5,REFUND,MATCHED,544192,544192
CASE_02920,PAY_C034D1CC,SET_08207E52,BNK_EEC37659,REFUND,MATCHED,658099,658099
CASE_02921,PAY_ADFD97E4,SET_CA843693,BNK_4BFCAADE,FEE_VARIANCE,EXCEPTION,1631760,1631660
CASE_02922,PAY_D51087C8,SET_EBC752BF,BNK_BA040F99,CLEAN,MATCHED,246834,246834
CASE_02923,PAY_AC4C99C5,SET_68E384E5,BNK_9CD4548E,UNEXPLAINED_DELTA,EXCEPTION,344279,315779
CASE_02924,PAY_C0423251,SET_24B58A33,BNK_86E3030F,FEE_VARIANCE,EXCEPTION,657801,657701
CASE_02925,PAY_CBAFF55E,SET_8B79490D,BNK_3B74284E,ONE_TO_MANY,MATCHED,388803,388803
CASE_02926,PAY_30319FE5,SET_604A71FB,BNK_C494C75B,TIMING_DIFFERENCE,MATCHED,1512346,1512346
CASE_02927,PAY_187DCCE8,SET_C60BBF31,BNK_DDE0A8C3,CLEAN,MATCHED,920257,920257
CASE_02928,PAY_131F5D63,SET_99DF0606,BNK_0AE8DC5C,UNEXPLAINED_DELTA,EXCEPTION,151342,136342
CASE_02929,PAY_0A70A84E,SET_C9AF27B9,BNK_670F9138,OTHER,MATCHED,383042,383042
CASE_02930,PAY_D55E1A50,SET_A5118481,BNK_33E14291,CLEAN,MATCHED,1777927,1777927
CASE_02931,PAY_3E29A899,SET_3A60DCC9,BNK_E3B1FF1D,TIMING_DIFFERENCE,MATCHED,176143,176143
CASE_02932,PAY_23FE1108,,,MISSING_SETTLEMENT,EXCEPTION,1588310,1588310
CASE_02933,,SET_A119EF15,BNK_DF424CA5,MISSING_PAYMENT,EXCEPTION,519348,519348
CASE_02934,PAY_D2F47937,SET_D4FC0804,BNK_08D26175,REFERENCE_TYPO,MATCHED,114337,114337
CASE_02935,PAY_D300C6A0,SET_0DD6AFBB,BNK_305DE6DD,OTHER,MATCHED,1106652,1106652
CASE_02936,PAY_5AEE0F41,SET_A6C19652,BNK_6CB5C3BD,TIMING_DIFFERENCE,MATCHED,1006669,1006669
CASE_02937,PAY_C96B20A7,SET_F9C90A3F,BNK_5A712FFF,FEE_VARIANCE,EXCEPTION,41888,41788
CASE_02938,PAY_71818B0D,SET_BEA5FF7D,BNK_3BD280DF,DUPLICATE,REVIEW,353750,353750
CASE_02939,PAY_1ABC1D9E,SET_897DA7DA,BNK_E624AFC4,OTHER,MATCHED,688167,688167
CASE_02940,PAY_26FD7AFB,SET_EB3480BA,BNK_F3AD4B5C,DUPLICATE,REVIEW,144898,144898
CASE_02941,PAY_A2561FC8,SET_5FD3A65F,BNK_4ED0625D,CLEAN,MATCHED,1442436,1442436
CASE_02942,PAY_74072A0B,SET_2248214C,BNK_8CE8BE73,REFUND,MATCHED,927361,927361
CASE_02943,PAY_FC7D019E,SET_91BD557A,BNK_8EC930E0,CLEAN,MATCHED,1690832,1690832
CASE_02944,PAY_3976ED63,SET_71BDDA89,BNK_BB4D5023,AMBIGUOUS,REVIEW,1706748,1706748
CASE_02945,PAY_79FAF66C,SET_13FB3A24,BNK_CAA927FB,CLEAN,MATCHED,949159,949159
CASE_02946,PAY_47E20B35,SET_C1BA906D,BNK_422F4001,CLEAN,MATCHED,894383,894383
CASE_02947,PAY_09AE69C9,SET_6C84DB54,BNK_427C0EFF,CLEAN,MATCHED,1257311,1257311
CASE_02948,PAY_9BAECE1B,SET_EC1CC890,BNK_8145B05C,ONE_TO_MANY,MATCHED,751340,751340
CASE_02949,PAY_E5CBB5ED,SET_E00B4FA3,BNK_A11EBB7B,ONE_TO_MANY,MATCHED,1614478,1614478
CASE_02950,PAY_4BE3A845,SET_182F8F91,BNK_89430B51,CLEAN,MATCHED,192156,192156
CASE_02951,PAY_BB0F0420,SET_8712CA94,BNK_02BE2732,DUPLICATE,REVIEW,989289,989289
CASE_02952,PAY_46A108BC,SET_3B1FF07D,BNK_291C634D,REFERENCE_TYPO,MATCHED,233360,233360
CASE_02953,PAY_F3FBA811,SET_BEB2BFA1,BNK_FCC5BD95,TIMING_DIFFERENCE,MATCHED,629095,629095
CASE_02954,PAY_B3C7406E,SET_C81CE96A,BNK_F9D17199,CLEAN,MATCHED,1654217,1654217
CASE_02955,PAY_47A445EA,SET_999BC57C,BNK_EC47B00B,DUPLICATE,REVIEW,1852329,1852329
CASE_02956,PAY_2C6070B1,SET_7AE52F3D,BNK_3556E6AB,CLEAN,MATCHED,219690,219690
CASE_02957,,SET_F3D17191,BNK_87AC8914,MISSING_PAYMENT,EXCEPTION,1614478,1614478
CASE_02958,PAY_0689B9E4,SET_30ECE959,BNK_3499BDB8,CLEAN,MATCHED,1898903,1898903
CASE_02959,PAY_7A56D745,SET_A5E5A9D1,BNK_FEED8327,CLEAN,MATCHED,979818,979818
CASE_02960,PAY_03E02CDD,SET_E14165A3,BNK_2E5027FC,CLEAN,MATCHED,1202339,1202339
CASE_02961,PAY_EC8EB404,SET_1B3AFE01,BNK_966AEF8D,CLEAN,MATCHED,1509905,1509905
CASE_02962,PAY_EDC1A876,SET_01B1B131,BNK_978D8144,CLEAN,MATCHED,1806145,1806145
CASE_02963,PAY_81511B29,SET_539EEA2A,BNK_600F91E9,CLEAN,MATCHED,1702549,1702549
CASE_02964,PAY_C4719BC1,SET_7A6E4B73,BNK_ED5275F2,OTHER,MATCHED,456077,456077
CASE_02965,PAY_FF8ED8CE,SET_B36D2D02,BNK_BA05A98B,UNEXPLAINED_DELTA,EXCEPTION,1103723,1084223
CASE_02966,PAY_733CE547,SET_F19325F5,BNK_CBE69007,REFERENCE_TYPO,MATCHED,1106457,1106457
CASE_02967,PAY_862B742F,SET_B6358967,BNK_5B28752A,OTHER,MATCHED,953650,953650
CASE_02968,,SET_C3E40DF2,BNK_0999AE55,MISSING_PAYMENT,EXCEPTION,1091323,1091323
CASE_02969,PAY_3D197A7B,SET_D18D37D5,BNK_73E56811,FEE_VARIANCE,EXCEPTION,232286,232186
CASE_02970,PAY_993A5B3C,SET_8DBE6662,BNK_D6A02B44,FEE_VARIANCE,EXCEPTION,1068670,1068570
CASE_02971,PAY_90DD147D,SET_AB99722C,BNK_DB12EFCA,REFUND,MATCHED,52452,52452
CASE_02972,PAY_897DB952,SET_CBA2CC12,BNK_AA9A9B13,CLEAN,MATCHED,1858871,1858871
CASE_02973,PAY_3B8765EA,SET_EC1491BF,BNK_5DEE188E,CLEAN,MATCHED,627337,627337
CASE_02974,,SET_BF19C9E1,BNK_2F6CF7BE,MISSING_PAYMENT,EXCEPTION,662195,662195
CASE_02975,PAY_28ABEC71,SET_0E731993,BNK_4AAB7971,UNEXPLAINED_DELTA,EXCEPTION,1189549,1178349
CASE_02976,PAY_E664DA49,SET_2A1347DA,BNK_AD12C9EB,CLEAN,MATCHED,1432184,1432184
CASE_02977,PAY_F9D4C2BE,SET_0AA189CA,BNK_4EA324C4,REFERENCE_TYPO,MATCHED,1306033,1306033
CASE_02978,PAY_81D67900,SET_6E86DED7,BNK_0AC2C5C0,REFERENCE_TYPO,MATCHED,242245,242245
CASE_02979,PAY_A83E63B0,SET_496430F6,BNK_C551658F,CLEAN,MATCHED,767939,767939
CASE_02980,PAY_2BFB9140,SET_210B40EB,BNK_3C5AEEA6,CLEAN,MATCHED,208560,208560
CASE_02981,PAY_F9673110,SET_F1821E04,BNK_9CC5ED06,CLEAN,MATCHED,813635,813635
CASE_02982,PAY_A9607F57,SET_B1799DDF,BNK_D2924406,FEE_VARIANCE,EXCEPTION,1373405,1373305
CASE_02983,PAY_ADD0C8BD,SET_B670B35C,BNK_8BC97BE7,OTHER,MATCHED,658680,658680
CASE_02984,PAY_EEA70CDA,SET_1469A7CB,BNK_C7A849D1,ONE_TO_MANY,MATCHED,373669,373669
CASE_02985,PAY_AD7BDA01,SET_C9DC95EC,BNK_3A55CCB3,CLEAN,MATCHED,1876544,1876544
CASE_02986,PAY_3B66E4A9,SET_3BE479E3,BNK_E8E371BE,CLEAN,MATCHED,953846,953846
CASE_02987,PAY_5D936C3D,SET_9CCDF376,BNK_C4A8D891,CHARGEBACK,MATCHED,-12451,-12451
CASE_02988,PAY_0501E87C,SET_378E027A,BNK_3E47E0A3,CLEAN,MATCHED,537997,537997
CASE_02989,PAY_1251A9D5,SET_BE063BFB,BNK_76E18E27,DUPLICATE,REVIEW,99105,99105
CASE_02990,PAY_CA045EB3,SET_6E61BAB3,BNK_C8B14F27,TAX_VARIANCE,EXCEPTION,962145,962195
CASE_02991,PAY_D08D2537,SET_F2FB9CAE,BNK_82412284,REFUND,MATCHED,384503,384503
CASE_02992,PAY_9F120BDB,SET_7DC8C1D5,BNK_FA846BA6,CLEAN,MATCHED,1932101,1932101
CASE_02993,PAY_6E3F08D4,SET_5D35BD46,BNK_1A84ADF2,CLEAN,MATCHED,628314,628314
CASE_02994,PAY_6BD1A244,SET_48B6138D,BNK_1EDA262B,CLEAN,MATCHED,213832,213832
CASE_02995,PAY_CDFBE9D5,SET_B6EFC4A6,BNK_A14FC11B,CLEAN,MATCHED,178486,178486
CASE_02996,PAY_4F2B8C9C,SET_88A93970,BNK_C371AFD9,FEE_VARIANCE,EXCEPTION,1664762,1664662
CASE_02997,PAY_921B36F7,SET_2B54B5F2,BNK_85F67F2F,TIMING_DIFFERENCE,MATCHED,1386000,1386000
CASE_02998,PAY_6C8F7A27,SET_0D59B43D,BNK_F4774ABF,CLEAN,MATCHED,1530507,1530507
CASE_02999,PAY_20E07665,SET_D4EC3A4D,BNK_8842C0C3,UNEXPLAINED_DELTA,EXCEPTION,1271957,1262557
CASE_03000,PAY_BE24AD9A,SET_8DD59879,BNK_F3F0F27B,CLEAN,MATCHED,1409824,1409824
CASE_03001,PAY_781AD290,SET_921EE2E1,BNK_93E092CF,FEE_VARIANCE,EXCEPTION,480389,480289
CASE_03002,PAY_96D42865,SET_59F90B5B,BNK_BD0F2A78,OTHER,MATCHED,227209,227209
CASE_03003,PAY_66C482E8,SET_646815A5,BNK_B9CA2627,AMBIGUOUS,REVIEW,885302,885302
CASE_03004,PAY_E42DBED2,SET_E589C823,BNK_C79595BA,CLEAN,MATCHED,963219,963219
CASE_03005,PAY_3E02FBBE,SET_EB982C91,BNK_E02D1BBD,TAX_VARIANCE,EXCEPTION,1576789,1576839
CASE_03006,PAY_A7C32CAA,SET_D5431166,BNK_FFA5F076,CLEAN,MATCHED,293702,293702
CASE_03007,PAY_C50849FB,SET_10700973,BNK_A46D2E61,REFUND,MATCHED,724367,724367
CASE_03008,,SET_811320D2,BNK_E1061EDE,MISSING_PAYMENT,EXCEPTION,1651288,1651288
CASE_03009,PAY_7EAA0014,SET_4C876C57,BNK_1F7C0EF7,CLEAN,MATCHED,834822,834822
CASE_03010,PAY_815A8B87,SET_D8A69488,BNK_25226E80,TAX_VARIANCE,EXCEPTION,983723,983773
CASE_03011,PAY_D4CA969B,SET_92F32AE0,BNK_75346C25,AMBIGUOUS,REVIEW,583888,583888
CASE_03012,PAY_F3B7B445,SET_4FD8D701,BNK_78F50A2A,TAX_VARIANCE,EXCEPTION,1230753,1230803
CASE_03013,PAY_D460E86F,SET_CD5083E9,BNK_A51F9457,OTHER,MATCHED,1371257,1371257
CASE_03014,PAY_4AA01F33,SET_4B7CD774,BNK_02F58D5C,DUPLICATE,REVIEW,258258,258258
CASE_03015,PAY_CB64F895,SET_FD44E151,BNK_76BAE88E,CLEAN,MATCHED,638566,638566
CASE_03016,PAY_1CD77354,SET_C46E98D2,BNK_A491C6EB,CLEAN,MATCHED,1701768,1701768
CASE_03017,PAY_7A89B9A8,SET_B873C6D2,BNK_FFDC850D,CLEAN,MATCHED,1373112,1373112
CASE_03018,PAY_8BE7B9CD,SET_B07525FC,BNK_C430C095,REFUND,MATCHED,104237,104237
CASE_03019,PAY_6A1D0516,SET_6A4AB4EB,BNK_3DA0944B,CLEAN,MATCHED,390268,390268
CASE_03020,PAY_ADB2B8B5,SET_C6758BC5,BNK_56FEF6B4,CLEAN,MATCHED,577053,577053
CASE_03021,PAY_9660B480,SET_F54D82E8,BNK_E0077008,REFUND,MATCHED,138204,138204
CASE_03022,PAY_FED19ADA,SET_F5B960C6,BNK_12316F18,DUPLICATE,REVIEW,1625414,1625414
CASE_03023,PAY_C5D88553,SET_989E9788,BNK_6A1EB4B8,DUPLICATE,REVIEW,10936,10936
CASE_03024,PAY_30CDCB3D,SET_F3DC2E2D,BNK_0D9F1E27,CHARGEBACK,MATCHED,-5557,-5557
CASE_03025,PAY_56EE4512,SET_D03707AF,BNK_EE316D29,FEE_VARIANCE,EXCEPTION,827597,827497
CASE_03026,PAY_34630903,SET_89FB9CF6,BNK_1ACD45ED,CLEAN,MATCHED,1068670,1068670
CASE_03027,PAY_3D38324B,SET_7A15C9FA,BNK_84DB08E4,TIMING_DIFFERENCE,MATCHED,700470,700470
CASE_03028,PAY_50CF8CC9,SET_CCB86425,BNK_29AC0631,HIGH_VALUE_ANOMALY,REVIEW,5370200,5370200
CASE_03029,PAY_0C5E34EA,SET_5FD8668E,BNK_EC251B7A,TIMING_DIFFERENCE,MATCHED,1132722,1132722
CASE_03030,PAY_F8A51990,SET_704C36D0,BNK_29007E60,CLEAN,MATCHED,1808391,1808391
CASE_03031,,SET_D28681F6,BNK_D52934AE,MISSING_PAYMENT,EXCEPTION,107990,107990
CASE_03032,PAY_BC475EFA,SET_F532A2CB,BNK_EE875395,CLEAN,MATCHED,944472,944472
CASE_03033,PAY_D084800A,SET_385C51BB,BNK_48EA0B83,CLEAN,MATCHED,675767,675767
CASE_03034,PAY_FE1ED4C1,SET_FD47A8C2,BNK_E4348F34,DUPLICATE,REVIEW,451293,451293
CASE_03035,PAY_DC81B075,SET_A8D7B2D6,BNK_F45E1AD0,CLEAN,MATCHED,1086538,1086538
CASE_03036,PAY_055BAB8D,SET_CFA8CE14,BNK_9856ECC0,CLEAN,MATCHED,94125,94125
CASE_03037,PAY_BC5D7C88,SET_9A556372,BNK_F7CD9D09,AMBIGUOUS,REVIEW,739819,739819
CASE_03038,PAY_3550FB0F,SET_D0A28223,BNK_1B6363E3,CLEAN,MATCHED,961754,961754
CASE_03039,PAY_5537C520,SET_037FD299,BNK_53C69F46,DUPLICATE,REVIEW,1745413,1745413
CASE_03040,PAY_7CFC5F4B,SET_EBE5C64C,BNK_F8115EE7,REFERENCE_TYPO,MATCHED,1807903,1807903
CASE_03041,PAY_501CA515,SET_3458398F,BNK_782AAABF,REFERENCE_TYPO,MATCHED,1375260,1375260
CASE_03042,PAY_CB64AFB6,SET_13568C22,BNK_72E270D0,FEE_VARIANCE,EXCEPTION,867825,867725
CASE_03043,PAY_1CE42BCF,SET_2504E843,BNK_C68C9BCA,FEE_VARIANCE,EXCEPTION,1406114,1406014
CASE_03044,PAY_EEF3E76D,SET_2635DF05,BNK_0D093226,TIMING_DIFFERENCE,MATCHED,20310,20310
CASE_03045,PAY_2741668C,SET_D65A05B4,BNK_2D9672E5,FEE_VARIANCE,EXCEPTION,809436,809336
CASE_03046,PAY_8420157C,SET_62ED42DA,BNK_886B6340,CLEAN,MATCHED,971518,971518
CASE_03047,PAY_90DAE831,SET_75D8C2AC,BNK_40526FAF,UNEXPLAINED_DELTA,EXCEPTION,891454,855554
CASE_03048,PAY_D2019F83,SET_D4181652,BNK_A48140D6,REFUND,MATCHED,286174,286174
CASE_03049,PAY_DC317908,SET_F7B18AB2,BNK_82F945C8,CHARGEBACK,MATCHED,-12670,-12670
CASE_03050,PAY_8FF1F5E2,SET_719E6F23,BNK_C075E544,OTHER,MATCHED,1091909,1091909
CASE_03051,PAY_9B7DA1C4,SET_93F6F60B,BNK_5564ADED,CLEAN,MATCHED,1867268,1867268
CASE_03052,PAY_E7B4043F,SET_E8D9EB03,BNK_5A2ABA7C,FEE_VARIANCE,EXCEPTION,231505,231405
CASE_03053,PAY_88D70515,SET_8DEAF517,BNK_05268A9E,CLEAN,MATCHED,619819,619819
CASE_03054,PAY_F7E47DBC,SET_7B2FB00D,BNK_6D8C0A2B,UNEXPLAINED_DELTA,EXCEPTION,1442339,1401339
CASE_03055,PAY_9D305CF7,SET_A801BD73,BNK_D968A994,OTHER,MATCHED,1716609,1716609
CASE_03056,PAY_B1B88E2F,SET_AAB3FDB2,BNK_1D90392C,CLEAN,MATCHED,733472,733472
CASE_03057,PAY_5F543554,SET_57D29A78,BNK_B4183420,CLEAN,MATCHED,1002275,1002275
CASE_03058,PAY_FCCD544E,SET_6BB419FB,BNK_193BF872,REFUND,MATCHED,180080,180080
CASE_03059,PAY_3A7ED671,SET_4BE0BCF6,BNK_4938097E,FEE_VARIANCE,EXCEPTION,1746097,1745997
CASE_03060,PAY_8747DCC2,SET_F0C540AD,BNK_E2290849,REFUND,MATCHED,53310,53310
CASE_03061,PAY_7403C24A,SET_D5DD8DCB,BNK_E3C9661B,CLEAN,MATCHED,1745706,1745706
CASE_03062,PAY_AB05DE55,SET_8D9D08E1,BNK_95714E29,CLEAN,MATCHED,387827,387827
CASE_03063,PAY_A5B3E2F0,SET_60CA32AF,BNK_FCFDBAFB,AMBIGUOUS,REVIEW,1521427,1521427
CASE_03064,PAY_E8A0A3A5,SET_D08173DC,BNK_BE757787,CLEAN,MATCHED,1041331,1041331
CASE_03065,PAY_7A48815C,SET_6F21BE2A,BNK_B862D2FF,CLEAN,MATCHED,1918041,1918041
CASE_03066,PAY_EB5710B8,SET_7F4AC845,BNK_4A8E3FD4,TAX_VARIANCE,EXCEPTION,1073357,1073407
CASE_03067,PAY_12C535F1,SET_38932B34,BNK_48E0EB04,CLEAN,MATCHED,778679,778679
CASE_03068,PAY_5D1E620C,SET_A38BB452,BNK_8016F2F3,REFUND,MATCHED,662339,662339
CASE_03069,PAY_4E729B07,SET_14170A4C,BNK_59A07004,HIGH_VALUE_ANOMALY,REVIEW,5370200,5370200
CASE_03070,PAY_0EC96C2F,SET_967D6977,BNK_D7FB4309,REFERENCE_TYPO,MATCHED,395345,395345
CASE_03071,,SET_A146C3B9,BNK_D728922F,MISSING_PAYMENT,EXCEPTION,1256334,1256334
CASE_03072,PAY_42A238D0,SET_B743E041,BNK_183A4C5F,CLEAN,MATCHED,1827333,1827333
CASE_03073,PAY_6A592E10,SET_E2BFA3D6,BNK_042EB06C,UNEXPLAINED_DELTA,EXCEPTION,1559799,1553899
CASE_03074,PAY_1CC46DDD,SET_23266BA1,BNK_E4D6690D,DUPLICATE,REVIEW,1852329,1852329
CASE_03075,PAY_E89F1336,SET_11E858D4,BNK_E125C453,ONE_TO_MANY,MATCHED,532041,532041
CASE_03076,PAY_430FF603,SET_6054EB2B,BNK_4952F06F,CHARGEBACK,MATCHED,-38007,-38007
CASE_03077,PAY_71D585AE,SET_1BF84C8F,BNK_C3CED393,CLEAN,MATCHED,1079997,1079997
CASE_03078,PAY_1EFB6930,SET_573276DA,BNK_555EDF74,CLEAN,MATCHED,428542,428542
CASE_03079,PAY_8D66C442,SET_B538911B,BNK_AF05E11A,CLEAN,MATCHED,1233096,1233096
CASE_03080,PAY_B79316C4,SET_8937A11E,BNK_C7F4EC2E,OTHER,MATCHED,38666,38666
CASE_03081,PAY_9AA45B7A,SET_8FC7246D,BNK_67F29EAD,UNEXPLAINED_DELTA,EXCEPTION,1239052,1192252
CASE_03082,PAY_D7795EC8,SET_C13DEF81,BNK_B1A72B7B,REFERENCE_TYPO,MATCHED,172726,172726
CASE_03083,PAY_0E2F0F89,SET_D8EACC89,BNK_B39125DB,CLEAN,MATCHED,1894998,1894998
CASE_03084,PAY_71CDB1BC,SET_CFDCB6CB,BNK_A9473CE3,CLEAN,MATCHED,1718562,1718562
CASE_03085,PAY_7DD159B1,SET_1DE3DD47,BNK_9A228FB7,CLEAN,MATCHED,26656,26656
CASE_03086,PAY_2D900799,SET_78045D0A,BNK_9C1F9790,CHARGEBACK,MATCHED,-34005,-34005
CASE_03087,PAY_CD39C8BF,SET_B55A220F,BNK_542DE018,CLEAN,MATCHED,1346066,1346066
CASE_03088,PAY_957C15BF,SET_21161EE0,BNK_BA1C2439,CLEAN,MATCHED,857182,857182
CASE_03089,PAY_F783FBA1,SET_34EE9F8E,BNK_FEF0DA96,FEE_VARIANCE,EXCEPTION,15037,14937
CASE_03090,PAY_CFD1CA6E,SET_677455DA,BNK_41B81CCE,CLEAN,MATCHED,1118174,1118174
CASE_03091,,SET_80ED5237,BNK_D49BFB2D,MISSING_PAYMENT,EXCEPTION,824375,824375
CASE_03092,,SET_AA7A8103,BNK_99558C88,MISSING_PAYMENT,EXCEPTION,1891580,1891580
CASE_03093,PAY_21F904A3,SET_6A555998,BNK_AFEA84F1,TIMING_DIFFERENCE,MATCHED,770966,770966
CASE_03094,PAY_8544F4AC,SET_2D7FF31D,BNK_4161AA14,CLEAN,MATCHED,1380435,1380435
CASE_03095,PAY_92EBB6B2,SET_FD15FC57,BNK_3696A471,REFUND,MATCHED,818122,818122
CASE_03096,PAY_E14EAAC3,SET_39E88A8D,BNK_C786D6CB,CLEAN,MATCHED,299169,299169
CASE_03097,PAY_35DB73E5,SET_C8BDD994,BNK_F100F82C,FEE_VARIANCE,EXCEPTION,376403,376303
CASE_03098,PAY_63022431,SET_6E9A0604,BNK_61B7EC15,FEE_VARIANCE,EXCEPTION,19333,19233
CASE_03099,PAY_632C1566,SET_C90F37AA,BNK_B6E30362,DUPLICATE,REVIEW,1050216,1050216
CASE_03100,PAY_703C4EB9,SET_2D5B3212,BNK_F040C721,CLEAN,MATCHED,1738774,1738774
CASE_03101,PAY_13ADADA6,SET_E0BE0F7F,BNK_CEDACFC3,CLEAN,MATCHED,1816300,1816300
CASE_03102,PAY_DE333C60,SET_2B795077,BNK_F80C1C09,CLEAN,MATCHED,342229,342229
CASE_03103,PAY_398BF0E2,SET_63439C21,BNK_3DB99BE4,UNEXPLAINED_DELTA,EXCEPTION,511732,463232
CASE_03104,PAY_5C546E71,SET_8C39E206,BNK_C948AE75,ONE_TO_MANY,MATCHED,1920286,1920286
CASE_03105,PAY_29A90059,SET_46FB5988,BNK_AADBE0C1,OTHER,MATCHED,47942,47942
CASE_03106,PAY_8DC2C0A5,SET_B7FD500D,BNK_2C10912B,TIMING_DIFFERENCE,MATCHED,238340,238340
CASE_03107,PAY_E09517AD,SET_6276300C,BNK_686D7028,FEE_VARIANCE,EXCEPTION,905514,905414
CASE_03108,PAY_029538AB,SET_82C79520,BNK_95EE58EF,REFERENCE_TYPO,MATCHED,786393,786393
CASE_03109,PAY_625E46D5,SET_7D085A23,BNK_41C04585,REFERENCE_TYPO,MATCHED,143043,143043
CASE_03110,PAY_E41EAC10,SET_393B4977,BNK_DE24022A,CLEAN,MATCHED,889501,889501
CASE_03111,PAY_71CCEB66,SET_987B442D,BNK_E30CECCF,FEE_VARIANCE,EXCEPTION,1350459,1350359
CASE_03112,PAY_75682AC3,SET_0F75D118,BNK_39659C88,FEE_VARIANCE,EXCEPTION,1581476,1581376
CASE_03113,PAY_635E5153,SET_BBF8814B,BNK_D6433FB2,CLEAN,MATCHED,633684,633684
CASE_03114,PAY_F2FA55C5,SET_0D8F8983,BNK_0BF3F15F,REFERENCE_TYPO,MATCHED,781706,781706
CASE_03115,PAY_035F5ACC,SET_52199003,BNK_C30BAC6A,TIMING_DIFFERENCE,MATCHED,1311794,1311794
CASE_03116,PAY_C519B024,SET_3A81F8E6,BNK_764000E1,CLEAN,MATCHED,1626585,1626585
CASE_03117,PAY_2A8339D4,SET_97FC3E7B,BNK_7176B032,CLEAN,MATCHED,362733,362733
CASE_03118,PAY_7217615D,SET_512513E0,BNK_9844EBEA,CLEAN,MATCHED,403644,403644
CASE_03119,PAY_9E4241D6,SET_B0E8790B,BNK_415EF4DA,TAX_VARIANCE,EXCEPTION,344084,344134
CASE_03120,PAY_CE309D53,SET_EC810AB5,BNK_585A3314,REFUND,MATCHED,489263,489263
CASE_03121,PAY_8DBD2D39,SET_08AA9EA3,BNK_16C7F925,CHARGEBACK,MATCHED,-43303,-43303
CASE_03122,PAY_8F5C2B89,SET_59D25ABB,BNK_F1E6230C,AMBIGUOUS,REVIEW,1556480,1556480
CASE_03123,PAY_CBB850E2,SET_A456D456,BNK_F0655EEB,CHARGEBACK,MATCHED,-41776,-41776
CASE_03124,PAY_D43AD088,SET_4366B42D,BNK_E0DF1F5B,TAX_VARIANCE,EXCEPTION,872121,872171
CASE_03125,,SET_B9F2A407,BNK_A480B5EF,MISSING_PAYMENT,EXCEPTION,1664665,1664665
CASE_03126,PAY_3C4EC399,SET_380206F0,BNK_B410C1F7,CHARGEBACK,MATCHED,-35756,-35756
CASE_03127,PAY_AB4257E8,SET_CAF1FC0C,BNK_20FF786C,TAX_VARIANCE,EXCEPTION,1832215,1832265
CASE_03128,PAY_CA18B480,SET_CEEC9584,BNK_A6D0D91F,CLEAN,MATCHED,1196383,1196383
CASE_03129,PAY_3EEB2D43,SET_1AF106B3,BNK_F21DBB4C,CHARGEBACK,MATCHED,-6421,-6421
CASE_03130,PAY_A09BD905,SET_19E9544A,BNK_D1799CFF,CHARGEBACK,MATCHED,-29162,-29162
CASE_03131,PAY_E8FDB498,SET_751F91BB,BNK_14F8058F,CLEAN,MATCHED,1760840,1760840
CASE_03132,PAY_91A6417C,SET_FF951EC7,BNK_07DE62E7,CLEAN,MATCHED,422489,422489
CASE_03133,PAY_6A979356,SET_D7DC6E1F,BNK_BEC4E352,OTHER,MATCHED,658973,658973
CASE_03134,PAY_3EAA8393,SET_25DEA591,BNK_929F92C0,CLEAN,MATCHED,1850767,1850767
CASE_03135,PAY_B97EF34F,SET_7598E28C,BNK_B8BD962E,CLEAN,MATCHED,1937471,1937471
CASE_03136,,SET_B9D991A4,BNK_08E400EB,MISSING_PAYMENT,EXCEPTION,142555,142555
CASE_03137,PAY_69D7BB71,SET_005A5B06,BNK_35F6BF1F,DUPLICATE,REVIEW,1134382,1134382
CASE_03138,PAY_FD83C03C,SET_8695746A,BNK_8D7907F9,FEE_VARIANCE,EXCEPTION,1516447,1516347
CASE_03139,PAY_C30B89CF,SET_A920B465,BNK_C057893F,CLEAN,MATCHED,1812199,1812199
CASE_03140,PAY_C56CD922,,,MISSING_SETTLEMENT,EXCEPTION,1175488,1175488
CASE_03141,PAY_8CB85114,SET_FD16785F,BNK_6E4FA692,CLEAN,MATCHED,949647,949647
CASE_03142,PAY_7BB98AD8,SET_5A43E495,BNK_A22E420D,CLEAN,MATCHED,445825,445825
CASE_03143,PAY_A15E1D12,SET_33CA7C0E,BNK_0236DF22,UNEXPLAINED_DELTA,EXCEPTION,1865022,1827322
CASE_03144,PAY_088561C0,SET_D598B11F,BNK_A6C5B3C1,CLEAN,MATCHED,349942,349942
CASE_03145,PAY_67AAA8DF,SET_E3D77A47,BNK_D1221CC7,CLEAN,MATCHED,1400256,1400256
CASE_03146,PAY_7077CF4B,SET_D8BA4326,BNK_F0D4CC7E,OTHER,MATCHED,555182,555182
CASE_03147,PAY_9B606D6D,SET_4E4563E3,BNK_5677EC2B,AMBIGUOUS,REVIEW,271830,271830
CASE_03148,PAY_DD0CB782,SET_26F159AA,BNK_A4F0145D,FEE_VARIANCE,EXCEPTION,1798139,1798039
CASE_03149,PAY_872C28D5,SET_02FBAC4C,BNK_F118E767,AMBIGUOUS,REVIEW,971518,971518
CASE_03150,PAY_01C8DA3A,SET_523979E4,BNK_28DC3E7B,OTHER,MATCHED,1173243,1173243
CASE_03151,PAY_F3F09284,SET_076C8DCA,BNK_BABAC8EE,CLEAN,MATCHED,1618872,1618872
CASE_03152,PAY_B7EA47E9,SET_6A15B5B3,BNK_F902CD0B,DUPLICATE,REVIEW,83190,83190
CASE_03153,PAY_29C6F5C8,SET_AD16BFAF,BNK_EAF75F5B,ONE_TO_MANY,MATCHED,854936,854936
CASE_03154,PAY_41717393,SET_F1C706E9,BNK_DD428186,CLEAN,MATCHED,1299979,1299979
CASE_03155,PAY_8014BE2E,SET_F3B6D2BB,BNK_C91972AF,TAX_VARIANCE,EXCEPTION,1068280,1068330
CASE_03156,PAY_27CA7194,SET_A0AC92BB,BNK_2A5B89B5,CLEAN,MATCHED,1758009,1758009
CASE_03157,PAY_50E61618,SET_4AD0CE3E,BNK_B292B69D,UNEXPLAINED_DELTA,EXCEPTION,186591,181991
CASE_03158,PAY_C58CBE0B,SET_D759448D,BNK_4D45D63F,AMBIGUOUS,REVIEW,1486765,1486765
CASE_03159,PAY_3EEB403B,SET_C07BB6D9,BNK_F7621AED,REFUND,MATCHED,334005,334005
CASE_03160,PAY_DCCE9359,SET_9F4436F2,BNK_CF306382,HIGH_VALUE_ANOMALY,REVIEW,58584000,58584000
CASE_03161,PAY_FD6071DB,SET_8CB565CD,BNK_0F66FB89,HIGH_VALUE_ANOMALY,REVIEW,14646000,14646000
CASE_03162,PAY_470EA598,SET_52C8AD06,BNK_8879A51A,CLEAN,MATCHED,1590166,1590166
CASE_03163,PAY_56D1F337,SET_1845CEC1,BNK_2DB2F759,TAX_VARIANCE,EXCEPTION,1485886,1485936
CASE_03164,PAY_B9E71364,,,MISSING_SETTLEMENT,EXCEPTION,41302,41302
CASE_03165,PAY_DD41DF6A,SET_54E43D2E,BNK_4E09570A,CLEAN,MATCHED,1943720,1943720
CASE_03166,PAY_0D064348,SET_1B299FD4,BNK_2E5B3EE5,CHARGEBACK,MATCHED,-20732,-20732
CASE_03167,PAY_F9BC836A,SET_7A7C1C09,BNK_982CA587,HIGH_VALUE_ANOMALY,REVIEW,5370200,5370200
CASE_03168,PAY_27A6DF06,SET_A57DA2DE,BNK_A04D6C0C,CLEAN,MATCHED,1316090,1316090
CASE_03169,PAY_84E7D714,SET_BA794D2A,BNK_A498F013,UNEXPLAINED_DELTA,EXCEPTION,1010867,1000867
CASE_03170,PAY_A72D73FC,SET_09795BCC,BNK_5DDCCF3C,CLEAN,MATCHED,1403478,1403478
CASE_03171,PAY_3DFE2C0D,SET_7E462963,BNK_463231E6,CLEAN,MATCHED,648916,648916
CASE_03172,PAY_2444067F,SET_E0A4A178,BNK_28CC98B3,ONE_TO_MANY,MATCHED,368787,368787
CASE_03173,PAY_2FD6126F,SET_8F4EB49D,BNK_5C857D20,OTHER,MATCHED,1843151,1843151
CASE_03174,PAY_252C39E4,SET_324AD55E,BNK_83494D80,REFERENCE_TYPO,MATCHED,525792,525792
CASE_03175,PAY_9F232B30,SET_B3DF0EC2,BNK_B4E05960,UNEXPLAINED_DELTA,EXCEPTION,16697,-10703
CASE_03176,PAY_CDFB6EF3,SET_D29BE3AB,BNK_6E9B4C38,TAX_VARIANCE,EXCEPTION,1770897,1770947
CASE_03177,PAY_708E8F48,SET_97638650,BNK_426F2B0A,CLEAN,MATCHED,1899391,1899391
CASE_03178,PAY_59E2E84C,SET_B4C17AA2,BNK_09D6A2FA,CLEAN,MATCHED,1444975,1444975
CASE_03179,PAY_4FAC4318,SET_21F39E3C,BNK_D4142D36,CHARGEBACK,MATCHED,-9194,-9194
CASE_03180,PAY_20FF2F47,SET_D6D752DC,BNK_F77CA053,CLEAN,MATCHED,196647,196647
CASE_03181,PAY_5C1D3E80,SET_A3ECB6AA,BNK_61F827FA,CLEAN,MATCHED,1620824,1620824
CASE_03182,PAY_47E1410B,SET_7BA8B1CE,BNK_B3F73C5F,DUPLICATE,REVIEW,1351436,1351436
CASE_03183,PAY_4E249880,SET_9A955132,BNK_79DE3F6A,CLEAN,MATCHED,1779782,1779782
CASE_03184,PAY_38AB4FA0,SET_472688CE,BNK_50844898,CLEAN,MATCHED,1558433,1558433
CASE_03185,PAY_63C2CD53,SET_52F49097,BNK_996AE84B,TAX_VARIANCE,EXCEPTION,1320191,1320241
CASE_03186,PAY_30C4B540,SET_535C81B7,BNK_ED809EED,TIMING_DIFFERENCE,MATCHED,53995,53995
CASE_03187,PAY_4A9FC2AF,SET_A610DE0F,BNK_EDAC3375,FEE_VARIANCE,EXCEPTION,906978,906878
CASE_03188,PAY_951283E7,SET_F51B2B0E,BNK_40A910FB,ONE_TO_MANY,MATCHED,1612330,1612330
CASE_03189,PAY_67AB9DC2,SET_985CEDE7,BNK_BD7A7664,TIMING_DIFFERENCE,MATCHED,1750393,1750393
CASE_03190,PAY_EE61A9B7,SET_E0CDACD1,BNK_2F924728,HIGH_VALUE_ANOMALY,REVIEW,14646000,14646000
CASE_03191,PAY_AE74FA91,SET_1C8AF725,BNK_F150B49B,CLEAN,MATCHED,1254967,1254967
CASE_03192,PAY_455CF82E,SET_E3630597,BNK_77F0B6FC,TIMING_DIFFERENCE,MATCHED,1082047,1082047
CASE_03193,PAY_D30B3E99,SET_C7EBB4DF,BNK_80AC4727,TAX_VARIANCE,EXCEPTION,1624828,1624878
CASE_03194,PAY_5824F55F,SET_E46003DD,BNK_561C399D,CLEAN,MATCHED,41205,41205
CASE_03195,PAY_290E5D99,SET_DD85DF3B,BNK_C576B70B,CHARGEBACK,MATCHED,-7219,-7219
CASE_03196,PAY_7A632652,SET_86DCF9DD,BNK_73009673,REFERENCE_TYPO,MATCHED,1123837,1123837
CASE_03197,PAY_6546A844,SET_DBE3CE84,BNK_290864AE,CLEAN,MATCHED,266655,266655
CASE_03198,PAY_A16CDD55,SET_1A8792AE,BNK_42054FDC,CLEAN,MATCHED,1256920,1256920
CASE_03199,PAY_74A2137F,SET_A8680694,BNK_BF5B66DB,CLEAN,MATCHED,88755,88755
CASE_03200,PAY_C7356C21,SET_A82E3880,BNK_3F9F0F4F,HIGH_VALUE_ANOMALY,REVIEW,5370200,5370200
CASE_03201,PAY_190750D2,SET_A82FB29E,BNK_23756299,TAX_VARIANCE,EXCEPTION,249080,249130
CASE_03202,PAY_02EFAA59,SET_769B8C84,BNK_B1280B75,TAX_VARIANCE,EXCEPTION,290284,290334
CASE_03203,PAY_D30553E4,SET_8C1F81AD,BNK_7E2EDBBE,CLEAN,MATCHED,1461574,1461574
CASE_03204,PAY_D0ADF0F2,SET_9ED55389,BNK_B8D06ABB,TAX_VARIANCE,EXCEPTION,749778,749828
CASE_03205,PAY_6F1EB6E9,SET_1D38A5D3,BNK_8D076BD4,CLEAN,MATCHED,846832,846832
CASE_03206,PAY_3DFCEEF7,SET_6364C567,BNK_3703F6C2,AMBIGUOUS,REVIEW,109455,109455
CASE_03207,PAY_67E22688,SET_5C0844C4,BNK_9F181ECF,CLEAN,MATCHED,339885,339885
CASE_03208,PAY_693223E3,SET_D5FD6BD4,BNK_21564654,CLEAN,MATCHED,672838,672838
CASE_03209,PAY_736A88E8,SET_EB7E2F56,BNK_148E2C8D,CLEAN,MATCHED,1926047,1926047
CASE_03210,PAY_38F936F4,SET_1ADC8A8B,BNK_CAA10CCF,REFERENCE_TYPO,MATCHED,981868,981868
CASE_03211,PAY_21C544DD,SET_77E563A6,BNK_8CF17778,TIMING_DIFFERENCE,MATCHED,1033910,1033910
CASE_03212,PAY_325BEAE5,SET_18EC7A88,BNK_061172B9,TIMING_DIFFERENCE,MATCHED,1343625,1343625
CASE_03213,PAY_A84165B0,SET_7A9150C1,BNK_FE62007B,TAX_VARIANCE,EXCEPTION,324849,324899
CASE_03214,PAY_595450F3,SET_0F643030,BNK_AA5B1FB1,CLEAN,MATCHED,1348897,1348897
CASE_03215,PAY_117DC055,SET_6E0764EF,BNK_200C16CA,REFERENCE_TYPO,MATCHED,29292,29292
CASE_03216,PAY_B614492C,SET_5E570A4B,BNK_87FBDC1F,DUPLICATE,REVIEW,1397034,1397034
CASE_03217,PAY_DEAC1D73,SET_F49C5438,BNK_8331F2DA,DUPLICATE,REVIEW,1397815,1397815
CASE_03218,PAY_317BCC54,SET_F048FEFE,BNK_C1E706C9,DUPLICATE,REVIEW,552643,552643
CASE_03219,PAY_1C020F28,SET_09905A25,BNK_182C94A7,TAX_VARIANCE,EXCEPTION,1556480,1556530
CASE_03220,PAY_B8ECF985,SET_E9E6E85C,BNK_B7A27D39,CLEAN,MATCHED,1515373,1515373
CASE_03221,,SET_256A97E6,BNK_F10D46C7,MISSING_PAYMENT,EXCEPTION,1524063,1524063
CASE_03222,PAY_43F43B99,SET_FE8FC831,BNK_1A2B5719,AMBIGUOUS,REVIEW,693537,693537
CASE_03223,PAY_CC9BD0BE,SET_7063F702,BNK_1162713B,REFERENCE_TYPO,MATCHED,852788,852788
CASE_03224,PAY_552E0AAF,SET_6C9A7936,BNK_202228B2,CLEAN,MATCHED,1668180,1668180
CASE_03225,PAY_04CD7AAD,SET_4890BADC,BNK_F8026161,OTHER,MATCHED,738745,738745
CASE_03226,PAY_F67F434C,SET_492A2489,BNK_F8539C49,CLEAN,MATCHED,362635,362635
CASE_03227,PAY_DFF276A2,SET_7B5D7ECA,BNK_70295A95,CLEAN,MATCHED,676939,676939
CASE_03228,,SET_886C0B1E,BNK_F06BEEEC,MISSING_PAYMENT,EXCEPTION,1106066,1106066
CASE_03229,PAY_C5960F41,SET_1EE91924,BNK_213964DD,CLEAN,MATCHED,748411,748411
CASE_03230,PAY_686D1228,SET_9E60DD37,BNK_04434DDF,DUPLICATE,REVIEW,1862288,1862288
CASE_03231,PAY_E55A4364,SET_661BF178,BNK_05A6D0DB,REFERENCE_TYPO,MATCHED,1676772,1676772
CASE_03232,PAY_AC26A837,,,MISSING_SETTLEMENT,EXCEPTION,1175879,1175879
CASE_03233,PAY_25E56482,SET_7CD4206B,BNK_ECA94640,TAX_VARIANCE,EXCEPTION,857377,857427
CASE_03234,PAY_9ABF4FB8,SET_908E7488,BNK_FCFAB1A7,ONE_TO_MANY,MATCHED,1885722,1885722
CASE_03235,PAY_C2E23AD2,SET_2B5D3F0F,BNK_D9766261,CLEAN,MATCHED,495719,495719
CASE_03236,,SET_6B7EB08F,BNK_BBA86D4C,MISSING_PAYMENT,EXCEPTION,1043284,1043284
CASE_03237,PAY_91EBE465,,,MISSING_SETTLEMENT,EXCEPTION,1640645,1640645
CASE_03238,PAY_DC6DB0AA,SET_4B03881A,BNK_9F446DD0,HIGH_VALUE_ANOMALY,REVIEW,14646000,14646000
CASE_03239,PAY_20F46D29,SET_49DC1003,BNK_5F5E672B,CHARGEBACK,MATCHED,-11807,-11807
CASE_03240,PAY_470F5821,SET_9D38F775,BNK_989C752C,CLEAN,MATCHED,1029419,1029419
CASE_03241,PAY_B452C090,SET_1254E251,BNK_BBCF1A35,CLEAN,MATCHED,217933,217933
CASE_03242,PAY_901C0FA6,SET_4ED07F8F,BNK_FDADC7A8,CLEAN,MATCHED,1883671,1883671
CASE_03243,PAY_E4D73382,SET_6DE56561,BNK_D1DA8DD6,FEE_VARIANCE,EXCEPTION,1156156,1156056
CASE_03244,PAY_C48A67A0,SET_0B156D28,BNK_1404371C,ONE_TO_MANY,MATCHED,376989,376989
CASE_03245,PAY_3CBA6B47,SET_7EFC31F7,BNK_2FB919F6,CLEAN,MATCHED,362831,362831
CASE_03246,PAY_6FB80BF7,SET_E82F3E32,BNK_F3622043,OTHER,MATCHED,1554820,1554820
CASE_03247,PAY_28EF2B28,SET_20258630,BNK_08A11525,AMBIGUOUS,REVIEW,1826357,1826357
CASE_03248,PAY_930C52E7,SET_BB1934D7,BNK_197D26AA,DUPLICATE,REVIEW,211684,211684
CASE_03249,PAY_F2AEB568,SET_D091E4DF,BNK_DDA4C0EA,CHARGEBACK,MATCHED,-25360,-25360
CASE_03250,PAY_1061390B,SET_E0779D7C,BNK_A1767D8C,CLEAN,MATCHED,1595536,1595536
CASE_03251,PAY_23670382,SET_EF7C48A5,BNK_37075C53,REFUND,MATCHED,728940,728940
CASE_03252,PAY_2B012882,SET_97F8B4CC,BNK_F44A7059,CLEAN,MATCHED,38959,38959
CASE_03253,PAY_E742582D,SET_7A7EACF7,BNK_82841571,CLEAN,MATCHED,1356415,1356415
CASE_03254,PAY_9E7F7AFE,SET_C9C0DF08,BNK_1150C299,ONE_TO_MANY,MATCHED,1051095,1051095
CASE_03255,PAY_0DFD9C60,SET_AE04E87D,BNK_D33CD80D,CLEAN,MATCHED,59366,59366
CASE_03256,PAY_E5F602A7,SET_07AC2A5C,BNK_6E699C09,REFERENCE_TYPO,MATCHED,431276,431276
CASE_03257,PAY_2C2ADD1D,SET_BFB67BB8,BNK_3D8BFC82,CLEAN,MATCHED,832577,832577
CASE_03258,,SET_F7CF7194,BNK_714E7F6D,MISSING_PAYMENT,EXCEPTION,1575324,1575324
CASE_03259,PAY_B4E9F38A,SET_5BAFE221,BNK_90F0980A,CLEAN,MATCHED,1186912,1186912
CASE_03260,PAY_D9954C3B,SET_13FB8A5B,BNK_5516A6BE,CLEAN,MATCHED,1486179,1486179
CASE_03261,PAY_BD94F90F,SET_9CAB7AF5,BNK_1D679CC5,UNEXPLAINED_DELTA,EXCEPTION,72156,42756
CASE_03262,PAY_ACF18AEA,SET_B2FB89A2,BNK_0C4F1A2C,CLEAN,MATCHED,1109972,1109972
CASE_03263,PAY_73D13C92,,,MISSING_SETTLEMENT,EXCEPTION,1155960,1155960
CASE_03264,PAY_8F855682,SET_CE98DAC4,BNK_A9E6AC45,CLEAN,MATCHED,174678,174678
CASE_03265,PAY_AE39F5B3,SET_3273138E,BNK_3AC6ABA4,HIGH_VALUE_ANOMALY,REVIEW,58584000,58584000
CASE_03266,PAY_2336A617,SET_3AB7ADF9,BNK_4443FF39,UNEXPLAINED_DELTA,EXCEPTION,1826845,1798845
CASE_03267,PAY_79D49A01,SET_7DA10D7E,BNK_7E022B9B,CLEAN,MATCHED,1668473,1668473
CASE_03268,PAY_C7ECEB72,SET_DFB5D580,BNK_19F7EAD1,TIMING_DIFFERENCE,MATCHED,663464,663464
CASE_03269,PAY_C2D8F67F,SET_9ED1ADD2,BNK_1914F1A0,TAX_VARIANCE,EXCEPTION,1472119,1472169
CASE_03270,PAY_71CBCCCF,SET_2D52ACB1,BNK_1A47F69B,CLEAN,MATCHED,120781,120781
CASE_03271,PAY_ABE12D13,SET_057C80FE,BNK_22A2AE73,TAX_VARIANCE,EXCEPTION,527940,527990
CASE_03272,PAY_E88B0654,SET_99BA92BA,BNK_22DF7FEB,CLEAN,MATCHED,1536464,1536464
CASE_03273,PAY_0905D2B2,SET_5FA08586,BNK_44CC243F,REFERENCE_TYPO,MATCHED,123125,123125
CASE_03274,PAY_4D49C347,SET_8D9259ED,BNK_78DEF32F,AMBIGUOUS,REVIEW,161497,161497
CASE_03275,PAY_238DC40A,SET_2C636568,BNK_B7ACF39A,CLEAN,MATCHED,459983,459983
CASE_03276,PAY_C123B419,SET_0D6B1029,BNK_D8BD9653,DUPLICATE,REVIEW,1259654,1259654
CASE_03277,PAY_8111A26D,SET_465A8B76,BNK_1EB29BBA,AMBIGUOUS,REVIEW,1241005,1241005
CASE_03278,PAY_2B11A64D,SET_6FF2A86D,BNK_E8E50B57,CHARGEBACK,MATCHED,-21945,-21945
CASE_03279,PAY_B948A647,SET_B1DF23A8,BNK_FDB0F0A6,DUPLICATE,REVIEW,40326,40326
CASE_03280,PAY_033CAEA6,SET_2B56FFCB,BNK_12A7E9A1,TAX_VARIANCE,EXCEPTION,1460597,1460647
CASE_03281,PAY_B70618DB,SET_1455245A,BNK_088B1571,TIMING_DIFFERENCE,MATCHED,1153617,1153617
CASE_03282,PAY_F9CE8A05,SET_FD4F060B,BNK_8750DD26,TIMING_DIFFERENCE,MATCHED,1133991,1133991
CASE_03283,PAY_FE3BEBDA,SET_78E7F78A,BNK_28DF6F20,CLEAN,MATCHED,1921751,1921751
CASE_03284,PAY_5BF5F538,SET_6D99285F,BNK_0941C82E,CLEAN,MATCHED,789127,789127
CASE_03285,PAY_A00C9411,SET_461CDE18,BNK_CB3ADF22,ONE_TO_MANY,MATCHED,861185,861185
CASE_03286,,SET_2C2D79BE,BNK_C14845E1,MISSING_PAYMENT,EXCEPTION,879932,879932
CASE_03287,PAY_4905CCEA,SET_72813E62,BNK_A6C35121,DUPLICATE,REVIEW,1667203,1667203
CASE_03288,PAY_E804F804,SET_E03198C7,BNK_80E47D24,CLEAN,MATCHED,1310817,1310817
CASE_03289,PAY_DA9C9A2E,SET_485AF4C9,BNK_EBFB8416,CLEAN,MATCHED,956775,956775
CASE_03290,PAY_87403D25,SET_1E50AD0A,BNK_3E44754C,CLEAN,MATCHED,657996,657996
CASE_03291,PAY_DE3B01BA,SET_90408AB5,BNK_1583D58D,CLEAN,MATCHED,1091030,1091030
CASE_03292,PAY_5E4604FB,SET_83E5FAD7,BNK_AD12BB6D,DUPLICATE,REVIEW,795571,795571
CASE_03293,PAY_C93C13C7,SET_377ABCE9,BNK_F34C5EE3,CLEAN,MATCHED,1200680,1200680
CASE_03294,PAY_B5E81E2E,SET_F275F1E7,BNK_3AE63B54,REFERENCE_TYPO,MATCHED,250545,250545
CASE_03295,PAY_EC69520A,SET_22B99FFE,BNK_1EE17B60,CLEAN,MATCHED,61709,61709
CASE_03296,PAY_3AE2434B,SET_7D6CBF70,BNK_9CC54992,CLEAN,MATCHED,1367253,1367253
CASE_03297,PAY_D00F83CB,SET_D2097DE9,BNK_A213408F,REFERENCE_TYPO,MATCHED,1777537,1777537
CASE_03298,PAY_FCC62F97,SET_082498F1,BNK_00E71670,UNEXPLAINED_DELTA,EXCEPTION,137575,102175
CASE_03299,PAY_A653B48E,SET_873D8708,BNK_5F050251,FEE_VARIANCE,EXCEPTION,533701,533601
CASE_03300,PAY_8F9E799E,SET_6BFB8D5C,BNK_F4FA03DB,CHARGEBACK,MATCHED,-5071,-5071
CASE_03301,PAY_0F8606CE,SET_A8E38373,BNK_5182CB98,REFERENCE_TYPO,MATCHED,1917552,1917552
CASE_03302,PAY_6A22559F,SET_324C46EA,BNK_E71F4196,DUPLICATE,REVIEW,1236318,1236318
CASE_03303,PAY_986FF2B4,,,MISSING_SETTLEMENT,EXCEPTION,271537,271537
CASE_03304,PAY_65A5E26E,SET_8E5B4631,BNK_2F51C0DB,AMBIGUOUS,REVIEW,838045,838045
CASE_03305,PAY_651BD317,SET_F83DABD4,BNK_621119F4,CLEAN,MATCHED,1633713,1633713
CASE_03306,PAY_017DA7BF,SET_9D4CB961,BNK_6E1CD9F0,TIMING_DIFFERENCE,MATCHED,1898513,1898513
CASE_03307,PAY_C31C5509,SET_D0FB8303,BNK_D50FE5C5,CLEAN,MATCHED,1624535,1624535
CASE_03308,PAY_C1C0A469,SET_98E6D330,BNK_52C32527,UNEXPLAINED_DELTA,EXCEPTION,33491,4491
CASE_03309,PAY_A65B9797,SET_53A69411,BNK_F9EA9DBA,TAX_VARIANCE,EXCEPTION,87681,87731
CASE_03310,PAY_BE9A8B33,SET_786BA0AE,BNK_6C469A62,CLEAN,MATCHED,1841686,1841686
CASE_03311,PAY_B8B4EA18,SET_B91B822B,BNK_6DAB0B0B,HIGH_VALUE_ANOMALY,REVIEW,5370200,5370200
CASE_03312,PAY_EE782EE0,SET_E6F8A265,BNK_4302C9E1,ONE_TO_MANY,MATCHED,1488718,1488718
CASE_03313,PAY_DFE0E506,SET_F08DE1CD,BNK_24D7F4DC,CLEAN,MATCHED,294092,294092
CASE_03314,PAY_4EF54D79,SET_F2B7778C,BNK_E5168E7E,REFERENCE_TYPO,MATCHED,1306424,1306424
CASE_03315,PAY_CC976EA0,SET_323C4CC3,BNK_43DB0349,OTHER,MATCHED,1239150,1239150
CASE_03316,PAY_74FA5D66,SET_34EB0039,BNK_66BF7945,CLEAN,MATCHED,1217278,1217278
CASE_03317,PAY_EBFE04EB,SET_6AAA0894,BNK_DD9B7849,CLEAN,MATCHED,1617602,1617602
CASE_03318,PAY_BFE8E576,SET_BF30743B,BNK_86604316,REFUND,MATCHED,669009,669009
CASE_03319,PAY_28F6C86F,SET_E44AAC7E,BNK_683CBD96,CLEAN,MATCHED,1341574,1341574
CASE_03320,PAY_276D64A0,SET_75725984,BNK_D2D6C9E1,CLEAN,MATCHED,649892,649892
CASE_03321,PAY_D69BD948,SET_A541DC52,BNK_27EEE045,FEE_VARIANCE,EXCEPTION,514759,514659
CASE_03322,PAY_149461BC,SET_9E1BBA68,BNK_B3A63D50,CLEAN,MATCHED,642179,642179
CASE_03323,PAY_8425FEA4,SET_601DDD72,BNK_EFD3BA6A,CLEAN,MATCHED,1904762,1904762
CASE_03324,PAY_1DEB789A,SET_450005D9,BNK_CD75436F,CLEAN,MATCHED,715897,715897
CASE_03325,PAY_45E2BE47,SET_D71F2375,BNK_48D618F1,CLEAN,MATCHED,1719148,1719148
CASE_03326,PAY_068CA2B5,SET_17111CC7,BNK_F8A20CF1,REFERENCE_TYPO,MATCHED,405597,405597
CASE_03327,,SET_0E6C3768,BNK_A64CC60A,MISSING_PAYMENT,EXCEPTION,1373502,1373502
CASE_03328,PAY_C07C8B31,SET_07A7EF71,BNK_B2BF199D,REFUND,MATCHED,919357,919357
CASE_03329,PAY_CBB713A6,SET_0ECB8581,BNK_C38CEC52,CLEAN,MATCHED,1656268,1656268
CASE_03330,PAY_4F86B5BD,SET_0945C03F,BNK_04A2B574,CLEAN,MATCHED,66689,66689
CASE_03331,PAY_446A1A77,SET_133278AC,BNK_C588B5BB,TIMING_DIFFERENCE,MATCHED,947890,947890
CASE_03332,PAY_E06CD83B,SET_B06D0ABA,BNK_1BF8DFAD,FEE_VARIANCE,EXCEPTION,724880,724780
CASE_03333,PAY_C329267F,SET_114BA95F,BNK_D81557AB,REFUND,MATCHED,315854,315854
CASE_03334,PAY_633E9088,SET_F9227650,BNK_4D8A56B7,CLEAN,MATCHED,931584,931584
CASE_03335,PAY_3F2108A6,SET_F7678144,BNK_AA5F0AA8,REFUND,MATCHED,531139,531139
CASE_03336,PAY_75B737E8,SET_9F79A270,BNK_B79B4900,REFERENCE_TYPO,MATCHED,62783,62783
CASE_03337,PAY_586FE5AF,SET_0CF057A8,BNK_1AFEB334,CHARGEBACK,MATCHED,-6006,-6006
CASE_03338,PAY_1C948443,SET_ACD88C58,BNK_3FCA2CDF,CLEAN,MATCHED,254548,254548
CASE_03339,PAY_4B108BB6,SET_D55E1235,BNK_AB532F4D,TIMING_DIFFERENCE,MATCHED,1622094,1622094
CASE_03340,PAY_DBA09BB5,SET_32239467,BNK_B8FC40D3,CLEAN,MATCHED,191961,191961
CASE_03341,PAY_184704ED,SET_C9ABF21B,BNK_16DB68DF,CLEAN,MATCHED,1207221,1207221
CASE_03342,PAY_EA48DFAE,SET_41048971,BNK_FE46BF25,TIMING_DIFFERENCE,MATCHED,164622,164622
CASE_03343,PAY_54842C6D,SET_53270369,BNK_C0C594E9,CLEAN,MATCHED,1855160,1855160
CASE_03344,PAY_0893DB4A,SET_0DF6BC9E,BNK_10FFCC49,OTHER,MATCHED,1613404,1613404
CASE_03345,PAY_89B3D983,SET_422D9EDA,BNK_629B6E31,DUPLICATE,REVIEW,1800189,1800189
CASE_03346,PAY_00B32BF6,SET_41F099B2,BNK_78224764,UNEXPLAINED_DELTA,EXCEPTION,415068,377268
CASE_03347,PAY_7811A74D,SET_7A7C639A,BNK_B04F8BDF,CLEAN,MATCHED,1164260,1164260
CASE_03348,PAY_E5CF84DE,SET_E726D7CE,BNK_1F09EBBB,CLEAN,MATCHED,382945,382945
CASE_03349,PAY_1B424744,SET_7B45A572,BNK_7EE8B644,REFERENCE_TYPO,MATCHED,1910034,1910034
CASE_03350,PAY_0B5BFECA,SET_FC4D3C27,BNK_BC5B8078,CHARGEBACK,MATCHED,-618,-618
CASE_03351,PAY_2BCE2474,SET_8D4E3E25,BNK_92757D64,DUPLICATE,REVIEW,1758985,1758985
CASE_03352,PAY_5A62DA62,SET_E90637EE,BNK_DB6F86AA,CLEAN,MATCHED,1882402,1882402
CASE_03353,PAY_230150CC,SET_C2529F06,BNK_6EC64A03,REFUND,MATCHED,729893,729893
CASE_03354,PAY_528790FB,,,MISSING_SETTLEMENT,EXCEPTION,829843,829843
CASE_03355,PAY_67144C3C,SET_47286C23,BNK_41CE4D1B,CLEAN,MATCHED,752219,752219
CASE_03356,PAY_D34932DE,SET_5407AED8,BNK_FF2B6657,CLEAN,MATCHED,701251,701251
CASE_03357,PAY_C89ED204,SET_5A9AE9C0,BNK_641E821E,CLEAN,MATCHED,198893,198893
CASE_03358,PAY_C9AEFF2D,SET_DFB57AEA,BNK_5A90327D,CLEAN,MATCHED,958044,958044
CASE_03359,PAY_DFFC9567,SET_38190FBC,BNK_B369635B,CLEAN,MATCHED,265581,265581
CASE_03360,PAY_3A43B9A1,SET_64EEFB7D,BNK_2260ADDF,OTHER,MATCHED,815099,815099
CASE_03361,PAY_B526771B,SET_1FE2ECDB,BNK_A5EF62D3,ONE_TO_MANY,MATCHED,357363,357363
CASE_03362,PAY_E5D4A758,SET_0118C38C,BNK_9A2A2695,OTHER,MATCHED,1807707,1807707
CASE_03363,PAY_6BE78ABF,SET_9AD346C1,BNK_3BD62C14,HIGH_VALUE_ANOMALY,REVIEW,14646000,14646000
CASE_03364,PAY_66214A8D,SET_EC0E3887,BNK_77AD0D40,FEE_VARIANCE,EXCEPTION,804164,804064
CASE_03365,PAY_B3DFCDBF,SET_4D4B7B76,BNK_5428624D,UNEXPLAINED_DELTA,EXCEPTION,567875,548275
CASE_03366,,SET_B3EEE40F,BNK_A962AF05,MISSING_PAYMENT,EXCEPTION,1857601,1857601
CASE_03367,PAY_6355F48D,,,MISSING_SETTLEMENT,EXCEPTION,423856,423856
CASE_03368,PAY_DB75440D,SET_A61314EA,BNK_ADFFF056,FEE_VARIANCE,EXCEPTION,1178711,1178611
CASE_03369,PAY_2E51DB4E,SET_AFA924B7,BNK_7B6E1D9C,REFERENCE_TYPO,MATCHED,1635568,1635568
CASE_03370,PAY_9BCA4F37,SET_EFFEA835,BNK_40E28E98,ONE_TO_MANY,MATCHED,506752,506752
CASE_03371,PAY_81D30436,SET_03589E3D,BNK_05019B27,CLEAN,MATCHED,1822256,1822256
CASE_03372,PAY_DA162F6C,SET_6BAEF3BB,BNK_30F6BDFB,CLEAN,MATCHED,753586,753586
CASE_03373,PAY_81FF3459,SET_83088909,BNK_ACBACCC5,ONE_TO_MANY,MATCHED,713847,713847
CASE_03374,PAY_AA0B0708,SET_47599D57,BNK_23FB6A18,HIGH_VALUE_ANOMALY,REVIEW,58584000,58584000
CASE_03375,PAY_3F63B8A5,SET_F2175510,BNK_4B2A132B,TIMING_DIFFERENCE,MATCHED,1282795,1282795
CASE_03376,PAY_ADFD5F0C,SET_2B267A65,BNK_D56B1F25,HIGH_VALUE_ANOMALY,REVIEW,58584000,58584000
CASE_03377,PAY_2187DF1A,SET_084572A2,BNK_5C725D85,CLEAN,MATCHED,46477,46477
CASE_03378,PAY_9BA3B287,,,MISSING_SETTLEMENT,EXCEPTION,1081363,1081363
CASE_03379,PAY_89E4512F,,,MISSING_SETTLEMENT,EXCEPTION,413408,413408
CASE_03380,PAY_CD6E419B,SET_D2FDC2FE,BNK_B40F2020,CLEAN,MATCHED,344181,344181
CASE_03381,PAY_99B2C6C0,SET_726684D6,BNK_4A719D7E,OTHER,MATCHED,1651483,1651483
CASE_03382,PAY_4B1FCF6E,SET_86938466,BNK_89EE4832,CLEAN,MATCHED,466329,466329
CASE_03383,PAY_440BAB91,SET_1EF130D3,BNK_795C52A7,OTHER,MATCHED,1762207,1762207
CASE_03384,PAY_29A99E60,SET_61CF5C45,BNK_54A9D73D,AMBIGUOUS,REVIEW,1228898,1228898
CASE_03385,PAY_B49DFAD9,SET_99EC5C64,BNK_D09F31B2,ONE_TO_MANY,MATCHED,913423,913423
CASE_03386,PAY_3390B053,SET_299A46D8,BNK_609104C9,REFUND,MATCHED,126771,126771
CASE_03387,PAY_426C6112,SET_E215AE0F,BNK_F01BCB85,AMBIGUOUS,REVIEW,1830360,1830360
CASE_03388,PAY_5DD5FEA1,SET_1D02C237,BNK_9AE68355,CLEAN,MATCHED,1692297,1692297
CASE_03389,PAY_2B362912,SET_611EAC18,BNK_B71ACB8D,DUPLICATE,REVIEW,251228,251228
CASE_03390,PAY_1B61F378,SET_971FE632,BNK_0D3DDF6B,TAX_VARIANCE,EXCEPTION,1411387,1411437
CASE_03391,PAY_2D788564,SET_F9942248,BNK_D8E8FA08,CLEAN,MATCHED,176436,176436
CASE_03392,PAY_9DB38D8A,SET_42EEC356,BNK_B70A6B64,CLEAN,MATCHED,683285,683285
CASE_03393,PAY_AE5607A9,SET_412A0EDE,BNK_0ADEA251,CLEAN,MATCHED,393783,393783
CASE_03394,PAY_64210127,SET_25DE23CD,BNK_C0649CE9,CLEAN,MATCHED,1663786,1663786
CASE_03395,PAY_ABEE84A0,SET_135DFF0E,BNK_51FEB1B4,CLEAN,MATCHED,42767,42767
CASE_03396,PAY_9087A861,SET_B2E110AB,BNK_274F9E4F,FEE_VARIANCE,EXCEPTION,303954,303854
CASE_03397,PAY_6B801B8F,SET_A5FFC490,BNK_B34CA196,CLEAN,MATCHED,1246375,1246375
CASE_03398,PAY_60CF2E19,SET_B1BE79D6,BNK_490C71D7,UNEXPLAINED_DELTA,EXCEPTION,1196481,1185781
CASE_03399,PAY_CA148D4D,SET_DAE02651,BNK_4454A488,CLEAN,MATCHED,1592509,1592509
CASE_03400,PAY_4A27DAF6,SET_1B053C85,BNK_983A9DC6,UNEXPLAINED_DELTA,EXCEPTION,1388832,1348032
CASE_03401,PAY_150C43ED,SET_54750668,BNK_7A78B619,REFUND,MATCHED,764527,764527
CASE_03402,PAY_AA0DCA4C,SET_91DE3E84,BNK_7BC3718F,FEE_VARIANCE,EXCEPTION,1861409,1861309
CASE_03403,PAY_3899DAB2,SET_CA830243,BNK_4E94E504,TAX_VARIANCE,EXCEPTION,684262,684312
CASE_03404,PAY_C30DC1D5,SET_77FFD091,BNK_636F4C40,TIMING_DIFFERENCE,MATCHED,324361,324361
CASE_03405,PAY_65E8A9B8,SET_860B1EF8,BNK_AFB4DB23,CLEAN,MATCHED,794009,794009
CASE_03406,PAY_BBD5BD3E,,,MISSING_SETTLEMENT,EXCEPTION,1664958,1664958
CASE_03407,PAY_7D493EC3,SET_F8484796,BNK_3493702B,TIMING_DIFFERENCE,MATCHED,712968,712968
CASE_03408,PAY_F2BE8B18,SET_C3A12DEE,BNK_5531A44A,TIMING_DIFFERENCE,MATCHED,1077263,1077263
CASE_03409,,SET_7114345F,BNK_9BDB9D76,MISSING_PAYMENT,EXCEPTION,389877,389877
CASE_03410,PAY_3931A996,SET_65748D1A,BNK_A5555DD0,REFERENCE_TYPO,MATCHED,195671,195671
CASE_03411,PAY_4DB5872D,SET_B32A4DB6,BNK_4133872E,DUPLICATE,REVIEW,1644063,1644063
CASE_03412,PAY_16080F73,SET_8D6F1135,BNK_A4973E80,REFUND,MATCHED,363922,363922
CASE_03413,PAY_9BE7AC85,SET_A10C216E,BNK_26C8977B,CLEAN,MATCHED,1910034,1910034
CASE_03414,PAY_2CB7D08C,SET_2FC99967,BNK_B27ED19E,UNEXPLAINED_DELTA,EXCEPTION,1286017,1236817
CASE_03415,PAY_804C3CA8,SET_1F7E181A,BNK_D7227330,AMBIGUOUS,REVIEW,1701866,1701866
CASE_03416,PAY_49186628,SET_ADE3D70F,BNK_3B6186EE,REFERENCE_TYPO,MATCHED,214906,214906
CASE_03417,PAY_B90E97AA,SET_086325DE,BNK_A6D58DFA,REFUND,MATCHED,811738,811738
CASE_03418,PAY_D839080B,SET_E1BCED0B,BNK_B4FB8304,TIMING_DIFFERENCE,MATCHED,472188,472188
CASE_03419,PAY_F4EB6C84,SET_38BE6111,BNK_60B13526,UNEXPLAINED_DELTA,EXCEPTION,1057637,1053537
CASE_03420,PAY_6C511D17,SET_2B3AE2AD,BNK_B9573DB2,CLEAN,MATCHED,1529629,1529629
CASE_03421,PAY_C533082D,SET_B0233B53,BNK_044A5AF9,ONE_TO_MANY,MATCHED,1143658,1143658
CASE_03422,PAY_58A31960,SET_3D4787F9,BNK_B02E7755,CLEAN,MATCHED,602342,602342
CASE_03423,PAY_5F89D329,SET_706CDE27,BNK_AA10F96F,HIGH_VALUE_ANOMALY,REVIEW,5370200,5370200
CASE_03424,PAY_65EF59D3,,,MISSING_SETTLEMENT,EXCEPTION,1205464,1205464
CASE_03425,PAY_D8211E44,SET_BA8DDDAC,BNK_3E4C3B86,REFERENCE_TYPO,MATCHED,1163869,1163869
CASE_03426,PAY_5DB04502,SET_D2FBD36E,BNK_BC2C4B18,UNEXPLAINED_DELTA,EXCEPTION,783854,747254
CASE_03427,PAY_C8745C78,SET_A91BBAC3,BNK_3D906D17,CLEAN,MATCHED,1815421,1815421
CASE_03428,,SET_41C88BFA,BNK_D5138288,MISSING_PAYMENT,EXCEPTION,349063,349063
CASE_03429,PAY_653F52BF,SET_4D7D3CC2,BNK_5BCBD96C,REFERENCE_TYPO,MATCHED,904635,904635
CASE_03430,PAY_10AC5C23,SET_92EA3DFA,BNK_EF1CC7EC,CLEAN,MATCHED,1721784,1721784
CASE_03431,PAY_5213A726,SET_CF2AA8E4,BNK_4419B737,CLEAN,MATCHED,653017,653017
CASE_03432,PAY_DA73D790,SET_005EEED5,BNK_B5FAD80E,CLEAN,MATCHED,930021,930021
CASE_03433,PAY_95979A15,SET_1B43A675,BNK_BBB19A10,UNEXPLAINED_DELTA,EXCEPTION,842731,801731
CASE_03434,PAY_77C9B263,SET_9A705E67,BNK_92D125CC,CLEAN,MATCHED,748802,748802
CASE_03435,PAY_C9FE746E,SET_329BA32D,BNK_B99554F7,FEE_VARIANCE,EXCEPTION,177705,177605
CASE_03436,PAY_001208FB,SET_B2A80707,BNK_79C6B3D3,OTHER,MATCHED,1635080,1635080
CASE_03437,PAY_23087A27,SET_C103AAF2,BNK_414A3258,CHARGEBACK,MATCHED,-28124,-28124
CASE_03438,PAY_3DC35BC9,SET_85131706,BNK_62E27790,CLEAN,MATCHED,1804974,1804974
CASE_03439,PAY_E2EA8FF8,SET_FF274A73,BNK_B9358B37,CLEAN,MATCHED,1722370,1722370
CASE_03440,PAY_B91AA12F,SET_74321476,BNK_18DC95A6,CLEAN,MATCHED,252400,252400
CASE_03441,PAY_71475603,SET_7D9D7E3E,BNK_344CEBB1,CHARGEBACK,MATCHED,-21468,-21468
CASE_03442,,SET_174BDA2A,BNK_935D81F5,MISSING_PAYMENT,EXCEPTION,1122763,1122763
CASE_03443,PAY_E8FA7E07,SET_DD294247,BNK_5952C310,CLEAN,MATCHED,331781,331781
CASE_03444,PAY_183B7F8E,SET_3E50A57B,BNK_C629B5A6,CLEAN,MATCHED,556353,556353
CASE_03445,PAY_8152EBC0,SET_CEB268CE,BNK_077D3C5D,OTHER,MATCHED,1749807,1749807
CASE_03446,PAY_9FCF031C,SET_EABED72C,BNK_C4371406,REFERENCE_TYPO,MATCHED,435182,435182
CASE_03447,PAY_0BDE8C77,SET_49BF6559,BNK_3313177E,TAX_VARIANCE,EXCEPTION,1037816,1037866
CASE_03448,PAY_87BF3B18,SET_3DD6F380,BNK_CAFC9E46,CHARGEBACK,MATCHED,-28560,-28560
CASE_03449,PAY_CB302D12,SET_AEAA4BBD,BNK_8B1D8527,CLEAN,MATCHED,1282404,1282404
CASE_03450,PAY_75F783C1,SET_57110EBC,BNK_1E85DEAA,ONE_TO_MANY,MATCHED,17380,17380
CASE_03451,PAY_BDC9FAC2,SET_F6C3F071,BNK_5E636627,UNEXPLAINED_DELTA,EXCEPTION,1589287,1570587
CASE_03452,PAY_ADC04791,SET_36CFEC9C,BNK_573CF361,AMBIGUOUS,REVIEW,293995,293995
CASE_03453,PAY_AF777136,SET_3A8679C0,BNK_943A3027,DUPLICATE,REVIEW,1896853,1896853
CASE_03454,PAY_C1068DA9,SET_00AA77F8,BNK_DE8778A3,CLEAN,MATCHED,44524,44524
CASE_03455,PAY_DFF2128C,SET_7D35817D,BNK_98DEC6A9,REFUND,MATCHED,779153,779153
CASE_03456,PAY_1436BEF1,SET_4119A28D,BNK_A3F51265,AMBIGUOUS,REVIEW,855913,855913
CASE_03457,PAY_7125812E,SET_5CBFDE2A,BNK_5EDCA965,TIMING_DIFFERENCE,MATCHED,784733,784733
CASE_03458,PAY_24C2128A,SET_FC89ADFC,BNK_3991FAF3,AMBIGUOUS,REVIEW,1936397,1936397
CASE_03459,PAY_155FC8F8,SET_F05BB706,BNK_BDA7350C,CHARGEBACK,MATCHED,-12828,-12828
CASE_03460,PAY_5AC277D8,SET_23970FE1,BNK_6A7F5E22,REFUND,MATCHED,930457,930457
CASE_03461,PAY_29AC42CF,SET_578EC794,BNK_63AE26F9,FEE_VARIANCE,EXCEPTION,1482176,1482076
CASE_03462,PAY_ECD1F983,SET_C257ABF4,BNK_9B29ACCD,DUPLICATE,REVIEW,686410,686410
CASE_03463,PAY_BE6DA9EF,SET_83D27796,BNK_445689EA,OTHER,MATCHED,939785,939785
CASE_03464,PAY_7138C52E,SET_C2397234,BNK_CDFF5536,CLEAN,MATCHED,1220598,1220598
CASE_03465,PAY_2C96ABF6,SET_C22A1FCB,BNK_4CD90B77,REFERENCE_TYPO,MATCHED,1870099,1870099
CASE_03466,PAY_85A2143B,SET_1370DB50,BNK_A70ACAB5,REFUND,MATCHED,84276,84276
CASE_03467,PAY_5F479019,SET_6F5B456B,BNK_EFF16298,OTHER,MATCHED,432936,432936
CASE_03468,PAY_D8BC5F91,SET_7A166677,BNK_2AC6AD7F,CLEAN,MATCHED,1149321,1149321
CASE_03469,PAY_73C9ECB4,SET_DEC37256,BNK_21FD390E,ONE_TO_MANY,MATCHED,1952215,1952215
CASE_03470,PAY_478A8943,SET_D57C367C,BNK_C6B190C5,CLEAN,MATCHED,1238564,1238564
CASE_03471,PAY_0B0CFB49,SET_9334778E,BNK_7B515843,DUPLICATE,REVIEW,1552574,1552574
CASE_03472,PAY_41A1F0A7,SET_61CDFE62,BNK_B5FE4EF9,CLEAN,MATCHED,1392249,1392249
CASE_03473,PAY_2D2858AB,SET_00D6E059,BNK_287A69CE,CLEAN,MATCHED,1855746,1855746
CASE_03474,PAY_6F5B6356,SET_3C90F870,BNK_BD20FABF,OTHER,MATCHED,926604,926604
CASE_03475,PAY_3FCE1155,SET_E3C53144,BNK_0D122D06,CLEAN,MATCHED,1326635,1326635
CASE_03476,PAY_3D38B72C,,,MISSING_SETTLEMENT,EXCEPTION,1650312,1650312
CASE_03477,PAY_DF8A1B4B,SET_DAC3458F,BNK_F95AFF51,AMBIGUOUS,REVIEW,786295,786295
CASE_03478,PAY_E60F1266,SET_1F3B3914,BNK_A37E5DAB,CLEAN,MATCHED,1528945,1528945
CASE_03479,PAY_4F18A79B,SET_F8A78ECB,BNK_F0AF8740,ONE_TO_MANY,MATCHED,1382290,1382290
CASE_03480,PAY_F0D4A52D,SET_BE951E3D,BNK_A401B605,CLEAN,MATCHED,596386,596386
CASE_03481,,SET_C8E47833,BNK_BC43D1D8,MISSING_PAYMENT,EXCEPTION,1522892,1522892
CASE_03482,PAY_E1B8A838,SET_C65C6763,BNK_CFE038F5,OTHER,MATCHED,716385,716385
CASE_03483,PAY_E4C2F6F1,SET_94558809,BNK_832E0945,CLEAN,MATCHED,1638986,1638986
CASE_03484,PAY_02BDC4D5,SET_3EFA8BD5,BNK_06614FD5,FEE_VARIANCE,EXCEPTION,1601492,1601392
CASE_03485,,SET_F573D633,BNK_88603AAE,MISSING_PAYMENT,EXCEPTION,370740,370740
CASE_03486,PAY_0119679C,SET_10A475C4,BNK_8AD8724C,TAX_VARIANCE,EXCEPTION,1456203,1456253
CASE_03487,PAY_101C7A89,SET_31623265,BNK_F61A2D29,CLEAN,MATCHED,583692,583692
CASE_03488,PAY_0F80196C,SET_A400787E,BNK_17CBEDBB,OTHER,MATCHED,1265610,1265610
CASE_03489,PAY_F9ED9535,SET_0BFCE43D,BNK_B5B2B8DF,FEE_VARIANCE,EXCEPTION,106819,106719
CASE_03490,PAY_96B475E0,SET_776B109C,BNK_EDC979D3,OTHER,MATCHED,1034887,1034887
CASE_03491,PAY_A0FBD33B,SET_9AAEFA8B,BNK_F6BE4B5F,AMBIGUOUS,REVIEW,1069842,1069842
CASE_03492,PAY_86C992F0,SET_1C5EFC12,BNK_BCA6912A,CHARGEBACK,MATCHED,-1444,-1444
CASE_03493,PAY_C9D468FE,SET_327DC99E,BNK_993BB7C1,CLEAN,MATCHED,1378677,1378677
CASE_03494,PAY_B3B1C9D8,SET_9FBDA05E,BNK_4A0D8C2C,CLEAN,MATCHED,204654,204654
CASE_03495,PAY_5E309FBB,SET_10F99EF7,BNK_CD2C2431,REFERENCE_TYPO,MATCHED,81042,81042
CASE_03496,PAY_E58AF04F,SET_D4358974,BNK_EFF1A498,OTHER,MATCHED,289894,289894
CASE_03497,PAY_D7514AE0,SET_0810AB81,BNK_F57DC691,CHARGEBACK,MATCHED,-46461,-46461
CASE_03498,PAY_0C5A44A1,SET_2C25FCAD,BNK_536D9735,UNEXPLAINED_DELTA,EXCEPTION,16795,1795
CASE_03499,PAY_06B53183,SET_F7337D6C,BNK_844BD740,OTHER,MATCHED,900339,900339
CASE_03500,PAY_F86DDEA6,SET_B9EA47D7,BNK_6E3DC033,OTHER,MATCHED,1127157,1127157
CASE_03501,PAY_762DDCC8,SET_63D889A3,BNK_ACB34798,CLEAN,MATCHED,667858,667858
CASE_03502,PAY_C534D36B,SET_532CFBF7,BNK_7F064419,DUPLICATE,REVIEW,999834,999834
CASE_03503,PAY_31943C78,SET_84C00F9F,BNK_42204C3C,HIGH_VALUE_ANOMALY,REVIEW,5370200,5370200
CASE_03504,PAY_F988AD14,SET_23F2AA5A,BNK_FB534036,CLEAN,MATCHED,700958,700958
CASE_03505,PAY_1E793FDF,,,MISSING_SETTLEMENT,EXCEPTION,459397,459397
CASE_03506,PAY_ABA6A58E,SET_A348ACF1,BNK_8A83F94B,CLEAN,MATCHED,1370573,1370573
CASE_03507,PAY_A8E2A44B,SET_95FE9A81,BNK_FADC3A17,HIGH_VALUE_ANOMALY,REVIEW,29292000,29292000
CASE_03508,PAY_505FA698,SET_C7EFCCB1,BNK_8A1183AE,DUPLICATE,REVIEW,389682,389682
CASE_03509,PAY_57B4CA55,SET_B65E374F,BNK_F55C6B23,CLEAN,MATCHED,1262583,1262583
CASE_03510,PAY_4C2BC890,SET_C7F63155,BNK_79A80996,AMBIGUOUS,REVIEW,1672476,1672476
CASE_03511,PAY_02F7E950,SET_C4A9F3E4,BNK_CEB02832,OTHER,MATCHED,582618,582618
CASE_03512,PAY_9AA7D089,SET_CEFABE5F,BNK_158644AE,TAX_VARIANCE,EXCEPTION,386850,386900
CASE_03513,PAY_084702AA,SET_33BA0245,BNK_C9BA0C82,TAX_VARIANCE,EXCEPTION,1038597,1038647
CASE_03514,PAY_A602FD75,SET_768ADE03,BNK_1EA9BD9D,CHARGEBACK,MATCHED,-29424,-29424
CASE_03515,PAY_6DE40A12,SET_140250B1,BNK_20159E97,TIMING_DIFFERENCE,MATCHED,721853,721853
CASE_03516,PAY_C5F24AFF,SET_94D46739,BNK_DF8B0286,CLEAN,MATCHED,511634,511634
CASE_03517,PAY_2787FC06,SET_629FBF69,BNK_607DECF4,CLEAN,MATCHED,1189549,1189549
CASE_03518,PAY_84131AA1,SET_0E9FC86F,BNK_7EF598D0,FEE_VARIANCE,EXCEPTION,1655682,1655582
CASE_03519,PAY_D4FC5B9F,SET_18923C7B,BNK_2DE6D5ED,REFERENCE_TYPO,MATCHED,1710458,1710458
CASE_03520,PAY_A3750B57,SET_537C9D44,BNK_7012F336,ONE_TO_MANY,MATCHED,519152,519152
CASE_03521,PAY_761C329E,SET_03A3CE6E,BNK_8B8ECE13,UNEXPLAINED_DELTA,EXCEPTION,438014,428814
CASE_03522,PAY_88CAD76A,SET_7786F412,BNK_E686E295,CLEAN,MATCHED,577932,577932
CASE_03523,PAY_C72E19EF,SET_E3E96207,BNK_18F769D0,CLEAN,MATCHED,1169630,1169630
CASE_03524,PAY_0753209E,SET_0FBA8E02,BNK_DAA79796,CLEAN,MATCHED,409796,409796
CASE_03525,PAY_13D2CC3D,SET_A0847151,BNK_F78B47B5,REFUND,MATCHED,860760,860760
CASE_03526,PAY_38EDD2B1,SET_F3A5E408,BNK_1B77AEAB,CLEAN,MATCHED,1770018,1770018
CASE_03527,,SET_5267D384,BNK_FBB458B0,MISSING_PAYMENT,EXCEPTION,814220,814220
CASE_03528,PAY_EA732D6C,SET_969BFBB3,BNK_F1787385,CHARGEBACK,MATCHED,-13857,-13857
CASE_03529,PAY_E3E39D4A,SET_F2BBAA01,BNK_E7FE2EA9,CLEAN,MATCHED,512903,512903
CASE_03530,PAY_A780182D,SET_9D7C9526,BNK_461108F4,CHARGEBACK,MATCHED,-40162,-40162
CASE_03531,PAY_9C820473,,,MISSING_SETTLEMENT,EXCEPTION,1812492,1812492
CASE_03532,PAY_B916675A,SET_64BFF5FE,BNK_23C371A8,CLEAN,MATCHED,956872,956872
CASE_03533,PAY_F56ADDF3,SET_2AE7E3CC,BNK_66E8FEDB,CLEAN,MATCHED,606638,606638
CASE_03534,PAY_C4BCA936,SET_C7B08E75,BNK_1B97DD41,UNEXPLAINED_DELTA,EXCEPTION,814904,778604
CASE_03535,PAY_61D3CDDA,SET_D27172D5,BNK_03BE6DEE,CLEAN,MATCHED,386655,386655
CASE_03536,PAY_874BB308,SET_EDC1DCCB,BNK_96C568CD,DUPLICATE,REVIEW,1595438,1595438
CASE_03537,PAY_199402AA,SET_BC711EBC,BNK_E6AE1D85,DUPLICATE,REVIEW,132205,132205
CASE_03538,PAY_AAE99B0D,SET_B13EB220,BNK_6DD38265,OTHER,MATCHED,1315407,1315407
CASE_03539,PAY_24E19EB4,SET_4F0F9ED3,BNK_4F939E3E,REFERENCE_TYPO,MATCHED,1756056,1756056
CASE_03540,PAY_46BEB8B5,SET_0BAFB6B6,BNK_0170C607,UNEXPLAINED_DELTA,EXCEPTION,1763672,1730872
CASE_03541,PAY_BA4D7A0D,SET_051A9D2E,BNK_C72DCFAE,DUPLICATE,REVIEW,673619,673619
CASE_03542,PAY_0ECB70EF,SET_214EB098,BNK_7DA39908,TIMING_DIFFERENCE,MATCHED,1809074,1809074
CASE_03543,PAY_3C2E753F,SET_750003F6,BNK_71F04EFB,REFERENCE_TYPO,MATCHED,104866,104866
CASE_03544,PAY_7678558C,SET_B3FBF09B,BNK_CEF37BC0,CLEAN,MATCHED,1266391,1266391
CASE_03545,PAY_BC6BD4AC,SET_F7FEC534,BNK_0C8D609D,OTHER,MATCHED,496109,496109
CASE_03546,PAY_EE93AC0A,SET_1A64C11D,BNK_7F061133,TAX_VARIANCE,EXCEPTION,678696,678746
CASE_03547,PAY_80E0C61E,SET_B36933B6,BNK_BE1D3B76,FEE_VARIANCE,EXCEPTION,1159671,1159571
CASE_03548,PAY_9A0CF858,SET_B129353F,BNK_DBDCE435,CLEAN,MATCHED,518762,518762
CASE_03549,PAY_AC872F13,SET_84A46FA7,BNK_4FDF00C1,REFERENCE_TYPO,MATCHED,1574250,1574250
CASE_03550,PAY_BF402FE4,SET_F1FB8774,BNK_EBF63F70,REFERENCE_TYPO,MATCHED,542000,542000
CASE_03551,PAY_061C0A84,SET_780DACD6,BNK_0DB52DA9,CLEAN,MATCHED,752317,752317
CASE_03552,PAY_9639CE9D,SET_043E7342,BNK_E2416CEC,CLEAN,MATCHED,1600027,1600027
CASE_03553,,SET_62C40751,BNK_C0597DC6,MISSING_PAYMENT,EXCEPTION,299658,299658
CASE_03554,PAY_79A2EF03,SET_8D2ECE8D,BNK_612CE90B,CLEAN,MATCHED,548347,548347
CASE_03555,PAY_73BC9DB1,SET_C0CDC436,BNK_0E31B02A,TAX_VARIANCE,EXCEPTION,281887,281937
CASE_03556,PAY_4096B583,SET_8A908933,BNK_CA6906B1,REFUND,MATCHED,43686,43686
CASE_03557,PAY_B75CD1B4,,,MISSING_SETTLEMENT,EXCEPTION,1534120,1534120
CASE_03558,PAY_96EA2D5D,SET_6E707A3C,BNK_1A923202,CLEAN,MATCHED,760030,760030
CASE_03559,PAY_FA29F21E,SET_7EDA9C25,BNK_DD7B581A,TIMING_DIFFERENCE,MATCHED,957068,957068
CASE_03560,PAY_9244D52C,SET_ABFB9E8F,BNK_7C931D80,AMBIGUOUS,REVIEW,273295,273295
CASE_03561,,SET_1D096D61,BNK_2F42CAAA,MISSING_PAYMENT,EXCEPTION,1778611,1778611
CASE_03562,PAY_C56196B9,SET_4030AB80,BNK_380CBC6C,UNEXPLAINED_DELTA,EXCEPTION,688167,664167
CASE_03563,PAY_6D081ACB,SET_2197AFD9,BNK_3FFFAE91,TIMING_DIFFERENCE,MATCHED,1745901,1745901
CASE_03564,PAY_025B0CC4,SET_5CCDE559,BNK_92499B0B,CLEAN,MATCHED,1568489,1568489
CASE_03565,PAY_33B430C4,SET_92228E1E,BNK_10C7FD50,CLEAN,MATCHED,1446635,1446635
CASE_03566,PAY_C2A830FE,SET_9A23EC6A,BNK_C9F04952,UNEXPLAINED_DELTA,EXCEPTION,886669,840269
CASE_03567,PAY_794E0BB3,SET_945ECAEF,BNK_569F7AFD,CLEAN,MATCHED,138259,138259
CASE_03568,,SET_0089FC18,BNK_B7331F32,MISSING_PAYMENT,EXCEPTION,1644258,1644258
CASE_03569,PAY_059C34C9,SET_F8D8A66F,BNK_09E51C40,CLEAN,MATCHED,1312673,1312673
CASE_03570,PAY_7FD86C85,SET_0CF926A3,BNK_C9AAFBC4,DUPLICATE,REVIEW,359511,359511
CASE_03571,PAY_CDE3A656,SET_8052ABBB,BNK_AFF1A3D9,CLEAN,MATCHED,1881621,1881621
CASE_03572,PAY_4750224B,SET_D3C4901A,BNK_C473F625,OTHER,MATCHED,1146294,1146294
CASE_03573,PAY_9A9A3EE3,SET_83FFFAC3,BNK_667688D3,CLEAN,MATCHED,1199606,1199606
CASE_03574,PAY_DAE2F11C,SET_F3FFFC9C,BNK_541A1A28,CLEAN,MATCHED,373376,373376
CASE_03575,PAY_F0B24020,SET_446FEB62,BNK_F6670B88,CLEAN,MATCHED,765889,765889
CASE_03576,PAY_E4E2A7B6,SET_0D32ECF0,BNK_68BE9658,DUPLICATE,REVIEW,784831,784831
CASE_03577,PAY_4E69C37B,SET_EC68C2FA,BNK_FEF3E7C4,CLEAN,MATCHED,1148833,1148833
CASE_03578,PAY_D22181C1,SET_B3C3C771,BNK_21FF8F1A,DUPLICATE,REVIEW,1863167,1863167
CASE_03579,,SET_773A266E,BNK_ACB6A3C1,MISSING_PAYMENT,EXCEPTION,201432,201432
CASE_03580,PAY_4D42D207,SET_356AC3B8,BNK_3BD1165F,UNEXPLAINED_DELTA,EXCEPTION,619624,604824
CASE_03581,PAY_9C2E8AE7,SET_FAD9944E,BNK_A6605D65,REFUND,MATCHED,453438,453438
CASE_03582,PAY_FE752349,SET_6C6B1DF3,BNK_1583ACE3,CHARGEBACK,MATCHED,-24274,-24274
CASE_03583,PAY_B8826309,SET_CBF400AA,BNK_AB4F19A4,TIMING_DIFFERENCE,MATCHED,1217083,1217083
CASE_03584,PAY_F832FC2D,SET_356A9255,BNK_92C1CF07,CLEAN,MATCHED,1142779,1142779
CASE_03585,PAY_E9BC1816,SET_3E1126E8,BNK_FEB88BB2,DUPLICATE,REVIEW,1067596,1067596
CASE_03586,PAY_982D9827,SET_C5A8D669,BNK_1597935A,FEE_VARIANCE,EXCEPTION,520422,520322
CASE_03587,PAY_E1522EF5,SET_F18195F7,BNK_1381D3EA,REFUND,MATCHED,857044,857044
CASE_03588,PAY_3581F2A0,SET_EB923BC7,BNK_FB88F515,REFUND,MATCHED,568965,568965
CASE_03589,PAY_21160595,SET_493E64B0,BNK_0994C860,CLEAN,MATCHED,986946,986946
CASE_03590,PAY_4854E547,SET_770C0B0D,BNK_4EF334B8,TIMING_DIFFERENCE,MATCHED,1899684,1899684
CASE_03591,PAY_C4C61144,SET_681E3642,BNK_C4DBB66C,CLEAN,MATCHED,1690539,1690539
CASE_03592,PAY_E8258AB1,SET_44082184,BNK_27320236,CLEAN,MATCHED,1310134,1310134
CASE_03593,PAY_CD262817,SET_1499304D,BNK_6EDFB49E,CHARGEBACK,MATCHED,-21202,-21202
CASE_03594,PAY_AA8CC109,SET_DB94C0B1,BNK_98BE32FB,CLEAN,MATCHED,536337,536337
CASE_03595,PAY_3B1CD9FF,SET_7DBB01FB,BNK_1267FC69,DUPLICATE,REVIEW,1270590,1270590
CASE_03596,PAY_C85FE084,SET_2E460BF7,BNK_AE0BC127,TAX_VARIANCE,EXCEPTION,1905836,1905886
CASE_03597,PAY_069B585C,SET_C1C0663B,BNK_7FDC24E8,CHARGEBACK,MATCHED,-28192,-28192
CASE_03598,PAY_9A0E674B,SET_2E72F78C,BNK_EC23AD8F,CLEAN,MATCHED,953455,953455
CASE_03599,PAY_6C8859F8,SET_11A17165,BNK_41356044,CLEAN,MATCHED,1812785,1812785
CASE_03600,PAY_8A985BEE,SET_1B268555,BNK_A3CACF93,CLEAN,MATCHED,1579620,1579620
CASE_03601,PAY_F61D1F91,SET_273F9D82,BNK_50D1712A,REFUND,MATCHED,101902,101902
CASE_03602,PAY_2F151FF5,SET_D1896B99,BNK_1FCD867F,UNEXPLAINED_DELTA,EXCEPTION,147437,122737
CASE_03603,PAY_6CA0F33F,SET_A050F344,BNK_84D4E389,AMBIGUOUS,REVIEW,207095,207095
CASE_03604,PAY_01AA1AB6,SET_E649EE29,BNK_5FE8296F,ONE_TO_MANY,MATCHED,324751,324751
CASE_03605,PAY_BA9668AC,SET_C5B0CED7,BNK_284A1061,REFUND,MATCHED,406131,406131
CASE_03606,PAY_2A657770,SET_C8E965E7,BNK_B2755854,DUPLICATE,REVIEW,1554429,1554429
CASE_03607,PAY_2B54C627,SET_A745561B,BNK_347C45F5,REFUND,MATCHED,24678,24678
CASE_03608,PAY_D09E022F,SET_4CAADA1B,BNK_8685A6D5,ONE_TO_MANY,MATCHED,1054024,1054024
CASE_03609,PAY_6B579AB4,SET_BD5234C0,BNK_B975513F,TIMING_DIFFERENCE,MATCHED,1551305,1551305
CASE_03610,PAY_1547A629,SET_43A6D279,BNK_D9DFF103,AMBIGUOUS,REVIEW,1326928,1326928
CASE_03611,PAY_F4AA853D,SET_2808F6BC,BNK_4E6B209E,DUPLICATE,REVIEW,875245,875245
CASE_03612,PAY_A951A662,SET_378A26B6,BNK_5F7C73E9,TAX_VARIANCE,EXCEPTION,343986,344036
CASE_03613,PAY_1E24747F,SET_F72CE305,BNK_AC5AFD4C,CLEAN,MATCHED,1491744,1491744
CASE_03614,PAY_7625D41A,SET_57C1A570,BNK_F4FE7A7D,DUPLICATE,REVIEW,186688,186688
CASE_03615,PAY_139A1FBE,SET_507A79E1,BNK_6BEDA9B6,CLEAN,MATCHED,1201070,1201070
CASE_03616,PAY_0D85DD22,SET_36D95BF1,BNK_C78FA9EE,CLEAN,MATCHED,1039769,1039769
CASE_03617,PAY_40112E81,SET_4A4C2C21,BNK_5BFC1AEB,CLEAN,MATCHED,833163,833163
CASE_03618,PAY_63FA414F,SET_8F1863A5,BNK_CF96589E,REFERENCE_TYPO,MATCHED,894481,894481
CASE_03619,PAY_F29CA0A7,SET_3BBF90A5,BNK_37E06976,CLEAN,MATCHED,1229776,1229776
CASE_03620,,SET_57C796BC,BNK_58CC6D63,MISSING_PAYMENT,EXCEPTION,1751857,1751857
CASE_03621,PAY_69321226,SET_97DAED22,BNK_58DA230A,CLEAN,MATCHED,94614,94614
CASE_03622,PAY_7815FB9B,SET_CCB9C3B0,BNK_F980622B,OTHER,MATCHED,526964,526964
CASE_03623,PAY_785B392D,SET_5DF88220,BNK_E6C12859,OTHER,MATCHED,129373,129373
CASE_03624,PAY_F5EADCA7,SET_D5C693C4,BNK_4D86D2EC,DUPLICATE,REVIEW,1015554,1015554
CASE_03625,PAY_0F3447E4,SET_48431AE7,BNK_7E75BCFF,AMBIGUOUS,REVIEW,1289044,1289044
CASE_03626,PAY_2037C508,SET_A18DBE93,BNK_D88A948C,TIMING_DIFFERENCE,MATCHED,1346749,1346749
CASE_03627,PAY_11F77483,SET_5FA8F29B,BNK_223E05BE,TAX_VARIANCE,EXCEPTION,1590556,1590606
CASE_03628,PAY_33DC0953,SET_78557021,BNK_0A63ACF4,CLEAN,MATCHED,399348,399348
CASE_03629,PAY_F6772A04,SET_6F69663C,BNK_5206D36A,DUPLICATE,REVIEW,43157,43157
CASE_03630,PAY_CF830C77,SET_BBAFC76A,BNK_A960CCF7,CLEAN,MATCHED,485857,485857
CASE_03631,PAY_761ADE24,SET_2977C0E5,BNK_AD4CE76A,TAX_VARIANCE,EXCEPTION,1189744,1189794
CASE_03632,PAY_2BC6305B,SET_E16E8232,BNK_0AEA6467,TIMING_DIFFERENCE,MATCHED,1675991,1675991
CASE_03633,PAY_AFB2479B,SET_172BFDA4,BNK_625CA659,CLEAN,MATCHED,1942744,1942744
CASE_03634,PAY_E65519DD,SET_F6D7DCBF,BNK_9F11FB66,CLEAN,MATCHED,1840319,1840319
CASE_03635,PAY_E8F28BEC,SET_43E3BCAB,BNK_CA183323,FEE_VARIANCE,EXCEPTION,324653,324553
CASE_03636,PAY_3C43F59E,SET_3980B85A,BNK_29CE6F66,OTHER,MATCHED,798891,798891
CASE_03637,PAY_191D2D7D,,,MISSING_SETTLEMENT,EXCEPTION,1501313,1501313
CASE_03638,PAY_78A0B7C2,SET_0F3B01FD,BNK_9806E274,CLEAN,MATCHED,789322,789322
CASE_03639,,SET_43047B34,BNK_9F895709,MISSING_PAYMENT,EXCEPTION,1884257,1884257
CASE_03640,PAY_60A33662,SET_D4151577,BNK_A09DC57D,CLEAN,MATCHED,52531,52531
CASE_03641,PAY_E011F95C,SET_0E91FC15,BNK_C54119BE,CLEAN,MATCHED,1125790,1125790
CASE_03642,PAY_F1BE40FA,SET_848E85E1,BNK_7C0BFDCF,CLEAN,MATCHED,770380,770380
CASE_03643,PAY_42C5571C,SET_C78280AD,BNK_A0D80F68,TIMING_DIFFERENCE,MATCHED,1050705,1050705
CASE_03644,PAY_9E9E31D9,SET_676EF09F,BNK_7D5FA169,HIGH_VALUE_ANOMALY,REVIEW,29292000,29292000
CASE_03645,PAY_2FBA61C2,SET_99A61894,BNK_343F8D59,CLEAN,MATCHED,1477196,1477196
CASE_03646,PAY_2E728628,SET_5B01394C,BNK_51C5A8C2,REFUND,MATCHED,396127,396127
CASE_03647,PAY_BB3FB4B2,SET_2C153C24,BNK_EA025B0C,HIGH_VALUE_ANOMALY,REVIEW,5370200,5370200
CASE_03648,PAY_D712EF00,SET_1203531E,BNK_F3C14CCA,CLEAN,MATCHED,487712,487712
CASE_03649,PAY_A38B5456,SET_61D1008F,BNK_9953E9D1,UNEXPLAINED_DELTA,EXCEPTION,1950652,1943552
CASE_03650,PAY_50F3C1D3,SET_B9E71654,BNK_815CA8FF,DUPLICATE,REVIEW,1270980,1270980
CASE_03651,PAY_BE2ED1A1,SET_27A6625D,BNK_68383CA5,REFUND,MATCHED,601027,601027
CASE_03652,PAY_85630B98,SET_7B28CA30,BNK_1CC5B492,CLEAN,MATCHED,1673452,1673452
CASE_03653,PAY_51894271,SET_9DA81641,BNK_AF7D7FB4,CLEAN,MATCHED,720681,720681
CASE_03654,PAY_3B5CF4EA,SET_7A11AD3E,BNK_7C726BDA,CLEAN,MATCHED,787858,787858
CASE_03655,PAY_D9A71E01,SET_C2EAA797,BNK_768B5D8A,CLEAN,MATCHED,199479,199479
CASE_03656,PAY_D988051D,SET_EAF99810,BNK_775B38D0,REFERENCE_TYPO,MATCHED,1045139,1045139
CASE_03657,PAY_3D2168C9,SET_E90E66C4,BNK_8E964769,REFUND,MATCHED,744566,744566
CASE_03658,PAY_18BC1364,SET_0974742E,BNK_E86F08B5,TAX_VARIANCE,EXCEPTION,1103137,1103187
CASE_03659,PAY_961C7E1F,SET_740EEE0E,BNK_1695F33F,HIGH_VALUE_ANOMALY,REVIEW,14646000,14646000
CASE_03660,PAY_CBB4813A,SET_9F269C40,BNK_5E8B7EAA,REFUND,MATCHED,771006,771006
CASE_03661,PAY_9CF5B46A,SET_BA239D02,BNK_77FB597F,CLEAN,MATCHED,114044,114044
CASE_03662,PAY_BBFF0C0E,SET_EC77ABD2,BNK_3ABEBE11,CLEAN,MATCHED,1227238,1227238
CASE_03663,PAY_FF7FC035,SET_BA9DA6C4,BNK_950A3160,REFERENCE_TYPO,MATCHED,1890116,1890116
CASE_03664,PAY_A61C733B,SET_DD5AAFDA,BNK_C2ECBC9E,CLEAN,MATCHED,1227140,1227140
CASE_03665,PAY_5B47D6A9,SET_5B3C42ED,BNK_F3D952F5,CLEAN,MATCHED,220472,220472
CASE_03666,PAY_17D2AE4E,SET_5A28EA91,BNK_3997F090,DUPLICATE,REVIEW,807971,807971
CASE_03667,PAY_4B3E8260,SET_125309DE,BNK_2BBFB580,CLEAN,MATCHED,68934,68934
CASE_03668,PAY_A9E4DC35,SET_B1E61CBE,BNK_E8F28EB2,CLEAN,MATCHED,49113,49113
CASE_03669,PAY_A20E7204,SET_D62F625F,BNK_533590FD,TAX_VARIANCE,EXCEPTION,1713973,1714023
CASE_03670,PAY_CC663C34,SET_EA39B12E,BNK_DED45CBF,OTHER,MATCHED,1270492,1270492
CASE_03671,PAY_A9496415,SET_3AAEAC42,BNK_2FDEE2DA,ONE_TO_MANY,MATCHED,903952,903952
CASE_03672,PAY_962F2F73,SET_6504EE43,BNK_4B12B1C9,OTHER,MATCHED,1785836,1785836
CASE_03673,PAY_2D4669EF,SET_CCA8C7A2,BNK_F60C9DBB,CLEAN,MATCHED,162181,162181
CASE_03674,PAY_B94B5F68,SET_55FDEC78,BNK_F33768C9,OTHER,MATCHED,838240,838240
CASE_03675,PAY_4E1353AC,SET_FA5DA1CD,BNK_C04567E3,REFERENCE_TYPO,MATCHED,1439995,1439995
CASE_03676,PAY_856B4D41,SET_2F2F5905,BNK_61453444,CHARGEBACK,MATCHED,-44865,-44865
CASE_03677,PAY_9200BB1F,SET_336AF54C,BNK_D215BE05,CLEAN,MATCHED,1760157,1760157
CASE_03678,PAY_7B39B5D0,SET_8C32E154,BNK_A65D6910,CLEAN,MATCHED,1077067,1077067
CASE_03679,PAY_BB8A6A75,SET_56E5249E,BNK_279FAA0A,CLEAN,MATCHED,1120810,1120810
CASE_03680,PAY_5DDF17F9,SET_45763D19,BNK_1EBA2E14,ONE_TO_MANY,MATCHED,1317945,1317945
CASE_03681,PAY_94FAA734,SET_B65BB28D,BNK_D6783DD5,REFERENCE_TYPO,MATCHED,1609205,1609205
CASE_03682,PAY_380FF0E8,SET_604B7919,BNK_1A03A5DF,AMBIGUOUS,REVIEW,1545837,1545837
CASE_03683,PAY_E5598105,SET_D1C1C66D,BNK_99258049,CLEAN,MATCHED,1633811,1633811
CASE_03684,PAY_2701E904,SET_AA3C4D6E,BNK_2107E0A4,AMBIGUOUS,REVIEW,838240,838240
CASE_03685,PAY_625BABC4,SET_4D21C9A3,BNK_0BDBB7FB,TAX_VARIANCE,EXCEPTION,958923,958973
CASE_03686,PAY_0A6A96FD,SET_CA37B4A9,BNK_B014FD5D,CLEAN,MATCHED,1326342,1326342
CASE_03687,PAY_FA251712,SET_814DF16B,BNK_FAD243E2,ONE_TO_MANY,MATCHED,1448002,1448002
CASE_03688,PAY_35FEFA9D,SET_5536477B,BNK_0160B649,UNEXPLAINED_DELTA,EXCEPTION,894676,849576
CASE_03689,PAY_21ACCF15,SET_FE336919,BNK_FA638C6D,CHARGEBACK,MATCHED,-8736,-8736
CASE_03690,PAY_0D44B865,SET_136AAFB1,BNK_B69E6462,CLEAN,MATCHED,1692883,1692883
CASE_03691,PAY_9A3EE8F7,SET_68D12250,BNK_94DA8D5C,REFUND,MATCHED,755047,755047
CASE_03692,PAY_8D4E5539,SET_CDF1B600,BNK_44AF32F0,AMBIGUOUS,REVIEW,875929,875929
CASE_03693,PAY_0F456EB1,SET_1E3A0FCC,BNK_415066BC,CLEAN,MATCHED,476874,476874
CASE_03694,PAY_63DE6A5F,SET_F218A005,BNK_8EE3FC51,CLEAN,MATCHED,675083,675083
CASE_03695,PAY_B3CCD91E,SET_B0B21894,BNK_DCCBA8B7,CLEAN,MATCHED,1823232,1823232
CASE_03696,PAY_FEB95016,SET_04E99E28,BNK_399BA7D5,TAX_VARIANCE,EXCEPTION,1219817,1219867
CASE_03697,PAY_71C7014D,SET_8D268E01,BNK_17F1FFF3,CHARGEBACK,MATCHED,-34588,-34588
CASE_03698,PAY_3502BDC3,SET_03168FFB,BNK_FA3F5FB8,CLEAN,MATCHED,290089,290089
CASE_03699,PAY_6547F7B9,SET_787B92ED,BNK_FDA928D9,CLEAN,MATCHED,531846,531846
CASE_03700,PAY_BB933F78,SET_2994153F,BNK_90C1862D,REFUND,MATCHED,840799,840799
CASE_03701,PAY_4164716C,SET_79A621AB,BNK_EA690DCC,FEE_VARIANCE,EXCEPTION,1151567,1151467
CASE_03702,PAY_F5C05A5F,SET_9A5BD56B,BNK_C2D9EE5E,CLEAN,MATCHED,692170,692170
CASE_03703,PAY_3FF8B696,SET_1DFB108F,BNK_A5B709C0,CLEAN,MATCHED,914497,914497
CASE_03704,PAY_BBE95A2A,SET_95AE509A,BNK_6342219C,CLEAN,MATCHED,1675112,1675112
CASE_03705,PAY_E8DBE015,SET_324071CA,BNK_338E542A,FEE_VARIANCE,EXCEPTION,1604421,1604321
CASE_03706,PAY_5A47D4DB,SET_674F3985,BNK_F0E4D27C,CLEAN,MATCHED,1378775,1378775
CASE_03707,PAY_2615AF2D,SET_D134F1D9,BNK_5BA5F8F5,AMBIGUOUS,REVIEW,278958,278958
CASE_03708,PAY_0DF4BBE4,SET_A1A15183,BNK_65641FF2,CLEAN,MATCHED,719803,719803
CASE_03709,PAY_D53D90D2,SET_B47718AF,BNK_5545AD81,TIMING_DIFFERENCE,MATCHED,725173,725173
CASE_03710,PAY_96E93249,SET_E90B1236,BNK_E73623A7,CLEAN,MATCHED,283938,283938
CASE_03711,,SET_42C5E98D,BNK_6DF64EAD,MISSING_PAYMENT,EXCEPTION,1270102,1270102
CASE_03712,PAY_D37B4DFC,SET_E9649A58,BNK_E7FFAE15,CLEAN,MATCHED,376403,376403
CASE_03713,PAY_AB204EE4,SET_EA7D98C2,BNK_935A5088,TAX_VARIANCE,EXCEPTION,1881914,1881964
CASE_03714,PAY_F2797F20,SET_ACD926DD,BNK_86234344,CLEAN,MATCHED,1305350,1305350
CASE_03715,PAY_4D8DA038,SET_C847E2EB,BNK_9FDCF1AE,CLEAN,MATCHED,532236,532236
CASE_03716,PAY_0B325790,SET_10FEF7F2,BNK_A6F0D1FF,CLEAN,MATCHED,512122,512122
CASE_03717,PAY_ECA81419,SET_B0156C72,BNK_8470009B,OTHER,MATCHED,742846,742846
CASE_03718,PAY_DB1BC424,SET_E90AFC85,BNK_3D22B484,FEE_VARIANCE,EXCEPTION,23629,23529
CASE_03719,PAY_2789AEF0,SET_BC6935B2,BNK_AF716751,OTHER,MATCHED,260895,260895
CASE_03720,PAY_E30E6100,SET_A84A5C7E,BNK_95D2F691,TAX_VARIANCE,EXCEPTION,346232,346282
CASE_03721,PAY_8D8E7BF7,SET_DD505641,BNK_0172CDFE,CLEAN,MATCHED,326802,326802
CASE_03722,PAY_301E770A,SET_2D061ACE,BNK_A34FB08D,TAX_VARIANCE,EXCEPTION,1576594,1576644
CASE_03723,PAY_35DCB26D,SET_62EE95BB,BNK_59D5CB47,REFERENCE_TYPO,MATCHED,185712,185712
CASE_03724,PAY_3992E24F,SET_90FA4F66,BNK_CEACB4E0,CLEAN,MATCHED,493278,493278
CASE_03725,PAY_B7043A44,,,MISSING_SETTLEMENT,EXCEPTION,1184081,1184081
CASE_03726,PAY_E45CADAC,SET_B8EF42C3,BNK_3897BB6B,TAX_VARIANCE,EXCEPTION,882373,882423
CASE_03727,PAY_EBE185A7,SET_1F19FC9A,BNK_7DF5BBBA,CLEAN,MATCHED,1253015,1253015
CASE_03728,PAY_1CA6DBCE,SET_CDC9BAED,BNK_07C10448,FEE_VARIANCE,EXCEPTION,460471,460371
CASE_03729,PAY_B691E299,SET_93F19496,BNK_AAD611CE,CLEAN,MATCHED,1907105,1907105
CASE_03730,PAY_2C57A513,SET_BF6457D3,BNK_A31A41B2,CHARGEBACK,MATCHED,-247,-247
CASE_03731,PAY_04A8F7DA,SET_BC785EB9,BNK_DC4BAE22,CLEAN,MATCHED,852495,852495
CASE_03732,PAY_EE366D5B,SET_78826BAE,BNK_D69BC712,OTHER,MATCHED,1827724,1827724
CASE_03733,PAY_7FC57C87,SET_6952CC9C,BNK_1DE21711,REFUND,MATCHED,244965,244965
CASE_03734,PAY_13C44665,SET_68D063AD,BNK_B29BB523,CLEAN,MATCHED,1854184,1854184
CASE_03735,PAY_3A4A3B5B,SET_956ADF73,BNK_AC49644F,FEE_VARIANCE,EXCEPTION,1011649,1011549
CASE_03736,PAY_FC02EFA8,SET_BC595E5E,BNK_A3F0B12F,CHARGEBACK,MATCHED,-23998,-23998
CASE_03737,PAY_6806806C,SET_F0F33298,BNK_BF7B924E,CLEAN,MATCHED,1048459,1048459
CASE_03738,PAY_79D21906,,,MISSING_SETTLEMENT,EXCEPTION,1240907,1240907
CASE_03739,PAY_67F892A8,SET_52615B75,BNK_7F422A6D,TAX_VARIANCE,EXCEPTION,447192,447242
CASE_03740,PAY_808E26F3,SET_AB7543F8,BNK_231C9AF2,AMBIGUOUS,REVIEW,1361981,1361981
CASE_03741,PAY_58A5294E,SET_CA23B341,BNK_F9955D9D,CLEAN,MATCHED,417900,417900
CASE_03742,PAY_B53BAD9C,SET_0C53179F,BNK_0E811633,HIGH_VALUE_ANOMALY,REVIEW,14646000,14646000
CASE_03743,PAY_BA8F5BE7,SET_DD55C160,BNK_07650672,REFUND,MATCHED,558627,558627
CASE_03744,PAY_608DB72A,,,MISSING_SETTLEMENT,EXCEPTION,346622,346622
CASE_03745,PAY_ED8CF2B6,SET_86EDFE4F,BNK_EF2A1F1F,CLEAN,MATCHED,1861605,1861605
CASE_03746,PAY_0E9EE26B,SET_DA16C958,BNK_67D0A769,DUPLICATE,REVIEW,638664,638664
CASE_03747,PAY_95B2D4FA,SET_5D48FD3A,BNK_5A33412B,REFUND,MATCHED,454296,454296
CASE_03748,PAY_24C60661,SET_B42E12C3,BNK_3B7DC04F,DUPLICATE,REVIEW,1098255,1098255
CASE_03749,PAY_AFD04EDD,SET_58EEE3EC,BNK_62AB0F4B,CLEAN,MATCHED,504116,504116
CASE_03750,PAY_AB3AD8DD,SET_AE5A1503,BNK_54C1170B,ONE_TO_MANY,MATCHED,1228800,1228800
CASE_03751,PAY_AE8F4A26,SET_A08CD4C0,BNK_7F5D6174,CHARGEBACK,MATCHED,-4096,-4096
CASE_03752,PAY_4F6A5085,SET_76375F66,BNK_A22D4F93,CLEAN,MATCHED,1805071,1805071
CASE_03753,PAY_04C59D0E,SET_F451647D,BNK_4BF4DB38,CLEAN,MATCHED,1853110,1853110
CASE_03754,PAY_4719ED5B,SET_F6E09C13,BNK_24883C8B,REFUND,MATCHED,90707,90707
CASE_03755,PAY_C0A29F2F,SET_A4B53524,BNK_2741A70E,REFUND,MATCHED,324667,324667
CASE_03756,PAY_6F1D87C8,SET_481EC5AB,BNK_670D2ECA,CLEAN,MATCHED,868801,868801
CASE_03757,PAY_3B3E43DB,SET_ADD2ABE8,BNK_576B8413,CLEAN,MATCHED,860795,860795
CASE_03758,,SET_978951FF,BNK_80867E86,MISSING_PAYMENT,EXCEPTION,550885,550885
CASE_03759,PAY_A6CA416E,SET_D4870C66,BNK_6A730986,TAX_VARIANCE,EXCEPTION,1002080,1002130
CASE_03760,PAY_6439BA27,SET_B9C7B9B5,BNK_D2775F0D,CLEAN,MATCHED,934220,934220
CASE_03761,PAY_D5108466,SET_6238EB48,BNK_4C5993F0,REFERENCE_TYPO,MATCHED,245272,245272
CASE_03762,PAY_16AB94E8,SET_29E5F9B7,BNK_FD51540E,TIMING_DIFFERENCE,MATCHED,673912,673912
CASE_03763,PAY_9EB38CE6,SET_A1F815CF,BNK_54F446BC,FEE_VARIANCE,EXCEPTION,1548766,1548666
CASE_03764,PAY_80AC7A67,SET_07A3FA18,BNK_80B10A31,CLEAN,MATCHED,1838952,1838952
CASE_03765,PAY_73BEB7D1,SET_6ED68DA3,BNK_B70614A3,AMBIGUOUS,REVIEW,1847056,1847056
CASE_03766,PAY_BF78049B,SET_947A0F07,BNK_A7A9E3E1,CHARGEBACK,MATCHED,-8422,-8422
CASE_03767,PAY_FE09CE1F,SET_13906A8C,BNK_DEEBF957,AMBIGUOUS,REVIEW,1676577,1676577
CASE_03768,PAY_C3E0F3CE,SET_564A0299,BNK_B116688E,ONE_TO_MANY,MATCHED,807190,807190
CASE_03769,PAY_0FB97205,SET_9480BD5E,BNK_BC6CC4EE,OTHER,MATCHED,1855844,1855844
CASE_03770,PAY_47E49A6B,SET_DD2920A0,BNK_F7F10CB9,OTHER,MATCHED,582618,582618
CASE_03771,PAY_04D59156,,,MISSING_SETTLEMENT,EXCEPTION,508900,508900
CASE_03772,PAY_95E8D2D8,SET_60C06361,BNK_7DC85E19,CLEAN,MATCHED,717947,717947
CASE_03773,PAY_6C60F994,SET_3DE9CFC9,BNK_E78171C8,UNEXPLAINED_DELTA,EXCEPTION,1045041,1007541
CASE_03774,PAY_8EC6DF94,SET_18B09FA1,BNK_F503DE3A,CHARGEBACK,MATCHED,-4963,-4963
CASE_03775,,SET_0487C8F2,BNK_20673671,MISSING_PAYMENT,EXCEPTION,550104,550104
CASE_03776,PAY_43C8A035,SET_C7FE90BA,BNK_728515B3,CHARGEBACK,MATCHED,-40393,-40393
CASE_03777,PAY_017CE28C,SET_FE9E955B,BNK_69435AB7,DUPLICATE,REVIEW,870949,870949
CASE_03778,PAY_DD6985AD,,,MISSING_SETTLEMENT,EXCEPTION,952088,952088
CASE_03779,PAY_7B5CEEA5,SET_42938C96,BNK_F8DF681E,ONE_TO_MANY,MATCHED,1421737,1421737
CASE_03780,PAY_17977C88,SET_5CE71668,BNK_4F9AB658,HIGH_VALUE_ANOMALY,REVIEW,58584000,58584000
CASE_03781,PAY_3E520FA8,SET_E1E61249,BNK_15A94C9D,CLEAN,MATCHED,315671,315671
CASE_03782,PAY_91BDE78C,SET_55CF7896,BNK_27AA8527,REFERENCE_TYPO,MATCHED,1544763,1544763
CASE_03783,PAY_4671E348,SET_41C587D2,BNK_A45BD3A6,DUPLICATE,REVIEW,616695,616695
CASE_03784,PAY_0937CA3E,SET_B10083FE,BNK_2E976DB6,ONE_TO_MANY,MATCHED,875148,875148
CASE_03785,PAY_2805EB28,SET_BD47D278,BNK_45A341F8,CHARGEBACK,MATCHED,-7115,-7115
CASE_03786,,SET_08BC1969,BNK_33002E48,MISSING_PAYMENT,EXCEPTION,1154008,1154008
CASE_03787,PAY_11B0CDA1,SET_76A7DF98,BNK_8BFA246A,ONE_TO_MANY,MATCHED,1374967,1374967
CASE_03788,PAY_D5BF65A2,SET_D77FA051,BNK_7D7CF268,CLEAN,MATCHED,178584,178584
CASE_03789,PAY_419408DB,SET_B3DB8963,BNK_4ECD5ADE,REFERENCE_TYPO,MATCHED,679282,679282
CASE_03790,PAY_2859BFC3,SET_3D2DF3C8,BNK_99A2CF98,CLEAN,MATCHED,1604616,1604616
CASE_03791,PAY_49E7C8A7,SET_53E6BE92,BNK_5F5C70C2,ONE_TO_MANY,MATCHED,1825673,1825673
CASE_03792,PAY_40DBD408,,,MISSING_SETTLEMENT,EXCEPTION,1927805,1927805
CASE_03793,PAY_48E11B98,SET_CC97F078,BNK_1B77CEFF,UNEXPLAINED_DELTA,EXCEPTION,1499556,1471356
CASE_03794,PAY_A8EE49BB,SET_4C96B69E,BNK_FC9F2985,UNEXPLAINED_DELTA,EXCEPTION,1693664,1690764
CASE_03795,PAY_E4AF973D,SET_5777714A,BNK_1211D057,CLEAN,MATCHED,1128426,1128426
CASE_03796,PAY_3D968E7F,SET_5FC72F14,BNK_5A738C86,CLEAN,MATCHED,534677,534677
CASE_03797,PAY_EDCE19F9,SET_F5CF4BA3,BNK_A5280536,CLEAN,MATCHED,99886,99886
CASE_03798,PAY_238DF3AC,SET_B23501A9,BNK_9EFB5732,CLEAN,MATCHED,343303,343303
CASE_03799,PAY_204312B3,SET_F87A45BF,BNK_1B2A6C22,CHARGEBACK,MATCHED,-14365,-14365
CASE_03800,PAY_32099A35,SET_11873B6C,BNK_65C8EF90,AMBIGUOUS,REVIEW,666686,666686
CASE_03801,PAY_3D88FE92,SET_7C1332FE,BNK_021EED25,CLEAN,MATCHED,1862191,1862191
CASE_03802,PAY_60D67559,SET_D4A3E4D1,BNK_E85BC5C0,CHARGEBACK,MATCHED,-575,-575
CASE_03803,PAY_376F17EE,SET_9612D9C7,BNK_F9061FCC,UNEXPLAINED_DELTA,EXCEPTION,1711532,1692132
CASE_03804,PAY_CDEFB739,SET_F20B659F,BNK_71B2E1D6,REFERENCE_TYPO,MATCHED,1743167,1743167
CASE_03805,PAY_8D9AFE6A,SET_22EC2F13,BNK_A00DF3F6,TIMING_DIFFERENCE,MATCHED,61807,61807
CASE_03806,PAY_5863E71C,SET_9E82FBF0,BNK_5FDBAEE8,CLEAN,MATCHED,1085855,1085855
CASE_03807,PAY_3D01512E,SET_7F2BE74B,BNK_2D135F9C,CLEAN,MATCHED,1554136,1554136
CASE_03808,PAY_754DFCCF,SET_5E08569B,BNK_352AFE99,TAX_VARIANCE,EXCEPTION,736401,736451
CASE_03809,PAY_52B0A152,SET_DE42C5C9,BNK_6BF110F4,CLEAN,MATCHED,908541,908541
CASE_03810,PAY_CE78CAB5,SET_8200366A,BNK_2B9D454C,CLEAN,MATCHED,1795014,1795014
CASE_03811,PAY_C1AFD119,SET_8FA7977C,BNK_185DA359,CHARGEBACK,MATCHED,-35923,-35923
CASE_03812,PAY_2FDAC532,SET_0EA1A5F9,BNK_97C97101,OTHER,MATCHED,532236,532236
CASE_03813,PAY_4AC61C19,SET_79163F7F,BNK_71FAFB1F,FEE_VARIANCE,EXCEPTION,1336497,1336397
CASE_03814,PAY_DA3D4373,SET_78F356E6,BNK_292E5126,TAX_VARIANCE,EXCEPTION,610446,610496
CASE_03815,PAY_E8E83060,SET_E06E4A2C,BNK_8394FB02,CLEAN,MATCHED,1781540,1781540
CASE_03816,PAY_A73F3460,SET_CF7EFC41,BNK_BED560EC,CLEAN,MATCHED,1723054,1723054
CASE_03817,PAY_A7B0D2AE,SET_FE208220,BNK_D736AF74,CLEAN,MATCHED,1445561,1445561
CASE_03818,PAY_F4891426,SET_5ECCD35C,BNK_86676CDB,CLEAN,MATCHED,108869,108869
CASE_03819,PAY_3669D964,SET_380E4087,BNK_65BA0445,OTHER,MATCHED,223596,223596
CASE_03820,PAY_018013A2,SET_E42330B0,BNK_47D3F3C8,CLEAN,MATCHED,620796,620796
CASE_03821,PAY_B6474B51,SET_3FC1D0E5,BNK_BB2B224D,CLEAN,MATCHED,511048,511048
CASE_03822,PAY_E862BAB4,SET_851EB980,BNK_0366665E,TAX_VARIANCE,EXCEPTION,80065,80115
CASE_03823,PAY_C05AF5E0,SET_D28EFD51,BNK_E748A8F2,CLEAN,MATCHED,447094,447094
CASE_03824,PAY_73AF6F2C,SET_E8D54C91,BNK_B429C9B0,CLEAN,MATCHED,783073,783073
CASE_03825,PAY_50B0F309,SET_488AABD3,BNK_2A436463,CLEAN,MATCHED,926506,926506
CASE_03826,PAY_EABA351D,SET_86A60BB9,BNK_C1AF41BF,AMBIGUOUS,REVIEW,175167,175167
CASE_03827,PAY_7A81F5AA,SET_9D32F7E0,BNK_36381617,TIMING_DIFFERENCE,MATCHED,1210541,1210541
CASE_03828,PAY_9221A1CF,SET_7162A8EE,BNK_A627A8E9,CLEAN,MATCHED,1307888,1307888
CASE_03829,PAY_EBD1C8C5,SET_25173CF2,BNK_6C209CA9,CLEAN,MATCHED,1294023,1294023
CASE_03830,PAY_12353890,SET_90FEC6AE,BNK_3487C8BD,TIMING_DIFFERENCE,MATCHED,902780,902780
CASE_03831,PAY_B026E65A,,,MISSING_SETTLEMENT,EXCEPTION,1274300,1274300
CASE_03832,PAY_5A562AB2,SET_59718627,BNK_31F5BCC2,ONE_TO_MANY,MATCHED,60537,60537
CASE_03833,PAY_B180D593,SET_6E4C2ABC,BNK_C616C241,DUPLICATE,REVIEW,1458059,1458059
CASE_03834,PAY_CB4F70C1,SET_BA60B20C,BNK_4BDEF489,DUPLICATE,REVIEW,1711825,1711825
CASE_03835,PAY_2C624749,SET_16D870F7,BNK_3AC82DFC,REFERENCE_TYPO,MATCHED,899558,899558
CASE_03836,PAY_63921BFA,SET_9B117E49,BNK_02D42E11,REFUND,MATCHED,486977,486977
CASE_03837,PAY_C65F2909,SET_05E3AED4,BNK_2A572B7F,CLEAN,MATCHED,1247547,1247547
CASE_03838,PAY_DC8B263C,SET_7A8A886E,BNK_5AC81732,REFERENCE_TYPO,MATCHED,398274,398274
CASE_03839,PAY_474DB741,SET_20314918,BNK_21964982,UNEXPLAINED_DELTA,EXCEPTION,1570149,1557549
CASE_03840,PAY_C9BBD229,SET_497297C6,BNK_E2D2C0B0,CLEAN,MATCHED,1276253,1276253
CASE_03841,PAY_EB712367,SET_EE2295F3,BNK_BB509BA7,CHARGEBACK,MATCHED,-9992,-9992
CASE_03842,PAY_B08BC12C,SET_7FE728E5,BNK_0AAFD39C,ONE_TO_MANY,MATCHED,984407,984407
CASE_03843,PAY_BF1EE352,SET_8E0FFF76,BNK_CD021A38,CLEAN,MATCHED,560454,560454
CASE_03844,PAY_AEC63089,SET_6CD7D075,BNK_FB9515F8,CLEAN,MATCHED,1098841,1098841
CASE_03845,PAY_9DD7CD32,SET_C3BB13AE,BNK_FFB821F3,CLEAN,MATCHED,60244,60244
CASE_03846,PAY_C74CCD45,SET_BE19E7F0,BNK_BD25EBDD,CLEAN,MATCHED,1042503,1042503
CASE_03847,PAY_FDE9AE62,SET_A1A1F07A,BNK_67706EB9,CLEAN,MATCHED,121172,121172
CASE_03848,PAY_14612E12,SET_10EAB928,BNK_4E4048B2,TIMING_DIFFERENCE,MATCHED,1355927,1355927
CASE_03849,PAY_9FCA25FF,SET_B2F01AAC,BNK_6C030533,CLEAN,MATCHED,61514,61514
CASE_03850,PAY_8C4B0EFF,SET_C036BB77,BNK_ED6B7BB8,CLEAN,MATCHED,890770,890770
CASE_03851,PAY_AD431DB8,SET_458DCD14,BNK_DC8AF5B2,ONE_TO_MANY,MATCHED,911665,911665
CASE_03852,PAY_557C50B1,SET_F236E356,BNK_881F9526,TIMING_DIFFERENCE,MATCHED,1027076,1027076
CASE_03853,PAY_A35B8A08,SET_BFA4D5A4,BNK_22A1E2FE,AMBIGUOUS,REVIEW,606638,606638
CASE_03854,PAY_D63453D0,SET_FB1771D5,BNK_9B2E4205,UNEXPLAINED_DELTA,EXCEPTION,813830,798330
CASE_03855,PAY_2177B2FB,SET_8A8BEF6D,BNK_38724965,ONE_TO_MANY,MATCHED,508998,508998
CASE_03856,PAY_98F3AC99,SET_35D1FC22,BNK_F91A91FA,FEE_VARIANCE,EXCEPTION,126542,126442
CASE_03857,PAY_ED4240F5,SET_6874A81E,BNK_7D2512F9,CLEAN,MATCHED,783854,783854
CASE_03858,PAY_AA0BA361,SET_615C9583,BNK_E9FC557C,CLEAN,MATCHED,705449,705449
CASE_03859,PAY_00F0E8BF,SET_F6001691,BNK_70FA3984,DUPLICATE,REVIEW,1576203,1576203
CASE_03860,PAY_21C38E9E,SET_85CC611F,BNK_03DF6254,CLEAN,MATCHED,1123935,1123935
CASE_03861,PAY_73EEC617,SET_DF78CDE9,BNK_A07E2847,CLEAN,MATCHED,1573860,1573860
CASE_03862,PAY_16E914A0,SET_B0DB3ABF,BNK_90453514,DUPLICATE,REVIEW,1316285,1316285
CASE_03863,PAY_C2CD6864,SET_0AEDF3D1,BNK_ED6F0F47,CLEAN,MATCHED,1612525,1612525
CASE_03864,PAY_2A6D8227,SET_39C3BCC3,BNK_EB443424,TIMING_DIFFERENCE,MATCHED,268608,268608
CASE_03865,PAY_CAE96F5E,SET_ED37DAFC,BNK_EB36E149,UNEXPLAINED_DELTA,EXCEPTION,1734673,1718673
CASE_03866,PAY_75D4B103,SET_4F1DEFB5,BNK_807041D3,CLEAN,MATCHED,962633,962633
CASE_03867,PAY_4892136B,SET_FFE2664F,BNK_FE99B301,AMBIGUOUS,REVIEW,1292754,1292754
CASE_03868,PAY_272DEDB6,SET_6569A860,BNK_1CF487E7,CLEAN,MATCHED,687972,687972
CASE_03869,PAY_329807D5,SET_9C2FD4A2,BNK_11A36EEC,CLEAN,MATCHED,546199,546199
CASE_03870,PAY_68557437,SET_8BFE8B6A,BNK_97F01E08,TIMING_DIFFERENCE,MATCHED,937052,937052
CASE_03871,PAY_FFFD22A0,SET_09B8BA16,BNK_081CCACE,OTHER,MATCHED,753781,753781
CASE_03872,PAY_0B19D9FE,SET_B72E44D6,BNK_B47A01C9,TIMING_DIFFERENCE,MATCHED,1671402,1671402
CASE_03873,PAY_C47189FB,SET_BCF94387,BNK_A5536CC7,CLEAN,MATCHED,1823818,1823818
CASE_03874,PAY_76B67717,SET_2CADC5D1,BNK_D46B3F01,HIGH_VALUE_ANOMALY,REVIEW,14646000,14646000
CASE_03875,PAY_0284655E,SET_1A648464,BNK_4E555F4C,CLEAN,MATCHED,836189,836189
CASE_03876,PAY_811CCE28,SET_333C9C9C,BNK_7E4C4A41,CLEAN,MATCHED,509095,509095
CASE_03877,PAY_B55DE448,SET_0759FC1A,BNK_39F49E79,AMBIGUOUS,REVIEW,1822451,1822451
CASE_03878,PAY_EF02FD77,SET_CEE40EB1,BNK_EC55348B,CLEAN,MATCHED,515051,515051
CASE_03879,PAY_7A67F47C,SET_9F7F10E4,BNK_1F1FCE82,CLEAN,MATCHED,1443998,1443998
CASE_03880,PAY_0029E3D6,SET_9FA5650D,BNK_C636D990,FEE_VARIANCE,EXCEPTION,1408262,1408162
CASE_03881,PAY_AFB85C83,SET_F1AC0C81,BNK_50412392,CLEAN,MATCHED,741088,741088
CASE_03882,PAY_CB4B6FC2,SET_53A82974,BNK_DB9CDABB,TIMING_DIFFERENCE,MATCHED,1741508,1741508
CASE_03883,PAY_32AC0339,SET_F33D5C8F,BNK_FAB84248,CLEAN,MATCHED,1215814,1215814
CASE_03884,PAY_CD0B3AF1,SET_BE44518C,BNK_088E2765,CLEAN,MATCHED,547370,547370
CASE_03885,PAY_818B8C78,SET_2707E03D,BNK_3A36D7A8,CLEAN,MATCHED,1524063,1524063
CASE_03886,PAY_F2F7AEE1,SET_1B8FB372,BNK_0156664C,CLEAN,MATCHED,153393,153393
CASE_03887,PAY_B8EBC5D0,SET_F66BBAFB,BNK_4ACF91DD,CLEAN,MATCHED,858549,858549
CASE_03888,PAY_F325FFDD,SET_732FC527,BNK_D86386E9,AMBIGUOUS,REVIEW,984407,984407
CASE_03889,PAY_7994AE51,SET_F5A7DD7A,BNK_CD4A219F,CLEAN,MATCHED,1871857,1871857
CASE_03890,PAY_AD1AB800,SET_F1F2F46B,BNK_03A833F4,CLEAN,MATCHED,64931,64931
CASE_03891,PAY_304E566D,SET_CA7F3EDF,BNK_F4FAAA6A,CLEAN,MATCHED,740502,740502
CASE_03892,PAY_6B2A06DB,SET_21949C1A,BNK_52103476,FEE_VARIANCE,EXCEPTION,280032,279932
CASE_03893,PAY_AEDC8E93,SET_48F1A950,BNK_625A0E1B,AMBIGUOUS,REVIEW,196062,196062
CASE_03894,PAY_EC391427,SET_61EA4871,BNK_BF7E8B4B,CLEAN,MATCHED,1193064,1193064
CASE_03895,PAY_3A191342,SET_2C078D47,BNK_958371F9,CLEAN,MATCHED,1021803,1021803
CASE_03896,PAY_2B1F5C6C,SET_2735B24F,BNK_92E6E55C,CLEAN,MATCHED,573050,573050
CASE_03897,PAY_406D8346,SET_EAFBC863,BNK_87491172,DUPLICATE,REVIEW,1494185,1494185
CASE_03898,PAY_927A0B9C,SET_BB22934F,BNK_E60B0A79,CLEAN,MATCHED,1161428,1161428
CASE_03899,PAY_76BF0FA0,SET_4BD99969,BNK_0EFF776F,DUPLICATE,REVIEW,1217278,1217278
CASE_03900,PAY_98539C03,SET_E1249372,BNK_888E1447,CLEAN,MATCHED,42181,42181
CASE_03901,PAY_EC0FAC2C,SET_6ECCDA51,BNK_34C3959F,CLEAN,MATCHED,690315,690315
CASE_03902,PAY_F2D7CA27,SET_684A941A,BNK_609A0CF0,OTHER,MATCHED,1914721,1914721
CASE_03903,PAY_BCC1DF1A,SET_D8D7004E,BNK_F137D464,CLEAN,MATCHED,416435,416435
CASE_03904,PAY_AE71D086,SET_96E0AF45,BNK_5A10CA97,CLEAN,MATCHED,1842370,1842370
CASE_03905,PAY_4A1B315A,SET_40FD7791,BNK_EEE1391B,CLEAN,MATCHED,339495,339495
CASE_03906,PAY_9C047A9F,SET_991B631B,BNK_EFB18EA4,CLEAN,MATCHED,88169,88169
CASE_03907,PAY_D62835E8,SET_3C7E220C,BNK_5573F856,CLEAN,MATCHED,1730572,1730572
CASE_03908,PAY_8E18312E,,,MISSING_SETTLEMENT,EXCEPTION,564262,564262
CASE_03909,PAY_162932F6,SET_696F50B9,BNK_C043F87F,AMBIGUOUS,REVIEW,1505121,1505121
CASE_03910,PAY_EF23B755,SET_936DBA0B,BNK_15A2B757,CLEAN,MATCHED,1904371,1904371
CASE_03911,,SET_1336E4BF,BNK_F22119FA,MISSING_PAYMENT,EXCEPTION,50383,50383
CASE_03912,PAY_301AD360,SET_8F984108,BNK_2123A1B4,CLEAN,MATCHED,1327123,1327123
CASE_03913,PAY_C2BE304A,SET_19CFFD20,BNK_1FE39D8D,FEE_VARIANCE,EXCEPTION,524913,524813
CASE_03914,PAY_213D9D13,SET_F3546CB3,BNK_194BDC6C,CLEAN,MATCHED,729664,729664
CASE_03915,PAY_C2866464,SET_26777D71,BNK_FB02325E,TIMING_DIFFERENCE,MATCHED,950526,950526
CASE_03916,PAY_AB7ED2DC,SET_4B8CE680,BNK_EABE3CD6,CLEAN,MATCHED,66103,66103
CASE_03917,PAY_E457409D,SET_4EC72168,BNK_384C9A0E,CLEAN,MATCHED,263140,263140
CASE_03918,PAY_EDE1A239,SET_ECDA85D9,BNK_52DCE7A7,CHARGEBACK,MATCHED,-12982,-12982
CASE_03919,PAY_DE56F406,SET_A69E3CBF,BNK_C8AEC68C,DUPLICATE,REVIEW,1727643,1727643
CASE_03920,PAY_77FD02F3,SET_B783DDD3,BNK_DB63F5D6,CHARGEBACK,MATCHED,-38449,-38449
CASE_03921,PAY_58D481FC,SET_0855E60A,BNK_FEE93F81,CLEAN,MATCHED,690120,690120
CASE_03922,PAY_418E89B4,SET_9CEF73D2,BNK_FAB21E93,OTHER,MATCHED,879053,879053
CASE_03923,PAY_E3AF5048,SET_7A0FE230,BNK_5ABE07BC,CLEAN,MATCHED,641691,641691
CASE_03924,PAY_198BDF13,SET_E946F9CE,BNK_16515A51,UNEXPLAINED_DELTA,EXCEPTION,322310,293510
CASE_03925,PAY_75441B78,SET_9D1C436E,BNK_E716D942,OTHER,MATCHED,852202,852202
CASE_03926,PAY_CEB42BF5,SET_E3239689,BNK_5D1EF821,CLEAN,MATCHED,1717683,1717683
CASE_03927,PAY_F32A3286,SET_21236928,BNK_E44FC314,DUPLICATE,REVIEW,268706,268706
CASE_03928,PAY_819319F8,SET_E78D857A,BNK_1AB0B1D4,CLEAN,MATCHED,962145,962145
CASE_03929,PAY_DF29B174,SET_ED105C62,BNK_732A385B,HIGH_VALUE_ANOMALY,REVIEW,5370200,5370200
CASE_03930,PAY_AFAA22F3,SET_E6C13A35,BNK_CED116DB,AMBIGUOUS,REVIEW,1096009,1096009
CASE_03931,PAY_D98BB911,SET_8D60FB36,BNK_72EC914E,UNEXPLAINED_DELTA,EXCEPTION,549128,530528
CASE_03932,PAY_415D6518,SET_91F52132,BNK_B80B2F04,CHARGEBACK,MATCHED,-41477,-41477
CASE_03933,PAY_8E253655,SET_83881913,BNK_BC4EB6A7,CHARGEBACK,MATCHED,-3086,-3086
CASE_03934,PAY_C497A0A2,SET_E2576B24,BNK_D53B837E,CLEAN,MATCHED,561235,561235
CASE_03935,PAY_A703AF47,SET_FC486728,BNK_DAED638E,AMBIGUOUS,REVIEW,273490,273490
CASE_03936,PAY_211EFF27,SET_00A6CF34,BNK_9510A517,UNEXPLAINED_DELTA,EXCEPTION,1636837,1610537
CASE_03937,PAY_C8A274AD,,,MISSING_SETTLEMENT,EXCEPTION,566703,566703
CASE_03938,PAY_BFE8D999,SET_7F973777,BNK_892407F1,ONE_TO_MANY,MATCHED,489470,489470
CASE_03939,,SET_E64C728B,BNK_295480BD,MISSING_PAYMENT,EXCEPTION,1584112,1584112
CASE_03940,PAY_2791A74C,SET_177F509A,BNK_B027B90D,ONE_TO_MANY,MATCHED,1214642,1214642
CASE_03941,PAY_406FF047,SET_7AB3EBB3,BNK_93C2D58C,CLEAN,MATCHED,563286,563286
CASE_03942,PAY_82FAF563,SET_13AD864A,BNK_4C8FDDC6,CLEAN,MATCHED,1461378,1461378
CASE_03943,PAY_B161CA29,SET_4C7EF679,BNK_609A4500,CLEAN,MATCHED,96664,96664
CASE_03944,PAY_9BAC7627,SET_FA7425E5,BNK_7B3D5FB6,CLEAN,MATCHED,1251159,1251159
CASE_03945,,SET_C83FB43C,BNK_7EAA6100,MISSING_PAYMENT,EXCEPTION,890575,890575
CASE_03946,PAY_E2C4C34C,SET_1D4A3645,BNK_AFF52441,CLEAN,MATCHED,103304,103304
CASE_03947,PAY_0ACEB46C,SET_E4833B95,BNK_6698B623,UNEXPLAINED_DELTA,EXCEPTION,1000029,970029
CASE_03948,,SET_AF6DFDA3,BNK_C8C70400,MISSING_PAYMENT,EXCEPTION,940371,940371
CASE_03949,PAY_86E78333,SET_2EAF823B,BNK_05B4923B,UNEXPLAINED_DELTA,EXCEPTION,1382388,1369388
CASE_03950,PAY_BC73D69E,SET_861D7865,BNK_A0BA6C99,CLEAN,MATCHED,1725885,1725885
CASE_03951,PAY_C00508FE,SET_B50DE1EC,BNK_69AEE085,FEE_VARIANCE,EXCEPTION,910493,910393
CASE_03952,PAY_A731C3E1,SET_0E0A59DD,BNK_F42C020A,TAX_VARIANCE,EXCEPTION,419364,419414
CASE_03953,PAY_D51082BD,SET_15F81BD1,BNK_CE0B6A98,CHARGEBACK,MATCHED,-1290,-1290
CASE_03954,PAY_893BD8CB,SET_D470AC5E,BNK_87D7E53E,TAX_VARIANCE,EXCEPTION,1680483,1680533
CASE_03955,PAY_C585CA23,SET_6B735EBF,BNK_F4A5E49B,CLEAN,MATCHED,1787301,1787301
CASE_03956,PAY_88DBD54C,SET_B31882B3,BNK_65E2F581,ONE_TO_MANY,MATCHED,1138581,1138581
CASE_03957,PAY_954A6B55,SET_F939DFB7,BNK_3C5AFC43,TAX_VARIANCE,EXCEPTION,1942646,1942696
CASE_03958,PAY_B1D72AE1,SET_0841F6CD,BNK_3E617FCD,FEE_VARIANCE,EXCEPTION,1532851,1532751
CASE_03959,PAY_0F1394D6,SET_E0924E25,BNK_210D5ED8,FEE_VARIANCE,EXCEPTION,1379751,1379651
CASE_03960,PAY_1AD21A7A,SET_0B52A158,BNK_1C8CB97B,REFERENCE_TYPO,MATCHED,1241200,1241200
CASE_03961,PAY_A85CBC15,SET_3E5C8F84,BNK_8A910370,ONE_TO_MANY,MATCHED,1758692,1758692
CASE_03962,PAY_45A61FCA,SET_15DDE4DB,BNK_2FE8CD2F,CLEAN,MATCHED,1838366,1838366
CASE_03963,PAY_C94AA869,SET_12D12CE6,BNK_98A804AB,CLEAN,MATCHED,509095,509095
CASE_03964,PAY_253A6ADB,SET_9D55911A,BNK_2CC4438F,CLEAN,MATCHED,1378384,1378384
CASE_03965,PAY_352F0B1B,SET_28A1E0C1,BNK_58693258,CLEAN,MATCHED,1665739,1665739
CASE_03966,PAY_8A1E6ABF,SET_666C712E,BNK_B4B1D2A4,TIMING_DIFFERENCE,MATCHED,780046,780046
CASE_03967,PAY_BD282666,SET_2C699CDB,BNK_728E57D8,OTHER,MATCHED,959509,959509
CASE_03968,PAY_F5084B41,SET_21F6C5B6,BNK_C60C4ACD,CLEAN,MATCHED,1917064,1917064
CASE_03969,PAY_396DE156,SET_D6031DA9,BNK_B545EAA0,CLEAN,MATCHED,555865,555865
CASE_03970,PAY_D57BF1AF,SET_01F01522,BNK_88E5A4D5,CLEAN,MATCHED,1348897,1348897
CASE_03971,PAY_72F18A60,,,MISSING_SETTLEMENT,EXCEPTION,743041,743041
CASE_03972,PAY_6359C50F,SET_327C2BAE,BNK_D4BBA290,REFUND,MATCHED,315091,315091
CASE_03973,PAY_36B6C378,SET_BA4BF05B,BNK_250453FE,CLEAN,MATCHED,124199,124199
CASE_03974,PAY_EE6401E7,SET_1495E8C4,BNK_747086C1,ONE_TO_MANY,MATCHED,1627757,1627757
CASE_03975,PAY_4ADF55A9,SET_59286115,BNK_2E3533BE,UNEXPLAINED_DELTA,EXCEPTION,333832,328932
CASE_03976,PAY_165BD6D1,SET_4E34AB10,BNK_BD2ED067,REFUND,MATCHED,802734,802734
CASE_03977,PAY_81AA62ED,SET_D0C3A98C,BNK_AF2360A5,REFERENCE_TYPO,MATCHED,564067,564067
CASE_03978,PAY_51791D0A,SET_DD403FB5,BNK_EA266039,TIMING_DIFFERENCE,MATCHED,344377,344377
CASE_03979,PAY_FA9858C0,SET_2C7FB0F5,BNK_AC98A81A,CLEAN,MATCHED,172530,172530
CASE_03980,PAY_102F9553,SET_1DE597B7,BNK_3D2B0CF2,CLEAN,MATCHED,840876,840876
CASE_03981,PAY_C6563C3C,SET_C0E3F709,BNK_D254150E,REFUND,MATCHED,326573,326573
CASE_03982,PAY_F99BA23F,SET_C6EE2900,BNK_665C1389,CLEAN,MATCHED,1455129,1455129
CASE_03983,PAY_7AF96610,SET_D9105AC1,BNK_70E40C2E,CLEAN,MATCHED,1554917,1554917
CASE_03984,PAY_D4CD47EE,SET_B416628A,BNK_D9C3A000,ONE_TO_MANY,MATCHED,411846,411846
CASE_03985,PAY_736580C3,SET_62A1D22A,BNK_0D796AF1,CLEAN,MATCHED,1109777,1109777
CASE_03986,PAY_E698C968,SET_8C006542,BNK_F46FC800,REFERENCE_TYPO,MATCHED,694709,694709
CASE_03987,PAY_69BBDC71,SET_51879385,BNK_6A1940BA,REFUND,MATCHED,339388,339388
CASE_03988,PAY_C23A95A1,SET_89E48FEA,BNK_B2FBB5A6,CLEAN,MATCHED,1012527,1012527
CASE_03989,PAY_82E72B81,SET_648C64B1,BNK_31D71E3C,CLEAN,MATCHED,99496,99496
CASE_03990,PAY_790DCF97,SET_432C0C23,BNK_69CF9588,REFUND,MATCHED,190132,190132
CASE_03991,PAY_43C019F7,SET_59C41B30,BNK_5551DB62,TIMING_DIFFERENCE,MATCHED,384312,384312
CASE_03992,PAY_7511D682,SET_B52454BA,BNK_ECF1FD14,CLEAN,MATCHED,643350,643350
CASE_03993,PAY_BF545BCD,SET_08C33082,BNK_05C1D234,DUPLICATE,REVIEW,555474,555474
CASE_03994,PAY_262962B7,SET_5C5EE79C,BNK_68EB125F,REFERENCE_TYPO,MATCHED,679184,679184
CASE_03995,PAY_E57F9578,SET_04B464D5,BNK_E9807652,FEE_VARIANCE,EXCEPTION,1231827,1231727
CASE_03996,PAY_C5417E6B,SET_CD11F0A2,BNK_28D30101,CLEAN,MATCHED,1740433,1740433
CASE_03997,PAY_3E0A855D,SET_A97A4FC3,BNK_B4E930A8,CLEAN,MATCHED,34760,34760
CASE_03998,PAY_59DF0386,SET_AE26859E,BNK_E3BCC631,CLEAN,MATCHED,1479051,1479051
CASE_03999,,SET_DFE6213D,BNK_68B9165F,MISSING_PAYMENT,EXCEPTION,343303,343303
CASE_04000,PAY_57C5A5D7,SET_0B605B32,BNK_A386B112,TIMING_DIFFERENCE,MATCHED,253279,253279
CASE_04001,PAY_4B1D08D5,SET_1C8C455D,BNK_B4F0856B,UNEXPLAINED_DELTA,EXCEPTION,1092690,1047290
CASE_04002,PAY_1A25BDF1,SET_027148DA,BNK_F04DE242,CLEAN,MATCHED,1777146,1777146
CASE_04003,PAY_A50CEE90,SET_331D14FF,BNK_114EF922,CLEAN,MATCHED,23727,23727
CASE_04004,PAY_CB7EE392,SET_96B691E3,BNK_917A0AA1,CLEAN,MATCHED,452074,452074
CASE_04005,PAY_BB2670D9,SET_2D5973E2,BNK_5AD4F150,REFUND,MATCHED,529471,529471
CASE_04006,,SET_558529EC,BNK_CDC65952,MISSING_PAYMENT,EXCEPTION,339007,339007
CASE_04007,PAY_EC7E585B,SET_60460A3F,BNK_2BE9F900,FEE_VARIANCE,EXCEPTION,499527,499427
CASE_04008,PAY_10823D9A,SET_7EFA5892,BNK_C9DC1095,CLEAN,MATCHED,61514,61514
CASE_04009,PAY_9BD115A8,SET_9F8F472A,BNK_9CAC239A,CLEAN,MATCHED,1670621,1670621
CASE_04010,PAY_447D9395,SET_8FB14721,BNK_7097ED46,HIGH_VALUE_ANOMALY,REVIEW,58584000,58584000
CASE_04011,PAY_52428FC5,SET_3C7D8AA3,BNK_3DA0AF79,CLEAN,MATCHED,1801458,1801458
CASE_04012,PAY_DB21B967,SET_354E0482,BNK_D9AF459E,FEE_VARIANCE,EXCEPTION,1735942,1735842
CASE_04013,PAY_83E04072,SET_C5B6158B,BNK_D20539C5,CLEAN,MATCHED,1921165,1921165
CASE_04014,PAY_00014D5E,SET_749A946A,BNK_2D78DB3E,CHARGEBACK,MATCHED,-44665,-44665
CASE_04015,PAY_E8F59891,SET_EF957F37,BNK_ACD2D8AB,ONE_TO_MANY,MATCHED,1253991,1253991
CASE_04016,PAY_4CE3E64C,SET_3D184DB4,BNK_80523A2A,REFUND,MATCHED,720365,720365
CASE_04017,PAY_79566D8B,SET_7C2B4128,BNK_42A54FBB,UNEXPLAINED_DELTA,EXCEPTION,1005888,964788
CASE_04018,PAY_B0CE1CBC,SET_A94926E0,BNK_21A7A7B7,CLEAN,MATCHED,1935323,1935323
CASE_04019,PAY_2D8E9DC1,SET_2FA9EA5D,BNK_A9BC069F,FEE_VARIANCE,EXCEPTION,1834754,1834654
CASE_04020,PAY_B5F4F627,SET_C7E99CCF,BNK_87140732,CLEAN,MATCHED,964293,964293
CASE_04021,PAY_85C5F73D,SET_29DA7C39,BNK_E00EFB8E,TIMING_DIFFERENCE,MATCHED,544929,544929
CASE_04022,PAY_38923B8B,SET_79DA5A3C,BNK_C10B6556,REFUND,MATCHED,315473,315473
CASE_04023,PAY_FC52860C,SET_A797A40F,BNK_0D94AE0A,CLEAN,MATCHED,1930246,1930246
CASE_04024,PAY_D28F5E16,SET_2CACA624,BNK_4E0721F1,CLEAN,MATCHED,790689,790689
CASE_04025,PAY_C9C404A6,SET_486489CF,BNK_7FA1F339,CLEAN,MATCHED,959606,959606
CASE_04026,PAY_3C5AF72E,SET_D94B81D2,BNK_AD3B3E14,CLEAN,MATCHED,1429352,1429352
CASE_04027,PAY_AF467938,SET_6D86A817,BNK_6E2854C1,CLEAN,MATCHED,213246,213246
CASE_04028,PAY_F7A64A33,,,MISSING_SETTLEMENT,EXCEPTION,1315407,1315407
CASE_04029,PAY_DD3ABDDD,SET_AB994972,BNK_EBCC7DC4,TAX_VARIANCE,EXCEPTION,740698,740748
CASE_04030,PAY_D6288950,SET_3EED3CB2,BNK_F3B0BC49,FEE_VARIANCE,EXCEPTION,1471923,1471823
CASE_04031,PAY_DAAB426E,SET_900433ED,BNK_7306B4BB,CHARGEBACK,MATCHED,-6957,-6957
CASE_04032,PAY_50DA4003,SET_F4D165E2,BNK_F932CFF4,CLEAN,MATCHED,29097,29097
CASE_04033,PAY_B4C0D6B0,SET_E5D69FD9,BNK_3C59D50E,AMBIGUOUS,REVIEW,1047873,1047873
CASE_04034,PAY_C6CFAC3F,SET_373430A6,BNK_63316288,CLEAN,MATCHED,526280,526280
CASE_04035,PAY_A7BEEB5A,SET_E9652209,BNK_CB851E2B,CLEAN,MATCHED,1137702,1137702
CASE_04036,PAY_95CE207B,SET_7086AA80,BNK_822832DE,TAX_VARIANCE,EXCEPTION,1527774,1527824
CASE_04037,PAY_F5D760FE,SET_7DB7B3EE,BNK_D22AC385,CLEAN,MATCHED,146168,146168
CASE_04038,PAY_B40B86D3,SET_F544AE47,BNK_8AE09EB7,HIGH_VALUE_ANOMALY,REVIEW,29292000,29292000
CASE_04039,PAY_5ECEFF90,SET_5179391B,BNK_02244C68,AMBIGUOUS,REVIEW,391927,391927
CASE_04040,PAY_832581ED,SET_63D428F7,BNK_AEDCDDE0,TIMING_DIFFERENCE,MATCHED,1373502,1373502
CASE_04041,PAY_BE855662,SET_B1C03BDB,BNK_0BD571BC,DUPLICATE,REVIEW,365174,365174
CASE_04042,PAY_4CF2E86D,SET_FC249D2A,BNK_18BCB941,REFUND,MATCHED,889868,889868
CASE_04043,PAY_6956EFC0,SET_B4C4B593,BNK_897795F0,REFUND,MATCHED,575873,575873
CASE_04044,PAY_D9FC87DE,SET_F95BD56B,BNK_8CA52D04,CLEAN,MATCHED,356484,356484
CASE_04045,PAY_AC03B723,SET_AAF4C05E,BNK_0422DB1D,TIMING_DIFFERENCE,MATCHED,1591728,1591728
CASE_04046,PAY_D293D288,SET_D2A151A8,BNK_82BD9F92,REFUND,MATCHED,699594,699594
CASE_04047,PAY_D9EA54C7,SET_1596338B,BNK_1EE8235F,CLEAN,MATCHED,624701,624701
CASE_04048,PAY_194371A4,SET_1CFCFBC6,BNK_93AE1E14,AMBIGUOUS,REVIEW,476874,476874
CASE_04049,PAY_A52F9BA8,,,MISSING_SETTLEMENT,EXCEPTION,249080,249080
CASE_04050,PAY_038DBF6C,SET_A821BC5D,BNK_DC9038AE,TAX_VARIANCE,EXCEPTION,1759278,1759328
CASE_04051,PAY_A2944227,SET_3B0B6111,BNK_AA1D6852,REFERENCE_TYPO,MATCHED,571585,571585
CASE_04052,PAY_EDBF5FD2,SET_5DC7D013,BNK_933A4D85,REFERENCE_TYPO,MATCHED,667370,667370
CASE_04053,PAY_CE9545A3,SET_8D04553A,BNK_F1B54CF9,CHARGEBACK,MATCHED,-8328,-8328
CASE_04054,PAY_89B6199C,SET_B304685A,BNK_1CCD5610,CLEAN,MATCHED,1316090,1316090
CASE_04055,PAY_85BFD1FE,SET_849DD29F,BNK_357E8B50,OTHER,MATCHED,1715438,1715438
CASE_04056,PAY_4804A971,SET_98EB7138,BNK_2E3AD887,CLEAN,MATCHED,1327026,1327026
CASE_04057,PAY_2F534067,SET_4383B1A7,BNK_DD57A17A,FEE_VARIANCE,EXCEPTION,1173633,1173533
CASE_04058,PAY_071339AC,SET_3081F264,BNK_1D46553D,ONE_TO_MANY,MATCHED,1620434,1620434
CASE_04059,PAY_2D5F8AAB,SET_16F16D0C,BNK_3273A4D7,TAX_VARIANCE,EXCEPTION,1070330,1070380
CASE_04060,,SET_DE9CEB98,BNK_6A573933,MISSING_PAYMENT,EXCEPTION,75379,75379
CASE_04061,PAY_FEB537B7,SET_640116BF,BNK_37F1ED03,TIMING_DIFFERENCE,MATCHED,496305,496305
CASE_04062,PAY_00C7FBCD,SET_7C7423E1,BNK_DD493BA1,CHARGEBACK,MATCHED,-8769,-8769
CASE_04063,PAY_C31F0B16,SET_081CE1AF,BNK_0A6A5094,TIMING_DIFFERENCE,MATCHED,1446049,1446049
CASE_04064,PAY_22F3F3AC,SET_4782F706,BNK_0F9C3E3D,CLEAN,MATCHED,1169337,1169337
CASE_04065,PAY_F5D1ED90,SET_75CFE80C,BNK_EA8020B7,CLEAN,MATCHED,1499165,1499165
CASE_04066,PAY_BB46D4BF,SET_AAC9FBA1,BNK_DD597457,FEE_VARIANCE,EXCEPTION,814904,814804
CASE_04067,PAY_C38D340F,SET_E0DA8E20,BNK_68059ACA,ONE_TO_MANY,MATCHED,1554820,1554820
CASE_04068,PAY_9F7FFE36,SET_CC53A36C,BNK_9B6DF613,CLEAN,MATCHED,609469,609469
CASE_04069,PAY_11EDB213,,,MISSING_SETTLEMENT,EXCEPTION,618159,618159
CASE_04070,PAY_0528EEA9,SET_421AF1C5,BNK_6D362881,CLEAN,MATCHED,1199410,1199410
CASE_04071,PAY_83428DB2,SET_FA378BD2,BNK_D9D3E7CD,AMBIGUOUS,REVIEW,1673941,1673941
CASE_04072,PAY_F9D45D42,SET_CBAF3662,BNK_7D03B77C,CLEAN,MATCHED,680161,680161
CASE_04073,PAY_5E3EB4CF,SET_334611D7,BNK_47B2C8C7,CLEAN,MATCHED,656239,656239
CASE_04074,PAY_76BECE0C,SET_E165B493,BNK_59CD9DB2,OTHER,MATCHED,1511077,1511077
CASE_04075,PAY_EF2D439E,SET_DE7FBFD7,BNK_CB29B5E8,OTHER,MATCHED,415459,415459
CASE_04076,PAY_7C5993FE,SET_03087F5E,BNK_EC592C11,CLEAN,MATCHED,334710,334710
CASE_04077,PAY_A70EC4D1,SET_9853962D,BNK_DC452A69,CLEAN,MATCHED,1182909,1182909
CASE_04078,PAY_3F00BA27,SET_3316D49C,BNK_B1A51F44,CLEAN,MATCHED,988898,988898
CASE_04079,PAY_A8873F64,SET_DA682D3D,BNK_38A20FB5,CLEAN,MATCHED,1885331,1885331
CASE_04080,PAY_52BD4BFE,,,MISSING_SETTLEMENT,EXCEPTION,1446928,1446928
CASE_04081,PAY_513F8E41,SET_B333BEBF,BNK_6066751B,FEE_VARIANCE,EXCEPTION,694221,694121
CASE_04082,PAY_6523EFA8,SET_791D06FD,BNK_8AD650AB,CHARGEBACK,MATCHED,-9355,-9355
CASE_04083,PAY_38D66127,SET_DCFFA485,BNK_31103AC2,CLEAN,MATCHED,1045627,1045627
CASE_04084,,SET_9FFB751E,BNK_2AD57025,MISSING_PAYMENT,EXCEPTION,1690735,1690735
CASE_04085,PAY_76A70BAD,SET_1276C076,BNK_38E15BBB,REFERENCE_TYPO,MATCHED,121758,121758
CASE_04086,PAY_04320CB7,SET_A8F31C9B,BNK_EFE06F3B,OTHER,MATCHED,1809563,1809563
CASE_04087,PAY_7FEA2E39,SET_288435CC,BNK_E36D7528,FEE_VARIANCE,EXCEPTION,1404650,1404550
CASE_04088,PAY_5221D94A,SET_6215B81D,BNK_4DB86F80,CLEAN,MATCHED,696369,696369
CASE_04089,PAY_1B6C6E8B,,,MISSING_SETTLEMENT,EXCEPTION,260895,260895
CASE_04090,PAY_94DBC142,SET_B9C7ECAF,BNK_ECD11F1E,HIGH_VALUE_ANOMALY,REVIEW,14646000,14646000
CASE_04091,PAY_F40AE7D4,SET_1EC25C4B,BNK_89497B22,DUPLICATE,REVIEW,1401330,1401330
CASE_04092,PAY_E4A74E4E,,,MISSING_SETTLEMENT,EXCEPTION,191961,191961
CASE_04093,PAY_2B3862CD,SET_2A79B9D1,BNK_24E00514,CLEAN,MATCHED,895652,895652
CASE_04094,PAY_B67E7621,SET_29BC8B55,BNK_B36CE8E3,FEE_VARIANCE,EXCEPTION,1687610,1687510
CASE_04095,PAY_0B346A34,SET_62D8544B,BNK_E0BCE134,CLEAN,MATCHED,1711532,1711532
CASE_04096,PAY_B7D4C82C,SET_6BC7C143,BNK_64E8A334,ONE_TO_MANY,MATCHED,1388832,1388832
CASE_04097,PAY_53775703,SET_3B000E88,BNK_AC066F4E,OTHER,MATCHED,868801,868801
CASE_04098,PAY_53889457,SET_7D580CC2,BNK_790B2FED,OTHER,MATCHED,735230,735230
CASE_04099,PAY_E0189376,SET_720C363D,BNK_F06C17AE,OTHER,MATCHED,1080778,1080778
CASE_04100,PAY_5B23DF43,SET_3880818A,BNK_235E029A,DUPLICATE,REVIEW,444848,444848
CASE_04101,PAY_6F6A707C,SET_8439C28B,BNK_704FE2E4,REFUND,MATCHED,263878,263878
CASE_04102,PAY_D0D9DE05,,,MISSING_SETTLEMENT,EXCEPTION,1173926,1173926
CASE_04103,PAY_D8D4C04B,SET_91F771DB,BNK_16C65BF8,CLEAN,MATCHED,1595145,1595145
CASE_04104,PAY_20F02FD4,SET_77EBEB37,BNK_5FDA7359,AMBIGUOUS,REVIEW,1361786,1361786
CASE_04105,PAY_FB5A7688,SET_F62B0204,BNK_F11D116A,CLEAN,MATCHED,870852,870852
CASE_04106,PAY_1542ECA4,SET_330D59DE,BNK_9D1DA466,TIMING_DIFFERENCE,MATCHED,986848,986848
CASE_04107,PAY_B5E68E5D,SET_A6F3A8B1,BNK_1C28ACA0,CLEAN,MATCHED,1807415,1807415
CASE_04108,PAY_9ECE43A7,SET_B2B31CB3,BNK_057D331B,FEE_VARIANCE,EXCEPTION,866458,866358
CASE_04109,PAY_BCCB747F,SET_B8D7086D,BNK_86B6F54C,CLEAN,MATCHED,377672,377672
CASE_04110,PAY_BEB08C57,SET_2BFA6305,BNK_FE85334D,CLEAN,MATCHED,1287579,1287579
CASE_04111,PAY_832C4F55,SET_9A24BF9F,BNK_D3630DF2,TIMING_DIFFERENCE,MATCHED,425906,425906
CASE_04112,PAY_08FD18F3,SET_8331F1BF,BNK_6E77B2F8,CLEAN,MATCHED,160325,160325
CASE_04113,PAY_55937551,SET_DF7F0647,BNK_EA767AEE,CLEAN,MATCHED,1625609,1625609
CASE_04114,PAY_43F3087B,SET_628A0838,BNK_13DED355,CLEAN,MATCHED,1792476,1792476
CASE_04115,PAY_5E206FBC,SET_CE4A2CE2,BNK_84552AA2,REFERENCE_TYPO,MATCHED,1396545,1396545
CASE_04116,PAY_6114FE3B,SET_3F09CD7D,BNK_C399E597,FEE_VARIANCE,EXCEPTION,532334,532234
CASE_04117,PAY_427FDA66,SET_E77084F5,BNK_DD9C13A8,AMBIGUOUS,REVIEW,595995,595995
CASE_04118,PAY_05DC27C3,SET_37372CAE,BNK_3F300227,TAX_VARIANCE,EXCEPTION,177412,177462
CASE_04119,PAY_18DFE327,SET_DE9F1B09,BNK_912C81A1,TIMING_DIFFERENCE,MATCHED,234434,234434
CASE_04120,PAY_2F588D22,SET_97C8E76F,BNK_14B02CB4,TAX_VARIANCE,EXCEPTION,567875,567925
CASE_04121,PAY_6E246990,SET_8A6C0838,BNK_35F0531E,CLEAN,MATCHED,1404161,1404161
CASE_04122,PAY_8E4ED7C3,SET_906F067B,BNK_2EA98397,CLEAN,MATCHED,982845,982845
CASE_04123,PAY_CF0B66BC,SET_53887AC6,BNK_E7A9F8B2,CLEAN,MATCHED,89341,89341
CASE_04124,PAY_E41E415A,,,MISSING_SETTLEMENT,EXCEPTION,1342941,1342941
CASE_04125,PAY_200DD14F,SET_38D01483,BNK_6ECF66D9,CHARGEBACK,MATCHED,-40289,-40289
CASE_04126,PAY_2AD8CC82,SET_43C4D450,BNK_52290241,REFUND,MATCHED,563725,563725
CASE_04127,PAY_BEA27872,SET_3F7AC1CD,BNK_1C3CC778,CHARGEBACK,MATCHED,-26620,-26620
CASE_04128,PAY_DCBD065C,SET_9965D33C,BNK_BD59CE38,CHARGEBACK,MATCHED,-37417,-37417
CASE_04129,PAY_BDC0C761,SET_1EC7B287,BNK_1DCCE017,CLEAN,MATCHED,941348,941348
CASE_04130,PAY_48913D30,SET_1C134158,BNK_F8507F58,OTHER,MATCHED,791763,791763
CASE_04131,PAY_DF434DA6,SET_184A0A2A,BNK_25299F55,CLEAN,MATCHED,875050,875050
CASE_04132,,SET_7E3AAAFB,BNK_112238EA,MISSING_PAYMENT,EXCEPTION,690901,690901
CASE_04133,PAY_1C6A9A96,SET_F05E2EBA,BNK_E3693894,CLEAN,MATCHED,743041,743041
CASE_04134,PAY_7C6BD45D,SET_F57D591E,BNK_C7697EAC,CHARGEBACK,MATCHED,-35671,-35671
CASE_04135,PAY_92432304,SET_708549D4,BNK_CA0EC6F1,CLEAN,MATCHED,1249109,1249109
CASE_04136,PAY_16A65852,SET_07B2D919,BNK_EC277E3E,UNEXPLAINED_DELTA,EXCEPTION,49406,21806
CASE_04137,PAY_FA9EB370,SET_7AEDA755,BNK_31640E1E,CLEAN,MATCHED,266460,266460
CASE_04138,PAY_F941D918,SET_DE9C9E14,BNK_180586DB,CLEAN,MATCHED,1391761,1391761
CASE_04139,PAY_88E13BAB,SET_94CD6A5B,BNK_660D1936,TAX_VARIANCE,EXCEPTION,1779880,1779930
CASE_04140,PAY_A811B7F5,SET_CAFB17FD,BNK_0FE789C6,FEE_VARIANCE,EXCEPTION,389194,389094
CASE_04141,PAY_5AC021A4,SET_EAC94F7F,BNK_13E3560E,OTHER,MATCHED,1081363,1081363
CASE_04142,PAY_CA17C747,SET_BCABF82F,BNK_A0290306,CHARGEBACK,MATCHED,-42229,-42229
CASE_04143,PAY_AEC2E9A1,SET_15251AD7,BNK_174F4FC7,CLEAN,MATCHED,1694445,1694445
CASE_04144,PAY_BD135848,SET_03004E75,BNK_9A5FF8E1,CLEAN,MATCHED,1026978,1026978
CASE_04145,PAY_35CCBD92,SET_1198B3B5,BNK_7DD33F83,REFUND,MATCHED,135203,135203
CASE_04146,PAY_AE683134,,,MISSING_SETTLEMENT,EXCEPTION,1083512,1083512
CASE_04147,PAY_BA2A8C5F,SET_CCF30C1B,BNK_A0F67E92,DUPLICATE,REVIEW,578713,578713
CASE_04148,PAY_AAEBE9A0,SET_22D2983A,BNK_800BED98,TIMING_DIFFERENCE,MATCHED,995147,995147
CASE_04149,PAY_1D02FFF1,SET_3A023D11,BNK_9BAA8397,CLEAN,MATCHED,248885,248885
CASE_04150,PAY_233E4D64,SET_E5C89DBF,BNK_D0DBCCEA,CHARGEBACK,MATCHED,-15512,-15512
CASE_04151,PAY_0F0CF666,SET_0AC7C80D,BNK_E30C52C4,REFUND,MATCHED,761669,761669
CASE_04152,PAY_979066CD,SET_466733DE,BNK_FC70E04E,CLEAN,MATCHED,220960,220960
CASE_04153,PAY_133AFF0A,SET_8BA55E6C,BNK_071D1237,CLEAN,MATCHED,1002959,1002959
CASE_04154,PAY_A61FEF42,SET_A56ACE45,BNK_AEBCAF41,CLEAN,MATCHED,984993,984993
CASE_04155,PAY_2B5A9D38,SET_6A4AB4DF,BNK_46FE6E5D,CLEAN,MATCHED,720779,720779
CASE_04156,PAY_9D24B2B8,SET_E42EBF14,BNK_4A3E7BA8,CLEAN,MATCHED,1926731,1926731
CASE_04157,PAY_13475D73,SET_A3AE693A,BNK_49C809B6,CLEAN,MATCHED,1301737,1301737
CASE_04158,PAY_2CFB86DE,SET_0C0B24A1,BNK_D08F96DD,CLEAN,MATCHED,1591240,1591240
CASE_04159,PAY_4F114A0C,SET_87AB541B,BNK_F03A186E,CLEAN,MATCHED,1011551,1011551
CASE_04160,PAY_FB4D94A5,SET_7D4158C6,BNK_1AC39A54,CLEAN,MATCHED,1091909,1091909
CASE_04161,PAY_5256F802,SET_7AF55078,BNK_3811E1C6,DUPLICATE,REVIEW,983821,983821
CASE_04162,PAY_D1798424,SET_58918AE2,BNK_AA6A25EC,CLEAN,MATCHED,1357099,1357099
CASE_04163,PAY_F38BA65C,SET_E714444F,BNK_441F1175,HIGH_VALUE_ANOMALY,REVIEW,29292000,29292000
CASE_04164,PAY_DB742B55,SET_59A217B4,BNK_582517A1,CHARGEBACK,MATCHED,-15439,-15439
CASE_04165,PAY_88D621C3,SET_94D278E0,BNK_B588C128,AMBIGUOUS,REVIEW,1678042,1678042
CASE_04166,PAY_5083C59A,SET_4F137431,BNK_692D4070,CHARGEBACK,MATCHED,-21594,-21594
CASE_04167,PAY_72A3ED7A,SET_AED7BBA6,BNK_C9203B4C,CLEAN,MATCHED,361268,361268
CASE_04168,PAY_8667A71F,SET_6133C335,BNK_3D671EA9,CLEAN,MATCHED,633196,633196
CASE_04169,PAY_B6F1D446,SET_5537715C,BNK_1096CAFB,DUPLICATE,REVIEW,489665,489665
CASE_04170,PAY_BC5929B9,SET_662EBDFA,BNK_7D8BB04D,REFUND,MATCHED,688732,688732
CASE_04171,PAY_D53C54F8,SET_7D6AB839,BNK_AF2D9030,HIGH_VALUE_ANOMALY,REVIEW,29292000,29292000
CASE_04172,PAY_6F70A2EA,SET_7EF174EA,BNK_1928650C,CLEAN,MATCHED,1903395,1903395
CASE_04173,PAY_CCAAA949,SET_B3A079C0,BNK_1053FA8F,TAX_VARIANCE,EXCEPTION,811291,811341
CASE_04174,PAY_9E1CCCD9,,,MISSING_SETTLEMENT,EXCEPTION,558306,558306
CASE_04175,PAY_B3C3B8FB,SET_AB1263A7,BNK_A1A3C182,CLEAN,MATCHED,1845885,1845885
CASE_04176,PAY_FBFDDEAE,SET_B02785D3,BNK_9FB08A7F,CLEAN,MATCHED,134841,134841
CASE_04177,PAY_BBA70E7B,SET_18E2DB47,BNK_BBD20A97,REFUND,MATCHED,652668,652668
CASE_04178,PAY_B02B6DBE,SET_915181DF,BNK_C204D2A2,ONE_TO_MANY,MATCHED,457834,457834
CASE_04179,PAY_F07C5D9D,SET_C077A5C5,BNK_F876A4D4,TAX_VARIANCE,EXCEPTION,980794,980844
CASE_04180,PAY_6E170CA4,SET_6603E57D,BNK_9FD76400,CLEAN,MATCHED,1677260,1677260
CASE_04181,PAY_C9160C13,SET_AD6B6503,BNK_A711E8D4,CLEAN,MATCHED,171554,171554
CASE_04182,PAY_6FB980AF,SET_9FA15A0B,BNK_FF49A980,REFERENCE_TYPO,MATCHED,1762305,1762305
CASE_04183,PAY_26241E31,SET_C4A9383A,BNK_EEA9D117,CLEAN,MATCHED,787077,787077
CASE_04184,PAY_04B37B09,SET_79456916,BNK_EA17D1D6,CLEAN,MATCHED,1411289,1411289
CASE_04185,PAY_CD8A2032,SET_8C71BF26,BNK_BC1AD97E,DUPLICATE,REVIEW,1347628,1347628
CASE_04186,,SET_C361C588,BNK_23D857EB,MISSING_PAYMENT,EXCEPTION,633586,633586
CASE_04187,PAY_D4E01B68,SET_B45995BC,BNK_CFFED456,CLEAN,MATCHED,1542322,1542322
CASE_04188,PAY_A9A22584,SET_00791F5D,BNK_65826F78,ONE_TO_MANY,MATCHED,216761,216761
CASE_04189,PAY_B5AD0506,,,MISSING_SETTLEMENT,EXCEPTION,1512542,1512542
CASE_04190,PAY_AF45BCCE,SET_75988037,BNK_13912DD0,TAX_VARIANCE,EXCEPTION,172530,172580
CASE_04191,PAY_9B6FD9E2,SET_735750E1,BNK_6F0FECDF,OTHER,MATCHED,1786520,1786520
CASE_04192,PAY_BF7E8560,SET_6B62E261,BNK_F3A4DB50,TIMING_DIFFERENCE,MATCHED,407062,407062
CASE_04193,PAY_B9CEE043,SET_D8B2C520,BNK_DADC65C4,ONE_TO_MANY,MATCHED,65029,65029
CASE_04194,PAY_740523D8,SET_6C61FECB,BNK_BE99D89E,CLEAN,MATCHED,388901,388901
CASE_04195,PAY_808A1E4A,SET_A392F61A,BNK_64B6ECDB,ONE_TO_MANY,MATCHED,1882011,1882011
CASE_04196,PAY_BE4816B1,SET_45D85BA9,BNK_4AF94D9E,TIMING_DIFFERENCE,MATCHED,611422,611422
CASE_04197,PAY_8F411B61,SET_7F9BACD2,BNK_B4DFD3E1,UNEXPLAINED_DELTA,EXCEPTION,1387563,1367863
CASE_04198,PAY_C3B5E035,SET_F50B25E9,BNK_E5D03C69,CLEAN,MATCHED,393978,393978
CASE_04199,PAY_1AF6E898,SET_1F76FAAB,BNK_A8E2A08A,REFERENCE_TYPO,MATCHED,621284,621284
CASE_04200,PAY_034C91BB,SET_1889D64B,BNK_F2C187AD,CLEAN,MATCHED,219495,219495
CASE_04201,PAY_2B046CB4,SET_5F72706D,BNK_6858ED5A,TIMING_DIFFERENCE,MATCHED,1075798,1075798
CASE_04202,PAY_C9E72E86,SET_80064F5B,BNK_379B2808,UNEXPLAINED_DELTA,EXCEPTION,776922,736922
CASE_04203,PAY_CFADA678,SET_B805D1F0,BNK_F18DF9ED,TIMING_DIFFERENCE,MATCHED,368689,368689
CASE_04204,PAY_663382EC,SET_9E6800D4,BNK_4BBCC5A0,HIGH_VALUE_ANOMALY,REVIEW,58584000,58584000
CASE_04205,PAY_187A7F76,SET_974AA6FF,BNK_541D792A,CLEAN,MATCHED,704864,704864
CASE_04206,PAY_BB64E826,SET_30E07E2F,BNK_47549463,CLEAN,MATCHED,1882988,1882988
CASE_04207,PAY_431F78CD,SET_FD2971E6,BNK_40DBE0F3,CLEAN,MATCHED,1125497,1125497
CASE_04208,PAY_C6A37563,SET_C6BE4D26,BNK_5B09DB50,CLEAN,MATCHED,889891,889891
CASE_04209,PAY_38A42632,SET_D765AF2D,BNK_137E7C7F,TAX_VARIANCE,EXCEPTION,1677065,1677115
CASE_04210,PAY_A605E417,SET_4C2DFC92,BNK_B7E421C6,OTHER,MATCHED,170675,170675
CASE_04211,PAY_D9BF17DF,SET_1483DD22,BNK_D2BF9C38,CLEAN,MATCHED,1863655,1863655
CASE_04212,PAY_B291D02E,SET_0A6E7854,BNK_AEC7E4E2,REFUND,MATCHED,134107,134107
CASE_04213,PAY_C1007D93,SET_484CEAA9,BNK_70EA3FE7,CLEAN,MATCHED,1855356,1855356
CASE_04214,PAY_3289DEF6,SET_2F94C84D,BNK_AA486D42,TIMING_DIFFERENCE,MATCHED,1107726,1107726
CASE_04215,PAY_3DFBA8B5,SET_2C86E386,BNK_8B54B31B,REFERENCE_TYPO,MATCHED,312546,312546
CASE_04216,PAY_2523C929,SET_786EB0A3,BNK_D034BBD2,ONE_TO_MANY,MATCHED,1559799,1559799
CASE_04217,PAY_F35E97E6,SET_0C65507D,BNK_A5A8ECF5,TIMING_DIFFERENCE,MATCHED,1414414,1414414
CASE_04218,PAY_CDA2081F,SET_616EE81D,BNK_E3AFAC50,CLEAN,MATCHED,1082828,1082828
CASE_04219,PAY_11444D7E,SET_A97DEB75,BNK_D135580A,CLEAN,MATCHED,1903980,1903980
CASE_04220,PAY_69CAD47E,SET_55179C77,BNK_DB448FC4,CLEAN,MATCHED,1214252,1214252
CASE_04221,PAY_AF3F634E,SET_F4745962,BNK_783DE80D,FEE_VARIANCE,EXCEPTION,873683,873583
CASE_04222,PAY_3620DE00,SET_3D857282,BNK_6097F4C5,FEE_VARIANCE,EXCEPTION,752414,752314
CASE_04223,PAY_3F0726F1,SET_F9D95916,BNK_38201C61,HIGH_VALUE_ANOMALY,REVIEW,58584000,58584000
CASE_04224,PAY_348B96B3,,,MISSING_SETTLEMENT,EXCEPTION,170578,170578
CASE_04225,PAY_1FF7B601,SET_8FDEDB49,BNK_285BBB99,OTHER,MATCHED,536337,536337
CASE_04226,PAY_2F0561D1,SET_FEDB0DEE,BNK_1E49A426,CHARGEBACK,MATCHED,-36086,-36086
CASE_04227,PAY_92B30E7E,SET_DB91F4FD,BNK_B0132A97,AMBIGUOUS,REVIEW,1734282,1734282
CASE_04228,PAY_3D8904F5,SET_48EBDA42,BNK_CF6D7744,AMBIGUOUS,REVIEW,81139,81139
CASE_04229,PAY_5A18181D,SET_70FA9EB1,BNK_BAC5B70F,CHARGEBACK,MATCHED,-46378,-46378
CASE_04230,PAY_77297B31,SET_9E37CA6B,BNK_7E2DE12A,CLEAN,MATCHED,1394104,1394104
CASE_04231,PAY_B7264106,SET_934250DD,BNK_DC0D0861,CLEAN,MATCHED,1803314,1803314
CASE_04232,PAY_5E11DC16,SET_D2B3544A,BNK_1BA457F6,TIMING_DIFFERENCE,MATCHED,310691,310691
CASE_04233,PAY_38CF786C,SET_6F6A7DCB,BNK_8653CE7C,CLEAN,MATCHED,1711141,1711141
CASE_04234,PAY_05DB76EA,SET_11A3AE7D,BNK_A04A41F7,CLEAN,MATCHED,1630784,1630784
CASE_04235,PAY_42D1C06E,SET_28BF4E0F,BNK_F1E90B01,CLEAN,MATCHED,1766210,1766210
CASE_04236,PAY_5D643323,SET_64642C6B,BNK_A0CEF3E7,REFERENCE_TYPO,MATCHED,746068,746068
CASE_04237,PAY_61183D59,SET_321E2912,BNK_CDD2FBA3,CLEAN,MATCHED,1587432,1587432
CASE_04238,PAY_2625023A,SET_63296387,BNK_0599F9C9,CLEAN,MATCHED,281692,281692
CASE_04239,PAY_622EDD46,SET_FFD8F8DB,BNK_19ECE2FA,REFUND,MATCHED,145064,145064
CASE_04240,PAY_8F904D46,SET_AF78DCA4,BNK_584146E4,FEE_VARIANCE,EXCEPTION,607809,607709
CASE_04241,PAY_1DB8042E,SET_2326208F,BNK_F63C2B9A,UNEXPLAINED_DELTA,EXCEPTION,1517912,1474212
CASE_04242,PAY_69C58C20,SET_0C3595CD,BNK_CA730F8D,CLEAN,MATCHED,1358954,1358954
CASE_04243,PAY_63A8C340,SET_22482B1B,BNK_6A2F8A0D,DUPLICATE,REVIEW,1902614,1902614
CASE_04244,PAY_DD5679D8,SET_B6C85256,BNK_9EC075C0,CLEAN,MATCHED,241562,241562
CASE_04245,PAY_6C834373,SET_C0CB26FF,BNK_1E94BC80,ONE_TO_MANY,MATCHED,120781,120781
CASE_04246,PAY_50B90C4F,SET_2F631070,BNK_8AE728A9,CLEAN,MATCHED,1917845,1917845
CASE_04247,PAY_0EDB00B7,SET_0101C377,BNK_7766D86D,ONE_TO_MANY,MATCHED,662586,662586
CASE_04248,PAY_74A8711E,SET_129C88B3,BNK_F1714B61,REFUND,MATCHED,498124,498124
CASE_04249,PAY_4EF59277,SET_71574BD3,BNK_FB00BD52,REFERENCE_TYPO,MATCHED,1010184,1010184
CASE_04250,PAY_A7350734,SET_8E0A7359,BNK_FDF2D1D7,REFUND,MATCHED,819361,819361
CASE_04251,PAY_5D9CA237,SET_F2FDF20E,BNK_D6C105DF,CLEAN,MATCHED,1623558,1623558
CASE_04252,PAY_F256D3DC,SET_EC5A1345,BNK_FA4F3D98,CLEAN,MATCHED,943593,943593
CASE_04253,PAY_2ACEEDA5,SET_730FA299,BNK_E40379A4,FEE_VARIANCE,EXCEPTION,645401,645301
CASE_04254,,SET_04D10115,BNK_015A1289,MISSING_PAYMENT,EXCEPTION,423953,423953
CASE_04255,PAY_DFB641BD,SET_A4A6433C,BNK_660EFD0C,CLEAN,MATCHED,491618,491618
CASE_04256,PAY_DAABBAE7,SET_84104E0A,BNK_B014C734,CLEAN,MATCHED,1141412,1141412
CASE_04257,PAY_0E01EAC8,SET_4E28ACDE,BNK_3846992F,CLEAN,MATCHED,264117,264117
CASE_04258,PAY_B17E6699,SET_10734451,BNK_CC1AB5CF,CLEAN,MATCHED,772333,772333
CASE_04259,PAY_E171B81B,SET_E52F60C3,BNK_C841DB2B,CLEAN,MATCHED,1575129,1575129
CASE_04260,PAY_40D1BF7B,SET_7A73A791,BNK_88F8E828,CLEAN,MATCHED,645303,645303
CASE_04261,PAY_D146C4A9,SET_E24D534F,BNK_CBD19329,UNEXPLAINED_DELTA,EXCEPTION,1646894,1627494
CASE_04262,PAY_2B11C043,SET_57492795,BNK_3E7CAF1D,CLEAN,MATCHED,1353291,1353291
CASE_04263,PAY_7C5CF7D7,SET_13B04C6A,BNK_0383A848,ONE_TO_MANY,MATCHED,1493307,1493307
CASE_04264,PAY_3278FA16,SET_DA2FC01F,BNK_DE672D87,OTHER,MATCHED,573343,573343
CASE_04265,PAY_141B4850,SET_1493D13A,BNK_8B98FADB,CLEAN,MATCHED,1605300,1605300
CASE_04266,PAY_C1087057,SET_B4B6E694,BNK_ACBB9967,OTHER,MATCHED,80944,80944
CASE_04267,PAY_FD1D483D,SET_75EA7025,BNK_468C855B,CLEAN,MATCHED,566215,566215
CASE_04268,PAY_2B375851,SET_C86F71E7,BNK_EF00286F,REFERENCE_TYPO,MATCHED,659168,659168
CASE_04269,PAY_E575FD38,SET_2BF27AEE,BNK_C438E84D,CLEAN,MATCHED,1587725,1587725
CASE_04270,,SET_994261B5,BNK_BB2BB95C,MISSING_PAYMENT,EXCEPTION,1850864,1850864
CASE_04271,PAY_D6A2C598,SET_74300207,BNK_1C3ECBE1,CLEAN,MATCHED,169796,169796
CASE_04272,PAY_81B3BC5C,SET_2C339342,BNK_BB29A659,OTHER,MATCHED,1795600,1795600
CASE_04273,,SET_F001FCE5,BNK_B3B138BD,MISSING_PAYMENT,EXCEPTION,1623851,1623851
CASE_04274,PAY_CF515BB2,SET_81B397E8,BNK_6C5FE6D5,TIMING_DIFFERENCE,MATCHED,684652,684652
CASE_04275,PAY_FC0CEE81,SET_9E3F7F56,BNK_FD9A3E9A,HIGH_VALUE_ANOMALY,REVIEW,58584000,58584000
CASE_04276,PAY_FC0F03AD,SET_F247CB30,BNK_0A01ADD7,UNEXPLAINED_DELTA,EXCEPTION,1086148,1077148
CASE_04277,PAY_CF252BCE,SET_27C6877D,BNK_B196279A,CLEAN,MATCHED,1012820,1012820
CASE_04278,PAY_5D7B4FB1,SET_706CF581,BNK_6F4B1A38,CLEAN,MATCHED,1132722,1132722
CASE_04279,PAY_DC0FF03E,,,MISSING_SETTLEMENT,EXCEPTION,270073,270073
CASE_04280,PAY_542D371D,SET_1F60A8CA,BNK_1DFCB441,REFERENCE_TYPO,MATCHED,1419881,1419881
CASE_04281,PAY_4399A8BA,SET_AB87C2BB,BNK_15E02B67,TAX_VARIANCE,EXCEPTION,558208,558258
CASE_04282,PAY_07485E3F,SET_B00F4CDD,BNK_AF08EEB7,CHARGEBACK,MATCHED,-38482,-38482
CASE_04283,PAY_F531D9CF,SET_1F7E4F0E,BNK_AA85B5C9,AMBIGUOUS,REVIEW,855620,855620
CASE_04284,PAY_DE0D5884,SET_C771AA86,BNK_46EF7124,TAX_VARIANCE,EXCEPTION,1488815,1488865
CASE_04285,PAY_C0866600,SET_DDBC4C02,BNK_59B8139E,HIGH_VALUE_ANOMALY,REVIEW,14646000,14646000
CASE_04286,PAY_A1F7284F,SET_639943D3,BNK_7D6433FB,CLEAN,MATCHED,1815909,1815909
CASE_04287,PAY_B34A1B5B,SET_D0B73071,BNK_76237C03,CLEAN,MATCHED,1579816,1579816
CASE_04288,PAY_7185C67D,SET_076CFD61,BNK_11D1EB86,CLEAN,MATCHED,1903395,1903395
CASE_04289,PAY_E20F8226,SET_2BB5618D,BNK_10CD82D8,REFERENCE_TYPO,MATCHED,95492,95492
CASE_04290,PAY_C6473C5E,SET_5E2F63B5,BNK_9DF2797C,FEE_VARIANCE,EXCEPTION,1787594,1787494
CASE_04291,PAY_7F7684F6,SET_724350AB,BNK_81A071D3,CLEAN,MATCHED,33979,33979
CASE_04292,PAY_7561791C,SET_31430F44,BNK_E2AE668E,CLEAN,MATCHED,1678627,1678627
CASE_04293,PAY_4D3208A2,SET_F662A00C,BNK_92C2225C,TIMING_DIFFERENCE,MATCHED,1337473,1337473
CASE_04294,PAY_F4BE1F2E,SET_0C795301,BNK_249F50BD,CLEAN,MATCHED,906100,906100
CASE_04295,PAY_96C62E63,SET_B160AFC7,BNK_98FAF1A4,CLEAN,MATCHED,812365,812365
CASE_04296,PAY_8AFF99C6,SET_09B2D97C,BNK_6D745237,CHARGEBACK,MATCHED,-24414,-24414
CASE_04297,,SET_A8BF0614,BNK_47959C11,MISSING_PAYMENT,EXCEPTION,1548571,1548571
CASE_04298,PAY_CE825A70,SET_82D344A9,BNK_706DEBEA,TAX_VARIANCE,EXCEPTION,519348,519398
CASE_04299,PAY_998165AB,SET_B3129308,BNK_7D15F58C,UNEXPLAINED_DELTA,EXCEPTION,1202242,1166142
CASE_04300,PAY_F2EB1DF6,SET_7B6F474A,BNK_C9252EA9,AMBIGUOUS,REVIEW,372497,372497
CASE_04301,PAY_ABBE1316,SET_514688CA,BNK_475703A6,CLEAN,MATCHED,169601,169601
CASE_04302,PAY_610E8356,SET_BD8C9DE8,BNK_7D1C18AF,REFERENCE_TYPO,MATCHED,95395,95395
CASE_04303,PAY_7ACD815A,SET_3A7CF0F7,BNK_28C69444,FEE_VARIANCE,EXCEPTION,1120029,1119929
CASE_04304,PAY_1410609A,SET_AF1183E7,BNK_D78E4D06,TAX_VARIANCE,EXCEPTION,434596,434646
CASE_04305,PAY_0CFA1EC2,SET_E146359C,BNK_0C0977E9,CLEAN,MATCHED,1383559,1383559
CASE_04306,PAY_4C6F73FC,SET_D0456E87,BNK_FFFCE2DF,CLEAN,MATCHED,1222746,1222746
CASE_04307,PAY_F2747335,SET_E997C7F8,BNK_9726B835,CLEAN,MATCHED,1147856,1147856
CASE_04308,PAY_01B5F63A,SET_4F679996,BNK_B5CAE0AA,CLEAN,MATCHED,135915,135915
CASE_04309,PAY_630F2B74,SET_9943E9DE,BNK_3E6A6412,CLEAN,MATCHED,321822,321822
CASE_04310,PAY_81A067D6,SET_1C832B41,BNK_123584CE,CLEAN,MATCHED,1085757,1085757
CASE_04311,PAY_5947256E,SET_1AEC8987,BNK_F84B8399,UNEXPLAINED_DELTA,EXCEPTION,975912,930812
CASE_04312,PAY_E2B5D6C0,SET_FB34CFBF,BNK_C5EF93E5,AMBIGUOUS,REVIEW,1639181,1639181
CASE_04313,PAY_4EA00017,SET_C78F970C,BNK_F2F8062C,CLEAN,MATCHED,349063,349063
CASE_04314,PAY_EA8D212A,SET_EF11CAD9,BNK_84C6FF8A,CLEAN,MATCHED,260797,260797
CASE_04315,PAY_5EC5DCF7,SET_30409D9F,BNK_5408E173,CLEAN,MATCHED,1539100,1539100
CASE_04316,PAY_59932436,SET_C53A782F,BNK_511835A4,CLEAN,MATCHED,1005009,1005009
CASE_04317,,SET_F50A765A,BNK_5A7D8366,MISSING_PAYMENT,EXCEPTION,1008426,1008426
CASE_04318,PAY_9304C398,SET_2FE2A830,BNK_6B97ED2A,CLEAN,MATCHED,1296367,1296367
CASE_04319,PAY_DD7241FA,SET_D0CA83F8,BNK_5D0F7252,TAX_VARIANCE,EXCEPTION,548444,548494
CASE_04320,PAY_EC3C4077,SET_CB5A96F7,BNK_5F02A105,CLEAN,MATCHED,1583135,1583135
CASE_04321,PAY_E8072FAF,SET_379E280E,BNK_C018212C,TAX_VARIANCE,EXCEPTION,1279768,1279818
CASE_04322,PAY_F3B13307,SET_6E5C13E0,BNK_515B89EF,CLEAN,MATCHED,1504242,1504242
CASE_04323,PAY_5D8B19E9,SET_CB8D173B,BNK_E56C9403,CLEAN,MATCHED,1691125,1691125
CASE_04324,PAY_5D3A7A50,SET_00ED9936,BNK_F5A5FD9B,CHARGEBACK,MATCHED,-26646,-26646
CASE_04325,PAY_A05EDCD6,SET_556E8240,BNK_2D91B6A9,OTHER,MATCHED,982747,982747
CASE_04326,PAY_F9FAE585,SET_FB981901,BNK_12AAE8EF,AMBIGUOUS,REVIEW,1396350,1396350
CASE_04327,,SET_755E11E4,BNK_FA9611E0,MISSING_PAYMENT,EXCEPTION,1679408,1679408
CASE_04328,PAY_D96B9C65,SET_93A1716C,BNK_FAD89A92,UNEXPLAINED_DELTA,EXCEPTION,446606,398006
CASE_04329,PAY_311B070A,SET_85ABA110,BNK_10F99923,UNEXPLAINED_DELTA,EXCEPTION,42864,20164
CASE_04330,PAY_55E8388E,SET_B7C70337,BNK_A6842FCE,TAX_VARIANCE,EXCEPTION,94614,94664
CASE_04331,PAY_AEA6CFC5,SET_D8882CD3,BNK_8D54933E,CLEAN,MATCHED,345256,345256
CASE_04332,PAY_C0028605,,,MISSING_SETTLEMENT,EXCEPTION,503335,503335
CASE_04333,PAY_2EF639B0,SET_D4B62C85,BNK_C1586685,TIMING_DIFFERENCE,MATCHED,367713,367713
CASE_04334,PAY_94E2A3E6,SET_B65DE7CE,BNK_AA5C2E2D,CLEAN,MATCHED,1750783,1750783
CASE_04335,PAY_68AD108D,SET_8CA56F5B,BNK_85027CCB,CLEAN,MATCHED,1822744,1822744
CASE_04336,PAY_B2F9C173,SET_74B9FA93,BNK_23ABD5A3,DUPLICATE,REVIEW,1342160,1342160
CASE_04337,PAY_ED69C4C1,SET_BBCCA2D7,BNK_6A943EA4,REFERENCE_TYPO,MATCHED,1726569,1726569
CASE_04338,PAY_25368EEC,SET_112551C3,BNK_A7402F60,CLEAN,MATCHED,1769921,1769921
CASE_04339,PAY_BE7B2B36,SET_DAA13D6D,BNK_3D7015C4,CLEAN,MATCHED,1275472,1275472
CASE_04340,PAY_49ABA606,SET_ABB1C1E7,BNK_901B1DAE,CLEAN,MATCHED,573928,573928
CASE_04341,PAY_9F685991,SET_48534193,BNK_61438CBE,CLEAN,MATCHED,1931320,1931320
CASE_04342,PAY_8FA3795F,SET_1AD7D955,BNK_868F29FF,REFUND,MATCHED,830890,830890
CASE_04343,PAY_AE75389C,SET_4DFA1B78,BNK_E5279A2E,OTHER,MATCHED,1321070,1321070
CASE_04344,PAY_5A24913F,SET_018EC700,BNK_9B029FD8,DUPLICATE,REVIEW,1032055,1032055
CASE_04345,PAY_D5C2238F,SET_378D2241,BNK_F64FAB70,CLEAN,MATCHED,1679604,1679604
CASE_04346,,SET_B4E4F3E2,BNK_04BA53A9,MISSING_PAYMENT,EXCEPTION,1881426,1881426
CASE_04347,PAY_C4FE10F4,SET_F4D8EE31,BNK_35A5389C,CLEAN,MATCHED,1175488,1175488
CASE_04348,PAY_86EE2146,,,MISSING_SETTLEMENT,EXCEPTION,1531874,1531874
CASE_04349,PAY_8CA48880,SET_DB471726,BNK_527E2C21,ONE_TO_MANY,MATCHED,239609,239609
CASE_04350,PAY_8A0FCA78,SET_3177C622,BNK_11B07CBD,CLEAN,MATCHED,533017,533017
CASE_04351,PAY_2B0C061C,SET_490A77E7,BNK_FD629754,CLEAN,MATCHED,906295,906295
CASE_04352,PAY_1BA4B707,SET_FFBDFCC3,BNK_307E09B5,CLEAN,MATCHED,1100110,1100110
CASE_04353,PAY_6C670654,SET_BBF30BED,BNK_7A754A31,CLEAN,MATCHED,33589,33589
CASE_04354,PAY_73DAA918,SET_9381F94C,BNK_F1D6CD56,CLEAN,MATCHED,1444682,1444682
CASE_04355,PAY_BE185008,SET_B712C601,BNK_7938BA37,ONE_TO_MANY,MATCHED,1101282,1101282
CASE_04356,PAY_A83DA37B,SET_8B3F426F,BNK_BE1FC61F,CLEAN,MATCHED,1278499,1278499
CASE_04357,PAY_38025A07,SET_83567C14,BNK_AECC2C8C,CLEAN,MATCHED,283645,283645
CASE_04358,PAY_087920A6,SET_2825482E,BNK_EAFBA2FA,CLEAN,MATCHED,233262,233262
CASE_04359,PAY_BF0AE584,SET_CE3E091A,BNK_36ED741C,TAX_VARIANCE,EXCEPTION,1698644,1698694
CASE_04360,PAY_B5B81E0B,SET_17E80F01,BNK_0D5A3170,CLEAN,MATCHED,879737,879737
CASE_04361,PAY_CAE81BE9,SET_D5654401,BNK_89D76AA1,REFERENCE_TYPO,MATCHED,818810,818810
CASE_04362,PAY_3FA052F8,SET_80D93881,BNK_8FE258AC,FEE_VARIANCE,EXCEPTION,205728,205628
CASE_04363,PAY_188E4227,SET_7E589224,BNK_15428137,REFUND,MATCHED,507366,507366
CASE_04364,,SET_2E274194,BNK_844D52F1,MISSING_PAYMENT,EXCEPTION,1714559,1714559
CASE_04365,PAY_252779A4,SET_6FAD1116,BNK_E578A607,CLEAN,MATCHED,1634201,1634201
CASE_04366,PAY_8585C17B,SET_3BB2A3CD,BNK_CBB59EE1,AMBIGUOUS,REVIEW,774383,774383
CASE_04367,PAY_A2C469F1,SET_80E95837,BNK_A8594AC9,CHARGEBACK,MATCHED,-12305,-12305
CASE_04368,PAY_22F6DD92,SET_A7C53C4D,BNK_BCC26337,CLEAN,MATCHED,1830750,1830750
CASE_04369,PAY_D5EFBD3B,SET_9519A26F,BNK_067417D2,CLEAN,MATCHED,176729,176729
CASE_04370,PAY_EEA3E45B,SET_1F53593C,BNK_4E52047A,ONE_TO_MANY,MATCHED,858647,858647
CASE_04371,PAY_C1F4C573,SET_C74A11B8,BNK_CCB413CB,FEE_VARIANCE,EXCEPTION,898386,898286
CASE_04372,PAY_AC792E0F,SET_0E5D0171,BNK_B995BB53,FEE_VARIANCE,EXCEPTION,416045,415945
CASE_04373,PAY_F52D3194,SET_399BF1F5,BNK_B8629D5F,REFUND,MATCHED,97567,97567
CASE_04374,PAY_0A33EFAF,SET_A94FB394,BNK_1B3C2728,CLEAN,MATCHED,26168,26168
CASE_04375,PAY_00C04CC6,SET_4863DC18,BNK_A4882BF5,CLEAN,MATCHED,1575910,1575910
CASE_04376,PAY_E2A07928,SET_DEDA4928,BNK_39C9D73E,TAX_VARIANCE,EXCEPTION,1295586,1295636
CASE_04377,PAY_61C70881,SET_CA6CBE3C,BNK_B3A90D9A,CLEAN,MATCHED,746849,746849
CASE_04378,PAY_D325DE36,SET_05517342,BNK_B9012147,OTHER,MATCHED,846246,846246
CASE_04379,PAY_046B9BA2,SET_8D2213E0,BNK_787E6544,TIMING_DIFFERENCE,MATCHED,1228312,1228312
CASE_04380,PAY_CBABE528,SET_A840FE75,BNK_14A03A08,CLEAN,MATCHED,1783590,1783590
CASE_04381,PAY_209D644B,SET_589D1B0B,BNK_3F8884F0,TAX_VARIANCE,EXCEPTION,1456985,1457035
CASE_04382,PAY_1BB71468,SET_DDAA5B25,BNK_22ECB915,DUPLICATE,REVIEW,1812199,1812199
CASE_04383,PAY_C654E571,,,MISSING_SETTLEMENT,EXCEPTION,789322,789322
CASE_04384,PAY_32D79036,SET_3CF69522,BNK_FCB39686,TIMING_DIFFERENCE,MATCHED,1081266,1081266
CASE_04385,PAY_6CC04575,SET_00C2F480,BNK_0ACBA2AC,TAX_VARIANCE,EXCEPTION,1841198,1841248
CASE_04386,PAY_9A53DF6F,SET_DCEE37A6,BNK_7A938CC9,CHARGEBACK,MATCHED,-18400,-18400
CASE_04387,PAY_CF5437A1,SET_FE038934,BNK_BEF2196B,DUPLICATE,REVIEW,1074529,1074529
CASE_04388,PAY_942B5D65,SET_3D55A343,BNK_58D4E12E,TIMING_DIFFERENCE,MATCHED,1431403,1431403
CASE_04389,PAY_0E422C02,SET_702EDE1D,BNK_73CE2AA2,TIMING_DIFFERENCE,MATCHED,1821963,1821963
CASE_04390,PAY_299DBE48,SET_0823EA8C,BNK_83C6EAE0,CLEAN,MATCHED,216468,216468
CASE_04391,PAY_9D73E9F4,SET_9AC8A0C2,BNK_FAFEF4F1,CLEAN,MATCHED,1385024,1385024
CASE_04392,PAY_221A81A1,SET_6C855175,BNK_F7578E28,CLEAN,MATCHED,1571321,1571321
CASE_04393,PAY_8323C0F5,SET_6F75A211,BNK_12337836,CLEAN,MATCHED,1510491,1510491
CASE_04394,PAY_D0D269D9,SET_3CF300A3,BNK_160F8F90,CLEAN,MATCHED,850640,850640
CASE_04395,PAY_4BDFB540,SET_5707E6F3,BNK_B0DA32EC,REFUND,MATCHED,934888,934888
CASE_04396,PAY_539701CA,SET_E89F29C1,BNK_29805EB3,FEE_VARIANCE,EXCEPTION,1383462,1383362
CASE_04397,PAY_4B35577F,SET_3FE0EDA3,BNK_3CF2ADEF,REFUND,MATCHED,237438,237438
CASE_04398,PAY_99B844A4,SET_F6BFCE70,BNK_4A1971D6,REFERENCE_TYPO,MATCHED,315866,315866
CASE_04399,PAY_898C4BE4,SET_20634066,BNK_4B3FA4B9,CLEAN,MATCHED,1206733,1206733
CASE_04400,PAY_5CF73573,SET_9BB97AAA,BNK_45BC703C,CHARGEBACK,MATCHED,-27147,-27147
CASE_04401,PAY_505C6136,SET_B7935871,BNK_822D9E37,CLEAN,MATCHED,1134577,1134577
CASE_04402,PAY_B3DA766F,SET_2140531A,BNK_EDE58614,FEE_VARIANCE,EXCEPTION,359218,359118
CASE_04403,PAY_384FADB3,SET_FB1ED33D,BNK_40EF8987,CLEAN,MATCHED,1759961,1759961
CASE_04404,PAY_FF214AA2,SET_7A1FE44E,BNK_6D433B95,DUPLICATE,REVIEW,867532,867532
CASE_04405,PAY_903419FF,SET_A151B06F,BNK_506A9364,HIGH_VALUE_ANOMALY,REVIEW,29292000,29292000
CASE_04406,PAY_5391A63D,SET_1308E550,BNK_DC847D9F,TAX_VARIANCE,EXCEPTION,545613,545663
CASE_04407,PAY_FECB1B94,SET_8CD6FEB1,BNK_03777C29,DUPLICATE,REVIEW,1180663,1180663
CASE_04408,PAY_24375DAE,SET_42F51592,BNK_0A9A6605,CLEAN,MATCHED,1099134,1099134
CASE_04409,PAY_6BC5319F,,,MISSING_SETTLEMENT,EXCEPTION,1294707,1294707
CASE_04410,PAY_EA6D294B,SET_39E220E5,BNK_C741C80A,ONE_TO_MANY,MATCHED,235020,235020
CASE_04411,PAY_F7CE3E92,SET_81A45996,BNK_EE5999CB,TIMING_DIFFERENCE,MATCHED,1333568,1333568
CASE_04412,,SET_1579680F,BNK_831245C8,MISSING_PAYMENT,EXCEPTION,731617,731617
CASE_04413,PAY_A681E4C9,SET_FB6B038A,BNK_5CB11AE2,FEE_VARIANCE,EXCEPTION,1922630,1922530
CASE_04414,PAY_81239F47,SET_B63DFA65,BNK_F24F5F60,CLEAN,MATCHED,1367644,1367644
CASE_04415,PAY_DF3D7891,SET_158E7C47,BNK_6D7AC7EF,CLEAN,MATCHED,1832508,1832508
CASE_04416,PAY_417FF26E,SET_637901CC,BNK_145B676C,DUPLICATE,REVIEW,1156742,1156742
CASE_04417,PAY_54026BE8,SET_65FFC45F,BNK_E027C982,FEE_VARIANCE,EXCEPTION,674009,673909
CASE_04418,PAY_2EA53DAC,SET_D1E4B26F,BNK_AB4B2F31,UNEXPLAINED_DELTA,EXCEPTION,1700987,1663687
CASE_04419,PAY_FEF8349C,SET_21D572DF,BNK_47BDA895,CLEAN,MATCHED,1752346,1752346
CASE_04420,PAY_06E6D06E,SET_8E8FD0CA,BNK_0FDEFAA6,HIGH_VALUE_ANOMALY,REVIEW,58584000,58584000
CASE_04421,PAY_0FD58BE4,SET_06D8AB26,BNK_6B47A504,TAX_VARIANCE,EXCEPTION,61611,61661
CASE_04422,,SET_8FA77666,BNK_7532CD48,MISSING_PAYMENT,EXCEPTION,1770214,1770214
CASE_04423,PAY_CC0F4011,SET_311A1FCD,BNK_43ACFE48,CLEAN,MATCHED,41205,41205
CASE_04424,PAY_C4EE0166,SET_D7062D52,BNK_23E2BEB3,REFUND,MATCHED,875433,875433
CASE_04425,PAY_0B1657D7,SET_DFB639FF,BNK_1AAF654B,CHARGEBACK,MATCHED,-23722,-23722
CASE_04426,PAY_8FB4D90E,SET_FEE76689,BNK_44A0A2DC,OTHER,MATCHED,94418,94418
CASE_04427,PAY_4B6F5386,SET_5C3D5E0D,BNK_AE9BF4A1,CLEAN,MATCHED,485759,485759
CASE_04428,PAY_49EEE00C,SET_CB5A9F49,BNK_317975AA,CHARGEBACK,MATCHED,-34389,-34389
CASE_04429,PAY_324665BD,SET_D476A296,BNK_423E17A8,REFUND,MATCHED,598597,598597
CASE_04430,PAY_DF0A4E2A,SET_45608E1D,BNK_C23AA396,ONE_TO_MANY,MATCHED,1879961,1879961
CASE_04431,PAY_E0E15B28,SET_5368C23D,BNK_7F3988D7,CLEAN,MATCHED,1747659,1747659
CASE_04432,PAY_E3DB43F2,SET_92B2C2AE,BNK_4E3BC24C,ONE_TO_MANY,MATCHED,498941,498941
CASE_04433,PAY_AEB4B93F,SET_48275664,BNK_3935DCF9,FEE_VARIANCE,EXCEPTION,78698,78598
CASE_04434,PAY_7D5F80A3,SET_3463BB02,BNK_226AD5FE,OTHER,MATCHED,500894,500894
CASE_04435,PAY_15E7CADE,SET_F34E2525,BNK_7252C869,ONE_TO_MANY,MATCHED,1230264,1230264
CASE_04436,PAY_B9EFAB2F,SET_4647126F,BNK_F4F1882A,CLEAN,MATCHED,1293828,1293828
CASE_04437,PAY_6CEFEFA8,SET_5AEFE719,BNK_5C2EB49B,TAX_VARIANCE,EXCEPTION,1385317,1385367
CASE_04438,PAY_CAC92D2A,SET_9CE30F16,BNK_9B76A804,REFERENCE_TYPO,MATCHED,276517,276517
CASE_04439,PAY_61561B03,SET_0FB44767,BNK_87ECA3A5,UNEXPLAINED_DELTA,EXCEPTION,872512,824412
CASE_04440,PAY_5DD0FA4A,SET_4DB00955,BNK_78535CB1,CLEAN,MATCHED,1419686,1419686
CASE_04441,PAY_878B0EA8,SET_F21B0139,BNK_F425FD32,DUPLICATE,REVIEW,1512835,1512835
CASE_04442,PAY_7A40131B,SET_4B8FE496,BNK_48DA88C3,CLEAN,MATCHED,435670,435670
CASE_04443,PAY_325A3CC9,SET_5CAE92DA,BNK_4F5F67A1,DUPLICATE,REVIEW,93833,93833
CASE_04444,PAY_BA8B4412,SET_F4F30B84,BNK_93DC4F56,CLEAN,MATCHED,1901344,1901344
CASE_04445,PAY_C072FFB8,SET_E4AE004C,BNK_24731BAA,HIGH_VALUE_ANOMALY,REVIEW,14646000,14646000
CASE_04446,PAY_DBBAB937,SET_01147411,BNK_B510F164,TIMING_DIFFERENCE,MATCHED,1312087,1312087
CASE_04447,PAY_7561B6B3,SET_8D661B87,BNK_8A66A3D6,CLEAN,MATCHED,1047092,1047092
CASE_04448,PAY_27C2BBEC,SET_55C5B8F3,BNK_E1C14844,TIMING_DIFFERENCE,MATCHED,1471923,1471923
CASE_04449,PAY_4F33886D,SET_F0F54A8F,BNK_EDADEF57,CLEAN,MATCHED,792837,792837
CASE_04450,PAY_8B2BB3BD,SET_9CA1A2B8,BNK_42B1E196,CLEAN,MATCHED,122539,122539
CASE_04451,PAY_E488A83F,SET_226E6E96,BNK_05487205,CLEAN,MATCHED,1642208,1642208
CASE_04452,PAY_AA25E082,SET_4CC08F8A,BNK_680B399F,FEE_VARIANCE,EXCEPTION,1859847,1859747
CASE_04453,PAY_E9A19CE2,SET_82DF81F9,BNK_A16D34A2,ONE_TO_MANY,MATCHED,423563,423563
CASE_04454,PAY_92E55350,SET_6953A039,BNK_5B8AC95A,HIGH_VALUE_ANOMALY,REVIEW,29292000,29292000
CASE_04455,PAY_5FB64C34,SET_ABC846F3,BNK_2306BC8F,CLEAN,MATCHED,1042796,1042796
CASE_04456,PAY_85B80DA5,SET_2C7B5E5B,BNK_9C10CFE1,CLEAN,MATCHED,492399,492399
CASE_04457,PAY_ACF4E9FB,SET_EA859CCE,BNK_DC4649B1,OTHER,MATCHED,718045,718045
CASE_04458,PAY_7CE5EC1E,SET_E21607F1,BNK_44B65F1D,OTHER,MATCHED,467306,467306
CASE_04459,PAY_4E9491F3,SET_5CC4199F,BNK_4545B069,TIMING_DIFFERENCE,MATCHED,677329,677329
CASE_04460,PAY_E7D5825F,SET_8601B8B7,BNK_F7724F5D,TAX_VARIANCE,EXCEPTION,486150,486200
CASE_04461,PAY_6FD3151E,SET_079882AB,BNK_CE77989D,OTHER,MATCHED,1574348,1574348
CASE_04462,PAY_BD1B296D,SET_E68D3C43,BNK_5B97C130,TAX_VARIANCE,EXCEPTION,833748,833798
CASE_04463,PAY_F317FC6F,SET_0CEE1B6E,BNK_F8AC35A2,REFERENCE_TYPO,MATCHED,335296,335296
CASE_04464,PAY_22B6F59D,SET_74713EC6,BNK_9E92A3E3,CLEAN,MATCHED,28023,28023
CASE_04465,PAY_83BC62AE,SET_205D6E61,BNK_127211B9,CLEAN,MATCHED,718631,718631
CASE_04466,PAY_9D595E43,SET_8F1FEAB4,BNK_E8E5792E,AMBIGUOUS,REVIEW,1546130,1546130
CASE_04467,PAY_DE83B618,SET_8DD8E0FB,BNK_E3592E17,REFERENCE_TYPO,MATCHED,936075,936075
CASE_04468,PAY_0C579ACB,SET_A45BE5E7,BNK_9507C693,TAX_VARIANCE,EXCEPTION,121758,121808
CASE_04469,PAY_AFECB75F,SET_0DC3FA1A,BNK_815D019F,AMBIGUOUS,REVIEW,710624,710624
CASE_04470,PAY_E35E81B7,SET_05173E59,BNK_4E8FCED6,CLEAN,MATCHED,1794038,1794038
CASE_04471,PAY_09233692,SET_E64AD58F,BNK_0CAA861D,FEE_VARIANCE,EXCEPTION,610055,609955
CASE_04472,PAY_94A10681,SET_BF4EEE18,BNK_285AA094,CLEAN,MATCHED,257770,257770
CASE_04473,PAY_FAE3F74A,SET_4976D045,BNK_A059D778,ONE_TO_MANY,MATCHED,923382,923382
CASE_04474,PAY_18537030,SET_4712A136,BNK_9B301208,REFERENCE_TYPO,MATCHED,988313,988313
CASE_04475,PAY_A2B1227F,SET_BEB8A76C,BNK_3080DC0B,DUPLICATE,REVIEW,568753,568753
CASE_04476,PAY_1AF13D0D,SET_31872FF2,BNK_CB0EE37F,ONE_TO_MANY,MATCHED,1613599,1613599
CASE_04477,PAY_BB081AAF,SET_EA2DDA0D,BNK_B3D87D14,CLEAN,MATCHED,164426,164426
CASE_04478,PAY_9746335C,SET_42B66D0C,BNK_CFD786D0,REFERENCE_TYPO,MATCHED,1653241,1653241
CASE_04479,PAY_07C63857,SET_C19A1B91,BNK_857AAE98,CLEAN,MATCHED,1452981,1452981
CASE_04480,PAY_E5CED78C,SET_7BA5D65B,BNK_6F5085F2,DUPLICATE,REVIEW,587696,587696
CASE_04481,PAY_E1C0C564,SET_A51B6825,BNK_6EB21D26,CLEAN,MATCHED,989387,989387
CASE_04482,PAY_FD0F94DB,SET_89A2519F,BNK_26A78BAB,CLEAN,MATCHED,934318,934318
CASE_04483,PAY_69B2F1E9,SET_59C1BA1B,BNK_794AE59F,CLEAN,MATCHED,547370,547370
CASE_04484,PAY_E7F2C82C,SET_56AF2DF2,BNK_1102BC32,OTHER,MATCHED,288429,288429
CASE_04485,PAY_6CF11902,SET_737BE257,BNK_359B4DB0,CLEAN,MATCHED,1063788,1063788
CASE_04486,,SET_29B37A8B,BNK_7AAA6115,MISSING_PAYMENT,EXCEPTION,175167,175167
CASE_04487,PAY_54DEAA37,SET_E688EC39,BNK_EDDEA174,FEE_VARIANCE,EXCEPTION,1029907,1029807
CASE_04488,PAY_BD90116A,SET_11CA22B1,BNK_01A9BDA5,ONE_TO_MANY,MATCHED,648623,648623
CASE_04489,PAY_50538DE0,SET_D9E41583,BNK_EA7E9B8D,OTHER,MATCHED,1917455,1917455
CASE_04490,PAY_FDFDCC16,SET_49C9A007,BNK_26693C77,CLEAN,MATCHED,267827,267827
CASE_04491,PAY_32731EF7,SET_BD74CCC2,BNK_253A1EF8,UNEXPLAINED_DELTA,EXCEPTION,678501,652001
CASE_04492,PAY_97AE3D85,SET_C4365733,BNK_E978E702,CHARGEBACK,MATCHED,-27265,-27265
CASE_04493,PAY_4560ABC0,SET_49C31E05,BNK_FC8FEBBB,OTHER,MATCHED,720974,720974
CASE_04494,PAY_FB513E3D,SET_7F2845CA,BNK_2563EAB5,OTHER,MATCHED,62197,62197
CASE_04495,PAY_EEE1A78C,SET_47526BB9,BNK_F08EE1D0,CLEAN,MATCHED,1560776,1560776
CASE_04496,PAY_79A8182B,SET_17F7179D,BNK_00207432,UNEXPLAINED_DELTA,EXCEPTION,332855,328255
CASE_04497,PAY_99A90C23,SET_87526A07,BNK_142A7DC9,FEE_VARIANCE,EXCEPTION,779754,779654
CASE_04498,PAY_54836C1F,SET_B8853FA2,BNK_58C5C0A3,CLEAN,MATCHED,1382778,1382778
CASE_04499,PAY_E147850E,SET_6C001671,BNK_ECD9D1CE,CLEAN,MATCHED,1375943,1375943
CASE_04500,PAY_452D7EA1,SET_3F64C051,BNK_4E7C5D4D,REFERENCE_TYPO,MATCHED,378844,378844
CASE_04501,PAY_F4297103,SET_5F1AD40B,BNK_13AB0F93,TIMING_DIFFERENCE,MATCHED,426492,426492
CASE_04502,PAY_B256CEB8,SET_2F46D91A,BNK_3864AA6F,REFERENCE_TYPO,MATCHED,1705381,1705381
CASE_04503,PAY_AEEBE3E0,SET_BD1BA2FA,BNK_A49BA909,CLEAN,MATCHED,1555503,1555503
CASE_04504,PAY_37055154,SET_B9BA52D7,BNK_3FC68AE1,CLEAN,MATCHED,1089565,1089565
CASE_04505,PAY_9FCD3808,SET_501B4783,BNK_738E38FE,CLEAN,MATCHED,662976,662976
CASE_04506,PAY_3E49E8E0,SET_5B985035,BNK_993FA7D9,ONE_TO_MANY,MATCHED,1591728,1591728
CASE_04507,PAY_EF8893D2,SET_CC741ED2,BNK_CF58EABC,CHARGEBACK,MATCHED,-43497,-43497
CASE_04508,PAY_FCF31D9B,SET_3D9ADC87,BNK_613AD2BB,ONE_TO_MANY,MATCHED,896043,896043
CASE_04509,PAY_E0D41485,,,MISSING_SETTLEMENT,EXCEPTION,1358759,1358759
CASE_04510,PAY_36189AC0,SET_A45438EB,BNK_CFFFE275,OTHER,MATCHED,778875,778875
CASE_04511,PAY_57D8C818,SET_39BB70C9,BNK_04167807,DUPLICATE,REVIEW,1830848,1830848
CASE_04512,PAY_E4397FA7,SET_0CC8D337,BNK_FD799D55,CLEAN,MATCHED,521203,521203
CASE_04513,PAY_6E4E2154,SET_B8436FDE,BNK_7CF4A240,OTHER,MATCHED,1614771,1614771
CASE_04514,PAY_136EB027,SET_6E36C244,BNK_E890F2BF,REFUND,MATCHED,942891,942891
CASE_04515,PAY_73D9277A,SET_A81491AB,BNK_EFC80D1F,FEE_VARIANCE,EXCEPTION,45598,45498
CASE_04516,PAY_550DA3F6,SET_8F583901,BNK_25906297,TIMING_DIFFERENCE,MATCHED,1928293,1928293
CASE_04517,PAY_67531B94,SET_FE0C6BC4,BNK_BB18FAD6,REFUND,MATCHED,219859,219859
CASE_04518,PAY_3FBBC3AD,SET_A59C754C,BNK_2F80691B,REFUND,MATCHED,844515,844515
CASE_04519,PAY_4E9E002C,SET_7BD77585,BNK_A3359D74,CLEAN,MATCHED,1331127,1331127
CASE_04520,PAY_097ED07D,SET_3B2F1601,BNK_6A38D1C6,CLEAN,MATCHED,145289,145289
CASE_04521,PAY_63F9D14E,SET_5ED60BBC,BNK_AD12D711,ONE_TO_MANY,MATCHED,468965,468965
CASE_04522,PAY_FBDB9B9C,SET_56AFA225,BNK_18C95C9E,CLEAN,MATCHED,550397,550397
CASE_04523,PAY_CFD40D8F,SET_37747C2B,BNK_EF1EF041,REFUND,MATCHED,676441,676441
CASE_04524,PAY_1D1B4331,SET_F08B2FE0,BNK_282A23C4,UNEXPLAINED_DELTA,EXCEPTION,978841,954741
CASE_04525,PAY_CF9268E6,SET_32A04A96,BNK_1CB86915,TIMING_DIFFERENCE,MATCHED,1389711,1389711
CASE_04526,PAY_CE06E2FB,SET_E478F054,BNK_B9670175,CLEAN,MATCHED,494254,494254
CASE_04527,PAY_8DD3EA2E,SET_377B251D,BNK_A9245EA7,HIGH_VALUE_ANOMALY,REVIEW,5370200,5370200
CASE_04528,PAY_49714111,SET_95E641A4,BNK_4673652D,TIMING_DIFFERENCE,MATCHED,685238,685238
CASE_04529,PAY_8A98004F,SET_62E252DC,BNK_7CF9FAAD,CLEAN,MATCHED,435182,435182
CASE_04530,PAY_AD4FBE50,SET_0F63494D,BNK_E80ED994,DUPLICATE,REVIEW,1265513,1265513
CASE_04531,PAY_B52AFBD8,SET_7CA5B40A,BNK_F6FFC983,CLEAN,MATCHED,1652948,1652948
CASE_04532,PAY_6DB89DE5,SET_09CB309B,BNK_4C714495,CLEAN,MATCHED,991339,991339
CASE_04533,PAY_FCC23F8F,SET_BC969F10,BNK_1A40CD20,AMBIGUOUS,REVIEW,1078434,1078434
CASE_04534,PAY_E6C3DAE5,SET_E5A90E4F,BNK_AD03D7B4,UNEXPLAINED_DELTA,EXCEPTION,1640645,1619745
CASE_04535,PAY_AE7B6135,SET_A6A5D64C,BNK_8C5D1B28,CLEAN,MATCHED,1268930,1268930
CASE_04536,PAY_E3973664,SET_3D14BA0B,BNK_27A7B3EA,CLEAN,MATCHED,1572493,1572493
CASE_04537,PAY_2B5B2D57,SET_CF9EF48D,BNK_DD627F3C,AMBIGUOUS,REVIEW,37885,37885
CASE_04538,PAY_411746E5,SET_638016F5,BNK_4763535E,REFERENCE_TYPO,MATCHED,1424763,1424763
CASE_04539,PAY_5CBA2C2C,SET_25F1562F,BNK_6AF0559C,UNEXPLAINED_DELTA,EXCEPTION,1311208,1310108
CASE_04540,PAY_7285B197,SET_750A22E4,BNK_7C9EC279,ONE_TO_MANY,MATCHED,559380,559380
CASE_04541,PAY_F2BB6E95,SET_36ED7F15,BNK_173FF1AF,DUPLICATE,REVIEW,635539,635539
CASE_04542,PAY_BED5A5A5,SET_5D94D9E2,BNK_F153D5D4,CLEAN,MATCHED,1241884,1241884
CASE_04543,PAY_C0F00D3F,SET_5EC5441B,BNK_997B7C52,REFERENCE_TYPO,MATCHED,1492526,1492526
CASE_04544,PAY_34482C82,SET_CF706C96,BNK_01CF9C9E,ONE_TO_MANY,MATCHED,549323,549323
CASE_04545,PAY_1D89DE55,SET_DA66900A,BNK_8E49F5B9,CLEAN,MATCHED,242929,242929
CASE_04546,PAY_65947884,SET_D84DD18E,BNK_EF45B57B,REFERENCE_TYPO,MATCHED,1840514,1840514
CASE_04547,PAY_5A6C94D6,,,MISSING_SETTLEMENT,EXCEPTION,1810148,1810148
CASE_04548,PAY_E31C08B5,SET_89F23E6B,BNK_09DDCF3D,HIGH_VALUE_ANOMALY,REVIEW,29292000,29292000
CASE_04549,PAY_67D37C1A,SET_CF2A11CE,BNK_134872B3,FEE_VARIANCE,EXCEPTION,1387465,1387365
CASE_04550,PAY_8501A072,SET_A6976530,BNK_ACD338F9,CLEAN,MATCHED,1908570,1908570
CASE_04551,PAY_BACE5522,SET_BC8028A8,BNK_9716C37A,CLEAN,MATCHED,1053634,1053634
CASE_04552,PAY_937EDAB3,SET_1BDD6ECD,BNK_73321BCB,FEE_VARIANCE,EXCEPTION,1182616,1182516
CASE_04553,PAY_53AE0C39,SET_2AAE21E2,BNK_A5B71215,AMBIGUOUS,REVIEW,1241395,1241395
CASE_04554,PAY_2F7C916A,SET_BA77E508,BNK_C2ABC1FD,CLEAN,MATCHED,170968,170968
CASE_04555,PAY_34636D42,SET_B04B61DE,BNK_F9D3664E,HIGH_VALUE_ANOMALY,REVIEW,5370200,5370200
CASE_04556,PAY_0AC27B0C,SET_9F2A8995,BNK_93D0F2F2,REFERENCE_TYPO,MATCHED,968980,968980
CASE_04557,PAY_35A70A28,SET_4C664B84,BNK_AC6068B0,DUPLICATE,REVIEW,1330053,1330053
CASE_04558,PAY_3E32D352,SET_61D69AF0,BNK_CA0D1145,CLEAN,MATCHED,1565170,1565170
CASE_04559,PAY_0152476C,SET_A913450C,BNK_015A5F9F,REFERENCE_TYPO,MATCHED,1707822,1707822
CASE_04560,PAY_3BC66453,SET_DAF4D50F,BNK_EE8212B3,FEE_VARIANCE,EXCEPTION,39642,39542
CASE_04561,PAY_A94CA074,SET_C3829FE6,BNK_9F892413,CLEAN,MATCHED,667175,667175
CASE_04562,PAY_2FEC3004,SET_C164AB98,BNK_6DBDF5FA,CLEAN,MATCHED,1686829,1686829
CASE_04563,PAY_D5D7C9D6,,,MISSING_SETTLEMENT,EXCEPTION,963805,963805
CASE_04564,PAY_F2867C20,SET_7B392745,BNK_CA6EA0D8,CLEAN,MATCHED,544832,544832
CASE_04565,PAY_4943746A,SET_B96210AB,BNK_E4B554B0,CLEAN,MATCHED,1014578,1014578
CASE_04566,PAY_18787000,SET_E51DBD78,BNK_AF910921,OTHER,MATCHED,402668,402668
CASE_04567,PAY_F853AB4A,SET_5089727E,BNK_FC2952FA,UNEXPLAINED_DELTA,EXCEPTION,986360,947460
CASE_04568,PAY_0F9CC0E4,SET_0CB3B061,BNK_78D6EDE1,TAX_VARIANCE,EXCEPTION,429909,429959
CASE_04569,PAY_AC395DB5,SET_C02FCAA3,BNK_74B8060B,DUPLICATE,REVIEW,1139655,1139655
CASE_04570,PAY_EE498A6A,SET_085DE2E5,BNK_5DBE5BBB,CLEAN,MATCHED,1418417,1418417
CASE_04571,PAY_237A64C6,SET_C096AB60,BNK_E0E2C7DB,FEE_VARIANCE,EXCEPTION,1235732,1235632
CASE_04572,PAY_37B0E940,SET_1FA5E6E9,BNK_C3ED7734,HIGH_VALUE_ANOMALY,REVIEW,14646000,14646000
CASE_04573,PAY_CC02D44B,SET_A1D44A9F,BNK_F4FCF4FA,FEE_VARIANCE,EXCEPTION,963414,963314
CASE_04574,PAY_DBFF502E,SET_4DB7BB60,BNK_D05C24C6,CLEAN,MATCHED,1494576,1494576
CASE_04575,PAY_E9EAA80E,SET_89A28813,BNK_96A48387,CLEAN,MATCHED,1834168,1834168
CASE_04576,PAY_3228089A,SET_9D5ABF14,BNK_1A2C4566,FEE_VARIANCE,EXCEPTION,572464,572364
CASE_04577,PAY_4FBB13C9,SET_F2ACAE79,BNK_74FBFA82,CLEAN,MATCHED,1640450,1640450
CASE_04578,PAY_789EAF28,SET_D6A52717,BNK_590727C5,FEE_VARIANCE,EXCEPTION,716092,715992
CASE_04579,PAY_6142BF0B,SET_AF9A9449,BNK_AADA0E88,REFERENCE_TYPO,MATCHED,1114463,1114463
CASE_04580,PAY_783D4372,SET_BBCCE969,BNK_F7D179FB,CLEAN,MATCHED,162181,162181
CASE_04581,PAY_B48AA34A,SET_25E54799,BNK_ABEBDA27,CLEAN,MATCHED,1231143,1231143
CASE_04582,PAY_613C24DD,SET_B4FE800C,BNK_D3E31454,CLEAN,MATCHED,1225090,1225090
CASE_04583,PAY_6A59A0A5,SET_9BB1A5A3,BNK_7E456749,CLEAN,MATCHED,1047482,1047482
CASE_04584,,SET_5B7B93B2,BNK_2A1509B7,MISSING_PAYMENT,EXCEPTION,129373,129373
CASE_04585,PAY_EFF9C925,SET_0C3B5D94,BNK_5E31F99F,CLEAN,MATCHED,1298320,1298320
CASE_04586,PAY_29CD195B,SET_1CB53252,BNK_708661E8,HIGH_VALUE_ANOMALY,REVIEW,14646000,14646000
CASE_04587,PAY_3BD64D1A,SET_119F3D3A,BNK_664B55AA,CLEAN,MATCHED,1273714,1273714
CASE_04588,PAY_CAA8270F,SET_FC0D8070,BNK_CC611A29,CLEAN,MATCHED,311570,311570
CASE_04589,PAY_8F656D53,SET_A2F5D688,BNK_B49B31CA,CLEAN,MATCHED,1585088,1585088
CASE_04590,PAY_2F7E0DA9,SET_552469CC,BNK_9783DC60,UNEXPLAINED_DELTA,EXCEPTION,1353193,1340393
CASE_04591,PAY_EFF3FC4D,SET_BE942E4D,BNK_5206E5A5,UNEXPLAINED_DELTA,EXCEPTION,1237978,1209978
CASE_04592,PAY_2FBD5AF7,SET_1EAC4852,BNK_831C1AB4,OTHER,MATCHED,663171,663171
CASE_04593,PAY_596B8CDA,SET_01EB5FB3,BNK_BB9FF540,CLEAN,MATCHED,158568,158568
CASE_04594,PAY_7EED3B71,SET_9D4E801E,BNK_9889E7DF,UNEXPLAINED_DELTA,EXCEPTION,1682533,1647733
CASE_04595,PAY_92FD9E0C,SET_A7083432,BNK_5F0666AF,REFERENCE_TYPO,MATCHED,435963,435963
CASE_04596,PAY_38EE631B,SET_F431E17D,BNK_A97DB175,CLEAN,MATCHED,502456,502456
CASE_04597,PAY_D341EF42,SET_62F7263C,BNK_5DB6A7D5,FEE_VARIANCE,EXCEPTION,1938936,1938836
CASE_04598,PAY_823CBFB7,SET_B4C2DA63,BNK_06542756,FEE_VARIANCE,EXCEPTION,1530215,1530115
CASE_04599,PAY_5E278708,SET_167EE516,BNK_A36735EF,CLEAN,MATCHED,623139,623139
CASE_04600,PAY_BD4E8F45,SET_2AADB09F,BNK_9D700E2A,CLEAN,MATCHED,507240,507240
CASE_04601,PAY_8DAEAC18,SET_852BD0D5,BNK_254FE5C3,FEE_VARIANCE,EXCEPTION,1007255,1007155
CASE_04602,PAY_87962A9B,SET_90F51DE5,BNK_2D608C4E,OTHER,MATCHED,1667106,1667106
CASE_04603,,SET_D8CEE3FF,BNK_02CF2603,MISSING_PAYMENT,EXCEPTION,888915,888915
CASE_04604,PAY_614F049F,,,MISSING_SETTLEMENT,EXCEPTION,1708505,1708505
CASE_04605,PAY_0D52EDCB,SET_1AD3DEEA,BNK_62AAFB64,CLEAN,MATCHED,316745,316745
CASE_04606,PAY_B9332420,SET_A82021CB,BNK_FB6FE3C2,UNEXPLAINED_DELTA,EXCEPTION,1372624,1336824
CASE_04607,PAY_897F8129,SET_C2AA1A61,BNK_962D5813,CLEAN,MATCHED,102230,102230
CASE_04608,PAY_430FB888,SET_02EF7CE9,BNK_4B725454,OTHER,MATCHED,989094,989094
CASE_04609,PAY_80666AAD,SET_FCF70F24,BNK_A39DAC88,CLEAN,MATCHED,108869,108869
CASE_04610,PAY_7DE5CE89,SET_61433A33,BNK_50E6D268,CLEAN,MATCHED,473847,473847
CASE_04611,PAY_71A50692,SET_CCDF27CF,BNK_453ABD9D,OTHER,MATCHED,1153227,1153227
CASE_04612,PAY_735EF456,SET_DE5ED2D1,BNK_A3A1D6D7,AMBIGUOUS,REVIEW,854839,854839
CASE_04613,PAY_51C765A8,SET_7F7A1607,BNK_E6A936E6,ONE_TO_MANY,MATCHED,289405,289405
CASE_04614,,SET_2BE10D45,BNK_C33C2897,MISSING_PAYMENT,EXCEPTION,257868,257868
CASE_04615,PAY_B5069921,SET_125C0C3D,BNK_BABC77E5,CLEAN,MATCHED,1695714,1695714
CASE_04616,PAY_4436DC4B,SET_6A34F80D,BNK_B3022439,FEE_VARIANCE,EXCEPTION,804261,804161
CASE_04617,PAY_E6972E98,SET_74BC9999,BNK_5C7865C4,OTHER,MATCHED,347599,347599
CASE_04618,PAY_06EF84A6,SET_1C95BD56,BNK_390E6EFB,REFUND,MATCHED,108239,108239
CASE_04619,PAY_CED6B2DF,SET_9CE2FDEA,BNK_57C32753,CLEAN,MATCHED,1945575,1945575
CASE_04620,PAY_3D9CECBA,SET_14AE21FB,BNK_30425601,CLEAN,MATCHED,1812589,1812589
CASE_04621,PAY_6AEA1C05,SET_51BADA3C,BNK_DAD4235A,REFUND,MATCHED,922644,922644
CASE_04622,PAY_8EEFBC79,SET_9DCEDB3A,BNK_140D83E4,OTHER,MATCHED,1284259,1284259
CASE_04623,PAY_C82F4227,SET_7CF57189,BNK_D1709DA3,CLEAN,MATCHED,304149,304149
CASE_04624,PAY_3869E031,SET_DBD63B0F,BNK_6EA3B521,UNEXPLAINED_DELTA,EXCEPTION,25094,14594
CASE_04625,PAY_5C673412,SET_F68E4AB4,BNK_EC136252,REFERENCE_TYPO,MATCHED,1844713,1844713
CASE_04626,PAY_65E9BAF1,SET_8D2C3F47,BNK_22C84F17,CLEAN,MATCHED,1391273,1391273
CASE_04627,PAY_1990E94A,SET_11E02D85,BNK_528A5B0C,HIGH_VALUE_ANOMALY,REVIEW,58584000,58584000
CASE_04628,PAY_431A3734,SET_60EAB5A1,BNK_3B1FE35A,DUPLICATE,REVIEW,13768,13768
CASE_04629,PAY_1601BB96,SET_BAC3E02A,BNK_67ED8164,TIMING_DIFFERENCE,MATCHED,943984,943984
CASE_04630,PAY_A8515050,SET_22ED7717,BNK_F2D81E6A,CLEAN,MATCHED,899851,899851
CASE_04631,PAY_2B24ECEB,SET_4BB51C1B,BNK_A4C17758,CLEAN,MATCHED,1166701,1166701
CASE_04632,PAY_4EBB9BAF,SET_7D52C561,BNK_C23F47D2,CHARGEBACK,MATCHED,-3771,-3771
CASE_04633,PAY_E5505C84,SET_AFBBEFF2,BNK_924A8F1F,TIMING_DIFFERENCE,MATCHED,1614576,1614576
CASE_04634,PAY_FA61E323,SET_2C4D9208,BNK_350B8358,TAX_VARIANCE,EXCEPTION,301318,301368
CASE_04635,PAY_FB7D0BF4,SET_C6D9762A,BNK_D69B4CD8,OTHER,MATCHED,1155960,1155960
CASE_04636,PAY_7DB516FA,SET_07AA9059,BNK_E4F044F5,CHARGEBACK,MATCHED,-25653,-25653
CASE_04637,PAY_F4837229,SET_497AA7BC,BNK_F5673889,ONE_TO_MANY,MATCHED,508412,508412
CASE_04638,PAY_B6DED0F6,SET_74271DCA,BNK_BF5D05C8,CLEAN,MATCHED,126151,126151
CASE_04639,PAY_58F9CB78,SET_35250838,BNK_112C713F,UNEXPLAINED_DELTA,EXCEPTION,1013504,994104
CASE_04640,PAY_09DBF0B8,SET_6DFEA931,BNK_ED2AE6AD,CLEAN,MATCHED,1635178,1635178
CASE_04641,PAY_F285C018,SET_67FBBBCA,BNK_5E38EBBD,TAX_VARIANCE,EXCEPTION,385678,385728
CASE_04642,PAY_81BDE87A,,,MISSING_SETTLEMENT,EXCEPTION,1695812,1695812
CASE_04643,PAY_7E3597F0,SET_14B288B2,BNK_F84DD01C,OTHER,MATCHED,1063105,1063105
CASE_04644,PAY_E11B1EDB,SET_45B0233C,BNK_16BC9928,CLEAN,MATCHED,614156,614156
CASE_04645,PAY_9EE0FD35,SET_F8F6FA4D,BNK_39E059EF,CLEAN,MATCHED,1736626,1736626
CASE_04646,PAY_59795DE9,SET_B17E80E0,BNK_0BA45994,OTHER,MATCHED,1774412,1774412
CASE_04647,PAY_0C3F421A,SET_D93BBF0E,BNK_8CA5A7F9,CLEAN,MATCHED,185907,185907
CASE_04648,PAY_99E03802,SET_E70B6F6F,BNK_86069FEC,DUPLICATE,REVIEW,1410410,1410410
CASE_04649,PAY_12616728,SET_0AC2B332,BNK_D55EB063,DUPLICATE,REVIEW,390268,390268
CASE_04650,PAY_87BEB10C,SET_177E6D60,BNK_49E4F158,FEE_VARIANCE,EXCEPTION,454515,454415
CASE_04651,PAY_6989E83D,SET_81AB405D,BNK_E08BC82B,OTHER,MATCHED,1541931,1541931
CASE_04652,PAY_CBCB697D,SET_59BFAF64,BNK_E923F2E0,CLEAN,MATCHED,1769921,1769921
CASE_04653,PAY_0065BB29,SET_434C6F44,BNK_36D0649D,CLEAN,MATCHED,1290313,1290313
CASE_04654,PAY_09DBFC7C,SET_A9475F84,BNK_C34C4BA4,DUPLICATE,REVIEW,1736821,1736821
CASE_04655,PAY_FEF881E0,SET_C0544B86,BNK_439058B1,DUPLICATE,REVIEW,441138,441138
CASE_04656,PAY_FB0A4483,SET_AE9AF535,BNK_6CFEA246,DUPLICATE,REVIEW,1554625,1554625
CASE_04657,PAY_BB70675B,SET_2D664D68,BNK_0C0AF2A7,CLEAN,MATCHED,257087,257087
CASE_04658,PAY_E1A40CE0,SET_F94DFED3,BNK_F1D61EA2,ONE_TO_MANY,MATCHED,372302,372302
CASE_04659,PAY_29C6B167,SET_EF719AEB,BNK_ED757AB1,CLEAN,MATCHED,1273421,1273421
CASE_04660,PAY_35C5A3CE,SET_368952B5,BNK_3A89FE92,REFUND,MATCHED,246680,246680
CASE_04661,PAY_44FE29A5,SET_663B44EF,BNK_AF557060,AMBIGUOUS,REVIEW,1098353,1098353
CASE_04662,PAY_78387935,SET_87BE8FAB,BNK_E8D4E284,UNEXPLAINED_DELTA,EXCEPTION,1002861,959761
CASE_04663,PAY_B973BC27,SET_91462BEC,BNK_C6E48AE1,CLEAN,MATCHED,691292,691292
CASE_04664,PAY_70741FDC,SET_C452D319,BNK_0A35B98A,CLEAN,MATCHED,1537440,1537440
CASE_04665,PAY_4F662F17,SET_AF778A96,BNK_0480B51E,OTHER,MATCHED,226623,226623
CASE_04666,PAY_3866754C,SET_1DB70961,BNK_32C057B2,FEE_VARIANCE,EXCEPTION,152612,152512
CASE_04667,PAY_C99520B8,SET_AD0CDA53,BNK_D56A1848,CLEAN,MATCHED,790689,790689
CASE_04668,PAY_36AFA1E4,SET_19C879DC,BNK_8FE63DFC,CHARGEBACK,MATCHED,-28048,-28048
CASE_04669,PAY_E70820A7,SET_89C2E7EC,BNK_AD142C98,CLEAN,MATCHED,1679897,1679897
CASE_04670,PAY_E6DD81DA,SET_8D883CA0,BNK_074BC4BD,FEE_VARIANCE,EXCEPTION,1548180,1548080
CASE_04671,PAY_5765B0D9,SET_A97A474A,BNK_6B114CB7,CLEAN,MATCHED,684066,684066
CASE_04672,PAY_DC208599,SET_ED56AF78,BNK_FD015A05,REFERENCE_TYPO,MATCHED,1700108,1700108
CASE_04673,PAY_C07D45A8,SET_B13E0F89,BNK_2B436C1F,REFUND,MATCHED,141444,141444
CASE_04674,PAY_F8393AF5,SET_DC898F40,BNK_8FDD26A4,DUPLICATE,REVIEW,1046604,1046604
CASE_04675,PAY_6552029D,SET_40A64504,BNK_A4EF3379,CLEAN,MATCHED,1234268,1234268
CASE_04676,PAY_269E3BF6,SET_A8DD36A8,BNK_663B1B58,AMBIGUOUS,REVIEW,281594,281594
CASE_04677,PAY_780D9C48,SET_B0034E4A,BNK_4B81ABC6,ONE_TO_MANY,MATCHED,1249304,1249304
CASE_04678,PAY_362954DD,SET_668D80BA,BNK_48A0246F,ONE_TO_MANY,MATCHED,1859066,1859066
CASE_04679,PAY_B874EAB5,SET_50950DE7,BNK_04176481,CHARGEBACK,MATCHED,-38722,-38722
CASE_04680,PAY_9519B698,SET_F8142B26,BNK_D485A10D,TAX_VARIANCE,EXCEPTION,1779978,1780028
CASE_04681,PAY_D411B971,SET_08AB90D0,BNK_EEA0AD63,CLEAN,MATCHED,328657,328657
CASE_04682,PAY_BD2E5492,SET_D4692A7E,BNK_3D31F66E,OTHER,MATCHED,1734087,1734087
CASE_04683,PAY_FE515311,SET_710F05A1,BNK_BEB4588C,CLEAN,MATCHED,1902809,1902809
CASE_04684,PAY_49D532D4,SET_255080CF,BNK_CD72A1F8,CLEAN,MATCHED,1657342,1657342
CASE_04685,PAY_77FAE733,SET_3D2F822E,BNK_26935653,CLEAN,MATCHED,1651483,1651483
CASE_04686,PAY_07A40E20,SET_2F04389B,BNK_BF338228,TIMING_DIFFERENCE,MATCHED,1242079,1242079
CASE_04687,PAY_C4EF7898,SET_5776972B,BNK_411F3F3C,CHARGEBACK,MATCHED,-41007,-41007
CASE_04688,PAY_F92F5FE7,SET_6D9FB314,BNK_8DA77E55,AMBIGUOUS,REVIEW,1031762,1031762
CASE_04689,PAY_58B8B585,SET_C3530073,BNK_155C3098,HIGH_VALUE_ANOMALY,REVIEW,5370200,5370200
CASE_04690,PAY_CC40D0E9,SET_0AC9933F,BNK_1396FBD7,REFERENCE_TYPO,MATCHED,1937666,1937666
CASE_04691,PAY_25177DC3,SET_A9A52518,BNK_FA5A093B,REFUND,MATCHED,453771,453771
CASE_04692,PAY_68653262,SET_0D8FECF3,BNK_31208311,CLEAN,MATCHED,181123,181123
CASE_04693,PAY_073BD0BE,SET_B5DEBBA2,BNK_60033BA6,CLEAN,MATCHED,1848423,1848423
CASE_04694,PAY_6069A28E,,,MISSING_SETTLEMENT,EXCEPTION,930998,930998
CASE_04695,PAY_9638073A,SET_FCA27DE3,BNK_B6898719,REFERENCE_TYPO,MATCHED,1184276,1184276
CASE_04696,PAY_BE3F1BB1,SET_232E5DD4,BNK_12FD1325,TAX_VARIANCE,EXCEPTION,622358,622408
CASE_04697,PAY_6083D00B,SET_2EDDD03D,BNK_4BB15A3B,CLEAN,MATCHED,1109581,1109581
CASE_04698,PAY_57BC67F4,SET_54D8A38D,BNK_1CBE42E6,CLEAN,MATCHED,168332,168332
CASE_04699,PAY_83F88108,SET_1F7FF1A3,BNK_7F014879,OTHER,MATCHED,104378,104378
CASE_04700,PAY_F7BF787F,SET_9A916E91,BNK_364DFC56,TAX_VARIANCE,EXCEPTION,929631,929681
CASE_04701,PAY_40ED0BCC,SET_54AC7F00,BNK_23FADAFB,REFERENCE_TYPO,MATCHED,1340109,1340109
CASE_04702,PAY_EC2DFC04,SET_C8065188,BNK_DF6502A9,ONE_TO_MANY,MATCHED,1324585,1324585
CASE_04703,PAY_FD61C1B2,SET_7192FFD2,BNK_79DB55F8,CLEAN,MATCHED,872707,872707
CASE_04704,PAY_F844ED74,SET_D71A201A,BNK_EAAE8DD5,AMBIGUOUS,REVIEW,892723,892723
CASE_04705,PAY_FB34CB37,SET_628A3BAE,BNK_BCD3C83F,HIGH_VALUE_ANOMALY,REVIEW,14646000,14646000
CASE_04706,PAY_B99319C3,SET_930129AA,BNK_602C6B97,AMBIGUOUS,REVIEW,477070,477070
CASE_04707,PAY_C60B2110,SET_ED00AD27,BNK_31F52366,REFUND,MATCHED,947798,947798
CASE_04708,PAY_DE42C0C6,SET_B9C412E4,BNK_FB2284E4,ONE_TO_MANY,MATCHED,1364422,1364422
CASE_04709,PAY_99594C6B,SET_03A9B5D3,BNK_57CC0C95,CLEAN,MATCHED,620210,620210
CASE_04710,,SET_14CF097C,BNK_E51D0159,MISSING_PAYMENT,EXCEPTION,1212201,1212201
CASE_04711,PAY_ED1ED844,SET_3E55E315,BNK_523CC467,OTHER,MATCHED,863919,863919
CASE_04712,PAY_4EAFC9A0,SET_CDDE65D7,BNK_EE6F70D4,CLEAN,MATCHED,1944208,1944208
CASE_04713,PAY_EA758589,SET_BAE67983,BNK_05C0355C,CLEAN,MATCHED,1335227,1335227
CASE_04714,PAY_5E5FB898,SET_A74CD05B,BNK_AC5A7258,TAX_VARIANCE,EXCEPTION,638664,638714
CASE_04715,PAY_D8C24F65,SET_B49C708D,BNK_B946113F,CLEAN,MATCHED,1187205,1187205
CASE_04716,PAY_2377E5A7,SET_7C5ADFBE,BNK_2DE06E34,UNEXPLAINED_DELTA,EXCEPTION,1103137,1071937
CASE_04717,PAY_CBAE259D,SET_86BD2A2E,BNK_C2B94CDF,REFUND,MATCHED,867906,867906
CASE_04718,PAY_7DEA9D34,SET_435AB661,BNK_4EB6D91E,CLEAN,MATCHED,952869,952869
CASE_04719,PAY_0C1262E1,SET_4CB739EA,BNK_9149EFED,FEE_VARIANCE,EXCEPTION,753195,753095
CASE_04720,PAY_06D30DAB,SET_A020FBCF,BNK_5E6586FF,CHARGEBACK,MATCHED,-5593,-5593
CASE_04721,PAY_F33808EA,SET_859BD4DB,BNK_C6F2C66B,CLEAN,MATCHED,171945,171945
CASE_04722,PAY_1FA475C7,SET_AA4206F5,BNK_F067CD92,REFERENCE_TYPO,MATCHED,950526,950526
CASE_04723,PAY_C2C4E34F,SET_BB68FEAF,BNK_4C4396F1,ONE_TO_MANY,MATCHED,1880254,1880254
CASE_04724,PAY_54BB2C19,SET_46DBE723,BNK_5818855B,CLEAN,MATCHED,1011160,1011160
CASE_04725,PAY_37D73569,SET_A44A04E6,BNK_085F2137,FEE_VARIANCE,EXCEPTION,848004,847904
CASE_04726,PAY_4AEB9EEB,SET_4743CA55,BNK_B8EA21EB,DUPLICATE,REVIEW,429031,429031
CASE_04727,PAY_E584BA23,SET_8FE9E2F3,BNK_7AF8AD51,CLEAN,MATCHED,1934835,1934835
CASE_04728,,SET_0367BAD5,BNK_E1FB0948,MISSING_PAYMENT,EXCEPTION,1803704,1803704
CASE_04729,PAY_DB7EF63E,SET_3912EEC8,BNK_152C8DB6,AMBIGUOUS,REVIEW,853374,853374
CASE_04730,PAY_AD4D7D6A,SET_5FC48F7C,BNK_D6641BA7,CLEAN,MATCHED,733863,733863
CASE_04731,PAY_236864F2,SET_E42E2268,BNK_55069CFF,CLEAN,MATCHED,428250,428250
CASE_04732,PAY_C446D677,,,MISSING_SETTLEMENT,EXCEPTION,1170899,1170899
CASE_04733,PAY_B4344CC0,SET_148955FF,BNK_81C8C1DC,TAX_VARIANCE,EXCEPTION,1064667,1064717
CASE_04734,PAY_0E27C765,SET_348AA35E,BNK_7BFD954D,TAX_VARIANCE,EXCEPTION,96762,96812
CASE_04735,PAY_B1527A09,SET_4A17DD25,BNK_CDD83C83,CLEAN,MATCHED,1682240,1682240
CASE_04736,PAY_0FDA72C8,SET_FB8D9134,BNK_DA2F0080,REFUND,MATCHED,433334,433334
CASE_04737,PAY_F43407E8,SET_B31C602B,BNK_6F305A1A,TAX_VARIANCE,EXCEPTION,249080,249130
CASE_04738,PAY_4EC93103,SET_DB2B2AFD,BNK_5F2D6D81,CLEAN,MATCHED,1169435,1169435
CASE_04739,PAY_568E4E53,SET_628870CD,BNK_A425D392,CLEAN,MATCHED,465939,465939
CASE_04740,PAY_6FE09F6A,SET_970B00DD,BNK_F4596B81,TAX_VARIANCE,EXCEPTION,537606,537656
CASE_04741,PAY_BC5030F6,SET_A5D0280E,BNK_C1BDCDF7,AMBIGUOUS,REVIEW,692268,692268
CASE_04742,PAY_CE2D2A01,SET_2FB54D90,BNK_7D15D9AA,CLEAN,MATCHED,1456496,1456496
CASE_04743,PAY_B1A428B2,SET_2223E97C,BNK_04475D2B,CLEAN,MATCHED,209731,209731
CASE_04744,PAY_05A3A2FD,SET_0F5701A5,BNK_CB329462,REFERENCE_TYPO,MATCHED,1367644,1367644
CASE_04745,PAY_1FEC6F10,SET_019B5D18,BNK_53BF4A7B,TAX_VARIANCE,EXCEPTION,832577,832627
CASE_04746,PAY_13A4BDDB,SET_1E69E670,BNK_4E9FB3F3,CLEAN,MATCHED,112579,112579
CASE_04747,PAY_9A04C047,SET_00574292,BNK_F2213838,FEE_VARIANCE,EXCEPTION,355801,355701
CASE_04748,PAY_6AF2ABC9,SET_ECDF0D17,BNK_431089B9,OTHER,MATCHED,275541,275541
CASE_04749,PAY_356B5F43,SET_7505DF32,BNK_D7D7415D,CHARGEBACK,MATCHED,-21268,-21268
CASE_04750,PAY_6EF5AC35,SET_2EC076EA,BNK_280686FD,REFERENCE_TYPO,MATCHED,1431989,1431989
CASE_04751,PAY_3DF5A1D5,SET_16835926,BNK_13846CD5,CLEAN,MATCHED,1425447,1425447
CASE_04752,PAY_867C4B31,SET_00F034F8,BNK_F3CB5B86,UNEXPLAINED_DELTA,EXCEPTION,138356,103756
CASE_04753,PAY_07C8B242,SET_120A1C88,BNK_5E0F942F,CLEAN,MATCHED,724001,724001
CASE_04754,PAY_979518B6,SET_BAC6CA6E,BNK_D12BFB4C,REFUND,MATCHED,483928,483928
CASE_04755,PAY_27D4355B,SET_08EF46C9,BNK_612FAD0F,CLEAN,MATCHED,143629,143629
CASE_04756,PAY_1CCEDCCC,SET_7AFC3DF0,BNK_4B2A2DF0,CLEAN,MATCHED,1941279,1941279
CASE_04757,PAY_C15E56A4,SET_93DB7DCB,BNK_C8E59CE1,CLEAN,MATCHED,351504,351504
CASE_04758,PAY_51FCC035,SET_6E2ECF1D,BNK_C8CD6BCF,REFUND,MATCHED,398366,398366
CASE_04759,PAY_8EBCE4ED,SET_D6643897,BNK_D47B834B,CLEAN,MATCHED,727321,727321
CASE_04760,PAY_5568735C,SET_36CC0176,BNK_F3A94FDA,DUPLICATE,REVIEW,78698,78698
CASE_04761,PAY_773EBF11,SET_9C6E5DAE,BNK_437B3932,CLEAN,MATCHED,1914330,1914330
CASE_04762,PAY_973A6CDE,SET_B60A5E8F,BNK_FFC262B3,CLEAN,MATCHED,1861507,1861507
CASE_04763,PAY_B42191FB,SET_EE6E31B3,BNK_57B27ADA,CLEAN,MATCHED,360292,360292
CASE_04764,PAY_16FD32C8,SET_6403E78B,BNK_704B51D2,FEE_VARIANCE,EXCEPTION,1155668,1155568
CASE_04765,PAY_F29539CC,SET_4092E739,BNK_439CD282,TAX_VARIANCE,EXCEPTION,473066,473116
CASE_04766,PAY_A312504A,SET_E24C1D29,BNK_A1AD9652,FEE_VARIANCE,EXCEPTION,620210,620110
CASE_04767,PAY_BE5AB14D,SET_E93F1637,BNK_FE8B6D45,CLEAN,MATCHED,780339,780339
CASE_04768,PAY_B85EBF17,,,MISSING_SETTLEMENT,EXCEPTION,930705,930705
CASE_04769,PAY_0F4B7503,SET_BE2E36FA,BNK_7AC95CB0,FEE_VARIANCE,EXCEPTION,547468,547368
CASE_04770,PAY_E24DF26E,SET_5D27C713,BNK_A265A658,HIGH_VALUE_ANOMALY,REVIEW,14646000,14646000
CASE_04771,PAY_7947F99E,SET_E3E5F553,BNK_A80B0780,CLEAN,MATCHED,1602078,1602078
CASE_04772,PAY_4DED5B9F,SET_3C2B6525,BNK_DC4A93A9,CLEAN,MATCHED,75281,75281
CASE_04773,PAY_9794199B,SET_187C436B,BNK_65E8863D,FEE_VARIANCE,EXCEPTION,15330,15230
CASE_04774,PAY_2056EC6A,SET_7C6D9516,BNK_DFB8D0F0,OTHER,MATCHED,1524161,1524161
CASE_04775,PAY_658AE388,SET_B7A57636,BNK_909C6510,UNEXPLAINED_DELTA,EXCEPTION,1269711,1224711
CASE_04776,PAY_A2FFB332,SET_30EF7972,BNK_ABBFBD8C,TAX_VARIANCE,EXCEPTION,331000,331050
CASE_04777,,SET_A9C2E09F,BNK_2222342D,MISSING_PAYMENT,EXCEPTION,293604,293604
CASE_04778,PAY_AB960E5D,SET_7609834F,BNK_252DDC47,REFERENCE_TYPO,MATCHED,498453,498453
CASE_04779,PAY_5AAB3167,SET_9FEC06A9,BNK_36670B76,TIMING_DIFFERENCE,MATCHED,626459,626459
CASE_04780,PAY_28179BC5,SET_BDE88748,BNK_6A03151B,UNEXPLAINED_DELTA,EXCEPTION,1050314,1019114
CASE_04781,PAY_CAEC650B,SET_F5A7A57B,BNK_06C6D320,CLEAN,MATCHED,1034984,1034984
CASE_04782,PAY_CAEA4527,SET_DC029F57,BNK_C469C033,CLEAN,MATCHED,1309060,1309060
CASE_04783,PAY_7FCBCD0D,SET_203B6963,BNK_1F7B8537,FEE_VARIANCE,EXCEPTION,146558,146458
CASE_04784,PAY_7397EAEB,SET_206692B5,BNK_A1BF0766,CLEAN,MATCHED,935978,935978
CASE_04785,PAY_56A34697,SET_0796A03C,BNK_FDB1C4BD,CLEAN,MATCHED,754953,754953
CASE_04786,PAY_BA57A476,SET_7E9F3F7D,BNK_3FE813CB,CHARGEBACK,MATCHED,-39442,-39442
CASE_04787,PAY_967E3DCE,SET_6E96F669,BNK_4452828F,CLEAN,MATCHED,960485,960485
CASE_04788,PAY_CF3D4192,SET_1328EE8B,BNK_8027342B,OTHER,MATCHED,1093959,1093959
CASE_04789,PAY_B68ACABD,SET_B2AC84E4,BNK_75D5605F,ONE_TO_MANY,MATCHED,877003,877003
CASE_04790,PAY_9C1C9F14,SET_D20671ED,BNK_466D0530,CLEAN,MATCHED,1163186,1163186
CASE_04791,PAY_3F85795D,SET_422D0C47,BNK_E2620230,HIGH_VALUE_ANOMALY,REVIEW,14646000,14646000
CASE_04792,PAY_E8A757E5,SET_5FDD9065,BNK_38A8E58C,DUPLICATE,REVIEW,1307498,1307498
CASE_04793,PAY_1929BAEF,SET_CF9B64DF,BNK_EB65504C,CLEAN,MATCHED,504018,504018
CASE_04794,PAY_D3685997,SET_8191979B,BNK_1CC4325C,TAX_VARIANCE,EXCEPTION,488689,488739
CASE_04795,PAY_D0E97054,SET_53FE5284,BNK_EF80809A,CLEAN,MATCHED,1479637,1479637
CASE_04796,PAY_A1FA65FE,SET_55BC6A18,BNK_5966D886,CLEAN,MATCHED,1131160,1131160
CASE_04797,PAY_34F6157E,SET_897AAAA1,BNK_87B41EAC,CLEAN,MATCHED,278567,278567
CASE_04798,PAY_92936EBF,SET_87D787E5,BNK_DE422DDB,ONE_TO_MANY,MATCHED,55851,55851
CASE_04799,PAY_509E502B,SET_B72511FB,BNK_77D5BC3E,FEE_VARIANCE,EXCEPTION,1098743,1098643
CASE_04800,PAY_83797B15,SET_BBCA9EBB,BNK_7A55E763,OTHER,MATCHED,477460,477460
CASE_04801,PAY_CA9CBBC8,SET_95C911EA,BNK_916DCCD9,TAX_VARIANCE,EXCEPTION,1507074,1507124
CASE_04802,PAY_8AB286B3,SET_9FF74488,BNK_DAAF2250,OTHER,MATCHED,51554,51554
CASE_04803,PAY_99829804,SET_8531AE75,BNK_562AC1B1,CLEAN,MATCHED,371814,371814
CASE_04804,PAY_35F0072D,SET_0EFDBD2A,BNK_9AC811D9,REFUND,MATCHED,196039,196039
CASE_04805,PAY_B679C0EA,SET_BE89FB7C,BNK_374CF7AC,CLEAN,MATCHED,864993,864993
CASE_04806,PAY_08D3962A,SET_87F3FF9E,BNK_B2E6532C,FEE_VARIANCE,EXCEPTION,978451,978351
CASE_04807,PAY_45187B6B,SET_13D53865,BNK_E90EB123,REFERENCE_TYPO,MATCHED,1509515,1509515
CASE_04808,PAY_1C68BA08,SET_D9E1CB10,BNK_FF4CA321,CLEAN,MATCHED,420145,420145
CASE_04809,PAY_2F4B51FF,SET_4E1440D6,BNK_9EF8EC8B,CLEAN,MATCHED,501480,501480
CASE_04810,PAY_1C2F70B0,SET_79CFE445,BNK_0044D479,AMBIGUOUS,REVIEW,922601,922601
CASE_04811,PAY_A9A1E266,SET_C5781C09,BNK_76FD461C,CLEAN,MATCHED,1762305,1762305
CASE_04812,PAY_6ABBB7E6,SET_1E7DFE8A,BNK_E1FE4061,DUPLICATE,REVIEW,840388,840388
CASE_04813,PAY_E94E3DFC,SET_C932C590,BNK_68A4BB0E,CLEAN,MATCHED,402863,402863
CASE_04814,PAY_AEDCC030,SET_8E1B407E,BNK_BA74E33B,CLEAN,MATCHED,346037,346037
CASE_04815,PAY_5C05163E,SET_2397CA32,BNK_F6D5B13C,CLEAN,MATCHED,922991,922991
CASE_04816,PAY_A44B7E17,SET_73025DC9,BNK_9D2E9C04,ONE_TO_MANY,MATCHED,527256,527256
CASE_04817,PAY_85FDEFF5,SET_A73EC85E,BNK_B7B8E4EA,CLEAN,MATCHED,1791402,1791402
CASE_04818,PAY_7DDE5451,SET_58A1FFEC,BNK_B6AD961F,REFUND,MATCHED,94089,94089
CASE_04819,PAY_DB579A0D,SET_C8537BA5,BNK_A25CB22E,CLEAN,MATCHED,1007645,1007645
CASE_04820,PAY_AD253E7F,SET_FD7038A2,BNK_C185F1ED,TAX_VARIANCE,EXCEPTION,1824306,1824356
CASE_04821,PAY_43C41E85,SET_B9F60EA4,BNK_683D0C6A,CLEAN,MATCHED,93442,93442
CASE_04822,PAY_B2D512CD,SET_B4091464,BNK_ADCC2D5F,CLEAN,MATCHED,845953,845953
CASE_04823,PAY_E48F43D4,SET_79C5B70F,BNK_FB4363F0,ONE_TO_MANY,MATCHED,1308084,1308084
CASE_04824,PAY_3BD09A11,SET_315ADE7C,BNK_F574127F,CLEAN,MATCHED,1176367,1176367
CASE_04825,PAY_BC476CA5,SET_399F6D14,BNK_C87AEC0C,TAX_VARIANCE,EXCEPTION,144703,144753
CASE_04826,PAY_950BE63B,SET_E9D2A28E,BNK_1F8A094F,TIMING_DIFFERENCE,MATCHED,196745,196745
CASE_04827,PAY_4A4F7D31,SET_CA5CA76B,BNK_2007CAD4,TIMING_DIFFERENCE,MATCHED,1736430,1736430
CASE_04828,PAY_251A447A,SET_0A9429D7,BNK_530BF107,CLEAN,MATCHED,1629710,1629710
CASE_04829,PAY_FC485344,,,MISSING_SETTLEMENT,EXCEPTION,1671402,1671402
CASE_04830,PAY_28F52882,SET_08D680A7,BNK_1A0B7ABD,DUPLICATE,REVIEW,1695421,1695421
CASE_04831,PAY_9AF0AEBD,SET_2AED80A3,BNK_6454467D,REFERENCE_TYPO,MATCHED,371423,371423
CASE_04832,PAY_AD2C6E8F,SET_594B87E2,BNK_44107846,CLEAN,MATCHED,321041,321041
CASE_04833,PAY_26AD3170,SET_A10FDA89,BNK_F6127E96,CLEAN,MATCHED,604978,604978
CASE_04834,PAY_193BF9BD,SET_C396181D,BNK_5D716648,REFUND,MATCHED,438241,438241
CASE_04835,PAY_9CEFA4DA,SET_F6A1A28D,BNK_34AF7F43,CLEAN,MATCHED,1528457,1528457
CASE_04836,PAY_19F20156,SET_5E235E3B,BNK_8BF89E5E,REFUND,MATCHED,9147,9147
CASE_04837,PAY_7A2E5CD0,SET_E802E6C1,BNK_E7130F09,REFERENCE_TYPO,MATCHED,1686536,1686536
CASE_04838,PAY_B439A06A,SET_79EC0500,BNK_B3E292BA,REFUND,MATCHED,724510,724510
CASE_04839,,SET_4A8BD814,BNK_78A0E6CD,MISSING_PAYMENT,EXCEPTION,1868830,1868830
CASE_04840,PAY_4A9614CE,SET_85B284E3,BNK_38967E68,DUPLICATE,REVIEW,245760,245760
CASE_04841,PAY_D743F825,SET_6E851DB8,BNK_37B16AE7,CLEAN,MATCHED,715409,715409
CASE_04842,PAY_7327B966,SET_C4B63EAF,BNK_CD9F72C9,CLEAN,MATCHED,1577375,1577375
CASE_04843,PAY_2C5601FF,SET_75E73D3F,BNK_F0A02BA8,CLEAN,MATCHED,960485,960485
CASE_04844,PAY_954A86A1,SET_CEEE5643,BNK_35F70A92,CLEAN,MATCHED,1561850,1561850
CASE_04845,PAY_403A2F5A,SET_9DCDB3BA,BNK_9C1A8D5D,AMBIGUOUS,REVIEW,1774022,1774022
CASE_04846,PAY_C27321EF,SET_E4073512,BNK_ECD932C5,AMBIGUOUS,REVIEW,1637521,1637521
CASE_04847,PAY_0521DFBD,SET_169FE093,BNK_D10F48DB,CLEAN,MATCHED,362343,362343
CASE_04848,PAY_46D093A6,SET_D3130EA3,BNK_0B56EE18,TAX_VARIANCE,EXCEPTION,1581378,1581428
CASE_04849,PAY_A3B112E3,SET_50149EE1,BNK_8C088102,OTHER,MATCHED,1355537,1355537
CASE_04850,PAY_F7DE8C41,SET_04DD9927,BNK_B766C90C,CLEAN,MATCHED,1315602,1315602
CASE_04851,PAY_3AB5FAAE,SET_DB5768AB,BNK_21C33337,AMBIGUOUS,REVIEW,1638302,1638302
CASE_04852,PAY_C529B7F9,SET_3996FB80,BNK_C4FEF8F1,CHARGEBACK,MATCHED,-30687,-30687
CASE_04853,PAY_6C66E612,SET_C254A316,BNK_10F23F71,CLEAN,MATCHED,866263,866263
CASE_04854,PAY_48B9B00F,SET_65F124ED,BNK_6A0345F4,CLEAN,MATCHED,955310,955310
CASE_04855,PAY_8C27316B,SET_BA04A152,BNK_57B9C7A1,REFUND,MATCHED,111526,111526
CASE_04856,PAY_84A743F0,SET_FCEA6C2C,BNK_544E17DA,CLEAN,MATCHED,621089,621089
CASE_04857,PAY_4A517890,SET_BA906EAD,BNK_F2026C47,CLEAN,MATCHED,173604,173604
CASE_04858,PAY_9A316243,SET_6D74B8C5,BNK_A81972EB,OTHER,MATCHED,1078337,1078337
CASE_04859,PAY_F3BA1E87,SET_8DBB68B9,BNK_D0960581,CLEAN,MATCHED,797915,797915
CASE_04860,PAY_5CE33E1F,SET_D6311963,BNK_52B8723A,AMBIGUOUS,REVIEW,903952,903952
CASE_04861,PAY_EECF6E40,SET_3A7E4298,BNK_84455338,FEE_VARIANCE,EXCEPTION,1189158,1189058
CASE_04862,PAY_3BC3D4C7,,,MISSING_SETTLEMENT,EXCEPTION,585352,585352
CASE_04863,PAY_C8E8F8DC,SET_B14464EE,BNK_4E28E1E4,CLEAN,MATCHED,369666,369666
CASE_04864,PAY_FEC13B9A,SET_D463E834,BNK_7470B61D,UNEXPLAINED_DELTA,EXCEPTION,612594,607594
CASE_04865,PAY_09A810C8,SET_481D1BC8,BNK_F1C982CB,TIMING_DIFFERENCE,MATCHED,934903,934903
CASE_04866,PAY_291B274E,SET_28230D1B,BNK_D5F45ADA,REFERENCE_TYPO,MATCHED,1764746,1764746
CASE_04867,PAY_1A9C397C,SET_87419C02,BNK_7B998CCE,CLEAN,MATCHED,542098,542098
CASE_04868,PAY_887F8689,SET_D7678B04,BNK_465F022B,CLEAN,MATCHED,1739652,1739652
CASE_04869,PAY_B40B9C8B,SET_7D0C02FC,BNK_78261F67,CLEAN,MATCHED,1257408,1257408
CASE_04870,PAY_33EF9F71,SET_B4CBFF2E,BNK_E1146371,CLEAN,MATCHED,1733794,1733794
CASE_04871,PAY_6FBB2248,SET_49658B74,BNK_9FA45371,CLEAN,MATCHED,820762,820762
CASE_04872,PAY_1A70B26F,SET_888CD33E,BNK_A3DA6239,TIMING_DIFFERENCE,MATCHED,718729,718729
CASE_04873,PAY_A9BF214E,SET_594F0B73,BNK_8065E699,CHARGEBACK,MATCHED,-27996,-27996
CASE_04874,PAY_347F5803,SET_FDE59519,BNK_2E275E83,TAX_VARIANCE,EXCEPTION,940371,940421
CASE_04875,PAY_3313EE98,SET_98380AC4,BNK_019C8CFF,CHARGEBACK,MATCHED,-21537,-21537
CASE_04876,PAY_4B1EB49D,SET_2BC7BC41,BNK_B38F291A,CLEAN,MATCHED,578322,578322
CASE_04877,PAY_4E639777,SET_E3FDECC1,BNK_AAD34F5F,CLEAN,MATCHED,45794,45794
CASE_04878,PAY_D51A38BE,SET_F8096AAA,BNK_034585B4,CLEAN,MATCHED,78405,78405
CASE_04879,PAY_4DE1679A,SET_5E638A04,BNK_A2248C44,TAX_VARIANCE,EXCEPTION,639542,639592
CASE_04880,PAY_EC518FDE,SET_E0D49717,BNK_908E6452,ONE_TO_MANY,MATCHED,1383071,1383071
CASE_04881,PAY_3BCC6409,SET_3CBFF6EC,BNK_BFE2EC41,DUPLICATE,REVIEW,864505,864505
CASE_04882,PAY_14853E2C,SET_16582F4E,BNK_B94F10DB,CHARGEBACK,MATCHED,-9454,-9454
CASE_04883,PAY_4C7EA944,SET_1B49DE17,BNK_6CF93299,CLEAN,MATCHED,1017800,1017800
CASE_04884,PAY_42FF1197,SET_CBC3C78D,BNK_B6FF3E91,CLEAN,MATCHED,326216,326216
CASE_04885,PAY_FA576976,SET_E07DFCE6,BNK_7C525692,CLEAN,MATCHED,306004,306004
CASE_04886,PAY_1C0EE026,SET_9CFBDB87,BNK_1FB788AF,CLEAN,MATCHED,1603542,1603542
CASE_04887,PAY_2742A3EA,SET_B1E6BCBC,BNK_B6F7B00D,REFERENCE_TYPO,MATCHED,1899880,1899880
CASE_04888,PAY_E0F926BD,SET_74444317,BNK_5B6BE87F,CHARGEBACK,MATCHED,-13492,-13492
CASE_04889,PAY_2433C516,SET_EB38DD79,BNK_61C8F0CE,CLEAN,MATCHED,557915,557915
CASE_04890,PAY_91B9B881,SET_4FDC0B7A,BNK_D4FD694A,CHARGEBACK,MATCHED,-3844,-3844
CASE_04891,PAY_FFF3A4E2,SET_6379E775,BNK_2D28D6B3,DUPLICATE,REVIEW,1576789,1576789
CASE_04892,PAY_807DAC0F,SET_1789CDAD,BNK_6804AE26,REFERENCE_TYPO,MATCHED,1442436,1442436
CASE_04893,PAY_2F2CEDF1,SET_7A7B573F,BNK_21AFBA8D,ONE_TO_MANY,MATCHED,1358661,1358661
CASE_04894,PAY_9E65A95D,SET_4AB0AE7F,BNK_762403E9,AMBIGUOUS,REVIEW,520226,520226
CASE_04895,PAY_B383F0E7,SET_EED7EE5F,BNK_C5F8A16F,CLEAN,MATCHED,1125594,1125594
CASE_04896,PAY_A68EF6F0,SET_65631AAD,BNK_E7016DDF,CLEAN,MATCHED,1852915,1852915
CASE_04897,PAY_7320C2E2,SET_BA9E5810,BNK_1328C630,CLEAN,MATCHED,431765,431765
CASE_04898,PAY_BBECF3B8,SET_E35DC707,BNK_EC027B21,HIGH_VALUE_ANOMALY,REVIEW,29292000,29292000
CASE_04899,PAY_FC802C63,SET_187F5239,BNK_CE4B5EAE,UNEXPLAINED_DELTA,EXCEPTION,44036,4936
CASE_04900,PAY_3AFE5F9B,SET_DCB4C704,BNK_2BFBECF3,DUPLICATE,REVIEW,520226,520226
CASE_04901,PAY_94FACBBE,SET_5D98E092,BNK_E402D27E,CLEAN,MATCHED,1123739,1123739
CASE_04902,PAY_1DA8689C,SET_4BFF1296,BNK_0F250BF6,CLEAN,MATCHED,995343,995343
CASE_04903,PAY_C2547EBB,SET_2F4A2503,BNK_4F949989,AMBIGUOUS,REVIEW,1235830,1235830
CASE_04904,PAY_AB651744,SET_175908F7,BNK_D1EE5C4E,ONE_TO_MANY,MATCHED,709257,709257
CASE_04905,PAY_3ACFA6A3,SET_A9200138,BNK_1FCE01ED,CLEAN,MATCHED,1777927,1777927
CASE_04906,PAY_0A13123E,SET_6B2AA2A6,BNK_B551A9E3,TIMING_DIFFERENCE,MATCHED,1172559,1172559
CASE_04907,PAY_44B3E646,SET_7EE1CB11,BNK_B56C7678,AMBIGUOUS,REVIEW,454808,454808
CASE_04908,PAY_6317FC3B,SET_6997D4B3,BNK_9BADED3F,UNEXPLAINED_DELTA,EXCEPTION,1537440,1519340
CASE_04909,PAY_62E9E4D3,SET_D50320B8,BNK_09F5C407,REFUND,MATCHED,175077,175077
CASE_04910,PAY_FC9C9113,SET_99A55909,BNK_053DE4DE,CHARGEBACK,MATCHED,-9829,-9829
CASE_04911,PAY_016BF85C,SET_C5C48AA4,BNK_A4D48070,REFUND,MATCHED,509796,509796
CASE_04912,PAY_A30A1335,SET_28A3957A,BNK_504CAF51,CLEAN,MATCHED,1013601,1013601
CASE_04913,PAY_AF9A8559,SET_8517547A,BNK_FECB499D,UNEXPLAINED_DELTA,EXCEPTION,813439,769139
CASE_04914,,SET_4351189F,BNK_D63CBA12,MISSING_PAYMENT,EXCEPTION,853862,853862
CASE_04915,PAY_D23BF9C1,SET_6C60E261,BNK_FCE11FE4,CLEAN,MATCHED,983723,983723
CASE_04916,PAY_9AEF9831,SET_6A094B82,BNK_5CFEAA36,CLEAN,MATCHED,1106945,1106945
CASE_04917,PAY_2F6C8B4F,SET_D853E12B,BNK_056B77A4,CLEAN,MATCHED,827304,827304
CASE_04918,PAY_A90C133C,SET_947C7999,BNK_3DBC0183,ONE_TO_MANY,MATCHED,15037,15037
CASE_04919,PAY_927E37C3,SET_7AC7D1E3,BNK_B0297215,FEE_VARIANCE,EXCEPTION,473359,473259
CASE_04920,PAY_BCFB322B,SET_4A9164E0,BNK_6BFA5993,REFERENCE_TYPO,MATCHED,982064,982064
CASE_04921,PAY_55C86D2B,SET_B95F1964,BNK_30C6C170,CLEAN,MATCHED,1608131,1608131
CASE_04922,PAY_76DA9F95,SET_1B88CF6E,BNK_F2523F1E,CHARGEBACK,MATCHED,-42876,-42876
CASE_04923,PAY_74F487D3,SET_ED7214A9,BNK_6D835C96,TIMING_DIFFERENCE,MATCHED,1063984,1063984
CASE_04924,PAY_CF92986B,SET_30271EE4,BNK_A35E569E,CLEAN,MATCHED,1746780,1746780
CASE_04925,PAY_65B320D0,SET_FE9C6A4D,BNK_05371E25,CLEAN,MATCHED,1655975,1655975
CASE_04926,PAY_99226F64,SET_4962BD34,BNK_88F9AD80,DUPLICATE,REVIEW,458127,458127
CASE_04927,PAY_5FE0EC43,SET_510766BB,BNK_80FE6792,CHARGEBACK,MATCHED,-15609,-15609
CASE_04928,PAY_CCCBA1BB,SET_4B6ABCDE,BNK_794E24B2,REFUND,MATCHED,121625,121625
CASE_04929,PAY_FAEE6B37,SET_5BA372FA,BNK_EBFED816,REFERENCE_TYPO,MATCHED,1605397,1605397
CASE_04930,PAY_53EC9808,SET_5CF41351,BNK_0742DEFA,OTHER,MATCHED,1113487,1113487
CASE_04931,PAY_785EA3C8,SET_888FA434,BNK_D7FDF87D,CLEAN,MATCHED,301513,301513
CASE_04932,PAY_6622FA83,SET_FA19C7BC,BNK_9B7C430B,OTHER,MATCHED,1742191,1742191
CASE_04933,PAY_E9E4282B,SET_A654F2D0,BNK_CFEA440C,ONE_TO_MANY,MATCHED,215199,215199
CASE_04934,PAY_68AEAC73,SET_CC6A559A,BNK_57A9C4A7,TAX_VARIANCE,EXCEPTION,1555015,1555065
CASE_04935,PAY_553248A6,SET_E2D08D3C,BNK_AEA6C235,FEE_VARIANCE,EXCEPTION,1154593,1154493
CASE_04936,PAY_8BD2640A,SET_9ED4E908,BNK_9309058D,CLEAN,MATCHED,1106457,1106457
CASE_04937,PAY_E037A65A,SET_59867AB6,BNK_2A897CA9,REFUND,MATCHED,699594,699594
CASE_04938,PAY_658AA123,SET_08BA91A2,BNK_B9215980,CLEAN,MATCHED,901120,901120
CASE_04939,PAY_04CDEBDF,SET_C71A69F1,BNK_A53392F1,CLEAN,MATCHED,1250671,1250671
CASE_04940,PAY_282AF896,SET_ABC1D30A,BNK_3DF6BE56,CLEAN,MATCHED,1251257,1251257
CASE_04941,PAY_FCDE7890,,,MISSING_SETTLEMENT,EXCEPTION,545125,545125
CASE_04942,PAY_22416207,SET_F8F86929,BNK_302B54D4,CLEAN,MATCHED,31343,31343
CASE_04943,PAY_84C79B00,SET_150A277A,BNK_8A2070FE,TAX_VARIANCE,EXCEPTION,939493,939543
CASE_04944,PAY_3104EA16,SET_7E5C8D1F,BNK_C875EE6F,CLEAN,MATCHED,1849888,1849888
CASE_04945,PAY_E7605202,SET_F0197E10,BNK_B88DDA48,AMBIGUOUS,REVIEW,272318,272318
CASE_04946,PAY_64716BFC,SET_A0F22440,BNK_9A0C034D,FEE_VARIANCE,EXCEPTION,323384,323284
CASE_04947,PAY_6FBCF300,SET_791C845D,BNK_BC48AF27,TAX_VARIANCE,EXCEPTION,58389,58439
CASE_04948,PAY_9A7A0DE3,SET_808F0831,BNK_FC175E1F,OTHER,MATCHED,695588,695588
CASE_04949,PAY_CCFC120F,SET_376EAB4F,BNK_0F510D28,TAX_VARIANCE,EXCEPTION,601268,601318
CASE_04950,PAY_A46537A5,SET_F7717032,BNK_34595701,OTHER,MATCHED,1230948,1230948
CASE_04951,PAY_2D382E16,SET_FA66000D,BNK_8BB3DD1C,FEE_VARIANCE,EXCEPTION,1273519,1273419
CASE_04952,PAY_2265DAC7,SET_EB371D7F,BNK_32664B96,CLEAN,MATCHED,1155472,1155472
CASE_04953,PAY_E9CC8C0B,SET_1C0212F5,BNK_20A3D168,CLEAN,MATCHED,1443315,1443315
CASE_04954,PAY_810D98CD,SET_57A42F78,BNK_62E3B647,REFERENCE_TYPO,MATCHED,744408,744408
CASE_04955,PAY_369A3C64,SET_BDC995FC,BNK_E1B98FF9,ONE_TO_MANY,MATCHED,1317457,1317457
CASE_04956,PAY_47E45AD9,SET_5551DEB1,BNK_3557D4EC,REFUND,MATCHED,129200,129200
CASE_04957,PAY_C5135048,SET_2B160833,BNK_97D8BF22,REFERENCE_TYPO,MATCHED,1648652,1648652
CASE_04958,PAY_380DCDAC,SET_D4EBD504,BNK_36D28E88,AMBIGUOUS,REVIEW,1813078,1813078
CASE_04959,PAY_4DF1EDFD,SET_EA070D7D,BNK_1079E8E8,TAX_VARIANCE,EXCEPTION,1752248,1752298
CASE_04960,PAY_56EFA07F,SET_0CED6D50,BNK_44A82CC6,REFUND,MATCHED,222146,222146
CASE_04961,PAY_BEEF15AC,SET_3D530C56,BNK_819F4036,REFUND,MATCHED,362446,362446
CASE_04962,PAY_D2903813,SET_DF190262,BNK_592A4DD4,CLEAN,MATCHED,372497,372497
CASE_04963,PAY_E8563E59,SET_CF328D56,BNK_B933A950,TAX_VARIANCE,EXCEPTION,1650605,1650655
CASE_04964,PAY_21D0F6B7,SET_8D0B7184,BNK_A20FE6D0,CLEAN,MATCHED,1316969,1316969
CASE_04965,PAY_8F46260A,SET_791982FC,BNK_6903BE82,TAX_VARIANCE,EXCEPTION,368299,368349
CASE_04966,PAY_A060269D,SET_09F8ED6E,BNK_48EC6059,FEE_VARIANCE,EXCEPTION,112384,112284
CASE_04967,PAY_9B3EA793,SET_A59B2F46,BNK_3DD45BD3,CLEAN,MATCHED,720486,720486
CASE_04968,PAY_6DEC8B14,SET_6BA4ABAA,BNK_D5C2C4B2,CLEAN,MATCHED,1767870,1767870
CASE_04969,PAY_C8F85B8C,SET_78BE611B,BNK_B4E2F596,ONE_TO_MANY,MATCHED,1731353,1731353
CASE_04970,PAY_C212BD08,SET_1962E870,BNK_D0AF9902,ONE_TO_MANY,MATCHED,612691,612691
CASE_04971,PAY_515C5AAD,SET_A6BD2756,BNK_0C96295C,CLEAN,MATCHED,1148442,1148442
CASE_04972,PAY_1B2BDCEC,SET_2EA66A28,BNK_0D04F144,CLEAN,MATCHED,866360,866360
CASE_04973,PAY_1805F980,SET_F5135F8B,BNK_9D51AF27,CLEAN,MATCHED,783073,783073
CASE_04974,PAY_F987A0D5,SET_6D04201E,BNK_58A2249F,CLEAN,MATCHED,1707431,1707431
CASE_04975,PAY_520377A5,SET_8E4D3850,BNK_655A7BD5,TIMING_DIFFERENCE,MATCHED,49602,49602
CASE_04976,PAY_1FE893F3,SET_D7E6EE2B,BNK_2461CC13,ONE_TO_MANY,MATCHED,929533,929533
CASE_04977,,SET_3B08C4B5,BNK_2E4F9EA6,MISSING_PAYMENT,EXCEPTION,396614,396614
CASE_04978,PAY_863F22B9,SET_17BAA5D8,BNK_FDE3781F,CLEAN,MATCHED,1846666,1846666
CASE_04979,PAY_87DC09BB,SET_9BD6F290,BNK_64259553,REFUND,MATCHED,114908,114908
CASE_04980,PAY_C23CFBE7,SET_3EEFDB13,BNK_CB25FDB5,CLEAN,MATCHED,78991,78991
CASE_04981,PAY_C352D83C,SET_1609B223,BNK_351F5F4A,REFUND,MATCHED,771816,771816
CASE_04982,PAY_AE02543C,SET_CA210679,BNK_CF6CF42F,CLEAN,MATCHED,1374772,1374772
CASE_04983,PAY_8D2650E0,SET_6D258BBB,BNK_D7B46452,UNEXPLAINED_DELTA,EXCEPTION,89927,59227
CASE_04984,PAY_AE62DDBE,SET_8F610270,BNK_0AF46035,CLEAN,MATCHED,1107433,1107433
CASE_04985,PAY_3783FB29,SET_9E93BB69,BNK_F6C5E543,DUPLICATE,REVIEW,935099,935099
CASE_04986,PAY_D9714C34,SET_590DC085,BNK_858819A6,FEE_VARIANCE,EXCEPTION,659852,659752
CASE_04987,PAY_2036B82C,SET_19DE22E1,BNK_E6EA259A,ONE_TO_MANY,MATCHED,1039378,1039378
CASE_04988,PAY_AECDF36C,SET_0786A669,BNK_6DA0FE63,DUPLICATE,REVIEW,759347,759347
CASE_04989,PAY_237E62CD,SET_9A8E45FB,BNK_56930AE4,CHARGEBACK,MATCHED,-22644,-22644
CASE_04990,PAY_1B6E86DF,SET_2045FD65,BNK_D77BE2D0,TIMING_DIFFERENCE,MATCHED,1726764,1726764
CASE_04991,PAY_C91B07C7,SET_F7D9B3AF,BNK_A8E8BC74,CLEAN,MATCHED,1781735,1781735
CASE_04992,PAY_0159B75D,SET_B50AE7BE,BNK_B1CB30B3,HIGH_VALUE_ANOMALY,REVIEW,14646000,14646000
CASE_04993,PAY_7465E475,SET_75A7FF0F,BNK_5A0B10DA,DUPLICATE,REVIEW,218909,218909
CASE_04994,PAY_986BA6AB,SET_36273231,BNK_BC10DDC6,CHARGEBACK,MATCHED,-11370,-11370
CASE_04995,PAY_1DC790DA,SET_22879AD6,BNK_0B32E309,TIMING_DIFFERENCE,MATCHED,376403,376403
CASE_04996,PAY_872C997F,SET_8AA194B1,BNK_57E7AB0F,DUPLICATE,REVIEW,622065,622065
CASE_04997,PAY_E1A2D17F,SET_98713E9E,BNK_F6B26FBE,OTHER,MATCHED,669713,669713
CASE_04998,PAY_85CD8517,SET_D3FDFE05,BNK_B8802E3E,CLEAN,MATCHED,1647578,1647578
CASE_04999,PAY_1E6CE09C,SET_581F0900,BNK_9D3DD5DE,DUPLICATE,REVIEW,1130281,1130281
