ledger_id,payment_id,account,amount,type,created_at
LDG_0DBF9CE2,PAY_26840E16,ACCOUNTS_RECEIVABLE,1196400,CREDIT,2026-08-24T15:07:46Z
LDG_9E2E876C,PAY_7C23BCB7,ACCOUNTS_RECEIVABLE,1774300,CREDIT,2026-07-02T14:59:06Z
LDG_1C0DE7EF,PAY_9A75B68F,ACCOUNTS_RECEIVABLE,1476600,CREDIT,2026-08-15T21:35:28Z
LDG_9A04B44A,PAY_9377FA4D,ACCOUNTS_RECEIVABLE,1498700,CREDIT,2026-08-23T02:04:07Z
LDG_AEB573A3,PAY_914D6552,ACCOUNTS_RECEIVABLE,1913600,CREDIT,2026-08-21T02:54:49Z
LDG_DC03876C,PAY_40CFB7F8,ACCOUNTS_RECEIVABLE,222500,CREDIT,2026-07-19T23:42:24Z
LDG_8576A266,PAY_B2424129,ACCOUNTS_RECEIVABLE,1134300,CREDIT,2026-08-06T16:35:08Z
LDG_2770803A,PAY_AABCA194,ACCOUNTS_RECEIVABLE,1963000,CREDIT,2026-07-22T20:40:31Z
LDG_81F31B71,PAY_09DBAE7D,ACCOUNTS_RECEIVABLE,1030500,CREDIT,2026-07-31T16:11:38Z
LDG_46ECF7C9,PAY_D96A64EF,ACCOUNTS_RECEIVABLE,340400,CREDIT,2026-08-30T18:06:41Z
LDG_824D958F,PAY_A5CDF18C,ACCOUNTS_RECEIVABLE,586100,CREDIT,2026-08-25T20:28:33Z
LDG_F1513E9B,PAY_02968BB7,ACCOUNTS_RECEIVABLE,684200,CREDIT,2026-07-29T20:46:32Z
LDG_C80CEA23,PAY_81DD87C6,ACCOUNTS_RECEIVABLE,702300,CREDIT,2026-07-04T15:14:17Z
LDG_93DDF5BE,PAY_8BD58030,ACCOUNTS_RECEIVABLE,190300,CREDIT,2026-08-29T03:54:17Z
LDG_C899BE69,PAY_0DF54C97,ACCOUNTS_RECEIVABLE,1885100,CREDIT,2026-08-25T05:13:19Z
LDG_E3CA8578,PAY_80917E9F,ACCOUNTS_RECEIVABLE,1892400,CREDIT,2026-08-18T13:51:50Z
LDG_7F4842BC,PAY_93988520,ACCOUNTS_RECEIVABLE,1356100,CREDIT,2026-08-12T01:39:47Z
LDG_14D3CB5E,PAY_DAB257AC,ACCOUNTS_RECEIVABLE,733400,CREDIT,2026-07-01T04:10:52Z
LDG_85B58878,PAY_278E6FA2,ACCOUNTS_RECEIVABLE,235700,CREDIT,2026-08-29T06:38:24Z
LDG_9ABB8486,PAY_7F766190,ACCOUNTS_RECEIVABLE,1212300,CREDIT,2026-08-19T01:48:07Z
LDG_144AC733,PAY_316A163F,ACCOUNTS_RECEIVABLE,1035600,CREDIT,2026-07-23T16:02:39Z
LDG_29C96CFE,PAY_BBBFD806,ACCOUNTS_RECEIVABLE,725900,CREDIT,2026-07-01T01:40:33Z
LDG_358675FF,PAY_18969029,ACCOUNTS_RECEIVABLE,1738500,CREDIT,2026-08-08T10:42:59Z
LDG_C80493BD,PAY_EF312A92,ACCOUNTS_RECEIVABLE,40300,CREDIT,2026-07-23T18:18:19Z
LDG_F8770C50,PAY_0B8F7C12,ACCOUNTS_RECEIVABLE,1672200,CREDIT,2026-08-24T07:48:16Z
LDG_5559C783,PAY_3E2E8B42,ACCOUNTS_RECEIVABLE,124400,CREDIT,2026-08-18T03:54:07Z
LDG_1D8C395A,PAY_BBB2AF68,ACCOUNTS_RECEIVABLE,279300,CREDIT,2026-07-13T01:51:55Z
LDG_A31BB402,PAY_D3574B18,ACCOUNTS_RECEIVABLE,835400,CREDIT,2026-08-27T08:09:45Z
LDG_9CC23162,PAY_710195DC,ACCOUNTS_RECEIVABLE,1670600,CREDIT,2026-07-19T19:00:17Z
LDG_4E23F266,PAY_DBE27323,ACCOUNTS_RECEIVABLE,1734300,CREDIT,2026-08-25T23:49:50Z
LDG_4DD4C402,PAY_AAF16CA9,ACCOUNTS_RECEIVABLE,1572900,CREDIT,2026-08-17T20:47:57Z
LDG_E844E819,PAY_1C168E6E,ACCOUNTS_RECEIVABLE,427800,CREDIT,2026-08-13T18:18:58Z
LDG_F46D8A08,PAY_47F179EA,ACCOUNTS_RECEIVABLE,1550000,CREDIT,2026-07-31T07:16:08Z
LDG_61437E25,PAY_5895706C,ACCOUNTS_RECEIVABLE,427800,CREDIT,2026-07-02T06:46:58Z
LDG_DE85EF08,PAY_ACCB35E2,ACCOUNTS_RECEIVABLE,916700,CREDIT,2026-07-25T18:50:22Z
LDG_54E02A0B,PAY_4FCC85D7,ACCOUNTS_RECEIVABLE,255100,CREDIT,2026-07-17T22:46:41Z
LDG_BE3F2229,PAY_F505E5F0,ACCOUNTS_RECEIVABLE,1964100,CREDIT,2026-08-25T11:58:14Z
LDG_E6A618A3,PAY_861DCD6D,ACCOUNTS_RECEIVABLE,295000,CREDIT,2026-08-07T12:57:12Z
LDG_41901C80,PAY_DF6807FB,ACCOUNTS_RECEIVABLE,30000000,CREDIT,2026-08-01T22:27:59Z
LDG_00856A6C,PAY_7E36025E,ACCOUNTS_RECEIVABLE,1233200,CREDIT,2026-07-23T06:45:10Z
LDG_9CD958BE,PAY_BA1BA703,ACCOUNTS_RECEIVABLE,1626300,CREDIT,2026-08-05T14:22:47Z
LDG_D6163775,PAY_9A231A75,ACCOUNTS_RECEIVABLE,1970500,CREDIT,2026-07-01T13:07:11Z
LDG_70D2A41E,PAY_A011A2C9,ACCOUNTS_RECEIVABLE,1344700,CREDIT,2026-07-16T16:01:42Z
LDG_0F75C0BD,PAY_A42FAC93,ACCOUNTS_RECEIVABLE,473100,CREDIT,2026-07-24T08:33:28Z
LDG_0F435CEA,PAY_0862452D,ACCOUNTS_RECEIVABLE,1538200,CREDIT,2026-08-14T11:48:27Z
LDG_6D7BF2B1,PAY_7E1C7BA9,ACCOUNTS_RECEIVABLE,1310000,CREDIT,2026-08-07T20:05:07Z
LDG_482E5DD6,PAY_4FE294B1,ACCOUNTS_RECEIVABLE,1349500,CREDIT,2026-08-20T00:21:14Z
LDG_0F99D78B,PAY_F0CB3755,ACCOUNTS_RECEIVABLE,1393900,CREDIT,2026-07-02T06:44:48Z
LDG_1968530D,PAY_B4C92F87,ACCOUNTS_RECEIVABLE,571600,CREDIT,2026-08-18T06:37:15Z
LDG_4ED8E3C5,PAY_5E4878A0,ACCOUNTS_RECEIVABLE,162900,CREDIT,2026-08-24T15:38:44Z
LDG_53410B2C,PAY_4506B986,ACCOUNTS_RECEIVABLE,60000000,CREDIT,2026-08-29T21:08:15Z
LDG_7AA15F3A,PAY_A7604DAF,ACCOUNTS_RECEIVABLE,730900,CREDIT,2026-08-18T18:19:29Z
LDG_9F47C4ED,PAY_2A2251B7,ACCOUNTS_RECEIVABLE,1356200,CREDIT,2026-09-01T06:26:54Z
LDG_FB8DE288,PAY_0E8DE81E,ACCOUNTS_RECEIVABLE,689900,CREDIT,2026-08-19T03:56:27Z
LDG_CCE60475,PAY_A96FFECE,ACCOUNTS_RECEIVABLE,1526600,CREDIT,2026-08-14T07:29:28Z
LDG_D5B0CD45,PAY_D25D667E,ACCOUNTS_RECEIVABLE,991700,CREDIT,2026-08-11T17:08:23Z
LDG_E5B51AFD,PAY_168FE321,ACCOUNTS_RECEIVABLE,220500,CREDIT,2026-07-05T10:53:57Z
LDG_69F0961B,PAY_70C3377E,ACCOUNTS_RECEIVABLE,380800,CREDIT,2026-07-25T14:26:28Z
LDG_1305B843,PAY_7B539325,ACCOUNTS_RECEIVABLE,1949500,CREDIT,2026-07-24T04:45:47Z
LDG_C155839D,PAY_AE36AB42,ACCOUNTS_RECEIVABLE,1770100,CREDIT,2026-07-01T17:23:51Z
LDG_59BFCB09,PAY_0671F73B,ACCOUNTS_RECEIVABLE,833700,CREDIT,2026-08-11T06:59:03Z
LDG_1E39CA66,PAY_9301ECB7,ACCOUNTS_RECEIVABLE,295400,CREDIT,2026-08-21T03:42:42Z
LDG_D6D7C830,PAY_DC40D990,ACCOUNTS_RECEIVABLE,530100,CREDIT,2026-07-25T14:09:01Z
LDG_F9257C49,PAY_EF9B86B4,ACCOUNTS_RECEIVABLE,729100,CREDIT,2026-08-27T02:05:56Z
LDG_4A90015A,PAY_E4020035,ACCOUNTS_RECEIVABLE,532100,CREDIT,2026-07-22T11:06:19Z
LDG_F0EDE4C2,PAY_E7E3A1F8,ACCOUNTS_RECEIVABLE,1197900,CREDIT,2026-08-04T21:51:01Z
LDG_259C4F31,PAY_FAA4CC3D,ACCOUNTS_RECEIVABLE,627800,CREDIT,2026-07-27T23:12:23Z
LDG_CBC11ABB,PAY_90258050,ACCOUNTS_RECEIVABLE,892200,CREDIT,2026-07-10T10:31:22Z
LDG_5D17516D,PAY_A1F277D7,ACCOUNTS_RECEIVABLE,1066700,CREDIT,2026-08-13T15:51:11Z
LDG_B6F33A6B,PAY_980F64FB,ACCOUNTS_RECEIVABLE,125800,CREDIT,2026-07-19T12:22:00Z
LDG_96A6ADEA,PAY_F1BF39C8,ACCOUNTS_RECEIVABLE,1874400,CREDIT,2026-07-23T10:48:02Z
LDG_223D4C47,PAY_568504D8,ACCOUNTS_RECEIVABLE,1570900,CREDIT,2026-08-19T02:05:02Z
LDG_CB56218A,PAY_8AC1FD38,ACCOUNTS_RECEIVABLE,1766500,CREDIT,2026-07-15T23:12:23Z
LDG_CD8A314E,PAY_731678BD,ACCOUNTS_RECEIVABLE,504900,CREDIT,2026-07-27T20:36:00Z
LDG_2B825F63,PAY_5E3CFA6F,ACCOUNTS_RECEIVABLE,677800,CREDIT,2026-08-10T00:19:37Z
LDG_145D2BDF,PAY_1569D87F,ACCOUNTS_RECEIVABLE,1005000,CREDIT,2026-07-29T23:22:58Z
LDG_B5659795,PAY_605A00C3,ACCOUNTS_RECEIVABLE,1628300,CREDIT,2026-08-06T09:12:01Z
LDG_8FB96822,PAY_F72B7D5A,ACCOUNTS_RECEIVABLE,285600,CREDIT,2026-08-22T09:39:06Z
LDG_77EC62A9,PAY_7F4F31C2,ACCOUNTS_RECEIVABLE,1391500,CREDIT,2026-07-03T09:53:12Z
LDG_FE523977,PAY_65BA6516,ACCOUNTS_RECEIVABLE,1008600,CREDIT,2026-08-16T16:55:19Z
LDG_89E3EEA1,PAY_9E605AF2,ACCOUNTS_RECEIVABLE,1560100,CREDIT,2026-07-10T08:37:05Z
LDG_2F65DEED,PAY_83AE05A6,ACCOUNTS_RECEIVABLE,1303800,CREDIT,2026-07-19T08:33:12Z
LDG_5744EE8A,PAY_9F3E21A0,ACCOUNTS_RECEIVABLE,1266100,CREDIT,2026-08-05T06:47:01Z
LDG_519EE82D,PAY_B0FC3627,ACCOUNTS_RECEIVABLE,30000000,CREDIT,2026-07-23T15:10:12Z
LDG_76718755,PAY_59F239EC,ACCOUNTS_RECEIVABLE,284900,CREDIT,2026-08-21T13:02:05Z
LDG_6BFC9E54,PAY_8C1FC9B5,ACCOUNTS_RECEIVABLE,781800,CREDIT,2026-08-11T15:33:52Z
LDG_B78DC31E,PAY_AB74B137,ACCOUNTS_RECEIVABLE,1773700,CREDIT,2026-07-31T14:26:05Z
LDG_3479A264,PAY_CFA71C92,ACCOUNTS_RECEIVABLE,425500,CREDIT,2026-07-01T09:21:07Z
LDG_8B3E169B,PAY_512DAAF5,ACCOUNTS_RECEIVABLE,269000,CREDIT,2026-07-21T22:13:48Z
LDG_0F492A9B,PAY_951B552C,ACCOUNTS_RECEIVABLE,1060900,CREDIT,2026-08-13T13:37:41Z
LDG_97BAF822,PAY_7DB0D480,ACCOUNTS_RECEIVABLE,480700,CREDIT,2026-08-25T21:35:59Z
LDG_954B295D,PAY_EE07161D,ACCOUNTS_RECEIVABLE,1186900,CREDIT,2026-09-01T17:30:23Z
LDG_6768B708,PAY_845F2801,ACCOUNTS_RECEIVABLE,1077700,CREDIT,2026-07-11T02:02:30Z
LDG_5D47E88B,PAY_E87E251A,ACCOUNTS_RECEIVABLE,1957600,CREDIT,2026-08-05T11:20:29Z
LDG_71DC4F8A,PAY_D3E8D5FF,ACCOUNTS_RECEIVABLE,1215800,CREDIT,2026-07-12T15:33:51Z
LDG_C9FC6DF9,PAY_47BCC5A6,ACCOUNTS_RECEIVABLE,111100,CREDIT,2026-07-23T08:22:16Z
LDG_4E3070BD,PAY_B3B240DF,ACCOUNTS_RECEIVABLE,306900,CREDIT,2026-07-22T00:52:01Z
LDG_D7954920,PAY_012B2F21,ACCOUNTS_RECEIVABLE,1025300,CREDIT,2026-07-27T18:04:07Z
LDG_DE04629B,PAY_F6AAA636,ACCOUNTS_RECEIVABLE,1833900,CREDIT,2026-08-03T06:37:27Z
LDG_FFDCA4AD,PAY_FEB4C78A,ACCOUNTS_RECEIVABLE,512500,CREDIT,2026-08-29T01:37:48Z
LDG_BD13B273,PAY_93BAF51E,ACCOUNTS_RECEIVABLE,1649400,CREDIT,2026-08-25T14:05:17Z
LDG_73B3E522,PAY_47DAA882,ACCOUNTS_RECEIVABLE,975700,CREDIT,2026-08-27T17:16:32Z
LDG_A7997D2E,PAY_AA4E8624,ACCOUNTS_RECEIVABLE,128000,CREDIT,2026-08-11T04:42:38Z
LDG_9EE58DAA,PAY_F4EB2343,ACCOUNTS_RECEIVABLE,279800,CREDIT,2026-08-09T01:15:04Z
LDG_735D940D,PAY_9669422E,ACCOUNTS_RECEIVABLE,1592300,CREDIT,2026-08-14T00:43:07Z
LDG_86178FD2,PAY_ABE8395E,ACCOUNTS_RECEIVABLE,1934100,CREDIT,2026-07-05T07:12:01Z
LDG_E152B547,PAY_571C10BC,ACCOUNTS_RECEIVABLE,289400,CREDIT,2026-07-21T18:05:50Z
LDG_00C11D1D,PAY_91866A5A,ACCOUNTS_RECEIVABLE,1851000,CREDIT,2026-07-13T08:14:50Z
LDG_240385CF,PAY_6DE44FA2,ACCOUNTS_RECEIVABLE,955700,CREDIT,2026-07-16T18:19:40Z
LDG_7608D231,PAY_5EA12F5E,ACCOUNTS_RECEIVABLE,361300,CREDIT,2026-07-18T11:34:01Z
LDG_06D46FFB,PAY_C2162F85,ACCOUNTS_RECEIVABLE,673600,CREDIT,2026-08-09T01:51:24Z
LDG_22577051,PAY_F2C0B71B,ACCOUNTS_RECEIVABLE,42800,CREDIT,2026-08-20T05:08:42Z
LDG_C7EAFAC4,PAY_B5CBFD8D,ACCOUNTS_RECEIVABLE,1358400,CREDIT,2026-07-11T15:12:07Z
LDG_AA0B0174,PAY_005F1AB3,ACCOUNTS_RECEIVABLE,1065000,CREDIT,2026-09-01T17:31:21Z
LDG_91090760,PAY_7028FAC1,ACCOUNTS_RECEIVABLE,975100,CREDIT,2026-07-26T11:15:41Z
LDG_9034A0C7,PAY_210A3291,ACCOUNTS_RECEIVABLE,953300,CREDIT,2026-07-16T11:41:27Z
LDG_E696DF3F,PAY_E86160F6,ACCOUNTS_RECEIVABLE,738200,CREDIT,2026-08-08T00:47:43Z
LDG_7FE5C06C,PAY_87EA6A76,ACCOUNTS_RECEIVABLE,1666700,CREDIT,2026-08-20T10:14:22Z
LDG_0E0DBC99,PAY_B3BA1850,ACCOUNTS_RECEIVABLE,851100,CREDIT,2026-07-31T22:08:44Z
LDG_E688AC8B,PAY_03EF2E4C,ACCOUNTS_RECEIVABLE,989700,CREDIT,2026-07-12T06:49:17Z
LDG_E98C9BC1,PAY_C7B1C286,ACCOUNTS_RECEIVABLE,1755800,CREDIT,2026-07-31T05:06:17Z
LDG_C27EEA15,PAY_2CD4C6F0,ACCOUNTS_RECEIVABLE,1497800,CREDIT,2026-07-09T04:30:24Z
LDG_1A60FBFD,PAY_970DEDCF,ACCOUNTS_RECEIVABLE,1098600,CREDIT,2026-08-02T14:21:28Z
LDG_92251FE5,PAY_27894EF1,ACCOUNTS_RECEIVABLE,615000,CREDIT,2026-07-31T15:07:58Z
LDG_9F50CB5E,PAY_31DBD9BE,ACCOUNTS_RECEIVABLE,224500,CREDIT,2026-07-16T06:26:55Z
LDG_807CB60B,PAY_C3B0DC64,ACCOUNTS_RECEIVABLE,889600,CREDIT,2026-07-15T02:47:54Z
LDG_3D05D2D6,PAY_3A4D4E05,ACCOUNTS_RECEIVABLE,1697000,CREDIT,2026-07-11T16:32:34Z
LDG_739DFBAF,PAY_CBF78245,ACCOUNTS_RECEIVABLE,1997300,CREDIT,2026-08-01T11:34:21Z
LDG_3A3BAB4F,PAY_6B4B15E2,ACCOUNTS_RECEIVABLE,1910600,CREDIT,2026-08-17T08:48:59Z
LDG_E240E122,PAY_16118BF3,ACCOUNTS_RECEIVABLE,1435700,CREDIT,2026-08-02T01:36:17Z
LDG_A44FC361,PAY_DC282B8A,ACCOUNTS_RECEIVABLE,1833900,CREDIT,2026-07-13T00:15:25Z
LDG_30880018,PAY_375B3E28,ACCOUNTS_RECEIVABLE,170300,CREDIT,2026-07-05T14:01:18Z
LDG_39257E43,PAY_09B6DDD9,ACCOUNTS_RECEIVABLE,471200,CREDIT,2026-07-16T10:56:37Z
LDG_D86F1A9C,PAY_259946B1,ACCOUNTS_RECEIVABLE,1693900,CREDIT,2026-08-22T11:51:43Z
LDG_C1EA7A28,PAY_80D4729E,ACCOUNTS_RECEIVABLE,83800,CREDIT,2026-07-05T03:29:14Z
LDG_93A09653,PAY_47A8B830,ACCOUNTS_RECEIVABLE,1521800,CREDIT,2026-07-27T21:51:39Z
LDG_9C284B56,PAY_F0C2FCAF,ACCOUNTS_RECEIVABLE,57400,CREDIT,2026-08-09T08:52:58Z
LDG_A2D09BD4,PAY_EC5B442E,ACCOUNTS_RECEIVABLE,88200,CREDIT,2026-08-14T02:44:33Z
LDG_F3DB4675,PAY_9EBDACD8,ACCOUNTS_RECEIVABLE,562600,CREDIT,2026-08-04T01:23:02Z
LDG_55939D71,PAY_5126EA68,ACCOUNTS_RECEIVABLE,543200,CREDIT,2026-07-19T08:15:12Z
LDG_6D508670,PAY_0F2281EB,ACCOUNTS_RECEIVABLE,30000000,CREDIT,2026-07-26T18:24:02Z
LDG_9714CC85,PAY_06C9A682,ACCOUNTS_RECEIVABLE,1611800,CREDIT,2026-08-27T02:57:18Z
LDG_5508E72C,PAY_9FDE5C38,ACCOUNTS_RECEIVABLE,488200,CREDIT,2026-08-15T04:11:16Z
LDG_D8C37338,PAY_237DD0EE,ACCOUNTS_RECEIVABLE,1157100,CREDIT,2026-08-04T03:06:16Z
LDG_3FD84BA0,PAY_D45F0CA9,ACCOUNTS_RECEIVABLE,1173900,CREDIT,2026-07-15T01:33:24Z
LDG_24CC0F3D,PAY_86BFD7E4,ACCOUNTS_RECEIVABLE,557000,CREDIT,2026-08-27T07:37:47Z
LDG_B8DABD81,PAY_521C40EF,ACCOUNTS_RECEIVABLE,1449800,CREDIT,2026-08-20T02:03:20Z
LDG_0CD7D96E,PAY_900C3EC6,ACCOUNTS_RECEIVABLE,624300,CREDIT,2026-07-30T23:56:49Z
LDG_1E8BD771,PAY_936DAF96,ACCOUNTS_RECEIVABLE,30000000,CREDIT,2026-07-06T16:19:34Z
LDG_8A8C0F56,PAY_A4A9DE16,ACCOUNTS_RECEIVABLE,645500,CREDIT,2026-08-26T17:28:00Z
LDG_434E04F6,PAY_DC87E617,ACCOUNTS_RECEIVABLE,30000000,CREDIT,2026-07-10T22:10:48Z
LDG_979CD339,PAY_98D72297,ACCOUNTS_RECEIVABLE,1171000,CREDIT,2026-07-12T04:49:53Z
LDG_420C995B,PAY_57A4DEE9,ACCOUNTS_RECEIVABLE,902000,CREDIT,2026-07-07T05:22:12Z
LDG_46BBFD7F,PAY_B7486372,ACCOUNTS_RECEIVABLE,15000000,CREDIT,2026-09-01T00:07:12Z
LDG_CC97E730,PAY_9313ADFC,ACCOUNTS_RECEIVABLE,1034400,CREDIT,2026-08-21T08:30:22Z
LDG_DD481168,PAY_78965C4F,ACCOUNTS_RECEIVABLE,516100,CREDIT,2026-07-04T13:06:40Z
LDG_F4B3C9FD,PAY_4E644992,ACCOUNTS_RECEIVABLE,5500000,CREDIT,2026-07-12T23:27:54Z
LDG_CB52090B,PAY_2BDCE56A,ACCOUNTS_RECEIVABLE,933700,CREDIT,2026-08-27T10:58:12Z
LDG_76F44C45,PAY_6985C443,ACCOUNTS_RECEIVABLE,1978500,CREDIT,2026-08-26T17:15:08Z
LDG_621C44C1,PAY_EAE9FD23,ACCOUNTS_RECEIVABLE,1206800,CREDIT,2026-08-29T05:56:08Z
LDG_1120CE4D,PAY_A2BA5166,ACCOUNTS_RECEIVABLE,1952900,CREDIT,2026-08-26T09:54:57Z
LDG_B36271D7,PAY_B54FD1FA,ACCOUNTS_RECEIVABLE,748600,CREDIT,2026-08-30T14:17:19Z
LDG_C3057A88,PAY_7818B4FA,ACCOUNTS_RECEIVABLE,512600,CREDIT,2026-07-22T13:55:34Z
LDG_216DBA9B,PAY_86B1422F,ACCOUNTS_RECEIVABLE,485600,CREDIT,2026-09-01T09:39:14Z
LDG_0DB470AD,PAY_0A095F5C,ACCOUNTS_RECEIVABLE,966300,CREDIT,2026-08-14T21:31:58Z
LDG_74CEBC9A,PAY_34B28C87,ACCOUNTS_RECEIVABLE,1688500,CREDIT,2026-08-26T04:25:49Z
LDG_CF34D591,PAY_6232BAA5,ACCOUNTS_RECEIVABLE,411200,CREDIT,2026-08-04T00:27:35Z
LDG_50804579,PAY_3428FA34,ACCOUNTS_RECEIVABLE,278400,CREDIT,2026-07-15T06:19:46Z
LDG_1190F4CF,PAY_4368F2FB,ACCOUNTS_RECEIVABLE,193100,CREDIT,2026-08-14T18:38:01Z
LDG_11F81137,PAY_49C3B406,ACCOUNTS_RECEIVABLE,1478000,CREDIT,2026-07-29T21:05:48Z
LDG_E99A6748,PAY_8DEE962C,ACCOUNTS_RECEIVABLE,301300,CREDIT,2026-08-11T17:26:25Z
LDG_08BA25A9,PAY_30663AEB,ACCOUNTS_RECEIVABLE,477800,CREDIT,2026-07-29T06:06:15Z
LDG_401E9FCE,PAY_B51EA5CB,ACCOUNTS_RECEIVABLE,686400,CREDIT,2026-08-24T18:04:16Z
LDG_DCC196DA,PAY_523E32C0,ACCOUNTS_RECEIVABLE,208300,CREDIT,2026-07-20T16:24:27Z
LDG_BCE82F2D,PAY_460976CE,ACCOUNTS_RECEIVABLE,574600,CREDIT,2026-08-18T19:56:11Z
LDG_03DDB026,PAY_F47D7049,ACCOUNTS_RECEIVABLE,1513300,CREDIT,2026-08-04T17:11:50Z
LDG_9867EF44,PAY_17B502FE,ACCOUNTS_RECEIVABLE,850700,CREDIT,2026-07-02T10:07:43Z
LDG_A23642FD,PAY_F6BEBDAA,ACCOUNTS_RECEIVABLE,691700,CREDIT,2026-07-01T03:37:46Z
LDG_D38C9B4E,PAY_853D5052,ACCOUNTS_RECEIVABLE,600000,CREDIT,2026-08-31T13:01:40Z
LDG_B1AB2E3D,PAY_1414A4C7,ACCOUNTS_RECEIVABLE,1744100,CREDIT,2026-08-13T09:12:33Z
LDG_D54E6F7A,PAY_2A165BDC,ACCOUNTS_RECEIVABLE,1680800,CREDIT,2026-07-03T17:38:55Z
LDG_21B21939,PAY_59BCA6BF,ACCOUNTS_RECEIVABLE,1452200,CREDIT,2026-07-05T12:13:27Z
LDG_4FEFA97F,PAY_F658B058,ACCOUNTS_RECEIVABLE,1172400,CREDIT,2026-07-18T12:45:37Z
LDG_49D543BD,PAY_145C3D67,ACCOUNTS_RECEIVABLE,36700,CREDIT,2026-08-05T03:03:27Z
LDG_7901A1B6,PAY_EE3513BF,ACCOUNTS_RECEIVABLE,1954200,CREDIT,2026-07-10T22:49:49Z
LDG_4846353F,PAY_6791816B,ACCOUNTS_RECEIVABLE,1757900,CREDIT,2026-08-07T19:26:09Z
LDG_EBA252CD,PAY_8E624A94,ACCOUNTS_RECEIVABLE,15000000,CREDIT,2026-07-17T20:18:59Z
LDG_6F13AF6A,PAY_2423C0DD,ACCOUNTS_RECEIVABLE,524300,CREDIT,2026-07-26T20:58:02Z
LDG_3529A829,PAY_AE080AFF,ACCOUNTS_RECEIVABLE,713700,CREDIT,2026-08-22T00:24:25Z
LDG_A09168F1,PAY_086E2E07,ACCOUNTS_RECEIVABLE,1856900,CREDIT,2026-07-22T19:59:50Z
LDG_9BCDCB65,PAY_2CBC1342,ACCOUNTS_RECEIVABLE,792900,CREDIT,2026-08-17T07:47:16Z
LDG_E3F70D5E,PAY_0BFF0F02,ACCOUNTS_RECEIVABLE,72400,CREDIT,2026-07-10T20:56:03Z
LDG_B1D5EDAF,PAY_D0E25F1E,ACCOUNTS_RECEIVABLE,1965800,CREDIT,2026-08-08T12:20:59Z
LDG_D424B5A5,PAY_C33DEB55,ACCOUNTS_RECEIVABLE,350500,CREDIT,2026-09-01T00:22:14Z
LDG_4C27586A,PAY_D88C3E62,ACCOUNTS_RECEIVABLE,1746700,CREDIT,2026-08-27T16:35:08Z
LDG_285DE251,PAY_192C6094,ACCOUNTS_RECEIVABLE,1545300,CREDIT,2026-08-27T03:09:43Z
LDG_48DABE15,PAY_C0BA10E8,ACCOUNTS_RECEIVABLE,1792800,CREDIT,2026-08-15T22:41:23Z
LDG_AF6E4F6C,PAY_67D461C3,ACCOUNTS_RECEIVABLE,457200,CREDIT,2026-07-24T18:56:24Z
LDG_C0C3268B,PAY_3B7025A0,ACCOUNTS_RECEIVABLE,1757100,CREDIT,2026-08-17T18:55:38Z
LDG_A424D10A,PAY_F98F5BC2,ACCOUNTS_RECEIVABLE,1573900,CREDIT,2026-08-17T04:31:54Z
LDG_AAF9CF13,PAY_F8C4021A,ACCOUNTS_RECEIVABLE,1433600,CREDIT,2026-07-19T18:03:50Z
LDG_26430F1A,PAY_EE44B4C1,ACCOUNTS_RECEIVABLE,496200,CREDIT,2026-08-17T03:46:02Z
LDG_E8D8F8BD,PAY_F514AFA5,ACCOUNTS_RECEIVABLE,82500,CREDIT,2026-08-06T06:19:39Z
LDG_7E8473F0,PAY_D3FBC4C0,ACCOUNTS_RECEIVABLE,903300,CREDIT,2026-09-01T07:35:35Z
LDG_44113A0E,PAY_4AA4A778,ACCOUNTS_RECEIVABLE,15000000,CREDIT,2026-08-26T17:28:22Z
LDG_9DE2070E,PAY_97AA2C6D,ACCOUNTS_RECEIVABLE,503700,CREDIT,2026-07-29T22:54:26Z
LDG_0815D6F7,PAY_2148786E,ACCOUNTS_RECEIVABLE,809000,CREDIT,2026-08-19T13:16:42Z
LDG_8D1F953B,PAY_069C2068,ACCOUNTS_RECEIVABLE,1143600,CREDIT,2026-08-03T21:33:37Z
LDG_DD398CF2,PAY_1075A0FE,ACCOUNTS_RECEIVABLE,970800,CREDIT,2026-07-25T11:39:18Z
LDG_9ED319F5,PAY_0608DD81,ACCOUNTS_RECEIVABLE,208000,CREDIT,2026-08-17T20:49:39Z
LDG_8833CDDB,PAY_63E21DDA,ACCOUNTS_RECEIVABLE,492600,CREDIT,2026-08-07T22:37:57Z
LDG_00DCE911,PAY_5172FA9D,ACCOUNTS_RECEIVABLE,256900,CREDIT,2026-08-13T01:56:58Z
LDG_185D544A,PAY_7CC3C540,ACCOUNTS_RECEIVABLE,1430800,CREDIT,2026-08-14T10:45:35Z
LDG_8AD75AC7,PAY_736E43A9,ACCOUNTS_RECEIVABLE,830400,CREDIT,2026-08-06T08:08:15Z
LDG_C134DAC4,PAY_C8DDA744,ACCOUNTS_RECEIVABLE,1822000,CREDIT,2026-08-24T07:00:36Z
LDG_AE80C32D,PAY_8788303A,ACCOUNTS_RECEIVABLE,711400,CREDIT,2026-07-09T08:54:00Z
LDG_F96B9AE8,PAY_E7A281BB,ACCOUNTS_RECEIVABLE,67000,CREDIT,2026-07-16T07:11:47Z
LDG_72365AB6,PAY_6B55094E,ACCOUNTS_RECEIVABLE,1704100,CREDIT,2026-08-28T12:03:18Z
LDG_227D76C5,PAY_75C80EF6,ACCOUNTS_RECEIVABLE,189000,CREDIT,2026-08-14T09:51:43Z
LDG_CFB499ED,PAY_25B1859D,ACCOUNTS_RECEIVABLE,704400,CREDIT,2026-08-08T04:42:35Z
LDG_443E8614,PAY_AD9ACDDD,ACCOUNTS_RECEIVABLE,175200,CREDIT,2026-08-21T16:35:45Z
LDG_CAD72A0A,PAY_BEDEF7EC,ACCOUNTS_RECEIVABLE,1670900,CREDIT,2026-08-16T09:55:49Z
LDG_6E446EB1,PAY_55DE200B,ACCOUNTS_RECEIVABLE,1122300,CREDIT,2026-08-03T04:27:42Z
LDG_595E08E6,PAY_2533C048,ACCOUNTS_RECEIVABLE,1407800,CREDIT,2026-08-09T13:46:37Z
LDG_A3A38610,PAY_99F34AA2,ACCOUNTS_RECEIVABLE,60000000,CREDIT,2026-08-25T14:01:54Z
LDG_AE93BE6B,PAY_48FA1AE1,ACCOUNTS_RECEIVABLE,1966400,CREDIT,2026-07-03T06:01:45Z
LDG_C6133EF4,PAY_4FBF0B91,ACCOUNTS_RECEIVABLE,1971500,CREDIT,2026-08-06T16:55:04Z
LDG_3FAB72D8,PAY_DC7F0DB3,ACCOUNTS_RECEIVABLE,1373900,CREDIT,2026-07-11T07:26:07Z
LDG_F68DEBE7,PAY_8EB5B5B7,ACCOUNTS_RECEIVABLE,1568200,CREDIT,2026-08-11T01:34:13Z
LDG_7F547B30,PAY_9A814712,ACCOUNTS_RECEIVABLE,1228900,CREDIT,2026-08-06T10:51:11Z
LDG_9BCA0C74,PAY_5274F264,ACCOUNTS_RECEIVABLE,1620900,CREDIT,2026-08-07T10:42:42Z
LDG_497A9CDA,PAY_F7421E47,ACCOUNTS_RECEIVABLE,1127000,CREDIT,2026-08-23T12:58:25Z
LDG_6B78257E,PAY_6CCAA037,ACCOUNTS_RECEIVABLE,272200,CREDIT,2026-08-18T03:01:24Z
LDG_91AB2FA3,PAY_E49FD83A,ACCOUNTS_RECEIVABLE,70600,CREDIT,2026-07-02T02:55:37Z
LDG_2ED02043,PAY_8729197B,ACCOUNTS_RECEIVABLE,1604900,CREDIT,2026-07-15T14:48:27Z
LDG_447F8960,PAY_574AE6CE,ACCOUNTS_RECEIVABLE,406400,CREDIT,2026-08-07T08:34:22Z
LDG_E0AB055D,PAY_9BCF9EDE,ACCOUNTS_RECEIVABLE,1900800,CREDIT,2026-07-02T20:52:57Z
LDG_0F2D1847,PAY_55ACB2E0,ACCOUNTS_RECEIVABLE,934700,CREDIT,2026-08-09T23:29:51Z
LDG_E087360A,PAY_D8AE4534,ACCOUNTS_RECEIVABLE,1233200,CREDIT,2026-07-14T19:22:08Z
LDG_1020A38A,PAY_F983CD3F,ACCOUNTS_RECEIVABLE,1847800,CREDIT,2026-08-01T17:24:38Z
LDG_D404697C,PAY_37A47FEA,ACCOUNTS_RECEIVABLE,1866800,CREDIT,2026-08-15T21:30:38Z
LDG_63FD397F,PAY_A7F1497D,ACCOUNTS_RECEIVABLE,290700,CREDIT,2026-07-27T00:14:01Z
LDG_889A24DC,PAY_3172325D,ACCOUNTS_RECEIVABLE,662400,CREDIT,2026-08-11T02:39:34Z
LDG_F9B8E86E,PAY_C3A84B54,ACCOUNTS_RECEIVABLE,1095100,CREDIT,2026-07-28T08:35:29Z
LDG_791527A6,PAY_9DFAA496,ACCOUNTS_RECEIVABLE,60000000,CREDIT,2026-07-09T08:31:10Z
LDG_2EE23214,PAY_C431C133,ACCOUNTS_RECEIVABLE,241800,CREDIT,2026-07-22T23:06:27Z
LDG_D8CCA9C3,PAY_42DB04AC,ACCOUNTS_RECEIVABLE,1603200,CREDIT,2026-08-04T18:52:04Z
LDG_DBFCC0DE,PAY_32266614,ACCOUNTS_RECEIVABLE,327000,CREDIT,2026-07-13T22:51:43Z
LDG_12790C58,PAY_7B5D2413,ACCOUNTS_RECEIVABLE,1242000,CREDIT,2026-07-21T01:07:32Z
LDG_20C23052,PAY_608B8750,ACCOUNTS_RECEIVABLE,1377000,CREDIT,2026-07-16T09:26:25Z
LDG_2D642996,PAY_01CB6B4F,ACCOUNTS_RECEIVABLE,755300,CREDIT,2026-08-27T14:34:09Z
LDG_BB3E03F4,PAY_DF8EB429,ACCOUNTS_RECEIVABLE,1604000,CREDIT,2026-07-21T11:17:29Z
LDG_141AC727,PAY_3BF3AC73,ACCOUNTS_RECEIVABLE,321400,CREDIT,2026-08-16T17:09:30Z
LDG_DBF4F098,PAY_474420AA,ACCOUNTS_RECEIVABLE,1395200,CREDIT,2026-07-29T10:09:45Z
LDG_97D12E93,PAY_7D035B33,ACCOUNTS_RECEIVABLE,902000,CREDIT,2026-08-22T00:52:43Z
LDG_19424D5E,PAY_A4340460,ACCOUNTS_RECEIVABLE,358200,CREDIT,2026-08-31T20:04:30Z
LDG_0C192122,PAY_71C2024A,ACCOUNTS_RECEIVABLE,1182000,CREDIT,2026-08-26T22:56:23Z
LDG_33C5D854,PAY_079A87C0,ACCOUNTS_RECEIVABLE,947400,CREDIT,2026-08-23T06:55:33Z
LDG_A4AFB621,PAY_4FEB515B,ACCOUNTS_RECEIVABLE,1680100,CREDIT,2026-07-03T12:49:00Z
LDG_DCAF69AB,PAY_13AD3683,ACCOUNTS_RECEIVABLE,235500,CREDIT,2026-07-15T00:10:00Z
LDG_109562CA,PAY_D4969941,ACCOUNTS_RECEIVABLE,1159100,CREDIT,2026-07-24T00:23:56Z
LDG_401CD0B8,PAY_68D93A16,ACCOUNTS_RECEIVABLE,361100,CREDIT,2026-07-31T15:47:28Z
LDG_6204FF88,PAY_226B8C76,ACCOUNTS_RECEIVABLE,223900,CREDIT,2026-08-21T14:32:54Z
LDG_AC208233,PAY_29C7F26B,ACCOUNTS_RECEIVABLE,950600,CREDIT,2026-07-20T20:45:44Z
LDG_D2503585,PAY_44160638,ACCOUNTS_RECEIVABLE,1963800,CREDIT,2026-08-29T22:35:56Z
LDG_090CA13A,PAY_7CE7E17C,ACCOUNTS_RECEIVABLE,20000,CREDIT,2026-08-14T23:42:54Z
LDG_AD959135,PAY_852B7E4E,ACCOUNTS_RECEIVABLE,12200,CREDIT,2026-07-07T01:44:21Z
LDG_95D4F38E,PAY_5163CE21,ACCOUNTS_RECEIVABLE,177200,CREDIT,2026-07-01T03:18:31Z
LDG_9901C578,PAY_D8AF2077,ACCOUNTS_RECEIVABLE,608200,CREDIT,2026-08-01T08:16:37Z
LDG_2D740007,PAY_A4B71FDA,ACCOUNTS_RECEIVABLE,1330300,CREDIT,2026-07-17T17:11:07Z
LDG_4AE803D4,PAY_AB9FED40,ACCOUNTS_RECEIVABLE,115300,CREDIT,2026-08-27T05:58:43Z
LDG_6270AB0D,PAY_6390DEF3,ACCOUNTS_RECEIVABLE,30000000,CREDIT,2026-08-21T07:50:47Z
LDG_813B2409,PAY_B78B1B9C,ACCOUNTS_RECEIVABLE,1315100,CREDIT,2026-07-29T17:25:11Z
LDG_854FB22F,PAY_983A69CB,ACCOUNTS_RECEIVABLE,60000000,CREDIT,2026-08-01T10:58:26Z
LDG_EDE17964,PAY_C9ABD89D,ACCOUNTS_RECEIVABLE,1761900,CREDIT,2026-08-14T22:26:56Z
LDG_054FE837,PAY_BEDED22D,ACCOUNTS_RECEIVABLE,414700,CREDIT,2026-08-10T17:05:03Z
LDG_16EA65CD,PAY_A92FE96C,ACCOUNTS_RECEIVABLE,95000,CREDIT,2026-08-25T16:45:42Z
LDG_FCD0CC6A,PAY_CAB7E03D,ACCOUNTS_RECEIVABLE,954100,CREDIT,2026-09-01T08:15:19Z
LDG_A6BBEA8A,PAY_9E2BB730,ACCOUNTS_RECEIVABLE,1295000,CREDIT,2026-08-03T23:57:50Z
LDG_9696112B,PAY_77CC0351,ACCOUNTS_RECEIVABLE,1751700,CREDIT,2026-07-05T13:43:14Z
LDG_3713F435,PAY_762EC6FA,ACCOUNTS_RECEIVABLE,62300,CREDIT,2026-08-18T22:40:53Z
LDG_637C6589,PAY_17E0A563,ACCOUNTS_RECEIVABLE,593400,CREDIT,2026-08-18T20:55:05Z
LDG_5D293DC3,PAY_D7DE2ED5,ACCOUNTS_RECEIVABLE,495400,CREDIT,2026-07-17T19:21:07Z
LDG_3F50CEA1,PAY_77C661B0,ACCOUNTS_RECEIVABLE,137500,CREDIT,2026-07-15T04:53:48Z
LDG_5DD5B028,PAY_5AF6865F,ACCOUNTS_RECEIVABLE,1783400,CREDIT,2026-07-09T01:32:49Z
LDG_6B849E16,PAY_CEA69EDF,ACCOUNTS_RECEIVABLE,704600,CREDIT,2026-08-30T06:56:10Z
LDG_26197744,PAY_43E490C5,ACCOUNTS_RECEIVABLE,1635700,CREDIT,2026-08-20T23:42:53Z
LDG_27019CEB,PAY_EC65DA94,ACCOUNTS_RECEIVABLE,1816000,CREDIT,2026-07-20T02:23:21Z
LDG_8D7D199A,PAY_A776DA96,ACCOUNTS_RECEIVABLE,956600,CREDIT,2026-08-17T22:10:45Z
LDG_E3F3DF30,PAY_932195B3,ACCOUNTS_RECEIVABLE,1971300,CREDIT,2026-08-29T18:55:35Z
LDG_E49A52EB,PAY_BC56CDDD,ACCOUNTS_RECEIVABLE,943000,CREDIT,2026-07-07T13:53:23Z
LDG_102247CD,PAY_39A9D518,ACCOUNTS_RECEIVABLE,176000,CREDIT,2026-07-10T09:08:38Z
LDG_BF43F99A,PAY_8484451D,ACCOUNTS_RECEIVABLE,1254900,CREDIT,2026-07-21T07:53:12Z
LDG_AACF1B06,PAY_82B8C44B,ACCOUNTS_RECEIVABLE,1444000,CREDIT,2026-08-10T11:01:29Z
LDG_890EBBC6,PAY_BB3634DC,ACCOUNTS_RECEIVABLE,575800,CREDIT,2026-07-24T08:55:43Z
LDG_6F351FEB,PAY_F576109E,ACCOUNTS_RECEIVABLE,1888300,CREDIT,2026-08-25T07:41:01Z
LDG_0DCB66A6,PAY_6D04FD5B,ACCOUNTS_RECEIVABLE,1707500,CREDIT,2026-07-27T23:27:05Z
LDG_92F30590,PAY_200E8B7E,ACCOUNTS_RECEIVABLE,850500,CREDIT,2026-07-26T07:02:52Z
LDG_EF0AE1A8,PAY_7D9D9077,ACCOUNTS_RECEIVABLE,469400,CREDIT,2026-08-11T22:26:14Z
LDG_F2480DDD,PAY_80BAA2B9,ACCOUNTS_RECEIVABLE,123200,CREDIT,2026-08-11T00:42:46Z
LDG_D94D1667,PAY_7B98E29F,ACCOUNTS_RECEIVABLE,1824600,CREDIT,2026-07-15T10:31:34Z
LDG_A9216519,PAY_4F3053D9,ACCOUNTS_RECEIVABLE,1308200,CREDIT,2026-07-09T00:07:55Z
LDG_FD6C72E2,PAY_A2649B41,ACCOUNTS_RECEIVABLE,384000,CREDIT,2026-08-12T21:11:45Z
LDG_B1C688F9,PAY_FBAC9F8F,ACCOUNTS_RECEIVABLE,1753500,CREDIT,2026-08-13T04:11:15Z
LDG_657B68C9,PAY_7A3B6B60,ACCOUNTS_RECEIVABLE,1023200,CREDIT,2026-07-07T04:04:48Z
LDG_097BD790,PAY_566BE416,ACCOUNTS_RECEIVABLE,1186200,CREDIT,2026-07-13T23:18:38Z
LDG_48838FF4,PAY_A7ECA6D5,ACCOUNTS_RECEIVABLE,864300,CREDIT,2026-07-20T01:22:48Z
LDG_28B0C457,PAY_4B4F8E33,ACCOUNTS_RECEIVABLE,480400,CREDIT,2026-08-06T01:31:47Z
LDG_BC7C3080,PAY_4930AC17,ACCOUNTS_RECEIVABLE,891900,CREDIT,2026-08-13T22:28:50Z
LDG_E931BE9D,PAY_EB1FCD09,ACCOUNTS_RECEIVABLE,456300,CREDIT,2026-08-06T05:33:57Z
LDG_4A374675,PAY_33BF2586,ACCOUNTS_RECEIVABLE,1871100,CREDIT,2026-08-06T03:08:28Z
LDG_A22EE64B,PAY_F44FFF55,ACCOUNTS_RECEIVABLE,5500000,CREDIT,2026-08-24T10:47:03Z
LDG_46737CA0,PAY_16F3B71E,ACCOUNTS_RECEIVABLE,502900,CREDIT,2026-07-08T01:14:35Z
LDG_F7957E23,PAY_D71FE9FF,ACCOUNTS_RECEIVABLE,1928000,CREDIT,2026-09-01T06:44:05Z
LDG_63A6360B,PAY_0B7C8820,ACCOUNTS_RECEIVABLE,513700,CREDIT,2026-08-19T19:42:39Z
LDG_3C8AC569,PAY_B5F84E29,ACCOUNTS_RECEIVABLE,1493000,CREDIT,2026-07-18T15:07:06Z
LDG_48439AD5,PAY_AC6589D1,ACCOUNTS_RECEIVABLE,1428700,CREDIT,2026-07-11T21:35:08Z
LDG_CA0F82E9,PAY_48A60AAF,ACCOUNTS_RECEIVABLE,262600,CREDIT,2026-07-10T17:27:12Z
LDG_45A4C9A1,PAY_8B4D3BE7,ACCOUNTS_RECEIVABLE,978600,CREDIT,2026-07-28T08:22:10Z
LDG_263C9432,PAY_CFA65A51,ACCOUNTS_RECEIVABLE,264300,CREDIT,2026-07-02T03:51:13Z
LDG_F2F0AEAF,PAY_C0F3994E,ACCOUNTS_RECEIVABLE,1638400,CREDIT,2026-07-02T07:59:25Z
LDG_21BBCAC5,PAY_1DB486C7,ACCOUNTS_RECEIVABLE,473800,CREDIT,2026-08-01T21:13:18Z
LDG_D0BE98CF,PAY_7030D43F,ACCOUNTS_RECEIVABLE,123300,CREDIT,2026-08-24T08:06:47Z
LDG_EB7B1263,PAY_D8815CFF,ACCOUNTS_RECEIVABLE,231000,CREDIT,2026-07-20T23:02:54Z
LDG_B25D0C09,PAY_E014DFB8,ACCOUNTS_RECEIVABLE,1570000,CREDIT,2026-07-29T04:55:06Z
LDG_99F304CF,PAY_192ADE81,ACCOUNTS_RECEIVABLE,432700,CREDIT,2026-08-21T00:03:53Z
LDG_99AC4268,PAY_7738DA38,ACCOUNTS_RECEIVABLE,753500,CREDIT,2026-08-05T05:56:17Z
LDG_4C2CB18F,PAY_D5D7553A,ACCOUNTS_RECEIVABLE,1087100,CREDIT,2026-07-08T14:18:51Z
LDG_D29E0FB8,PAY_FA5493F8,ACCOUNTS_RECEIVABLE,395100,CREDIT,2026-08-05T00:21:06Z
LDG_09E9EA98,PAY_41D02767,ACCOUNTS_RECEIVABLE,378500,CREDIT,2026-08-01T19:41:57Z
LDG_CC573B47,PAY_11B52405,ACCOUNTS_RECEIVABLE,108100,CREDIT,2026-07-04T19:57:41Z
LDG_0D02BCF1,PAY_8270E53D,ACCOUNTS_RECEIVABLE,1441700,CREDIT,2026-07-01T12:48:13Z
LDG_E6CA6676,PAY_2495870F,ACCOUNTS_RECEIVABLE,1448700,CREDIT,2026-07-08T22:50:13Z
LDG_84B1D151,PAY_8DB3B0B6,ACCOUNTS_RECEIVABLE,787900,CREDIT,2026-08-23T14:13:22Z
LDG_A8163699,PAY_CBB3C826,ACCOUNTS_RECEIVABLE,1847100,CREDIT,2026-07-16T23:16:25Z
LDG_E359EF6B,PAY_30280147,ACCOUNTS_RECEIVABLE,1807500,CREDIT,2026-08-31T23:12:31Z
LDG_78758758,PAY_824283B1,ACCOUNTS_RECEIVABLE,961600,CREDIT,2026-08-21T07:05:55Z
LDG_9928183D,PAY_621CB622,ACCOUNTS_RECEIVABLE,136100,CREDIT,2026-07-26T02:34:37Z
LDG_D2ACCDF9,PAY_4738E11A,ACCOUNTS_RECEIVABLE,1023000,CREDIT,2026-08-20T10:23:29Z
LDG_BCC32330,PAY_2003954A,ACCOUNTS_RECEIVABLE,296300,CREDIT,2026-07-17T23:00:28Z
LDG_69D8CBD4,PAY_CE49CA5D,ACCOUNTS_RECEIVABLE,1655300,CREDIT,2026-08-03T17:09:29Z
LDG_B0438BC6,PAY_3D528C38,ACCOUNTS_RECEIVABLE,1344100,CREDIT,2026-07-27T20:29:08Z
LDG_5E2667D3,PAY_1C476ED3,ACCOUNTS_RECEIVABLE,332800,CREDIT,2026-07-28T11:35:05Z
LDG_F1F737FD,PAY_F34F3A2D,ACCOUNTS_RECEIVABLE,1328300,CREDIT,2026-08-16T23:18:07Z
LDG_A02B4605,PAY_31B9AC05,ACCOUNTS_RECEIVABLE,197700,CREDIT,2026-07-14T18:42:35Z
LDG_70FDC273,PAY_E21679B1,ACCOUNTS_RECEIVABLE,1312500,CREDIT,2026-07-08T09:17:00Z
LDG_A3D3F4AF,PAY_B1D93EB4,ACCOUNTS_RECEIVABLE,1674300,CREDIT,2026-07-16T00:09:08Z
LDG_E4967808,PAY_3B35CAD2,ACCOUNTS_RECEIVABLE,306300,CREDIT,2026-08-17T02:35:27Z
LDG_4EEE94CD,PAY_C53045E5,ACCOUNTS_RECEIVABLE,823400,CREDIT,2026-09-01T02:08:25Z
LDG_E829BE9F,PAY_75BEC21D,ACCOUNTS_RECEIVABLE,667400,CREDIT,2026-07-31T15:27:09Z
LDG_E69CF323,PAY_8B0B4AEC,ACCOUNTS_RECEIVABLE,1131500,CREDIT,2026-07-21T20:28:38Z
LDG_46A8EE74,PAY_7BFF07C1,ACCOUNTS_RECEIVABLE,1487200,CREDIT,2026-07-12T17:46:00Z
LDG_8D6F7CA5,PAY_FCC21E8E,ACCOUNTS_RECEIVABLE,1296200,CREDIT,2026-07-31T18:11:07Z
LDG_5CED3FDA,PAY_9331E639,ACCOUNTS_RECEIVABLE,88200,CREDIT,2026-07-23T07:27:25Z
LDG_C9C9E6D3,PAY_826D5B0A,ACCOUNTS_RECEIVABLE,5500000,CREDIT,2026-07-22T02:03:36Z
LDG_80C99D98,PAY_5E911251,ACCOUNTS_RECEIVABLE,1180800,CREDIT,2026-07-30T18:02:27Z
LDG_6455AA7E,PAY_00A9FBD2,ACCOUNTS_RECEIVABLE,908100,CREDIT,2026-08-10T16:34:33Z
LDG_B1FE7567,PAY_C3ABD928,ACCOUNTS_RECEIVABLE,37100,CREDIT,2026-08-07T23:47:02Z
LDG_E8A447BE,PAY_8B23A470,ACCOUNTS_RECEIVABLE,414000,CREDIT,2026-08-20T07:44:55Z
LDG_CD03B4C5,PAY_0DA5C589,ACCOUNTS_RECEIVABLE,1475200,CREDIT,2026-08-28T21:05:30Z
LDG_E96D95B3,PAY_6698D72F,ACCOUNTS_RECEIVABLE,435500,CREDIT,2026-08-06T12:52:44Z
LDG_909D2DE4,PAY_5098D24D,ACCOUNTS_RECEIVABLE,1423900,CREDIT,2026-08-17T23:39:32Z
LDG_9A236EFF,PAY_889DBF63,ACCOUNTS_RECEIVABLE,1403200,CREDIT,2026-07-11T00:42:49Z
LDG_353D984A,PAY_5AE14FDE,ACCOUNTS_RECEIVABLE,1168500,CREDIT,2026-08-25T14:41:58Z
LDG_D08A17AD,PAY_DF2ADC5D,ACCOUNTS_RECEIVABLE,567200,CREDIT,2026-07-06T22:15:27Z
LDG_175E0BFD,PAY_ED9205AF,ACCOUNTS_RECEIVABLE,974100,CREDIT,2026-07-18T20:37:37Z
LDG_14767FCE,PAY_D61AB822,ACCOUNTS_RECEIVABLE,522300,CREDIT,2026-08-27T01:18:41Z
LDG_0D8F2DF0,PAY_37E7FCB6,ACCOUNTS_RECEIVABLE,248700,CREDIT,2026-08-16T06:50:56Z
LDG_58C682CD,PAY_15639D44,ACCOUNTS_RECEIVABLE,882700,CREDIT,2026-07-05T18:35:34Z
LDG_4BFE67A7,PAY_B238D521,ACCOUNTS_RECEIVABLE,696600,CREDIT,2026-07-13T09:59:51Z
LDG_53B06D3C,PAY_16E08B41,ACCOUNTS_RECEIVABLE,1940100,CREDIT,2026-08-10T10:53:00Z
LDG_135199FD,PAY_783CD930,ACCOUNTS_RECEIVABLE,1654800,CREDIT,2026-08-30T14:22:26Z
LDG_0E3012FA,PAY_C9803E01,ACCOUNTS_RECEIVABLE,818800,CREDIT,2026-08-19T21:11:33Z
LDG_13ABE6CE,PAY_7148337A,ACCOUNTS_RECEIVABLE,1413000,CREDIT,2026-08-10T07:36:45Z
LDG_C6DD3E9B,PAY_7F84638D,ACCOUNTS_RECEIVABLE,1454500,CREDIT,2026-07-27T21:34:42Z
LDG_1EE4EB39,PAY_7EA1103A,ACCOUNTS_RECEIVABLE,1017200,CREDIT,2026-08-05T04:23:50Z
LDG_BC8D84DA,PAY_D180D294,ACCOUNTS_RECEIVABLE,1250600,CREDIT,2026-07-23T11:42:33Z
LDG_E55B19BF,PAY_BA840DBB,ACCOUNTS_RECEIVABLE,257200,CREDIT,2026-08-13T09:18:20Z
LDG_910BD1CB,PAY_35079A53,ACCOUNTS_RECEIVABLE,359100,CREDIT,2026-07-10T03:54:20Z
LDG_EAECAE8B,PAY_199D2579,ACCOUNTS_RECEIVABLE,1645900,CREDIT,2026-07-31T17:01:19Z
LDG_D1E5CDED,PAY_B90F6C23,ACCOUNTS_RECEIVABLE,22100,CREDIT,2026-07-29T13:18:36Z
LDG_94064B4C,PAY_22E96B32,ACCOUNTS_RECEIVABLE,513400,CREDIT,2026-07-14T17:20:13Z
LDG_FC1197EA,PAY_0D7CC82B,ACCOUNTS_RECEIVABLE,1149200,CREDIT,2026-08-14T14:43:40Z
LDG_FAD75909,PAY_4D58BA74,ACCOUNTS_RECEIVABLE,1297000,CREDIT,2026-07-03T23:01:16Z
LDG_50712FDB,PAY_6678EDB6,ACCOUNTS_RECEIVABLE,855100,CREDIT,2026-08-11T21:25:11Z
LDG_B5079F86,PAY_D46AC9F0,ACCOUNTS_RECEIVABLE,246300,CREDIT,2026-09-01T14:33:46Z
LDG_BBEA387F,PAY_6DEB4A21,ACCOUNTS_RECEIVABLE,853400,CREDIT,2026-07-06T06:33:23Z
LDG_FFD0D6D3,PAY_98DDF0BC,ACCOUNTS_RECEIVABLE,1814700,CREDIT,2026-07-19T04:27:33Z
LDG_A05054DB,PAY_1B10A9A3,ACCOUNTS_RECEIVABLE,725000,CREDIT,2026-07-09T02:45:40Z
LDG_A6C4ACB9,PAY_856FA478,ACCOUNTS_RECEIVABLE,1655900,CREDIT,2026-07-26T06:02:01Z
LDG_7664A3AB,PAY_FDDCAE42,ACCOUNTS_RECEIVABLE,424700,CREDIT,2026-07-10T08:24:53Z
LDG_642EBD7E,PAY_51B93A46,ACCOUNTS_RECEIVABLE,658300,CREDIT,2026-08-24T01:31:39Z
LDG_47A635E0,PAY_B782256E,ACCOUNTS_RECEIVABLE,185500,CREDIT,2026-08-03T23:12:09Z
LDG_4B6888B6,PAY_1E6C4C0E,ACCOUNTS_RECEIVABLE,1257400,CREDIT,2026-08-27T13:11:36Z
LDG_B57FDB06,PAY_7B9180DF,ACCOUNTS_RECEIVABLE,913000,CREDIT,2026-07-25T18:18:02Z
LDG_C7C921BD,PAY_3BDC2EB7,ACCOUNTS_RECEIVABLE,30000000,CREDIT,2026-08-20T03:54:14Z
LDG_EB4C2629,PAY_98E6C645,ACCOUNTS_RECEIVABLE,716800,CREDIT,2026-08-20T02:22:19Z
LDG_DDEC1229,PAY_D4057AEA,ACCOUNTS_RECEIVABLE,1758100,CREDIT,2026-08-15T16:57:18Z
LDG_EF0D4413,PAY_DDD9DB17,ACCOUNTS_RECEIVABLE,1436900,CREDIT,2026-07-16T15:45:29Z
LDG_C54F49BD,PAY_07433079,ACCOUNTS_RECEIVABLE,596800,CREDIT,2026-08-19T09:08:23Z
LDG_7B899A95,PAY_C7666025,ACCOUNTS_RECEIVABLE,1853900,CREDIT,2026-08-05T15:35:29Z
LDG_E4A36B89,PAY_95E5D7DA,ACCOUNTS_RECEIVABLE,1115600,CREDIT,2026-08-01T11:24:11Z
LDG_FF01C686,PAY_FFD656CE,ACCOUNTS_RECEIVABLE,1953600,CREDIT,2026-07-23T16:37:35Z
LDG_D0A2BAF3,PAY_127FDD2F,ACCOUNTS_RECEIVABLE,657600,CREDIT,2026-07-26T14:28:28Z
LDG_BA1DAA29,PAY_FCE4B685,ACCOUNTS_RECEIVABLE,1491400,CREDIT,2026-07-22T01:43:41Z
LDG_6E101D59,PAY_00E345F0,ACCOUNTS_RECEIVABLE,312700,CREDIT,2026-07-24T04:33:34Z
LDG_AE68F687,PAY_CA36BAD0,ACCOUNTS_RECEIVABLE,1990500,CREDIT,2026-08-13T00:33:42Z
LDG_A10D0451,PAY_DB62082A,ACCOUNTS_RECEIVABLE,1454300,CREDIT,2026-07-16T05:39:06Z
LDG_609D4445,PAY_C1CB9123,ACCOUNTS_RECEIVABLE,403600,CREDIT,2026-07-06T10:49:03Z
LDG_5BAFF3FA,PAY_29760013,ACCOUNTS_RECEIVABLE,1304500,CREDIT,2026-08-14T04:25:02Z
LDG_E6B37643,PAY_2C2F51EE,ACCOUNTS_RECEIVABLE,1615500,CREDIT,2026-08-14T01:46:55Z
LDG_6133026F,PAY_F53E0102,ACCOUNTS_RECEIVABLE,206000,CREDIT,2026-07-07T15:52:37Z
LDG_B68CC44D,PAY_ED7578E9,ACCOUNTS_RECEIVABLE,30000000,CREDIT,2026-08-10T00:46:22Z
LDG_DBC160E8,PAY_77B04DF4,ACCOUNTS_RECEIVABLE,618000,CREDIT,2026-08-29T01:30:23Z
LDG_1B647CC8,PAY_5C908A7B,ACCOUNTS_RECEIVABLE,778900,CREDIT,2026-07-26T05:54:54Z
LDG_0C41F19D,PAY_9ACE3E4B,ACCOUNTS_RECEIVABLE,1800000,CREDIT,2026-07-27T06:32:08Z
LDG_CA8E0AB5,PAY_AF808040,ACCOUNTS_RECEIVABLE,714600,CREDIT,2026-07-10T11:53:05Z
LDG_BF23F9B7,PAY_E67CC691,ACCOUNTS_RECEIVABLE,1754700,CREDIT,2026-08-29T13:20:03Z
LDG_EBAE26F5,PAY_8EE64646,ACCOUNTS_RECEIVABLE,922600,CREDIT,2026-08-30T13:52:28Z
LDG_CAC6F04D,PAY_29F475AF,ACCOUNTS_RECEIVABLE,984900,CREDIT,2026-07-20T22:07:14Z
LDG_DFCF4DF9,PAY_037DB285,ACCOUNTS_RECEIVABLE,1866200,CREDIT,2026-08-01T06:02:50Z
LDG_33E4F229,PAY_957EF3B2,ACCOUNTS_RECEIVABLE,1909100,CREDIT,2026-07-27T04:10:19Z
LDG_D6659AB8,PAY_29E97033,ACCOUNTS_RECEIVABLE,61700,CREDIT,2026-07-10T13:10:11Z
LDG_C11B8139,PAY_A94180D7,ACCOUNTS_RECEIVABLE,1227700,CREDIT,2026-08-29T22:24:30Z
LDG_6BB23B55,PAY_6E361377,ACCOUNTS_RECEIVABLE,1292600,CREDIT,2026-09-01T18:47:43Z
LDG_F136CC02,PAY_F9755373,ACCOUNTS_RECEIVABLE,362700,CREDIT,2026-08-13T12:49:01Z
LDG_9BF03225,PAY_AAE422AE,ACCOUNTS_RECEIVABLE,1430200,CREDIT,2026-08-27T19:26:13Z
LDG_4C141036,PAY_44B72421,ACCOUNTS_RECEIVABLE,1194800,CREDIT,2026-07-22T04:37:37Z
LDG_48167BBF,PAY_D85EBE03,ACCOUNTS_RECEIVABLE,455600,CREDIT,2026-07-29T07:24:42Z
LDG_9B431BAF,PAY_7A499B33,ACCOUNTS_RECEIVABLE,280600,CREDIT,2026-07-22T04:40:09Z
LDG_A4F969A4,PAY_C45158B3,ACCOUNTS_RECEIVABLE,1563000,CREDIT,2026-07-26T04:08:06Z
LDG_A04BD120,PAY_47764637,ACCOUNTS_RECEIVABLE,338300,CREDIT,2026-07-24T00:44:22Z
LDG_E5A7A763,PAY_F3BA5200,ACCOUNTS_RECEIVABLE,1069000,CREDIT,2026-07-16T04:11:04Z
LDG_8F0059F6,PAY_4B666FD1,ACCOUNTS_RECEIVABLE,1577300,CREDIT,2026-08-23T18:38:29Z
LDG_CD252A78,PAY_0D87511D,ACCOUNTS_RECEIVABLE,980000,CREDIT,2026-07-09T05:16:34Z
LDG_4523A277,PAY_1CCDC243,ACCOUNTS_RECEIVABLE,1898900,CREDIT,2026-07-13T07:13:00Z
LDG_684E184B,PAY_83893174,ACCOUNTS_RECEIVABLE,276200,CREDIT,2026-08-12T18:14:22Z
LDG_1F3A5405,PAY_74D8822A,ACCOUNTS_RECEIVABLE,127900,CREDIT,2026-07-12T23:58:32Z
LDG_D4A5D125,PAY_0DE901B9,ACCOUNTS_RECEIVABLE,1688700,CREDIT,2026-08-19T18:04:57Z
LDG_9206A55F,PAY_7BE35DDD,ACCOUNTS_RECEIVABLE,1228800,CREDIT,2026-08-07T16:19:03Z
LDG_32387F76,PAY_15368842,ACCOUNTS_RECEIVABLE,537300,CREDIT,2026-08-25T01:15:06Z
LDG_4E39A4B2,PAY_E86D658C,ACCOUNTS_RECEIVABLE,858700,CREDIT,2026-08-01T09:19:48Z
LDG_8909611B,PAY_C430CE14,ACCOUNTS_RECEIVABLE,1937000,CREDIT,2026-07-30T11:02:33Z
LDG_B211591D,PAY_7356DBD1,ACCOUNTS_RECEIVABLE,1379700,CREDIT,2026-07-25T21:03:10Z
LDG_B0E2A4EB,PAY_8ED1CBD7,ACCOUNTS_RECEIVABLE,832900,CREDIT,2026-07-22T12:46:18Z
LDG_551D0E60,PAY_05DA55F5,ACCOUNTS_RECEIVABLE,345000,CREDIT,2026-08-16T09:26:21Z
LDG_92921FB9,PAY_81A23391,ACCOUNTS_RECEIVABLE,1417900,CREDIT,2026-07-23T20:15:47Z
LDG_C2A452A0,PAY_56BE70A8,ACCOUNTS_RECEIVABLE,891600,CREDIT,2026-07-31T16:41:08Z
LDG_F01DE43A,PAY_36D408E2,ACCOUNTS_RECEIVABLE,286800,CREDIT,2026-08-28T18:55:06Z
LDG_52B71F71,PAY_64C98540,ACCOUNTS_RECEIVABLE,1477400,CREDIT,2026-08-17T00:44:08Z
LDG_A9BFC9AB,PAY_EF2710AA,ACCOUNTS_RECEIVABLE,1361700,CREDIT,2026-08-18T08:24:31Z
LDG_42DBB842,PAY_05E4BDB1,ACCOUNTS_RECEIVABLE,1515300,CREDIT,2026-08-15T12:10:21Z
LDG_BB4D1E69,PAY_3BA05184,ACCOUNTS_RECEIVABLE,1581600,CREDIT,2026-07-01T21:28:26Z
LDG_89D91701,PAY_98C43E14,ACCOUNTS_RECEIVABLE,1878200,CREDIT,2026-07-26T07:11:22Z
LDG_0934AF2B,PAY_A707016B,ACCOUNTS_RECEIVABLE,954700,CREDIT,2026-08-13T22:16:52Z
LDG_34C7ED16,PAY_FA38EF39,ACCOUNTS_RECEIVABLE,632500,CREDIT,2026-07-13T23:30:52Z
LDG_587A2E3B,PAY_26141C66,ACCOUNTS_RECEIVABLE,483100,CREDIT,2026-08-10T07:22:53Z
LDG_957F70F4,PAY_28F93EBF,ACCOUNTS_RECEIVABLE,841800,CREDIT,2026-08-15T12:46:59Z
LDG_B428A476,PAY_352CF32E,ACCOUNTS_RECEIVABLE,1955800,CREDIT,2026-08-25T22:25:14Z
LDG_B1C5AACC,PAY_5B5F2C94,ACCOUNTS_RECEIVABLE,1681300,CREDIT,2026-08-12T08:53:53Z
LDG_80D79419,PAY_D759909D,ACCOUNTS_RECEIVABLE,1436700,CREDIT,2026-07-14T14:18:00Z
LDG_9F375397,PAY_892AD138,ACCOUNTS_RECEIVABLE,276400,CREDIT,2026-07-12T16:55:19Z
LDG_A86E7D28,PAY_479EF691,ACCOUNTS_RECEIVABLE,757400,CREDIT,2026-07-26T23:41:27Z
LDG_D88E84FA,PAY_9BCE49EC,ACCOUNTS_RECEIVABLE,245100,CREDIT,2026-07-18T09:51:56Z
LDG_B4AAD476,PAY_60B3B441,ACCOUNTS_RECEIVABLE,1728900,CREDIT,2026-08-15T09:42:56Z
LDG_370F6380,PAY_7DA52800,ACCOUNTS_RECEIVABLE,1510400,CREDIT,2026-07-31T16:49:05Z
LDG_BB73DAFA,PAY_03AF0104,ACCOUNTS_RECEIVABLE,1293000,CREDIT,2026-08-05T08:54:47Z
LDG_9488736C,PAY_9A539638,ACCOUNTS_RECEIVABLE,1134100,CREDIT,2026-08-06T04:27:59Z
LDG_F82A4DB7,PAY_46832167,ACCOUNTS_RECEIVABLE,1619500,CREDIT,2026-07-26T05:21:15Z
LDG_FE03273B,PAY_A2840050,ACCOUNTS_RECEIVABLE,1200800,CREDIT,2026-07-22T02:45:54Z
LDG_3DE3042C,PAY_2185ABB9,ACCOUNTS_RECEIVABLE,1689800,CREDIT,2026-07-08T11:56:56Z
LDG_323F166D,PAY_A6726141,ACCOUNTS_RECEIVABLE,1429800,CREDIT,2026-08-11T22:36:08Z
LDG_C7BABDB0,PAY_62C2F507,ACCOUNTS_RECEIVABLE,596100,CREDIT,2026-07-11T10:20:43Z
LDG_F446CA8A,PAY_BE9EE212,ACCOUNTS_RECEIVABLE,1904300,CREDIT,2026-08-18T02:39:12Z
LDG_7EAFF904,PAY_188D4A15,ACCOUNTS_RECEIVABLE,1182700,CREDIT,2026-08-12T00:55:23Z
LDG_A6BEDAAD,PAY_5DC88968,ACCOUNTS_RECEIVABLE,1191700,CREDIT,2026-08-29T23:03:10Z
LDG_A36DB722,PAY_56A3BFEC,ACCOUNTS_RECEIVABLE,313800,CREDIT,2026-07-06T04:09:23Z
LDG_A9D77961,PAY_DE9912BD,ACCOUNTS_RECEIVABLE,656900,CREDIT,2026-08-03T22:42:17Z
LDG_352FA172,PAY_3F1C5680,ACCOUNTS_RECEIVABLE,284100,CREDIT,2026-08-15T19:35:46Z
LDG_67BD614E,PAY_28A6AB13,ACCOUNTS_RECEIVABLE,1496100,CREDIT,2026-07-14T03:53:10Z
LDG_0011124E,PAY_DE65518D,ACCOUNTS_RECEIVABLE,1115300,CREDIT,2026-08-18T10:51:56Z
LDG_D3865617,PAY_AADFAC68,ACCOUNTS_RECEIVABLE,305200,CREDIT,2026-08-03T13:27:39Z
LDG_F59D33DD,PAY_66390289,ACCOUNTS_RECEIVABLE,1457500,CREDIT,2026-08-19T00:08:39Z
LDG_A90C1A8D,PAY_E983722F,ACCOUNTS_RECEIVABLE,252500,CREDIT,2026-08-19T13:09:07Z
LDG_54DCE70E,PAY_4B897684,ACCOUNTS_RECEIVABLE,60000000,CREDIT,2026-08-11T23:23:19Z
LDG_D8133454,PAY_21850853,ACCOUNTS_RECEIVABLE,272900,CREDIT,2026-07-18T01:13:38Z
LDG_E8AA8C68,PAY_C1A1490A,ACCOUNTS_RECEIVABLE,1178600,CREDIT,2026-08-20T19:28:15Z
LDG_63BEAFB6,PAY_28E57756,ACCOUNTS_RECEIVABLE,266000,CREDIT,2026-07-20T10:42:17Z
LDG_4DB9FE1F,PAY_AB55499B,ACCOUNTS_RECEIVABLE,62300,CREDIT,2026-08-15T10:36:51Z
LDG_5A3D0C2E,PAY_C878EF3E,ACCOUNTS_RECEIVABLE,175500,CREDIT,2026-07-25T09:25:40Z
LDG_6674F925,PAY_A45DB429,ACCOUNTS_RECEIVABLE,883900,CREDIT,2026-08-11T15:43:16Z
LDG_03DCE223,PAY_53DD0BFA,ACCOUNTS_RECEIVABLE,1622100,CREDIT,2026-07-10T04:43:18Z
LDG_A0A7279F,PAY_D44D7940,ACCOUNTS_RECEIVABLE,1380600,CREDIT,2026-07-23T08:51:35Z
LDG_F9599E9F,PAY_77874AE5,ACCOUNTS_RECEIVABLE,317900,CREDIT,2026-07-13T14:02:37Z
LDG_E798EA57,PAY_89309844,ACCOUNTS_RECEIVABLE,1925500,CREDIT,2026-07-19T21:17:40Z
LDG_A89E1EA5,PAY_21ACA136,ACCOUNTS_RECEIVABLE,1290000,CREDIT,2026-07-19T17:43:59Z
LDG_BF19DF29,PAY_5E3555FF,ACCOUNTS_RECEIVABLE,1044600,CREDIT,2026-08-09T01:56:03Z
LDG_0E97D099,PAY_BCE12B54,ACCOUNTS_RECEIVABLE,1783700,CREDIT,2026-07-14T21:25:10Z
LDG_A63A34DE,PAY_ACCF9582,ACCOUNTS_RECEIVABLE,1096900,CREDIT,2026-07-11T21:06:08Z
LDG_A5BC2E07,PAY_B17C6912,ACCOUNTS_RECEIVABLE,1849100,CREDIT,2026-08-09T03:59:34Z
LDG_F53C3298,PAY_E243A0B9,ACCOUNTS_RECEIVABLE,513900,CREDIT,2026-08-10T16:33:24Z
LDG_E5FA65AE,PAY_5F5329EE,ACCOUNTS_RECEIVABLE,160800,CREDIT,2026-07-24T11:17:55Z
LDG_A49D1770,PAY_390FA430,ACCOUNTS_RECEIVABLE,1062300,CREDIT,2026-07-28T06:28:36Z
LDG_E051BC60,PAY_A975F66B,ACCOUNTS_RECEIVABLE,1116200,CREDIT,2026-07-18T21:40:38Z
LDG_B3601F37,PAY_DBC5FB0B,ACCOUNTS_RECEIVABLE,1338200,CREDIT,2026-08-26T03:27:57Z
LDG_9BD6FAB4,PAY_3C1A7DEE,ACCOUNTS_RECEIVABLE,750600,CREDIT,2026-07-02T12:43:34Z
LDG_7DE38A29,PAY_3AFBB2C7,ACCOUNTS_RECEIVABLE,1912100,CREDIT,2026-08-02T11:34:29Z
LDG_D02512E3,PAY_56981D97,ACCOUNTS_RECEIVABLE,194800,CREDIT,2026-07-08T09:37:39Z
LDG_DB89F84C,PAY_4F7A5B88,ACCOUNTS_RECEIVABLE,1035000,CREDIT,2026-08-15T11:12:30Z
LDG_53A58291,PAY_782CE4E6,ACCOUNTS_RECEIVABLE,1227000,CREDIT,2026-08-07T19:31:29Z
LDG_4B196D18,PAY_E8351BDF,ACCOUNTS_RECEIVABLE,372100,CREDIT,2026-07-02T06:48:58Z
LDG_8C2185EC,PAY_CA07FD6F,ACCOUNTS_RECEIVABLE,1827400,CREDIT,2026-07-28T11:29:03Z
LDG_03D34CB3,PAY_3CFA2096,ACCOUNTS_RECEIVABLE,1656800,CREDIT,2026-07-19T21:55:04Z
LDG_244487AD,PAY_169CFB4C,ACCOUNTS_RECEIVABLE,1504100,CREDIT,2026-08-12T16:07:51Z
LDG_051C45E6,PAY_39114866,ACCOUNTS_RECEIVABLE,579200,CREDIT,2026-08-08T02:07:40Z
LDG_6A44093F,PAY_D1270B3B,ACCOUNTS_RECEIVABLE,162700,CREDIT,2026-07-28T02:55:09Z
LDG_F13AA879,PAY_6D69B9E5,ACCOUNTS_RECEIVABLE,510000,CREDIT,2026-07-10T00:58:01Z
LDG_6186E7B7,PAY_932509E6,ACCOUNTS_RECEIVABLE,129800,CREDIT,2026-08-21T01:14:57Z
LDG_B460D8F0,PAY_92988067,ACCOUNTS_RECEIVABLE,883000,CREDIT,2026-09-01T22:21:43Z
LDG_B30B3E4A,PAY_2FC34FB5,ACCOUNTS_RECEIVABLE,924700,CREDIT,2026-07-23T03:35:21Z
LDG_94B7D3AA,PAY_F8D1D5F3,ACCOUNTS_RECEIVABLE,513700,CREDIT,2026-08-11T23:00:04Z
LDG_E0507924,PAY_3EA96D3C,ACCOUNTS_RECEIVABLE,1372300,CREDIT,2026-08-17T04:31:38Z
LDG_70FB09F7,PAY_26262D42,ACCOUNTS_RECEIVABLE,1148000,CREDIT,2026-07-15T22:37:16Z
LDG_104B1937,PAY_1006E676,ACCOUNTS_RECEIVABLE,15000000,CREDIT,2026-07-18T02:10:02Z
LDG_F22F4997,PAY_BD819676,ACCOUNTS_RECEIVABLE,742300,CREDIT,2026-07-11T09:21:26Z
LDG_0901AC4F,PAY_067FC006,ACCOUNTS_RECEIVABLE,1799100,CREDIT,2026-07-03T21:59:28Z
LDG_A71CBF99,PAY_06C442BB,ACCOUNTS_RECEIVABLE,1223600,CREDIT,2026-08-21T10:44:52Z
LDG_22B5F391,PAY_CF29918C,ACCOUNTS_RECEIVABLE,325200,CREDIT,2026-07-03T22:27:05Z
LDG_A00256DE,PAY_4560539B,ACCOUNTS_RECEIVABLE,978800,CREDIT,2026-07-01T06:37:13Z
LDG_D60F3E7C,PAY_E2C5BE26,ACCOUNTS_RECEIVABLE,1878500,CREDIT,2026-07-26T03:15:16Z
LDG_8F4BCD7B,PAY_3ADBE738,ACCOUNTS_RECEIVABLE,1816100,CREDIT,2026-08-14T22:20:01Z
LDG_7DE3D9F3,PAY_FB657F5E,ACCOUNTS_RECEIVABLE,1143300,CREDIT,2026-08-05T13:59:50Z
LDG_C9B4DE67,PAY_78BE5081,ACCOUNTS_RECEIVABLE,348800,CREDIT,2026-08-07T04:46:31Z
LDG_E62D118D,PAY_1FFC698F,ACCOUNTS_RECEIVABLE,342700,CREDIT,2026-07-11T15:31:14Z
LDG_756B6B62,PAY_729F2671,ACCOUNTS_RECEIVABLE,125500,CREDIT,2026-07-01T15:07:16Z
LDG_A5E78EDF,PAY_736B7E38,ACCOUNTS_RECEIVABLE,276900,CREDIT,2026-07-06T08:44:52Z
LDG_4D43BA65,PAY_C94FC588,ACCOUNTS_RECEIVABLE,177400,CREDIT,2026-07-29T19:13:20Z
LDG_DC780B3D,PAY_4D990236,ACCOUNTS_RECEIVABLE,673300,CREDIT,2026-08-16T21:36:44Z
LDG_FEDBD017,PAY_7C695975,ACCOUNTS_RECEIVABLE,731200,CREDIT,2026-07-31T02:53:02Z
LDG_4DF5DBB0,PAY_8C63932A,ACCOUNTS_RECEIVABLE,1469300,CREDIT,2026-08-31T01:45:08Z
LDG_2404B950,PAY_BE8049F0,ACCOUNTS_RECEIVABLE,509200,CREDIT,2026-07-28T11:37:45Z
LDG_40448ED5,PAY_046E35C7,ACCOUNTS_RECEIVABLE,1494600,CREDIT,2026-07-14T18:03:44Z
LDG_1838A417,PAY_A9113311,ACCOUNTS_RECEIVABLE,610400,CREDIT,2026-07-19T06:43:07Z
LDG_8D302BFB,PAY_45CC7A70,ACCOUNTS_RECEIVABLE,93600,CREDIT,2026-08-13T11:05:05Z
LDG_4448D2F8,PAY_5DBD4468,ACCOUNTS_RECEIVABLE,1859800,CREDIT,2026-08-05T15:59:02Z
LDG_AF736252,PAY_318164E8,ACCOUNTS_RECEIVABLE,1056200,CREDIT,2026-07-21T03:00:24Z
LDG_0DC23E63,PAY_2D097E98,ACCOUNTS_RECEIVABLE,1683500,CREDIT,2026-08-21T10:50:31Z
LDG_1899EF4E,PAY_55B8FFBE,ACCOUNTS_RECEIVABLE,1868600,CREDIT,2026-07-28T16:22:02Z
LDG_849840B2,PAY_2CC51EF4,ACCOUNTS_RECEIVABLE,32500,CREDIT,2026-08-04T01:31:26Z
LDG_9DEAA77B,PAY_82A07D17,ACCOUNTS_RECEIVABLE,1258700,CREDIT,2026-08-29T05:16:26Z
LDG_B0AFE8A7,PAY_3E9C3B93,ACCOUNTS_RECEIVABLE,1246500,CREDIT,2026-07-16T20:46:08Z
LDG_0E15EE6F,PAY_AC85C926,ACCOUNTS_RECEIVABLE,1480600,CREDIT,2026-07-18T05:22:31Z
LDG_5FA11DEB,PAY_6FDB96FC,ACCOUNTS_RECEIVABLE,1689200,CREDIT,2026-07-24T10:29:04Z
LDG_E0B77B55,PAY_0FDB43C0,ACCOUNTS_RECEIVABLE,1770300,CREDIT,2026-08-17T20:52:44Z
LDG_D60E512D,PAY_FFEE2406,ACCOUNTS_RECEIVABLE,468800,CREDIT,2026-07-19T16:38:43Z
LDG_56A61782,PAY_B107044B,ACCOUNTS_RECEIVABLE,1911200,CREDIT,2026-07-14T20:09:51Z
LDG_48C1D2E7,PAY_7F314C50,ACCOUNTS_RECEIVABLE,1114300,CREDIT,2026-07-20T15:04:40Z
LDG_22BB4CBE,PAY_443A0D39,ACCOUNTS_RECEIVABLE,486300,CREDIT,2026-07-28T22:59:05Z
LDG_3E38C6F5,PAY_34EE30E1,ACCOUNTS_RECEIVABLE,325700,CREDIT,2026-08-04T14:22:47Z
LDG_F2CD2E8E,PAY_3D43C5C1,ACCOUNTS_RECEIVABLE,1960400,CREDIT,2026-08-10T17:30:39Z
LDG_A78C5483,PAY_D996B919,ACCOUNTS_RECEIVABLE,182700,CREDIT,2026-08-30T15:28:28Z
LDG_D3114622,PAY_9BB321D6,ACCOUNTS_RECEIVABLE,793800,CREDIT,2026-07-28T09:45:01Z
LDG_88BBC858,PAY_50D214A2,ACCOUNTS_RECEIVABLE,164400,CREDIT,2026-08-13T15:25:52Z
LDG_4DC441FA,PAY_DA3FA0EF,ACCOUNTS_RECEIVABLE,1134200,CREDIT,2026-08-19T12:59:32Z
LDG_80938314,PAY_4338F64E,ACCOUNTS_RECEIVABLE,1135600,CREDIT,2026-08-28T01:20:11Z
LDG_09EB8A34,PAY_FA1600FA,ACCOUNTS_RECEIVABLE,867500,CREDIT,2026-08-10T07:12:20Z
LDG_50309AD3,PAY_DAF86D5F,ACCOUNTS_RECEIVABLE,1107100,CREDIT,2026-08-28T17:35:46Z
LDG_AF2CF60A,PAY_23DFAD5F,ACCOUNTS_RECEIVABLE,1614400,CREDIT,2026-07-24T20:06:40Z
LDG_6D542D07,PAY_CF25F0A6,ACCOUNTS_RECEIVABLE,1964000,CREDIT,2026-08-10T14:06:55Z
LDG_4E44695B,PAY_51E7850C,ACCOUNTS_RECEIVABLE,1748700,CREDIT,2026-08-09T18:48:57Z
LDG_B3D942A7,PAY_5EB558AC,ACCOUNTS_RECEIVABLE,532500,CREDIT,2026-07-22T04:01:54Z
LDG_E33ACC77,PAY_1DE342CA,ACCOUNTS_RECEIVABLE,1997800,CREDIT,2026-08-02T07:01:48Z
LDG_11216C91,PAY_3E935B71,ACCOUNTS_RECEIVABLE,1193400,CREDIT,2026-08-11T20:46:18Z
LDG_BBBAE55B,PAY_5ACE4322,ACCOUNTS_RECEIVABLE,1818600,CREDIT,2026-07-18T07:30:54Z
LDG_F2FC95DB,PAY_737D92CE,ACCOUNTS_RECEIVABLE,100500,CREDIT,2026-08-07T06:32:17Z
LDG_695B9C22,PAY_1BBE7EDF,ACCOUNTS_RECEIVABLE,1011800,CREDIT,2026-07-06T13:43:09Z
LDG_DEFC8FE0,PAY_9CF459AE,ACCOUNTS_RECEIVABLE,487300,CREDIT,2026-07-05T06:12:26Z
LDG_562AC8C2,PAY_66FBF96B,ACCOUNTS_RECEIVABLE,1493400,CREDIT,2026-07-31T11:31:00Z
LDG_52547F15,PAY_E9517E4D,ACCOUNTS_RECEIVABLE,1927000,CREDIT,2026-07-29T03:44:25Z
LDG_800A0251,PAY_C4A5639E,ACCOUNTS_RECEIVABLE,919400,CREDIT,2026-07-05T06:50:59Z
LDG_42325301,PAY_FF065C45,ACCOUNTS_RECEIVABLE,423200,CREDIT,2026-08-31T04:08:00Z
LDG_D629227A,PAY_E628314C,ACCOUNTS_RECEIVABLE,589500,CREDIT,2026-08-21T18:36:52Z
LDG_95957AAE,PAY_380625A9,ACCOUNTS_RECEIVABLE,553800,CREDIT,2026-07-18T08:24:13Z
LDG_740696C1,PAY_EBF370FB,ACCOUNTS_RECEIVABLE,787600,CREDIT,2026-08-06T11:51:49Z
LDG_C16DEF6E,PAY_D0C056E3,ACCOUNTS_RECEIVABLE,289000,CREDIT,2026-07-28T01:23:10Z
LDG_3DEEF217,PAY_16CA1F99,ACCOUNTS_RECEIVABLE,1475300,CREDIT,2026-08-17T01:05:05Z
LDG_0B9A9EB8,PAY_63F7974D,ACCOUNTS_RECEIVABLE,1549400,CREDIT,2026-08-12T18:23:14Z
LDG_24200EE1,PAY_99B26D95,ACCOUNTS_RECEIVABLE,482800,CREDIT,2026-08-25T16:02:46Z
LDG_79B0816C,PAY_EC130933,ACCOUNTS_RECEIVABLE,1066000,CREDIT,2026-07-15T09:17:36Z
LDG_42891B58,PAY_DCCE1280,ACCOUNTS_RECEIVABLE,1143700,CREDIT,2026-07-06T17:23:32Z
LDG_B6E3C46D,PAY_30A40943,ACCOUNTS_RECEIVABLE,233800,CREDIT,2026-07-29T08:46:56Z
LDG_980BD0DD,PAY_D689B8E8,ACCOUNTS_RECEIVABLE,265700,CREDIT,2026-08-13T14:36:29Z
LDG_1E61E367,PAY_CAFA616C,ACCOUNTS_RECEIVABLE,475800,CREDIT,2026-08-01T17:50:27Z
LDG_BE872DF3,PAY_D07F545C,ACCOUNTS_RECEIVABLE,1094200,CREDIT,2026-08-24T19:11:06Z
LDG_51FCE356,PAY_4DF0A92C,ACCOUNTS_RECEIVABLE,1953000,CREDIT,2026-08-02T13:22:45Z
LDG_8847176A,PAY_FBFE4BA7,ACCOUNTS_RECEIVABLE,226400,CREDIT,2026-08-12T17:59:35Z
LDG_7D6DDDB2,PAY_6030BE06,ACCOUNTS_RECEIVABLE,1710700,CREDIT,2026-08-20T16:45:45Z
LDG_7E07AE62,PAY_D02B2FDA,ACCOUNTS_RECEIVABLE,845100,CREDIT,2026-07-01T03:12:14Z
LDG_EED881F0,PAY_2B219604,ACCOUNTS_RECEIVABLE,1142900,CREDIT,2026-07-29T13:42:14Z
LDG_13F685B4,PAY_40497611,ACCOUNTS_RECEIVABLE,1401500,CREDIT,2026-07-28T19:10:25Z
LDG_D99643CB,PAY_AD229E8D,ACCOUNTS_RECEIVABLE,974300,CREDIT,2026-07-02T01:42:14Z
LDG_D857CDA6,PAY_41A1B8F2,ACCOUNTS_RECEIVABLE,1844100,CREDIT,2026-08-17T16:02:22Z
LDG_B99B42C9,PAY_0104A8B3,ACCOUNTS_RECEIVABLE,373000,CREDIT,2026-07-25T02:58:55Z
LDG_B8FE2390,PAY_94068C3B,ACCOUNTS_RECEIVABLE,593600,CREDIT,2026-07-07T19:54:06Z
LDG_031B785E,PAY_192B1F6F,ACCOUNTS_RECEIVABLE,30000000,CREDIT,2026-07-09T21:58:35Z
LDG_65818D6F,PAY_7FA02AD0,ACCOUNTS_RECEIVABLE,289300,CREDIT,2026-08-07T16:56:36Z
LDG_FCC3F840,PAY_45F7289F,ACCOUNTS_RECEIVABLE,644300,CREDIT,2026-07-17T02:21:31Z
LDG_ECA754C9,PAY_F9CFE575,ACCOUNTS_RECEIVABLE,706900,CREDIT,2026-07-22T12:29:18Z
LDG_C1E4A987,PAY_271AF1DA,ACCOUNTS_RECEIVABLE,1027900,CREDIT,2026-08-15T13:34:19Z
LDG_83421695,PAY_E886C85C,ACCOUNTS_RECEIVABLE,1252800,CREDIT,2026-08-09T07:20:31Z
LDG_792824F8,PAY_CD76C69F,ACCOUNTS_RECEIVABLE,827400,CREDIT,2026-08-29T13:02:33Z
LDG_633C869A,PAY_67030857,ACCOUNTS_RECEIVABLE,1155900,CREDIT,2026-07-18T08:41:41Z
LDG_96D9EA27,PAY_2F5FFA10,ACCOUNTS_RECEIVABLE,1050600,CREDIT,2026-07-16T14:05:24Z
LDG_460E6CB8,PAY_F95A3C80,ACCOUNTS_RECEIVABLE,598100,CREDIT,2026-07-08T12:52:46Z
LDG_7946EB96,PAY_77A4A48A,ACCOUNTS_RECEIVABLE,812800,CREDIT,2026-08-04T13:22:18Z
LDG_EBA2AE74,PAY_E8671A4B,ACCOUNTS_RECEIVABLE,1630600,CREDIT,2026-08-09T07:03:00Z
LDG_636DB582,PAY_6CD90873,ACCOUNTS_RECEIVABLE,1844500,CREDIT,2026-07-14T20:42:53Z
LDG_A326ACB9,PAY_F8A27919,ACCOUNTS_RECEIVABLE,899400,CREDIT,2026-08-01T07:14:40Z
LDG_1ADAF702,PAY_E236D452,ACCOUNTS_RECEIVABLE,30000000,CREDIT,2026-07-30T10:22:26Z
LDG_7AE99B0F,PAY_82344999,ACCOUNTS_RECEIVABLE,679900,CREDIT,2026-08-17T03:44:59Z
LDG_7B24B865,PAY_13908A50,ACCOUNTS_RECEIVABLE,605000,CREDIT,2026-07-29T03:07:57Z
LDG_B35D155D,PAY_5FAF2EAB,ACCOUNTS_RECEIVABLE,395700,CREDIT,2026-08-19T18:28:14Z
LDG_F830550C,PAY_86D8190B,ACCOUNTS_RECEIVABLE,249500,CREDIT,2026-08-29T01:37:20Z
LDG_C067E6EF,PAY_BA580C3E,ACCOUNTS_RECEIVABLE,399000,CREDIT,2026-08-17T22:37:44Z
LDG_4F9F9C44,PAY_9CEDCF63,ACCOUNTS_RECEIVABLE,1464900,CREDIT,2026-07-03T03:09:52Z
LDG_50FBF114,PAY_D99995D5,ACCOUNTS_RECEIVABLE,60000000,CREDIT,2026-08-20T21:52:53Z
LDG_C977C787,PAY_0649FE0A,ACCOUNTS_RECEIVABLE,1431900,CREDIT,2026-08-12T16:04:51Z
LDG_9349C3C5,PAY_77953F0C,ACCOUNTS_RECEIVABLE,1574600,CREDIT,2026-07-13T22:26:35Z
LDG_A876261A,PAY_008B5740,ACCOUNTS_RECEIVABLE,1703000,CREDIT,2026-08-21T18:39:13Z
LDG_B0B27BE0,PAY_3B42B7DC,ACCOUNTS_RECEIVABLE,1213500,CREDIT,2026-08-19T09:09:23Z
LDG_FD57460E,PAY_C4EF1D99,ACCOUNTS_RECEIVABLE,952400,CREDIT,2026-08-22T13:18:04Z
LDG_19ACEB62,PAY_D83FBACE,ACCOUNTS_RECEIVABLE,789100,CREDIT,2026-07-07T15:28:55Z
LDG_06553BD8,PAY_4588D12E,ACCOUNTS_RECEIVABLE,891800,CREDIT,2026-08-02T23:51:13Z
LDG_CAFB1180,PAY_655FE19F,ACCOUNTS_RECEIVABLE,1940400,CREDIT,2026-07-24T07:56:15Z
LDG_F1030ABA,PAY_6A6F0DF8,ACCOUNTS_RECEIVABLE,769800,CREDIT,2026-07-14T13:08:38Z
LDG_4304BD93,PAY_67787DFC,ACCOUNTS_RECEIVABLE,1456900,CREDIT,2026-07-12T05:34:25Z
LDG_869DE31B,PAY_DDD16D95,ACCOUNTS_RECEIVABLE,984200,CREDIT,2026-08-12T06:48:03Z
LDG_0EAEE53C,PAY_37689394,ACCOUNTS_RECEIVABLE,20200,CREDIT,2026-08-20T13:08:41Z
LDG_9A546F30,PAY_3B39EF7E,ACCOUNTS_RECEIVABLE,891000,CREDIT,2026-07-03T21:31:02Z
LDG_0F351B96,PAY_E03BA1DE,ACCOUNTS_RECEIVABLE,372000,CREDIT,2026-08-19T17:44:06Z
LDG_EF82A0DA,PAY_C6B2FB87,ACCOUNTS_RECEIVABLE,1809200,CREDIT,2026-07-29T05:00:52Z
LDG_DB47F5D4,PAY_2E8FAB5D,ACCOUNTS_RECEIVABLE,942800,CREDIT,2026-08-26T10:36:37Z
LDG_16A54539,PAY_99A70578,ACCOUNTS_RECEIVABLE,1304300,CREDIT,2026-08-10T22:59:39Z
LDG_DEDFFB6A,PAY_9C33F665,ACCOUNTS_RECEIVABLE,1352400,CREDIT,2026-07-03T08:38:22Z
LDG_6C61FBC5,PAY_BB283313,ACCOUNTS_RECEIVABLE,584200,CREDIT,2026-07-07T14:52:13Z
LDG_09122FF1,PAY_2CBDAB85,ACCOUNTS_RECEIVABLE,1227600,CREDIT,2026-08-24T19:21:49Z
LDG_B7AD8E1A,PAY_58F42D30,ACCOUNTS_RECEIVABLE,1582400,CREDIT,2026-08-20T22:15:20Z
LDG_19ABE0A5,PAY_0658578E,ACCOUNTS_RECEIVABLE,196200,CREDIT,2026-07-19T06:58:04Z
LDG_09942454,PAY_223B602E,ACCOUNTS_RECEIVABLE,1246300,CREDIT,2026-07-24T20:31:13Z
LDG_9C406C15,PAY_B2360787,ACCOUNTS_RECEIVABLE,1437200,CREDIT,2026-07-06T15:49:06Z
LDG_4D9B580B,PAY_6ED4079E,ACCOUNTS_RECEIVABLE,651400,CREDIT,2026-07-02T19:17:30Z
LDG_3AC942CA,PAY_42BB81DB,ACCOUNTS_RECEIVABLE,687000,CREDIT,2026-08-31T13:05:52Z
LDG_68BDB097,PAY_4095781E,ACCOUNTS_RECEIVABLE,1872500,CREDIT,2026-08-04T08:49:18Z
LDG_11955CA5,PAY_B7BF119A,ACCOUNTS_RECEIVABLE,499000,CREDIT,2026-07-16T07:45:43Z
LDG_403B37EB,PAY_B7B34024,ACCOUNTS_RECEIVABLE,1821400,CREDIT,2026-08-21T17:07:52Z
LDG_1D06E764,PAY_0C268FD7,ACCOUNTS_RECEIVABLE,1486700,CREDIT,2026-07-30T03:50:26Z
LDG_6A018FA5,PAY_5973DB67,ACCOUNTS_RECEIVABLE,1485000,CREDIT,2026-08-03T22:06:21Z
LDG_923DB138,PAY_B9D23104,ACCOUNTS_RECEIVABLE,841900,CREDIT,2026-07-18T09:54:30Z
LDG_812C74DA,PAY_B8DE8CDF,ACCOUNTS_RECEIVABLE,994900,CREDIT,2026-08-14T06:33:23Z
LDG_13CFCCAB,PAY_93E05BC6,ACCOUNTS_RECEIVABLE,1141600,CREDIT,2026-07-28T20:16:23Z
LDG_D948780D,PAY_0A1CA60F,ACCOUNTS_RECEIVABLE,715900,CREDIT,2026-07-24T15:12:18Z
LDG_B575DECA,PAY_F3FF991F,ACCOUNTS_RECEIVABLE,1738700,CREDIT,2026-08-15T08:17:18Z
LDG_2AA3B148,PAY_995CF3A7,ACCOUNTS_RECEIVABLE,827100,CREDIT,2026-07-12T06:42:43Z
LDG_289D9DC5,PAY_CD32F342,ACCOUNTS_RECEIVABLE,372400,CREDIT,2026-07-11T02:02:19Z
LDG_88BD7B78,PAY_BA746282,ACCOUNTS_RECEIVABLE,1266200,CREDIT,2026-07-22T15:31:08Z
LDG_F1CCD4AD,PAY_8533644F,ACCOUNTS_RECEIVABLE,1217100,CREDIT,2026-07-05T07:55:16Z
LDG_6C39A731,PAY_0B45E883,ACCOUNTS_RECEIVABLE,516700,CREDIT,2026-08-23T02:04:53Z
LDG_6ABF0481,PAY_52C0EA47,ACCOUNTS_RECEIVABLE,1368700,CREDIT,2026-08-25T19:23:30Z
LDG_A7B81A8E,PAY_933A42C8,ACCOUNTS_RECEIVABLE,1836100,CREDIT,2026-08-29T06:30:02Z
LDG_7EFC7098,PAY_8E1CA84A,ACCOUNTS_RECEIVABLE,369300,CREDIT,2026-07-06T16:40:41Z
LDG_FD97B424,PAY_660E6D75,ACCOUNTS_RECEIVABLE,1736500,CREDIT,2026-07-06T18:08:47Z
LDG_406A2BC3,PAY_164BE712,ACCOUNTS_RECEIVABLE,1441200,CREDIT,2026-08-25T09:37:19Z
LDG_A0A86B51,PAY_1BAC6C2A,ACCOUNTS_RECEIVABLE,102500,CREDIT,2026-08-29T13:35:20Z
LDG_351EA35A,PAY_BE12A67B,ACCOUNTS_RECEIVABLE,533600,CREDIT,2026-08-13T06:02:08Z
LDG_3870063D,PAY_2BC1F6C0,ACCOUNTS_RECEIVABLE,15000000,CREDIT,2026-08-11T15:22:22Z
LDG_36B27CA0,PAY_77EC94A8,ACCOUNTS_RECEIVABLE,729700,CREDIT,2026-08-21T21:08:44Z
LDG_82C627CE,PAY_38429ADB,ACCOUNTS_RECEIVABLE,1366700,CREDIT,2026-07-30T15:06:37Z
LDG_9FEB6868,PAY_60C6D0C2,ACCOUNTS_RECEIVABLE,758200,CREDIT,2026-08-12T07:12:20Z
LDG_ADB96385,PAY_607160BE,ACCOUNTS_RECEIVABLE,140700,CREDIT,2026-07-07T16:49:19Z
LDG_0929BDB4,PAY_B4F567C6,ACCOUNTS_RECEIVABLE,597300,CREDIT,2026-08-10T18:08:10Z
LDG_82BA38A1,PAY_A0C76427,ACCOUNTS_RECEIVABLE,138300,CREDIT,2026-08-20T06:49:36Z
LDG_E19266F4,PAY_3DBFC99A,ACCOUNTS_RECEIVABLE,731800,CREDIT,2026-08-25T18:19:43Z
LDG_B333D551,PAY_165960A5,ACCOUNTS_RECEIVABLE,1966500,CREDIT,2026-08-17T14:17:13Z
LDG_F1A5E5DC,PAY_41C75C4C,ACCOUNTS_RECEIVABLE,1239800,CREDIT,2026-09-01T02:25:46Z
LDG_C6C14FDF,PAY_D35F0C00,ACCOUNTS_RECEIVABLE,60000000,CREDIT,2026-08-17T12:14:47Z
LDG_268C311F,PAY_4E6A70EE,ACCOUNTS_RECEIVABLE,573100,CREDIT,2026-07-13T05:03:45Z
LDG_E0D2CA10,PAY_D16867B1,ACCOUNTS_RECEIVABLE,1857800,CREDIT,2026-07-21T17:34:03Z
LDG_247BF889,PAY_305995DF,ACCOUNTS_RECEIVABLE,1590100,CREDIT,2026-08-22T22:18:29Z
LDG_31821711,PAY_ED1DF275,ACCOUNTS_RECEIVABLE,261000,CREDIT,2026-07-13T07:31:28Z
LDG_AAD07B8E,PAY_40776D51,ACCOUNTS_RECEIVABLE,1306300,CREDIT,2026-08-08T02:18:24Z
LDG_0387ECE0,PAY_74CDD3C1,ACCOUNTS_RECEIVABLE,1817900,CREDIT,2026-07-11T09:55:34Z
LDG_15D51118,PAY_13484701,ACCOUNTS_RECEIVABLE,733900,CREDIT,2026-07-20T16:34:09Z
LDG_4F0129EF,PAY_252C5D13,ACCOUNTS_RECEIVABLE,284700,CREDIT,2026-07-13T17:55:10Z
LDG_6F37CD71,PAY_385E43A8,ACCOUNTS_RECEIVABLE,487500,CREDIT,2026-07-30T01:57:38Z
LDG_4593248D,PAY_A5B519C6,ACCOUNTS_RECEIVABLE,1753000,CREDIT,2026-08-20T16:21:56Z
LDG_6CEBC1C7,PAY_D737AE7B,ACCOUNTS_RECEIVABLE,789500,CREDIT,2026-07-11T03:10:22Z
LDG_8796160D,PAY_189E853B,ACCOUNTS_RECEIVABLE,1328600,CREDIT,2026-07-10T00:46:45Z
LDG_57DB2A26,PAY_28968DF2,ACCOUNTS_RECEIVABLE,289600,CREDIT,2026-07-07T16:50:06Z
LDG_D5214123,PAY_4A89AC49,ACCOUNTS_RECEIVABLE,377200,CREDIT,2026-07-09T23:30:34Z
LDG_9C840B08,PAY_7689F18C,ACCOUNTS_RECEIVABLE,1420200,CREDIT,2026-08-23T17:18:33Z
LDG_0D77445D,PAY_2EEEED02,ACCOUNTS_RECEIVABLE,1188300,CREDIT,2026-08-13T06:27:20Z
LDG_8506A4E2,PAY_F634C41B,ACCOUNTS_RECEIVABLE,868000,CREDIT,2026-08-19T14:51:59Z
LDG_1440C884,PAY_233F1F43,ACCOUNTS_RECEIVABLE,753200,CREDIT,2026-08-12T01:23:43Z
LDG_96EC172D,PAY_83A08629,ACCOUNTS_RECEIVABLE,1120900,CREDIT,2026-07-28T05:10:57Z
LDG_6AF22D4A,PAY_E0F90D86,ACCOUNTS_RECEIVABLE,611200,CREDIT,2026-08-22T04:16:08Z
LDG_A1381EDA,PAY_66D81090,ACCOUNTS_RECEIVABLE,1254800,CREDIT,2026-07-18T01:20:05Z
LDG_2C91C111,PAY_3CCE5B86,ACCOUNTS_RECEIVABLE,1841400,CREDIT,2026-07-25T16:37:09Z
LDG_D05E6E32,PAY_9FB0ECEB,ACCOUNTS_RECEIVABLE,423400,CREDIT,2026-07-18T21:27:22Z
LDG_B5746C25,PAY_8D5F3098,ACCOUNTS_RECEIVABLE,1323200,CREDIT,2026-08-06T18:18:58Z
LDG_E841CE89,PAY_81733970,ACCOUNTS_RECEIVABLE,1342500,CREDIT,2026-07-09T14:11:21Z
LDG_44C1B76D,PAY_E5499359,ACCOUNTS_RECEIVABLE,1536300,CREDIT,2026-07-02T08:05:44Z
LDG_3E4E1447,PAY_2A3BF1DC,ACCOUNTS_RECEIVABLE,1572100,CREDIT,2026-07-04T21:14:43Z
LDG_C1788FED,PAY_B62B03AD,ACCOUNTS_RECEIVABLE,1495600,CREDIT,2026-07-06T19:05:03Z
LDG_96596DDD,PAY_78D49C5B,ACCOUNTS_RECEIVABLE,1637000,CREDIT,2026-08-16T13:04:43Z
LDG_E67B8218,PAY_F8CD1DEB,ACCOUNTS_RECEIVABLE,1135800,CREDIT,2026-08-30T16:31:49Z
LDG_FD67F9D1,PAY_DC96754D,ACCOUNTS_RECEIVABLE,967600,CREDIT,2026-08-16T21:31:11Z
LDG_4FECB884,PAY_FCB4503E,ACCOUNTS_RECEIVABLE,1625300,CREDIT,2026-08-10T09:05:45Z
LDG_7BF55EB8,PAY_A0AEBCF7,ACCOUNTS_RECEIVABLE,1744200,CREDIT,2026-08-21T07:32:13Z
LDG_26D85BA9,PAY_B18E1AF0,ACCOUNTS_RECEIVABLE,685500,CREDIT,2026-08-11T12:01:21Z
LDG_5CDADB01,PAY_2C4A9400,ACCOUNTS_RECEIVABLE,1421000,CREDIT,2026-07-17T09:03:15Z
LDG_43B788F3,PAY_65BA2FAE,ACCOUNTS_RECEIVABLE,1962300,CREDIT,2026-08-02T23:38:13Z
LDG_4512C28C,PAY_7A76F0E3,ACCOUNTS_RECEIVABLE,1720300,CREDIT,2026-07-29T10:07:05Z
LDG_6B0A328D,PAY_D1ABD72A,ACCOUNTS_RECEIVABLE,5500000,CREDIT,2026-08-13T08:00:38Z
LDG_20CFC563,PAY_5C3DE50F,ACCOUNTS_RECEIVABLE,943900,CREDIT,2026-07-23T16:03:54Z
LDG_93FD54A6,PAY_A918CDEF,ACCOUNTS_RECEIVABLE,146100,CREDIT,2026-08-17T03:29:14Z
LDG_C4064A57,PAY_1F30B4F3,ACCOUNTS_RECEIVABLE,1718500,CREDIT,2026-07-30T11:53:58Z
LDG_4FE2EF8E,PAY_318DA342,ACCOUNTS_RECEIVABLE,1944200,CREDIT,2026-07-19T13:06:44Z
LDG_ED6D508E,PAY_BA155752,ACCOUNTS_RECEIVABLE,134800,CREDIT,2026-08-18T20:40:44Z
LDG_D3E50D2B,PAY_C0674C0A,ACCOUNTS_RECEIVABLE,1793800,CREDIT,2026-08-31T22:59:59Z
LDG_8CBD308B,PAY_6582B3E3,ACCOUNTS_RECEIVABLE,1895800,CREDIT,2026-07-25T21:08:23Z
LDG_458CD0E2,PAY_8BCAF6A9,ACCOUNTS_RECEIVABLE,1350500,CREDIT,2026-07-30T04:10:59Z
LDG_6EB4E9AC,PAY_2280EFF8,ACCOUNTS_RECEIVABLE,100700,CREDIT,2026-07-12T15:18:07Z
LDG_26AD149A,PAY_C183CC29,ACCOUNTS_RECEIVABLE,1678600,CREDIT,2026-07-23T14:45:27Z
LDG_54BCF4FF,PAY_F6CC535D,ACCOUNTS_RECEIVABLE,514300,CREDIT,2026-08-08T00:24:51Z
LDG_B04C1269,PAY_B2793633,ACCOUNTS_RECEIVABLE,1070200,CREDIT,2026-08-22T21:29:07Z
LDG_DB44DD5B,PAY_152EFEB6,ACCOUNTS_RECEIVABLE,1293900,CREDIT,2026-08-10T11:01:34Z
LDG_DD3B1426,PAY_7630239B,ACCOUNTS_RECEIVABLE,1546400,CREDIT,2026-07-06T03:12:42Z
LDG_3BACF1DA,PAY_780BFFFC,ACCOUNTS_RECEIVABLE,1318000,CREDIT,2026-07-04T15:05:11Z
LDG_8C9FDA21,PAY_56672CCC,ACCOUNTS_RECEIVABLE,65600,CREDIT,2026-08-05T03:38:44Z
LDG_18B7E40A,PAY_66AE2E1F,ACCOUNTS_RECEIVABLE,1547800,CREDIT,2026-07-07T06:15:20Z
LDG_51EB970F,PAY_26681F96,ACCOUNTS_RECEIVABLE,1782300,CREDIT,2026-08-09T17:48:50Z
LDG_00BE7A50,PAY_D2163E30,ACCOUNTS_RECEIVABLE,252200,CREDIT,2026-08-02T02:11:13Z
LDG_97A50046,PAY_5764100B,ACCOUNTS_RECEIVABLE,489700,CREDIT,2026-07-03T11:48:21Z
LDG_3EB78294,PAY_EEE3CC99,ACCOUNTS_RECEIVABLE,1647400,CREDIT,2026-08-04T16:15:21Z
LDG_67833E32,PAY_9FC5C57D,ACCOUNTS_RECEIVABLE,411900,CREDIT,2026-07-13T04:34:22Z
LDG_0AD6167C,PAY_A09793EF,ACCOUNTS_RECEIVABLE,1327700,CREDIT,2026-09-01T16:33:34Z
LDG_AB68A77B,PAY_775895CA,ACCOUNTS_RECEIVABLE,1721900,CREDIT,2026-08-25T11:18:26Z
LDG_BDF5A127,PAY_C7DFD6EB,ACCOUNTS_RECEIVABLE,1252900,CREDIT,2026-07-02T20:38:57Z
LDG_72014CF7,PAY_B520D337,ACCOUNTS_RECEIVABLE,433000,CREDIT,2026-08-25T10:24:59Z
LDG_85AD524B,PAY_EF09BB0C,ACCOUNTS_RECEIVABLE,684200,CREDIT,2026-07-03T11:02:39Z
LDG_53024166,PAY_C86D0179,ACCOUNTS_RECEIVABLE,878700,CREDIT,2026-08-24T21:03:16Z
LDG_559E2B01,PAY_5F79E13B,ACCOUNTS_RECEIVABLE,1029400,CREDIT,2026-07-15T00:47:50Z
LDG_576B72D1,PAY_6EAD9FD8,ACCOUNTS_RECEIVABLE,904000,CREDIT,2026-08-20T20:25:18Z
LDG_85640F89,PAY_94D75824,ACCOUNTS_RECEIVABLE,626600,CREDIT,2026-07-07T20:44:49Z
LDG_2F59F71E,PAY_87DFCD44,ACCOUNTS_RECEIVABLE,1382200,CREDIT,2026-08-14T13:21:53Z
LDG_1E18820F,PAY_778A5B85,ACCOUNTS_RECEIVABLE,1308800,CREDIT,2026-07-25T15:05:40Z
LDG_AF847CCC,PAY_CAE7900E,ACCOUNTS_RECEIVABLE,1151800,CREDIT,2026-07-15T21:20:56Z
LDG_CD844642,PAY_B70BFDCA,ACCOUNTS_RECEIVABLE,701000,CREDIT,2026-07-28T01:43:53Z
LDG_7B5AFEC6,PAY_D9DF7049,ACCOUNTS_RECEIVABLE,1814600,CREDIT,2026-08-06T15:19:40Z
LDG_41012536,PAY_93F10F75,ACCOUNTS_RECEIVABLE,345300,CREDIT,2026-07-15T07:04:10Z
LDG_9C0027E4,PAY_435AE19E,ACCOUNTS_RECEIVABLE,358900,CREDIT,2026-08-18T20:05:39Z
LDG_50CDEC0E,PAY_73E3F3FC,ACCOUNTS_RECEIVABLE,1775300,CREDIT,2026-08-25T20:35:43Z
LDG_854D47D5,PAY_69A8619C,ACCOUNTS_RECEIVABLE,30000000,CREDIT,2026-08-20T23:47:31Z
LDG_5774ED42,PAY_2A63BDC7,ACCOUNTS_RECEIVABLE,23600,CREDIT,2026-08-15T16:58:09Z
LDG_2606CBA8,PAY_E5B9C3FE,ACCOUNTS_RECEIVABLE,581500,CREDIT,2026-07-10T22:53:47Z
LDG_C7B57B04,PAY_0EDE9F67,ACCOUNTS_RECEIVABLE,913400,CREDIT,2026-07-29T14:59:55Z
LDG_FA988C52,PAY_C9A123DA,ACCOUNTS_RECEIVABLE,1537500,CREDIT,2026-07-18T04:57:07Z
LDG_9EA13196,PAY_A67430D0,ACCOUNTS_RECEIVABLE,1926100,CREDIT,2026-07-27T04:09:25Z
LDG_E5B2B15C,PAY_1A1953AE,ACCOUNTS_RECEIVABLE,1304500,CREDIT,2026-07-12T04:50:41Z
LDG_BD009049,PAY_6CC0754B,ACCOUNTS_RECEIVABLE,359400,CREDIT,2026-08-18T06:55:35Z
LDG_AE450ECB,PAY_752E8D96,ACCOUNTS_RECEIVABLE,1001400,CREDIT,2026-08-27T10:07:43Z
LDG_4172B001,PAY_BAFB6C68,ACCOUNTS_RECEIVABLE,5500000,CREDIT,2026-08-14T01:31:14Z
LDG_D3433CE1,PAY_C23D1652,ACCOUNTS_RECEIVABLE,1408200,CREDIT,2026-08-30T07:02:32Z
LDG_0B1A4627,PAY_7CE5F6F8,ACCOUNTS_RECEIVABLE,666800,CREDIT,2026-08-30T14:14:11Z
LDG_845CF439,PAY_C990508C,ACCOUNTS_RECEIVABLE,863600,CREDIT,2026-08-01T14:04:06Z
LDG_435E5793,PAY_C0958693,ACCOUNTS_RECEIVABLE,377400,CREDIT,2026-07-23T07:59:12Z
LDG_001B59E4,PAY_A399D0F1,ACCOUNTS_RECEIVABLE,637400,CREDIT,2026-09-01T02:35:41Z
LDG_8FA9B48C,PAY_72A47368,ACCOUNTS_RECEIVABLE,1721700,CREDIT,2026-07-13T22:22:08Z
LDG_26B87E83,PAY_607BBC65,ACCOUNTS_RECEIVABLE,196400,CREDIT,2026-07-12T08:42:50Z
LDG_23222207,PAY_3AF3C6A8,ACCOUNTS_RECEIVABLE,1820800,CREDIT,2026-07-19T04:14:16Z
LDG_8AC96542,PAY_FC1CBA7C,ACCOUNTS_RECEIVABLE,60000000,CREDIT,2026-07-29T08:55:39Z
LDG_3010A722,PAY_04F1A57E,ACCOUNTS_RECEIVABLE,798700,CREDIT,2026-07-10T05:50:49Z
LDG_EF601E5E,PAY_D2EC2EFA,ACCOUNTS_RECEIVABLE,1118200,CREDIT,2026-07-30T03:03:31Z
LDG_A762D19C,PAY_71E100E8,ACCOUNTS_RECEIVABLE,711000,CREDIT,2026-07-22T08:09:59Z
LDG_1D1C4730,PAY_CC31D739,ACCOUNTS_RECEIVABLE,273100,CREDIT,2026-08-22T09:59:01Z
LDG_2E98C75D,PAY_F22EF38A,ACCOUNTS_RECEIVABLE,656800,CREDIT,2026-07-29T17:22:30Z
LDG_AFA0BE91,PAY_380CDD66,ACCOUNTS_RECEIVABLE,1741100,CREDIT,2026-08-15T06:16:58Z
LDG_F6E8C015,PAY_1C8CD14E,ACCOUNTS_RECEIVABLE,977700,CREDIT,2026-07-31T20:57:39Z
LDG_420DA25C,PAY_C4CB75EF,ACCOUNTS_RECEIVABLE,854400,CREDIT,2026-08-28T12:30:46Z
LDG_C1284B8B,PAY_1CCCE486,ACCOUNTS_RECEIVABLE,1041000,CREDIT,2026-07-01T00:10:54Z
LDG_60B657D7,PAY_58C63E92,ACCOUNTS_RECEIVABLE,15000000,CREDIT,2026-07-18T20:40:35Z
LDG_576CE954,PAY_1F786106,ACCOUNTS_RECEIVABLE,1899400,CREDIT,2026-07-03T12:35:49Z
LDG_51FF7B46,PAY_DA765205,ACCOUNTS_RECEIVABLE,1933900,CREDIT,2026-07-18T18:12:44Z
LDG_EF755EFF,PAY_937AEE1C,ACCOUNTS_RECEIVABLE,775600,CREDIT,2026-07-17T12:16:07Z
LDG_86D1D674,PAY_2C069B32,ACCOUNTS_RECEIVABLE,1814600,CREDIT,2026-08-05T07:37:30Z
LDG_2CB98BFD,PAY_1011C57F,ACCOUNTS_RECEIVABLE,1640000,CREDIT,2026-08-20T13:43:11Z
LDG_B5315D41,PAY_8E31D6C7,ACCOUNTS_RECEIVABLE,1059900,CREDIT,2026-07-01T05:56:45Z
LDG_7176E66E,PAY_C9AB67E2,ACCOUNTS_RECEIVABLE,1299700,CREDIT,2026-07-22T03:51:26Z
LDG_A4ABC615,PAY_CB722A17,ACCOUNTS_RECEIVABLE,131300,CREDIT,2026-08-09T19:49:22Z
LDG_B296BDEE,PAY_0A10C0CE,ACCOUNTS_RECEIVABLE,1012600,CREDIT,2026-07-01T09:27:35Z
LDG_DAD547CD,PAY_A7623073,ACCOUNTS_RECEIVABLE,1518600,CREDIT,2026-08-19T10:20:37Z
LDG_CDACEF97,PAY_E82B4A0B,ACCOUNTS_RECEIVABLE,1574700,CREDIT,2026-08-21T10:04:52Z
LDG_A06BA951,PAY_777217DF,ACCOUNTS_RECEIVABLE,1885600,CREDIT,2026-07-27T00:16:50Z
LDG_E57DD92B,PAY_8C21269D,ACCOUNTS_RECEIVABLE,74800,CREDIT,2026-08-10T06:23:54Z
LDG_A595D97A,PAY_E30C3C9C,ACCOUNTS_RECEIVABLE,1366900,CREDIT,2026-07-08T19:17:17Z
LDG_9EDC39EB,PAY_56E66C87,ACCOUNTS_RECEIVABLE,91500,CREDIT,2026-08-31T04:01:29Z
LDG_B262B0F7,PAY_1A6DBB86,ACCOUNTS_RECEIVABLE,714500,CREDIT,2026-08-30T12:49:17Z
LDG_A77AF0D2,PAY_1817B4C4,ACCOUNTS_RECEIVABLE,823400,CREDIT,2026-07-27T02:02:27Z
LDG_213A7820,PAY_3CDD0966,ACCOUNTS_RECEIVABLE,208100,CREDIT,2026-07-26T16:34:27Z
LDG_C30E5FD6,PAY_5DC9A633,ACCOUNTS_RECEIVABLE,879800,CREDIT,2026-08-31T00:11:46Z
LDG_3541AB56,PAY_EA5BDC9E,ACCOUNTS_RECEIVABLE,1498600,CREDIT,2026-08-21T06:38:01Z
LDG_65931CD3,PAY_D6631C02,ACCOUNTS_RECEIVABLE,1068000,CREDIT,2026-07-02T07:27:33Z
LDG_A6BC2F5C,PAY_A7F72117,ACCOUNTS_RECEIVABLE,507900,CREDIT,2026-08-30T22:53:23Z
LDG_AC0FF069,PAY_3996918C,ACCOUNTS_RECEIVABLE,1988900,CREDIT,2026-07-24T08:56:54Z
LDG_6FDDC8C6,PAY_75C48329,ACCOUNTS_RECEIVABLE,1048600,CREDIT,2026-08-09T11:04:36Z
LDG_E8DDBD62,PAY_3D12B154,ACCOUNTS_RECEIVABLE,1627100,CREDIT,2026-07-14T16:19:19Z
LDG_34922717,PAY_890A24AB,ACCOUNTS_RECEIVABLE,310700,CREDIT,2026-07-20T20:57:18Z
LDG_7EA651A2,PAY_C42B5990,ACCOUNTS_RECEIVABLE,1061000,CREDIT,2026-08-29T11:11:11Z
LDG_167616E7,PAY_9744E7CE,ACCOUNTS_RECEIVABLE,569200,CREDIT,2026-08-17T10:43:08Z
LDG_DE4A1700,PAY_3CC93C1F,ACCOUNTS_RECEIVABLE,1147200,CREDIT,2026-07-17T07:36:10Z
LDG_7CEA51CC,PAY_3FB94908,ACCOUNTS_RECEIVABLE,747900,CREDIT,2026-08-10T19:44:49Z
LDG_A4E12534,PAY_1BB3EAC2,ACCOUNTS_RECEIVABLE,944700,CREDIT,2026-07-15T13:51:57Z
LDG_9C3CC3B0,PAY_65CA503E,ACCOUNTS_RECEIVABLE,223200,CREDIT,2026-08-24T16:29:48Z
LDG_FBF4D62A,PAY_B1025BB7,ACCOUNTS_RECEIVABLE,396600,CREDIT,2026-08-29T17:07:35Z
LDG_51CE1D69,PAY_A84204AF,ACCOUNTS_RECEIVABLE,1290200,CREDIT,2026-07-15T13:24:04Z
LDG_C16B12DA,PAY_3EADA608,ACCOUNTS_RECEIVABLE,138000,CREDIT,2026-07-13T01:05:08Z
LDG_C80F2764,PAY_CF6613EF,ACCOUNTS_RECEIVABLE,1179800,CREDIT,2026-08-10T20:08:26Z
LDG_9E70BC6F,PAY_73ECEC61,ACCOUNTS_RECEIVABLE,1156800,CREDIT,2026-07-02T01:41:24Z
LDG_F0EAE25C,PAY_9694EB0C,ACCOUNTS_RECEIVABLE,423400,CREDIT,2026-07-23T03:12:06Z
LDG_0C24DB0E,PAY_A9B882B8,ACCOUNTS_RECEIVABLE,1072600,CREDIT,2026-07-14T06:13:04Z
LDG_DF59F704,PAY_C7C7F499,ACCOUNTS_RECEIVABLE,1667400,CREDIT,2026-08-25T13:50:53Z
LDG_2C49263F,PAY_BB77E15D,ACCOUNTS_RECEIVABLE,579800,CREDIT,2026-08-04T15:44:59Z
LDG_13900B79,PAY_06F0571E,ACCOUNTS_RECEIVABLE,435600,CREDIT,2026-07-14T23:43:35Z
LDG_3AD8582D,PAY_99AFD9AA,ACCOUNTS_RECEIVABLE,145900,CREDIT,2026-07-18T16:52:34Z
LDG_CF040B3C,PAY_F9B975AD,ACCOUNTS_RECEIVABLE,1028500,CREDIT,2026-08-15T08:14:16Z
LDG_E77BDB2E,PAY_BEC4F933,ACCOUNTS_RECEIVABLE,1556600,CREDIT,2026-07-23T11:01:33Z
LDG_541FE80E,PAY_351838C3,ACCOUNTS_RECEIVABLE,908200,CREDIT,2026-07-10T06:28:50Z
LDG_2BE37492,PAY_D2C7488F,ACCOUNTS_RECEIVABLE,1623700,CREDIT,2026-08-28T19:39:07Z
LDG_DE243344,PAY_6EF0F738,ACCOUNTS_RECEIVABLE,1993100,CREDIT,2026-07-14T19:16:38Z
LDG_3C52E3D0,PAY_94205C19,ACCOUNTS_RECEIVABLE,1898500,CREDIT,2026-08-24T13:09:52Z
LDG_3E0E233B,PAY_78B62412,ACCOUNTS_RECEIVABLE,240400,CREDIT,2026-07-06T08:22:19Z
LDG_4592F8F7,PAY_BEB5F561,ACCOUNTS_RECEIVABLE,1706300,CREDIT,2026-07-17T08:21:39Z
LDG_0009A0A1,PAY_A60BE76D,ACCOUNTS_RECEIVABLE,1105200,CREDIT,2026-08-08T20:34:35Z
LDG_7D271584,PAY_1EF16A8B,ACCOUNTS_RECEIVABLE,1108000,CREDIT,2026-08-24T14:42:47Z
LDG_DBE23AA7,PAY_EAEF5BA4,ACCOUNTS_RECEIVABLE,1619000,CREDIT,2026-08-31T14:54:29Z
LDG_989BD0AA,PAY_300E6631,ACCOUNTS_RECEIVABLE,437400,CREDIT,2026-07-15T03:35:42Z
LDG_6A6AC0C6,PAY_A6CB798E,ACCOUNTS_RECEIVABLE,1187800,CREDIT,2026-08-19T11:23:21Z
LDG_BE234825,PAY_55481C81,ACCOUNTS_RECEIVABLE,1945900,CREDIT,2026-08-02T11:37:29Z
LDG_4FAC1C43,PAY_4D95AC68,ACCOUNTS_RECEIVABLE,1462200,CREDIT,2026-07-15T03:36:29Z
LDG_9F77BB32,PAY_E32C3010,ACCOUNTS_RECEIVABLE,1966700,CREDIT,2026-07-13T08:33:13Z
LDG_FB88AD67,PAY_24C54B56,ACCOUNTS_RECEIVABLE,922700,CREDIT,2026-07-25T11:34:35Z
LDG_F8CCE4A9,PAY_3F404514,ACCOUNTS_RECEIVABLE,418400,CREDIT,2026-08-01T09:36:39Z
LDG_08FDE452,PAY_5155E1C7,ACCOUNTS_RECEIVABLE,1098800,CREDIT,2026-08-13T06:08:34Z
LDG_B23C0642,PAY_C6DFCC61,ACCOUNTS_RECEIVABLE,737900,CREDIT,2026-08-15T01:36:59Z
LDG_B00F9744,PAY_3A95393B,ACCOUNTS_RECEIVABLE,828000,CREDIT,2026-08-05T12:00:09Z
LDG_5D4BB71A,PAY_A8C9D320,ACCOUNTS_RECEIVABLE,230800,CREDIT,2026-08-19T03:22:43Z
LDG_2C348775,PAY_0548BC71,ACCOUNTS_RECEIVABLE,789400,CREDIT,2026-08-11T13:26:44Z
LDG_823F3CEC,PAY_94B19AC9,ACCOUNTS_RECEIVABLE,11000,CREDIT,2026-08-05T21:23:44Z
LDG_19F3A3A9,PAY_9B61A168,ACCOUNTS_RECEIVABLE,756700,CREDIT,2026-08-02T18:24:54Z
LDG_FD7333C0,PAY_1AF6508B,ACCOUNTS_RECEIVABLE,179600,CREDIT,2026-08-25T14:21:49Z
LDG_B90790E1,PAY_5C14D562,ACCOUNTS_RECEIVABLE,1807800,CREDIT,2026-08-10T06:50:08Z
LDG_39FA8CBD,PAY_372F5F50,ACCOUNTS_RECEIVABLE,1287400,CREDIT,2026-07-09T06:14:40Z
LDG_B2F50A92,PAY_BC3058E8,ACCOUNTS_RECEIVABLE,1741600,CREDIT,2026-07-18T02:26:54Z
LDG_81DAF021,PAY_7A3B3200,ACCOUNTS_RECEIVABLE,345300,CREDIT,2026-07-21T21:17:23Z
LDG_C7275147,PAY_E4CE50C7,ACCOUNTS_RECEIVABLE,1155300,CREDIT,2026-08-24T02:58:54Z
LDG_AAFB9804,PAY_2182EC9D,ACCOUNTS_RECEIVABLE,1311000,CREDIT,2026-07-01T06:59:48Z
LDG_5C3BF024,PAY_0DB678DE,ACCOUNTS_RECEIVABLE,918500,CREDIT,2026-07-22T19:50:43Z
LDG_C5EA9BD0,PAY_ED077C61,ACCOUNTS_RECEIVABLE,693300,CREDIT,2026-08-07T20:26:32Z
LDG_6DF5AB75,PAY_ACF14806,ACCOUNTS_RECEIVABLE,693700,CREDIT,2026-07-01T00:57:10Z
LDG_8A5B6CE1,PAY_32A2077B,ACCOUNTS_RECEIVABLE,176400,CREDIT,2026-08-18T08:22:20Z
LDG_B0E3352D,PAY_DE47CFFE,ACCOUNTS_RECEIVABLE,717500,CREDIT,2026-07-22T20:16:53Z
LDG_C17FF651,PAY_A9FBF7A3,ACCOUNTS_RECEIVABLE,760900,CREDIT,2026-08-07T03:26:40Z
LDG_EE782355,PAY_0CC9BFBD,ACCOUNTS_RECEIVABLE,63100,CREDIT,2026-08-02T19:21:49Z
LDG_17EF1563,PAY_1C9BF3AE,ACCOUNTS_RECEIVABLE,1260200,CREDIT,2026-07-07T07:51:10Z
LDG_6F518C79,PAY_64EA4005,ACCOUNTS_RECEIVABLE,1006000,CREDIT,2026-07-11T17:46:00Z
LDG_4DEB7373,PAY_E882325E,ACCOUNTS_RECEIVABLE,179900,CREDIT,2026-07-27T18:43:35Z
LDG_C6A5E015,PAY_B4F3FA38,ACCOUNTS_RECEIVABLE,514300,CREDIT,2026-07-20T09:23:26Z
LDG_03C4AA87,PAY_655FBFF3,ACCOUNTS_RECEIVABLE,1677200,CREDIT,2026-08-06T00:03:34Z
LDG_F60254D5,PAY_3AE471F5,ACCOUNTS_RECEIVABLE,1856200,CREDIT,2026-08-12T08:37:29Z
LDG_0F8B1E97,PAY_44E92CD7,ACCOUNTS_RECEIVABLE,1561400,CREDIT,2026-07-24T16:48:13Z
LDG_269D3C41,PAY_6F9C5619,ACCOUNTS_RECEIVABLE,1811700,CREDIT,2026-08-19T22:21:21Z
LDG_4E033AF1,PAY_DEC2E9DF,ACCOUNTS_RECEIVABLE,1840000,CREDIT,2026-08-27T19:16:57Z
LDG_9C51482E,PAY_AFDF9334,ACCOUNTS_RECEIVABLE,414300,CREDIT,2026-07-19T21:56:40Z
LDG_8C7C4CE0,PAY_73520B64,ACCOUNTS_RECEIVABLE,311600,CREDIT,2026-07-06T11:07:40Z
LDG_858E852A,PAY_616B06FC,ACCOUNTS_RECEIVABLE,79300,CREDIT,2026-07-31T16:46:20Z
LDG_F9DD677A,PAY_818CCE7B,ACCOUNTS_RECEIVABLE,1322500,CREDIT,2026-08-22T09:28:31Z
LDG_E53BE72C,PAY_E986CC70,ACCOUNTS_RECEIVABLE,622500,CREDIT,2026-07-18T07:20:06Z
LDG_43E1855C,PAY_4F584757,ACCOUNTS_RECEIVABLE,737600,CREDIT,2026-08-12T20:23:16Z
LDG_A789BA1F,PAY_0B43D898,ACCOUNTS_RECEIVABLE,86800,CREDIT,2026-08-15T16:00:07Z
LDG_12D25F5F,PAY_5D2194C2,ACCOUNTS_RECEIVABLE,1068900,CREDIT,2026-07-09T22:01:14Z
LDG_C4EFF9D0,PAY_BF34E735,ACCOUNTS_RECEIVABLE,1805900,CREDIT,2026-07-22T00:38:53Z
LDG_E1C8DEF5,PAY_F2A0F56E,ACCOUNTS_RECEIVABLE,444700,CREDIT,2026-08-31T17:39:35Z
LDG_C6933EB3,PAY_D424CAAA,ACCOUNTS_RECEIVABLE,84900,CREDIT,2026-08-09T20:53:54Z
LDG_92F8CB4B,PAY_C45435DD,ACCOUNTS_RECEIVABLE,1833200,CREDIT,2026-08-08T06:33:53Z
LDG_96CDCB0D,PAY_25A0CE1C,ACCOUNTS_RECEIVABLE,552200,CREDIT,2026-08-03T14:06:51Z
LDG_CC2F7DD3,PAY_1050B39F,ACCOUNTS_RECEIVABLE,224300,CREDIT,2026-08-12T14:43:36Z
LDG_A60DC7EC,PAY_ED2A1461,ACCOUNTS_RECEIVABLE,304200,CREDIT,2026-07-07T16:41:00Z
LDG_09FE0707,PAY_70119FB3,ACCOUNTS_RECEIVABLE,400800,CREDIT,2026-08-11T17:03:38Z
LDG_03FF6917,PAY_8CF6E7F0,ACCOUNTS_RECEIVABLE,706000,CREDIT,2026-07-28T05:57:08Z
LDG_0335F206,PAY_85762D36,ACCOUNTS_RECEIVABLE,1486400,CREDIT,2026-07-21T11:43:50Z
LDG_54F805CD,PAY_FF419BA0,ACCOUNTS_RECEIVABLE,1277000,CREDIT,2026-08-23T08:24:49Z
LDG_9E2C62E4,PAY_8933EFFF,ACCOUNTS_RECEIVABLE,1250800,CREDIT,2026-08-30T10:23:54Z
LDG_3E04E21B,PAY_44DA2139,ACCOUNTS_RECEIVABLE,537700,CREDIT,2026-08-22T10:17:52Z
LDG_6E30D8FB,PAY_0E5E2782,ACCOUNTS_RECEIVABLE,351800,CREDIT,2026-08-29T08:48:12Z
LDG_F8E99C38,PAY_ECA48CE5,ACCOUNTS_RECEIVABLE,1692100,CREDIT,2026-07-25T14:33:53Z
LDG_763A0121,PAY_F3C5FC13,ACCOUNTS_RECEIVABLE,260800,CREDIT,2026-08-25T02:06:36Z
LDG_FBCABC82,PAY_03C17A5A,ACCOUNTS_RECEIVABLE,1693800,CREDIT,2026-07-29T02:22:05Z
LDG_7696E00C,PAY_244CC307,ACCOUNTS_RECEIVABLE,586400,CREDIT,2026-08-20T10:52:04Z
LDG_6D4BC6CB,PAY_C909FDCA,ACCOUNTS_RECEIVABLE,167300,CREDIT,2026-08-08T04:20:36Z
LDG_274DC0E2,PAY_8BCE7667,ACCOUNTS_RECEIVABLE,1285600,CREDIT,2026-08-08T23:06:54Z
LDG_7A19B0A0,PAY_171D56DB,ACCOUNTS_RECEIVABLE,1866100,CREDIT,2026-07-29T17:22:22Z
LDG_787A4CAF,PAY_D474ABD6,ACCOUNTS_RECEIVABLE,46900,CREDIT,2026-08-31T03:48:14Z
LDG_A121E273,PAY_5D6FC2DF,ACCOUNTS_RECEIVABLE,378800,CREDIT,2026-07-11T06:46:20Z
LDG_F6D5FFD6,PAY_C0DE6B38,ACCOUNTS_RECEIVABLE,26000,CREDIT,2026-08-02T14:15:56Z
LDG_356E3A96,PAY_9ED063BF,ACCOUNTS_RECEIVABLE,1489800,CREDIT,2026-08-27T08:44:12Z
LDG_F43E5E1F,PAY_E30896C7,ACCOUNTS_RECEIVABLE,842700,CREDIT,2026-08-13T10:08:10Z
LDG_1A417047,PAY_26CA18A1,ACCOUNTS_RECEIVABLE,1633800,CREDIT,2026-07-01T07:04:53Z
LDG_C0BF403E,PAY_2AE3B684,ACCOUNTS_RECEIVABLE,1597600,CREDIT,2026-08-07T00:00:37Z
LDG_6C31730C,PAY_F624F34B,ACCOUNTS_RECEIVABLE,1773700,CREDIT,2026-08-19T17:00:46Z
LDG_C977D281,PAY_C817F232,ACCOUNTS_RECEIVABLE,1337200,CREDIT,2026-07-16T04:46:18Z
LDG_B1513C98,PAY_63D05C34,ACCOUNTS_RECEIVABLE,616400,CREDIT,2026-07-09T01:52:22Z
LDG_FD6023CA,PAY_758C7AE6,ACCOUNTS_RECEIVABLE,1650800,CREDIT,2026-07-10T18:11:38Z
LDG_AA2DB331,PAY_683EEAF7,ACCOUNTS_RECEIVABLE,1534700,CREDIT,2026-08-01T14:42:24Z
LDG_6E884EC8,PAY_6EB6F211,ACCOUNTS_RECEIVABLE,407500,CREDIT,2026-07-03T12:34:22Z
LDG_0AAFBD01,PAY_72C59413,ACCOUNTS_RECEIVABLE,926000,CREDIT,2026-07-12T15:20:43Z
LDG_D5079A9D,PAY_F7B2C13E,ACCOUNTS_RECEIVABLE,514000,CREDIT,2026-08-10T01:33:01Z
LDG_27E53D87,PAY_5755021E,ACCOUNTS_RECEIVABLE,410300,CREDIT,2026-08-27T18:39:04Z
LDG_2A650526,PAY_A8D3E4B4,ACCOUNTS_RECEIVABLE,249600,CREDIT,2026-07-30T14:33:42Z
LDG_6F935C24,PAY_EDF7E825,ACCOUNTS_RECEIVABLE,500400,CREDIT,2026-08-17T03:42:16Z
LDG_29809EEA,PAY_0AF57D76,ACCOUNTS_RECEIVABLE,1477200,CREDIT,2026-08-22T16:06:57Z
LDG_5C6A502D,PAY_18BD1C17,ACCOUNTS_RECEIVABLE,1178600,CREDIT,2026-08-08T23:41:51Z
LDG_5776C132,PAY_6FF9D773,ACCOUNTS_RECEIVABLE,940300,CREDIT,2026-08-30T11:27:56Z
LDG_CA8027E1,PAY_D0FF8EF9,ACCOUNTS_RECEIVABLE,1117600,CREDIT,2026-07-15T12:17:33Z
LDG_064A7D0A,PAY_9E915665,ACCOUNTS_RECEIVABLE,826400,CREDIT,2026-08-27T22:29:49Z
LDG_953CFE6C,PAY_FB1AF2A3,ACCOUNTS_RECEIVABLE,1153400,CREDIT,2026-08-04T18:39:21Z
LDG_F3081AAC,PAY_5909CE57,ACCOUNTS_RECEIVABLE,24300,CREDIT,2026-08-24T04:41:40Z
LDG_AE86AA77,PAY_BE81E740,ACCOUNTS_RECEIVABLE,562900,CREDIT,2026-07-01T06:44:30Z
LDG_D77B69FD,PAY_61043A0D,ACCOUNTS_RECEIVABLE,344000,CREDIT,2026-07-02T21:10:34Z
LDG_E1ADF7D9,PAY_EBC8FCDC,ACCOUNTS_RECEIVABLE,1920500,CREDIT,2026-07-11T21:47:40Z
LDG_6A4AA652,PAY_F65FCF42,ACCOUNTS_RECEIVABLE,668200,CREDIT,2026-08-15T11:38:20Z
LDG_AD871DED,PAY_8B3B74A2,ACCOUNTS_RECEIVABLE,1100700,CREDIT,2026-09-01T18:14:50Z
LDG_ADC79C12,PAY_53620FF0,ACCOUNTS_RECEIVABLE,733900,CREDIT,2026-07-23T10:14:34Z
LDG_0EAED2EC,PAY_4F46C66F,ACCOUNTS_RECEIVABLE,1368000,CREDIT,2026-07-06T09:43:03Z
LDG_73FAAA65,PAY_26FEED20,ACCOUNTS_RECEIVABLE,199200,CREDIT,2026-07-14T13:32:34Z
LDG_2AF8B54F,PAY_AF5F8E4E,ACCOUNTS_RECEIVABLE,498000,CREDIT,2026-08-13T01:52:33Z
LDG_34E8AA62,PAY_2D673A3B,ACCOUNTS_RECEIVABLE,1912000,CREDIT,2026-08-06T15:10:29Z
LDG_B0FD50A0,PAY_65F07A40,ACCOUNTS_RECEIVABLE,130800,CREDIT,2026-08-08T00:14:17Z
LDG_0D8FDE24,PAY_120CB503,ACCOUNTS_RECEIVABLE,324200,CREDIT,2026-08-07T22:36:43Z
LDG_7FDBE5EB,PAY_7CC480CC,ACCOUNTS_RECEIVABLE,889100,CREDIT,2026-08-25T12:08:40Z
LDG_FC8DF0FD,PAY_D46BD4B4,ACCOUNTS_RECEIVABLE,1850100,CREDIT,2026-08-02T21:38:26Z
LDG_645BCF00,PAY_56EEE4D3,ACCOUNTS_RECEIVABLE,109700,CREDIT,2026-08-20T09:51:21Z
LDG_C22F331C,PAY_F189DC23,ACCOUNTS_RECEIVABLE,1169700,CREDIT,2026-07-31T22:40:27Z
LDG_3781CC04,PAY_184B9F01,ACCOUNTS_RECEIVABLE,1012600,CREDIT,2026-08-09T12:58:55Z
LDG_59AE0246,PAY_70E0B0F3,ACCOUNTS_RECEIVABLE,635700,CREDIT,2026-07-02T23:03:10Z
LDG_051316BA,PAY_B34B26A6,ACCOUNTS_RECEIVABLE,206200,CREDIT,2026-07-20T22:50:42Z
LDG_235F92D9,PAY_634F6442,ACCOUNTS_RECEIVABLE,1221300,CREDIT,2026-07-16T18:40:15Z
LDG_C294E0E5,PAY_9C595616,ACCOUNTS_RECEIVABLE,1151500,CREDIT,2026-07-04T05:57:10Z
LDG_944434B9,PAY_DDD88D68,ACCOUNTS_RECEIVABLE,1007000,CREDIT,2026-08-13T10:56:59Z
LDG_9FE8BA5A,PAY_52189497,ACCOUNTS_RECEIVABLE,1390100,CREDIT,2026-08-09T05:50:02Z
LDG_8A02082B,PAY_9373E911,ACCOUNTS_RECEIVABLE,1454100,CREDIT,2026-08-13T21:23:11Z
LDG_6EFC1915,PAY_62F13022,ACCOUNTS_RECEIVABLE,1886800,CREDIT,2026-07-30T02:15:18Z
LDG_AB96CFDB,PAY_E1778F16,ACCOUNTS_RECEIVABLE,362900,CREDIT,2026-08-22T13:44:12Z
LDG_CDFB044F,PAY_0F9BA376,ACCOUNTS_RECEIVABLE,183300,CREDIT,2026-07-27T11:18:20Z
LDG_EE435231,PAY_A952D70F,ACCOUNTS_RECEIVABLE,1100900,CREDIT,2026-07-12T11:10:25Z
LDG_6867AAC4,PAY_04D248EE,ACCOUNTS_RECEIVABLE,1882000,CREDIT,2026-08-15T17:38:18Z
LDG_82B206BF,PAY_00318747,ACCOUNTS_RECEIVABLE,1509000,CREDIT,2026-08-27T18:39:48Z
LDG_F9B2CB98,PAY_31266114,ACCOUNTS_RECEIVABLE,598800,CREDIT,2026-08-25T02:20:45Z
LDG_388E0479,PAY_D9BE7C53,ACCOUNTS_RECEIVABLE,481100,CREDIT,2026-07-05T03:39:27Z
LDG_C419F112,PAY_E8DF9A16,ACCOUNTS_RECEIVABLE,1402800,CREDIT,2026-07-02T21:22:25Z
LDG_71B575E1,PAY_D4356BBE,ACCOUNTS_RECEIVABLE,1330300,CREDIT,2026-07-17T15:13:40Z
LDG_BE32456F,PAY_FE909AE8,ACCOUNTS_RECEIVABLE,1298500,CREDIT,2026-07-15T17:28:30Z
LDG_5BC8283B,PAY_982C5B43,ACCOUNTS_RECEIVABLE,30000000,CREDIT,2026-07-23T03:51:38Z
LDG_AB06DDD9,PAY_87965BEF,ACCOUNTS_RECEIVABLE,790100,CREDIT,2026-08-26T14:32:25Z
LDG_81C7290D,PAY_60A94ED9,ACCOUNTS_RECEIVABLE,1732000,CREDIT,2026-07-20T07:35:28Z
LDG_F20E5199,PAY_173BCD7C,ACCOUNTS_RECEIVABLE,1509400,CREDIT,2026-07-07T11:21:54Z
LDG_5EC50235,PAY_84C6A220,ACCOUNTS_RECEIVABLE,493200,CREDIT,2026-07-17T01:19:34Z
LDG_6004D056,PAY_0416A2A8,ACCOUNTS_RECEIVABLE,1971700,CREDIT,2026-07-30T00:54:46Z
LDG_CB9D25A5,PAY_D20D9345,ACCOUNTS_RECEIVABLE,295200,CREDIT,2026-07-05T21:22:40Z
LDG_85DAEFA5,PAY_61916E08,ACCOUNTS_RECEIVABLE,1973300,CREDIT,2026-08-24T11:46:09Z
LDG_A9B1176A,PAY_B6B89C0E,ACCOUNTS_RECEIVABLE,675900,CREDIT,2026-07-24T14:45:00Z
LDG_A5C8095F,PAY_3ADD2837,ACCOUNTS_RECEIVABLE,882000,CREDIT,2026-07-01T05:08:44Z
LDG_64399433,PAY_2E0848BF,ACCOUNTS_RECEIVABLE,1405800,CREDIT,2026-07-02T14:39:44Z
LDG_A35EDCF0,PAY_9678D497,ACCOUNTS_RECEIVABLE,67200,CREDIT,2026-08-21T03:47:56Z
LDG_BD2B7641,PAY_3159B839,ACCOUNTS_RECEIVABLE,1720400,CREDIT,2026-07-09T01:58:54Z
LDG_813E75F0,PAY_9359ED12,ACCOUNTS_RECEIVABLE,37300,CREDIT,2026-08-22T00:08:13Z
LDG_633EDAAC,PAY_3C723E0F,ACCOUNTS_RECEIVABLE,940900,CREDIT,2026-08-29T21:44:11Z
LDG_52F83BA9,PAY_FC902D57,ACCOUNTS_RECEIVABLE,629000,CREDIT,2026-07-19T04:25:37Z
LDG_38A9056B,PAY_5E878E8F,ACCOUNTS_RECEIVABLE,1747400,CREDIT,2026-08-20T20:55:47Z
LDG_B667C741,PAY_54B5FF1B,ACCOUNTS_RECEIVABLE,453500,CREDIT,2026-09-01T08:32:19Z
LDG_F8114455,PAY_15BBC171,ACCOUNTS_RECEIVABLE,741100,CREDIT,2026-07-21T17:32:01Z
LDG_EB494FF9,PAY_2AE79BC7,ACCOUNTS_RECEIVABLE,1874000,CREDIT,2026-08-31T15:52:57Z
LDG_AAC98115,PAY_8891B4E1,ACCOUNTS_RECEIVABLE,989800,CREDIT,2026-08-13T04:26:45Z
LDG_55353D35,PAY_54714A50,ACCOUNTS_RECEIVABLE,1587400,CREDIT,2026-07-06T12:44:42Z
LDG_B832A375,PAY_6E5BDA99,ACCOUNTS_RECEIVABLE,194000,CREDIT,2026-07-08T17:59:50Z
LDG_043AA9A8,PAY_D306CF79,ACCOUNTS_RECEIVABLE,800400,CREDIT,2026-08-08T23:03:36Z
LDG_23976566,PAY_D0C6B58E,ACCOUNTS_RECEIVABLE,1410300,CREDIT,2026-08-11T01:20:03Z
LDG_4DE31C18,PAY_7C1790B2,ACCOUNTS_RECEIVABLE,1999100,CREDIT,2026-07-21T17:41:24Z
LDG_B6758670,PAY_99295BD4,ACCOUNTS_RECEIVABLE,1727600,CREDIT,2026-07-03T01:01:48Z
LDG_4C3305F7,PAY_C47047CB,ACCOUNTS_RECEIVABLE,905000,CREDIT,2026-07-12T23:14:57Z
LDG_09B74AE1,PAY_4682BE3E,ACCOUNTS_RECEIVABLE,1383600,CREDIT,2026-07-05T19:09:47Z
LDG_61BD0C6F,PAY_BAA63509,ACCOUNTS_RECEIVABLE,1780100,CREDIT,2026-08-02T02:22:11Z
LDG_BFE1156C,PAY_8FBE2DF4,ACCOUNTS_RECEIVABLE,1197700,CREDIT,2026-08-22T20:05:53Z
LDG_320C495B,PAY_5D2A4F50,ACCOUNTS_RECEIVABLE,864300,CREDIT,2026-08-11T16:10:58Z
LDG_C0CDBFD7,PAY_7276F02A,ACCOUNTS_RECEIVABLE,1442600,CREDIT,2026-07-08T10:38:06Z
LDG_63EF58FF,PAY_47F3A6BA,ACCOUNTS_RECEIVABLE,1386600,CREDIT,2026-07-25T07:59:26Z
LDG_049D47CA,PAY_5CF172B9,ACCOUNTS_RECEIVABLE,132100,CREDIT,2026-07-22T17:29:27Z
LDG_6DC1F3C0,PAY_454207E4,ACCOUNTS_RECEIVABLE,895800,CREDIT,2026-08-02T00:09:14Z
LDG_0F2F4BB5,PAY_EBE35026,ACCOUNTS_RECEIVABLE,1633300,CREDIT,2026-07-31T00:52:45Z
LDG_1C91EA08,PAY_26E372C1,ACCOUNTS_RECEIVABLE,479900,CREDIT,2026-08-04T16:38:27Z
LDG_C528AF93,PAY_F7975C92,ACCOUNTS_RECEIVABLE,1138600,CREDIT,2026-07-29T00:11:22Z
LDG_4952396E,PAY_F408DFBE,ACCOUNTS_RECEIVABLE,1288900,CREDIT,2026-07-08T07:50:31Z
LDG_5F783B1E,PAY_2EF0240E,ACCOUNTS_RECEIVABLE,1843300,CREDIT,2026-07-14T21:21:09Z
LDG_788FA4E0,PAY_D748C01E,ACCOUNTS_RECEIVABLE,305700,CREDIT,2026-07-02T03:18:05Z
LDG_1BAEC545,PAY_7EB3CB10,ACCOUNTS_RECEIVABLE,476800,CREDIT,2026-08-20T00:23:07Z
LDG_0FE5C002,PAY_A45912EA,ACCOUNTS_RECEIVABLE,1923000,CREDIT,2026-08-21T05:35:13Z
LDG_2AA3D3D9,PAY_B5530C49,ACCOUNTS_RECEIVABLE,517200,CREDIT,2026-08-02T13:17:12Z
LDG_76B25A95,PAY_318332BF,ACCOUNTS_RECEIVABLE,1005100,CREDIT,2026-08-21T23:06:05Z
LDG_92DD4B2D,PAY_91F112B3,ACCOUNTS_RECEIVABLE,137400,CREDIT,2026-08-20T00:08:47Z
LDG_742A4E25,PAY_2387E11C,ACCOUNTS_RECEIVABLE,596500,CREDIT,2026-08-27T00:51:37Z
LDG_12911DFB,PAY_F0AACB4F,ACCOUNTS_RECEIVABLE,1039300,CREDIT,2026-08-22T02:15:28Z
LDG_42A0FFA1,PAY_E7AFA2EC,ACCOUNTS_RECEIVABLE,865200,CREDIT,2026-08-20T08:54:05Z
LDG_B98EE88D,PAY_44E52EA7,ACCOUNTS_RECEIVABLE,1032800,CREDIT,2026-08-12T18:17:10Z
LDG_6D5AED66,PAY_DA7EEB48,ACCOUNTS_RECEIVABLE,655100,CREDIT,2026-07-28T04:32:23Z
LDG_200B6DD0,PAY_8B8C2800,ACCOUNTS_RECEIVABLE,340600,CREDIT,2026-08-11T16:46:44Z
LDG_8A0A9DA1,PAY_1E60D7B8,ACCOUNTS_RECEIVABLE,1023000,CREDIT,2026-08-18T04:16:08Z
LDG_0EE5C00C,PAY_09887E20,ACCOUNTS_RECEIVABLE,424800,CREDIT,2026-07-07T02:43:38Z
LDG_472F184B,PAY_E47D543E,ACCOUNTS_RECEIVABLE,175100,CREDIT,2026-08-22T19:47:15Z
LDG_057916EF,PAY_5E154942,ACCOUNTS_RECEIVABLE,936400,CREDIT,2026-07-15T10:24:04Z
LDG_22399CE2,PAY_F382E458,ACCOUNTS_RECEIVABLE,1815300,CREDIT,2026-08-19T02:48:00Z
LDG_33A8E7D1,PAY_BEC9E136,ACCOUNTS_RECEIVABLE,629100,CREDIT,2026-07-13T16:00:14Z
LDG_32982F48,PAY_735D5297,ACCOUNTS_RECEIVABLE,1188500,CREDIT,2026-08-15T18:49:51Z
LDG_FCFC817C,PAY_7DDD7D3C,ACCOUNTS_RECEIVABLE,1871700,CREDIT,2026-08-07T11:58:25Z
LDG_154B5999,PAY_2F64CB69,ACCOUNTS_RECEIVABLE,992100,CREDIT,2026-07-17T21:06:25Z
LDG_5B111863,PAY_2D2EFD88,ACCOUNTS_RECEIVABLE,28400,CREDIT,2026-08-29T07:01:23Z
LDG_40B7FBAD,PAY_7E93510D,ACCOUNTS_RECEIVABLE,1143100,CREDIT,2026-07-02T15:06:33Z
LDG_9955BB91,PAY_D8F755F0,ACCOUNTS_RECEIVABLE,1825800,CREDIT,2026-08-02T03:13:13Z
LDG_D735F3A4,PAY_6DFB360D,ACCOUNTS_RECEIVABLE,1774300,CREDIT,2026-07-25T05:59:49Z
LDG_049BB019,PAY_9B7B9ED9,ACCOUNTS_RECEIVABLE,1552500,CREDIT,2026-08-16T03:38:59Z
LDG_BD0A7832,PAY_D64C5C2D,ACCOUNTS_RECEIVABLE,1800100,CREDIT,2026-08-30T10:29:27Z
LDG_B54027F0,PAY_FE78923D,ACCOUNTS_RECEIVABLE,1256400,CREDIT,2026-08-26T18:16:54Z
LDG_1E7A8CE6,PAY_CDC94E3A,ACCOUNTS_RECEIVABLE,393300,CREDIT,2026-08-12T07:07:02Z
LDG_62BC1164,PAY_25A98C74,ACCOUNTS_RECEIVABLE,1674200,CREDIT,2026-08-12T03:26:34Z
LDG_A5A03C96,PAY_FE46B31F,ACCOUNTS_RECEIVABLE,616200,CREDIT,2026-07-14T06:01:10Z
LDG_F04F703B,PAY_16FAFEF2,ACCOUNTS_RECEIVABLE,1880300,CREDIT,2026-08-28T08:21:31Z
LDG_1ADEA630,PAY_7C365E78,ACCOUNTS_RECEIVABLE,1282900,CREDIT,2026-07-21T17:16:27Z
LDG_C35F1F07,PAY_CB0FF026,ACCOUNTS_RECEIVABLE,767000,CREDIT,2026-07-17T11:47:32Z
LDG_72F079FF,PAY_30A56588,ACCOUNTS_RECEIVABLE,353000,CREDIT,2026-07-19T06:43:51Z
LDG_878D8003,PAY_A26B438F,ACCOUNTS_RECEIVABLE,1736600,CREDIT,2026-08-03T06:56:13Z
LDG_F5C58FF2,PAY_7ED8FC28,ACCOUNTS_RECEIVABLE,1536300,CREDIT,2026-07-06T16:08:28Z
LDG_1AB962EE,PAY_D8F84E2C,ACCOUNTS_RECEIVABLE,301200,CREDIT,2026-08-23T23:03:58Z
LDG_B60EFC8F,PAY_8D7AFF5B,ACCOUNTS_RECEIVABLE,1447300,CREDIT,2026-07-14T04:32:57Z
LDG_222C7C49,PAY_E54060C0,ACCOUNTS_RECEIVABLE,837900,CREDIT,2026-08-23T22:23:41Z
LDG_E6153C7C,PAY_1D8AB2B7,ACCOUNTS_RECEIVABLE,1078000,CREDIT,2026-08-26T14:26:03Z
LDG_FD725BF0,PAY_834D9DFA,ACCOUNTS_RECEIVABLE,654000,CREDIT,2026-08-29T18:37:39Z
LDG_8FE4A715,PAY_A9BECEE6,ACCOUNTS_RECEIVABLE,741300,CREDIT,2026-08-17T19:44:15Z
LDG_9D7CDA38,PAY_724983D1,ACCOUNTS_RECEIVABLE,1720000,CREDIT,2026-08-06T15:30:18Z
LDG_485A1073,PAY_02E3552D,ACCOUNTS_RECEIVABLE,187500,CREDIT,2026-08-13T06:27:21Z
LDG_9C63B13F,PAY_BB85376B,ACCOUNTS_RECEIVABLE,141000,CREDIT,2026-09-01T17:03:30Z
LDG_83D0B40E,PAY_3831D38C,ACCOUNTS_RECEIVABLE,1355900,CREDIT,2026-08-21T01:29:13Z
LDG_97198C5A,PAY_F3710EAC,ACCOUNTS_RECEIVABLE,447000,CREDIT,2026-08-15T04:28:58Z
LDG_26094DCA,PAY_72F66F74,ACCOUNTS_RECEIVABLE,1110100,CREDIT,2026-07-01T01:31:39Z
LDG_7BEAF529,PAY_3DD82DC8,ACCOUNTS_RECEIVABLE,1558400,CREDIT,2026-08-19T16:29:16Z
LDG_1D86B25C,PAY_B22489B2,ACCOUNTS_RECEIVABLE,1528600,CREDIT,2026-07-16T18:29:54Z
LDG_1C18580C,PAY_86C48898,ACCOUNTS_RECEIVABLE,77300,CREDIT,2026-08-04T06:39:49Z
LDG_D64E65CB,PAY_4B757A8A,ACCOUNTS_RECEIVABLE,1245000,CREDIT,2026-07-14T12:06:49Z
LDG_0F0CB98A,PAY_27681C9F,ACCOUNTS_RECEIVABLE,1054800,CREDIT,2026-07-06T13:18:44Z
LDG_956A009C,PAY_8296FD58,ACCOUNTS_RECEIVABLE,629700,CREDIT,2026-08-29T21:14:50Z
LDG_A277AD45,PAY_FFD24A4C,ACCOUNTS_RECEIVABLE,598000,CREDIT,2026-08-03T18:46:33Z
LDG_ABC8F91A,PAY_EC3BFF2F,ACCOUNTS_RECEIVABLE,1792300,CREDIT,2026-08-30T00:59:19Z
LDG_D9387122,PAY_2C6C5966,ACCOUNTS_RECEIVABLE,1493700,CREDIT,2026-08-13T04:39:21Z
LDG_05A6811E,PAY_27547EF7,ACCOUNTS_RECEIVABLE,940200,CREDIT,2026-08-29T15:18:00Z
LDG_70969CBD,PAY_40C36ECC,ACCOUNTS_RECEIVABLE,1000000,CREDIT,2026-07-31T04:49:43Z
LDG_92AFD508,PAY_7F6E2E38,ACCOUNTS_RECEIVABLE,1958700,CREDIT,2026-08-06T13:13:47Z
LDG_E453F6CB,PAY_D921DDB8,ACCOUNTS_RECEIVABLE,563500,CREDIT,2026-08-17T15:08:03Z
LDG_E279206A,PAY_71D4B28D,ACCOUNTS_RECEIVABLE,86500,CREDIT,2026-07-20T08:52:49Z
LDG_95E942DC,PAY_81C3E2EE,ACCOUNTS_RECEIVABLE,1902500,CREDIT,2026-08-19T01:11:53Z
LDG_2751F7C1,PAY_E761BF30,ACCOUNTS_RECEIVABLE,1286300,CREDIT,2026-08-31T10:56:16Z
LDG_F3B5A636,PAY_6717EB49,ACCOUNTS_RECEIVABLE,146300,CREDIT,2026-07-31T22:26:44Z
LDG_39DB874D,PAY_19B2ED68,ACCOUNTS_RECEIVABLE,432300,CREDIT,2026-07-31T09:05:06Z
LDG_E3B50254,PAY_573B3B9D,ACCOUNTS_RECEIVABLE,895100,CREDIT,2026-07-22T03:56:06Z
LDG_B03DE42A,PAY_60A9B72F,ACCOUNTS_RECEIVABLE,466600,CREDIT,2026-08-24T13:21:20Z
LDG_75FF7496,PAY_5B9305E6,ACCOUNTS_RECEIVABLE,60000000,CREDIT,2026-08-24T09:18:42Z
LDG_773B4270,PAY_BBFE216A,ACCOUNTS_RECEIVABLE,1837200,CREDIT,2026-07-25T10:29:03Z
LDG_9198B428,PAY_2D11EA0F,ACCOUNTS_RECEIVABLE,803600,CREDIT,2026-07-18T20:37:00Z
LDG_737F66F1,PAY_C1698720,ACCOUNTS_RECEIVABLE,1663700,CREDIT,2026-07-09T01:00:26Z
LDG_EEAA5EA4,PAY_C397403B,ACCOUNTS_RECEIVABLE,997700,CREDIT,2026-07-13T10:31:22Z
LDG_08EC9334,PAY_74132967,ACCOUNTS_RECEIVABLE,1717700,CREDIT,2026-07-21T16:55:42Z
LDG_F049F567,PAY_8C4FDCEC,ACCOUNTS_RECEIVABLE,1078600,CREDIT,2026-08-11T16:56:03Z
LDG_685A897C,PAY_6C996C90,ACCOUNTS_RECEIVABLE,739500,CREDIT,2026-07-05T11:42:54Z
LDG_13C9992B,PAY_6FE689F3,ACCOUNTS_RECEIVABLE,1294500,CREDIT,2026-08-30T20:35:19Z
LDG_6C614B78,PAY_360515A9,ACCOUNTS_RECEIVABLE,1048800,CREDIT,2026-08-29T08:34:05Z
LDG_841CAFA3,PAY_F2EE4D5F,ACCOUNTS_RECEIVABLE,472300,CREDIT,2026-08-16T06:31:07Z
LDG_8384F64C,PAY_949831A5,ACCOUNTS_RECEIVABLE,777500,CREDIT,2026-07-23T22:35:41Z
LDG_EB3B2578,PAY_E5F49543,ACCOUNTS_RECEIVABLE,517000,CREDIT,2026-08-31T19:52:47Z
LDG_28033B4F,PAY_677245AA,ACCOUNTS_RECEIVABLE,725400,CREDIT,2026-08-10T04:42:03Z
LDG_11A11D08,PAY_19FBFD5F,ACCOUNTS_RECEIVABLE,132100,CREDIT,2026-08-29T15:27:43Z
LDG_A96E25DB,PAY_435FB517,ACCOUNTS_RECEIVABLE,1541300,CREDIT,2026-08-23T12:14:35Z
LDG_CE92306E,PAY_6E49B1F7,ACCOUNTS_RECEIVABLE,1045000,CREDIT,2026-09-01T04:53:47Z
LDG_1962BFF5,PAY_7097A328,ACCOUNTS_RECEIVABLE,748800,CREDIT,2026-07-16T10:03:02Z
LDG_71A85E67,PAY_1382C65D,ACCOUNTS_RECEIVABLE,1267900,CREDIT,2026-08-17T21:36:01Z
LDG_0476EB5A,PAY_CF1ED84B,ACCOUNTS_RECEIVABLE,409900,CREDIT,2026-07-06T00:16:11Z
LDG_1E7746FA,PAY_E09E799D,ACCOUNTS_RECEIVABLE,1555200,CREDIT,2026-07-08T07:55:59Z
LDG_B2CEFB6A,PAY_89FA143B,ACCOUNTS_RECEIVABLE,1608400,CREDIT,2026-07-03T18:52:31Z
LDG_73570A42,PAY_3E7C44B3,ACCOUNTS_RECEIVABLE,1576200,CREDIT,2026-08-23T23:14:21Z
LDG_C0A8FDE9,PAY_5854BE44,ACCOUNTS_RECEIVABLE,1067600,CREDIT,2026-07-27T12:39:11Z
LDG_4FB315BC,PAY_FDEEB259,ACCOUNTS_RECEIVABLE,855000,CREDIT,2026-08-08T07:09:43Z
LDG_325E0833,PAY_C9179BA6,ACCOUNTS_RECEIVABLE,1033300,CREDIT,2026-07-15T07:36:34Z
LDG_ECC33455,PAY_8E10D825,ACCOUNTS_RECEIVABLE,879200,CREDIT,2026-08-24T11:03:22Z
LDG_AC8A1A7F,PAY_4E66D81E,ACCOUNTS_RECEIVABLE,1825400,CREDIT,2026-07-08T07:05:35Z
LDG_5201B437,PAY_A105F1E7,ACCOUNTS_RECEIVABLE,233900,CREDIT,2026-08-18T19:21:39Z
LDG_F54EDD73,PAY_268F485C,ACCOUNTS_RECEIVABLE,882000,CREDIT,2026-09-01T06:13:33Z
LDG_722DA7A2,PAY_EAAD358B,ACCOUNTS_RECEIVABLE,746000,CREDIT,2026-07-29T21:55:17Z
LDG_9077FE11,PAY_E989DF57,ACCOUNTS_RECEIVABLE,1696300,CREDIT,2026-08-08T07:34:41Z
LDG_177D83D4,PAY_BDB06469,ACCOUNTS_RECEIVABLE,368500,CREDIT,2026-08-22T18:40:52Z
LDG_25E2A04C,PAY_0D3330A0,ACCOUNTS_RECEIVABLE,752700,CREDIT,2026-07-08T19:07:00Z
LDG_EE238733,PAY_CF1AD89A,ACCOUNTS_RECEIVABLE,1018500,CREDIT,2026-07-05T00:42:19Z
LDG_85A9FE5B,PAY_7AC40788,ACCOUNTS_RECEIVABLE,707900,CREDIT,2026-08-31T05:01:40Z
LDG_A8BE9B96,PAY_52DAD67D,ACCOUNTS_RECEIVABLE,168400,CREDIT,2026-08-03T20:09:00Z
LDG_36507584,PAY_3C925A1A,ACCOUNTS_RECEIVABLE,1112100,CREDIT,2026-08-07T15:19:54Z
LDG_38AF476A,PAY_FDA94504,ACCOUNTS_RECEIVABLE,1598100,CREDIT,2026-08-12T22:18:26Z
LDG_092CE8F7,PAY_97606530,ACCOUNTS_RECEIVABLE,1322300,CREDIT,2026-08-28T03:28:42Z
LDG_C4C88B8C,PAY_D80DD77A,ACCOUNTS_RECEIVABLE,1782200,CREDIT,2026-09-01T13:40:46Z
LDG_874B9F1E,PAY_45903648,ACCOUNTS_RECEIVABLE,1145400,CREDIT,2026-08-28T07:34:57Z
LDG_3F466617,PAY_A2EA5D62,ACCOUNTS_RECEIVABLE,287100,CREDIT,2026-08-13T19:06:04Z
LDG_BA37F85B,PAY_717CBE8E,ACCOUNTS_RECEIVABLE,1492800,CREDIT,2026-07-15T06:59:08Z
LDG_24C4A234,PAY_C6325A7F,ACCOUNTS_RECEIVABLE,1475500,CREDIT,2026-07-04T18:14:16Z
LDG_C7326B71,PAY_102E07FC,ACCOUNTS_RECEIVABLE,783500,CREDIT,2026-08-30T20:57:53Z
LDG_9D19C6BE,PAY_C967B62E,ACCOUNTS_RECEIVABLE,346200,CREDIT,2026-08-22T03:31:44Z
LDG_C6D76F73,PAY_647014A0,ACCOUNTS_RECEIVABLE,1568800,CREDIT,2026-08-27T22:34:45Z
LDG_48A355A1,PAY_72B80E95,ACCOUNTS_RECEIVABLE,567300,CREDIT,2026-07-22T15:07:49Z
LDG_D736A05B,PAY_3589C54A,ACCOUNTS_RECEIVABLE,1275200,CREDIT,2026-07-09T19:34:58Z
LDG_C59EA59B,PAY_0D4E7519,ACCOUNTS_RECEIVABLE,833400,CREDIT,2026-07-27T02:04:25Z
LDG_9A875D18,PAY_F55E9BF0,ACCOUNTS_RECEIVABLE,1206400,CREDIT,2026-08-27T08:15:20Z
LDG_A872E71E,PAY_64FA63AE,ACCOUNTS_RECEIVABLE,1915200,CREDIT,2026-08-11T05:39:10Z
LDG_379C8CDB,PAY_D409A187,ACCOUNTS_RECEIVABLE,230800,CREDIT,2026-08-26T13:35:14Z
LDG_74BF1BF8,PAY_27D133F6,ACCOUNTS_RECEIVABLE,1600200,CREDIT,2026-07-23T20:37:48Z
LDG_F1200041,PAY_02775C39,ACCOUNTS_RECEIVABLE,162300,CREDIT,2026-08-16T06:07:00Z
LDG_964C943A,PAY_A3C916C5,ACCOUNTS_RECEIVABLE,755400,CREDIT,2026-07-08T15:58:56Z
LDG_7C103C9C,PAY_1ACB2534,ACCOUNTS_RECEIVABLE,1742500,CREDIT,2026-08-04T08:32:04Z
LDG_7DB0F436,PAY_F2FEED4C,ACCOUNTS_RECEIVABLE,113300,CREDIT,2026-07-23T06:09:04Z
LDG_DA3E80A9,PAY_2A350BAB,ACCOUNTS_RECEIVABLE,658100,CREDIT,2026-08-30T11:23:55Z
LDG_48BF1749,PAY_DBFCBA8A,ACCOUNTS_RECEIVABLE,154300,CREDIT,2026-07-05T23:53:07Z
LDG_27974AD8,PAY_CCE78881,ACCOUNTS_RECEIVABLE,1753100,CREDIT,2026-08-09T20:53:47Z
LDG_CB7D83E5,PAY_FBFBE1F8,ACCOUNTS_RECEIVABLE,1651000,CREDIT,2026-07-19T16:58:21Z
LDG_3AC3AB3E,PAY_6930058F,ACCOUNTS_RECEIVABLE,1925800,CREDIT,2026-07-10T15:01:44Z
LDG_5CEC6492,PAY_56FEA075,ACCOUNTS_RECEIVABLE,1290900,CREDIT,2026-07-20T02:36:54Z
LDG_D5BE032C,PAY_1AD2B2EA,ACCOUNTS_RECEIVABLE,1883000,CREDIT,2026-07-24T09:51:10Z
LDG_3F7E54BB,PAY_368B2CE1,ACCOUNTS_RECEIVABLE,1017300,CREDIT,2026-07-13T20:49:41Z
LDG_2FE8934A,PAY_A6335188,ACCOUNTS_RECEIVABLE,557300,CREDIT,2026-08-07T01:06:08Z
LDG_43FC83EA,PAY_E49A6FE8,ACCOUNTS_RECEIVABLE,1794900,CREDIT,2026-07-25T07:59:21Z
LDG_0C0B0808,PAY_422068D7,ACCOUNTS_RECEIVABLE,1130700,CREDIT,2026-07-20T21:02:54Z
LDG_438CDEC0,PAY_634149F4,ACCOUNTS_RECEIVABLE,1519300,CREDIT,2026-08-28T12:40:04Z
LDG_7C4E27C0,PAY_194E2FF7,ACCOUNTS_RECEIVABLE,1529000,CREDIT,2026-07-12T09:01:27Z
LDG_EE70EBFE,PAY_A78C3FFD,ACCOUNTS_RECEIVABLE,1675400,CREDIT,2026-07-25T03:56:43Z
LDG_A7788223,PAY_21B6D852,ACCOUNTS_RECEIVABLE,585700,CREDIT,2026-07-07T22:52:14Z
LDG_4B027830,PAY_2BEF8096,ACCOUNTS_RECEIVABLE,775600,CREDIT,2026-08-25T11:40:02Z
LDG_DD2325D2,PAY_349D0BF1,ACCOUNTS_RECEIVABLE,1976800,CREDIT,2026-07-01T03:43:20Z
LDG_2BC592A6,PAY_153EA167,ACCOUNTS_RECEIVABLE,1830000,CREDIT,2026-07-02T13:30:23Z
LDG_F83F544E,PAY_69AEB14F,ACCOUNTS_RECEIVABLE,186700,CREDIT,2026-08-25T18:03:09Z
LDG_5E2734E1,PAY_04639DCE,ACCOUNTS_RECEIVABLE,517800,CREDIT,2026-08-18T15:31:38Z
LDG_7DCD50D9,PAY_A11FB614,ACCOUNTS_RECEIVABLE,1566700,CREDIT,2026-08-16T21:37:23Z
LDG_6D2756D5,PAY_20CDD0CE,ACCOUNTS_RECEIVABLE,545600,CREDIT,2026-07-10T00:38:13Z
LDG_808A7B56,PAY_4FC50C9F,ACCOUNTS_RECEIVABLE,672000,CREDIT,2026-08-13T02:52:50Z
LDG_0220B592,PAY_67F4854F,ACCOUNTS_RECEIVABLE,633400,CREDIT,2026-07-12T01:45:18Z
LDG_E5BE7630,PAY_D7AA86E5,ACCOUNTS_RECEIVABLE,1129600,CREDIT,2026-07-15T02:10:24Z
LDG_4D2D66B4,PAY_3F2041B9,ACCOUNTS_RECEIVABLE,875300,CREDIT,2026-08-13T02:01:08Z
LDG_D9B26AD4,PAY_F1CF89F3,ACCOUNTS_RECEIVABLE,447200,CREDIT,2026-07-24T14:04:40Z
LDG_632ACB36,PAY_1A784CD6,ACCOUNTS_RECEIVABLE,1036900,CREDIT,2026-07-08T20:34:36Z
LDG_B01BA78C,PAY_3272CBFD,ACCOUNTS_RECEIVABLE,1538700,CREDIT,2026-08-04T06:18:08Z
LDG_2DD2C727,PAY_91AFFFDC,ACCOUNTS_RECEIVABLE,1674300,CREDIT,2026-07-15T16:51:48Z
LDG_A90B8625,PAY_874DA6B2,ACCOUNTS_RECEIVABLE,1883700,CREDIT,2026-07-04T15:51:07Z
LDG_78BED523,PAY_CAC618AF,ACCOUNTS_RECEIVABLE,434800,CREDIT,2026-08-19T22:17:17Z
LDG_7439DBA9,PAY_F67CB7E6,ACCOUNTS_RECEIVABLE,273600,CREDIT,2026-07-26T13:56:43Z
LDG_B9D0FF76,PAY_01A596DE,ACCOUNTS_RECEIVABLE,669700,CREDIT,2026-08-10T13:26:31Z
LDG_95AE22F0,PAY_4E66EDF0,ACCOUNTS_RECEIVABLE,710700,CREDIT,2026-08-07T06:31:35Z
LDG_CEC34FA5,PAY_DA4C34D7,ACCOUNTS_RECEIVABLE,164900,CREDIT,2026-08-25T14:02:53Z
LDG_68B6CEB8,PAY_EE60C5F8,ACCOUNTS_RECEIVABLE,492600,CREDIT,2026-07-06T16:12:56Z
LDG_66101AA4,PAY_2BF5834B,ACCOUNTS_RECEIVABLE,40800,CREDIT,2026-07-06T03:51:06Z
LDG_1D56EA0F,PAY_79A77D96,ACCOUNTS_RECEIVABLE,235800,CREDIT,2026-08-07T09:24:58Z
LDG_1AE77D00,PAY_F75CF131,ACCOUNTS_RECEIVABLE,703600,CREDIT,2026-07-30T13:00:51Z
LDG_69863D29,PAY_0A2CE49A,ACCOUNTS_RECEIVABLE,1012700,CREDIT,2026-08-18T01:46:11Z
LDG_14694B48,PAY_88D1DEED,ACCOUNTS_RECEIVABLE,1074600,CREDIT,2026-07-27T21:37:47Z
LDG_85F54D5D,PAY_8A5ACC98,ACCOUNTS_RECEIVABLE,299700,CREDIT,2026-07-01T01:01:45Z
LDG_02633335,PAY_9DF47D80,ACCOUNTS_RECEIVABLE,1782800,CREDIT,2026-08-23T01:46:15Z
LDG_004B9987,PAY_83217839,ACCOUNTS_RECEIVABLE,1422600,CREDIT,2026-07-14T04:58:46Z
LDG_1DCC099F,PAY_971D3B0E,ACCOUNTS_RECEIVABLE,280500,CREDIT,2026-07-14T13:53:17Z
LDG_C96791A6,PAY_EAF6D867,ACCOUNTS_RECEIVABLE,1247600,CREDIT,2026-07-04T11:01:55Z
LDG_51BE401B,PAY_F154009E,ACCOUNTS_RECEIVABLE,1035100,CREDIT,2026-08-24T10:33:06Z
LDG_92ABD4AA,PAY_C403B2D7,ACCOUNTS_RECEIVABLE,1478600,CREDIT,2026-07-21T14:04:40Z
LDG_423CCB08,PAY_019A85B1,ACCOUNTS_RECEIVABLE,1628000,CREDIT,2026-07-10T20:49:36Z
LDG_F2B41AE4,PAY_DFC2D511,ACCOUNTS_RECEIVABLE,969500,CREDIT,2026-07-26T03:56:10Z
LDG_FD4F2580,PAY_69B98090,ACCOUNTS_RECEIVABLE,995900,CREDIT,2026-08-06T01:06:19Z
LDG_C856B5D8,PAY_4AAB3EA6,ACCOUNTS_RECEIVABLE,1253200,CREDIT,2026-08-28T23:00:34Z
LDG_5DE34057,PAY_4768A12B,ACCOUNTS_RECEIVABLE,57600,CREDIT,2026-07-30T18:34:51Z
LDG_0AFF06E3,PAY_9D200047,ACCOUNTS_RECEIVABLE,1657900,CREDIT,2026-07-12T12:54:55Z
LDG_9018EEFF,PAY_B2D70A9C,ACCOUNTS_RECEIVABLE,259200,CREDIT,2026-08-19T03:25:41Z
LDG_9503BFF2,PAY_0FC29EE8,ACCOUNTS_RECEIVABLE,1915300,CREDIT,2026-08-20T14:49:06Z
LDG_F7DD6329,PAY_D8DA71C8,ACCOUNTS_RECEIVABLE,337200,CREDIT,2026-08-28T22:20:21Z
LDG_4F3225DD,PAY_5880E49B,ACCOUNTS_RECEIVABLE,1344400,CREDIT,2026-08-18T03:24:21Z
LDG_7A3747B1,PAY_DD5531F6,ACCOUNTS_RECEIVABLE,245200,CREDIT,2026-08-13T07:01:20Z
LDG_0A4053C4,PAY_EB2F5708,ACCOUNTS_RECEIVABLE,1889700,CREDIT,2026-08-10T00:03:27Z
LDG_C989BE36,PAY_D9EF300B,ACCOUNTS_RECEIVABLE,567700,CREDIT,2026-07-16T04:26:41Z
LDG_181BAD1E,PAY_14F81113,ACCOUNTS_RECEIVABLE,1222100,CREDIT,2026-08-16T18:02:41Z
LDG_F6D3DCE1,PAY_2A175150,ACCOUNTS_RECEIVABLE,657900,CREDIT,2026-08-17T17:36:18Z
LDG_EEA297C3,PAY_6FAB7928,ACCOUNTS_RECEIVABLE,638300,CREDIT,2026-08-23T19:11:00Z
LDG_FBB82179,PAY_10029B91,ACCOUNTS_RECEIVABLE,1427200,CREDIT,2026-08-20T06:17:52Z
LDG_BA17A1F4,PAY_7CE7487E,ACCOUNTS_RECEIVABLE,1265000,CREDIT,2026-07-30T09:17:37Z
LDG_FC7B02B8,PAY_A325AFCD,ACCOUNTS_RECEIVABLE,5500000,CREDIT,2026-08-25T12:42:50Z
LDG_4856D8FC,PAY_2D4BCA7C,ACCOUNTS_RECEIVABLE,715300,CREDIT,2026-07-03T01:27:33Z
LDG_9C4388AB,PAY_844AD01D,ACCOUNTS_RECEIVABLE,1747000,CREDIT,2026-08-21T09:20:24Z
LDG_929FAEFC,PAY_FEB06229,ACCOUNTS_RECEIVABLE,718800,CREDIT,2026-07-23T21:55:53Z
LDG_47EB2356,PAY_7F7ACB2C,ACCOUNTS_RECEIVABLE,503100,CREDIT,2026-08-17T18:43:58Z
LDG_1F99A234,PAY_1DC04C9E,ACCOUNTS_RECEIVABLE,1905300,CREDIT,2026-08-02T02:27:04Z
LDG_3B537E1B,PAY_2631E542,ACCOUNTS_RECEIVABLE,1652000,CREDIT,2026-08-03T21:55:28Z
LDG_DC584578,PAY_E484AE76,ACCOUNTS_RECEIVABLE,1997700,CREDIT,2026-07-29T10:21:47Z
LDG_73E158A5,PAY_6F98FC32,ACCOUNTS_RECEIVABLE,1657700,CREDIT,2026-07-21T21:14:43Z
LDG_A26CC936,PAY_3A25BA16,ACCOUNTS_RECEIVABLE,415500,CREDIT,2026-07-20T20:10:34Z
LDG_A10F1743,PAY_F070064D,ACCOUNTS_RECEIVABLE,1546000,CREDIT,2026-07-11T04:51:15Z
LDG_AB706FC3,PAY_45DBE363,ACCOUNTS_RECEIVABLE,1403000,CREDIT,2026-07-14T05:07:09Z
LDG_E73A1CFF,PAY_CF75059E,ACCOUNTS_RECEIVABLE,533200,CREDIT,2026-07-09T08:50:47Z
LDG_4AC6AC07,PAY_02415892,ACCOUNTS_RECEIVABLE,1934700,CREDIT,2026-08-11T22:02:41Z
LDG_686CB07E,PAY_6AC3BBA6,ACCOUNTS_RECEIVABLE,1788200,CREDIT,2026-07-10T02:25:40Z
LDG_DE7CD47C,PAY_279A499E,ACCOUNTS_RECEIVABLE,1105000,CREDIT,2026-08-21T21:49:44Z
LDG_2EFAF53C,PAY_F023499A,ACCOUNTS_RECEIVABLE,248800,CREDIT,2026-08-11T01:50:15Z
LDG_E4B2A750,PAY_F8D2A667,ACCOUNTS_RECEIVABLE,1323800,CREDIT,2026-07-18T17:36:40Z
LDG_98D012E7,PAY_EAFC535A,ACCOUNTS_RECEIVABLE,5500000,CREDIT,2026-08-04T19:16:26Z
LDG_2D177964,PAY_12B6B999,ACCOUNTS_RECEIVABLE,835700,CREDIT,2026-07-08T11:01:02Z
LDG_76A85A7E,PAY_D444F81E,ACCOUNTS_RECEIVABLE,1059800,CREDIT,2026-07-09T03:53:21Z
LDG_216E52B7,PAY_C245EDB1,ACCOUNTS_RECEIVABLE,163300,CREDIT,2026-08-27T14:47:48Z
LDG_E59B230D,PAY_21490F8D,ACCOUNTS_RECEIVABLE,1428400,CREDIT,2026-07-01T21:19:29Z
LDG_03419273,PAY_C67F88D2,ACCOUNTS_RECEIVABLE,622200,CREDIT,2026-07-11T11:03:13Z
LDG_F954B2D6,PAY_216D114D,ACCOUNTS_RECEIVABLE,736400,CREDIT,2026-07-11T11:52:41Z
LDG_0486D970,PAY_9621F5CB,ACCOUNTS_RECEIVABLE,812800,CREDIT,2026-08-02T09:27:34Z
LDG_40378B2F,PAY_BDE18D9B,ACCOUNTS_RECEIVABLE,449100,CREDIT,2026-08-31T16:00:01Z
LDG_E284E743,PAY_57FC6183,ACCOUNTS_RECEIVABLE,365500,CREDIT,2026-07-02T12:38:08Z
LDG_2E3F5FED,PAY_D0259389,ACCOUNTS_RECEIVABLE,1615300,CREDIT,2026-07-19T10:04:40Z
LDG_5296B160,PAY_764D4AFA,ACCOUNTS_RECEIVABLE,1655400,CREDIT,2026-07-01T07:16:22Z
LDG_BC0CA662,PAY_C56903EB,ACCOUNTS_RECEIVABLE,15000000,CREDIT,2026-07-09T00:32:04Z
LDG_C7BFEB22,PAY_F24C73A8,ACCOUNTS_RECEIVABLE,391100,CREDIT,2026-08-24T01:07:45Z
LDG_DCFDAD15,PAY_80DBEECA,ACCOUNTS_RECEIVABLE,555900,CREDIT,2026-08-13T17:41:50Z
LDG_FD2EBCAB,PAY_7D177649,ACCOUNTS_RECEIVABLE,542100,CREDIT,2026-08-29T17:57:47Z
LDG_197F327D,PAY_49E9B8F7,ACCOUNTS_RECEIVABLE,948300,CREDIT,2026-08-11T07:21:50Z
LDG_7D6830FE,PAY_344E539C,ACCOUNTS_RECEIVABLE,138700,CREDIT,2026-07-01T20:52:32Z
LDG_7319B4C2,PAY_3244F700,ACCOUNTS_RECEIVABLE,555600,CREDIT,2026-08-24T12:11:36Z
LDG_F49EE564,PAY_C52C9AD1,ACCOUNTS_RECEIVABLE,1539700,CREDIT,2026-08-22T06:07:51Z
LDG_D444BF04,PAY_54088E32,ACCOUNTS_RECEIVABLE,647400,CREDIT,2026-08-05T13:03:10Z
LDG_B32BB0D2,PAY_B773FA67,ACCOUNTS_RECEIVABLE,1514400,CREDIT,2026-07-11T19:11:31Z
LDG_FC8C0111,PAY_8CD90B71,ACCOUNTS_RECEIVABLE,1606300,CREDIT,2026-09-01T23:34:25Z
LDG_5139D4B5,PAY_80FDFF20,ACCOUNTS_RECEIVABLE,279000,CREDIT,2026-08-28T16:01:24Z
LDG_16B24DE1,PAY_56DB2BB5,ACCOUNTS_RECEIVABLE,1281700,CREDIT,2026-08-27T17:11:23Z
LDG_ED48C390,PAY_731E6977,ACCOUNTS_RECEIVABLE,1027800,CREDIT,2026-08-02T07:01:11Z
LDG_C98B0AD8,PAY_0EC47124,ACCOUNTS_RECEIVABLE,1022700,CREDIT,2026-07-01T03:35:37Z
LDG_E769D51E,PAY_B668F67D,ACCOUNTS_RECEIVABLE,395000,CREDIT,2026-07-24T21:21:05Z
LDG_AF1D9600,PAY_B6939D49,ACCOUNTS_RECEIVABLE,294100,CREDIT,2026-08-14T19:44:13Z
LDG_0CAA5F1E,PAY_B31554AE,ACCOUNTS_RECEIVABLE,304100,CREDIT,2026-08-22T02:04:44Z
LDG_8FD58620,PAY_BB3867B8,ACCOUNTS_RECEIVABLE,69400,CREDIT,2026-08-30T15:30:56Z
LDG_3CBA6ADA,PAY_241ADB90,ACCOUNTS_RECEIVABLE,308700,CREDIT,2026-07-21T18:26:06Z
LDG_5E7AFAF9,PAY_0C41097C,ACCOUNTS_RECEIVABLE,15000000,CREDIT,2026-07-23T08:38:40Z
LDG_25B61726,PAY_50D4B395,ACCOUNTS_RECEIVABLE,386300,CREDIT,2026-08-13T18:50:29Z
LDG_20CAE166,PAY_18936AD6,ACCOUNTS_RECEIVABLE,1551000,CREDIT,2026-07-30T03:20:41Z
LDG_301B59FE,PAY_8C4A2EE0,ACCOUNTS_RECEIVABLE,143000,CREDIT,2026-08-19T17:56:22Z
LDG_A88AFEDD,PAY_AAC19BD9,ACCOUNTS_RECEIVABLE,513300,CREDIT,2026-08-13T23:25:01Z
LDG_F85A11EE,PAY_D974AC15,ACCOUNTS_RECEIVABLE,278500,CREDIT,2026-07-07T11:43:43Z
LDG_A95C5600,PAY_B865B7F6,ACCOUNTS_RECEIVABLE,1655600,CREDIT,2026-08-25T02:47:24Z
LDG_7390C19A,PAY_A066E4FC,ACCOUNTS_RECEIVABLE,1222800,CREDIT,2026-08-14T15:41:19Z
LDG_CA793F02,PAY_63D82B17,ACCOUNTS_RECEIVABLE,1531800,CREDIT,2026-07-31T23:55:28Z
LDG_08F0DBA6,PAY_77E8CCC5,ACCOUNTS_RECEIVABLE,1488800,CREDIT,2026-07-30T03:09:22Z
LDG_176DB8F3,PAY_24E8AA91,ACCOUNTS_RECEIVABLE,1539300,CREDIT,2026-07-11T19:05:11Z
LDG_727C1893,PAY_E205BE71,ACCOUNTS_RECEIVABLE,1422800,CREDIT,2026-08-12T01:53:23Z
LDG_7015D785,PAY_75C0D563,ACCOUNTS_RECEIVABLE,1120600,CREDIT,2026-08-11T18:52:21Z
LDG_ED438A62,PAY_FC789CA8,ACCOUNTS_RECEIVABLE,832800,CREDIT,2026-08-28T09:39:51Z
LDG_61320BA6,PAY_94DD06A8,ACCOUNTS_RECEIVABLE,911900,CREDIT,2026-07-06T19:48:09Z
LDG_DC028663,PAY_EF162B68,ACCOUNTS_RECEIVABLE,829800,CREDIT,2026-08-27T08:42:35Z
LDG_7E9B3A97,PAY_9F1B9E5C,ACCOUNTS_RECEIVABLE,1636500,CREDIT,2026-08-28T19:16:10Z
LDG_777A36BF,PAY_D27C74AD,ACCOUNTS_RECEIVABLE,340900,CREDIT,2026-08-15T21:42:55Z
LDG_2A3C0356,PAY_3766F4CC,ACCOUNTS_RECEIVABLE,1026900,CREDIT,2026-07-14T23:13:45Z
LDG_3B266E5B,PAY_997A4EA3,ACCOUNTS_RECEIVABLE,1141800,CREDIT,2026-07-21T02:39:35Z
LDG_0836930C,PAY_3E6AED65,ACCOUNTS_RECEIVABLE,1902200,CREDIT,2026-08-21T07:05:13Z
LDG_A7A51CAC,PAY_F5A6A836,ACCOUNTS_RECEIVABLE,1768000,CREDIT,2026-08-15T21:45:48Z
LDG_1854DBCE,PAY_C30C3ABA,ACCOUNTS_RECEIVABLE,1110600,CREDIT,2026-07-26T18:55:10Z
LDG_7528E207,PAY_BDAA7DA9,ACCOUNTS_RECEIVABLE,1968400,CREDIT,2026-07-23T02:01:11Z
LDG_AB8B1106,PAY_C12B3AF6,ACCOUNTS_RECEIVABLE,1080800,CREDIT,2026-07-26T17:28:40Z
LDG_5D3426C1,PAY_CC39C110,ACCOUNTS_RECEIVABLE,1706400,CREDIT,2026-08-01T23:44:27Z
LDG_8190B0D3,PAY_DD7DFAA1,ACCOUNTS_RECEIVABLE,1557200,CREDIT,2026-07-25T17:54:54Z
LDG_3CE23DB1,PAY_F0341DCC,ACCOUNTS_RECEIVABLE,555400,CREDIT,2026-09-01T00:15:54Z
LDG_D2FADE86,PAY_37B9A63F,ACCOUNTS_RECEIVABLE,1116100,CREDIT,2026-07-20T11:27:04Z
LDG_086C48BF,PAY_BF895959,ACCOUNTS_RECEIVABLE,1916900,CREDIT,2026-08-18T17:01:30Z
LDG_D36D27FD,PAY_F656AB7F,ACCOUNTS_RECEIVABLE,1779300,CREDIT,2026-08-11T01:00:36Z
LDG_4DBAD556,PAY_544FA466,ACCOUNTS_RECEIVABLE,551900,CREDIT,2026-08-04T03:26:44Z
LDG_F8622E0C,PAY_87C78F7C,ACCOUNTS_RECEIVABLE,1025000,CREDIT,2026-08-30T21:25:27Z
LDG_4085C9E7,PAY_C89342E3,ACCOUNTS_RECEIVABLE,75400,CREDIT,2026-08-04T18:38:08Z
LDG_0D4CE434,PAY_8190ED4F,ACCOUNTS_RECEIVABLE,927500,CREDIT,2026-08-09T13:16:28Z
LDG_278D5A78,PAY_58D78DFC,ACCOUNTS_RECEIVABLE,1204100,CREDIT,2026-08-04T10:06:29Z
LDG_9F0E1EE6,PAY_4F640DE2,ACCOUNTS_RECEIVABLE,399500,CREDIT,2026-07-24T09:10:22Z
LDG_B086BEB1,PAY_C30DA1F4,ACCOUNTS_RECEIVABLE,1653000,CREDIT,2026-07-06T15:53:16Z
LDG_5DEAD173,PAY_AB124BD6,ACCOUNTS_RECEIVABLE,1850400,CREDIT,2026-07-23T02:30:16Z
LDG_C6921624,PAY_37FF0CF1,ACCOUNTS_RECEIVABLE,201400,CREDIT,2026-08-21T20:02:15Z
LDG_69DDA509,PAY_B6D45DE2,ACCOUNTS_RECEIVABLE,288700,CREDIT,2026-08-15T01:17:08Z
LDG_7A968615,PAY_D8A23975,ACCOUNTS_RECEIVABLE,346800,CREDIT,2026-08-31T08:46:54Z
LDG_0F7FFADA,PAY_050CAEDE,ACCOUNTS_RECEIVABLE,65400,CREDIT,2026-08-27T04:12:28Z
LDG_57B96FB0,PAY_862E14A1,ACCOUNTS_RECEIVABLE,259200,CREDIT,2026-07-05T15:02:56Z
LDG_D373BA14,PAY_AA14466E,ACCOUNTS_RECEIVABLE,76000,CREDIT,2026-07-14T23:20:24Z
LDG_381274E2,PAY_2D95ED1A,ACCOUNTS_RECEIVABLE,690400,CREDIT,2026-07-11T00:23:41Z
LDG_6021E6B4,PAY_DAD2D4B5,ACCOUNTS_RECEIVABLE,148600,CREDIT,2026-07-15T22:02:17Z
LDG_48CAA075,PAY_0B57B49C,ACCOUNTS_RECEIVABLE,607200,CREDIT,2026-09-01T14:25:59Z
LDG_C3499566,PAY_5A82C1D9,ACCOUNTS_RECEIVABLE,737900,CREDIT,2026-08-29T10:07:11Z
LDG_1F15C40B,PAY_5358A75E,ACCOUNTS_RECEIVABLE,1573700,CREDIT,2026-08-27T11:42:44Z
LDG_7F5C6374,PAY_3F340397,ACCOUNTS_RECEIVABLE,1464800,CREDIT,2026-08-30T15:07:04Z
LDG_F752777C,PAY_5FB5BC26,ACCOUNTS_RECEIVABLE,1091100,CREDIT,2026-07-25T04:15:57Z
LDG_54FBAB7B,PAY_B57FA039,ACCOUNTS_RECEIVABLE,54900,CREDIT,2026-08-15T14:33:31Z
LDG_35926A79,PAY_1757CA47,ACCOUNTS_RECEIVABLE,1013000,CREDIT,2026-08-05T16:18:24Z
LDG_11F68046,PAY_F1DA4FDC,ACCOUNTS_RECEIVABLE,1601900,CREDIT,2026-08-19T23:52:05Z
LDG_14558FE0,PAY_C8938464,ACCOUNTS_RECEIVABLE,314600,CREDIT,2026-07-27T15:13:21Z
LDG_A7A0570F,PAY_483D5654,ACCOUNTS_RECEIVABLE,549700,CREDIT,2026-08-12T01:06:43Z
LDG_3AF2DFF1,PAY_78F24EF1,ACCOUNTS_RECEIVABLE,1323100,CREDIT,2026-07-01T02:36:06Z
LDG_5C220906,PAY_8768C787,ACCOUNTS_RECEIVABLE,1482300,CREDIT,2026-08-05T18:12:24Z
LDG_96148F6B,PAY_C981A622,ACCOUNTS_RECEIVABLE,1106400,CREDIT,2026-08-08T11:50:39Z
LDG_8348000C,PAY_6E7A8658,ACCOUNTS_RECEIVABLE,687500,CREDIT,2026-07-08T15:19:38Z
LDG_2E9323D1,PAY_F0395674,ACCOUNTS_RECEIVABLE,713600,CREDIT,2026-07-10T06:38:17Z
LDG_30DEAA22,PAY_4CB96DA3,ACCOUNTS_RECEIVABLE,415700,CREDIT,2026-07-29T03:25:29Z
LDG_E61A358C,PAY_3E1D4B51,ACCOUNTS_RECEIVABLE,495800,CREDIT,2026-08-07T03:30:42Z
LDG_3490CB4A,PAY_281B10FF,ACCOUNTS_RECEIVABLE,932400,CREDIT,2026-07-04T16:50:27Z
LDG_D23F9CB4,PAY_E07F2079,ACCOUNTS_RECEIVABLE,490800,CREDIT,2026-08-17T22:12:36Z
LDG_DAB1CF09,PAY_38A33572,ACCOUNTS_RECEIVABLE,804100,CREDIT,2026-09-01T07:41:50Z
LDG_3E2A689A,PAY_10D9880C,ACCOUNTS_RECEIVABLE,56400,CREDIT,2026-07-19T09:03:57Z
LDG_DBA1A0DA,PAY_44A47E9A,ACCOUNTS_RECEIVABLE,896600,CREDIT,2026-07-01T10:58:41Z
LDG_CA1F2E45,PAY_ED1BA9F5,ACCOUNTS_RECEIVABLE,1529800,CREDIT,2026-07-22T14:40:50Z
LDG_5C6BD1A9,PAY_4C627581,ACCOUNTS_RECEIVABLE,666600,CREDIT,2026-08-07T14:04:58Z
LDG_8A75D21F,PAY_31235C08,ACCOUNTS_RECEIVABLE,80800,CREDIT,2026-08-20T21:31:33Z
LDG_8399D8DE,PAY_97B4162F,ACCOUNTS_RECEIVABLE,340000,CREDIT,2026-07-30T17:53:21Z
LDG_22D6C0F6,PAY_DE2201E6,ACCOUNTS_RECEIVABLE,409200,CREDIT,2026-08-05T15:18:37Z
LDG_46DDD96A,PAY_3C6E3411,ACCOUNTS_RECEIVABLE,332600,CREDIT,2026-08-12T00:07:29Z
LDG_D3A5FA8A,PAY_47C5B93B,ACCOUNTS_RECEIVABLE,1498300,CREDIT,2026-08-18T09:46:46Z
LDG_F4118BB7,PAY_66165243,ACCOUNTS_RECEIVABLE,315500,CREDIT,2026-07-10T13:22:42Z
LDG_F7091F01,PAY_509DC783,ACCOUNTS_RECEIVABLE,130900,CREDIT,2026-08-21T16:34:19Z
LDG_424DAA8B,PAY_749DA559,ACCOUNTS_RECEIVABLE,753700,CREDIT,2026-08-10T00:24:55Z
LDG_294680C2,PAY_91EA62A9,ACCOUNTS_RECEIVABLE,1266200,CREDIT,2026-07-24T07:45:49Z
LDG_02B94F78,PAY_38C1E1AE,ACCOUNTS_RECEIVABLE,1460200,CREDIT,2026-08-19T05:36:11Z
LDG_0104AF52,PAY_79C7730D,ACCOUNTS_RECEIVABLE,1820200,CREDIT,2026-08-25T13:01:51Z
LDG_D42990FC,PAY_02FA41A2,ACCOUNTS_RECEIVABLE,72000,CREDIT,2026-07-24T22:01:21Z
LDG_F3DA06FC,PAY_D4B12B65,ACCOUNTS_RECEIVABLE,1332000,CREDIT,2026-08-10T00:50:57Z
LDG_D2EA52C7,PAY_B0DE8D3A,ACCOUNTS_RECEIVABLE,1312900,CREDIT,2026-08-19T15:04:11Z
LDG_C6D37C19,PAY_1B239562,ACCOUNTS_RECEIVABLE,788500,CREDIT,2026-08-12T12:14:43Z
LDG_16512095,PAY_29D2AE77,ACCOUNTS_RECEIVABLE,1071100,CREDIT,2026-07-30T14:03:59Z
LDG_FD0E95AB,PAY_48D81EFE,ACCOUNTS_RECEIVABLE,887900,CREDIT,2026-07-21T14:30:42Z
LDG_B3F49706,PAY_88BD7245,ACCOUNTS_RECEIVABLE,432400,CREDIT,2026-09-01T00:20:13Z
LDG_30BE288C,PAY_BE28D5FA,ACCOUNTS_RECEIVABLE,1759600,CREDIT,2026-07-07T12:50:14Z
LDG_0BF04977,PAY_A13D5EC6,ACCOUNTS_RECEIVABLE,1463100,CREDIT,2026-08-23T18:54:00Z
LDG_3452C42B,PAY_3DD7A825,ACCOUNTS_RECEIVABLE,1330000,CREDIT,2026-07-16T22:07:51Z
LDG_2BD697ED,PAY_9D485BA1,ACCOUNTS_RECEIVABLE,1169600,CREDIT,2026-07-13T03:49:32Z
LDG_5C104BE2,PAY_6FFEC2CD,ACCOUNTS_RECEIVABLE,60000,CREDIT,2026-07-09T17:43:37Z
LDG_E523BC98,PAY_296C63C9,ACCOUNTS_RECEIVABLE,1734900,CREDIT,2026-08-19T00:35:43Z
LDG_B6D273B3,PAY_BB3C5C6B,ACCOUNTS_RECEIVABLE,1658700,CREDIT,2026-08-11T19:34:03Z
LDG_2E679057,PAY_9D231FA8,ACCOUNTS_RECEIVABLE,40300,CREDIT,2026-07-19T00:23:57Z
LDG_B4183544,PAY_1D56A388,ACCOUNTS_RECEIVABLE,50000,CREDIT,2026-08-31T10:57:30Z
LDG_815FFC54,PAY_6D801A6A,ACCOUNTS_RECEIVABLE,697500,CREDIT,2026-07-02T23:18:33Z
LDG_F01CC391,PAY_B106D7EF,ACCOUNTS_RECEIVABLE,824300,CREDIT,2026-07-25T03:26:13Z
LDG_592CF2A4,PAY_30A7FB3E,ACCOUNTS_RECEIVABLE,760600,CREDIT,2026-07-24T13:52:31Z
LDG_FED04E2A,PAY_25F1FF63,ACCOUNTS_RECEIVABLE,1953100,CREDIT,2026-07-21T03:25:19Z
LDG_3A972B51,PAY_FD233DF3,ACCOUNTS_RECEIVABLE,310600,CREDIT,2026-07-29T01:07:05Z
LDG_CEEC5667,PAY_0D4318FB,ACCOUNTS_RECEIVABLE,142200,CREDIT,2026-08-21T13:12:41Z
LDG_7569B73E,PAY_70E2B648,ACCOUNTS_RECEIVABLE,651000,CREDIT,2026-07-21T16:27:24Z
LDG_E0D523F7,PAY_A5A3880B,ACCOUNTS_RECEIVABLE,1468600,CREDIT,2026-08-10T00:50:42Z
LDG_F627B77D,PAY_42E7A768,ACCOUNTS_RECEIVABLE,989700,CREDIT,2026-08-02T01:57:35Z
LDG_B8736B67,PAY_8D84AEA7,ACCOUNTS_RECEIVABLE,815200,CREDIT,2026-08-25T19:09:13Z
LDG_63EAB4E1,PAY_DE131EF9,ACCOUNTS_RECEIVABLE,758400,CREDIT,2026-07-07T13:10:03Z
LDG_FE27EE74,PAY_5C6AF948,ACCOUNTS_RECEIVABLE,660000,CREDIT,2026-07-07T01:14:02Z
LDG_4D929693,PAY_7B98825C,ACCOUNTS_RECEIVABLE,1447500,CREDIT,2026-08-31T07:17:13Z
LDG_36C21771,PAY_6E316804,ACCOUNTS_RECEIVABLE,1992000,CREDIT,2026-07-18T20:31:10Z
LDG_266794FA,PAY_E407311B,ACCOUNTS_RECEIVABLE,240700,CREDIT,2026-07-02T21:43:35Z
LDG_0A9920FC,PAY_D565E05A,ACCOUNTS_RECEIVABLE,633100,CREDIT,2026-08-28T11:46:16Z
LDG_36975DBC,PAY_626255D8,ACCOUNTS_RECEIVABLE,1537500,CREDIT,2026-08-24T06:25:25Z
LDG_BBC19E56,PAY_62688657,ACCOUNTS_RECEIVABLE,1997800,CREDIT,2026-07-14T04:19:53Z
LDG_8FE0662A,PAY_D2555957,ACCOUNTS_RECEIVABLE,1544200,CREDIT,2026-07-23T05:43:10Z
LDG_C7AED937,PAY_115ABE11,ACCOUNTS_RECEIVABLE,839800,CREDIT,2026-07-21T23:50:26Z
LDG_0B067EB3,PAY_94510816,ACCOUNTS_RECEIVABLE,1726900,CREDIT,2026-07-05T06:09:56Z
LDG_61E51BDD,PAY_4605B0B3,ACCOUNTS_RECEIVABLE,1288400,CREDIT,2026-07-02T13:29:45Z
LDG_40346D12,PAY_1E60D93D,ACCOUNTS_RECEIVABLE,156300,CREDIT,2026-07-16T23:43:46Z
LDG_F571EB00,PAY_070F74AE,ACCOUNTS_RECEIVABLE,878100,CREDIT,2026-07-25T06:49:50Z
LDG_3D3E9655,PAY_13823794,ACCOUNTS_RECEIVABLE,1844700,CREDIT,2026-07-24T19:55:57Z
LDG_C08717B8,PAY_E26F2B37,ACCOUNTS_RECEIVABLE,167700,CREDIT,2026-08-08T20:31:38Z
LDG_605DAE6D,PAY_7C5DB4F5,ACCOUNTS_RECEIVABLE,1226900,CREDIT,2026-08-25T02:43:53Z
LDG_66E89266,PAY_51791086,ACCOUNTS_RECEIVABLE,101400,CREDIT,2026-07-02T09:05:13Z
LDG_1890E1F7,PAY_18F3AA7E,ACCOUNTS_RECEIVABLE,1010700,CREDIT,2026-08-25T01:27:39Z
LDG_86379B6B,PAY_CF1F7BB9,ACCOUNTS_RECEIVABLE,1836200,CREDIT,2026-08-14T15:06:21Z
LDG_8FCD91B4,PAY_FB144A05,ACCOUNTS_RECEIVABLE,1624100,CREDIT,2026-08-04T02:32:31Z
LDG_62AABD94,PAY_B1EB2D09,ACCOUNTS_RECEIVABLE,1497800,CREDIT,2026-07-30T09:59:00Z
LDG_465BFE20,PAY_02121850,ACCOUNTS_RECEIVABLE,1241800,CREDIT,2026-07-08T10:57:53Z
LDG_F894C81A,PAY_3A488E62,ACCOUNTS_RECEIVABLE,955300,CREDIT,2026-08-07T01:23:18Z
LDG_F8746C17,PAY_9D306C74,ACCOUNTS_RECEIVABLE,1945200,CREDIT,2026-08-09T19:20:07Z
LDG_7940664F,PAY_3BECCA4B,ACCOUNTS_RECEIVABLE,278100,CREDIT,2026-07-17T15:08:46Z
LDG_D747E5CE,PAY_A58B9140,ACCOUNTS_RECEIVABLE,1825200,CREDIT,2026-07-02T01:49:09Z
LDG_32D30866,PAY_24F77D33,ACCOUNTS_RECEIVABLE,963100,CREDIT,2026-08-29T03:43:07Z
LDG_0733A747,PAY_E2F12313,ACCOUNTS_RECEIVABLE,1485200,CREDIT,2026-07-01T03:14:00Z
LDG_FDC57267,PAY_EF3B9FAE,ACCOUNTS_RECEIVABLE,1515700,CREDIT,2026-08-03T00:08:03Z
LDG_384D6D70,PAY_8D0854A0,ACCOUNTS_RECEIVABLE,690600,CREDIT,2026-08-20T12:44:35Z
LDG_143BEADE,PAY_CCD42D4B,ACCOUNTS_RECEIVABLE,414300,CREDIT,2026-08-08T18:35:19Z
LDG_F1E1DD7C,PAY_5F605937,ACCOUNTS_RECEIVABLE,1390800,CREDIT,2026-07-24T04:57:53Z
LDG_BE87E674,PAY_9492320A,ACCOUNTS_RECEIVABLE,750300,CREDIT,2026-07-01T12:32:31Z
LDG_3AAA50F6,PAY_6913FE0D,ACCOUNTS_RECEIVABLE,1676300,CREDIT,2026-07-13T11:47:32Z
LDG_EB8F558F,PAY_11B176B9,ACCOUNTS_RECEIVABLE,890600,CREDIT,2026-07-11T20:10:27Z
LDG_61B215A0,PAY_70EF7305,ACCOUNTS_RECEIVABLE,1700300,CREDIT,2026-08-08T11:49:14Z
LDG_EE665169,PAY_6736FA79,ACCOUNTS_RECEIVABLE,1654000,CREDIT,2026-07-29T00:17:27Z
LDG_A4AF285E,PAY_7D6E953A,ACCOUNTS_RECEIVABLE,1993900,CREDIT,2026-07-15T05:40:33Z
LDG_2EC08D97,PAY_E01CE59A,ACCOUNTS_RECEIVABLE,627800,CREDIT,2026-07-25T12:16:57Z
LDG_704D03E9,PAY_70A050A6,ACCOUNTS_RECEIVABLE,1150500,CREDIT,2026-07-24T15:10:03Z
LDG_158B90A4,PAY_A3B72C6D,ACCOUNTS_RECEIVABLE,1704700,CREDIT,2026-07-01T01:57:35Z
LDG_0C0BB557,PAY_B2694577,ACCOUNTS_RECEIVABLE,379900,CREDIT,2026-08-04T22:53:25Z
LDG_4826E397,PAY_FB3F17D0,ACCOUNTS_RECEIVABLE,1669700,CREDIT,2026-08-17T11:33:14Z
LDG_E15A71FA,PAY_2A26D8E1,ACCOUNTS_RECEIVABLE,116100,CREDIT,2026-07-18T05:15:02Z
LDG_D630EBFA,PAY_6F62B54D,ACCOUNTS_RECEIVABLE,204400,CREDIT,2026-08-24T19:26:16Z
LDG_C683393D,PAY_59B9FF5A,ACCOUNTS_RECEIVABLE,740400,CREDIT,2026-07-13T14:28:47Z
LDG_E0387827,PAY_02B05699,ACCOUNTS_RECEIVABLE,597500,CREDIT,2026-08-17T06:14:53Z
LDG_DA1873D7,PAY_919A33E8,ACCOUNTS_RECEIVABLE,1767900,CREDIT,2026-08-14T21:33:37Z
LDG_6A28AA8C,PAY_BE59AAD3,ACCOUNTS_RECEIVABLE,1428900,CREDIT,2026-08-07T03:25:29Z
LDG_9A0130DC,PAY_64A3AA71,ACCOUNTS_RECEIVABLE,320200,CREDIT,2026-07-07T17:22:18Z
LDG_4F49A441,PAY_4570F10A,ACCOUNTS_RECEIVABLE,470600,CREDIT,2026-08-31T04:24:40Z
LDG_00D81685,PAY_51639628,ACCOUNTS_RECEIVABLE,730600,CREDIT,2026-07-10T23:01:02Z
LDG_CBC47E13,PAY_6282D9E3,ACCOUNTS_RECEIVABLE,1699700,CREDIT,2026-08-20T12:34:01Z
LDG_1C627A70,PAY_AC5DA5F6,ACCOUNTS_RECEIVABLE,845100,CREDIT,2026-08-04T10:35:13Z
LDG_D84E9AD5,PAY_BF4CA1E6,ACCOUNTS_RECEIVABLE,296000,CREDIT,2026-08-17T11:34:17Z
LDG_62EA7B7A,PAY_B70FD651,ACCOUNTS_RECEIVABLE,144900,CREDIT,2026-07-10T08:28:41Z
LDG_095547E7,PAY_99A00BA4,ACCOUNTS_RECEIVABLE,199900,CREDIT,2026-08-06T20:45:37Z
LDG_B0BCBA50,PAY_C9995DE2,ACCOUNTS_RECEIVABLE,1162400,CREDIT,2026-07-06T13:10:11Z
LDG_560929A9,PAY_23FA5B11,ACCOUNTS_RECEIVABLE,637000,CREDIT,2026-08-09T02:45:31Z
LDG_B2904254,PAY_1B585AEA,ACCOUNTS_RECEIVABLE,60000000,CREDIT,2026-07-10T19:10:14Z
LDG_C808BB52,PAY_320FC47A,ACCOUNTS_RECEIVABLE,1530400,CREDIT,2026-08-25T08:42:10Z
LDG_FEDCF52D,PAY_2812A063,ACCOUNTS_RECEIVABLE,5500000,CREDIT,2026-07-07T08:02:19Z
LDG_538E7B84,PAY_4A5981B7,ACCOUNTS_RECEIVABLE,1753900,CREDIT,2026-08-16T00:11:00Z
LDG_75F1AE9A,PAY_C2C28C33,ACCOUNTS_RECEIVABLE,1736100,CREDIT,2026-07-11T13:04:29Z
LDG_225BEEB9,PAY_91687615,ACCOUNTS_RECEIVABLE,1105800,CREDIT,2026-07-15T10:50:16Z
LDG_F0C5E508,PAY_E5DF9D25,ACCOUNTS_RECEIVABLE,1075800,CREDIT,2026-07-22T10:18:21Z
LDG_1FE5E67C,PAY_022ED30C,ACCOUNTS_RECEIVABLE,64700,CREDIT,2026-08-17T11:17:07Z
LDG_A0C2076A,PAY_D6D02C30,ACCOUNTS_RECEIVABLE,140500,CREDIT,2026-07-24T10:29:19Z
LDG_BBAB0DE9,PAY_C132D136,ACCOUNTS_RECEIVABLE,774400,CREDIT,2026-08-20T15:10:43Z
LDG_6A988965,PAY_3F9EA8B2,ACCOUNTS_RECEIVABLE,622700,CREDIT,2026-07-11T14:51:34Z
LDG_D31B7B99,PAY_5ABA2EF2,ACCOUNTS_RECEIVABLE,1752300,CREDIT,2026-08-23T01:00:13Z
LDG_EA556085,PAY_B60B1074,ACCOUNTS_RECEIVABLE,1182900,CREDIT,2026-07-09T02:06:03Z
LDG_BDE3619F,PAY_06E53CDA,ACCOUNTS_RECEIVABLE,1721400,CREDIT,2026-08-18T10:14:49Z
LDG_BA20D316,PAY_50BED14F,ACCOUNTS_RECEIVABLE,203000,CREDIT,2026-08-27T07:49:12Z
LDG_AB1CD008,PAY_F49DB5E5,ACCOUNTS_RECEIVABLE,411400,CREDIT,2026-07-30T23:50:54Z
LDG_062B0D0F,PAY_3F9E4A98,ACCOUNTS_RECEIVABLE,784400,CREDIT,2026-08-27T20:55:23Z
LDG_AE253A5F,PAY_63E6D874,ACCOUNTS_RECEIVABLE,1890600,CREDIT,2026-07-17T08:29:52Z
LDG_510759F6,PAY_5FF9D85A,ACCOUNTS_RECEIVABLE,1932800,CREDIT,2026-07-02T08:41:45Z
LDG_ACD0437B,PAY_5C8A4931,ACCOUNTS_RECEIVABLE,522900,CREDIT,2026-07-23T19:15:43Z
LDG_35AD7FA3,PAY_D7A5C5EF,ACCOUNTS_RECEIVABLE,561800,CREDIT,2026-07-15T16:59:10Z
LDG_04AE4A06,PAY_F771A5F8,ACCOUNTS_RECEIVABLE,1071700,CREDIT,2026-08-05T19:36:23Z
LDG_0F6AE929,PAY_B478376B,ACCOUNTS_RECEIVABLE,1025900,CREDIT,2026-07-23T05:51:19Z
LDG_5523F75E,PAY_5478980C,ACCOUNTS_RECEIVABLE,295700,CREDIT,2026-07-31T22:46:17Z
LDG_C460A2D9,PAY_DBF9693F,ACCOUNTS_RECEIVABLE,270600,CREDIT,2026-07-31T18:24:19Z
LDG_3385329E,PAY_D645684C,ACCOUNTS_RECEIVABLE,1652100,CREDIT,2026-08-07T20:09:44Z
LDG_3931849D,PAY_DB1C5917,ACCOUNTS_RECEIVABLE,394400,CREDIT,2026-08-30T12:26:41Z
LDG_25F23C94,PAY_19646438,ACCOUNTS_RECEIVABLE,106100,CREDIT,2026-07-09T19:37:09Z
LDG_EBB00A79,PAY_94524B5B,ACCOUNTS_RECEIVABLE,1971800,CREDIT,2026-08-16T10:30:13Z
LDG_305FFAB7,PAY_46C7A20E,ACCOUNTS_RECEIVABLE,1462900,CREDIT,2026-07-04T15:07:24Z
LDG_9A72D203,PAY_6DDC77DB,ACCOUNTS_RECEIVABLE,829900,CREDIT,2026-07-20T18:11:25Z
LDG_DA92B54C,PAY_6417D83C,ACCOUNTS_RECEIVABLE,1813700,CREDIT,2026-08-18T06:46:42Z
LDG_3F3E3D8A,PAY_4548727E,ACCOUNTS_RECEIVABLE,565400,CREDIT,2026-08-26T15:24:31Z
LDG_D8F365D4,PAY_579801B1,ACCOUNTS_RECEIVABLE,1532000,CREDIT,2026-07-01T14:21:29Z
LDG_63CBE573,PAY_AB6C533D,ACCOUNTS_RECEIVABLE,972800,CREDIT,2026-08-06T14:47:19Z
LDG_68D26125,PAY_B4D374C6,ACCOUNTS_RECEIVABLE,94600,CREDIT,2026-08-30T15:48:04Z
LDG_7B46F00F,PAY_6C7A64AB,ACCOUNTS_RECEIVABLE,1835100,CREDIT,2026-07-20T10:43:44Z
LDG_8B216D0C,PAY_9ED9A402,ACCOUNTS_RECEIVABLE,381500,CREDIT,2026-07-07T09:44:50Z
LDG_5A90AA1F,PAY_755E9775,ACCOUNTS_RECEIVABLE,643600,CREDIT,2026-07-21T02:33:07Z
LDG_3874F810,PAY_87F914AB,ACCOUNTS_RECEIVABLE,1997800,CREDIT,2026-08-02T05:50:09Z
LDG_68972E8E,PAY_27F8A440,ACCOUNTS_RECEIVABLE,1302400,CREDIT,2026-08-17T23:46:33Z
LDG_08339C19,PAY_1FAD1820,ACCOUNTS_RECEIVABLE,815600,CREDIT,2026-07-01T13:46:36Z
LDG_D8CBF13C,PAY_B9AE38D3,ACCOUNTS_RECEIVABLE,1261400,CREDIT,2026-08-03T17:04:34Z
LDG_DF68B65D,PAY_F9F03316,ACCOUNTS_RECEIVABLE,1896400,CREDIT,2026-08-02T11:25:33Z
LDG_0879005F,PAY_A7484963,ACCOUNTS_RECEIVABLE,607300,CREDIT,2026-07-24T05:50:17Z
LDG_6D805ACF,PAY_5ABBE083,ACCOUNTS_RECEIVABLE,558700,CREDIT,2026-07-16T14:19:16Z
LDG_88422448,PAY_2869427C,ACCOUNTS_RECEIVABLE,415000,CREDIT,2026-08-21T22:37:15Z
LDG_5A665B1E,PAY_9F4854EB,ACCOUNTS_RECEIVABLE,1600300,CREDIT,2026-08-06T16:55:28Z
LDG_9F2F3BB1,PAY_62BB48AF,ACCOUNTS_RECEIVABLE,808300,CREDIT,2026-08-09T17:33:00Z
LDG_31C58DE3,PAY_DF886F10,ACCOUNTS_RECEIVABLE,30000000,CREDIT,2026-07-15T12:18:45Z
LDG_CA7B1938,PAY_9ED9928D,ACCOUNTS_RECEIVABLE,578900,CREDIT,2026-07-10T13:32:10Z
LDG_784DA25E,PAY_FAE6A373,ACCOUNTS_RECEIVABLE,45100,CREDIT,2026-07-30T10:40:34Z
LDG_81543241,PAY_98593C46,ACCOUNTS_RECEIVABLE,1119400,CREDIT,2026-07-27T22:39:05Z
LDG_BF92C1AF,PAY_202E8C36,ACCOUNTS_RECEIVABLE,60000000,CREDIT,2026-08-27T19:31:40Z
LDG_CD229BE1,PAY_DAF902F0,ACCOUNTS_RECEIVABLE,1640500,CREDIT,2026-08-29T06:17:00Z
LDG_8C83053A,PAY_098E85D0,ACCOUNTS_RECEIVABLE,377200,CREDIT,2026-08-15T01:06:02Z
LDG_E8E228BD,PAY_B2636C1D,ACCOUNTS_RECEIVABLE,1411000,CREDIT,2026-08-17T07:28:21Z
LDG_984F8730,PAY_DABFF8E6,ACCOUNTS_RECEIVABLE,1319500,CREDIT,2026-07-20T02:58:19Z
LDG_0418E46E,PAY_E6CF7D6C,ACCOUNTS_RECEIVABLE,1818500,CREDIT,2026-07-07T14:14:41Z
LDG_B8B4F42B,PAY_A226A5EE,ACCOUNTS_RECEIVABLE,694500,CREDIT,2026-07-23T05:24:38Z
LDG_85E4928B,PAY_36D3D155,ACCOUNTS_RECEIVABLE,1295800,CREDIT,2026-08-18T01:11:05Z
LDG_532E0549,PAY_6FB632AA,ACCOUNTS_RECEIVABLE,46300,CREDIT,2026-08-03T05:44:05Z
LDG_3D2E63A6,PAY_984850BD,ACCOUNTS_RECEIVABLE,1659100,CREDIT,2026-07-28T20:34:00Z
LDG_A20606E0,PAY_AE6094F2,ACCOUNTS_RECEIVABLE,586400,CREDIT,2026-08-10T17:47:44Z
LDG_00C11C89,PAY_364BED69,ACCOUNTS_RECEIVABLE,1490300,CREDIT,2026-07-03T09:52:49Z
LDG_59A08B08,PAY_C74D2F9B,ACCOUNTS_RECEIVABLE,1927800,CREDIT,2026-07-09T20:30:15Z
LDG_4DFA4B3E,PAY_CA43DEE2,ACCOUNTS_RECEIVABLE,1761700,CREDIT,2026-07-28T03:55:20Z
LDG_323964EF,PAY_0A42727F,ACCOUNTS_RECEIVABLE,1998300,CREDIT,2026-07-30T08:40:42Z
LDG_2513D08A,PAY_ECC8C833,ACCOUNTS_RECEIVABLE,1411100,CREDIT,2026-07-23T02:31:00Z
LDG_69693A81,PAY_E1995685,ACCOUNTS_RECEIVABLE,374200,CREDIT,2026-07-20T09:11:14Z
LDG_AC2054AE,PAY_3497E7CD,ACCOUNTS_RECEIVABLE,1748400,CREDIT,2026-08-22T02:12:26Z
LDG_B45F41AD,PAY_5DF28C8C,ACCOUNTS_RECEIVABLE,945000,CREDIT,2026-08-24T16:12:52Z
LDG_39AADC1C,PAY_64147AA2,ACCOUNTS_RECEIVABLE,1880700,CREDIT,2026-07-23T01:23:55Z
LDG_2E93C628,PAY_AC3976F9,ACCOUNTS_RECEIVABLE,909700,CREDIT,2026-07-09T05:08:25Z
LDG_15119C65,PAY_6D5AADE7,ACCOUNTS_RECEIVABLE,236800,CREDIT,2026-08-23T20:09:08Z
LDG_BDB34635,PAY_C28AE979,ACCOUNTS_RECEIVABLE,276100,CREDIT,2026-08-06T18:14:33Z
LDG_F2C51FF0,PAY_E2CF0B66,ACCOUNTS_RECEIVABLE,1219800,CREDIT,2026-08-25T08:51:11Z
LDG_A50B68B8,PAY_55E5F30D,ACCOUNTS_RECEIVABLE,51100,CREDIT,2026-08-28T11:55:49Z
LDG_D42D8D01,PAY_B589E91F,ACCOUNTS_RECEIVABLE,1763200,CREDIT,2026-07-08T21:22:06Z
LDG_109EBBC9,PAY_ED764141,ACCOUNTS_RECEIVABLE,1095400,CREDIT,2026-07-15T22:58:52Z
LDG_AA17EDF4,PAY_A69F0C45,ACCOUNTS_RECEIVABLE,296700,CREDIT,2026-09-01T20:04:25Z
LDG_26DE36CB,PAY_48CE66BF,ACCOUNTS_RECEIVABLE,32900,CREDIT,2026-08-29T16:37:14Z
LDG_E975F59A,PAY_D3228B5E,ACCOUNTS_RECEIVABLE,1639700,CREDIT,2026-07-10T21:16:43Z
LDG_A0BA1862,PAY_93D50784,ACCOUNTS_RECEIVABLE,1626000,CREDIT,2026-08-01T04:11:23Z
LDG_996A31C7,PAY_58B17150,ACCOUNTS_RECEIVABLE,1093100,CREDIT,2026-08-04T03:09:21Z
LDG_68E37483,PAY_D9EE9BAE,ACCOUNTS_RECEIVABLE,1959700,CREDIT,2026-08-28T16:17:56Z
LDG_5D90B479,PAY_9A666B10,ACCOUNTS_RECEIVABLE,1623400,CREDIT,2026-07-08T05:22:47Z
LDG_2BFBFB78,PAY_E98B7498,ACCOUNTS_RECEIVABLE,1889600,CREDIT,2026-08-29T04:47:38Z
LDG_FE24BB73,PAY_6B58A96A,ACCOUNTS_RECEIVABLE,1543100,CREDIT,2026-08-18T10:02:39Z
LDG_BEDA16EE,PAY_F02C4F54,ACCOUNTS_RECEIVABLE,1209500,CREDIT,2026-07-20T16:50:32Z
LDG_4277CE42,PAY_D40D7332,ACCOUNTS_RECEIVABLE,83000,CREDIT,2026-08-26T16:19:02Z
LDG_64EDC59C,PAY_19AFBDC8,ACCOUNTS_RECEIVABLE,80900,CREDIT,2026-08-27T03:16:27Z
LDG_8076C493,PAY_338A3BFB,ACCOUNTS_RECEIVABLE,1149700,CREDIT,2026-07-20T10:46:33Z
LDG_59AAF19F,PAY_7FE9AF59,ACCOUNTS_RECEIVABLE,1763500,CREDIT,2026-07-17T22:39:43Z
LDG_AEC367FF,PAY_013EE261,ACCOUNTS_RECEIVABLE,800300,CREDIT,2026-09-01T19:45:38Z
LDG_2E06AC4E,PAY_DCF8C376,ACCOUNTS_RECEIVABLE,1487700,CREDIT,2026-08-03T17:44:06Z
LDG_EFBC0D90,PAY_E9CF27B6,ACCOUNTS_RECEIVABLE,228400,CREDIT,2026-07-08T09:48:20Z
LDG_6A65DE25,PAY_229557D8,ACCOUNTS_RECEIVABLE,880200,CREDIT,2026-08-27T04:57:01Z
LDG_2F33BD93,PAY_511A89EE,ACCOUNTS_RECEIVABLE,915500,CREDIT,2026-08-20T07:44:51Z
LDG_C4D2835A,PAY_4CF3599D,ACCOUNTS_RECEIVABLE,1897600,CREDIT,2026-08-09T08:57:49Z
LDG_7A59C28A,PAY_5AB0431C,ACCOUNTS_RECEIVABLE,316000,CREDIT,2026-07-03T15:10:32Z
LDG_9093E8D4,PAY_7B0CFCD8,ACCOUNTS_RECEIVABLE,88200,CREDIT,2026-07-09T08:24:31Z
LDG_C6D7B3D9,PAY_E7092471,ACCOUNTS_RECEIVABLE,885400,CREDIT,2026-07-05T15:16:36Z
LDG_0A12D9E2,PAY_97C5090C,ACCOUNTS_RECEIVABLE,1593400,CREDIT,2026-08-03T21:57:57Z
LDG_5C9CDF41,PAY_0F039C7C,ACCOUNTS_RECEIVABLE,658200,CREDIT,2026-07-24T07:31:57Z
LDG_6E04F2CB,PAY_1487FA53,ACCOUNTS_RECEIVABLE,962800,CREDIT,2026-07-11T16:59:16Z
LDG_B2832A84,PAY_7C17CF58,ACCOUNTS_RECEIVABLE,116700,CREDIT,2026-07-13T02:57:15Z
LDG_F28180ED,PAY_6D722087,ACCOUNTS_RECEIVABLE,1689800,CREDIT,2026-08-23T22:31:19Z
LDG_32E410C4,PAY_2ED55E02,ACCOUNTS_RECEIVABLE,1404500,CREDIT,2026-08-18T17:29:54Z
LDG_1BC31567,PAY_36039124,ACCOUNTS_RECEIVABLE,1449700,CREDIT,2026-07-25T20:03:42Z
LDG_1C0FAFDA,PAY_642FE7A5,ACCOUNTS_RECEIVABLE,494000,CREDIT,2026-07-30T19:11:18Z
LDG_D73780E8,PAY_EE367982,ACCOUNTS_RECEIVABLE,571600,CREDIT,2026-08-19T13:56:34Z
LDG_0D5CF9A9,PAY_7AB8D16D,ACCOUNTS_RECEIVABLE,1092300,CREDIT,2026-07-11T06:26:04Z
LDG_986B6784,PAY_5EFB6C59,ACCOUNTS_RECEIVABLE,1803300,CREDIT,2026-08-05T20:56:49Z
LDG_51AC5949,PAY_A06B36CA,ACCOUNTS_RECEIVABLE,114800,CREDIT,2026-07-06T20:47:17Z
LDG_16222892,PAY_A260DFC6,ACCOUNTS_RECEIVABLE,1156100,CREDIT,2026-07-11T17:32:38Z
LDG_F3AE9B86,PAY_C7AB6169,ACCOUNTS_RECEIVABLE,143200,CREDIT,2026-07-20T10:50:21Z
LDG_B315B7D8,PAY_6F20CC21,ACCOUNTS_RECEIVABLE,1703700,CREDIT,2026-07-01T13:36:14Z
LDG_68CB8A33,PAY_30DCCCEE,ACCOUNTS_RECEIVABLE,185200,CREDIT,2026-08-13T03:34:03Z
LDG_4F72B86F,PAY_867DDB14,ACCOUNTS_RECEIVABLE,1148100,CREDIT,2026-07-03T08:13:55Z
LDG_3D385BEB,PAY_7B1EE433,ACCOUNTS_RECEIVABLE,1109400,CREDIT,2026-08-23T05:27:52Z
LDG_EC43D9D6,PAY_BC6AE103,ACCOUNTS_RECEIVABLE,203400,CREDIT,2026-08-09T09:43:15Z
LDG_DE44FD84,PAY_7C4685EA,ACCOUNTS_RECEIVABLE,1115700,CREDIT,2026-08-16T15:38:44Z
LDG_AF85F3F2,PAY_EBF9228F,ACCOUNTS_RECEIVABLE,31300,CREDIT,2026-07-20T16:39:30Z
LDG_2928FBEF,PAY_FFC53BF8,ACCOUNTS_RECEIVABLE,14700,CREDIT,2026-07-08T13:38:59Z
LDG_CA93990C,PAY_A972752A,ACCOUNTS_RECEIVABLE,868900,CREDIT,2026-08-25T23:00:30Z
LDG_555DAF1F,PAY_940519A8,ACCOUNTS_RECEIVABLE,1258700,CREDIT,2026-08-25T14:56:32Z
LDG_5CE8A15C,PAY_D2352197,ACCOUNTS_RECEIVABLE,984500,CREDIT,2026-08-15T21:13:45Z
LDG_E081E03B,PAY_72EA94E6,ACCOUNTS_RECEIVABLE,937600,CREDIT,2026-08-27T14:00:34Z
LDG_23F4AC2F,PAY_CD4B8A8C,ACCOUNTS_RECEIVABLE,217500,CREDIT,2026-07-15T11:38:25Z
LDG_1D28494D,PAY_1B92F826,ACCOUNTS_RECEIVABLE,1472000,CREDIT,2026-08-29T13:38:37Z
LDG_DD14E02A,PAY_4DF15DBC,ACCOUNTS_RECEIVABLE,1364000,CREDIT,2026-08-22T09:49:19Z
LDG_19DE5B10,PAY_4DEB49D2,ACCOUNTS_RECEIVABLE,770500,CREDIT,2026-08-27T05:00:37Z
LDG_63CB35AA,PAY_B0B1955B,ACCOUNTS_RECEIVABLE,54600,CREDIT,2026-07-05T22:59:55Z
LDG_A56F252E,PAY_2C56DB97,ACCOUNTS_RECEIVABLE,96100,CREDIT,2026-08-08T02:00:25Z
LDG_F38D1DFB,PAY_69A0403F,ACCOUNTS_RECEIVABLE,219800,CREDIT,2026-08-07T16:09:26Z
LDG_6C3B37DE,PAY_D7B367F6,ACCOUNTS_RECEIVABLE,1694400,CREDIT,2026-07-16T18:02:54Z
LDG_F9F9B939,PAY_77F748E8,ACCOUNTS_RECEIVABLE,138700,CREDIT,2026-08-23T16:19:17Z
LDG_9F46CD32,PAY_CE0CE59C,ACCOUNTS_RECEIVABLE,1012100,CREDIT,2026-08-10T00:44:42Z
LDG_9954A962,PAY_97901820,ACCOUNTS_RECEIVABLE,1584700,CREDIT,2026-07-16T15:01:57Z
LDG_4C55FA2F,PAY_F1E2DD5A,ACCOUNTS_RECEIVABLE,374300,CREDIT,2026-08-14T05:16:52Z
LDG_DD29E952,PAY_C172CE13,ACCOUNTS_RECEIVABLE,703100,CREDIT,2026-08-24T16:42:11Z
LDG_DECE13EC,PAY_D407FC5C,ACCOUNTS_RECEIVABLE,468000,CREDIT,2026-07-05T10:49:43Z
LDG_E942EB9C,PAY_7E5D9BC4,ACCOUNTS_RECEIVABLE,515200,CREDIT,2026-08-01T04:54:55Z
LDG_C89FEB01,PAY_77CC0FE5,ACCOUNTS_RECEIVABLE,1754600,CREDIT,2026-07-22T01:49:47Z
LDG_76B8B4D8,PAY_C5CE3544,ACCOUNTS_RECEIVABLE,570700,CREDIT,2026-08-20T20:59:29Z
LDG_E5434D59,PAY_DA2148E7,ACCOUNTS_RECEIVABLE,1994300,CREDIT,2026-08-18T23:05:40Z
LDG_CAC5D9E9,PAY_30A4F2BD,ACCOUNTS_RECEIVABLE,642700,CREDIT,2026-09-01T11:49:12Z
LDG_7488A634,PAY_465CC85D,ACCOUNTS_RECEIVABLE,898700,CREDIT,2026-09-01T20:12:46Z
LDG_A35F32B8,PAY_0025D12A,ACCOUNTS_RECEIVABLE,1871200,CREDIT,2026-08-06T03:33:56Z
LDG_A1F7C100,PAY_01330592,ACCOUNTS_RECEIVABLE,1733500,CREDIT,2026-08-09T20:58:11Z
LDG_8D1F4C43,PAY_A002AECF,ACCOUNTS_RECEIVABLE,1899100,CREDIT,2026-07-05T05:46:27Z
LDG_6A2806F2,PAY_D227F5FF,ACCOUNTS_RECEIVABLE,1560900,CREDIT,2026-07-09T07:42:15Z
LDG_84626108,PAY_EA3BDC3F,ACCOUNTS_RECEIVABLE,256000,CREDIT,2026-08-09T15:06:31Z
LDG_121B44AC,PAY_B0448C7E,ACCOUNTS_RECEIVABLE,340800,CREDIT,2026-07-18T15:07:20Z
LDG_4936F843,PAY_90262EF1,ACCOUNTS_RECEIVABLE,253800,CREDIT,2026-09-01T12:39:19Z
LDG_1F7474F5,PAY_D237BDBE,ACCOUNTS_RECEIVABLE,1165000,CREDIT,2026-07-23T11:35:17Z
LDG_F454A2A8,PAY_61024C0E,ACCOUNTS_RECEIVABLE,582100,CREDIT,2026-07-14T06:42:05Z
LDG_F2655DCF,PAY_8619EEFF,ACCOUNTS_RECEIVABLE,1259700,CREDIT,2026-07-06T11:19:09Z
LDG_16E987D1,PAY_EADEACE3,ACCOUNTS_RECEIVABLE,1855200,CREDIT,2026-07-09T22:35:59Z
LDG_E4E813E5,PAY_21D7F584,ACCOUNTS_RECEIVABLE,314600,CREDIT,2026-07-08T00:57:05Z
LDG_9516A18D,PAY_F26AFCEE,ACCOUNTS_RECEIVABLE,457400,CREDIT,2026-07-21T00:15:23Z
LDG_2C934396,PAY_AAA848C7,ACCOUNTS_RECEIVABLE,1808100,CREDIT,2026-08-09T10:10:08Z
LDG_8BB57DA0,PAY_11117CB2,ACCOUNTS_RECEIVABLE,1116800,CREDIT,2026-07-23T21:15:42Z
LDG_87F01F1C,PAY_2CD959D6,ACCOUNTS_RECEIVABLE,670600,CREDIT,2026-08-24T10:49:56Z
LDG_28312DF1,PAY_FF3F3A34,ACCOUNTS_RECEIVABLE,164000,CREDIT,2026-08-19T05:18:26Z
LDG_2E5E2FE2,PAY_1551A9C7,ACCOUNTS_RECEIVABLE,394100,CREDIT,2026-07-25T21:17:25Z
LDG_3D922002,PAY_0A6F08FF,ACCOUNTS_RECEIVABLE,5500000,CREDIT,2026-07-09T10:59:47Z
LDG_BE5A7D7E,PAY_FF6231F9,ACCOUNTS_RECEIVABLE,957000,CREDIT,2026-07-22T05:54:27Z
LDG_97B53F82,PAY_159AD7D4,ACCOUNTS_RECEIVABLE,440200,CREDIT,2026-07-02T00:58:13Z
LDG_2523D6FE,PAY_A3E9AC8B,ACCOUNTS_RECEIVABLE,256400,CREDIT,2026-08-05T22:08:19Z
LDG_46DA6A24,PAY_F0CFE534,ACCOUNTS_RECEIVABLE,50800,CREDIT,2026-08-14T02:08:17Z
LDG_98CAD5F1,PAY_3EFA0FE1,ACCOUNTS_RECEIVABLE,615900,CREDIT,2026-07-21T15:54:06Z
LDG_253CF23C,PAY_A278C952,ACCOUNTS_RECEIVABLE,1842400,CREDIT,2026-08-11T09:50:44Z
LDG_D4E90960,PAY_C602BB73,ACCOUNTS_RECEIVABLE,764700,CREDIT,2026-07-23T02:56:23Z
LDG_E3B56344,PAY_A3F89495,ACCOUNTS_RECEIVABLE,1854800,CREDIT,2026-08-28T04:54:02Z
LDG_77CF2E6A,PAY_B75CC21C,ACCOUNTS_RECEIVABLE,680800,CREDIT,2026-07-07T11:16:32Z
LDG_B8E44346,PAY_B291502F,ACCOUNTS_RECEIVABLE,1680200,CREDIT,2026-08-30T20:07:30Z
LDG_74D9C02C,PAY_064E862C,ACCOUNTS_RECEIVABLE,614000,CREDIT,2026-07-17T12:08:18Z
LDG_642C45ED,PAY_EDC5E68B,ACCOUNTS_RECEIVABLE,1650100,CREDIT,2026-08-17T03:22:26Z
LDG_ACC348F1,PAY_59DA8F25,ACCOUNTS_RECEIVABLE,846900,CREDIT,2026-08-30T23:34:50Z
LDG_83EFF967,PAY_E42C849D,ACCOUNTS_RECEIVABLE,1691300,CREDIT,2026-08-09T15:34:40Z
LDG_DB0B00C3,PAY_85BDE7DF,ACCOUNTS_RECEIVABLE,1668200,CREDIT,2026-07-11T23:11:30Z
LDG_A681FE86,PAY_F951EE07,ACCOUNTS_RECEIVABLE,1279400,CREDIT,2026-08-06T07:09:30Z
LDG_5295CDD2,PAY_4803670B,ACCOUNTS_RECEIVABLE,422400,CREDIT,2026-08-29T14:34:03Z
LDG_6EF12F1E,PAY_0F5E636F,ACCOUNTS_RECEIVABLE,869800,CREDIT,2026-08-23T11:29:53Z
LDG_C14A5813,PAY_1E1799F6,ACCOUNTS_RECEIVABLE,346800,CREDIT,2026-08-31T07:00:34Z
LDG_81154702,PAY_D4D40B94,ACCOUNTS_RECEIVABLE,1043800,CREDIT,2026-07-06T12:21:10Z
LDG_A7F92FBB,PAY_91046DEE,ACCOUNTS_RECEIVABLE,60000000,CREDIT,2026-08-27T04:33:08Z
LDG_BDAB0776,PAY_38D8699D,ACCOUNTS_RECEIVABLE,1965000,CREDIT,2026-08-07T07:46:08Z
LDG_7B002AD6,PAY_09369A10,ACCOUNTS_RECEIVABLE,1777800,CREDIT,2026-07-19T07:42:00Z
LDG_1B56A7E5,PAY_67BF3354,ACCOUNTS_RECEIVABLE,1915300,CREDIT,2026-08-04T16:57:56Z
LDG_5B6136D8,PAY_11E031D1,ACCOUNTS_RECEIVABLE,1220900,CREDIT,2026-07-08T17:03:27Z
LDG_E8A30A71,PAY_B4DBC0B2,ACCOUNTS_RECEIVABLE,1452700,CREDIT,2026-07-08T07:34:01Z
LDG_0BBD249C,PAY_4EC55B30,ACCOUNTS_RECEIVABLE,201500,CREDIT,2026-08-02T16:15:57Z
LDG_EC7D2312,PAY_B6C4F22B,ACCOUNTS_RECEIVABLE,423900,CREDIT,2026-08-19T18:17:38Z
LDG_B97376CD,PAY_223ADF9C,ACCOUNTS_RECEIVABLE,732500,CREDIT,2026-08-16T15:35:06Z
LDG_B64A24EC,PAY_9BC50810,ACCOUNTS_RECEIVABLE,1424000,CREDIT,2026-08-27T09:03:32Z
LDG_C41C2638,PAY_CE8DF647,ACCOUNTS_RECEIVABLE,1400000,CREDIT,2026-08-15T03:25:42Z
LDG_46B300A3,PAY_F005224B,ACCOUNTS_RECEIVABLE,120700,CREDIT,2026-08-11T11:37:39Z
LDG_918D931F,PAY_B3C82DD0,ACCOUNTS_RECEIVABLE,1732100,CREDIT,2026-07-03T13:42:58Z
LDG_8B20ACD4,PAY_EA3038BA,ACCOUNTS_RECEIVABLE,1712000,CREDIT,2026-07-16T01:36:36Z
LDG_C90FB4A0,PAY_89CBFD24,ACCOUNTS_RECEIVABLE,358400,CREDIT,2026-08-31T14:01:44Z
LDG_7DB21C30,PAY_BEB95BBC,ACCOUNTS_RECEIVABLE,1253400,CREDIT,2026-08-19T14:21:19Z
LDG_6EA7E4D8,PAY_33DABF3C,ACCOUNTS_RECEIVABLE,365500,CREDIT,2026-09-01T09:51:28Z
LDG_0256E445,PAY_8FDADF67,ACCOUNTS_RECEIVABLE,77100,CREDIT,2026-08-07T19:42:24Z
LDG_CD21EB1C,PAY_087C324E,ACCOUNTS_RECEIVABLE,1958300,CREDIT,2026-07-22T01:27:42Z
LDG_9D100960,PAY_219CC9CE,ACCOUNTS_RECEIVABLE,482100,CREDIT,2026-08-25T09:15:09Z
LDG_3C696462,PAY_A0B195C3,ACCOUNTS_RECEIVABLE,165900,CREDIT,2026-07-28T06:00:55Z
LDG_7CBD1662,PAY_C131E194,ACCOUNTS_RECEIVABLE,1480500,CREDIT,2026-07-27T04:23:20Z
LDG_1FB72FF9,PAY_DCB4C3D1,ACCOUNTS_RECEIVABLE,829000,CREDIT,2026-08-11T09:58:03Z
LDG_F3B76AC9,PAY_E7097DAD,ACCOUNTS_RECEIVABLE,1503200,CREDIT,2026-08-27T16:30:16Z
LDG_A0220979,PAY_4C6B26C9,ACCOUNTS_RECEIVABLE,1791700,CREDIT,2026-09-01T15:10:25Z
LDG_CFD6AD02,PAY_F1A6F0A3,ACCOUNTS_RECEIVABLE,691500,CREDIT,2026-08-21T20:59:47Z
LDG_FD51E60E,PAY_2B0B0A87,ACCOUNTS_RECEIVABLE,586300,CREDIT,2026-07-31T09:16:30Z
LDG_F8D664E5,PAY_A589C10D,ACCOUNTS_RECEIVABLE,860000,CREDIT,2026-08-14T15:49:30Z
LDG_0B008611,PAY_303D738C,ACCOUNTS_RECEIVABLE,726900,CREDIT,2026-07-29T08:29:28Z
LDG_0E68A09C,PAY_F9E8DD6A,ACCOUNTS_RECEIVABLE,1612500,CREDIT,2026-08-25T07:46:20Z
LDG_0F96621E,PAY_9F9C8FCF,ACCOUNTS_RECEIVABLE,261500,CREDIT,2026-08-05T12:48:05Z
LDG_7FDEFFBE,PAY_5B8DC4F8,ACCOUNTS_RECEIVABLE,320300,CREDIT,2026-07-02T06:16:43Z
LDG_5CFC6106,PAY_D4A9C4AB,ACCOUNTS_RECEIVABLE,1024300,CREDIT,2026-07-19T06:25:24Z
LDG_30D4C10E,PAY_B85D2B84,ACCOUNTS_RECEIVABLE,1572500,CREDIT,2026-07-22T16:08:55Z
LDG_E992A83D,PAY_22C997BE,ACCOUNTS_RECEIVABLE,681300,CREDIT,2026-07-04T20:30:14Z
LDG_D83F7F5C,PAY_7727D297,ACCOUNTS_RECEIVABLE,721900,CREDIT,2026-08-05T08:21:23Z
LDG_75C26CB0,PAY_2127BB95,ACCOUNTS_RECEIVABLE,750900,CREDIT,2026-08-22T02:49:43Z
LDG_038AB862,PAY_AE895973,ACCOUNTS_RECEIVABLE,836200,CREDIT,2026-07-05T12:58:41Z
LDG_5AFC9019,PAY_44F857CE,ACCOUNTS_RECEIVABLE,1299500,CREDIT,2026-08-11T13:32:43Z
LDG_A25F03B0,PAY_39343C4A,ACCOUNTS_RECEIVABLE,1529900,CREDIT,2026-08-06T20:03:48Z
LDG_4F38DCEA,PAY_10FF2B86,ACCOUNTS_RECEIVABLE,222200,CREDIT,2026-07-10T08:27:41Z
LDG_3B30DF17,PAY_764050A4,ACCOUNTS_RECEIVABLE,366000,CREDIT,2026-07-27T03:21:25Z
LDG_048FF201,PAY_3D00DB08,ACCOUNTS_RECEIVABLE,471800,CREDIT,2026-07-23T16:15:14Z
LDG_0FFD6A31,PAY_26AE6228,ACCOUNTS_RECEIVABLE,126400,CREDIT,2026-08-15T09:47:19Z
LDG_9A5CBE12,PAY_6ECBDE90,ACCOUNTS_RECEIVABLE,1261800,CREDIT,2026-08-08T05:37:50Z
LDG_892CDECB,PAY_EBD7ADB5,ACCOUNTS_RECEIVABLE,1469400,CREDIT,2026-08-09T11:42:56Z
LDG_A1ED7CC1,PAY_BE61591C,ACCOUNTS_RECEIVABLE,60000000,CREDIT,2026-07-08T11:05:00Z
LDG_065E8040,PAY_FE6F98A1,ACCOUNTS_RECEIVABLE,820900,CREDIT,2026-08-23T07:41:58Z
LDG_EAC2A64A,PAY_2D5A07AD,ACCOUNTS_RECEIVABLE,1568600,CREDIT,2026-08-07T23:33:18Z
LDG_9C062FE1,PAY_D72B5884,ACCOUNTS_RECEIVABLE,170400,CREDIT,2026-08-14T03:58:50Z
LDG_B0A055A3,PAY_F6055C0E,ACCOUNTS_RECEIVABLE,1272600,CREDIT,2026-08-14T06:43:31Z
LDG_915C6D1F,PAY_0F23E65A,ACCOUNTS_RECEIVABLE,990200,CREDIT,2026-07-17T02:34:24Z
LDG_07CCF277,PAY_74C6F7ED,ACCOUNTS_RECEIVABLE,798200,CREDIT,2026-07-19T21:12:47Z
LDG_654AF976,PAY_BC7205E3,ACCOUNTS_RECEIVABLE,886700,CREDIT,2026-07-12T23:38:32Z
LDG_13AD8B9C,PAY_A73D2EAD,ACCOUNTS_RECEIVABLE,1007000,CREDIT,2026-07-14T01:31:22Z
LDG_20D3DD3D,PAY_944D909A,ACCOUNTS_RECEIVABLE,30000000,CREDIT,2026-07-22T12:07:12Z
LDG_24356721,PAY_514515AC,ACCOUNTS_RECEIVABLE,177400,CREDIT,2026-07-05T14:34:55Z
LDG_5257DCFE,PAY_F3E7510F,ACCOUNTS_RECEIVABLE,435400,CREDIT,2026-08-12T15:42:11Z
LDG_6DC8504C,PAY_75874DBC,ACCOUNTS_RECEIVABLE,783500,CREDIT,2026-07-09T06:36:26Z
LDG_62A007F0,PAY_85721600,ACCOUNTS_RECEIVABLE,27700,CREDIT,2026-07-27T20:48:58Z
LDG_DD3CE793,PAY_216AF957,ACCOUNTS_RECEIVABLE,828200,CREDIT,2026-07-05T11:21:34Z
LDG_0802DB6F,PAY_3581D5D1,ACCOUNTS_RECEIVABLE,531200,CREDIT,2026-07-27T17:08:51Z
LDG_23972594,PAY_DB1D36A4,ACCOUNTS_RECEIVABLE,69200,CREDIT,2026-07-06T08:06:14Z
LDG_796F60C7,PAY_05616254,ACCOUNTS_RECEIVABLE,467100,CREDIT,2026-08-20T02:44:22Z
LDG_FCFC6413,PAY_540A7AB2,ACCOUNTS_RECEIVABLE,1045200,CREDIT,2026-07-21T15:58:08Z
LDG_1B66B921,PAY_34F2C87D,ACCOUNTS_RECEIVABLE,563800,CREDIT,2026-08-12T08:36:38Z
LDG_4BBA8295,PAY_D3E8FBF6,ACCOUNTS_RECEIVABLE,1466500,CREDIT,2026-08-14T03:07:09Z
LDG_A8605C13,PAY_3B205B4E,ACCOUNTS_RECEIVABLE,551100,CREDIT,2026-08-14T23:34:32Z
LDG_48BF049F,PAY_6BF46DCA,ACCOUNTS_RECEIVABLE,1547300,CREDIT,2026-08-01T07:27:39Z
LDG_8E180C90,PAY_82C143C3,ACCOUNTS_RECEIVABLE,109200,CREDIT,2026-07-23T12:14:10Z
LDG_B7AAA771,PAY_64632EF8,ACCOUNTS_RECEIVABLE,509200,CREDIT,2026-08-31T02:20:06Z
LDG_0BF5EAFE,PAY_F41BBD3F,ACCOUNTS_RECEIVABLE,1339900,CREDIT,2026-08-09T01:07:45Z
LDG_A5DAA676,PAY_18C26BCD,ACCOUNTS_RECEIVABLE,1147000,CREDIT,2026-08-14T01:49:33Z
LDG_F0360E84,PAY_CDC2C6C2,ACCOUNTS_RECEIVABLE,97600,CREDIT,2026-07-19T07:56:59Z
LDG_84BDFE87,PAY_A068E29A,ACCOUNTS_RECEIVABLE,1484100,CREDIT,2026-07-20T08:12:52Z
LDG_180780BE,PAY_6BF2C98F,ACCOUNTS_RECEIVABLE,694100,CREDIT,2026-08-18T12:12:11Z
LDG_DA2C7992,PAY_68F7458A,ACCOUNTS_RECEIVABLE,399500,CREDIT,2026-07-29T19:20:09Z
LDG_A563FBC0,PAY_FA374A68,ACCOUNTS_RECEIVABLE,1592500,CREDIT,2026-07-04T10:22:11Z
LDG_61A21931,PAY_7CE5A2B5,ACCOUNTS_RECEIVABLE,714200,CREDIT,2026-07-15T22:26:58Z
LDG_F604A623,PAY_3AE87794,ACCOUNTS_RECEIVABLE,159300,CREDIT,2026-07-17T14:58:44Z
LDG_50C1FD5A,PAY_C1031593,ACCOUNTS_RECEIVABLE,285800,CREDIT,2026-07-05T15:31:16Z
LDG_52B66344,PAY_0CE6BB01,ACCOUNTS_RECEIVABLE,1414100,CREDIT,2026-08-14T02:13:06Z
LDG_BE0515C0,PAY_7365DF11,ACCOUNTS_RECEIVABLE,280200,CREDIT,2026-08-18T14:43:15Z
LDG_5B29ED87,PAY_43ECA019,ACCOUNTS_RECEIVABLE,61100,CREDIT,2026-08-08T23:36:31Z
LDG_21EAE310,PAY_B71BC11E,ACCOUNTS_RECEIVABLE,1284700,CREDIT,2026-07-30T18:41:46Z
LDG_414B4128,PAY_027E9448,ACCOUNTS_RECEIVABLE,1603300,CREDIT,2026-08-26T03:53:44Z
LDG_032178C0,PAY_60F69A9E,ACCOUNTS_RECEIVABLE,498500,CREDIT,2026-07-15T22:57:27Z
LDG_F530F337,PAY_66B34A4C,ACCOUNTS_RECEIVABLE,761900,CREDIT,2026-07-30T20:36:01Z
LDG_30A30148,PAY_FE059661,ACCOUNTS_RECEIVABLE,1955300,CREDIT,2026-07-28T20:49:33Z
LDG_288B52A3,PAY_716B30EB,ACCOUNTS_RECEIVABLE,527100,CREDIT,2026-07-19T21:01:39Z
LDG_0CB121DB,PAY_C87A6EB9,ACCOUNTS_RECEIVABLE,1527800,CREDIT,2026-08-01T05:50:27Z
LDG_1D0B9E0A,PAY_132EE545,ACCOUNTS_RECEIVABLE,1836700,CREDIT,2026-08-05T07:36:35Z
LDG_6BF783A9,PAY_15239BBA,ACCOUNTS_RECEIVABLE,210400,CREDIT,2026-08-06T07:51:37Z
LDG_5167C89E,PAY_D4D4BCE5,ACCOUNTS_RECEIVABLE,1158900,CREDIT,2026-08-17T15:14:39Z
LDG_F6402768,PAY_7131412F,ACCOUNTS_RECEIVABLE,876700,CREDIT,2026-08-17T22:06:55Z
LDG_2D3F1B7C,PAY_12337927,ACCOUNTS_RECEIVABLE,1072400,CREDIT,2026-08-15T06:55:27Z
LDG_C4D39A03,PAY_B8A5D3DE,ACCOUNTS_RECEIVABLE,269100,CREDIT,2026-08-30T10:38:24Z
LDG_A8FDF56E,PAY_840BF9F5,ACCOUNTS_RECEIVABLE,159800,CREDIT,2026-08-27T21:58:03Z
LDG_2EC08C72,PAY_96514D56,ACCOUNTS_RECEIVABLE,1527200,CREDIT,2026-07-10T20:10:35Z
LDG_35F29695,PAY_98F8A6D6,ACCOUNTS_RECEIVABLE,1997600,CREDIT,2026-08-21T21:22:17Z
LDG_358DCB47,PAY_EF941D73,ACCOUNTS_RECEIVABLE,1107200,CREDIT,2026-08-12T05:06:02Z
LDG_79FD5306,PAY_EA442720,ACCOUNTS_RECEIVABLE,1848400,CREDIT,2026-07-22T04:46:38Z
LDG_7310B085,PAY_CB40FC76,ACCOUNTS_RECEIVABLE,822100,CREDIT,2026-08-30T04:03:51Z
LDG_75567076,PAY_72A52067,ACCOUNTS_RECEIVABLE,179900,CREDIT,2026-08-08T07:56:47Z
LDG_95294A1A,PAY_6EBC0A6C,ACCOUNTS_RECEIVABLE,303500,CREDIT,2026-07-18T00:51:28Z
LDG_F992BD40,PAY_D9FB85E7,ACCOUNTS_RECEIVABLE,378500,CREDIT,2026-07-14T12:17:37Z
LDG_F674B4D3,PAY_47C793B5,ACCOUNTS_RECEIVABLE,448200,CREDIT,2026-07-11T23:07:25Z
LDG_8A8EE967,PAY_C3127672,ACCOUNTS_RECEIVABLE,782800,CREDIT,2026-08-04T11:56:55Z
LDG_AC8105AD,PAY_3445CE00,ACCOUNTS_RECEIVABLE,1588100,CREDIT,2026-08-14T19:43:17Z
LDG_7656373C,PAY_063367EA,ACCOUNTS_RECEIVABLE,1253100,CREDIT,2026-07-30T12:56:24Z
LDG_9557DEF6,PAY_C71F9428,ACCOUNTS_RECEIVABLE,197300,CREDIT,2026-07-15T04:13:28Z
LDG_692CFE71,PAY_93AB11AE,ACCOUNTS_RECEIVABLE,597400,CREDIT,2026-08-26T17:56:31Z
LDG_9F999814,PAY_F808E345,ACCOUNTS_RECEIVABLE,1925700,CREDIT,2026-08-21T00:23:16Z
LDG_3DCB9C77,PAY_89D1EE88,ACCOUNTS_RECEIVABLE,293600,CREDIT,2026-08-06T01:01:50Z
LDG_C1D912C3,PAY_7718BB22,ACCOUNTS_RECEIVABLE,232400,CREDIT,2026-08-21T19:26:51Z
LDG_7E48E75B,PAY_1EABCA68,ACCOUNTS_RECEIVABLE,1147200,CREDIT,2026-07-30T16:22:03Z
LDG_35A981BC,PAY_CEAE2266,ACCOUNTS_RECEIVABLE,1753000,CREDIT,2026-08-02T03:37:14Z
LDG_53CEC590,PAY_B66CE78B,ACCOUNTS_RECEIVABLE,1198600,CREDIT,2026-08-18T22:15:14Z
LDG_9209CFA0,PAY_49E0A786,ACCOUNTS_RECEIVABLE,1223000,CREDIT,2026-08-19T07:23:11Z
LDG_431D8F46,PAY_BAAD2799,ACCOUNTS_RECEIVABLE,1829900,CREDIT,2026-07-11T04:29:06Z
LDG_5F133A6C,PAY_696D1FE2,ACCOUNTS_RECEIVABLE,1340200,CREDIT,2026-07-05T19:46:53Z
LDG_26DE06C5,PAY_644C544E,ACCOUNTS_RECEIVABLE,1490800,CREDIT,2026-07-11T03:55:38Z
LDG_A079D567,PAY_4D13CF03,ACCOUNTS_RECEIVABLE,1412000,CREDIT,2026-08-28T02:13:34Z
LDG_2CEEBA83,PAY_DB2DB649,ACCOUNTS_RECEIVABLE,588500,CREDIT,2026-08-22T00:06:24Z
LDG_326D9D45,PAY_BFAACA0C,ACCOUNTS_RECEIVABLE,925400,CREDIT,2026-08-04T01:39:01Z
LDG_C6A96B2B,PAY_F2A7CBE5,ACCOUNTS_RECEIVABLE,812200,CREDIT,2026-08-03T19:14:58Z
LDG_5C258AF6,PAY_1523A17C,ACCOUNTS_RECEIVABLE,1799700,CREDIT,2026-07-12T19:04:42Z
LDG_C568ED11,PAY_2F1463EA,ACCOUNTS_RECEIVABLE,1475400,CREDIT,2026-07-06T06:32:27Z
LDG_5709D8C6,PAY_BB70FE0B,ACCOUNTS_RECEIVABLE,316200,CREDIT,2026-07-19T08:48:10Z
LDG_5B4B694E,PAY_9D1D6092,ACCOUNTS_RECEIVABLE,1801600,CREDIT,2026-08-07T20:51:29Z
LDG_2C72C317,PAY_2BE9ED03,ACCOUNTS_RECEIVABLE,1286100,CREDIT,2026-07-16T03:25:42Z
LDG_9EC1EC24,PAY_E94EA9CE,ACCOUNTS_RECEIVABLE,1764800,CREDIT,2026-07-20T18:48:17Z
LDG_CF427A10,PAY_B9DCB859,ACCOUNTS_RECEIVABLE,1242600,CREDIT,2026-07-16T09:03:19Z
LDG_48BF0C61,PAY_3A1D9CF9,ACCOUNTS_RECEIVABLE,1817000,CREDIT,2026-07-24T22:29:48Z
LDG_F7DAC2DE,PAY_7CBC075F,ACCOUNTS_RECEIVABLE,1584700,CREDIT,2026-07-25T12:47:38Z
LDG_C0A7933A,PAY_70C517A9,ACCOUNTS_RECEIVABLE,43200,CREDIT,2026-07-10T12:37:48Z
LDG_9491B81F,PAY_4A1F4D1B,ACCOUNTS_RECEIVABLE,1016500,CREDIT,2026-08-04T09:02:54Z
LDG_911C1EDE,PAY_EEC78625,ACCOUNTS_RECEIVABLE,1163400,CREDIT,2026-07-20T17:43:10Z
LDG_2CEC48A7,PAY_220033C2,ACCOUNTS_RECEIVABLE,1215200,CREDIT,2026-08-09T03:25:45Z
LDG_4E9EFC79,PAY_4C990B23,ACCOUNTS_RECEIVABLE,342500,CREDIT,2026-07-11T09:36:06Z
LDG_A73E9425,PAY_37747A5B,ACCOUNTS_RECEIVABLE,686100,CREDIT,2026-08-09T11:59:08Z
LDG_637DB367,PAY_2D0E7EA9,ACCOUNTS_RECEIVABLE,665700,CREDIT,2026-08-28T08:53:57Z
LDG_07E59A95,PAY_BF93AC80,ACCOUNTS_RECEIVABLE,1094800,CREDIT,2026-07-15T23:05:31Z
LDG_15825ECC,PAY_0C5FA32A,ACCOUNTS_RECEIVABLE,789700,CREDIT,2026-07-15T14:36:04Z
LDG_D474D3C4,PAY_5E205544,ACCOUNTS_RECEIVABLE,256000,CREDIT,2026-07-03T10:53:20Z
LDG_D23D1A6B,PAY_495C2B5C,ACCOUNTS_RECEIVABLE,644100,CREDIT,2026-08-07T08:24:48Z
LDG_E4F2C550,PAY_F34CAC47,ACCOUNTS_RECEIVABLE,1385800,CREDIT,2026-07-22T00:49:55Z
LDG_7CCCEF51,PAY_3A7AF9D1,ACCOUNTS_RECEIVABLE,1740200,CREDIT,2026-08-12T00:31:29Z
LDG_D5547175,PAY_EC78083D,ACCOUNTS_RECEIVABLE,1701500,CREDIT,2026-08-03T13:33:34Z
LDG_94B3B45E,PAY_B7EE4679,ACCOUNTS_RECEIVABLE,1185600,CREDIT,2026-07-31T15:31:23Z
LDG_225DE2A1,PAY_D2F6DC4F,ACCOUNTS_RECEIVABLE,762200,CREDIT,2026-07-09T23:15:59Z
LDG_405F9DE6,PAY_D5F68182,ACCOUNTS_RECEIVABLE,254100,CREDIT,2026-08-21T19:43:56Z
LDG_6DF0891C,PAY_2EF2CEAC,ACCOUNTS_RECEIVABLE,1817100,CREDIT,2026-08-23T04:06:09Z
LDG_BEACAB77,PAY_D6783967,ACCOUNTS_RECEIVABLE,1941000,CREDIT,2026-07-26T22:57:31Z
LDG_8E1BE3CE,PAY_C00476C6,ACCOUNTS_RECEIVABLE,897100,CREDIT,2026-08-03T13:45:18Z
LDG_36513AD8,PAY_3F2C5D1E,ACCOUNTS_RECEIVABLE,128500,CREDIT,2026-08-16T19:35:22Z
LDG_42124FA1,PAY_B82D3A25,ACCOUNTS_RECEIVABLE,752400,CREDIT,2026-08-07T13:05:39Z
LDG_6B073FD6,PAY_773ADBDD,ACCOUNTS_RECEIVABLE,564900,CREDIT,2026-07-08T20:34:16Z
LDG_85E8797F,PAY_C259AD10,ACCOUNTS_RECEIVABLE,632200,CREDIT,2026-08-01T09:52:56Z
LDG_124244FE,PAY_A09CDBD0,ACCOUNTS_RECEIVABLE,1656900,CREDIT,2026-08-16T02:10:32Z
LDG_46DB99C7,PAY_0F957318,ACCOUNTS_RECEIVABLE,214900,CREDIT,2026-08-04T05:14:19Z
LDG_F4F91F07,PAY_453CEAC3,ACCOUNTS_RECEIVABLE,1415500,CREDIT,2026-07-16T04:14:39Z
LDG_D953CF80,PAY_2DA5DA2D,ACCOUNTS_RECEIVABLE,1243300,CREDIT,2026-07-21T00:44:14Z
LDG_CD0396E2,PAY_7231E1C9,ACCOUNTS_RECEIVABLE,1903900,CREDIT,2026-08-11T03:21:57Z
LDG_DEBE1FF5,PAY_299AACFD,ACCOUNTS_RECEIVABLE,1172400,CREDIT,2026-07-28T10:12:16Z
LDG_485F8748,PAY_75ED6FA0,ACCOUNTS_RECEIVABLE,1853800,CREDIT,2026-08-31T18:32:31Z
LDG_102B6880,PAY_7941A8DF,ACCOUNTS_RECEIVABLE,508200,CREDIT,2026-08-05T21:40:27Z
LDG_5520FB99,PAY_7762AFF1,ACCOUNTS_RECEIVABLE,276300,CREDIT,2026-07-02T16:37:55Z
LDG_9E220C11,PAY_F1849D26,ACCOUNTS_RECEIVABLE,1441900,CREDIT,2026-07-06T17:28:18Z
LDG_1526D266,PAY_C0111916,ACCOUNTS_RECEIVABLE,1986500,CREDIT,2026-09-01T03:34:40Z
LDG_C0DECACE,PAY_E14B62C9,ACCOUNTS_RECEIVABLE,1588700,CREDIT,2026-07-04T19:37:35Z
LDG_CB1AB33C,PAY_6710D415,ACCOUNTS_RECEIVABLE,1275800,CREDIT,2026-07-22T13:46:34Z
LDG_AA2CB097,PAY_1E8AF17A,ACCOUNTS_RECEIVABLE,1797100,CREDIT,2026-08-05T16:40:31Z
LDG_A2B5B903,PAY_7A5918D1,ACCOUNTS_RECEIVABLE,563300,CREDIT,2026-07-08T05:23:59Z
LDG_49B5859E,PAY_99993A18,ACCOUNTS_RECEIVABLE,751100,CREDIT,2026-07-06T04:22:57Z
LDG_63BE3373,PAY_191FFE0D,ACCOUNTS_RECEIVABLE,416700,CREDIT,2026-08-10T23:07:19Z
LDG_0BC70032,PAY_9795601A,ACCOUNTS_RECEIVABLE,1041200,CREDIT,2026-07-09T11:37:04Z
LDG_5F44B773,PAY_8F10BED2,ACCOUNTS_RECEIVABLE,1225500,CREDIT,2026-08-13T04:24:05Z
LDG_A0663AE2,PAY_AB7A1D84,ACCOUNTS_RECEIVABLE,514600,CREDIT,2026-07-10T05:53:28Z
LDG_9D810BB4,PAY_FF10E438,ACCOUNTS_RECEIVABLE,269200,CREDIT,2026-08-01T10:52:45Z
LDG_709EB413,PAY_157A0FE5,ACCOUNTS_RECEIVABLE,1656700,CREDIT,2026-07-25T17:01:39Z
LDG_DEE626A2,PAY_147D71F0,ACCOUNTS_RECEIVABLE,1629300,CREDIT,2026-08-07T18:46:43Z
LDG_C81A98C7,PAY_4FD57FE9,ACCOUNTS_RECEIVABLE,1953300,CREDIT,2026-08-25T06:50:01Z
LDG_864EB3C3,PAY_2D7F8001,ACCOUNTS_RECEIVABLE,66400,CREDIT,2026-07-02T15:45:02Z
LDG_E04F163D,PAY_44275E35,ACCOUNTS_RECEIVABLE,627100,CREDIT,2026-07-12T08:38:40Z
LDG_626C5E8F,PAY_354F0FB4,ACCOUNTS_RECEIVABLE,1340500,CREDIT,2026-08-16T08:32:52Z
LDG_559D8284,PAY_80C35396,ACCOUNTS_RECEIVABLE,167100,CREDIT,2026-07-12T15:55:28Z
LDG_5506567C,PAY_0704C4C5,ACCOUNTS_RECEIVABLE,899300,CREDIT,2026-07-20T15:48:16Z
LDG_0D4804E9,PAY_DE8C4284,ACCOUNTS_RECEIVABLE,715300,CREDIT,2026-09-01T12:40:57Z
LDG_0AF47226,PAY_94EAECA8,ACCOUNTS_RECEIVABLE,1936600,CREDIT,2026-08-24T07:17:15Z
LDG_7FDC06DB,PAY_702AF257,ACCOUNTS_RECEIVABLE,1177400,CREDIT,2026-08-19T03:37:29Z
LDG_4796B7F6,PAY_5E6A2CB9,ACCOUNTS_RECEIVABLE,461500,CREDIT,2026-07-03T15:53:36Z
LDG_57367544,PAY_269A9866,ACCOUNTS_RECEIVABLE,41200,CREDIT,2026-07-08T00:46:31Z
LDG_48C8BB4C,PAY_17E42E46,ACCOUNTS_RECEIVABLE,1149700,CREDIT,2026-08-17T20:50:38Z
LDG_8EEF064A,PAY_B9902727,ACCOUNTS_RECEIVABLE,60600,CREDIT,2026-07-08T18:26:01Z
LDG_1F097F94,PAY_53A93596,ACCOUNTS_RECEIVABLE,1599000,CREDIT,2026-07-22T13:54:21Z
LDG_A0760DAE,PAY_52D37C2F,ACCOUNTS_RECEIVABLE,138400,CREDIT,2026-07-16T06:04:26Z
LDG_4C08D017,PAY_9A4461EC,ACCOUNTS_RECEIVABLE,428000,CREDIT,2026-08-09T23:09:12Z
LDG_B71AB85C,PAY_58568333,ACCOUNTS_RECEIVABLE,714800,CREDIT,2026-08-26T09:43:37Z
LDG_399EFFEB,PAY_5A956FD7,ACCOUNTS_RECEIVABLE,1952700,CREDIT,2026-08-06T00:38:02Z
LDG_F07BA16E,PAY_5870EEFE,ACCOUNTS_RECEIVABLE,1598700,CREDIT,2026-08-14T05:24:49Z
LDG_C5B3CDBB,PAY_73F011F4,ACCOUNTS_RECEIVABLE,192900,CREDIT,2026-07-07T07:26:19Z
LDG_E60F5FF1,PAY_3295C3DA,ACCOUNTS_RECEIVABLE,292700,CREDIT,2026-08-24T01:29:07Z
LDG_9FF736CE,PAY_43309003,ACCOUNTS_RECEIVABLE,585000,CREDIT,2026-07-05T20:32:01Z
LDG_880D5527,PAY_0CAFB863,ACCOUNTS_RECEIVABLE,945300,CREDIT,2026-08-03T18:48:39Z
LDG_D0224986,PAY_7E4B73E8,ACCOUNTS_RECEIVABLE,1050200,CREDIT,2026-07-22T14:36:32Z
LDG_594F83A3,PAY_D22E4EE3,ACCOUNTS_RECEIVABLE,803100,CREDIT,2026-07-19T20:03:46Z
LDG_5C9CDC01,PAY_2F243D9A,ACCOUNTS_RECEIVABLE,375400,CREDIT,2026-08-13T01:58:43Z
LDG_82232B6B,PAY_25493C57,ACCOUNTS_RECEIVABLE,1750800,CREDIT,2026-08-11T21:53:04Z
LDG_4981F0A7,PAY_B5E957E9,ACCOUNTS_RECEIVABLE,1930600,CREDIT,2026-08-05T00:28:41Z
LDG_7F8EC2A9,PAY_333920AE,ACCOUNTS_RECEIVABLE,356100,CREDIT,2026-08-08T03:05:57Z
LDG_3515637C,PAY_06F15D48,ACCOUNTS_RECEIVABLE,586900,CREDIT,2026-07-19T23:00:03Z
LDG_67FE0034,PAY_0CD38F5B,ACCOUNTS_RECEIVABLE,1830600,CREDIT,2026-07-13T03:38:44Z
LDG_8060E1A0,PAY_BC7572E8,ACCOUNTS_RECEIVABLE,971500,CREDIT,2026-07-12T07:35:26Z
LDG_67C50BCC,PAY_487E1407,ACCOUNTS_RECEIVABLE,1221200,CREDIT,2026-08-26T08:27:48Z
LDG_7A32C610,PAY_381873D2,ACCOUNTS_RECEIVABLE,1968400,CREDIT,2026-08-13T10:32:44Z
LDG_B51547A2,PAY_E07DA16A,ACCOUNTS_RECEIVABLE,854600,CREDIT,2026-07-26T18:42:39Z
LDG_028F5229,PAY_E79D364A,ACCOUNTS_RECEIVABLE,90600,CREDIT,2026-08-20T14:13:16Z
LDG_4DD7B014,PAY_B1E98A72,ACCOUNTS_RECEIVABLE,676800,CREDIT,2026-08-25T17:49:18Z
LDG_301178A8,PAY_6B6AEBF3,ACCOUNTS_RECEIVABLE,1645200,CREDIT,2026-07-23T21:56:08Z
LDG_749E9807,PAY_FDC8B48C,ACCOUNTS_RECEIVABLE,1538700,CREDIT,2026-08-17T18:05:07Z
LDG_256B5B48,PAY_0C7B3FF5,ACCOUNTS_RECEIVABLE,98100,CREDIT,2026-07-04T15:26:56Z
LDG_CBBE9B50,PAY_E84FD346,ACCOUNTS_RECEIVABLE,880600,CREDIT,2026-08-04T05:20:16Z
LDG_F2BCF841,PAY_BDF0F602,ACCOUNTS_RECEIVABLE,297100,CREDIT,2026-07-09T19:35:45Z
LDG_AE2D4DA4,PAY_9EC69C83,ACCOUNTS_RECEIVABLE,1565700,CREDIT,2026-07-27T14:24:07Z
LDG_4EC53719,PAY_5CCA6AAC,ACCOUNTS_RECEIVABLE,606600,CREDIT,2026-07-14T21:00:35Z
LDG_D407C8D5,PAY_32C9C818,ACCOUNTS_RECEIVABLE,1042100,CREDIT,2026-07-29T11:23:26Z
LDG_FF86DD8F,PAY_951695BD,ACCOUNTS_RECEIVABLE,1208800,CREDIT,2026-07-09T10:56:32Z
LDG_EED4CB29,PAY_C29933B2,ACCOUNTS_RECEIVABLE,718100,CREDIT,2026-08-21T21:10:30Z
LDG_02B26F0F,PAY_69FCBF06,ACCOUNTS_RECEIVABLE,1101200,CREDIT,2026-07-07T22:57:55Z
LDG_BB64F631,PAY_1E13BF41,ACCOUNTS_RECEIVABLE,1538700,CREDIT,2026-07-21T16:32:14Z
LDG_AAAAFE91,PAY_64C4F3E0,ACCOUNTS_RECEIVABLE,391700,CREDIT,2026-07-01T08:03:53Z
LDG_C24EC478,PAY_8357A8B3,ACCOUNTS_RECEIVABLE,320900,CREDIT,2026-07-01T12:17:22Z
LDG_6FBD678E,PAY_CCF4C599,ACCOUNTS_RECEIVABLE,1713200,CREDIT,2026-08-12T20:41:44Z
LDG_96ADF4F2,PAY_8572E217,ACCOUNTS_RECEIVABLE,30000000,CREDIT,2026-08-08T22:25:13Z
LDG_A8140D9B,PAY_CA744096,ACCOUNTS_RECEIVABLE,781000,CREDIT,2026-07-21T19:00:40Z
LDG_6DC3A8A0,PAY_CC60AE8B,ACCOUNTS_RECEIVABLE,279700,CREDIT,2026-08-13T07:26:32Z
LDG_017CB729,PAY_A48336F6,ACCOUNTS_RECEIVABLE,1935000,CREDIT,2026-08-18T06:50:40Z
LDG_39B7EEBC,PAY_6A848468,ACCOUNTS_RECEIVABLE,404100,CREDIT,2026-09-01T09:49:14Z
LDG_80A8AEDD,PAY_45D9DA6E,ACCOUNTS_RECEIVABLE,1408500,CREDIT,2026-08-30T23:01:58Z
LDG_3B24E6A9,PAY_6C97001C,ACCOUNTS_RECEIVABLE,444600,CREDIT,2026-09-01T03:12:26Z
LDG_87EC842D,PAY_19EFE76C,ACCOUNTS_RECEIVABLE,618300,CREDIT,2026-08-23T01:52:15Z
LDG_72A10DF6,PAY_4304E760,ACCOUNTS_RECEIVABLE,1658900,CREDIT,2026-07-05T21:01:36Z
LDG_09F45C40,PAY_84D6246F,ACCOUNTS_RECEIVABLE,22600,CREDIT,2026-07-05T19:30:37Z
LDG_62178A92,PAY_7E5CE5FB,ACCOUNTS_RECEIVABLE,881900,CREDIT,2026-07-29T10:06:33Z
LDG_B89C2CFB,PAY_590B4E7B,ACCOUNTS_RECEIVABLE,30000000,CREDIT,2026-07-26T18:28:14Z
LDG_0C74B218,PAY_127FFA28,ACCOUNTS_RECEIVABLE,1211800,CREDIT,2026-08-03T12:52:33Z
LDG_0E2C2606,PAY_47FCB91D,ACCOUNTS_RECEIVABLE,135800,CREDIT,2026-08-24T23:29:04Z
LDG_97F6F244,PAY_4BC35939,ACCOUNTS_RECEIVABLE,1669700,CREDIT,2026-08-30T14:41:23Z
LDG_04D2D639,PAY_D91D1289,ACCOUNTS_RECEIVABLE,601900,CREDIT,2026-08-17T20:30:14Z
LDG_55C18C4F,PAY_612559BB,ACCOUNTS_RECEIVABLE,1490200,CREDIT,2026-08-16T17:10:21Z
LDG_D80A810E,PAY_235B9A3B,ACCOUNTS_RECEIVABLE,666000,CREDIT,2026-07-11T00:30:18Z
LDG_23A5A69F,PAY_031592F7,ACCOUNTS_RECEIVABLE,30100,CREDIT,2026-07-15T18:04:29Z
LDG_EABF12AA,PAY_33A0E717,ACCOUNTS_RECEIVABLE,1618100,CREDIT,2026-07-03T10:09:21Z
LDG_815D6381,PAY_39B66073,ACCOUNTS_RECEIVABLE,117600,CREDIT,2026-07-20T03:21:06Z
LDG_E1A2AE80,PAY_8585062E,ACCOUNTS_RECEIVABLE,564100,CREDIT,2026-07-13T20:08:52Z
LDG_549ED57B,PAY_E666C52F,ACCOUNTS_RECEIVABLE,563400,CREDIT,2026-07-25T13:00:44Z
LDG_5FA03512,PAY_6600115C,ACCOUNTS_RECEIVABLE,1877200,CREDIT,2026-08-30T13:39:06Z
LDG_0EAD44CA,PAY_A4174A06,ACCOUNTS_RECEIVABLE,824100,CREDIT,2026-07-06T13:58:18Z
LDG_568EBF4D,PAY_1DD3CA71,ACCOUNTS_RECEIVABLE,189300,CREDIT,2026-08-17T19:08:51Z
LDG_F93390CB,PAY_A8F3FDCB,ACCOUNTS_RECEIVABLE,1938800,CREDIT,2026-07-07T17:41:13Z
LDG_43991203,PAY_D233EF19,ACCOUNTS_RECEIVABLE,1886000,CREDIT,2026-07-19T05:42:02Z
LDG_2BBEF5CD,PAY_7F54F9E2,ACCOUNTS_RECEIVABLE,1628000,CREDIT,2026-08-24T19:30:18Z
LDG_BEB039FF,PAY_F1A2685A,ACCOUNTS_RECEIVABLE,1827600,CREDIT,2026-08-06T19:35:28Z
LDG_3A51F28E,PAY_D6D6BBFB,ACCOUNTS_RECEIVABLE,1716800,CREDIT,2026-08-11T23:32:33Z
LDG_C2B8E3D5,PAY_B191A421,ACCOUNTS_RECEIVABLE,959200,CREDIT,2026-07-03T11:46:34Z
LDG_D20971A4,PAY_C24D543D,ACCOUNTS_RECEIVABLE,1666700,CREDIT,2026-08-31T18:39:55Z
LDG_3229FB61,PAY_1A26D4DB,ACCOUNTS_RECEIVABLE,351200,CREDIT,2026-08-07T10:48:34Z
LDG_93522824,PAY_CE7B78D5,ACCOUNTS_RECEIVABLE,1075100,CREDIT,2026-07-24T19:59:29Z
LDG_2D53F5CC,PAY_D8DA8502,ACCOUNTS_RECEIVABLE,911400,CREDIT,2026-08-20T01:50:26Z
LDG_993393E8,PAY_26765048,ACCOUNTS_RECEIVABLE,944900,CREDIT,2026-07-05T20:18:07Z
LDG_441B7235,PAY_ED59BB97,ACCOUNTS_RECEIVABLE,967900,CREDIT,2026-07-22T05:38:42Z
LDG_0CC9A6C6,PAY_6D254C78,ACCOUNTS_RECEIVABLE,1909700,CREDIT,2026-07-07T12:16:41Z
LDG_4BA39550,PAY_2A277F71,ACCOUNTS_RECEIVABLE,605500,CREDIT,2026-08-05T20:21:56Z
LDG_A0AD3BED,PAY_7633BA24,ACCOUNTS_RECEIVABLE,47600,CREDIT,2026-08-02T15:21:58Z
LDG_DD4C789B,PAY_F2E78716,ACCOUNTS_RECEIVABLE,1189500,CREDIT,2026-08-18T04:31:39Z
LDG_1293BE98,PAY_3631E157,ACCOUNTS_RECEIVABLE,1689000,CREDIT,2026-08-13T04:46:52Z
LDG_A6EB72F0,PAY_97333628,ACCOUNTS_RECEIVABLE,1961300,CREDIT,2026-07-24T11:54:53Z
LDG_BA6CEB08,PAY_BB2BCE71,ACCOUNTS_RECEIVABLE,508200,CREDIT,2026-07-26T15:24:08Z
LDG_D81FF9C4,PAY_E3534F71,ACCOUNTS_RECEIVABLE,1451400,CREDIT,2026-08-19T08:11:30Z
LDG_C0918240,PAY_5C357BB6,ACCOUNTS_RECEIVABLE,781400,CREDIT,2026-08-18T01:16:52Z
LDG_C4B34853,PAY_23C403CF,ACCOUNTS_RECEIVABLE,728700,CREDIT,2026-07-18T14:08:15Z
LDG_1516956C,PAY_72FC71D5,ACCOUNTS_RECEIVABLE,283400,CREDIT,2026-07-30T06:42:36Z
LDG_2D774A86,PAY_1DED32E1,ACCOUNTS_RECEIVABLE,1270700,CREDIT,2026-07-23T23:48:25Z
LDG_3A28347B,PAY_C8CB20EF,ACCOUNTS_RECEIVABLE,865400,CREDIT,2026-07-25T01:16:28Z
LDG_C7D84C75,PAY_31D7B77A,ACCOUNTS_RECEIVABLE,1272200,CREDIT,2026-07-20T09:06:55Z
LDG_BC5F4F64,PAY_3D3D713E,ACCOUNTS_RECEIVABLE,212800,CREDIT,2026-07-14T05:04:22Z
LDG_8755DD19,PAY_9E4368DB,ACCOUNTS_RECEIVABLE,1062700,CREDIT,2026-08-05T05:34:10Z
LDG_76756DCA,PAY_FDB54F6B,ACCOUNTS_RECEIVABLE,1228400,CREDIT,2026-08-07T14:26:16Z
LDG_FA48B0FC,PAY_C417BD05,ACCOUNTS_RECEIVABLE,1652200,CREDIT,2026-08-11T01:38:50Z
LDG_0AA32285,PAY_9582ADD7,ACCOUNTS_RECEIVABLE,1261400,CREDIT,2026-08-30T01:40:08Z
LDG_24673188,PAY_281C2D6F,ACCOUNTS_RECEIVABLE,725100,CREDIT,2026-08-11T21:43:30Z
LDG_75BC2457,PAY_B04A0EDA,ACCOUNTS_RECEIVABLE,1244200,CREDIT,2026-08-19T16:52:24Z
LDG_56B3EABF,PAY_AF2F820E,ACCOUNTS_RECEIVABLE,24900,CREDIT,2026-08-28T06:22:04Z
LDG_AFD81D61,PAY_E8E40A24,ACCOUNTS_RECEIVABLE,550200,CREDIT,2026-07-01T03:20:05Z
LDG_7ED0CD9B,PAY_7202586A,ACCOUNTS_RECEIVABLE,1104700,CREDIT,2026-08-30T12:45:33Z
LDG_95FBB2D4,PAY_6CB44BEC,ACCOUNTS_RECEIVABLE,1119900,CREDIT,2026-07-09T22:32:12Z
LDG_1CD58D7C,PAY_A7781B83,ACCOUNTS_RECEIVABLE,1894100,CREDIT,2026-08-20T22:43:04Z
LDG_F0B8848A,PAY_98FBA54F,ACCOUNTS_RECEIVABLE,896500,CREDIT,2026-07-05T08:01:16Z
LDG_AF8C83A6,PAY_E4FC51EE,ACCOUNTS_RECEIVABLE,779500,CREDIT,2026-07-05T14:11:39Z
LDG_CDC63444,PAY_FA043324,ACCOUNTS_RECEIVABLE,1587700,CREDIT,2026-08-04T21:25:40Z
LDG_E3EF30F8,PAY_2E70F6AF,ACCOUNTS_RECEIVABLE,881300,CREDIT,2026-07-16T11:15:50Z
LDG_5F0CC03F,PAY_5FF20A79,ACCOUNTS_RECEIVABLE,1453000,CREDIT,2026-07-31T08:54:35Z
LDG_DDE3F25A,PAY_471A2803,ACCOUNTS_RECEIVABLE,912700,CREDIT,2026-08-22T19:08:18Z
LDG_1EEB7064,PAY_FC5BF19E,ACCOUNTS_RECEIVABLE,458300,CREDIT,2026-08-09T18:26:48Z
LDG_1CCC6E79,PAY_A071C736,ACCOUNTS_RECEIVABLE,1847000,CREDIT,2026-08-22T01:02:24Z
LDG_23528FE0,PAY_C1F87759,ACCOUNTS_RECEIVABLE,337000,CREDIT,2026-08-29T12:50:57Z
LDG_F4CC847A,PAY_E8E11B64,ACCOUNTS_RECEIVABLE,429500,CREDIT,2026-07-23T17:43:49Z
LDG_0CA50AD2,PAY_5AA4076D,ACCOUNTS_RECEIVABLE,485200,CREDIT,2026-07-09T19:52:16Z
LDG_085D0EAE,PAY_5DE46BF1,ACCOUNTS_RECEIVABLE,181700,CREDIT,2026-07-28T07:31:38Z
LDG_1496F439,PAY_E2EB0573,ACCOUNTS_RECEIVABLE,412000,CREDIT,2026-08-03T07:35:30Z
LDG_3A99CB43,PAY_92CBE63E,ACCOUNTS_RECEIVABLE,1591600,CREDIT,2026-08-15T07:53:52Z
LDG_AB9F70DA,PAY_AEDC281E,ACCOUNTS_RECEIVABLE,158400,CREDIT,2026-07-10T01:57:49Z
LDG_849A62E6,PAY_AEE7AE6F,ACCOUNTS_RECEIVABLE,281100,CREDIT,2026-07-26T08:44:22Z
LDG_AFC55855,PAY_312F6C58,ACCOUNTS_RECEIVABLE,1241800,CREDIT,2026-08-24T10:11:36Z
LDG_EB088103,PAY_D017CF95,ACCOUNTS_RECEIVABLE,1616200,CREDIT,2026-07-14T20:58:36Z
LDG_E38A28CB,PAY_4A4780F3,ACCOUNTS_RECEIVABLE,1209600,CREDIT,2026-07-26T13:21:29Z
LDG_571BAE20,PAY_AA233D60,ACCOUNTS_RECEIVABLE,1504600,CREDIT,2026-07-28T18:06:53Z
LDG_0126439C,PAY_EE31B1B9,ACCOUNTS_RECEIVABLE,48800,CREDIT,2026-07-21T14:01:17Z
LDG_748E738B,PAY_F3FCDEAC,ACCOUNTS_RECEIVABLE,1865300,CREDIT,2026-07-13T16:31:32Z
LDG_074011FA,PAY_DBAA6709,ACCOUNTS_RECEIVABLE,1015500,CREDIT,2026-07-15T07:17:31Z
LDG_7308C319,PAY_ED4EF117,ACCOUNTS_RECEIVABLE,1079000,CREDIT,2026-08-15T06:31:08Z
LDG_5945161D,PAY_06E59955,ACCOUNTS_RECEIVABLE,1217500,CREDIT,2026-07-14T12:06:42Z
LDG_1B08D97C,PAY_0A3E558E,ACCOUNTS_RECEIVABLE,801400,CREDIT,2026-07-11T07:54:14Z
LDG_A04496AA,PAY_8F002C55,ACCOUNTS_RECEIVABLE,1772000,CREDIT,2026-07-19T08:17:33Z
LDG_EFC99360,PAY_DEA11F7C,ACCOUNTS_RECEIVABLE,447200,CREDIT,2026-08-31T18:16:48Z
LDG_84356732,PAY_D22CBB5C,ACCOUNTS_RECEIVABLE,1495900,CREDIT,2026-08-26T22:35:13Z
LDG_274AC0C7,PAY_83E0A144,ACCOUNTS_RECEIVABLE,324800,CREDIT,2026-08-18T10:38:31Z
LDG_26F53B6D,PAY_500ECF4A,ACCOUNTS_RECEIVABLE,1424400,CREDIT,2026-07-18T13:02:47Z
LDG_D9A8F8EF,PAY_EC72E2FC,ACCOUNTS_RECEIVABLE,97200,CREDIT,2026-08-28T10:52:55Z
LDG_646ACC31,PAY_25ACB6DD,ACCOUNTS_RECEIVABLE,423600,CREDIT,2026-07-20T04:08:43Z
LDG_D7D61743,PAY_8DADD7F6,ACCOUNTS_RECEIVABLE,1731800,CREDIT,2026-08-20T22:37:18Z
LDG_C2912EEA,PAY_C5FEA6F0,ACCOUNTS_RECEIVABLE,1834200,CREDIT,2026-07-24T22:56:49Z
LDG_FC493E2B,PAY_58CD5777,ACCOUNTS_RECEIVABLE,649300,CREDIT,2026-08-22T14:32:56Z
LDG_8EEEBC9B,PAY_788C284A,ACCOUNTS_RECEIVABLE,1360300,CREDIT,2026-08-17T07:31:05Z
LDG_6B1E93B7,PAY_54207665,ACCOUNTS_RECEIVABLE,142500,CREDIT,2026-07-13T14:40:14Z
LDG_4A6BDBE7,PAY_1633AC2F,ACCOUNTS_RECEIVABLE,1795500,CREDIT,2026-08-02T09:23:50Z
LDG_B96FE0F5,PAY_C97F905E,ACCOUNTS_RECEIVABLE,1813200,CREDIT,2026-08-21T08:38:58Z
LDG_88F7D3A0,PAY_B7F625F8,ACCOUNTS_RECEIVABLE,273900,CREDIT,2026-08-18T09:44:54Z
LDG_CC9D94E0,PAY_E3130593,ACCOUNTS_RECEIVABLE,163500,CREDIT,2026-08-21T16:23:48Z
LDG_E55849F1,PAY_6008A9C5,ACCOUNTS_RECEIVABLE,1560100,CREDIT,2026-08-26T08:49:31Z
LDG_44E14E93,PAY_BF290909,ACCOUNTS_RECEIVABLE,157300,CREDIT,2026-07-09T14:22:24Z
LDG_39855F28,PAY_9FEA5215,ACCOUNTS_RECEIVABLE,668000,CREDIT,2026-09-01T12:14:07Z
LDG_B1DC74A8,PAY_F435E8FA,ACCOUNTS_RECEIVABLE,1869300,CREDIT,2026-07-28T00:54:09Z
LDG_B48390FE,PAY_CC8DEC93,ACCOUNTS_RECEIVABLE,166700,CREDIT,2026-08-05T01:57:17Z
LDG_92F3641D,PAY_FE258032,ACCOUNTS_RECEIVABLE,1593800,CREDIT,2026-08-12T05:43:07Z
LDG_C48D4237,PAY_C0C93796,ACCOUNTS_RECEIVABLE,1972300,CREDIT,2026-07-26T06:53:48Z
LDG_F609A7A5,PAY_D40206C5,ACCOUNTS_RECEIVABLE,975000,CREDIT,2026-08-08T13:47:00Z
LDG_25892242,PAY_005C9410,ACCOUNTS_RECEIVABLE,235100,CREDIT,2026-07-24T13:23:02Z
LDG_BF24AD00,PAY_632892D9,ACCOUNTS_RECEIVABLE,388600,CREDIT,2026-08-30T04:53:19Z
LDG_66DF0EE2,PAY_E05492D7,ACCOUNTS_RECEIVABLE,1090000,CREDIT,2026-07-26T00:25:45Z
LDG_484C1B56,PAY_7597DA20,ACCOUNTS_RECEIVABLE,307500,CREDIT,2026-08-08T20:51:43Z
LDG_4051DD3B,PAY_71054632,ACCOUNTS_RECEIVABLE,686700,CREDIT,2026-07-06T20:45:58Z
LDG_B32A91DA,PAY_5B894A27,ACCOUNTS_RECEIVABLE,1303700,CREDIT,2026-08-16T06:12:12Z
LDG_E20B3FC9,PAY_77E1BE6E,ACCOUNTS_RECEIVABLE,1780000,CREDIT,2026-08-14T04:22:46Z
LDG_83A85EAC,PAY_D78E31CA,ACCOUNTS_RECEIVABLE,1943000,CREDIT,2026-07-09T22:03:02Z
LDG_8C31B464,PAY_C0F0C285,ACCOUNTS_RECEIVABLE,1453100,CREDIT,2026-08-11T12:55:20Z
LDG_4F0FE4B9,PAY_323D26DA,ACCOUNTS_RECEIVABLE,1845500,CREDIT,2026-07-30T21:46:16Z
LDG_1142DDA2,PAY_2D57BA64,ACCOUNTS_RECEIVABLE,78100,CREDIT,2026-07-16T07:29:42Z
LDG_01525331,PAY_8408A93F,ACCOUNTS_RECEIVABLE,42600,CREDIT,2026-07-25T02:55:37Z
LDG_D2EB1BFA,PAY_FD10F51D,ACCOUNTS_RECEIVABLE,1171000,CREDIT,2026-07-17T20:52:40Z
LDG_1A127C84,PAY_CF99B922,ACCOUNTS_RECEIVABLE,219400,CREDIT,2026-08-20T09:40:47Z
LDG_A6C312B6,PAY_BA190253,ACCOUNTS_RECEIVABLE,885300,CREDIT,2026-09-01T06:06:27Z
LDG_CB9CA9C8,PAY_74EEF0C3,ACCOUNTS_RECEIVABLE,447100,CREDIT,2026-08-27T13:01:59Z
LDG_7239C613,PAY_D8ADDA96,ACCOUNTS_RECEIVABLE,1156300,CREDIT,2026-08-30T02:28:44Z
LDG_9EF06D3E,PAY_60A03C70,ACCOUNTS_RECEIVABLE,719400,CREDIT,2026-07-19T22:14:57Z
LDG_E787D2F9,PAY_110B7892,ACCOUNTS_RECEIVABLE,493300,CREDIT,2026-07-27T01:54:21Z
LDG_BFD63B29,PAY_6CAAFE4D,ACCOUNTS_RECEIVABLE,1129800,CREDIT,2026-07-13T07:16:25Z
LDG_3860AABF,PAY_D2F87EE0,ACCOUNTS_RECEIVABLE,945700,CREDIT,2026-08-18T15:39:54Z
LDG_1A6B4E49,PAY_75049715,ACCOUNTS_RECEIVABLE,1436200,CREDIT,2026-08-26T18:52:14Z
LDG_F757D0D1,PAY_73BB88D9,ACCOUNTS_RECEIVABLE,377400,CREDIT,2026-08-08T19:56:39Z
LDG_8CB45792,PAY_1266D026,ACCOUNTS_RECEIVABLE,955800,CREDIT,2026-08-13T06:11:54Z
LDG_0C546312,PAY_B8F573B3,ACCOUNTS_RECEIVABLE,68100,CREDIT,2026-07-15T15:29:33Z
LDG_3731523F,PAY_B8E99219,ACCOUNTS_RECEIVABLE,617300,CREDIT,2026-07-08T13:02:38Z
LDG_1858753B,PAY_76C754FD,ACCOUNTS_RECEIVABLE,802000,CREDIT,2026-08-27T10:07:46Z
LDG_1747CDBD,PAY_F036ADFC,ACCOUNTS_RECEIVABLE,553700,CREDIT,2026-08-03T09:40:23Z
LDG_0FF7A892,PAY_C00C8DCB,ACCOUNTS_RECEIVABLE,1929600,CREDIT,2026-07-23T02:59:53Z
LDG_5A5555C3,PAY_E194EC8E,ACCOUNTS_RECEIVABLE,1870400,CREDIT,2026-07-24T01:38:31Z
LDG_681FCAF8,PAY_3043ADFE,ACCOUNTS_RECEIVABLE,235300,CREDIT,2026-08-23T18:08:36Z
LDG_A99965DD,PAY_FE6BCE0D,ACCOUNTS_RECEIVABLE,552500,CREDIT,2026-07-19T14:42:17Z
LDG_4182D770,PAY_3C9E9420,ACCOUNTS_RECEIVABLE,1555000,CREDIT,2026-08-26T12:03:10Z
LDG_80B8FA4D,PAY_256E4ED4,ACCOUNTS_RECEIVABLE,1425200,CREDIT,2026-09-01T12:38:54Z
LDG_29FEF6EB,PAY_07DAB685,ACCOUNTS_RECEIVABLE,60300,CREDIT,2026-08-15T00:32:10Z
LDG_0E832E13,PAY_0315209F,ACCOUNTS_RECEIVABLE,1257400,CREDIT,2026-07-01T03:41:15Z
LDG_BF92AB61,PAY_C108FFD2,ACCOUNTS_RECEIVABLE,1587000,CREDIT,2026-08-05T21:48:58Z
LDG_47B69D32,PAY_F136F813,ACCOUNTS_RECEIVABLE,687200,CREDIT,2026-07-12T06:19:25Z
LDG_BC971A6B,PAY_E2887573,ACCOUNTS_RECEIVABLE,1517100,CREDIT,2026-07-14T18:22:14Z
LDG_3676C152,PAY_EFFE5CEC,ACCOUNTS_RECEIVABLE,141400,CREDIT,2026-07-24T14:42:26Z
LDG_3EAF67E8,PAY_E8F6923E,ACCOUNTS_RECEIVABLE,12200,CREDIT,2026-07-02T02:36:03Z
LDG_3F1E137A,PAY_41759750,ACCOUNTS_RECEIVABLE,739500,CREDIT,2026-08-14T00:36:00Z
LDG_4D413B33,PAY_3AACEC21,ACCOUNTS_RECEIVABLE,362800,CREDIT,2026-07-22T16:49:12Z
LDG_A1906836,PAY_7203A6AA,ACCOUNTS_RECEIVABLE,463000,CREDIT,2026-07-14T13:19:35Z
LDG_023EC755,PAY_00840ECE,ACCOUNTS_RECEIVABLE,1595300,CREDIT,2026-07-29T06:24:19Z
LDG_9D2A91C5,PAY_FF3464A1,ACCOUNTS_RECEIVABLE,196500,CREDIT,2026-08-30T17:56:20Z
LDG_CD8D2A7E,PAY_93057378,ACCOUNTS_RECEIVABLE,230300,CREDIT,2026-08-06T16:57:35Z
LDG_ACA50FC6,PAY_2A9830FE,ACCOUNTS_RECEIVABLE,1192300,CREDIT,2026-07-31T06:13:51Z
LDG_494984ED,PAY_356BF523,ACCOUNTS_RECEIVABLE,1941200,CREDIT,2026-07-26T12:19:14Z
LDG_CA3A5133,PAY_575BD224,ACCOUNTS_RECEIVABLE,1236500,CREDIT,2026-08-07T01:18:56Z
LDG_FD63A389,PAY_E8BECD0D,ACCOUNTS_RECEIVABLE,1810600,CREDIT,2026-07-03T05:05:46Z
LDG_44125E03,PAY_5322E13C,ACCOUNTS_RECEIVABLE,965000,CREDIT,2026-07-04T11:00:32Z
LDG_CC0CE911,PAY_E4627FDC,ACCOUNTS_RECEIVABLE,992400,CREDIT,2026-08-20T01:06:38Z
LDG_DEAD6907,PAY_6C6756BB,ACCOUNTS_RECEIVABLE,278600,CREDIT,2026-07-12T19:03:04Z
LDG_0A1EB5AD,PAY_66048C62,ACCOUNTS_RECEIVABLE,436500,CREDIT,2026-07-12T17:47:15Z
LDG_243A0F98,PAY_58F85AD4,ACCOUNTS_RECEIVABLE,1502900,CREDIT,2026-08-01T00:28:10Z
LDG_27105F88,PAY_9CF4BFA2,ACCOUNTS_RECEIVABLE,529400,CREDIT,2026-07-04T05:07:22Z
LDG_A5FDB093,PAY_19022047,ACCOUNTS_RECEIVABLE,94400,CREDIT,2026-07-15T17:59:09Z
LDG_CC7325CF,PAY_D9C2774D,ACCOUNTS_RECEIVABLE,940600,CREDIT,2026-07-26T05:31:53Z
LDG_DCFD91F8,PAY_2F00C59D,ACCOUNTS_RECEIVABLE,1376500,CREDIT,2026-07-22T12:54:22Z
LDG_F59A0AB9,PAY_C9F88DF9,ACCOUNTS_RECEIVABLE,489100,CREDIT,2026-08-30T19:43:30Z
LDG_BDD44D0E,PAY_6ACB304E,ACCOUNTS_RECEIVABLE,1551100,CREDIT,2026-08-26T09:54:10Z
LDG_E56C104D,PAY_BF99DA1D,ACCOUNTS_RECEIVABLE,284500,CREDIT,2026-08-06T10:07:20Z
LDG_62F53118,PAY_3E500E9E,ACCOUNTS_RECEIVABLE,1036100,CREDIT,2026-07-24T17:20:57Z
LDG_AC3478BC,PAY_4A1A5054,ACCOUNTS_RECEIVABLE,560000,CREDIT,2026-07-29T05:57:25Z
LDG_7912C8C4,PAY_D305A944,ACCOUNTS_RECEIVABLE,1416600,CREDIT,2026-08-22T23:19:37Z
LDG_5FF0AA9A,PAY_15688B8A,ACCOUNTS_RECEIVABLE,250600,CREDIT,2026-08-19T04:13:52Z
LDG_2CD944B1,PAY_262BB08F,ACCOUNTS_RECEIVABLE,556100,CREDIT,2026-08-19T12:35:17Z
LDG_16784966,PAY_FE518183,ACCOUNTS_RECEIVABLE,1904000,CREDIT,2026-08-24T08:18:30Z
LDG_824F3546,PAY_A0010AA1,ACCOUNTS_RECEIVABLE,606100,CREDIT,2026-08-29T19:37:02Z
LDG_672DC913,PAY_26B78F80,ACCOUNTS_RECEIVABLE,1918100,CREDIT,2026-07-13T23:34:44Z
LDG_FC3B6EF1,PAY_72C41D57,ACCOUNTS_RECEIVABLE,326800,CREDIT,2026-07-24T10:06:15Z
LDG_C3A194BD,PAY_E89059EF,ACCOUNTS_RECEIVABLE,1006500,CREDIT,2026-08-13T13:50:52Z
LDG_3F51EE3D,PAY_7647525D,ACCOUNTS_RECEIVABLE,1520600,CREDIT,2026-07-15T16:03:12Z
LDG_0B719309,PAY_61CF3468,ACCOUNTS_RECEIVABLE,125000,CREDIT,2026-08-03T00:30:55Z
LDG_845445AA,PAY_5CA92A1C,ACCOUNTS_RECEIVABLE,422400,CREDIT,2026-08-10T01:42:43Z
LDG_8936E67C,PAY_BB4CDA11,ACCOUNTS_RECEIVABLE,1219000,CREDIT,2026-07-26T13:14:13Z
LDG_098A7607,PAY_614ADE5A,ACCOUNTS_RECEIVABLE,1786900,CREDIT,2026-08-18T04:23:22Z
LDG_94466227,PAY_231AF1B6,ACCOUNTS_RECEIVABLE,831800,CREDIT,2026-08-13T09:41:30Z
LDG_13792106,PAY_09FACE7A,ACCOUNTS_RECEIVABLE,732000,CREDIT,2026-08-23T11:53:54Z
LDG_70168EDF,PAY_C18BC63E,ACCOUNTS_RECEIVABLE,1536700,CREDIT,2026-07-23T01:31:17Z
LDG_5F1388B6,PAY_6BFF8AE5,ACCOUNTS_RECEIVABLE,850800,CREDIT,2026-07-17T18:57:27Z
LDG_121F4295,PAY_0D445159,ACCOUNTS_RECEIVABLE,281700,CREDIT,2026-07-06T15:19:41Z
LDG_A6A6BC8D,PAY_3CA6EA4B,ACCOUNTS_RECEIVABLE,1921100,CREDIT,2026-07-23T14:42:57Z
LDG_B232CB25,PAY_0252C3D6,ACCOUNTS_RECEIVABLE,815300,CREDIT,2026-07-05T14:39:07Z
LDG_9EC1E105,PAY_A13B1CB0,ACCOUNTS_RECEIVABLE,1304600,CREDIT,2026-08-22T19:43:43Z
LDG_EA64353A,PAY_48C7C683,ACCOUNTS_RECEIVABLE,512700,CREDIT,2026-08-24T05:50:59Z
LDG_28FCE89E,PAY_3C69EA68,ACCOUNTS_RECEIVABLE,1339800,CREDIT,2026-07-09T03:17:33Z
LDG_1046CF3E,PAY_732E330B,ACCOUNTS_RECEIVABLE,1100400,CREDIT,2026-08-01T12:00:45Z
LDG_A82BA9F5,PAY_B4AC002A,ACCOUNTS_RECEIVABLE,334100,CREDIT,2026-08-18T19:48:54Z
LDG_0839BBDF,PAY_F486F40F,ACCOUNTS_RECEIVABLE,1395600,CREDIT,2026-07-11T04:50:33Z
LDG_95F220B0,PAY_CFC79D9E,ACCOUNTS_RECEIVABLE,1080900,CREDIT,2026-07-29T12:23:56Z
LDG_C79B062F,PAY_9C593AD3,ACCOUNTS_RECEIVABLE,385300,CREDIT,2026-07-08T07:13:34Z
LDG_B8817224,PAY_2BDEC380,ACCOUNTS_RECEIVABLE,812200,CREDIT,2026-08-24T05:05:40Z
LDG_940F257F,PAY_A797306F,ACCOUNTS_RECEIVABLE,264600,CREDIT,2026-08-15T18:50:13Z
LDG_3E045016,PAY_4ADD9414,ACCOUNTS_RECEIVABLE,1351900,CREDIT,2026-08-29T12:13:10Z
LDG_A08FE8EE,PAY_4891E378,ACCOUNTS_RECEIVABLE,47900,CREDIT,2026-08-17T03:14:12Z
LDG_86811EA6,PAY_D6906AD6,ACCOUNTS_RECEIVABLE,1329500,CREDIT,2026-07-26T10:45:00Z
LDG_830B4830,PAY_21EE89EC,ACCOUNTS_RECEIVABLE,386600,CREDIT,2026-08-23T18:26:28Z
LDG_9628448A,PAY_564017F4,ACCOUNTS_RECEIVABLE,1753800,CREDIT,2026-07-12T15:06:18Z
LDG_93909FF7,PAY_E9D06EEC,ACCOUNTS_RECEIVABLE,1771900,CREDIT,2026-08-16T20:59:23Z
LDG_7AB74191,PAY_C54241B5,ACCOUNTS_RECEIVABLE,60000000,CREDIT,2026-08-24T17:27:25Z
LDG_7F055B5F,PAY_9E6A25A3,ACCOUNTS_RECEIVABLE,1991900,CREDIT,2026-07-24T07:44:54Z
LDG_06A4D913,PAY_921934CF,ACCOUNTS_RECEIVABLE,1923600,CREDIT,2026-08-20T20:34:09Z
LDG_6AC5FE82,PAY_9A6AC140,ACCOUNTS_RECEIVABLE,15000000,CREDIT,2026-07-21T23:48:52Z
LDG_A375DA6B,PAY_1853800E,ACCOUNTS_RECEIVABLE,1471900,CREDIT,2026-08-17T07:01:38Z
LDG_917AC27D,PAY_6B308923,ACCOUNTS_RECEIVABLE,1106800,CREDIT,2026-07-04T00:52:46Z
LDG_281F9314,PAY_921E97C8,ACCOUNTS_RECEIVABLE,1492100,CREDIT,2026-08-05T05:42:28Z
LDG_D65C47B6,PAY_B7E275B0,ACCOUNTS_RECEIVABLE,1972900,CREDIT,2026-08-16T08:55:17Z
LDG_7FF4BD58,PAY_7BC64C12,ACCOUNTS_RECEIVABLE,202700,CREDIT,2026-08-22T00:03:39Z
LDG_65AB8207,PAY_62D6620E,ACCOUNTS_RECEIVABLE,1944900,CREDIT,2026-08-27T21:41:28Z
LDG_E84F3A2D,PAY_A343BD48,ACCOUNTS_RECEIVABLE,289600,CREDIT,2026-09-01T21:55:13Z
LDG_28AFFAB3,PAY_8C429151,ACCOUNTS_RECEIVABLE,475000,CREDIT,2026-08-21T20:32:32Z
LDG_7F93EDF8,PAY_523749CE,ACCOUNTS_RECEIVABLE,199500,CREDIT,2026-07-13T19:22:02Z
LDG_92F2B7E6,PAY_509AE2D5,ACCOUNTS_RECEIVABLE,754700,CREDIT,2026-08-24T15:45:53Z
LDG_B3769D27,PAY_9D2EADAB,ACCOUNTS_RECEIVABLE,1811500,CREDIT,2026-08-16T12:48:55Z
LDG_FF8ADB8C,PAY_A1D05CD8,ACCOUNTS_RECEIVABLE,752200,CREDIT,2026-07-14T01:21:09Z
LDG_9910A52E,PAY_9FC5C7BC,ACCOUNTS_RECEIVABLE,256300,CREDIT,2026-08-18T23:16:39Z
LDG_88137950,PAY_21C9249E,ACCOUNTS_RECEIVABLE,1804500,CREDIT,2026-07-24T23:03:00Z
LDG_D90CA08D,PAY_51854C6C,ACCOUNTS_RECEIVABLE,621600,CREDIT,2026-08-07T22:05:43Z
LDG_4F338F3B,PAY_FA80B010,ACCOUNTS_RECEIVABLE,1099000,CREDIT,2026-07-24T01:17:52Z
LDG_0865776F,PAY_CE0340C6,ACCOUNTS_RECEIVABLE,516800,CREDIT,2026-07-29T07:32:59Z
LDG_91E62F81,PAY_E5C9E59F,ACCOUNTS_RECEIVABLE,1908000,CREDIT,2026-07-31T23:13:25Z
LDG_414CA0EF,PAY_EA535E8E,ACCOUNTS_RECEIVABLE,1069600,CREDIT,2026-08-23T12:58:30Z
LDG_4722BCB4,PAY_EC5E193D,ACCOUNTS_RECEIVABLE,880900,CREDIT,2026-07-17T12:41:23Z
LDG_3B2E685F,PAY_C3796665,ACCOUNTS_RECEIVABLE,519400,CREDIT,2026-08-15T16:44:03Z
LDG_627B7C2E,PAY_3466855E,ACCOUNTS_RECEIVABLE,1134800,CREDIT,2026-08-06T01:24:45Z
LDG_9F5A4661,PAY_0184B8AF,ACCOUNTS_RECEIVABLE,930900,CREDIT,2026-07-27T10:05:06Z
LDG_013A34B6,PAY_A0F183D6,ACCOUNTS_RECEIVABLE,1082200,CREDIT,2026-08-11T13:11:50Z
LDG_07357BB1,PAY_0748DC66,ACCOUNTS_RECEIVABLE,1549100,CREDIT,2026-07-25T11:48:54Z
LDG_41F3A6EF,PAY_4B14161D,ACCOUNTS_RECEIVABLE,1856700,CREDIT,2026-07-06T20:44:32Z
LDG_D58BDCB5,PAY_B9531540,ACCOUNTS_RECEIVABLE,134000,CREDIT,2026-07-09T23:40:59Z
LDG_1D2CE54D,PAY_981A8AAB,ACCOUNTS_RECEIVABLE,1221700,CREDIT,2026-07-21T01:07:32Z
LDG_B288035C,PAY_96017849,ACCOUNTS_RECEIVABLE,1277200,CREDIT,2026-08-31T04:09:55Z
LDG_D7D1C97A,PAY_390AA10F,ACCOUNTS_RECEIVABLE,203900,CREDIT,2026-07-02T09:17:12Z
LDG_608A5ABE,PAY_765343A8,ACCOUNTS_RECEIVABLE,1536200,CREDIT,2026-08-07T11:49:13Z
LDG_40FEE9CD,PAY_C29B704F,ACCOUNTS_RECEIVABLE,115800,CREDIT,2026-07-09T05:53:49Z
LDG_59BCE8E3,PAY_8C80D62E,ACCOUNTS_RECEIVABLE,1635000,CREDIT,2026-08-24T17:56:12Z
LDG_F1335807,PAY_E6E88601,ACCOUNTS_RECEIVABLE,575800,CREDIT,2026-08-14T15:48:22Z
LDG_5DA7E847,PAY_21969E60,ACCOUNTS_RECEIVABLE,688800,CREDIT,2026-08-06T04:21:39Z
LDG_D55EA4B7,PAY_F9F2C658,ACCOUNTS_RECEIVABLE,870200,CREDIT,2026-07-15T11:09:26Z
LDG_D578F04B,PAY_2FFE0D10,ACCOUNTS_RECEIVABLE,217800,CREDIT,2026-07-28T19:38:36Z
LDG_C229E002,PAY_F644E450,ACCOUNTS_RECEIVABLE,1344600,CREDIT,2026-08-10T17:51:45Z
LDG_98A26B05,PAY_4A615C9B,ACCOUNTS_RECEIVABLE,250000,CREDIT,2026-08-21T12:41:08Z
LDG_892D69AB,PAY_30076DE7,ACCOUNTS_RECEIVABLE,154400,CREDIT,2026-07-12T18:14:14Z
LDG_53FA434C,PAY_B3273BE2,ACCOUNTS_RECEIVABLE,476800,CREDIT,2026-08-20T16:30:34Z
LDG_B63BCAFA,PAY_1E079671,ACCOUNTS_RECEIVABLE,1607000,CREDIT,2026-07-04T17:06:16Z
LDG_97936278,PAY_E9D54706,ACCOUNTS_RECEIVABLE,863200,CREDIT,2026-08-03T18:01:35Z
LDG_C96937DB,PAY_5A5FB737,ACCOUNTS_RECEIVABLE,1938400,CREDIT,2026-08-24T22:48:22Z
LDG_FB49F922,PAY_08B95922,ACCOUNTS_RECEIVABLE,1473700,CREDIT,2026-08-18T09:44:11Z
LDG_C9B35710,PAY_EE3E407C,ACCOUNTS_RECEIVABLE,138100,CREDIT,2026-08-14T09:49:19Z
LDG_A700D634,PAY_225B896B,ACCOUNTS_RECEIVABLE,257900,CREDIT,2026-08-07T07:24:06Z
LDG_7B3101A4,PAY_0FA3D9AA,ACCOUNTS_RECEIVABLE,1534200,CREDIT,2026-08-29T10:42:47Z
LDG_0507D574,PAY_3D6842B7,ACCOUNTS_RECEIVABLE,1226900,CREDIT,2026-07-05T17:17:36Z
LDG_04A51A61,PAY_8D84E9D0,ACCOUNTS_RECEIVABLE,1562500,CREDIT,2026-07-11T04:07:18Z
LDG_48302126,PAY_13116795,ACCOUNTS_RECEIVABLE,587900,CREDIT,2026-08-17T09:43:03Z
LDG_53A8A510,PAY_C3AA0C9F,ACCOUNTS_RECEIVABLE,1429700,CREDIT,2026-08-16T18:06:58Z
LDG_04B70E66,PAY_685F0FA4,ACCOUNTS_RECEIVABLE,1501000,CREDIT,2026-07-08T13:48:13Z
LDG_9D5BA561,PAY_DEF05C1E,ACCOUNTS_RECEIVABLE,1886400,CREDIT,2026-08-21T22:31:55Z
LDG_CB6C4DAA,PAY_610866C9,ACCOUNTS_RECEIVABLE,1661300,CREDIT,2026-08-01T19:50:28Z
LDG_40E9C92F,PAY_2C7C872F,ACCOUNTS_RECEIVABLE,1835100,CREDIT,2026-07-30T04:07:08Z
LDG_DD4CB703,PAY_FEF94C18,ACCOUNTS_RECEIVABLE,141900,CREDIT,2026-07-14T07:09:21Z
LDG_19D741DF,PAY_0E565785,ACCOUNTS_RECEIVABLE,265100,CREDIT,2026-08-28T00:53:26Z
LDG_23122E45,PAY_217DCAD8,ACCOUNTS_RECEIVABLE,1931200,CREDIT,2026-08-12T06:14:18Z
LDG_75D7D194,PAY_8B058D59,ACCOUNTS_RECEIVABLE,1887900,CREDIT,2026-07-16T00:44:06Z
LDG_EB8EA033,PAY_1E76692F,ACCOUNTS_RECEIVABLE,859400,CREDIT,2026-08-14T04:31:47Z
LDG_93E87E0C,PAY_7C1D94C1,ACCOUNTS_RECEIVABLE,1135700,CREDIT,2026-07-06T09:42:17Z
LDG_6A032E3B,PAY_32C450AE,ACCOUNTS_RECEIVABLE,969300,CREDIT,2026-07-05T17:57:55Z
LDG_5BC4221A,PAY_2DB91AB5,ACCOUNTS_RECEIVABLE,1358200,CREDIT,2026-08-11T21:44:32Z
LDG_C3184CCF,PAY_0DA4AB7F,ACCOUNTS_RECEIVABLE,363600,CREDIT,2026-07-31T04:52:29Z
LDG_3DE26B1E,PAY_6CF0291C,ACCOUNTS_RECEIVABLE,1795500,CREDIT,2026-08-21T13:44:37Z
LDG_2244C66E,PAY_DDFAA4A7,ACCOUNTS_RECEIVABLE,1754700,CREDIT,2026-09-01T03:56:01Z
LDG_3EBE12C7,PAY_74EEEF90,ACCOUNTS_RECEIVABLE,1423400,CREDIT,2026-08-28T19:45:15Z
LDG_C05F747C,PAY_6B402771,ACCOUNTS_RECEIVABLE,473200,CREDIT,2026-08-23T06:36:31Z
LDG_08093944,PAY_2BE17D12,ACCOUNTS_RECEIVABLE,1966400,CREDIT,2026-07-25T16:56:40Z
LDG_6ED1CF6B,PAY_226BF071,ACCOUNTS_RECEIVABLE,940300,CREDIT,2026-07-30T03:46:30Z
LDG_52A1F18C,PAY_2BF9AF61,ACCOUNTS_RECEIVABLE,1142800,CREDIT,2026-08-09T23:34:26Z
LDG_974F725E,PAY_C3BDC739,ACCOUNTS_RECEIVABLE,616800,CREDIT,2026-07-08T08:34:15Z
LDG_C681D90C,PAY_397193E8,ACCOUNTS_RECEIVABLE,1728800,CREDIT,2026-08-01T18:05:06Z
LDG_84137127,PAY_4E85E15F,ACCOUNTS_RECEIVABLE,1358200,CREDIT,2026-07-27T22:16:47Z
LDG_5726FF5B,PAY_5F79AA19,ACCOUNTS_RECEIVABLE,1360300,CREDIT,2026-08-01T13:35:25Z
LDG_70D4409A,PAY_4C16391C,ACCOUNTS_RECEIVABLE,797600,CREDIT,2026-07-26T23:10:13Z
LDG_30B7CB1E,PAY_E65FBAF9,ACCOUNTS_RECEIVABLE,1753000,CREDIT,2026-07-09T17:44:34Z
LDG_371F6FD4,PAY_2F47EC88,ACCOUNTS_RECEIVABLE,423900,CREDIT,2026-08-12T08:30:30Z
LDG_44578ADD,PAY_5E0E731F,ACCOUNTS_RECEIVABLE,58200,CREDIT,2026-07-07T19:54:28Z
LDG_9A40420C,PAY_89CDBC13,ACCOUNTS_RECEIVABLE,371400,CREDIT,2026-07-31T17:12:07Z
LDG_0494745B,PAY_339702A1,ACCOUNTS_RECEIVABLE,151000,CREDIT,2026-07-12T06:05:17Z
LDG_5BBE7CCC,PAY_F0F65646,ACCOUNTS_RECEIVABLE,60000000,CREDIT,2026-08-01T00:25:15Z
LDG_DC724833,PAY_DD9F9746,ACCOUNTS_RECEIVABLE,1033100,CREDIT,2026-08-22T18:23:53Z
LDG_EFEFB106,PAY_7E6DED5B,ACCOUNTS_RECEIVABLE,1293400,CREDIT,2026-07-20T00:39:32Z
LDG_C067326F,PAY_DED69B2F,ACCOUNTS_RECEIVABLE,698900,CREDIT,2026-07-23T08:47:22Z
LDG_765B9160,PAY_D0D2FD6A,ACCOUNTS_RECEIVABLE,1691500,CREDIT,2026-07-29T17:05:37Z
LDG_EE552D1E,PAY_2C0066A6,ACCOUNTS_RECEIVABLE,1979800,CREDIT,2026-07-31T09:02:58Z
LDG_2933D2BF,PAY_DB8DC47A,ACCOUNTS_RECEIVABLE,26500,CREDIT,2026-08-06T15:02:25Z
LDG_916C6F37,PAY_8F89973D,ACCOUNTS_RECEIVABLE,1385900,CREDIT,2026-07-31T22:23:02Z
LDG_094368B5,PAY_E387BB67,ACCOUNTS_RECEIVABLE,827400,CREDIT,2026-08-31T02:03:36Z
LDG_11E25019,PAY_C6F39986,ACCOUNTS_RECEIVABLE,927500,CREDIT,2026-08-26T10:58:44Z
LDG_342CC89E,PAY_001BFF69,ACCOUNTS_RECEIVABLE,1196700,CREDIT,2026-07-20T02:37:12Z
LDG_78BDF0C8,PAY_455535F7,ACCOUNTS_RECEIVABLE,1791000,CREDIT,2026-07-07T17:04:39Z
LDG_37E73B77,PAY_A80A045C,ACCOUNTS_RECEIVABLE,154300,CREDIT,2026-08-01T15:18:26Z
LDG_7696287C,PAY_D0274358,ACCOUNTS_RECEIVABLE,1445000,CREDIT,2026-07-10T17:13:06Z
LDG_C31A44CE,PAY_7E58B10B,ACCOUNTS_RECEIVABLE,371900,CREDIT,2026-07-13T04:13:03Z
LDG_CAA116C7,PAY_36EDE9EA,ACCOUNTS_RECEIVABLE,961500,CREDIT,2026-08-16T18:20:13Z
LDG_A3B0C932,PAY_6229C43C,ACCOUNTS_RECEIVABLE,359400,CREDIT,2026-07-30T23:40:00Z
LDG_C03AA955,PAY_3783CDA3,ACCOUNTS_RECEIVABLE,973200,CREDIT,2026-07-21T12:50:25Z
LDG_27FC3246,PAY_0C834266,ACCOUNTS_RECEIVABLE,595300,CREDIT,2026-07-14T05:44:24Z
LDG_BB48E9C6,PAY_C64E117B,ACCOUNTS_RECEIVABLE,18800,CREDIT,2026-08-29T01:34:34Z
LDG_26E27131,PAY_34750ED8,ACCOUNTS_RECEIVABLE,421500,CREDIT,2026-07-25T04:43:54Z
LDG_F881841E,PAY_EA486A9D,ACCOUNTS_RECEIVABLE,1275800,CREDIT,2026-08-10T13:28:23Z
LDG_1E4D4E4A,PAY_2C7AB3DC,ACCOUNTS_RECEIVABLE,1811500,CREDIT,2026-07-22T13:16:31Z
LDG_E3FD78C1,PAY_BB7E6D16,ACCOUNTS_RECEIVABLE,386600,CREDIT,2026-07-07T08:02:36Z
LDG_1C47D95A,PAY_3C4C323C,ACCOUNTS_RECEIVABLE,173600,CREDIT,2026-08-24T18:16:10Z
LDG_70AC1624,PAY_B6E959C8,ACCOUNTS_RECEIVABLE,1275500,CREDIT,2026-08-17T05:24:57Z
LDG_4975C4A2,PAY_7798738B,ACCOUNTS_RECEIVABLE,1160200,CREDIT,2026-09-01T21:03:59Z
LDG_EF47EBF2,PAY_E1315909,ACCOUNTS_RECEIVABLE,637500,CREDIT,2026-08-15T12:57:42Z
LDG_4871F17B,PAY_76A4082C,ACCOUNTS_RECEIVABLE,1650400,CREDIT,2026-07-29T09:38:07Z
LDG_91FA5E13,PAY_75B81F71,ACCOUNTS_RECEIVABLE,318700,CREDIT,2026-08-08T02:57:13Z
LDG_D85CE1DC,PAY_93C256D2,ACCOUNTS_RECEIVABLE,735200,CREDIT,2026-07-29T19:48:26Z
LDG_B0F23858,PAY_541D9BD0,ACCOUNTS_RECEIVABLE,988700,CREDIT,2026-07-26T06:29:57Z
LDG_CE075247,PAY_BF6312C8,ACCOUNTS_RECEIVABLE,181800,CREDIT,2026-07-24T10:35:17Z
LDG_646223C2,PAY_5CC11FEA,ACCOUNTS_RECEIVABLE,1295000,CREDIT,2026-08-16T12:49:03Z
LDG_94910C4C,PAY_DB1CEFC3,ACCOUNTS_RECEIVABLE,1219200,CREDIT,2026-07-25T18:10:34Z
LDG_7193B0E8,PAY_BF27DC28,ACCOUNTS_RECEIVABLE,594000,CREDIT,2026-07-26T20:06:20Z
LDG_ABA6D439,PAY_961B751A,ACCOUNTS_RECEIVABLE,1029000,CREDIT,2026-08-22T17:08:09Z
LDG_C6DE7AAD,PAY_09FC953A,ACCOUNTS_RECEIVABLE,1630500,CREDIT,2026-07-19T00:43:42Z
LDG_5049DAD1,PAY_8D1AD0F5,ACCOUNTS_RECEIVABLE,1424200,CREDIT,2026-07-09T12:22:45Z
LDG_9E817EC0,PAY_AA9F0CDC,ACCOUNTS_RECEIVABLE,996300,CREDIT,2026-08-21T13:46:39Z
LDG_014B7A38,PAY_412CB313,ACCOUNTS_RECEIVABLE,802000,CREDIT,2026-07-13T20:47:20Z
LDG_9BD189E7,PAY_0D91BD84,ACCOUNTS_RECEIVABLE,372100,CREDIT,2026-08-19T21:58:26Z
LDG_089EAAD0,PAY_3BFF9235,ACCOUNTS_RECEIVABLE,177000,CREDIT,2026-07-31T06:36:12Z
LDG_776F3036,PAY_D7A5767F,ACCOUNTS_RECEIVABLE,696700,CREDIT,2026-07-13T06:23:49Z
LDG_966CE09E,PAY_71E09DFE,ACCOUNTS_RECEIVABLE,1950100,CREDIT,2026-08-15T03:51:56Z
LDG_F632F771,PAY_D6CE366E,ACCOUNTS_RECEIVABLE,1516500,CREDIT,2026-08-18T16:02:39Z
LDG_F6CC3995,PAY_8928F576,ACCOUNTS_RECEIVABLE,796800,CREDIT,2026-07-06T16:27:23Z
LDG_AFEF1A73,PAY_B9DCAE1B,ACCOUNTS_RECEIVABLE,546100,CREDIT,2026-07-20T01:24:21Z
LDG_C408D86D,PAY_57814626,ACCOUNTS_RECEIVABLE,120300,CREDIT,2026-07-30T19:18:19Z
LDG_49FF64D2,PAY_84643220,ACCOUNTS_RECEIVABLE,513700,CREDIT,2026-08-02T21:44:44Z
LDG_BB741F93,PAY_BBE40B34,ACCOUNTS_RECEIVABLE,1913600,CREDIT,2026-07-05T18:32:24Z
LDG_31C1ECBB,PAY_E0234F6B,ACCOUNTS_RECEIVABLE,476900,CREDIT,2026-07-15T16:03:12Z
LDG_BA8C03BD,PAY_4C055F82,ACCOUNTS_RECEIVABLE,1718300,CREDIT,2026-08-22T10:21:46Z
LDG_E0EAD36D,PAY_E741086F,ACCOUNTS_RECEIVABLE,738000,CREDIT,2026-08-09T00:53:10Z
LDG_B35FC12A,PAY_8580F507,ACCOUNTS_RECEIVABLE,1171800,CREDIT,2026-08-04T08:16:30Z
LDG_F0C22713,PAY_079A4074,ACCOUNTS_RECEIVABLE,146600,CREDIT,2026-07-10T17:13:32Z
LDG_40FEA596,PAY_325BEB49,ACCOUNTS_RECEIVABLE,1085100,CREDIT,2026-07-03T22:24:04Z
LDG_3A1AF8AA,PAY_3334661D,ACCOUNTS_RECEIVABLE,10900,CREDIT,2026-08-21T09:30:53Z
LDG_2ADD7F7E,PAY_BABF7924,ACCOUNTS_RECEIVABLE,1462200,CREDIT,2026-07-27T01:06:59Z
LDG_DEC79771,PAY_A38A9EE9,ACCOUNTS_RECEIVABLE,824300,CREDIT,2026-07-14T18:02:49Z
LDG_31A9D402,PAY_E30AA992,ACCOUNTS_RECEIVABLE,654800,CREDIT,2026-08-12T19:22:48Z
LDG_FC45233F,PAY_CECBC332,ACCOUNTS_RECEIVABLE,1692100,CREDIT,2026-07-15T03:43:35Z
LDG_91D2D48A,PAY_D982987C,ACCOUNTS_RECEIVABLE,1247100,CREDIT,2026-07-26T14:43:11Z
LDG_9AB696F6,PAY_1A3A2B0B,ACCOUNTS_RECEIVABLE,754100,CREDIT,2026-08-23T12:02:10Z
LDG_57FE3E40,PAY_35A82EA9,ACCOUNTS_RECEIVABLE,711300,CREDIT,2026-08-04T08:12:55Z
LDG_108DCCD0,PAY_5BA97EC4,ACCOUNTS_RECEIVABLE,1617100,CREDIT,2026-08-19T14:42:02Z
LDG_812D168F,PAY_3B2943FB,ACCOUNTS_RECEIVABLE,481700,CREDIT,2026-08-13T16:06:26Z
LDG_A456D1DA,PAY_04694CE8,ACCOUNTS_RECEIVABLE,904200,CREDIT,2026-07-14T10:37:22Z
LDG_DC46148E,PAY_F48513F7,ACCOUNTS_RECEIVABLE,388400,CREDIT,2026-07-02T09:19:20Z
LDG_DACEE0F9,PAY_3F646D1D,ACCOUNTS_RECEIVABLE,738100,CREDIT,2026-08-13T15:29:33Z
LDG_561A322D,PAY_A0246BC5,ACCOUNTS_RECEIVABLE,686200,CREDIT,2026-07-31T06:33:36Z
LDG_4D903F52,PAY_45EE70A1,ACCOUNTS_RECEIVABLE,193200,CREDIT,2026-08-16T20:51:04Z
LDG_6878D10B,PAY_E8C8CA7E,ACCOUNTS_RECEIVABLE,1784200,CREDIT,2026-07-08T23:59:41Z
LDG_DB7D35FF,PAY_DB904A48,ACCOUNTS_RECEIVABLE,440200,CREDIT,2026-08-14T07:12:07Z
LDG_E891BC59,PAY_9CCE342D,ACCOUNTS_RECEIVABLE,588300,CREDIT,2026-08-07T17:42:49Z
LDG_CC22DECF,PAY_B2BC13CB,ACCOUNTS_RECEIVABLE,1140300,CREDIT,2026-07-26T19:23:34Z
LDG_15F052CA,PAY_FACD9E51,ACCOUNTS_RECEIVABLE,814400,CREDIT,2026-08-04T02:09:21Z
LDG_3382A254,PAY_90BB7650,ACCOUNTS_RECEIVABLE,1229500,CREDIT,2026-08-20T20:41:32Z
LDG_5FFBCDEF,PAY_DE132FB3,ACCOUNTS_RECEIVABLE,144800,CREDIT,2026-08-25T20:54:19Z
LDG_468A0472,PAY_BB115B3C,ACCOUNTS_RECEIVABLE,1234300,CREDIT,2026-08-15T14:59:30Z
LDG_1774CDB7,PAY_B3D9522E,ACCOUNTS_RECEIVABLE,1901800,CREDIT,2026-08-28T12:58:30Z
LDG_7E5B96C1,PAY_00F61A7E,ACCOUNTS_RECEIVABLE,1416400,CREDIT,2026-08-19T21:39:48Z
LDG_B83F44B6,PAY_C82EEA32,ACCOUNTS_RECEIVABLE,30000000,CREDIT,2026-07-10T14:05:11Z
LDG_AC23803D,PAY_D5C35E2F,ACCOUNTS_RECEIVABLE,1429500,CREDIT,2026-08-07T01:47:48Z
LDG_50011B46,PAY_922D0BA0,ACCOUNTS_RECEIVABLE,769700,CREDIT,2026-07-29T10:50:29Z
LDG_33D642C2,PAY_6112358F,ACCOUNTS_RECEIVABLE,1887400,CREDIT,2026-08-24T05:53:17Z
LDG_6A0703C5,PAY_DEF05F5F,ACCOUNTS_RECEIVABLE,595100,CREDIT,2026-07-31T17:31:29Z
LDG_BF415576,PAY_EB1B943E,ACCOUNTS_RECEIVABLE,1532800,CREDIT,2026-08-01T12:11:35Z
LDG_17339364,PAY_CAAB21CD,ACCOUNTS_RECEIVABLE,1804900,CREDIT,2026-08-15T18:13:19Z
LDG_F58C7673,PAY_3A1FD18E,ACCOUNTS_RECEIVABLE,1897800,CREDIT,2026-07-13T13:11:47Z
LDG_ED2E0389,PAY_5C993800,ACCOUNTS_RECEIVABLE,131700,CREDIT,2026-08-15T16:20:12Z
LDG_EF799618,PAY_EE8BFA87,ACCOUNTS_RECEIVABLE,1866500,CREDIT,2026-08-18T04:54:13Z
LDG_EB18D01E,PAY_225AF8D6,ACCOUNTS_RECEIVABLE,1011500,CREDIT,2026-09-01T03:07:12Z
LDG_9185BFF5,PAY_B31BB765,ACCOUNTS_RECEIVABLE,1728000,CREDIT,2026-08-06T01:49:21Z
LDG_D934267A,PAY_ED4BBD30,ACCOUNTS_RECEIVABLE,943500,CREDIT,2026-07-18T02:58:56Z
LDG_36C111F8,PAY_62A2DC0C,ACCOUNTS_RECEIVABLE,609800,CREDIT,2026-07-30T16:24:39Z
LDG_A5F8CD15,PAY_16B847B1,ACCOUNTS_RECEIVABLE,791000,CREDIT,2026-08-26T15:32:43Z
LDG_623F0730,PAY_9C3E7FE4,ACCOUNTS_RECEIVABLE,460200,CREDIT,2026-08-12T21:06:52Z
LDG_8D554230,PAY_336AA436,ACCOUNTS_RECEIVABLE,1624600,CREDIT,2026-08-16T08:41:48Z
LDG_9A252851,PAY_B4C001DB,ACCOUNTS_RECEIVABLE,1328400,CREDIT,2026-08-29T10:12:08Z
LDG_1E36E832,PAY_F0BF5DD3,ACCOUNTS_RECEIVABLE,1476000,CREDIT,2026-07-29T20:18:23Z
LDG_994F1164,PAY_FDD1ACE5,ACCOUNTS_RECEIVABLE,781900,CREDIT,2026-08-20T09:04:36Z
LDG_B01FFDD3,PAY_B77F633A,ACCOUNTS_RECEIVABLE,217200,CREDIT,2026-08-16T04:36:45Z
LDG_B4EAA333,PAY_3EB61398,ACCOUNTS_RECEIVABLE,358700,CREDIT,2026-07-22T20:21:51Z
LDG_48DA761D,PAY_7AD947CA,ACCOUNTS_RECEIVABLE,821000,CREDIT,2026-08-26T03:52:02Z
LDG_7DB4F8D4,PAY_BF13DD55,ACCOUNTS_RECEIVABLE,825100,CREDIT,2026-07-10T02:36:36Z
LDG_ECF029EE,PAY_54B35BB7,ACCOUNTS_RECEIVABLE,1566700,CREDIT,2026-07-05T03:50:36Z
LDG_DC5F9DBB,PAY_2DD25AAD,ACCOUNTS_RECEIVABLE,253000,CREDIT,2026-08-03T06:25:54Z
LDG_FE228788,PAY_0036C02E,ACCOUNTS_RECEIVABLE,1412300,CREDIT,2026-08-07T10:51:14Z
LDG_6CD08C9F,PAY_B80EE1E0,ACCOUNTS_RECEIVABLE,1762700,CREDIT,2026-07-11T11:31:54Z
LDG_4B2A37DD,PAY_F9C99E0F,ACCOUNTS_RECEIVABLE,1191800,CREDIT,2026-07-14T19:02:08Z
LDG_430A78AF,PAY_D6ECCAB8,ACCOUNTS_RECEIVABLE,1773700,CREDIT,2026-07-10T00:54:51Z
LDG_03C97FFF,PAY_CF1EA941,ACCOUNTS_RECEIVABLE,342400,CREDIT,2026-07-30T17:29:18Z
LDG_F026E413,PAY_F00AB4FE,ACCOUNTS_RECEIVABLE,1626500,CREDIT,2026-08-25T08:59:52Z
LDG_E7EF44D6,PAY_77F60B02,ACCOUNTS_RECEIVABLE,1040800,CREDIT,2026-08-22T19:48:28Z
LDG_61580BA8,PAY_0552B3F8,ACCOUNTS_RECEIVABLE,807800,CREDIT,2026-08-05T10:28:59Z
LDG_9CD592F5,PAY_752C377B,ACCOUNTS_RECEIVABLE,589400,CREDIT,2026-07-08T20:55:35Z
LDG_56098223,PAY_AF5828F0,ACCOUNTS_RECEIVABLE,357900,CREDIT,2026-08-16T22:24:47Z
LDG_5F0F5D2B,PAY_556C477A,ACCOUNTS_RECEIVABLE,350800,CREDIT,2026-08-11T00:14:51Z
LDG_3E14EF81,PAY_6DCE90C8,ACCOUNTS_RECEIVABLE,1412100,CREDIT,2026-08-05T20:49:49Z
LDG_079A677F,PAY_5B637614,ACCOUNTS_RECEIVABLE,84200,CREDIT,2026-07-18T00:25:56Z
LDG_E5593243,PAY_BF5345B4,ACCOUNTS_RECEIVABLE,1739900,CREDIT,2026-07-13T13:46:05Z
LDG_0C2744CC,PAY_3CA0B6AA,ACCOUNTS_RECEIVABLE,253400,CREDIT,2026-08-26T14:15:40Z
LDG_2739B314,PAY_B0C5532A,ACCOUNTS_RECEIVABLE,1043700,CREDIT,2026-07-18T12:35:34Z
LDG_A609272F,PAY_FE387322,ACCOUNTS_RECEIVABLE,342800,CREDIT,2026-08-05T11:37:39Z
LDG_7D673FF1,PAY_2F9BE118,ACCOUNTS_RECEIVABLE,1359200,CREDIT,2026-07-18T03:34:51Z
LDG_D5562FF1,PAY_B9E04DCB,ACCOUNTS_RECEIVABLE,1978400,CREDIT,2026-07-22T09:38:09Z
LDG_5C55881C,PAY_7D488D44,ACCOUNTS_RECEIVABLE,468900,CREDIT,2026-08-04T21:36:16Z
LDG_7C6B0F7F,PAY_DD50E6BF,ACCOUNTS_RECEIVABLE,1001300,CREDIT,2026-07-07T06:53:27Z
LDG_A3224B7A,PAY_6288C62D,ACCOUNTS_RECEIVABLE,1922100,CREDIT,2026-08-26T22:46:31Z
LDG_340B3CE9,PAY_AE40E73F,ACCOUNTS_RECEIVABLE,495100,CREDIT,2026-08-10T15:22:41Z
LDG_3C703D79,PAY_C1B9F082,ACCOUNTS_RECEIVABLE,866800,CREDIT,2026-08-07T12:42:18Z
LDG_175212E2,PAY_24D85BD9,ACCOUNTS_RECEIVABLE,36100,CREDIT,2026-07-01T05:14:47Z
LDG_45D0E477,PAY_0A668595,ACCOUNTS_RECEIVABLE,1640800,CREDIT,2026-07-13T00:04:21Z
LDG_28E9F7DB,PAY_E8A68C90,ACCOUNTS_RECEIVABLE,318800,CREDIT,2026-07-26T12:49:18Z
LDG_7A615518,PAY_30BD1064,ACCOUNTS_RECEIVABLE,1588400,CREDIT,2026-08-07T23:55:23Z
LDG_E7DEC3E4,PAY_3A185FE4,ACCOUNTS_RECEIVABLE,34700,CREDIT,2026-08-02T04:36:38Z
LDG_438F9FCC,PAY_AC52CA6F,ACCOUNTS_RECEIVABLE,63200,CREDIT,2026-08-25T13:58:41Z
LDG_49E671A9,PAY_0F269C9B,ACCOUNTS_RECEIVABLE,91400,CREDIT,2026-08-20T06:25:10Z
LDG_E23C399A,PAY_02A2E5FB,ACCOUNTS_RECEIVABLE,1034300,CREDIT,2026-08-22T09:12:56Z
LDG_0837D8A4,PAY_383CA960,ACCOUNTS_RECEIVABLE,946000,CREDIT,2026-07-08T06:11:18Z
LDG_3951385C,PAY_BA466622,ACCOUNTS_RECEIVABLE,1612100,CREDIT,2026-08-04T09:17:48Z
LDG_9193538D,PAY_26A9D3F8,ACCOUNTS_RECEIVABLE,747300,CREDIT,2026-07-20T01:16:02Z
LDG_1F4905DA,PAY_151722CA,ACCOUNTS_RECEIVABLE,1572900,CREDIT,2026-07-08T21:25:18Z
LDG_DFF13EB3,PAY_7DE0A2AF,ACCOUNTS_RECEIVABLE,1301500,CREDIT,2026-08-17T00:30:01Z
LDG_EC62C685,PAY_D6FC5F3E,ACCOUNTS_RECEIVABLE,356500,CREDIT,2026-08-22T23:32:29Z
LDG_A09131BD,PAY_E9AB15EF,ACCOUNTS_RECEIVABLE,1809100,CREDIT,2026-08-17T20:15:27Z
LDG_0FF5EF02,PAY_8D888C88,ACCOUNTS_RECEIVABLE,1108000,CREDIT,2026-08-31T17:38:30Z
LDG_63F375AE,PAY_231DC0FC,ACCOUNTS_RECEIVABLE,1011400,CREDIT,2026-08-03T18:14:37Z
LDG_655BB175,PAY_869657D8,ACCOUNTS_RECEIVABLE,50900,CREDIT,2026-07-04T17:59:17Z
LDG_8EC675E1,PAY_9D4F366F,ACCOUNTS_RECEIVABLE,796400,CREDIT,2026-07-29T23:44:33Z
LDG_FDE8D165,PAY_6DF8169B,ACCOUNTS_RECEIVABLE,1886800,CREDIT,2026-07-05T14:36:41Z
LDG_AC7B6A48,PAY_F5FE5CB5,ACCOUNTS_RECEIVABLE,440400,CREDIT,2026-08-31T14:18:28Z
LDG_2933BC6B,PAY_C3896F8E,ACCOUNTS_RECEIVABLE,1473000,CREDIT,2026-08-10T16:55:35Z
LDG_C910CABB,PAY_4B8AFF65,ACCOUNTS_RECEIVABLE,1162000,CREDIT,2026-07-28T03:10:44Z
LDG_9CC26599,PAY_B27E1280,ACCOUNTS_RECEIVABLE,1249200,CREDIT,2026-07-30T23:57:31Z
LDG_05313605,PAY_E6A07643,ACCOUNTS_RECEIVABLE,1519800,CREDIT,2026-08-06T10:48:10Z
LDG_7257A1F3,PAY_B5026376,ACCOUNTS_RECEIVABLE,908900,CREDIT,2026-08-22T04:59:42Z
LDG_400E6772,PAY_5D09DC10,ACCOUNTS_RECEIVABLE,165700,CREDIT,2026-07-28T14:35:17Z
LDG_05956FE3,PAY_ED9C95FD,ACCOUNTS_RECEIVABLE,890400,CREDIT,2026-07-24T22:28:56Z
LDG_E470C53F,PAY_C78C8BEF,ACCOUNTS_RECEIVABLE,186900,CREDIT,2026-08-31T14:22:55Z
LDG_A343EE06,PAY_2BB33B4B,ACCOUNTS_RECEIVABLE,15000000,CREDIT,2026-07-12T09:42:50Z
LDG_4ED31712,PAY_B78139C1,ACCOUNTS_RECEIVABLE,284100,CREDIT,2026-08-21T07:38:06Z
LDG_3B4CE8C2,PAY_EFD00A36,ACCOUNTS_RECEIVABLE,1103600,CREDIT,2026-07-30T18:41:56Z
LDG_EBDC01D9,PAY_74D7C30E,ACCOUNTS_RECEIVABLE,331800,CREDIT,2026-08-11T02:21:04Z
LDG_C4636A64,PAY_B7C7F1C5,ACCOUNTS_RECEIVABLE,1491100,CREDIT,2026-07-01T05:58:00Z
LDG_F769A77C,PAY_77AC07E7,ACCOUNTS_RECEIVABLE,823700,CREDIT,2026-07-21T03:20:30Z
LDG_FB8C54AA,PAY_1166566D,ACCOUNTS_RECEIVABLE,275500,CREDIT,2026-08-20T20:14:21Z
LDG_B10F653F,PAY_32FE1E37,ACCOUNTS_RECEIVABLE,1191100,CREDIT,2026-08-09T10:20:38Z
LDG_7CAA7976,PAY_801582F9,ACCOUNTS_RECEIVABLE,1276500,CREDIT,2026-07-05T21:53:18Z
LDG_730B8ADB,PAY_091BCB52,ACCOUNTS_RECEIVABLE,1819800,CREDIT,2026-08-26T21:49:52Z
LDG_2841CB74,PAY_ABEC3B29,ACCOUNTS_RECEIVABLE,253300,CREDIT,2026-07-10T22:31:38Z
LDG_A172D14F,PAY_29B5C4C0,ACCOUNTS_RECEIVABLE,58000,CREDIT,2026-07-16T14:47:03Z
LDG_6DB8D208,PAY_F7EF4925,ACCOUNTS_RECEIVABLE,1045200,CREDIT,2026-07-22T20:07:14Z
LDG_2DB08462,PAY_0199B398,ACCOUNTS_RECEIVABLE,1316400,CREDIT,2026-07-30T03:05:39Z
LDG_1E75783F,PAY_5494BE4D,ACCOUNTS_RECEIVABLE,1145800,CREDIT,2026-07-06T07:05:24Z
LDG_73FFCD29,PAY_3624C6B9,ACCOUNTS_RECEIVABLE,319600,CREDIT,2026-07-17T05:48:15Z
LDG_675BEDBD,PAY_6563CC3D,ACCOUNTS_RECEIVABLE,378000,CREDIT,2026-07-21T15:00:31Z
LDG_F4AF0F32,PAY_388618C6,ACCOUNTS_RECEIVABLE,1636900,CREDIT,2026-07-31T09:52:09Z
LDG_17E29EC6,PAY_230082D5,ACCOUNTS_RECEIVABLE,235100,CREDIT,2026-07-10T15:44:22Z
LDG_4DAC8A6E,PAY_C3F504D9,ACCOUNTS_RECEIVABLE,1688100,CREDIT,2026-08-09T16:27:10Z
LDG_927F5674,PAY_849C676F,ACCOUNTS_RECEIVABLE,535700,CREDIT,2026-08-28T03:00:27Z
LDG_ED8BE607,PAY_29678FCB,ACCOUNTS_RECEIVABLE,225100,CREDIT,2026-07-05T15:14:45Z
LDG_22598845,PAY_ACB1CE8D,ACCOUNTS_RECEIVABLE,19100,CREDIT,2026-08-25T17:17:20Z
LDG_A63226A1,PAY_67B18F06,ACCOUNTS_RECEIVABLE,1604100,CREDIT,2026-07-04T09:58:00Z
LDG_C3741F08,PAY_32245293,ACCOUNTS_RECEIVABLE,972500,CREDIT,2026-07-09T03:16:24Z
LDG_DED7AFC6,PAY_1E512E88,ACCOUNTS_RECEIVABLE,1835900,CREDIT,2026-07-11T23:09:06Z
LDG_AC101017,PAY_94162D5F,ACCOUNTS_RECEIVABLE,495900,CREDIT,2026-07-14T06:45:47Z
LDG_F05165DA,PAY_6F786FE4,ACCOUNTS_RECEIVABLE,196000,CREDIT,2026-07-02T00:40:58Z
LDG_B2D99570,PAY_31E673E1,ACCOUNTS_RECEIVABLE,156200,CREDIT,2026-08-23T10:01:03Z
LDG_09DF1206,PAY_DC05E5CB,ACCOUNTS_RECEIVABLE,1947400,CREDIT,2026-08-13T19:07:07Z
LDG_75149AF4,PAY_B502C596,ACCOUNTS_RECEIVABLE,1195200,CREDIT,2026-07-28T18:56:05Z
LDG_E8560EF2,PAY_147E8CEA,ACCOUNTS_RECEIVABLE,74500,CREDIT,2026-07-28T19:54:44Z
LDG_603713B9,PAY_D3B95910,ACCOUNTS_RECEIVABLE,998200,CREDIT,2026-08-09T01:09:50Z
LDG_671043BB,PAY_D061C5E3,ACCOUNTS_RECEIVABLE,1362800,CREDIT,2026-08-11T04:33:32Z
LDG_6D7311D5,PAY_E0ED0401,ACCOUNTS_RECEIVABLE,1232600,CREDIT,2026-09-01T08:04:33Z
LDG_94F55053,PAY_FC0B564B,ACCOUNTS_RECEIVABLE,965800,CREDIT,2026-08-08T06:12:51Z
LDG_C8643188,PAY_30C3175B,ACCOUNTS_RECEIVABLE,135800,CREDIT,2026-08-02T07:22:27Z
LDG_A03A774B,PAY_28281246,ACCOUNTS_RECEIVABLE,1509300,CREDIT,2026-08-03T22:03:48Z
LDG_13B29BFF,PAY_A80AC99A,ACCOUNTS_RECEIVABLE,1377100,CREDIT,2026-07-24T00:33:27Z
LDG_4868268E,PAY_EDB1785D,ACCOUNTS_RECEIVABLE,1734500,CREDIT,2026-08-25T15:47:30Z
LDG_412CD86E,PAY_F89DDB39,ACCOUNTS_RECEIVABLE,22400,CREDIT,2026-08-05T08:44:51Z
LDG_E71A2F2B,PAY_A88976BE,ACCOUNTS_RECEIVABLE,440200,CREDIT,2026-08-17T10:56:35Z
LDG_7376D960,PAY_F113FD80,ACCOUNTS_RECEIVABLE,780200,CREDIT,2026-08-15T16:41:34Z
LDG_51387A5B,PAY_7E972B83,ACCOUNTS_RECEIVABLE,1726100,CREDIT,2026-08-18T14:01:38Z
LDG_B86E90F5,PAY_1B558391,ACCOUNTS_RECEIVABLE,733200,CREDIT,2026-07-11T17:13:22Z
LDG_3F989410,PAY_16B94144,ACCOUNTS_RECEIVABLE,1594400,CREDIT,2026-08-13T11:10:08Z
LDG_374BAD38,PAY_4234047B,ACCOUNTS_RECEIVABLE,1643300,CREDIT,2026-08-28T13:13:02Z
LDG_5CBD3B10,PAY_75636BE3,ACCOUNTS_RECEIVABLE,1628100,CREDIT,2026-07-26T01:09:50Z
LDG_11B2162C,PAY_82DB19A5,ACCOUNTS_RECEIVABLE,1855200,CREDIT,2026-08-22T23:18:31Z
LDG_337DECFF,PAY_FA266017,ACCOUNTS_RECEIVABLE,1159500,CREDIT,2026-07-20T20:32:22Z
LDG_6CBDA45C,PAY_523E767E,ACCOUNTS_RECEIVABLE,1674900,CREDIT,2026-07-25T13:07:27Z
LDG_EC0CC87C,PAY_7C9DED9E,ACCOUNTS_RECEIVABLE,888500,CREDIT,2026-07-15T00:43:11Z
LDG_E4C5A3B2,PAY_66E585C8,ACCOUNTS_RECEIVABLE,797600,CREDIT,2026-07-10T02:05:46Z
LDG_D8CBD66E,PAY_F6A10AA7,ACCOUNTS_RECEIVABLE,1453100,CREDIT,2026-07-04T02:08:50Z
LDG_98FE5C78,PAY_96B85007,ACCOUNTS_RECEIVABLE,15000000,CREDIT,2026-08-14T22:20:33Z
LDG_8CACBB21,PAY_846A9FD6,ACCOUNTS_RECEIVABLE,1992700,CREDIT,2026-08-07T09:43:59Z
LDG_A831D4EB,PAY_E9E2DB6F,ACCOUNTS_RECEIVABLE,781300,CREDIT,2026-08-06T14:02:15Z
LDG_5E11B1BB,PAY_1635C7B6,ACCOUNTS_RECEIVABLE,60000000,CREDIT,2026-07-22T10:52:55Z
LDG_4D172DAD,PAY_9E54F70E,ACCOUNTS_RECEIVABLE,1109100,CREDIT,2026-08-09T04:15:04Z
LDG_AA628D07,PAY_6BA5B14E,ACCOUNTS_RECEIVABLE,441300,CREDIT,2026-07-05T22:29:07Z
LDG_B304EC74,PAY_AA111B0C,ACCOUNTS_RECEIVABLE,1349000,CREDIT,2026-08-19T10:56:41Z
LDG_1165E40F,PAY_7870683E,ACCOUNTS_RECEIVABLE,595600,CREDIT,2026-07-29T19:05:41Z
LDG_52CCE08D,PAY_530C523C,ACCOUNTS_RECEIVABLE,1479100,CREDIT,2026-08-18T15:07:10Z
LDG_9C63D67A,PAY_94CD96E7,ACCOUNTS_RECEIVABLE,1042500,CREDIT,2026-08-08T08:14:04Z
LDG_8FFCDC0C,PAY_A5C1FBBE,ACCOUNTS_RECEIVABLE,1403400,CREDIT,2026-07-11T01:06:35Z
LDG_D9861665,PAY_F2EEBACD,ACCOUNTS_RECEIVABLE,1197800,CREDIT,2026-07-27T18:47:21Z
LDG_7C2ECBF4,PAY_75C6187E,ACCOUNTS_RECEIVABLE,1194100,CREDIT,2026-08-05T20:16:32Z
LDG_D217BA18,PAY_34102936,ACCOUNTS_RECEIVABLE,218200,CREDIT,2026-08-03T14:25:53Z
LDG_8BAE6A88,PAY_B25E77B7,ACCOUNTS_RECEIVABLE,995600,CREDIT,2026-07-05T20:41:42Z
LDG_5B42FD90,PAY_F9A44491,ACCOUNTS_RECEIVABLE,1461700,CREDIT,2026-08-12T02:37:07Z
LDG_D9335328,PAY_1986247F,ACCOUNTS_RECEIVABLE,1129700,CREDIT,2026-07-20T09:10:45Z
LDG_789FF68E,PAY_FB9CF4C0,ACCOUNTS_RECEIVABLE,305000,CREDIT,2026-08-10T05:16:27Z
LDG_576804D5,PAY_BADEC238,ACCOUNTS_RECEIVABLE,1394000,CREDIT,2026-08-13T17:28:10Z
LDG_2E1D5E54,PAY_F338F510,ACCOUNTS_RECEIVABLE,874600,CREDIT,2026-08-15T03:15:00Z
LDG_45806FC3,PAY_C5F5F0F1,ACCOUNTS_RECEIVABLE,1015300,CREDIT,2026-07-18T05:42:53Z
LDG_70E684E5,PAY_9DEF34B7,ACCOUNTS_RECEIVABLE,374100,CREDIT,2026-09-01T17:25:25Z
LDG_DCB9BC91,PAY_1206D9B9,ACCOUNTS_RECEIVABLE,981200,CREDIT,2026-08-15T05:23:17Z
LDG_802060FB,PAY_F84910A0,ACCOUNTS_RECEIVABLE,1241500,CREDIT,2026-08-31T04:28:27Z
LDG_A2D21723,PAY_AC05120B,ACCOUNTS_RECEIVABLE,1085100,CREDIT,2026-07-22T23:04:10Z
LDG_06309251,PAY_ED12A743,ACCOUNTS_RECEIVABLE,927300,CREDIT,2026-07-15T23:43:08Z
LDG_4A4121C8,PAY_858AEF59,ACCOUNTS_RECEIVABLE,928700,CREDIT,2026-07-18T09:54:06Z
LDG_0AC28562,PAY_99CB8ECC,ACCOUNTS_RECEIVABLE,1712500,CREDIT,2026-07-23T22:53:14Z
LDG_E2C78563,PAY_4DD92F9F,ACCOUNTS_RECEIVABLE,943000,CREDIT,2026-07-11T01:21:04Z
LDG_DFE84598,PAY_520E9889,ACCOUNTS_RECEIVABLE,426400,CREDIT,2026-07-02T20:09:59Z
LDG_BE0A9A8F,PAY_9FA8F280,ACCOUNTS_RECEIVABLE,153700,CREDIT,2026-07-02T22:33:06Z
LDG_546F6638,PAY_BCE21003,ACCOUNTS_RECEIVABLE,672400,CREDIT,2026-07-31T14:02:35Z
LDG_39CA5646,PAY_1C2B5D20,ACCOUNTS_RECEIVABLE,1592100,CREDIT,2026-09-01T13:11:43Z
LDG_429D7217,PAY_911FFC79,ACCOUNTS_RECEIVABLE,1150900,CREDIT,2026-07-13T07:29:10Z
LDG_3A9B7D3E,PAY_BA918855,ACCOUNTS_RECEIVABLE,275900,CREDIT,2026-08-27T05:43:22Z
LDG_77530C12,PAY_C8F16E89,ACCOUNTS_RECEIVABLE,899800,CREDIT,2026-07-17T13:44:07Z
LDG_9E80EEEB,PAY_1E0A8656,ACCOUNTS_RECEIVABLE,458400,CREDIT,2026-08-30T21:14:36Z
LDG_19010B57,PAY_BC816A21,ACCOUNTS_RECEIVABLE,537600,CREDIT,2026-07-03T10:45:18Z
LDG_FD3AA32B,PAY_3789C4E3,ACCOUNTS_RECEIVABLE,1676400,CREDIT,2026-07-23T20:38:02Z
LDG_50907C41,PAY_41A2A82A,ACCOUNTS_RECEIVABLE,728700,CREDIT,2026-07-23T15:22:16Z
LDG_DFFE96BF,PAY_142305F5,ACCOUNTS_RECEIVABLE,1709100,CREDIT,2026-08-21T06:41:06Z
LDG_A9BF0A3C,PAY_0128F946,ACCOUNTS_RECEIVABLE,1381100,CREDIT,2026-08-14T16:08:11Z
LDG_2063D283,PAY_58913703,ACCOUNTS_RECEIVABLE,1221600,CREDIT,2026-07-20T18:01:40Z
LDG_1DAFF026,PAY_B1E8BD5E,ACCOUNTS_RECEIVABLE,1744300,CREDIT,2026-08-05T01:37:31Z
LDG_43FF18CA,PAY_5C1B0D90,ACCOUNTS_RECEIVABLE,521000,CREDIT,2026-08-11T22:36:14Z
LDG_70FA88FA,PAY_247962E8,ACCOUNTS_RECEIVABLE,891300,CREDIT,2026-08-13T12:23:43Z
LDG_EDA6B5F1,PAY_BA667E38,ACCOUNTS_RECEIVABLE,575600,CREDIT,2026-07-30T11:26:51Z
LDG_953E2239,PAY_61421ED7,ACCOUNTS_RECEIVABLE,1830300,CREDIT,2026-08-16T08:19:09Z
LDG_B9C58BFA,PAY_BD1C0D2E,ACCOUNTS_RECEIVABLE,430700,CREDIT,2026-08-05T10:33:02Z
LDG_D8CA6EFF,PAY_5CE99C0A,ACCOUNTS_RECEIVABLE,641000,CREDIT,2026-08-18T06:45:37Z
LDG_774CF3A0,PAY_B93B93D8,ACCOUNTS_RECEIVABLE,633100,CREDIT,2026-08-06T00:57:08Z
LDG_832C66A6,PAY_6A2D1293,ACCOUNTS_RECEIVABLE,683000,CREDIT,2026-07-31T09:33:07Z
LDG_64196E4A,PAY_4FC02E0E,ACCOUNTS_RECEIVABLE,207200,CREDIT,2026-07-13T10:39:00Z
LDG_4353606D,PAY_104CB602,ACCOUNTS_RECEIVABLE,1060600,CREDIT,2026-08-11T00:18:14Z
LDG_1BEBFB36,PAY_E2D82E78,ACCOUNTS_RECEIVABLE,764100,CREDIT,2026-08-10T04:30:11Z
LDG_9763A38D,PAY_BCA07743,ACCOUNTS_RECEIVABLE,1753800,CREDIT,2026-07-10T05:55:03Z
LDG_2B3D5C86,PAY_904B2F44,ACCOUNTS_RECEIVABLE,1210400,CREDIT,2026-07-15T10:27:37Z
LDG_181EBEA9,PAY_8B385EB7,ACCOUNTS_RECEIVABLE,738400,CREDIT,2026-07-29T11:18:40Z
LDG_E34890B0,PAY_068E0995,ACCOUNTS_RECEIVABLE,1661200,CREDIT,2026-07-16T00:44:32Z
LDG_F068D4C0,PAY_77982550,ACCOUNTS_RECEIVABLE,994700,CREDIT,2026-09-01T16:52:05Z
LDG_FC30AA5E,PAY_61DADBC0,ACCOUNTS_RECEIVABLE,252400,CREDIT,2026-08-08T21:27:39Z
LDG_9B4032B7,PAY_962F7014,ACCOUNTS_RECEIVABLE,626400,CREDIT,2026-08-18T12:24:42Z
LDG_FCA96360,PAY_DEDA3F1D,ACCOUNTS_RECEIVABLE,35800,CREDIT,2026-07-26T18:35:39Z
LDG_542C4D12,PAY_610DB5BB,ACCOUNTS_RECEIVABLE,828500,CREDIT,2026-07-09T02:11:29Z
LDG_B2F72801,PAY_0DADAEB5,ACCOUNTS_RECEIVABLE,478200,CREDIT,2026-07-30T20:44:06Z
LDG_4181E0EA,PAY_2777349D,ACCOUNTS_RECEIVABLE,1544000,CREDIT,2026-07-07T00:09:35Z
LDG_20DBBF8F,PAY_90E4A437,ACCOUNTS_RECEIVABLE,1778700,CREDIT,2026-07-05T05:02:58Z
LDG_2D4D0E46,PAY_1B58DC14,ACCOUNTS_RECEIVABLE,1780200,CREDIT,2026-08-10T00:42:33Z
LDG_1A1DABDF,PAY_86EA5A63,ACCOUNTS_RECEIVABLE,1319600,CREDIT,2026-08-24T22:01:15Z
LDG_A1C9D420,PAY_8660B292,ACCOUNTS_RECEIVABLE,1034500,CREDIT,2026-07-05T14:20:02Z
LDG_7756731E,PAY_34112552,ACCOUNTS_RECEIVABLE,1973400,CREDIT,2026-08-06T14:41:42Z
LDG_FBF460FE,PAY_C9AEB3BA,ACCOUNTS_RECEIVABLE,338400,CREDIT,2026-07-05T21:22:52Z
LDG_6F015D22,PAY_267521F7,ACCOUNTS_RECEIVABLE,1250200,CREDIT,2026-08-22T15:55:45Z
LDG_A3259C42,PAY_D6AB375A,ACCOUNTS_RECEIVABLE,1648100,CREDIT,2026-08-05T12:31:56Z
LDG_8913B44B,PAY_326B73FE,ACCOUNTS_RECEIVABLE,448300,CREDIT,2026-08-17T10:22:31Z
LDG_1E355DBE,PAY_23AEA66E,ACCOUNTS_RECEIVABLE,518100,CREDIT,2026-07-28T22:48:00Z
LDG_D4F3FC03,PAY_F8943C0A,ACCOUNTS_RECEIVABLE,842900,CREDIT,2026-08-04T10:57:34Z
LDG_28E81C20,PAY_CA45E022,ACCOUNTS_RECEIVABLE,138900,CREDIT,2026-07-26T20:22:20Z
LDG_C666124C,PAY_9492B0D1,ACCOUNTS_RECEIVABLE,151900,CREDIT,2026-07-18T10:22:57Z
LDG_2F4B64BF,PAY_5626F0DA,ACCOUNTS_RECEIVABLE,809000,CREDIT,2026-07-16T23:38:31Z
LDG_163BFD08,PAY_7DAFD7AC,ACCOUNTS_RECEIVABLE,374600,CREDIT,2026-07-09T22:54:05Z
LDG_6BE9AE34,PAY_A188CFFC,ACCOUNTS_RECEIVABLE,1939800,CREDIT,2026-08-10T18:54:27Z
LDG_9CDAA198,PAY_7C34C3A4,ACCOUNTS_RECEIVABLE,1730300,CREDIT,2026-08-21T07:33:02Z
LDG_4B51FA4F,PAY_7AF403A4,ACCOUNTS_RECEIVABLE,957800,CREDIT,2026-07-27T18:40:03Z
LDG_9FBD201F,PAY_5A7CC10E,ACCOUNTS_RECEIVABLE,1281200,CREDIT,2026-07-19T01:41:01Z
LDG_20A02F77,PAY_ACC70383,ACCOUNTS_RECEIVABLE,1027600,CREDIT,2026-08-01T03:21:41Z
LDG_C2587B82,PAY_B3B90249,ACCOUNTS_RECEIVABLE,1157600,CREDIT,2026-08-19T01:19:01Z
LDG_701C84AB,PAY_84C6D386,ACCOUNTS_RECEIVABLE,935900,CREDIT,2026-07-02T06:25:37Z
LDG_D5A5C221,PAY_7768FBB0,ACCOUNTS_RECEIVABLE,70100,CREDIT,2026-07-16T16:41:02Z
LDG_112B6F57,PAY_015A18B3,ACCOUNTS_RECEIVABLE,1282800,CREDIT,2026-07-26T05:17:24Z
LDG_D827BFCB,PAY_110E7395,ACCOUNTS_RECEIVABLE,1425500,CREDIT,2026-07-15T05:54:27Z
LDG_261EB116,PAY_B7C8C020,ACCOUNTS_RECEIVABLE,1228300,CREDIT,2026-08-23T21:41:47Z
LDG_B13C113A,PAY_DDB382A5,ACCOUNTS_RECEIVABLE,1309000,CREDIT,2026-08-07T11:50:14Z
LDG_F95D901C,PAY_A931EC5D,ACCOUNTS_RECEIVABLE,1488300,CREDIT,2026-08-22T07:39:06Z
LDG_FFCA5038,PAY_C575BC7A,ACCOUNTS_RECEIVABLE,101600,CREDIT,2026-07-04T22:31:39Z
LDG_F08C5496,PAY_0C17EB10,ACCOUNTS_RECEIVABLE,1653700,CREDIT,2026-07-22T20:26:41Z
LDG_BA81E642,PAY_3D64F4A7,ACCOUNTS_RECEIVABLE,1455200,CREDIT,2026-07-16T19:28:55Z
LDG_EB065B22,PAY_744865F6,ACCOUNTS_RECEIVABLE,1193300,CREDIT,2026-07-04T15:16:33Z
LDG_0083204B,PAY_B4FA71C8,ACCOUNTS_RECEIVABLE,1763000,CREDIT,2026-08-08T20:46:29Z
LDG_8919CE43,PAY_9E188CFC,ACCOUNTS_RECEIVABLE,1957000,CREDIT,2026-07-18T00:52:55Z
LDG_22ED0A31,PAY_7B23AD66,ACCOUNTS_RECEIVABLE,487200,CREDIT,2026-08-29T11:11:52Z
LDG_262DFA5B,PAY_ADDA13C4,ACCOUNTS_RECEIVABLE,317100,CREDIT,2026-08-11T02:32:38Z
LDG_A24F9A5C,PAY_F5E5182D,ACCOUNTS_RECEIVABLE,361600,CREDIT,2026-07-28T01:40:44Z
LDG_8A0404BA,PAY_A5C7961B,ACCOUNTS_RECEIVABLE,1921900,CREDIT,2026-08-04T13:34:49Z
LDG_EDCD70E6,PAY_DC3D2803,ACCOUNTS_RECEIVABLE,31400,CREDIT,2026-08-20T17:51:51Z
LDG_D87C8C79,PAY_72F6CBFE,ACCOUNTS_RECEIVABLE,1857000,CREDIT,2026-08-05T20:59:27Z
LDG_69B6058D,PAY_9B0472F1,ACCOUNTS_RECEIVABLE,174400,CREDIT,2026-07-31T03:11:47Z
LDG_91641F75,PAY_AB9D4029,ACCOUNTS_RECEIVABLE,1778000,CREDIT,2026-09-01T14:18:09Z
LDG_5360D900,PAY_1A97DB50,ACCOUNTS_RECEIVABLE,733900,CREDIT,2026-07-09T20:06:01Z
LDG_2310F45E,PAY_71EA878F,ACCOUNTS_RECEIVABLE,481300,CREDIT,2026-08-23T00:09:49Z
LDG_DE17EF65,PAY_E66BF39C,ACCOUNTS_RECEIVABLE,652100,CREDIT,2026-07-21T10:53:52Z
LDG_B10355C1,PAY_C782FFE7,ACCOUNTS_RECEIVABLE,961400,CREDIT,2026-07-20T07:40:14Z
LDG_2C48CFED,PAY_18715B41,ACCOUNTS_RECEIVABLE,1134100,CREDIT,2026-08-11T13:10:36Z
LDG_3C0CD428,PAY_F7ED5EF0,ACCOUNTS_RECEIVABLE,885100,CREDIT,2026-08-14T20:29:14Z
LDG_D2E58B66,PAY_DEB1CB81,ACCOUNTS_RECEIVABLE,1143600,CREDIT,2026-08-11T15:49:20Z
LDG_3888B0FB,PAY_B4B3FB3E,ACCOUNTS_RECEIVABLE,418200,CREDIT,2026-07-02T20:55:01Z
LDG_67D137E4,PAY_BD767B50,ACCOUNTS_RECEIVABLE,943800,CREDIT,2026-08-12T09:31:03Z
LDG_9A0CE211,PAY_882589B1,ACCOUNTS_RECEIVABLE,1753400,CREDIT,2026-09-01T12:42:06Z
LDG_A4712118,PAY_9C19AA71,ACCOUNTS_RECEIVABLE,223100,CREDIT,2026-07-23T09:45:13Z
LDG_01FFFFB6,PAY_F29EB37B,ACCOUNTS_RECEIVABLE,1827200,CREDIT,2026-07-18T04:00:14Z
LDG_56B6728E,PAY_991D21D5,ACCOUNTS_RECEIVABLE,1226500,CREDIT,2026-08-08T10:10:02Z
LDG_A327EEC7,PAY_073089CA,ACCOUNTS_RECEIVABLE,60000000,CREDIT,2026-07-27T23:38:08Z
LDG_2A2D7F88,PAY_9F73FBD6,ACCOUNTS_RECEIVABLE,55900,CREDIT,2026-07-05T14:59:50Z
LDG_0431EBB7,PAY_0BCC14A6,ACCOUNTS_RECEIVABLE,1504400,CREDIT,2026-07-22T14:50:31Z
LDG_1C6ACEDA,PAY_A9EBE385,ACCOUNTS_RECEIVABLE,345900,CREDIT,2026-07-27T10:25:33Z
LDG_DCF0862E,PAY_3CEAE7EC,ACCOUNTS_RECEIVABLE,1829300,CREDIT,2026-07-09T23:12:44Z
LDG_977C8B86,PAY_EAC4DE60,ACCOUNTS_RECEIVABLE,1682300,CREDIT,2026-07-20T23:24:25Z
LDG_26F7F9CC,PAY_8ADE1A18,ACCOUNTS_RECEIVABLE,1263500,CREDIT,2026-07-12T13:33:58Z
LDG_F94C8C0C,PAY_6AD8A438,ACCOUNTS_RECEIVABLE,1248000,CREDIT,2026-07-04T00:36:43Z
LDG_84A7D699,PAY_4349643F,ACCOUNTS_RECEIVABLE,1122900,CREDIT,2026-08-13T04:26:02Z
LDG_CDA54F5E,PAY_0D82A24A,ACCOUNTS_RECEIVABLE,327800,CREDIT,2026-08-25T05:25:50Z
LDG_D3810267,PAY_AB1F402A,ACCOUNTS_RECEIVABLE,1722900,CREDIT,2026-07-03T20:00:12Z
LDG_FF554C1F,PAY_9D61AC57,ACCOUNTS_RECEIVABLE,1370800,CREDIT,2026-08-29T12:38:15Z
LDG_D82A68B2,PAY_3BE36F12,ACCOUNTS_RECEIVABLE,864600,CREDIT,2026-08-11T20:45:31Z
LDG_4AA157FA,PAY_05522F60,ACCOUNTS_RECEIVABLE,853400,CREDIT,2026-09-01T00:07:05Z
LDG_2C2314EB,PAY_FAD1B754,ACCOUNTS_RECEIVABLE,106800,CREDIT,2026-07-19T11:05:30Z
LDG_9E5E16D9,PAY_F3017F6B,ACCOUNTS_RECEIVABLE,781100,CREDIT,2026-08-22T12:06:16Z
LDG_00C9B4AA,PAY_6ACD2F45,ACCOUNTS_RECEIVABLE,19600,CREDIT,2026-08-11T08:47:17Z
LDG_B177A2A9,PAY_4D527041,ACCOUNTS_RECEIVABLE,681400,CREDIT,2026-07-29T22:30:04Z
LDG_3965ED2D,PAY_31855214,ACCOUNTS_RECEIVABLE,1637700,CREDIT,2026-07-20T18:10:45Z
LDG_06572C1B,PAY_0901ACF1,ACCOUNTS_RECEIVABLE,125400,CREDIT,2026-08-22T11:20:35Z
LDG_53878D47,PAY_3A81E27C,ACCOUNTS_RECEIVABLE,1211900,CREDIT,2026-08-11T13:55:19Z
LDG_5C9DCAEB,PAY_F4DF0189,ACCOUNTS_RECEIVABLE,39900,CREDIT,2026-07-28T19:32:02Z
LDG_4EE93FA6,PAY_6A38FC13,ACCOUNTS_RECEIVABLE,1209300,CREDIT,2026-07-17T02:47:10Z
LDG_4BDFB9DB,PAY_FB29D508,ACCOUNTS_RECEIVABLE,220100,CREDIT,2026-08-08T01:58:16Z
LDG_E271F6F7,PAY_EDDC3A91,ACCOUNTS_RECEIVABLE,1529300,CREDIT,2026-07-28T21:05:46Z
LDG_F7E6A791,PAY_0A0C59CC,ACCOUNTS_RECEIVABLE,1019800,CREDIT,2026-07-29T17:42:54Z
LDG_5AFCBC5F,PAY_98817321,ACCOUNTS_RECEIVABLE,1544300,CREDIT,2026-07-02T00:51:50Z
LDG_6856AFDC,PAY_ACF9F71A,ACCOUNTS_RECEIVABLE,1849000,CREDIT,2026-07-14T00:52:53Z
LDG_AF25A3F4,PAY_13E65D0B,ACCOUNTS_RECEIVABLE,643000,CREDIT,2026-07-22T17:19:55Z
LDG_23B47C7D,PAY_6B5E907D,ACCOUNTS_RECEIVABLE,1603900,CREDIT,2026-07-17T04:21:37Z
LDG_3B96AE5C,PAY_3CC4DAF4,ACCOUNTS_RECEIVABLE,424300,CREDIT,2026-07-27T02:17:02Z
LDG_109A9D80,PAY_AB98F58C,ACCOUNTS_RECEIVABLE,836000,CREDIT,2026-07-29T12:51:18Z
LDG_E7A8CA42,PAY_F4DD11CE,ACCOUNTS_RECEIVABLE,1095200,CREDIT,2026-07-22T04:17:31Z
LDG_03E5A67F,PAY_0A70A1CC,ACCOUNTS_RECEIVABLE,1920600,CREDIT,2026-07-19T04:44:45Z
LDG_197FE36A,PAY_C2893970,ACCOUNTS_RECEIVABLE,1437600,CREDIT,2026-08-10T17:52:09Z
LDG_3478290C,PAY_FE182C63,ACCOUNTS_RECEIVABLE,1630400,CREDIT,2026-08-07T19:19:50Z
LDG_4CAA9E59,PAY_5BBEAF2D,ACCOUNTS_RECEIVABLE,1527800,CREDIT,2026-08-01T08:58:42Z
LDG_7286E72E,PAY_A21CE8A3,ACCOUNTS_RECEIVABLE,1770300,CREDIT,2026-08-06T14:23:13Z
LDG_286741FA,PAY_98F99B78,ACCOUNTS_RECEIVABLE,1387100,CREDIT,2026-07-19T10:11:21Z
LDG_C0B8C2F7,PAY_AC535E68,ACCOUNTS_RECEIVABLE,572600,CREDIT,2026-08-13T04:15:31Z
LDG_24D32C25,PAY_4A28CD14,ACCOUNTS_RECEIVABLE,649200,CREDIT,2026-07-15T16:46:23Z
LDG_166D9281,PAY_7114A61B,ACCOUNTS_RECEIVABLE,422400,CREDIT,2026-08-31T09:15:52Z
LDG_E96A922C,PAY_9F42EC01,ACCOUNTS_RECEIVABLE,1410300,CREDIT,2026-08-03T07:15:05Z
LDG_BF39A98C,PAY_CA98666A,ACCOUNTS_RECEIVABLE,517800,CREDIT,2026-08-16T22:35:00Z
LDG_B2662742,PAY_95CCBE6D,ACCOUNTS_RECEIVABLE,1859900,CREDIT,2026-07-06T01:53:39Z
LDG_3F1DBF05,PAY_3F874409,ACCOUNTS_RECEIVABLE,783800,CREDIT,2026-07-28T01:35:40Z
LDG_007573A7,PAY_8C5F015D,ACCOUNTS_RECEIVABLE,404900,CREDIT,2026-07-03T17:00:04Z
LDG_92F0A615,PAY_09C25980,ACCOUNTS_RECEIVABLE,1289600,CREDIT,2026-07-24T03:44:50Z
LDG_91B3EE88,PAY_527BBE41,ACCOUNTS_RECEIVABLE,1072600,CREDIT,2026-08-09T15:22:38Z
LDG_CB20E846,PAY_7F7B09CC,ACCOUNTS_RECEIVABLE,1080200,CREDIT,2026-08-25T04:32:04Z
LDG_3573E00C,PAY_309ACCE4,ACCOUNTS_RECEIVABLE,1505200,CREDIT,2026-07-09T06:31:43Z
LDG_BAA9E683,PAY_8BA19659,ACCOUNTS_RECEIVABLE,1771300,CREDIT,2026-08-17T21:13:42Z
LDG_6D0AA404,PAY_F9BE4371,ACCOUNTS_RECEIVABLE,986900,CREDIT,2026-08-05T19:16:32Z
LDG_0DB6B8EA,PAY_145733AB,ACCOUNTS_RECEIVABLE,1419000,CREDIT,2026-07-15T22:34:19Z
LDG_F67225FD,PAY_E45A128E,ACCOUNTS_RECEIVABLE,405600,CREDIT,2026-08-05T18:57:40Z
LDG_372F8797,PAY_EF7E36D8,ACCOUNTS_RECEIVABLE,1094800,CREDIT,2026-08-06T01:51:24Z
LDG_4B16C8E2,PAY_FB4D3FC8,ACCOUNTS_RECEIVABLE,1096700,CREDIT,2026-07-29T02:34:07Z
LDG_2BDACA74,PAY_7C9425CE,ACCOUNTS_RECEIVABLE,180400,CREDIT,2026-07-01T23:12:26Z
LDG_BC7DE901,PAY_7D5D4E4F,ACCOUNTS_RECEIVABLE,1559200,CREDIT,2026-08-23T23:21:37Z
LDG_C42F1521,PAY_E1ACDE0F,ACCOUNTS_RECEIVABLE,1187600,CREDIT,2026-08-09T22:27:15Z
LDG_105892AC,PAY_9F15A9BB,ACCOUNTS_RECEIVABLE,975900,CREDIT,2026-08-03T09:36:52Z
LDG_179DE7FF,PAY_481D9376,ACCOUNTS_RECEIVABLE,1012000,CREDIT,2026-08-25T03:59:18Z
LDG_96972904,PAY_39D544B3,ACCOUNTS_RECEIVABLE,1173700,CREDIT,2026-08-31T00:49:21Z
LDG_47DF9783,PAY_D4E91FC9,ACCOUNTS_RECEIVABLE,1798600,CREDIT,2026-08-18T04:52:39Z
LDG_C04C8179,PAY_947D9151,ACCOUNTS_RECEIVABLE,1802800,CREDIT,2026-07-01T19:45:54Z
LDG_38BBB02C,PAY_C778A6C3,ACCOUNTS_RECEIVABLE,373300,CREDIT,2026-08-17T02:20:20Z
LDG_6590408E,PAY_414C1585,ACCOUNTS_RECEIVABLE,1227400,CREDIT,2026-07-03T14:23:52Z
LDG_E477E5BD,PAY_FF96CBC7,ACCOUNTS_RECEIVABLE,631500,CREDIT,2026-07-16T06:11:46Z
LDG_AB8E551A,PAY_454DD87B,ACCOUNTS_RECEIVABLE,1670700,CREDIT,2026-08-19T04:06:39Z
LDG_84B22968,PAY_5D96C638,ACCOUNTS_RECEIVABLE,1368200,CREDIT,2026-07-06T09:24:58Z
LDG_4FE8B947,PAY_62764F4E,ACCOUNTS_RECEIVABLE,1766200,CREDIT,2026-08-18T05:54:01Z
LDG_66984C51,PAY_76958863,ACCOUNTS_RECEIVABLE,547700,CREDIT,2026-09-01T01:52:57Z
LDG_6E2B4EFD,PAY_3A105F6D,ACCOUNTS_RECEIVABLE,1333000,CREDIT,2026-08-12T04:12:05Z
LDG_10556C25,PAY_AE2AC892,ACCOUNTS_RECEIVABLE,1976400,CREDIT,2026-08-30T17:05:39Z
LDG_1DEEE35D,PAY_3C74C0C3,ACCOUNTS_RECEIVABLE,617500,CREDIT,2026-08-01T10:40:07Z
LDG_A798021F,PAY_B6EFCC71,ACCOUNTS_RECEIVABLE,1532700,CREDIT,2026-08-16T22:09:19Z
LDG_8AB05E2A,PAY_194410F1,ACCOUNTS_RECEIVABLE,1966900,CREDIT,2026-08-29T11:34:17Z
LDG_7BF6B49D,PAY_766F50AD,ACCOUNTS_RECEIVABLE,1156800,CREDIT,2026-07-04T18:07:54Z
LDG_E8172D93,PAY_CA101E62,ACCOUNTS_RECEIVABLE,1496300,CREDIT,2026-07-09T02:17:54Z
LDG_D2E094D9,PAY_47ED39C8,ACCOUNTS_RECEIVABLE,609100,CREDIT,2026-07-30T04:29:23Z
LDG_4F0D60AD,PAY_3A0CA86A,ACCOUNTS_RECEIVABLE,603800,CREDIT,2026-07-06T12:39:49Z
LDG_DDFEACF6,PAY_28C565EF,ACCOUNTS_RECEIVABLE,1985800,CREDIT,2026-08-31T19:52:27Z
LDG_65BB05C4,PAY_CAE4A0F6,ACCOUNTS_RECEIVABLE,1644000,CREDIT,2026-07-01T23:04:45Z
LDG_E1596407,PAY_613CE507,ACCOUNTS_RECEIVABLE,1771800,CREDIT,2026-07-03T19:58:51Z
LDG_A06FB707,PAY_46312F05,ACCOUNTS_RECEIVABLE,1975400,CREDIT,2026-07-15T18:28:18Z
LDG_D1A3A40C,PAY_0ED5F033,ACCOUNTS_RECEIVABLE,1433700,CREDIT,2026-07-23T03:58:28Z
LDG_B0776C41,PAY_DD37F273,ACCOUNTS_RECEIVABLE,79800,CREDIT,2026-07-23T23:40:33Z
LDG_EB2C3356,PAY_8F8FC715,ACCOUNTS_RECEIVABLE,32700,CREDIT,2026-08-10T02:50:52Z
LDG_44E38406,PAY_E56A712C,ACCOUNTS_RECEIVABLE,298300,CREDIT,2026-08-30T21:43:49Z
LDG_675B9D2F,PAY_10D06A97,ACCOUNTS_RECEIVABLE,861800,CREDIT,2026-08-22T13:05:49Z
LDG_464F4E64,PAY_1C93913B,ACCOUNTS_RECEIVABLE,1008800,CREDIT,2026-08-14T14:21:00Z
LDG_C8DC5425,PAY_3AB54FA6,ACCOUNTS_RECEIVABLE,913400,CREDIT,2026-07-24T06:12:05Z
LDG_A0D46D65,PAY_C37F6871,ACCOUNTS_RECEIVABLE,759700,CREDIT,2026-08-08T19:08:43Z
LDG_4A422024,PAY_8503DA70,ACCOUNTS_RECEIVABLE,1697200,CREDIT,2026-08-25T14:44:38Z
LDG_B5FBB866,PAY_B253AF39,ACCOUNTS_RECEIVABLE,1060600,CREDIT,2026-08-24T16:42:28Z
LDG_1EB85120,PAY_CA566C73,ACCOUNTS_RECEIVABLE,1572200,CREDIT,2026-08-26T03:00:04Z
LDG_1D07F987,PAY_17D602CB,ACCOUNTS_RECEIVABLE,1574800,CREDIT,2026-07-27T14:10:46Z
LDG_7E8F9608,PAY_10875D93,ACCOUNTS_RECEIVABLE,1274200,CREDIT,2026-07-15T02:59:33Z
LDG_0EB67A53,PAY_4B957F0C,ACCOUNTS_RECEIVABLE,1894000,CREDIT,2026-08-10T23:56:50Z
LDG_43B7ABEA,PAY_AAE42C96,ACCOUNTS_RECEIVABLE,245700,CREDIT,2026-08-10T22:26:52Z
LDG_8322D89F,PAY_8E28C7D3,ACCOUNTS_RECEIVABLE,1267900,CREDIT,2026-07-19T03:24:23Z
LDG_BCBE673C,PAY_7B88056E,ACCOUNTS_RECEIVABLE,1009200,CREDIT,2026-08-24T10:00:17Z
LDG_BAF63109,PAY_13F57916,ACCOUNTS_RECEIVABLE,196400,CREDIT,2026-08-12T09:57:35Z
LDG_A081311A,PAY_C2DDD2B3,ACCOUNTS_RECEIVABLE,1491300,CREDIT,2026-08-03T04:21:09Z
LDG_729198CE,PAY_A081C8DE,ACCOUNTS_RECEIVABLE,436500,CREDIT,2026-07-06T05:24:46Z
LDG_2413A645,PAY_02C95EA1,ACCOUNTS_RECEIVABLE,817400,CREDIT,2026-07-28T13:31:18Z
LDG_CFAE0E9A,PAY_CFD382B2,ACCOUNTS_RECEIVABLE,1040600,CREDIT,2026-08-15T11:51:17Z
LDG_AAA8F69A,PAY_A9D77566,ACCOUNTS_RECEIVABLE,841000,CREDIT,2026-08-23T06:34:22Z
LDG_713A2354,PAY_6CA2ADDB,ACCOUNTS_RECEIVABLE,380500,CREDIT,2026-07-15T19:28:03Z
LDG_6C8DAF06,PAY_4E007B0E,ACCOUNTS_RECEIVABLE,1974000,CREDIT,2026-08-26T15:06:03Z
LDG_9B06F6F9,PAY_2C3CFC36,ACCOUNTS_RECEIVABLE,584000,CREDIT,2026-08-31T05:24:27Z
LDG_3F8F1679,PAY_7B16036D,ACCOUNTS_RECEIVABLE,1937400,CREDIT,2026-07-05T16:40:02Z
LDG_59CD2A72,PAY_34E4AFA1,ACCOUNTS_RECEIVABLE,865400,CREDIT,2026-08-17T03:53:42Z
LDG_C3A21326,PAY_9F23FCEE,ACCOUNTS_RECEIVABLE,1477800,CREDIT,2026-08-03T13:58:29Z
LDG_F1DFFADB,PAY_95BBBB48,ACCOUNTS_RECEIVABLE,1976200,CREDIT,2026-07-29T05:55:02Z
LDG_065C25E7,PAY_8BFCAE32,ACCOUNTS_RECEIVABLE,1561000,CREDIT,2026-08-22T02:00:55Z
LDG_ACB168F5,PAY_CEC6E2A9,ACCOUNTS_RECEIVABLE,1412100,CREDIT,2026-07-07T05:13:32Z
LDG_95795930,PAY_A1AB1113,ACCOUNTS_RECEIVABLE,555700,CREDIT,2026-08-18T17:39:32Z
LDG_1F8CE343,PAY_B45A8FD5,ACCOUNTS_RECEIVABLE,769900,CREDIT,2026-08-11T21:00:14Z
LDG_4ACA2915,PAY_84F8777A,ACCOUNTS_RECEIVABLE,441500,CREDIT,2026-08-10T05:39:41Z
LDG_72BEB130,PAY_27783BD1,ACCOUNTS_RECEIVABLE,467300,CREDIT,2026-08-06T16:48:32Z
LDG_68423CB7,PAY_7A6CFA4E,ACCOUNTS_RECEIVABLE,1247300,CREDIT,2026-08-12T10:53:25Z
LDG_4257227A,PAY_8E030A1E,ACCOUNTS_RECEIVABLE,1308700,CREDIT,2026-08-12T09:45:47Z
LDG_E479D780,PAY_5BF555FB,ACCOUNTS_RECEIVABLE,168000,CREDIT,2026-08-23T02:14:12Z
LDG_2BF36F5F,PAY_07A46C8F,ACCOUNTS_RECEIVABLE,503500,CREDIT,2026-07-01T00:26:11Z
LDG_27BF0D31,PAY_C1D3AC51,ACCOUNTS_RECEIVABLE,1972000,CREDIT,2026-08-16T04:28:25Z
LDG_0A5B666A,PAY_D50127C9,ACCOUNTS_RECEIVABLE,1177900,CREDIT,2026-08-28T16:49:14Z
LDG_7BB2887D,PAY_8406CAE3,ACCOUNTS_RECEIVABLE,156500,CREDIT,2026-07-16T09:54:25Z
LDG_E0F359E5,PAY_6F292AEB,ACCOUNTS_RECEIVABLE,736200,CREDIT,2026-07-22T18:50:39Z
LDG_30F27B05,PAY_B8C0C0C7,ACCOUNTS_RECEIVABLE,1684500,CREDIT,2026-07-11T22:36:33Z
LDG_18EDF5C2,PAY_8A290B9B,ACCOUNTS_RECEIVABLE,1620100,CREDIT,2026-07-01T05:08:32Z
LDG_386D29C7,PAY_22871B23,ACCOUNTS_RECEIVABLE,1771400,CREDIT,2026-08-07T11:35:30Z
LDG_4F1D0032,PAY_53470CD7,ACCOUNTS_RECEIVABLE,337400,CREDIT,2026-07-15T14:42:02Z
LDG_B97FD6A4,PAY_5F70187C,ACCOUNTS_RECEIVABLE,1847000,CREDIT,2026-08-05T00:49:42Z
LDG_F1503BC2,PAY_F13261DB,ACCOUNTS_RECEIVABLE,157700,CREDIT,2026-07-19T17:06:53Z
LDG_1B949798,PAY_21B6C5A4,ACCOUNTS_RECEIVABLE,10400,CREDIT,2026-08-31T22:04:56Z
LDG_978D21ED,PAY_E76794B8,ACCOUNTS_RECEIVABLE,1608800,CREDIT,2026-08-15T11:25:33Z
LDG_D17EC129,PAY_417A6569,ACCOUNTS_RECEIVABLE,86000,CREDIT,2026-07-22T23:04:21Z
LDG_3602E3EC,PAY_A3C9D39F,ACCOUNTS_RECEIVABLE,715500,CREDIT,2026-07-07T11:54:57Z
LDG_7F8F44D3,PAY_2B1A7446,ACCOUNTS_RECEIVABLE,704700,CREDIT,2026-08-03T19:39:42Z
LDG_8D88F48B,PAY_05BF58D9,ACCOUNTS_RECEIVABLE,418700,CREDIT,2026-09-01T07:18:45Z
LDG_F99961DB,PAY_4A5E6E13,ACCOUNTS_RECEIVABLE,1574700,CREDIT,2026-07-22T20:57:11Z
LDG_8CF4C9B7,PAY_3D44BD82,ACCOUNTS_RECEIVABLE,870200,CREDIT,2026-08-30T22:53:57Z
LDG_EF92B070,PAY_DA6B615D,ACCOUNTS_RECEIVABLE,1471400,CREDIT,2026-08-24T13:26:24Z
LDG_D1E61610,PAY_4DF71C24,ACCOUNTS_RECEIVABLE,1347400,CREDIT,2026-08-18T06:16:42Z
LDG_AB4003BF,PAY_CFE94A56,ACCOUNTS_RECEIVABLE,633000,CREDIT,2026-08-23T13:17:50Z
LDG_CCC6236F,PAY_CFAF1BC8,ACCOUNTS_RECEIVABLE,1073100,CREDIT,2026-07-29T15:16:48Z
LDG_8E3BB148,PAY_DDA4DD65,ACCOUNTS_RECEIVABLE,384900,CREDIT,2026-07-03T19:39:39Z
LDG_55BD15B9,PAY_0C2DB1E9,ACCOUNTS_RECEIVABLE,282300,CREDIT,2026-07-12T23:15:47Z
LDG_E41D28AA,PAY_AF64936D,ACCOUNTS_RECEIVABLE,281600,CREDIT,2026-08-29T22:07:05Z
LDG_E858B90B,PAY_600E50F6,ACCOUNTS_RECEIVABLE,344000,CREDIT,2026-08-18T18:04:41Z
LDG_1B69F452,PAY_4B78C54D,ACCOUNTS_RECEIVABLE,357000,CREDIT,2026-07-29T14:10:23Z
LDG_3DE43797,PAY_7E2AF541,ACCOUNTS_RECEIVABLE,269800,CREDIT,2026-07-11T15:55:56Z
LDG_B3E4318F,PAY_43424CEF,ACCOUNTS_RECEIVABLE,1828900,CREDIT,2026-07-18T19:56:09Z
LDG_2A93AFE6,PAY_D58083C8,ACCOUNTS_RECEIVABLE,923000,CREDIT,2026-07-12T03:54:42Z
LDG_668FDCE0,PAY_749D4056,ACCOUNTS_RECEIVABLE,1241500,CREDIT,2026-08-18T04:23:44Z
LDG_38080A6B,PAY_BEEAC3B0,ACCOUNTS_RECEIVABLE,1926000,CREDIT,2026-08-27T02:08:09Z
LDG_F4C8ACBA,PAY_3ADF58B0,ACCOUNTS_RECEIVABLE,1133000,CREDIT,2026-07-23T19:57:53Z
LDG_9B30E950,PAY_308BF0A1,ACCOUNTS_RECEIVABLE,1399100,CREDIT,2026-07-21T18:02:12Z
LDG_3C4D79F4,PAY_38D7605E,ACCOUNTS_RECEIVABLE,706700,CREDIT,2026-08-13T22:20:38Z
LDG_45397EA4,PAY_BE5B12D1,ACCOUNTS_RECEIVABLE,704300,CREDIT,2026-08-21T02:12:35Z
LDG_0ECA645F,PAY_F17E843A,ACCOUNTS_RECEIVABLE,1170900,CREDIT,2026-07-23T01:20:41Z
LDG_4CB8F883,PAY_7A23709E,ACCOUNTS_RECEIVABLE,1662100,CREDIT,2026-07-23T22:30:13Z
LDG_E93BE655,PAY_E9CF4A60,ACCOUNTS_RECEIVABLE,1631900,CREDIT,2026-08-07T22:05:05Z
LDG_E1E6C797,PAY_FBC2BD60,ACCOUNTS_RECEIVABLE,1535800,CREDIT,2026-08-15T21:40:51Z
LDG_644412CC,PAY_AF41E357,ACCOUNTS_RECEIVABLE,1000100,CREDIT,2026-08-05T19:43:33Z
LDG_77B4891D,PAY_ACE45807,ACCOUNTS_RECEIVABLE,775100,CREDIT,2026-07-21T09:31:10Z
LDG_895A51E1,PAY_CD9FF717,ACCOUNTS_RECEIVABLE,1429800,CREDIT,2026-08-09T21:27:31Z
LDG_7DB1A78F,PAY_84D0BF2C,ACCOUNTS_RECEIVABLE,639400,CREDIT,2026-08-06T06:05:08Z
LDG_8DB87164,PAY_937B3CA5,ACCOUNTS_RECEIVABLE,1102200,CREDIT,2026-07-19T14:34:55Z
LDG_870E8375,PAY_0B85A22E,ACCOUNTS_RECEIVABLE,1595300,CREDIT,2026-07-23T21:07:02Z
LDG_1707F19C,PAY_F4CBA63E,ACCOUNTS_RECEIVABLE,1261600,CREDIT,2026-07-18T14:17:00Z
LDG_4DE851F2,PAY_FE88769D,ACCOUNTS_RECEIVABLE,1317900,CREDIT,2026-08-05T21:48:52Z
LDG_0F515555,PAY_ED7897D6,ACCOUNTS_RECEIVABLE,1374600,CREDIT,2026-08-08T12:26:47Z
LDG_F0C96415,PAY_2CC09356,ACCOUNTS_RECEIVABLE,310900,CREDIT,2026-08-20T14:04:02Z
LDG_670DA73F,PAY_440B7E62,ACCOUNTS_RECEIVABLE,1105800,CREDIT,2026-07-15T08:57:41Z
LDG_DFE74DC9,PAY_C3A97362,ACCOUNTS_RECEIVABLE,1165700,CREDIT,2026-07-10T13:43:17Z
LDG_C5F7E94F,PAY_20110662,ACCOUNTS_RECEIVABLE,493500,CREDIT,2026-08-06T23:55:31Z
LDG_94A29B40,PAY_939F1D8D,ACCOUNTS_RECEIVABLE,1632000,CREDIT,2026-07-12T02:59:23Z
LDG_91DD51FF,PAY_EA0B6D08,ACCOUNTS_RECEIVABLE,873600,CREDIT,2026-08-07T13:34:50Z
LDG_36776199,PAY_AD87E891,ACCOUNTS_RECEIVABLE,232500,CREDIT,2026-08-24T07:33:57Z
LDG_DB13503B,PAY_5355208C,ACCOUNTS_RECEIVABLE,1239600,CREDIT,2026-08-06T22:52:32Z
LDG_64CC0B38,PAY_BD3839CC,ACCOUNTS_RECEIVABLE,919100,CREDIT,2026-07-28T15:10:11Z
LDG_B092BC8A,PAY_F65D405F,ACCOUNTS_RECEIVABLE,1778300,CREDIT,2026-07-18T12:36:37Z
LDG_8F0FA6C1,PAY_4B845D6F,ACCOUNTS_RECEIVABLE,261600,CREDIT,2026-09-01T14:30:15Z
LDG_F926DE4C,PAY_413123DC,ACCOUNTS_RECEIVABLE,129700,CREDIT,2026-08-08T20:24:14Z
LDG_F4C80BCE,PAY_A689EDE8,ACCOUNTS_RECEIVABLE,22900,CREDIT,2026-07-20T07:49:50Z
LDG_27D862E9,PAY_EAB33CEC,ACCOUNTS_RECEIVABLE,1994100,CREDIT,2026-07-18T14:37:26Z
LDG_C9D6ED8B,PAY_8CDF5D79,ACCOUNTS_RECEIVABLE,1492100,CREDIT,2026-07-01T06:49:18Z
LDG_1564707E,PAY_7C428726,ACCOUNTS_RECEIVABLE,1079800,CREDIT,2026-07-22T08:42:05Z
LDG_2E5F5A93,PAY_49C39805,ACCOUNTS_RECEIVABLE,67300,CREDIT,2026-07-13T00:05:16Z
LDG_58B12999,PAY_BA8A2E88,ACCOUNTS_RECEIVABLE,1973700,CREDIT,2026-07-03T12:07:57Z
LDG_74D74409,PAY_23652806,ACCOUNTS_RECEIVABLE,1657600,CREDIT,2026-07-24T07:11:11Z
LDG_0638A40E,PAY_DF1A1568,ACCOUNTS_RECEIVABLE,544200,CREDIT,2026-07-08T04:55:22Z
LDG_54E6428A,PAY_C7D49D1D,ACCOUNTS_RECEIVABLE,1929500,CREDIT,2026-08-01T00:09:33Z
LDG_AC6A2AA9,PAY_FDF2E548,ACCOUNTS_RECEIVABLE,47000,CREDIT,2026-07-14T00:03:56Z
LDG_802A8228,PAY_761ADBF9,ACCOUNTS_RECEIVABLE,1367800,CREDIT,2026-08-28T17:35:10Z
LDG_77B063C6,PAY_2615847D,ACCOUNTS_RECEIVABLE,1510300,CREDIT,2026-08-21T22:44:05Z
LDG_8591F416,PAY_A78B5568,ACCOUNTS_RECEIVABLE,510700,CREDIT,2026-08-21T11:01:25Z
LDG_D1AA4034,PAY_3A59F21B,ACCOUNTS_RECEIVABLE,949500,CREDIT,2026-07-27T13:20:49Z
LDG_5D044FE3,PAY_A11923C0,ACCOUNTS_RECEIVABLE,1275200,CREDIT,2026-07-02T07:46:12Z
LDG_20BF78DC,PAY_28C9D3B4,ACCOUNTS_RECEIVABLE,199600,CREDIT,2026-07-06T12:32:41Z
LDG_02DE7E38,PAY_6A6695E6,ACCOUNTS_RECEIVABLE,1298100,CREDIT,2026-07-26T13:28:19Z
LDG_6DADA0E8,PAY_11115C95,ACCOUNTS_RECEIVABLE,1623800,CREDIT,2026-07-23T12:56:55Z
LDG_D9D124CA,PAY_830FB60C,ACCOUNTS_RECEIVABLE,500600,CREDIT,2026-08-03T00:48:24Z
LDG_D7250C99,PAY_29486218,ACCOUNTS_RECEIVABLE,462900,CREDIT,2026-08-30T03:45:16Z
LDG_340A9DB7,PAY_34DA1F78,ACCOUNTS_RECEIVABLE,1240700,CREDIT,2026-07-11T18:30:33Z
LDG_FEBD7822,PAY_01B7BBF4,ACCOUNTS_RECEIVABLE,1898300,CREDIT,2026-07-25T10:47:15Z
LDG_EF731346,PAY_E2C6B605,ACCOUNTS_RECEIVABLE,1349800,CREDIT,2026-07-31T03:58:01Z
LDG_07BE42BC,PAY_92B8D361,ACCOUNTS_RECEIVABLE,1858200,CREDIT,2026-08-11T21:38:56Z
LDG_1D834A8E,PAY_6886B839,ACCOUNTS_RECEIVABLE,1143800,CREDIT,2026-07-18T05:48:56Z
LDG_C4646E52,PAY_F7D659B3,ACCOUNTS_RECEIVABLE,1030500,CREDIT,2026-08-10T10:16:54Z
LDG_44AA8186,PAY_C1566A21,ACCOUNTS_RECEIVABLE,1254000,CREDIT,2026-07-18T03:27:59Z
LDG_2D9481F3,PAY_B8227089,ACCOUNTS_RECEIVABLE,5500000,CREDIT,2026-08-14T22:54:19Z
LDG_AD2D3C57,PAY_0982454C,ACCOUNTS_RECEIVABLE,1171500,CREDIT,2026-08-25T08:00:26Z
LDG_CD860995,PAY_79289E1F,ACCOUNTS_RECEIVABLE,1316400,CREDIT,2026-08-25T23:37:08Z
LDG_8339515C,PAY_CF310F3F,ACCOUNTS_RECEIVABLE,57200,CREDIT,2026-08-04T07:26:06Z
LDG_1A47FD96,PAY_4980F05E,ACCOUNTS_RECEIVABLE,125600,CREDIT,2026-08-22T06:09:56Z
LDG_16688597,PAY_50537050,ACCOUNTS_RECEIVABLE,1788700,CREDIT,2026-08-14T19:43:47Z
LDG_B60C042D,PAY_F137096E,ACCOUNTS_RECEIVABLE,234000,CREDIT,2026-07-04T18:23:05Z
LDG_61C2E60F,PAY_6636B5D3,ACCOUNTS_RECEIVABLE,1327200,CREDIT,2026-08-29T04:23:46Z
LDG_B0367647,PAY_760ADEEB,ACCOUNTS_RECEIVABLE,1851600,CREDIT,2026-07-30T16:56:25Z
LDG_F8896828,PAY_341E8F7B,ACCOUNTS_RECEIVABLE,1258600,CREDIT,2026-07-01T12:14:26Z
LDG_CB01C34A,PAY_8E0F7986,ACCOUNTS_RECEIVABLE,1664100,CREDIT,2026-07-02T05:28:25Z
LDG_685F058F,PAY_410A8CC1,ACCOUNTS_RECEIVABLE,854700,CREDIT,2026-08-14T20:56:38Z
LDG_A63D23F5,PAY_1B00FCF3,ACCOUNTS_RECEIVABLE,619400,CREDIT,2026-08-31T05:04:44Z
LDG_8C67A745,PAY_1030207C,ACCOUNTS_RECEIVABLE,1604100,CREDIT,2026-08-16T22:21:58Z
LDG_F7EC3E7A,PAY_3A952411,ACCOUNTS_RECEIVABLE,1046100,CREDIT,2026-08-03T08:15:24Z
LDG_0BDA20B1,PAY_0ABF5D0B,ACCOUNTS_RECEIVABLE,1723700,CREDIT,2026-07-07T13:56:32Z
LDG_A00CB89A,PAY_2A997C19,ACCOUNTS_RECEIVABLE,1359600,CREDIT,2026-07-22T04:53:06Z
LDG_8A573DBE,PAY_E6859516,ACCOUNTS_RECEIVABLE,272200,CREDIT,2026-07-10T15:21:28Z
LDG_0FD71056,PAY_460DE28C,ACCOUNTS_RECEIVABLE,496600,CREDIT,2026-07-13T10:52:07Z
LDG_2F81FF82,PAY_65481CB3,ACCOUNTS_RECEIVABLE,1360400,CREDIT,2026-07-12T14:02:58Z
LDG_3EE13624,PAY_FBFBEC16,ACCOUNTS_RECEIVABLE,1771600,CREDIT,2026-07-11T09:19:14Z
LDG_5221FCBD,PAY_62802ED9,ACCOUNTS_RECEIVABLE,792100,CREDIT,2026-07-11T04:03:35Z
LDG_21872F32,PAY_2966CD46,ACCOUNTS_RECEIVABLE,1062100,CREDIT,2026-08-30T20:25:40Z
LDG_ECCB9434,PAY_18451349,ACCOUNTS_RECEIVABLE,1747900,CREDIT,2026-08-21T13:32:44Z
LDG_E204B5BB,PAY_9D5CEC9C,ACCOUNTS_RECEIVABLE,421800,CREDIT,2026-08-21T16:26:54Z
LDG_72FCC25F,PAY_B0755EC1,ACCOUNTS_RECEIVABLE,385800,CREDIT,2026-07-02T05:23:28Z
LDG_C694C520,PAY_93B02633,ACCOUNTS_RECEIVABLE,557100,CREDIT,2026-08-24T18:03:33Z
LDG_82628323,PAY_F8BCC7A1,ACCOUNTS_RECEIVABLE,41800,CREDIT,2026-07-06T05:17:01Z
LDG_E532DDFD,PAY_35657835,ACCOUNTS_RECEIVABLE,1953300,CREDIT,2026-08-31T08:29:09Z
LDG_C6AEBF39,PAY_A4A42748,ACCOUNTS_RECEIVABLE,253500,CREDIT,2026-07-21T22:56:15Z
LDG_8C2B0DD8,PAY_2CCD069F,ACCOUNTS_RECEIVABLE,1300600,CREDIT,2026-07-01T03:53:31Z
LDG_12629D5D,PAY_62B21831,ACCOUNTS_RECEIVABLE,698700,CREDIT,2026-07-24T18:16:25Z
LDG_87095586,PAY_FFCE7941,ACCOUNTS_RECEIVABLE,649900,CREDIT,2026-08-16T08:41:51Z
LDG_F216BA05,PAY_75BFEE7C,ACCOUNTS_RECEIVABLE,358600,CREDIT,2026-09-01T09:39:31Z
LDG_E40E3FF4,PAY_B8C3F81A,ACCOUNTS_RECEIVABLE,361400,CREDIT,2026-07-13T22:29:58Z
LDG_3D786180,PAY_D04AAC70,ACCOUNTS_RECEIVABLE,1403800,CREDIT,2026-07-22T01:41:49Z
LDG_060C4E6B,PAY_6ED7D5FC,ACCOUNTS_RECEIVABLE,1552400,CREDIT,2026-07-09T08:35:29Z
LDG_20C9B55F,PAY_D1EA5F1A,ACCOUNTS_RECEIVABLE,983600,CREDIT,2026-08-12T15:06:57Z
LDG_EFEBE7CC,PAY_E5E4ADDA,ACCOUNTS_RECEIVABLE,953700,CREDIT,2026-07-01T00:03:05Z
LDG_D8562566,PAY_942F2C9E,ACCOUNTS_RECEIVABLE,1435800,CREDIT,2026-07-16T05:03:38Z
LDG_B6EF1644,PAY_A4D2F0FF,ACCOUNTS_RECEIVABLE,437500,CREDIT,2026-08-10T20:05:14Z
LDG_3FADD0B8,PAY_182B7793,ACCOUNTS_RECEIVABLE,218600,CREDIT,2026-08-12T03:37:15Z
LDG_BD2365F1,PAY_F30AC26B,ACCOUNTS_RECEIVABLE,840900,CREDIT,2026-07-29T21:06:00Z
LDG_4CA67C47,PAY_B7653223,ACCOUNTS_RECEIVABLE,1284500,CREDIT,2026-08-05T17:23:34Z
LDG_6CB3B1F2,PAY_7901C1B0,ACCOUNTS_RECEIVABLE,418700,CREDIT,2026-07-03T15:32:06Z
LDG_51094F2F,PAY_7CD91E91,ACCOUNTS_RECEIVABLE,270000,CREDIT,2026-08-16T05:08:04Z
LDG_185207A5,PAY_737E5FE9,ACCOUNTS_RECEIVABLE,1213100,CREDIT,2026-08-14T11:43:07Z
LDG_4947F8A9,PAY_1B7B2F62,ACCOUNTS_RECEIVABLE,501900,CREDIT,2026-08-06T09:19:25Z
LDG_1CB17A43,PAY_2E374518,ACCOUNTS_RECEIVABLE,1899900,CREDIT,2026-08-12T07:31:47Z
LDG_FB7B2C0B,PAY_67353659,ACCOUNTS_RECEIVABLE,1249700,CREDIT,2026-07-14T20:48:06Z
LDG_CB97AD54,PAY_162082FA,ACCOUNTS_RECEIVABLE,1297700,CREDIT,2026-08-19T09:48:30Z
LDG_7E9E25D9,PAY_2645472E,ACCOUNTS_RECEIVABLE,569900,CREDIT,2026-07-13T19:58:10Z
LDG_DE2A5B21,PAY_C40CC4B7,ACCOUNTS_RECEIVABLE,1872700,CREDIT,2026-08-10T01:02:00Z
LDG_4AF20FF2,PAY_354DAFC0,ACCOUNTS_RECEIVABLE,252700,CREDIT,2026-07-26T15:53:26Z
LDG_369E00F4,PAY_C5EC4C2E,ACCOUNTS_RECEIVABLE,1123000,CREDIT,2026-08-30T06:08:22Z
LDG_CA800C81,PAY_253F839E,ACCOUNTS_RECEIVABLE,1319100,CREDIT,2026-08-21T10:06:37Z
LDG_53E6B261,PAY_657E2FD6,ACCOUNTS_RECEIVABLE,1535900,CREDIT,2026-07-12T18:11:42Z
LDG_89790386,PAY_465ECF86,ACCOUNTS_RECEIVABLE,288000,CREDIT,2026-07-23T10:11:11Z
LDG_2E16B037,PAY_34893A32,ACCOUNTS_RECEIVABLE,1384900,CREDIT,2026-07-13T11:55:11Z
LDG_0E62D118,PAY_BD0E581D,ACCOUNTS_RECEIVABLE,625800,CREDIT,2026-07-21T05:05:29Z
LDG_9C6C707D,PAY_CCC6A722,ACCOUNTS_RECEIVABLE,195600,CREDIT,2026-07-15T14:30:57Z
LDG_65ABBAAD,PAY_E1EC4D3F,ACCOUNTS_RECEIVABLE,1097400,CREDIT,2026-07-03T10:26:42Z
LDG_18EC6944,PAY_B14F212F,ACCOUNTS_RECEIVABLE,373200,CREDIT,2026-08-26T11:22:18Z
LDG_23A03569,PAY_3FF4A80F,ACCOUNTS_RECEIVABLE,326500,CREDIT,2026-08-06T08:00:18Z
LDG_2B0750C0,PAY_9C417DC2,ACCOUNTS_RECEIVABLE,1227700,CREDIT,2026-08-02T08:24:23Z
LDG_2CB9934A,PAY_7AB62887,ACCOUNTS_RECEIVABLE,1686300,CREDIT,2026-07-03T23:38:30Z
LDG_4AD917A2,PAY_F6B701C6,ACCOUNTS_RECEIVABLE,811900,CREDIT,2026-07-02T13:16:03Z
LDG_E0CD5D56,PAY_03844A30,ACCOUNTS_RECEIVABLE,1109800,CREDIT,2026-08-27T13:37:52Z
LDG_0D2749FA,PAY_771E1920,ACCOUNTS_RECEIVABLE,1825500,CREDIT,2026-08-12T23:23:37Z
LDG_F33364E1,PAY_DBC10264,ACCOUNTS_RECEIVABLE,331400,CREDIT,2026-08-27T06:02:02Z
LDG_A44DAA98,PAY_5ADB99D1,ACCOUNTS_RECEIVABLE,1793200,CREDIT,2026-07-16T14:45:54Z
LDG_1B328CC4,PAY_0B01895E,ACCOUNTS_RECEIVABLE,737000,CREDIT,2026-07-12T19:40:43Z
LDG_295B5FCF,PAY_56BDC176,ACCOUNTS_RECEIVABLE,274500,CREDIT,2026-07-03T00:53:35Z
LDG_74B18713,PAY_76FA154C,ACCOUNTS_RECEIVABLE,1761200,CREDIT,2026-07-01T22:35:33Z
LDG_DD690795,PAY_B7B1115C,ACCOUNTS_RECEIVABLE,1951800,CREDIT,2026-08-15T18:39:36Z
LDG_07D89F68,PAY_E20EA7B9,ACCOUNTS_RECEIVABLE,5500000,CREDIT,2026-07-12T12:53:16Z
LDG_8B4F6B71,PAY_C31A7283,ACCOUNTS_RECEIVABLE,947300,CREDIT,2026-08-16T19:33:14Z
LDG_1C56A605,PAY_57FADE28,ACCOUNTS_RECEIVABLE,968600,CREDIT,2026-07-06T22:02:15Z
LDG_BDD71CDE,PAY_6D5B31C9,ACCOUNTS_RECEIVABLE,692900,CREDIT,2026-08-05T05:12:00Z
LDG_142390C8,PAY_B8F3A6BE,ACCOUNTS_RECEIVABLE,1063500,CREDIT,2026-07-12T23:01:52Z
LDG_9DD62ACE,PAY_820F71A5,ACCOUNTS_RECEIVABLE,232700,CREDIT,2026-07-23T19:49:29Z
LDG_6A4346D6,PAY_BEE204A0,ACCOUNTS_RECEIVABLE,1853100,CREDIT,2026-08-19T03:44:41Z
LDG_068DF9E0,PAY_7AC5A116,ACCOUNTS_RECEIVABLE,982400,CREDIT,2026-07-25T12:28:23Z
LDG_9F3ECA74,PAY_4C48A8AE,ACCOUNTS_RECEIVABLE,1045300,CREDIT,2026-08-15T10:18:35Z
LDG_EE2939B9,PAY_46B85E7D,ACCOUNTS_RECEIVABLE,1884400,CREDIT,2026-08-13T05:52:36Z
LDG_E4F560DA,PAY_E2EBD60A,ACCOUNTS_RECEIVABLE,594700,CREDIT,2026-08-28T21:36:34Z
LDG_344C1798,PAY_1173F450,ACCOUNTS_RECEIVABLE,416000,CREDIT,2026-08-17T07:23:10Z
LDG_3C636A5F,PAY_EE79945C,ACCOUNTS_RECEIVABLE,186700,CREDIT,2026-08-18T09:11:40Z
LDG_0C79FE52,PAY_D3358455,ACCOUNTS_RECEIVABLE,524500,CREDIT,2026-08-13T18:38:16Z
LDG_4843E192,PAY_DEB4C059,ACCOUNTS_RECEIVABLE,1433900,CREDIT,2026-08-28T01:31:27Z
LDG_76AE815C,PAY_ED86FE5E,ACCOUNTS_RECEIVABLE,1268700,CREDIT,2026-07-03T02:33:46Z
LDG_95192D7F,PAY_9BEE5F3D,ACCOUNTS_RECEIVABLE,1916400,CREDIT,2026-08-15T11:03:17Z
LDG_6DFCAECC,PAY_4C99FC14,ACCOUNTS_RECEIVABLE,90200,CREDIT,2026-07-06T01:35:42Z
LDG_0772F65C,PAY_C1089157,ACCOUNTS_RECEIVABLE,825100,CREDIT,2026-08-07T10:33:03Z
LDG_3D3A8537,PAY_CBE440BB,ACCOUNTS_RECEIVABLE,492900,CREDIT,2026-08-09T01:16:18Z
LDG_89A9F9E9,PAY_9A10C407,ACCOUNTS_RECEIVABLE,478600,CREDIT,2026-08-30T01:43:32Z
LDG_4269BB65,PAY_F710C552,ACCOUNTS_RECEIVABLE,330300,CREDIT,2026-07-27T12:39:46Z
LDG_BC23E650,PAY_337AA91E,ACCOUNTS_RECEIVABLE,1211400,CREDIT,2026-08-03T03:02:31Z
LDG_86BED0F0,PAY_33808748,ACCOUNTS_RECEIVABLE,264000,CREDIT,2026-07-30T13:59:05Z
LDG_450BF536,PAY_743D33D4,ACCOUNTS_RECEIVABLE,1035900,CREDIT,2026-08-08T21:02:00Z
LDG_3420D82C,PAY_9F40ED52,ACCOUNTS_RECEIVABLE,851900,CREDIT,2026-07-01T01:24:14Z
LDG_36C8435E,PAY_84451876,ACCOUNTS_RECEIVABLE,1833800,CREDIT,2026-08-27T05:53:37Z
LDG_83CE8CDF,PAY_B831BEC7,ACCOUNTS_RECEIVABLE,302400,CREDIT,2026-07-03T03:14:25Z
LDG_65967CCD,PAY_F8987331,ACCOUNTS_RECEIVABLE,730100,CREDIT,2026-08-27T03:25:04Z
LDG_6D43B3DF,PAY_66C38E8A,ACCOUNTS_RECEIVABLE,593600,CREDIT,2026-07-23T03:31:12Z
LDG_D83367E8,PAY_2D1910FF,ACCOUNTS_RECEIVABLE,87700,CREDIT,2026-07-15T01:37:21Z
LDG_108F0491,PAY_8C11E6C7,ACCOUNTS_RECEIVABLE,610300,CREDIT,2026-08-30T02:38:01Z
LDG_0A210BC1,PAY_3438A31D,ACCOUNTS_RECEIVABLE,740000,CREDIT,2026-08-24T05:22:08Z
LDG_D543AEAE,PAY_0F5603C3,ACCOUNTS_RECEIVABLE,1629000,CREDIT,2026-08-06T06:45:16Z
LDG_A80DA26B,PAY_777E8347,ACCOUNTS_RECEIVABLE,970500,CREDIT,2026-08-15T00:00:36Z
LDG_26CD969D,PAY_46138C3B,ACCOUNTS_RECEIVABLE,1339000,CREDIT,2026-08-25T04:43:17Z
LDG_40F84A30,PAY_036DFC8D,ACCOUNTS_RECEIVABLE,1769200,CREDIT,2026-08-24T03:07:03Z
LDG_6CED2753,PAY_89BF773D,ACCOUNTS_RECEIVABLE,977600,CREDIT,2026-07-16T10:26:39Z
LDG_86BA21B6,PAY_4AE62803,ACCOUNTS_RECEIVABLE,1978300,CREDIT,2026-07-28T02:19:31Z
LDG_5CBA780E,PAY_222F8974,ACCOUNTS_RECEIVABLE,384200,CREDIT,2026-08-03T21:43:52Z
LDG_D8378B7C,PAY_0F6DFFEB,ACCOUNTS_RECEIVABLE,30000000,CREDIT,2026-07-26T14:19:15Z
LDG_FD3E8A52,PAY_D4F08408,ACCOUNTS_RECEIVABLE,1404000,CREDIT,2026-08-16T00:46:24Z
LDG_149CF09F,PAY_4745979B,ACCOUNTS_RECEIVABLE,1476000,CREDIT,2026-08-29T13:26:55Z
LDG_5D4FC8A4,PAY_43B4BB7C,ACCOUNTS_RECEIVABLE,352300,CREDIT,2026-08-24T07:40:30Z
LDG_A4447A7D,PAY_FA8659B1,ACCOUNTS_RECEIVABLE,124300,CREDIT,2026-07-17T10:14:56Z
LDG_081239C7,PAY_DC7E9C5C,ACCOUNTS_RECEIVABLE,1904000,CREDIT,2026-08-16T14:06:48Z
LDG_A4DCB798,PAY_514CC81B,ACCOUNTS_RECEIVABLE,895700,CREDIT,2026-07-30T17:24:58Z
LDG_8E99A5F6,PAY_C46CA395,ACCOUNTS_RECEIVABLE,1246000,CREDIT,2026-07-14T15:07:50Z
LDG_A32A2F1C,PAY_B5ACFA98,ACCOUNTS_RECEIVABLE,1109800,CREDIT,2026-07-27T05:41:18Z
LDG_FEDEFDFD,PAY_7F1965F2,ACCOUNTS_RECEIVABLE,1480700,CREDIT,2026-08-23T16:29:51Z
LDG_E2245EC6,PAY_3F0C9C0E,ACCOUNTS_RECEIVABLE,1217700,CREDIT,2026-07-22T12:17:36Z
LDG_C1B2FD2F,PAY_5B461A4A,ACCOUNTS_RECEIVABLE,38400,CREDIT,2026-08-07T12:12:09Z
LDG_4F8B773D,PAY_493494ED,ACCOUNTS_RECEIVABLE,785000,CREDIT,2026-08-20T06:26:29Z
LDG_8F368516,PAY_C9800408,ACCOUNTS_RECEIVABLE,423600,CREDIT,2026-07-28T22:32:52Z
LDG_60F962BE,PAY_38AC4A3E,ACCOUNTS_RECEIVABLE,306000,CREDIT,2026-07-16T02:36:18Z
LDG_B20036D7,PAY_193B2E8B,ACCOUNTS_RECEIVABLE,1722700,CREDIT,2026-08-17T19:29:22Z
LDG_42DF67EB,PAY_C76E6EDD,ACCOUNTS_RECEIVABLE,554000,CREDIT,2026-08-03T02:32:36Z
LDG_DD163F77,PAY_0324BF5D,ACCOUNTS_RECEIVABLE,861100,CREDIT,2026-07-05T04:56:02Z
LDG_58B4B7D0,PAY_6E29A1DB,ACCOUNTS_RECEIVABLE,90300,CREDIT,2026-08-03T23:05:01Z
LDG_8D0AA8B8,PAY_AE1D9C3F,ACCOUNTS_RECEIVABLE,1577500,CREDIT,2026-08-05T12:36:44Z
LDG_302E17F9,PAY_1D6CDF8D,ACCOUNTS_RECEIVABLE,1142300,CREDIT,2026-08-11T19:54:34Z
LDG_457C2E10,PAY_848AFEB9,ACCOUNTS_RECEIVABLE,1381400,CREDIT,2026-08-16T03:50:21Z
LDG_917ADC3E,PAY_EA38A2E9,ACCOUNTS_RECEIVABLE,1671200,CREDIT,2026-07-15T11:17:03Z
LDG_28453B49,PAY_4D30D652,ACCOUNTS_RECEIVABLE,252800,CREDIT,2026-07-14T18:24:21Z
LDG_8BBF259A,PAY_4346625D,ACCOUNTS_RECEIVABLE,352600,CREDIT,2026-07-31T06:21:26Z
LDG_55306475,PAY_DD3528EA,ACCOUNTS_RECEIVABLE,673700,CREDIT,2026-07-23T11:40:42Z
LDG_FEFB3BFF,PAY_8C0F1CD8,ACCOUNTS_RECEIVABLE,398200,CREDIT,2026-07-09T07:55:58Z
LDG_5DEBF84A,PAY_EBCDAE7A,ACCOUNTS_RECEIVABLE,1548900,CREDIT,2026-07-07T15:02:07Z
LDG_ED1C52A3,PAY_9846A282,ACCOUNTS_RECEIVABLE,942500,CREDIT,2026-08-02T14:25:30Z
LDG_03285276,PAY_1760E012,ACCOUNTS_RECEIVABLE,155000,CREDIT,2026-07-30T21:11:34Z
LDG_D41292E1,PAY_8233839E,ACCOUNTS_RECEIVABLE,392300,CREDIT,2026-07-29T11:10:05Z
LDG_1C85AE01,PAY_61E7551F,ACCOUNTS_RECEIVABLE,1820900,CREDIT,2026-08-14T17:44:14Z
LDG_9258BE58,PAY_BED7EFE1,ACCOUNTS_RECEIVABLE,180400,CREDIT,2026-08-02T14:00:08Z
LDG_F8FAF77C,PAY_9704699F,ACCOUNTS_RECEIVABLE,1626700,CREDIT,2026-08-20T02:26:13Z
LDG_5861DDF6,PAY_A23BD49C,ACCOUNTS_RECEIVABLE,117100,CREDIT,2026-07-23T19:46:33Z
LDG_5B39E378,PAY_9A855F26,ACCOUNTS_RECEIVABLE,1133400,CREDIT,2026-07-22T17:32:26Z
LDG_292586DA,PAY_399B125F,ACCOUNTS_RECEIVABLE,1031000,CREDIT,2026-08-30T22:35:35Z
LDG_FD8C42A4,PAY_64F019C8,ACCOUNTS_RECEIVABLE,42900,CREDIT,2026-08-11T13:14:56Z
LDG_1E63DCCD,PAY_9B568E2A,ACCOUNTS_RECEIVABLE,362300,CREDIT,2026-08-19T00:02:40Z
LDG_FEDBB6A7,PAY_AFB5BA62,ACCOUNTS_RECEIVABLE,704800,CREDIT,2026-07-08T23:19:00Z
LDG_7D78754C,PAY_C7F2ED27,ACCOUNTS_RECEIVABLE,148400,CREDIT,2026-07-13T10:22:05Z
LDG_A8F0A60B,PAY_61E630D3,ACCOUNTS_RECEIVABLE,1477300,CREDIT,2026-07-25T16:41:11Z
LDG_B11BC1F3,PAY_8CD28F48,ACCOUNTS_RECEIVABLE,1946600,CREDIT,2026-07-25T13:38:09Z
LDG_87931A02,PAY_B649F845,ACCOUNTS_RECEIVABLE,1731700,CREDIT,2026-07-18T08:04:00Z
LDG_0E93DB3C,PAY_E68B30BD,ACCOUNTS_RECEIVABLE,1748000,CREDIT,2026-08-07T20:21:17Z
LDG_2C28FD87,PAY_4375E9B3,ACCOUNTS_RECEIVABLE,972100,CREDIT,2026-08-19T08:42:49Z
LDG_94FB9880,PAY_FB267E77,ACCOUNTS_RECEIVABLE,916000,CREDIT,2026-07-14T09:54:43Z
LDG_CC88E161,PAY_0C3C0771,ACCOUNTS_RECEIVABLE,1287700,CREDIT,2026-08-19T18:05:33Z
LDG_52285F0C,PAY_A6D34A4E,ACCOUNTS_RECEIVABLE,769500,CREDIT,2026-07-27T00:25:37Z
LDG_71F69036,PAY_EAFA2CD5,ACCOUNTS_RECEIVABLE,1653500,CREDIT,2026-08-06T08:11:22Z
LDG_9FD0186E,PAY_EA3217E7,ACCOUNTS_RECEIVABLE,196800,CREDIT,2026-08-04T20:38:38Z
LDG_F3110BD5,PAY_65B8FF99,ACCOUNTS_RECEIVABLE,1013200,CREDIT,2026-08-03T09:48:05Z
LDG_B1C17A2B,PAY_A732A919,ACCOUNTS_RECEIVABLE,239000,CREDIT,2026-09-01T21:20:14Z
LDG_22A848F6,PAY_BB87D37F,ACCOUNTS_RECEIVABLE,644300,CREDIT,2026-07-09T07:59:00Z
LDG_7F87BB14,PAY_E0EFC996,ACCOUNTS_RECEIVABLE,1694200,CREDIT,2026-07-07T06:02:15Z
LDG_2B9617D9,PAY_E44F8267,ACCOUNTS_RECEIVABLE,1897100,CREDIT,2026-07-06T17:24:54Z
LDG_00767712,PAY_F9819CA1,ACCOUNTS_RECEIVABLE,225000,CREDIT,2026-07-28T03:23:50Z
LDG_15DE680E,PAY_F5931A09,ACCOUNTS_RECEIVABLE,1944800,CREDIT,2026-07-20T03:20:16Z
LDG_FDE717A8,PAY_A286C81C,ACCOUNTS_RECEIVABLE,1003500,CREDIT,2026-08-08T19:55:45Z
LDG_C5D3C2C1,PAY_C5A9F523,ACCOUNTS_RECEIVABLE,1231400,CREDIT,2026-08-25T03:08:35Z
LDG_5B130F43,PAY_51164BC2,ACCOUNTS_RECEIVABLE,1546400,CREDIT,2026-08-23T18:36:38Z
LDG_9641E56B,PAY_0EF90E4C,ACCOUNTS_RECEIVABLE,1849800,CREDIT,2026-08-25T01:40:29Z
LDG_7AC16828,PAY_EFB562D4,ACCOUNTS_RECEIVABLE,1743700,CREDIT,2026-08-01T23:52:36Z
LDG_A33EA64F,PAY_807FCE38,ACCOUNTS_RECEIVABLE,467100,CREDIT,2026-07-21T03:27:18Z
LDG_444A0A31,PAY_9894FCBC,ACCOUNTS_RECEIVABLE,1130400,CREDIT,2026-08-16T20:56:23Z
LDG_5F95CE35,PAY_53BCC3DA,ACCOUNTS_RECEIVABLE,1133200,CREDIT,2026-07-27T23:06:08Z
LDG_C700FFE2,PAY_613FD76E,ACCOUNTS_RECEIVABLE,976700,CREDIT,2026-08-23T04:38:18Z
LDG_05998C74,PAY_C3F940B6,ACCOUNTS_RECEIVABLE,237900,CREDIT,2026-07-25T02:32:35Z
LDG_BBB9CFA7,PAY_1A6718FB,ACCOUNTS_RECEIVABLE,1094500,CREDIT,2026-07-16T09:07:08Z
LDG_7724838B,PAY_5C212E22,ACCOUNTS_RECEIVABLE,110100,CREDIT,2026-08-11T10:33:47Z
LDG_33C7E52C,PAY_628FCEDC,ACCOUNTS_RECEIVABLE,1903800,CREDIT,2026-08-11T03:09:16Z
LDG_8328C1D7,PAY_CC2D6EB5,ACCOUNTS_RECEIVABLE,642500,CREDIT,2026-07-20T04:31:08Z
LDG_27E62509,PAY_240C6098,ACCOUNTS_RECEIVABLE,1218300,CREDIT,2026-08-08T08:02:19Z
LDG_156CF943,PAY_4905A43E,ACCOUNTS_RECEIVABLE,1466800,CREDIT,2026-08-15T10:39:35Z
LDG_6220DAF2,PAY_235D462C,ACCOUNTS_RECEIVABLE,1337600,CREDIT,2026-08-23T12:54:38Z
LDG_1F8B21B5,PAY_22FCB4D8,ACCOUNTS_RECEIVABLE,248100,CREDIT,2026-07-01T22:10:45Z
LDG_287B1A94,PAY_4B51C807,ACCOUNTS_RECEIVABLE,786500,CREDIT,2026-07-01T13:51:02Z
LDG_7A866B64,PAY_F5C5DA56,ACCOUNTS_RECEIVABLE,213600,CREDIT,2026-08-06T07:37:53Z
LDG_239BC985,PAY_54683931,ACCOUNTS_RECEIVABLE,833300,CREDIT,2026-08-20T18:33:11Z
LDG_0E2205A0,PAY_3C5C0B15,ACCOUNTS_RECEIVABLE,1406600,CREDIT,2026-08-29T06:27:30Z
LDG_62B8956A,PAY_5DC0798A,ACCOUNTS_RECEIVABLE,674600,CREDIT,2026-07-20T04:39:03Z
LDG_8A66FB61,PAY_BB2AA0F4,ACCOUNTS_RECEIVABLE,382700,CREDIT,2026-07-05T09:47:10Z
LDG_0842C966,PAY_B7621F8D,ACCOUNTS_RECEIVABLE,1921900,CREDIT,2026-08-05T07:56:39Z
LDG_352C1FEF,PAY_8CF64119,ACCOUNTS_RECEIVABLE,976900,CREDIT,2026-07-01T19:07:14Z
LDG_723A3B87,PAY_B3A22A3C,ACCOUNTS_RECEIVABLE,527600,CREDIT,2026-07-13T10:32:41Z
LDG_BB198CE3,PAY_5BB3D32F,ACCOUNTS_RECEIVABLE,551000,CREDIT,2026-08-16T11:07:07Z
LDG_4C89A2BC,PAY_1F9238C3,ACCOUNTS_RECEIVABLE,101500,CREDIT,2026-07-03T10:42:49Z
LDG_BFC8A279,PAY_D773C264,ACCOUNTS_RECEIVABLE,985400,CREDIT,2026-08-27T05:10:32Z
LDG_7EBF1629,PAY_B8DEF7F0,ACCOUNTS_RECEIVABLE,807100,CREDIT,2026-07-21T07:47:17Z
LDG_863F47E2,PAY_BAB80FB3,ACCOUNTS_RECEIVABLE,1978800,CREDIT,2026-08-31T00:45:58Z
LDG_2B1D1A44,PAY_E6B92CEF,ACCOUNTS_RECEIVABLE,643500,CREDIT,2026-08-10T04:34:51Z
LDG_6CE2E394,PAY_904FBA5E,ACCOUNTS_RECEIVABLE,219000,CREDIT,2026-08-12T21:37:47Z
LDG_28E7A144,PAY_7DDF9DD3,ACCOUNTS_RECEIVABLE,182800,CREDIT,2026-08-31T15:17:13Z
LDG_B2F78596,PAY_575A9D73,ACCOUNTS_RECEIVABLE,1705000,CREDIT,2026-07-22T09:55:24Z
LDG_4E93F880,PAY_0BA43156,ACCOUNTS_RECEIVABLE,1419500,CREDIT,2026-07-04T23:24:06Z
LDG_138FAA1C,PAY_D5004C11,ACCOUNTS_RECEIVABLE,1567500,CREDIT,2026-08-04T06:31:54Z
LDG_2B6DEEDF,PAY_309EE700,ACCOUNTS_RECEIVABLE,1302700,CREDIT,2026-07-19T10:12:46Z
LDG_4023C962,PAY_4D150BF5,ACCOUNTS_RECEIVABLE,1443900,CREDIT,2026-07-22T16:18:23Z
LDG_8F1BD61B,PAY_3C5B9C51,ACCOUNTS_RECEIVABLE,492000,CREDIT,2026-08-25T18:31:34Z
LDG_7A7045ED,PAY_806025DB,ACCOUNTS_RECEIVABLE,232700,CREDIT,2026-08-04T12:20:24Z
LDG_9F0B5651,PAY_7E720C5B,ACCOUNTS_RECEIVABLE,906700,CREDIT,2026-08-01T16:11:40Z
LDG_7BADB1EE,PAY_2A97FA86,ACCOUNTS_RECEIVABLE,986500,CREDIT,2026-08-12T11:08:02Z
LDG_F6DE64C9,PAY_CA86BDE4,ACCOUNTS_RECEIVABLE,1614900,CREDIT,2026-07-25T16:10:23Z
LDG_A0F015EA,PAY_6E6CE23F,ACCOUNTS_RECEIVABLE,300800,CREDIT,2026-08-09T01:00:12Z
LDG_C3546442,PAY_DB97AB34,ACCOUNTS_RECEIVABLE,1520500,CREDIT,2026-07-21T22:07:00Z
LDG_761BE453,PAY_C34F711F,ACCOUNTS_RECEIVABLE,855000,CREDIT,2026-07-04T15:51:11Z
LDG_62D846DE,PAY_DB297545,ACCOUNTS_RECEIVABLE,1007500,CREDIT,2026-07-09T19:27:12Z
LDG_18407F6B,PAY_6CFD083F,ACCOUNTS_RECEIVABLE,598000,CREDIT,2026-08-01T02:48:13Z
LDG_48F55E91,PAY_AC7C0F92,ACCOUNTS_RECEIVABLE,1260500,CREDIT,2026-08-23T18:27:12Z
LDG_8EDC1638,PAY_F8FD3A4B,ACCOUNTS_RECEIVABLE,1404400,CREDIT,2026-07-23T01:05:42Z
LDG_21E48AE9,PAY_44CF8B39,ACCOUNTS_RECEIVABLE,264500,CREDIT,2026-08-21T09:55:03Z
LDG_BE57FED4,PAY_36CB9F92,ACCOUNTS_RECEIVABLE,654000,CREDIT,2026-07-22T00:42:18Z
LDG_772178DD,PAY_B5D25CF5,ACCOUNTS_RECEIVABLE,1742900,CREDIT,2026-08-09T17:49:50Z
LDG_4AA533FD,PAY_3686B3B8,ACCOUNTS_RECEIVABLE,1406300,CREDIT,2026-07-29T09:29:42Z
LDG_4632A4F0,PAY_BDC5C0B8,ACCOUNTS_RECEIVABLE,218800,CREDIT,2026-08-22T06:33:59Z
LDG_BD3A2576,PAY_F791DDF8,ACCOUNTS_RECEIVABLE,399700,CREDIT,2026-07-28T16:05:19Z
LDG_BDFABD44,PAY_B3A4CF94,ACCOUNTS_RECEIVABLE,591000,CREDIT,2026-07-30T19:00:18Z
LDG_27C0CBD6,PAY_376DE172,ACCOUNTS_RECEIVABLE,290100,CREDIT,2026-07-23T06:59:39Z
LDG_7BF80650,PAY_5C6D0C14,ACCOUNTS_RECEIVABLE,1664700,CREDIT,2026-08-27T23:22:23Z
LDG_53D81BE4,PAY_F2B9FF62,ACCOUNTS_RECEIVABLE,11200,CREDIT,2026-07-01T13:52:53Z
LDG_D8841423,PAY_6534E6E2,ACCOUNTS_RECEIVABLE,235500,CREDIT,2026-07-18T22:28:28Z
LDG_C42116FA,PAY_2E0CD833,ACCOUNTS_RECEIVABLE,847600,CREDIT,2026-08-12T03:42:58Z
LDG_79F2EC84,PAY_CD1EF1F7,ACCOUNTS_RECEIVABLE,1094500,CREDIT,2026-08-08T20:13:12Z
LDG_1DC68324,PAY_6CF74BA5,ACCOUNTS_RECEIVABLE,717400,CREDIT,2026-08-13T23:52:26Z
LDG_57A2545A,PAY_5FB3B86B,ACCOUNTS_RECEIVABLE,5500000,CREDIT,2026-08-07T11:13:21Z
LDG_F7411005,PAY_A9C6AF63,ACCOUNTS_RECEIVABLE,1160100,CREDIT,2026-08-10T13:39:46Z
LDG_22AD2266,PAY_1F4392D5,ACCOUNTS_RECEIVABLE,1852100,CREDIT,2026-08-17T03:09:06Z
LDG_CB8268D5,PAY_DFDEFE73,ACCOUNTS_RECEIVABLE,967300,CREDIT,2026-08-04T09:04:45Z
LDG_01AF2EE4,PAY_8204D20E,ACCOUNTS_RECEIVABLE,692100,CREDIT,2026-08-10T03:55:45Z
LDG_E7AD2BC2,PAY_DF515CCA,ACCOUNTS_RECEIVABLE,462200,CREDIT,2026-07-13T21:07:49Z
LDG_80C61C13,PAY_6A6F98C7,ACCOUNTS_RECEIVABLE,1112800,CREDIT,2026-08-14T21:41:28Z
LDG_18062FB3,PAY_964466A8,ACCOUNTS_RECEIVABLE,96400,CREDIT,2026-07-04T17:49:24Z
LDG_2244E7DA,PAY_316EA914,ACCOUNTS_RECEIVABLE,757700,CREDIT,2026-08-31T04:10:57Z
LDG_12385D5E,PAY_0D7CAF3E,ACCOUNTS_RECEIVABLE,985000,CREDIT,2026-07-22T01:12:19Z
LDG_31ED9F4D,PAY_7BA3A766,ACCOUNTS_RECEIVABLE,1787600,CREDIT,2026-08-14T16:53:05Z
LDG_DC225F83,PAY_DE1DE5FA,ACCOUNTS_RECEIVABLE,1851600,CREDIT,2026-07-20T21:48:07Z
LDG_4D7DDA2D,PAY_453241D8,ACCOUNTS_RECEIVABLE,1408500,CREDIT,2026-07-10T02:23:39Z
LDG_20565216,PAY_88181146,ACCOUNTS_RECEIVABLE,888800,CREDIT,2026-07-22T15:37:34Z
LDG_741CBB80,PAY_29F122E9,ACCOUNTS_RECEIVABLE,1440100,CREDIT,2026-07-17T17:56:49Z
LDG_D0D0FDCC,PAY_D861BCA7,ACCOUNTS_RECEIVABLE,20800,CREDIT,2026-07-08T05:24:20Z
LDG_103C61BD,PAY_A9BA4B39,ACCOUNTS_RECEIVABLE,829000,CREDIT,2026-08-22T05:33:11Z
LDG_8A4D5C30,PAY_A29D5631,ACCOUNTS_RECEIVABLE,995000,CREDIT,2026-08-02T03:58:01Z
LDG_C0D877E8,PAY_E7BD0CF4,ACCOUNTS_RECEIVABLE,913000,CREDIT,2026-08-02T08:54:02Z
LDG_8CD14338,PAY_0C4E4053,ACCOUNTS_RECEIVABLE,600700,CREDIT,2026-08-23T06:12:11Z
LDG_66DE3E1A,PAY_78B703DB,ACCOUNTS_RECEIVABLE,536900,CREDIT,2026-07-29T07:23:20Z
LDG_DA26B9C0,PAY_C632EB1B,ACCOUNTS_RECEIVABLE,1118300,CREDIT,2026-07-25T05:47:50Z
LDG_30656358,PAY_95C2BE60,ACCOUNTS_RECEIVABLE,1912400,CREDIT,2026-08-28T13:26:52Z
LDG_8746FD06,PAY_3DEFFDC1,ACCOUNTS_RECEIVABLE,237100,CREDIT,2026-08-27T11:08:21Z
LDG_A7BA21E8,PAY_49CC16BD,ACCOUNTS_RECEIVABLE,634800,CREDIT,2026-08-18T05:23:45Z
LDG_EC57DEA5,PAY_5A0ED28D,ACCOUNTS_RECEIVABLE,1477200,CREDIT,2026-08-16T19:12:12Z
LDG_C70B843D,PAY_99D47858,ACCOUNTS_RECEIVABLE,1758100,CREDIT,2026-07-15T01:36:27Z
LDG_14BF1398,PAY_ADD1F4EF,ACCOUNTS_RECEIVABLE,751200,CREDIT,2026-07-03T07:11:48Z
LDG_A4037B2F,PAY_3F24740E,ACCOUNTS_RECEIVABLE,1026500,CREDIT,2026-08-01T13:58:01Z
LDG_2F2DDE42,PAY_07C4688B,ACCOUNTS_RECEIVABLE,378000,CREDIT,2026-08-24T19:41:33Z
LDG_A8D162D3,PAY_AABDE8F1,ACCOUNTS_RECEIVABLE,1788300,CREDIT,2026-08-24T03:55:59Z
LDG_FD341CF1,PAY_54D70641,ACCOUNTS_RECEIVABLE,111900,CREDIT,2026-07-27T03:21:22Z
LDG_D894C0FA,PAY_E2ED7F8F,ACCOUNTS_RECEIVABLE,1787900,CREDIT,2026-08-31T04:12:16Z
LDG_F003B743,PAY_97FD6B01,ACCOUNTS_RECEIVABLE,397200,CREDIT,2026-09-01T16:52:02Z
LDG_E6802744,PAY_B8D6C825,ACCOUNTS_RECEIVABLE,1558200,CREDIT,2026-07-23T05:34:17Z
LDG_D247F112,PAY_AC559615,ACCOUNTS_RECEIVABLE,1066500,CREDIT,2026-07-19T10:03:08Z
LDG_D4B46E77,PAY_8F137FDB,ACCOUNTS_RECEIVABLE,1964400,CREDIT,2026-08-04T15:02:07Z
LDG_284AC751,PAY_2A3E0FEB,ACCOUNTS_RECEIVABLE,1099300,CREDIT,2026-08-03T03:05:41Z
LDG_B471D3D2,PAY_B28DFB30,ACCOUNTS_RECEIVABLE,797500,CREDIT,2026-08-11T02:23:26Z
LDG_624AD9E1,PAY_201D6E52,ACCOUNTS_RECEIVABLE,1390300,CREDIT,2026-07-07T01:49:10Z
LDG_D70B4A59,PAY_FA0A911E,ACCOUNTS_RECEIVABLE,5500000,CREDIT,2026-08-23T22:35:04Z
LDG_F7C47E01,PAY_B43C4953,ACCOUNTS_RECEIVABLE,404900,CREDIT,2026-08-15T23:09:41Z
LDG_8E8B496E,PAY_A3490FCB,ACCOUNTS_RECEIVABLE,1871500,CREDIT,2026-08-08T10:41:28Z
LDG_F1BF4BEB,PAY_776345B1,ACCOUNTS_RECEIVABLE,1597500,CREDIT,2026-07-30T13:53:57Z
LDG_3407B684,PAY_4D69EA93,ACCOUNTS_RECEIVABLE,1897100,CREDIT,2026-07-01T12:28:23Z
LDG_4CF540DD,PAY_EAC3C21F,ACCOUNTS_RECEIVABLE,544900,CREDIT,2026-08-15T12:42:41Z
LDG_680F05F9,PAY_13241003,ACCOUNTS_RECEIVABLE,1610500,CREDIT,2026-07-17T08:29:38Z
LDG_C01BFFE4,PAY_B625DBDF,ACCOUNTS_RECEIVABLE,1106100,CREDIT,2026-08-18T23:44:00Z
LDG_D78D2DCD,PAY_B33EE1ED,ACCOUNTS_RECEIVABLE,438900,CREDIT,2026-08-25T09:57:30Z
LDG_D377C36D,PAY_12720378,ACCOUNTS_RECEIVABLE,1262900,CREDIT,2026-07-25T08:37:07Z
LDG_D97834AB,PAY_57B4EEEA,ACCOUNTS_RECEIVABLE,39600,CREDIT,2026-08-16T19:22:02Z
LDG_61081D77,PAY_E16D915F,ACCOUNTS_RECEIVABLE,1269000,CREDIT,2026-08-14T15:22:33Z
LDG_4F81CFE0,PAY_B548EACD,ACCOUNTS_RECEIVABLE,176900,CREDIT,2026-08-02T02:52:40Z
LDG_ED05D5E1,PAY_2192C402,ACCOUNTS_RECEIVABLE,1940800,CREDIT,2026-07-21T11:45:05Z
LDG_591068B6,PAY_5E8F66BC,ACCOUNTS_RECEIVABLE,1760100,CREDIT,2026-08-16T03:53:50Z
LDG_D7B49B58,PAY_7B2D68DE,ACCOUNTS_RECEIVABLE,27300,CREDIT,2026-07-19T13:50:20Z
LDG_B10831D5,PAY_12463A05,ACCOUNTS_RECEIVABLE,1440900,CREDIT,2026-07-15T10:49:54Z
LDG_70B15227,PAY_185E40F2,ACCOUNTS_RECEIVABLE,1378600,CREDIT,2026-08-15T05:44:39Z
LDG_41A171C8,PAY_A28534F8,ACCOUNTS_RECEIVABLE,877900,CREDIT,2026-07-06T03:13:33Z
LDG_12C4FF30,PAY_D57C8F65,ACCOUNTS_RECEIVABLE,15400,CREDIT,2026-07-17T03:29:48Z
LDG_5BBE679C,PAY_5DF4C479,ACCOUNTS_RECEIVABLE,1145200,CREDIT,2026-08-14T07:20:16Z
LDG_4627DD4E,PAY_0671F5F8,ACCOUNTS_RECEIVABLE,789600,CREDIT,2026-07-16T05:46:32Z
LDG_60C1DC9F,PAY_38ECD3DA,ACCOUNTS_RECEIVABLE,1413800,CREDIT,2026-07-05T00:30:00Z
LDG_C481E3C1,PAY_2B59AEB1,ACCOUNTS_RECEIVABLE,1717300,CREDIT,2026-07-12T17:07:29Z
LDG_5A30B441,PAY_4B168024,ACCOUNTS_RECEIVABLE,306400,CREDIT,2026-07-21T17:34:46Z
LDG_705E594A,PAY_389E6537,ACCOUNTS_RECEIVABLE,385500,CREDIT,2026-07-13T05:28:54Z
LDG_A4BB0FD4,PAY_091C56DD,ACCOUNTS_RECEIVABLE,19800,CREDIT,2026-08-07T19:17:51Z
LDG_105DE6EB,PAY_6F6AECA6,ACCOUNTS_RECEIVABLE,1075600,CREDIT,2026-08-25T05:05:05Z
LDG_E26A6F85,PAY_355DC1FD,ACCOUNTS_RECEIVABLE,1780800,CREDIT,2026-07-14T01:12:08Z
LDG_AB0A71EA,PAY_8BD9F609,ACCOUNTS_RECEIVABLE,1860200,CREDIT,2026-07-17T14:52:10Z
LDG_816A783B,PAY_F4BD64AF,ACCOUNTS_RECEIVABLE,350500,CREDIT,2026-07-07T17:58:02Z
LDG_EAFC7045,PAY_90876AF3,ACCOUNTS_RECEIVABLE,524100,CREDIT,2026-07-25T20:54:43Z
LDG_7C570DAE,PAY_EBD3A705,ACCOUNTS_RECEIVABLE,1966700,CREDIT,2026-07-29T17:57:03Z
LDG_AEDD2178,PAY_9B81018C,ACCOUNTS_RECEIVABLE,49100,CREDIT,2026-08-27T14:53:15Z
LDG_038146CC,PAY_6E7D9AED,ACCOUNTS_RECEIVABLE,244100,CREDIT,2026-08-23T20:04:33Z
LDG_CAC73BB6,PAY_B9158888,ACCOUNTS_RECEIVABLE,927400,CREDIT,2026-08-10T02:52:08Z
LDG_08BBACE8,PAY_351D7937,ACCOUNTS_RECEIVABLE,805400,CREDIT,2026-07-24T07:11:26Z
LDG_2F0046D7,PAY_8A4AC0B3,ACCOUNTS_RECEIVABLE,146500,CREDIT,2026-07-13T21:51:31Z
LDG_9339E7BA,PAY_DF45A870,ACCOUNTS_RECEIVABLE,911000,CREDIT,2026-07-05T06:05:00Z
LDG_B714E82E,PAY_83616A9D,ACCOUNTS_RECEIVABLE,1383100,CREDIT,2026-08-22T06:56:47Z
LDG_CE5FC10E,PAY_D61329F7,ACCOUNTS_RECEIVABLE,1619700,CREDIT,2026-08-10T15:51:26Z
LDG_5DB474F2,PAY_F45F755D,ACCOUNTS_RECEIVABLE,649000,CREDIT,2026-08-24T17:16:03Z
LDG_1F861544,PAY_FE785BAE,ACCOUNTS_RECEIVABLE,800600,CREDIT,2026-08-11T03:53:53Z
LDG_F2F89995,PAY_AB8477B9,ACCOUNTS_RECEIVABLE,1343500,CREDIT,2026-07-24T18:23:16Z
LDG_C5DD4E6F,PAY_0B6B2AEE,ACCOUNTS_RECEIVABLE,1665900,CREDIT,2026-07-21T23:09:39Z
LDG_9249714A,PAY_C52C260A,ACCOUNTS_RECEIVABLE,371500,CREDIT,2026-08-08T20:29:22Z
LDG_CBE7A386,PAY_DF396D8F,ACCOUNTS_RECEIVABLE,413400,CREDIT,2026-07-27T19:25:43Z
LDG_1ED01F58,PAY_12EF053D,ACCOUNTS_RECEIVABLE,352400,CREDIT,2026-07-12T10:33:46Z
LDG_38999FCF,PAY_E34F47E7,ACCOUNTS_RECEIVABLE,1027000,CREDIT,2026-07-22T09:45:16Z
LDG_B667624C,PAY_7368DA5B,ACCOUNTS_RECEIVABLE,1834900,CREDIT,2026-08-16T13:58:01Z
LDG_968791C7,PAY_A8EC9B00,ACCOUNTS_RECEIVABLE,1594100,CREDIT,2026-08-17T08:40:04Z
LDG_F32E27DB,PAY_593FD26A,ACCOUNTS_RECEIVABLE,1770200,CREDIT,2026-07-01T15:45:49Z
LDG_6A7CA76F,PAY_89DA109D,ACCOUNTS_RECEIVABLE,893200,CREDIT,2026-08-14T06:55:03Z
LDG_A1BFC915,PAY_D39315E3,ACCOUNTS_RECEIVABLE,1515100,CREDIT,2026-07-12T18:18:00Z
LDG_6C77452C,PAY_6ACA3F76,ACCOUNTS_RECEIVABLE,1876500,CREDIT,2026-07-16T23:12:57Z
LDG_D9169E87,PAY_EA6CD0F9,ACCOUNTS_RECEIVABLE,1225300,CREDIT,2026-08-16T00:40:52Z
LDG_617C6FCA,PAY_E7890543,ACCOUNTS_RECEIVABLE,272100,CREDIT,2026-07-23T09:32:06Z
LDG_CB8AB0B9,PAY_42E4C253,ACCOUNTS_RECEIVABLE,1235700,CREDIT,2026-08-17T20:53:02Z
LDG_E7B3354A,PAY_89E18B04,ACCOUNTS_RECEIVABLE,1803400,CREDIT,2026-07-16T17:24:01Z
LDG_6AA9E853,PAY_B90BF07C,ACCOUNTS_RECEIVABLE,432700,CREDIT,2026-08-25T07:44:54Z
LDG_77C6076F,PAY_1443E26F,ACCOUNTS_RECEIVABLE,674900,CREDIT,2026-08-19T20:13:03Z
LDG_5197960B,PAY_39A11104,ACCOUNTS_RECEIVABLE,1895500,CREDIT,2026-08-05T04:38:15Z
LDG_256FDD2E,PAY_6952B939,ACCOUNTS_RECEIVABLE,1984300,CREDIT,2026-08-12T18:23:46Z
LDG_E82E8900,PAY_7AA4130E,ACCOUNTS_RECEIVABLE,1161800,CREDIT,2026-07-14T21:37:40Z
LDG_3DF5C36F,PAY_70E69D82,ACCOUNTS_RECEIVABLE,1553100,CREDIT,2026-08-06T07:54:46Z
LDG_97CB2F03,PAY_7F2409B3,ACCOUNTS_RECEIVABLE,1856000,CREDIT,2026-07-12T22:39:31Z
LDG_700B6D2F,PAY_570772D6,ACCOUNTS_RECEIVABLE,1203900,CREDIT,2026-08-03T18:31:40Z
LDG_41545F4A,PAY_E10D022F,ACCOUNTS_RECEIVABLE,972600,CREDIT,2026-08-02T22:29:19Z
LDG_6FED76A5,PAY_6604A408,ACCOUNTS_RECEIVABLE,456600,CREDIT,2026-08-25T15:46:29Z
LDG_1954FF51,PAY_D8FA27F5,ACCOUNTS_RECEIVABLE,1910100,CREDIT,2026-07-22T19:15:31Z
LDG_9B4477D3,PAY_FD67F82B,ACCOUNTS_RECEIVABLE,358400,CREDIT,2026-07-08T16:09:29Z
LDG_49235D6C,PAY_2D2E9408,ACCOUNTS_RECEIVABLE,1434100,CREDIT,2026-07-06T21:34:23Z
LDG_CC10A008,PAY_F218650A,ACCOUNTS_RECEIVABLE,568600,CREDIT,2026-08-12T03:30:32Z
LDG_6326E5D3,PAY_40585472,ACCOUNTS_RECEIVABLE,278400,CREDIT,2026-08-22T07:08:49Z
LDG_99B49E68,PAY_BA897D70,ACCOUNTS_RECEIVABLE,1841600,CREDIT,2026-08-17T02:58:40Z
LDG_71F7FBA7,PAY_0202CC21,ACCOUNTS_RECEIVABLE,995000,CREDIT,2026-07-24T19:30:03Z
LDG_15FEFC11,PAY_3D25B909,ACCOUNTS_RECEIVABLE,1201600,CREDIT,2026-07-30T00:00:24Z
LDG_731CBB7F,PAY_19C9B4DA,ACCOUNTS_RECEIVABLE,1658000,CREDIT,2026-07-15T06:46:57Z
LDG_C716A5F4,PAY_78DFCB10,ACCOUNTS_RECEIVABLE,85200,CREDIT,2026-08-03T13:23:40Z
LDG_99E0A9F4,PAY_FC6E618C,ACCOUNTS_RECEIVABLE,875600,CREDIT,2026-07-21T13:37:08Z
LDG_F70C75D6,PAY_781E565E,ACCOUNTS_RECEIVABLE,1331400,CREDIT,2026-08-13T21:31:24Z
LDG_CBCB84F8,PAY_4F31CBE0,ACCOUNTS_RECEIVABLE,1094100,CREDIT,2026-07-28T04:08:08Z
LDG_C9226CB8,PAY_0D59F605,ACCOUNTS_RECEIVABLE,1800500,CREDIT,2026-08-12T12:19:10Z
LDG_3824D026,PAY_B70C918C,ACCOUNTS_RECEIVABLE,191100,CREDIT,2026-08-13T15:16:40Z
LDG_1191AAAA,PAY_B92D6429,ACCOUNTS_RECEIVABLE,1522700,CREDIT,2026-08-03T11:38:11Z
LDG_70397739,PAY_4F606C9A,ACCOUNTS_RECEIVABLE,701100,CREDIT,2026-07-15T14:05:47Z
LDG_B817FAF0,PAY_2158FF43,ACCOUNTS_RECEIVABLE,60000000,CREDIT,2026-08-04T04:18:22Z
LDG_659B7419,PAY_0168D193,ACCOUNTS_RECEIVABLE,15000000,CREDIT,2026-08-27T17:47:13Z
LDG_14F2DFB7,PAY_9F493142,ACCOUNTS_RECEIVABLE,1628600,CREDIT,2026-08-13T13:17:20Z
LDG_023C9E7E,PAY_05803A0A,ACCOUNTS_RECEIVABLE,1521800,CREDIT,2026-08-08T04:41:56Z
LDG_E379E0C8,PAY_433E60D4,ACCOUNTS_RECEIVABLE,42300,CREDIT,2026-07-05T21:15:35Z
LDG_73AA7662,PAY_FB53E62A,ACCOUNTS_RECEIVABLE,1990700,CREDIT,2026-07-15T11:44:59Z
LDG_5C6534EE,PAY_A7595907,ACCOUNTS_RECEIVABLE,878500,CREDIT,2026-08-26T13:44:43Z
LDG_7A6A8AD3,PAY_491F2728,ACCOUNTS_RECEIVABLE,5500000,CREDIT,2026-08-30T13:39:27Z
LDG_0B551951,PAY_576F084A,ACCOUNTS_RECEIVABLE,1347900,CREDIT,2026-08-28T08:07:06Z
LDG_44444A9E,PAY_D564AD13,ACCOUNTS_RECEIVABLE,1035300,CREDIT,2026-07-25T02:37:56Z
LDG_4BCC7D30,PAY_098F1552,ACCOUNTS_RECEIVABLE,1437400,CREDIT,2026-07-20T10:10:13Z
LDG_CF40A44A,PAY_CED14AA7,ACCOUNTS_RECEIVABLE,664600,CREDIT,2026-07-02T00:34:51Z
LDG_99A5C0D0,PAY_B921C2D1,ACCOUNTS_RECEIVABLE,377700,CREDIT,2026-07-09T02:15:15Z
LDG_687E2C62,PAY_751C4CEE,ACCOUNTS_RECEIVABLE,1887700,CREDIT,2026-07-28T12:32:45Z
LDG_D20307CF,PAY_FE4286E4,ACCOUNTS_RECEIVABLE,538500,CREDIT,2026-08-25T21:52:12Z
LDG_588E2818,PAY_2C451BB3,ACCOUNTS_RECEIVABLE,17100,CREDIT,2026-08-30T03:11:03Z
LDG_A62F3523,PAY_04152CBC,ACCOUNTS_RECEIVABLE,1813700,CREDIT,2026-08-21T00:52:20Z
LDG_DB521ED6,PAY_4DC12A15,ACCOUNTS_RECEIVABLE,1945300,CREDIT,2026-08-31T21:55:39Z
LDG_9D0FD037,PAY_05A680DF,ACCOUNTS_RECEIVABLE,1479900,CREDIT,2026-08-18T19:27:54Z
LDG_D0BBC8F9,PAY_599828DF,ACCOUNTS_RECEIVABLE,389600,CREDIT,2026-08-24T21:12:02Z
LDG_3D8EC19C,PAY_CB7F2764,ACCOUNTS_RECEIVABLE,201400,CREDIT,2026-07-17T13:45:33Z
LDG_CB4ED580,PAY_CA8B0C0B,ACCOUNTS_RECEIVABLE,1660000,CREDIT,2026-07-10T15:10:00Z
LDG_69176AE9,PAY_18C1DB20,ACCOUNTS_RECEIVABLE,1384100,CREDIT,2026-08-09T07:23:08Z
LDG_07B45BF3,PAY_1AF9D501,ACCOUNTS_RECEIVABLE,1822800,CREDIT,2026-07-21T05:57:20Z
LDG_2062CA40,PAY_477982C0,ACCOUNTS_RECEIVABLE,1596100,CREDIT,2026-08-22T12:55:04Z
LDG_6DB084E4,PAY_73F421CE,ACCOUNTS_RECEIVABLE,1352100,CREDIT,2026-07-01T22:22:17Z
LDG_B8BDDA1F,PAY_4DC94114,ACCOUNTS_RECEIVABLE,55300,CREDIT,2026-07-13T06:11:41Z
LDG_3EEBDDA1,PAY_952AE26C,ACCOUNTS_RECEIVABLE,928900,CREDIT,2026-07-25T06:01:55Z
LDG_F8D9880C,PAY_06DFF77F,ACCOUNTS_RECEIVABLE,1651300,CREDIT,2026-08-31T12:33:00Z
LDG_91B73FFE,PAY_6B60B9A9,ACCOUNTS_RECEIVABLE,1792700,CREDIT,2026-08-24T03:52:58Z
LDG_8FFCA722,PAY_0BF36740,ACCOUNTS_RECEIVABLE,15000000,CREDIT,2026-09-01T21:39:00Z
LDG_E92A202C,PAY_6CF6A7B3,ACCOUNTS_RECEIVABLE,1285300,CREDIT,2026-08-07T05:46:03Z
LDG_A4C5101F,PAY_753B6D71,ACCOUNTS_RECEIVABLE,1108200,CREDIT,2026-07-20T04:39:32Z
LDG_AC239326,PAY_0415E978,ACCOUNTS_RECEIVABLE,1664100,CREDIT,2026-08-11T12:12:32Z
LDG_A40B3B26,PAY_9454DE35,ACCOUNTS_RECEIVABLE,42200,CREDIT,2026-07-22T11:37:35Z
LDG_9DAD982F,PAY_B3BD60DA,ACCOUNTS_RECEIVABLE,305900,CREDIT,2026-07-22T21:00:05Z
LDG_44D01AB5,PAY_37332B35,ACCOUNTS_RECEIVABLE,1151000,CREDIT,2026-07-08T22:56:11Z
LDG_2617A2D3,PAY_E5F78BAC,ACCOUNTS_RECEIVABLE,273100,CREDIT,2026-07-13T18:39:27Z
LDG_3EAC9FB2,PAY_EF6B0E65,ACCOUNTS_RECEIVABLE,1287300,CREDIT,2026-08-03T02:00:01Z
LDG_F13A7505,PAY_0D65A1DF,ACCOUNTS_RECEIVABLE,90900,CREDIT,2026-08-18T00:00:30Z
LDG_4BC4956A,PAY_F2FDA9C7,ACCOUNTS_RECEIVABLE,5500000,CREDIT,2026-08-02T08:36:07Z
LDG_64292216,PAY_29016AA5,ACCOUNTS_RECEIVABLE,255100,CREDIT,2026-07-05T18:12:43Z
LDG_A48F2779,PAY_D65C39B7,ACCOUNTS_RECEIVABLE,297300,CREDIT,2026-08-27T19:39:15Z
LDG_F8B09378,PAY_36843861,ACCOUNTS_RECEIVABLE,1496900,CREDIT,2026-08-15T20:11:02Z
LDG_C35079BD,PAY_4B172E9C,ACCOUNTS_RECEIVABLE,767900,CREDIT,2026-07-08T17:07:04Z
LDG_2F157FE6,PAY_6A381FDE,ACCOUNTS_RECEIVABLE,867300,CREDIT,2026-07-13T15:46:16Z
LDG_3A8C8247,PAY_4632DA78,ACCOUNTS_RECEIVABLE,112100,CREDIT,2026-08-25T23:24:36Z
LDG_5B036281,PAY_791B502D,ACCOUNTS_RECEIVABLE,348100,CREDIT,2026-07-31T07:01:26Z
LDG_62118560,PAY_E05BCF91,ACCOUNTS_RECEIVABLE,689100,CREDIT,2026-07-26T01:59:34Z
LDG_F8BE7634,PAY_11959DFB,ACCOUNTS_RECEIVABLE,1972600,CREDIT,2026-07-26T06:25:07Z
LDG_DCAF9964,PAY_893059D7,ACCOUNTS_RECEIVABLE,1005600,CREDIT,2026-07-28T01:55:33Z
LDG_171B6AB8,PAY_AE59F642,ACCOUNTS_RECEIVABLE,1058900,CREDIT,2026-08-30T01:35:35Z
LDG_CB992EBA,PAY_69EFEA4C,ACCOUNTS_RECEIVABLE,1376100,CREDIT,2026-08-02T04:14:00Z
LDG_D9D3A13F,PAY_9CF46E81,ACCOUNTS_RECEIVABLE,332700,CREDIT,2026-08-31T09:05:53Z
LDG_5777E549,PAY_00669A96,ACCOUNTS_RECEIVABLE,1381500,CREDIT,2026-08-21T14:22:41Z
LDG_2596A71E,PAY_FA0A2752,ACCOUNTS_RECEIVABLE,30000,CREDIT,2026-07-06T12:21:00Z
LDG_54D3745E,PAY_B5AAAF04,ACCOUNTS_RECEIVABLE,1430800,CREDIT,2026-08-08T09:52:19Z
LDG_A1D4BE07,PAY_772284D4,ACCOUNTS_RECEIVABLE,1431600,CREDIT,2026-08-08T15:59:45Z
LDG_EAFB0F0D,PAY_7323E196,ACCOUNTS_RECEIVABLE,566000,CREDIT,2026-08-19T17:03:59Z
LDG_E37A52E6,PAY_99C44420,ACCOUNTS_RECEIVABLE,1594100,CREDIT,2026-08-01T09:28:07Z
LDG_0D122684,PAY_700C3207,ACCOUNTS_RECEIVABLE,1552000,CREDIT,2026-08-08T16:16:09Z
LDG_42DD1EDF,PAY_89140B4F,ACCOUNTS_RECEIVABLE,710300,CREDIT,2026-08-01T18:56:04Z
LDG_0193DD38,PAY_2581355B,ACCOUNTS_RECEIVABLE,873400,CREDIT,2026-08-08T19:14:36Z
LDG_6294A176,PAY_040DF0B3,ACCOUNTS_RECEIVABLE,1708500,CREDIT,2026-08-13T08:53:49Z
LDG_6774CB6F,PAY_94AF64FB,ACCOUNTS_RECEIVABLE,756600,CREDIT,2026-08-20T20:49:25Z
LDG_A86BEED2,PAY_B4CF369D,ACCOUNTS_RECEIVABLE,371400,CREDIT,2026-08-06T07:21:25Z
LDG_8DB2F1BB,PAY_6E971D51,ACCOUNTS_RECEIVABLE,693300,CREDIT,2026-08-26T05:13:04Z
LDG_2B4E31BF,PAY_0EBDC88F,ACCOUNTS_RECEIVABLE,766500,CREDIT,2026-08-05T17:10:13Z
LDG_95AD6E20,PAY_87272030,ACCOUNTS_RECEIVABLE,1907300,CREDIT,2026-08-07T19:28:59Z
LDG_9ABC616E,PAY_5772B8FF,ACCOUNTS_RECEIVABLE,1717300,CREDIT,2026-07-23T13:24:16Z
LDG_33DDD5E0,PAY_CD091D80,ACCOUNTS_RECEIVABLE,1204300,CREDIT,2026-07-13T17:12:53Z
LDG_8865BDB0,PAY_9745E8BE,ACCOUNTS_RECEIVABLE,878100,CREDIT,2026-08-19T16:43:24Z
LDG_C328B5BC,PAY_9769A1BB,ACCOUNTS_RECEIVABLE,1931300,CREDIT,2026-07-25T08:49:44Z
LDG_46CEF68E,PAY_F38B614C,ACCOUNTS_RECEIVABLE,507700,CREDIT,2026-08-07T16:29:59Z
LDG_FC47D81B,PAY_A969268E,ACCOUNTS_RECEIVABLE,1680300,CREDIT,2026-08-30T07:17:17Z
LDG_CE52FC22,PAY_61986143,ACCOUNTS_RECEIVABLE,15000000,CREDIT,2026-07-23T13:55:36Z
LDG_A6E57C5E,PAY_5E1762D2,ACCOUNTS_RECEIVABLE,500300,CREDIT,2026-07-23T10:01:10Z
LDG_B061CC7C,PAY_51DC587A,ACCOUNTS_RECEIVABLE,1054300,CREDIT,2026-08-01T13:05:45Z
LDG_D6871BAB,PAY_88FDEB65,ACCOUNTS_RECEIVABLE,223200,CREDIT,2026-08-03T21:59:18Z
LDG_D8CFCB65,PAY_53394F56,ACCOUNTS_RECEIVABLE,1929200,CREDIT,2026-08-07T07:14:16Z
LDG_56C0825F,PAY_B2A804E0,ACCOUNTS_RECEIVABLE,1184100,CREDIT,2026-07-09T03:03:42Z
LDG_2DD1AEE7,PAY_97D7640F,ACCOUNTS_RECEIVABLE,386100,CREDIT,2026-07-11T05:12:08Z
LDG_57FCDC8A,PAY_B3ED6DDA,ACCOUNTS_RECEIVABLE,371600,CREDIT,2026-08-31T14:29:13Z
LDG_D9C926FF,PAY_F206B343,ACCOUNTS_RECEIVABLE,1592400,CREDIT,2026-08-19T00:48:14Z
LDG_2AD53088,PAY_2C20F938,ACCOUNTS_RECEIVABLE,1870500,CREDIT,2026-08-12T11:41:27Z
LDG_D63F1F46,PAY_A6B2A226,ACCOUNTS_RECEIVABLE,216800,CREDIT,2026-08-24T22:51:04Z
LDG_784FE59F,PAY_C7843A2B,ACCOUNTS_RECEIVABLE,1074600,CREDIT,2026-07-05T17:03:49Z
LDG_CC9017BE,PAY_E580CF32,ACCOUNTS_RECEIVABLE,1634100,CREDIT,2026-07-21T18:33:37Z
LDG_DB521033,PAY_7A52F13A,ACCOUNTS_RECEIVABLE,1530100,CREDIT,2026-08-17T11:26:37Z
LDG_F2EA6DA7,PAY_9A2F0961,ACCOUNTS_RECEIVABLE,39900,CREDIT,2026-07-14T12:59:46Z
LDG_DE78DF53,PAY_FF633366,ACCOUNTS_RECEIVABLE,1389200,CREDIT,2026-07-29T20:20:26Z
LDG_3E95080C,PAY_B818C419,ACCOUNTS_RECEIVABLE,1076500,CREDIT,2026-08-16T13:07:04Z
LDG_6654A7D3,PAY_98FD5757,ACCOUNTS_RECEIVABLE,60800,CREDIT,2026-08-15T07:19:18Z
LDG_D8231E59,PAY_6A55BB36,ACCOUNTS_RECEIVABLE,441700,CREDIT,2026-08-12T08:28:52Z
LDG_0CA11E94,PAY_51032D2A,ACCOUNTS_RECEIVABLE,852700,CREDIT,2026-08-12T00:56:18Z
LDG_B4D1F9FD,PAY_94A80A4C,ACCOUNTS_RECEIVABLE,1215600,CREDIT,2026-07-16T11:55:32Z
LDG_87A526BF,PAY_2EA89BAD,ACCOUNTS_RECEIVABLE,1522100,CREDIT,2026-07-05T13:19:21Z
LDG_03E7F8F6,PAY_E2FD25AE,ACCOUNTS_RECEIVABLE,73900,CREDIT,2026-07-13T19:20:38Z
LDG_8BB4490E,PAY_854A2793,ACCOUNTS_RECEIVABLE,1136800,CREDIT,2026-07-02T14:29:20Z
LDG_0599A6D9,PAY_33954D56,ACCOUNTS_RECEIVABLE,1183900,CREDIT,2026-08-27T22:20:51Z
LDG_A6DEB7FD,PAY_3590FD2F,ACCOUNTS_RECEIVABLE,178900,CREDIT,2026-08-14T05:17:26Z
LDG_7948AFC3,PAY_8BD58E2B,ACCOUNTS_RECEIVABLE,60000000,CREDIT,2026-07-02T15:36:03Z
LDG_F089BCCD,PAY_F85D03B6,ACCOUNTS_RECEIVABLE,1871000,CREDIT,2026-07-03T05:21:37Z
LDG_758C4B8C,PAY_DE9E8BAA,ACCOUNTS_RECEIVABLE,1708800,CREDIT,2026-08-12T09:13:27Z
LDG_D6DD6AC3,PAY_80277237,ACCOUNTS_RECEIVABLE,679500,CREDIT,2026-07-13T10:41:31Z
LDG_72581B3D,PAY_2ACA4472,ACCOUNTS_RECEIVABLE,1507700,CREDIT,2026-07-22T00:57:15Z
LDG_CB723F13,PAY_3B1F43DD,ACCOUNTS_RECEIVABLE,123700,CREDIT,2026-07-12T03:45:06Z
LDG_6BD18927,PAY_7619AD39,ACCOUNTS_RECEIVABLE,540700,CREDIT,2026-07-21T20:45:43Z
LDG_4208D6CE,PAY_BE02E235,ACCOUNTS_RECEIVABLE,1573600,CREDIT,2026-08-29T06:47:56Z
LDG_2A2F8D07,PAY_2E6C8213,ACCOUNTS_RECEIVABLE,126100,CREDIT,2026-08-21T20:10:11Z
LDG_D73FA1E4,PAY_4384757A,ACCOUNTS_RECEIVABLE,165400,CREDIT,2026-08-14T01:52:37Z
LDG_72C085AE,PAY_474663CA,ACCOUNTS_RECEIVABLE,471100,CREDIT,2026-07-17T17:56:30Z
LDG_3B4D6009,PAY_12411E80,ACCOUNTS_RECEIVABLE,1290100,CREDIT,2026-08-19T00:42:39Z
LDG_20BE9DBE,PAY_CA6814AD,ACCOUNTS_RECEIVABLE,1271000,CREDIT,2026-08-16T14:55:54Z
LDG_2A3477D9,PAY_F5D628CD,ACCOUNTS_RECEIVABLE,929900,CREDIT,2026-07-07T18:20:57Z
LDG_582E7BBB,PAY_5645E43D,ACCOUNTS_RECEIVABLE,41300,CREDIT,2026-07-19T13:59:27Z
LDG_DAFC3621,PAY_0E81AC78,ACCOUNTS_RECEIVABLE,1495900,CREDIT,2026-07-08T15:03:36Z
LDG_06F85425,PAY_EB5C88C0,ACCOUNTS_RECEIVABLE,1181500,CREDIT,2026-08-03T02:43:51Z
LDG_09030D4C,PAY_971CBD92,ACCOUNTS_RECEIVABLE,1161400,CREDIT,2026-08-01T00:38:23Z
LDG_78A137E1,PAY_D1FAE601,ACCOUNTS_RECEIVABLE,1968200,CREDIT,2026-07-16T23:52:47Z
LDG_841747BD,PAY_D5643B0D,ACCOUNTS_RECEIVABLE,808200,CREDIT,2026-07-31T20:53:57Z
LDG_F751239B,PAY_9D8A8493,ACCOUNTS_RECEIVABLE,882000,CREDIT,2026-08-26T01:14:13Z
LDG_09F5F732,PAY_F2BEEBF0,ACCOUNTS_RECEIVABLE,1707500,CREDIT,2026-07-16T11:02:45Z
LDG_24727639,PAY_4A7AC054,ACCOUNTS_RECEIVABLE,1342500,CREDIT,2026-08-08T19:22:43Z
LDG_E55B68AB,PAY_D986CD66,ACCOUNTS_RECEIVABLE,979900,CREDIT,2026-07-21T06:54:29Z
LDG_B175318A,PAY_B21252BB,ACCOUNTS_RECEIVABLE,673900,CREDIT,2026-07-28T17:12:29Z
LDG_518832B3,PAY_59665A1C,ACCOUNTS_RECEIVABLE,1117400,CREDIT,2026-07-06T18:54:13Z
LDG_78EC47E2,PAY_4CFC85EE,ACCOUNTS_RECEIVABLE,814800,CREDIT,2026-07-30T16:19:56Z
LDG_A968D355,PAY_DDE8D8AB,ACCOUNTS_RECEIVABLE,1229700,CREDIT,2026-08-12T02:18:25Z
LDG_382D9239,PAY_9625599D,ACCOUNTS_RECEIVABLE,256600,CREDIT,2026-07-06T07:28:25Z
LDG_BEF8320D,PAY_73F55627,ACCOUNTS_RECEIVABLE,63200,CREDIT,2026-07-23T17:31:46Z
LDG_7EA79F9A,PAY_BE46B54B,ACCOUNTS_RECEIVABLE,1400300,CREDIT,2026-07-02T10:21:24Z
LDG_A9762FA0,PAY_FD6074D4,ACCOUNTS_RECEIVABLE,1820500,CREDIT,2026-08-25T15:26:54Z
LDG_A6AB1AAD,PAY_9EA11203,ACCOUNTS_RECEIVABLE,140900,CREDIT,2026-07-04T05:37:01Z
LDG_B9F08FF3,PAY_C6033858,ACCOUNTS_RECEIVABLE,546600,CREDIT,2026-08-15T19:38:18Z
LDG_51F04504,PAY_313DABAD,ACCOUNTS_RECEIVABLE,214900,CREDIT,2026-08-12T21:50:53Z
LDG_F1B3ADB6,PAY_489DD4B5,ACCOUNTS_RECEIVABLE,1963900,CREDIT,2026-08-03T16:21:57Z
LDG_BB0FFFCE,PAY_2B09FF2E,ACCOUNTS_RECEIVABLE,1266200,CREDIT,2026-08-28T10:07:49Z
LDG_C487D072,PAY_803C25C1,ACCOUNTS_RECEIVABLE,278100,CREDIT,2026-08-31T23:26:49Z
LDG_FDE41303,PAY_9C4DBD70,ACCOUNTS_RECEIVABLE,858300,CREDIT,2026-08-19T14:07:53Z
LDG_9856ED1A,PAY_984E6D41,ACCOUNTS_RECEIVABLE,1673200,CREDIT,2026-08-11T21:04:08Z
LDG_0AFCEF50,PAY_A1D364B3,ACCOUNTS_RECEIVABLE,1944400,CREDIT,2026-07-08T05:30:22Z
LDG_FF5E99DA,PAY_F6D90C4C,ACCOUNTS_RECEIVABLE,1663800,CREDIT,2026-07-22T14:03:18Z
LDG_56835265,PAY_1147E8DB,ACCOUNTS_RECEIVABLE,34300,CREDIT,2026-08-17T05:51:45Z
LDG_47B30903,PAY_C129909C,ACCOUNTS_RECEIVABLE,89800,CREDIT,2026-08-03T05:32:10Z
LDG_C42E8247,PAY_E66E195C,ACCOUNTS_RECEIVABLE,1886200,CREDIT,2026-07-21T15:35:49Z
LDG_9726FA62,PAY_666F435E,ACCOUNTS_RECEIVABLE,5500000,CREDIT,2026-07-14T21:50:45Z
LDG_F97F9A4F,PAY_66ABFADF,ACCOUNTS_RECEIVABLE,1524700,CREDIT,2026-07-11T18:46:31Z
LDG_A092FE1C,PAY_6AA3486F,ACCOUNTS_RECEIVABLE,301200,CREDIT,2026-07-25T07:33:49Z
LDG_068246CE,PAY_DF1CF937,ACCOUNTS_RECEIVABLE,1338000,CREDIT,2026-07-18T08:38:01Z
LDG_B82C5271,PAY_C6067C79,ACCOUNTS_RECEIVABLE,1269100,CREDIT,2026-08-27T06:41:35Z
LDG_180A39DC,PAY_C445B807,ACCOUNTS_RECEIVABLE,1246700,CREDIT,2026-08-22T10:55:48Z
LDG_8ACDC5B9,PAY_AD90347E,ACCOUNTS_RECEIVABLE,1656700,CREDIT,2026-08-31T17:08:02Z
LDG_E6D0A43B,PAY_C06859AB,ACCOUNTS_RECEIVABLE,1404300,CREDIT,2026-08-20T06:14:52Z
LDG_048CEF9B,PAY_0207B2EB,ACCOUNTS_RECEIVABLE,1374000,CREDIT,2026-08-31T01:14:22Z
LDG_6F2E5C75,PAY_E35E9EEA,ACCOUNTS_RECEIVABLE,665600,CREDIT,2026-07-25T23:13:30Z
LDG_C679C4DE,PAY_B5A7512E,ACCOUNTS_RECEIVABLE,527200,CREDIT,2026-07-03T04:24:50Z
LDG_4936248A,PAY_54E6DAC3,ACCOUNTS_RECEIVABLE,657700,CREDIT,2026-07-09T08:17:38Z
LDG_BE76077E,PAY_7C8A0007,ACCOUNTS_RECEIVABLE,1950800,CREDIT,2026-08-06T05:17:49Z
LDG_5B193160,PAY_016AC39A,ACCOUNTS_RECEIVABLE,733200,CREDIT,2026-07-01T18:15:48Z
LDG_AFC42A8C,PAY_A22B4BD2,ACCOUNTS_RECEIVABLE,1760700,CREDIT,2026-07-30T16:48:03Z
LDG_A3FA5DE9,PAY_2797883A,ACCOUNTS_RECEIVABLE,415400,CREDIT,2026-07-15T07:41:28Z
LDG_48A67C92,PAY_6EC2B191,ACCOUNTS_RECEIVABLE,1929800,CREDIT,2026-08-01T19:53:11Z
LDG_1FBAB2B6,PAY_D5632BE6,ACCOUNTS_RECEIVABLE,1696300,CREDIT,2026-07-03T12:48:10Z
LDG_52D6C8F1,PAY_07F16420,ACCOUNTS_RECEIVABLE,68300,CREDIT,2026-08-31T14:50:33Z
LDG_E871EFAC,PAY_2D2D35BC,ACCOUNTS_RECEIVABLE,970800,CREDIT,2026-07-03T08:38:36Z
LDG_B657468A,PAY_F5D0FA27,ACCOUNTS_RECEIVABLE,742400,CREDIT,2026-07-21T18:38:21Z
LDG_26317D2F,PAY_E5F5C5D2,ACCOUNTS_RECEIVABLE,663000,CREDIT,2026-07-30T22:07:38Z
LDG_4355CF7C,PAY_5F6ADB48,ACCOUNTS_RECEIVABLE,954100,CREDIT,2026-08-26T05:18:47Z
LDG_AEE7B0D6,PAY_3A30707D,ACCOUNTS_RECEIVABLE,1114900,CREDIT,2026-08-05T02:36:54Z
LDG_02DF6D2F,PAY_C2DAB110,ACCOUNTS_RECEIVABLE,64300,CREDIT,2026-08-10T14:07:56Z
LDG_5CF8D0BD,PAY_67EAADC2,ACCOUNTS_RECEIVABLE,254500,CREDIT,2026-08-21T07:25:48Z
LDG_8884B013,PAY_77353F10,ACCOUNTS_RECEIVABLE,260700,CREDIT,2026-08-21T18:50:18Z
LDG_84D24574,PAY_7F51EAB9,ACCOUNTS_RECEIVABLE,1661300,CREDIT,2026-08-30T11:48:35Z
LDG_7D43A42C,PAY_7FEDCA06,ACCOUNTS_RECEIVABLE,196600,CREDIT,2026-07-15T09:05:06Z
LDG_B95E9576,PAY_64ACCE95,ACCOUNTS_RECEIVABLE,1236400,CREDIT,2026-07-03T07:44:05Z
LDG_3DD020EF,PAY_DCE077DE,ACCOUNTS_RECEIVABLE,168600,CREDIT,2026-08-11T00:43:24Z
LDG_AC251529,PAY_574F3542,ACCOUNTS_RECEIVABLE,1900000,CREDIT,2026-08-12T00:08:49Z
LDG_13BCCC96,PAY_E9FE26B3,ACCOUNTS_RECEIVABLE,1652400,CREDIT,2026-07-09T00:11:09Z
LDG_BB4FEC1D,PAY_BC72C5C1,ACCOUNTS_RECEIVABLE,1843700,CREDIT,2026-07-03T00:53:25Z
LDG_1866F6B5,PAY_413BEAE0,ACCOUNTS_RECEIVABLE,425100,CREDIT,2026-07-06T18:48:42Z
LDG_62D1AE06,PAY_BC1DE263,ACCOUNTS_RECEIVABLE,1192400,CREDIT,2026-07-12T17:15:19Z
LDG_A40DA4DE,PAY_0A0546B4,ACCOUNTS_RECEIVABLE,392200,CREDIT,2026-07-28T19:37:36Z
LDG_AB3756E6,PAY_E34DAADE,ACCOUNTS_RECEIVABLE,1956200,CREDIT,2026-07-11T03:03:26Z
LDG_2D8A2DAE,PAY_D96E697C,ACCOUNTS_RECEIVABLE,26200,CREDIT,2026-08-17T21:11:10Z
LDG_AAD5E8C2,PAY_FC686177,ACCOUNTS_RECEIVABLE,1801500,CREDIT,2026-08-28T09:11:17Z
LDG_FDD02D17,PAY_8BE5CAB1,ACCOUNTS_RECEIVABLE,1927900,CREDIT,2026-08-29T14:36:19Z
LDG_74387E78,PAY_FD30910C,ACCOUNTS_RECEIVABLE,1532100,CREDIT,2026-07-26T06:28:12Z
LDG_87F942D8,PAY_634A3741,ACCOUNTS_RECEIVABLE,849900,CREDIT,2026-07-14T00:06:08Z
LDG_FEA180F8,PAY_72288846,ACCOUNTS_RECEIVABLE,770400,CREDIT,2026-07-15T13:59:09Z
LDG_8B219E6D,PAY_1BD58ED6,ACCOUNTS_RECEIVABLE,718200,CREDIT,2026-08-05T22:41:46Z
LDG_ED409F74,PAY_ADC6D4B7,ACCOUNTS_RECEIVABLE,203700,CREDIT,2026-07-17T08:57:34Z
LDG_8B41D7F1,PAY_9CBEE234,ACCOUNTS_RECEIVABLE,981200,CREDIT,2026-07-16T01:39:35Z
LDG_E755BA68,PAY_648FC38A,ACCOUNTS_RECEIVABLE,272000,CREDIT,2026-07-05T08:26:29Z
LDG_727BDBB1,PAY_57C6F345,ACCOUNTS_RECEIVABLE,834800,CREDIT,2026-07-02T19:19:03Z
LDG_AEA05A46,PAY_D526BB51,ACCOUNTS_RECEIVABLE,366000,CREDIT,2026-08-19T10:18:44Z
LDG_0016C120,PAY_67F90260,ACCOUNTS_RECEIVABLE,1851400,CREDIT,2026-08-07T08:41:55Z
LDG_60802611,PAY_F0D32970,ACCOUNTS_RECEIVABLE,15000000,CREDIT,2026-08-04T20:32:32Z
LDG_43812778,PAY_4FE08FC1,ACCOUNTS_RECEIVABLE,823600,CREDIT,2026-08-10T07:58:30Z
LDG_ED4DB96E,PAY_8BEBAF27,ACCOUNTS_RECEIVABLE,581600,CREDIT,2026-07-09T21:26:41Z
LDG_16506938,PAY_8FA9F396,ACCOUNTS_RECEIVABLE,434100,CREDIT,2026-08-24T17:55:24Z
LDG_0391C422,PAY_F5533AAB,ACCOUNTS_RECEIVABLE,1207200,CREDIT,2026-07-15T19:18:10Z
LDG_2387BE0D,PAY_C9AF1DA7,ACCOUNTS_RECEIVABLE,1675100,CREDIT,2026-07-08T01:53:17Z
LDG_F33D5AC5,PAY_56955A3C,ACCOUNTS_RECEIVABLE,519000,CREDIT,2026-08-15T19:28:31Z
LDG_064121B2,PAY_AFD551C3,ACCOUNTS_RECEIVABLE,1866300,CREDIT,2026-07-10T20:37:24Z
LDG_AADDCB67,PAY_8EC7EDB1,ACCOUNTS_RECEIVABLE,771800,CREDIT,2026-08-28T18:48:11Z
LDG_ED5EAF44,PAY_55193554,ACCOUNTS_RECEIVABLE,731100,CREDIT,2026-07-09T23:36:22Z
LDG_43261739,PAY_7062E0FD,ACCOUNTS_RECEIVABLE,60000000,CREDIT,2026-08-06T06:21:31Z
LDG_AD848D36,PAY_6A28359E,ACCOUNTS_RECEIVABLE,1313800,CREDIT,2026-08-24T16:02:55Z
LDG_5BF6EBDB,PAY_51025988,ACCOUNTS_RECEIVABLE,60000000,CREDIT,2026-08-19T10:14:56Z
LDG_B383F796,PAY_191C1860,ACCOUNTS_RECEIVABLE,47600,CREDIT,2026-07-08T16:29:53Z
LDG_B51CBF7B,PAY_6BC41719,ACCOUNTS_RECEIVABLE,1107500,CREDIT,2026-08-11T16:56:18Z
LDG_74B37C34,PAY_DBBA5AC6,ACCOUNTS_RECEIVABLE,423400,CREDIT,2026-08-02T23:34:03Z
LDG_AE5890D4,PAY_8F6FAB27,ACCOUNTS_RECEIVABLE,352500,CREDIT,2026-08-13T05:00:51Z
LDG_570F78DE,PAY_EC9E2A59,ACCOUNTS_RECEIVABLE,1691400,CREDIT,2026-08-20T13:29:21Z
LDG_A910113C,PAY_429FF9AF,ACCOUNTS_RECEIVABLE,477600,CREDIT,2026-09-01T05:32:01Z
LDG_8AF7E83D,PAY_B08B69B5,ACCOUNTS_RECEIVABLE,1804800,CREDIT,2026-08-14T02:21:35Z
LDG_D4380B46,PAY_ADA4A712,ACCOUNTS_RECEIVABLE,1258600,CREDIT,2026-08-05T06:03:39Z
LDG_DBB3EF0F,PAY_7F222F97,ACCOUNTS_RECEIVABLE,935500,CREDIT,2026-07-14T02:18:13Z
LDG_50C18F2B,PAY_99866C6D,ACCOUNTS_RECEIVABLE,266100,CREDIT,2026-07-07T21:30:41Z
LDG_2D9A98DE,PAY_AFBEB584,ACCOUNTS_RECEIVABLE,1874600,CREDIT,2026-07-13T23:54:38Z
LDG_5B229A95,PAY_C87E7EE5,ACCOUNTS_RECEIVABLE,1733200,CREDIT,2026-08-15T18:19:44Z
LDG_D00BB808,PAY_A3BB422D,ACCOUNTS_RECEIVABLE,257300,CREDIT,2026-08-20T02:29:09Z
LDG_EE5F77DD,PAY_0EF2233C,ACCOUNTS_RECEIVABLE,1445500,CREDIT,2026-07-08T00:28:18Z
LDG_58943F0B,PAY_4FC23503,ACCOUNTS_RECEIVABLE,180700,CREDIT,2026-07-24T12:27:54Z
LDG_FA5AA27B,PAY_C4EC10BE,ACCOUNTS_RECEIVABLE,699800,CREDIT,2026-08-28T17:08:27Z
LDG_8C572B50,PAY_32BEDC88,ACCOUNTS_RECEIVABLE,403300,CREDIT,2026-08-18T22:29:11Z
LDG_87C81A4D,PAY_9E0DA450,ACCOUNTS_RECEIVABLE,1704000,CREDIT,2026-08-04T02:43:45Z
LDG_9F720C4D,PAY_2A540D9B,ACCOUNTS_RECEIVABLE,43800,CREDIT,2026-07-06T09:15:59Z
LDG_FB6EE97E,PAY_A4C86174,ACCOUNTS_RECEIVABLE,311300,CREDIT,2026-07-22T09:43:04Z
LDG_5ED0CBD4,PAY_A9A404E6,ACCOUNTS_RECEIVABLE,1276500,CREDIT,2026-08-01T14:18:47Z
LDG_208BBD4E,PAY_54084F13,ACCOUNTS_RECEIVABLE,1225400,CREDIT,2026-08-31T06:13:49Z
LDG_B28D8B22,PAY_87EF8204,ACCOUNTS_RECEIVABLE,1631000,CREDIT,2026-08-06T22:24:32Z
LDG_F1704CD8,PAY_5BBF6110,ACCOUNTS_RECEIVABLE,1422400,CREDIT,2026-07-28T12:47:20Z
LDG_BACB7BBD,PAY_403F1114,ACCOUNTS_RECEIVABLE,1604800,CREDIT,2026-08-03T00:17:34Z
LDG_BA0C2B87,PAY_469AF715,ACCOUNTS_RECEIVABLE,1906400,CREDIT,2026-07-29T23:01:25Z
LDG_7D8C33DF,PAY_2F965EEF,ACCOUNTS_RECEIVABLE,700800,CREDIT,2026-07-25T23:45:17Z
LDG_F2326206,PAY_D5A78EAD,ACCOUNTS_RECEIVABLE,332200,CREDIT,2026-07-14T16:29:40Z
LDG_2A318DBE,PAY_DBF177E0,ACCOUNTS_RECEIVABLE,813200,CREDIT,2026-08-22T20:33:51Z
LDG_2151FA16,PAY_C038F450,ACCOUNTS_RECEIVABLE,1705200,CREDIT,2026-09-01T02:08:23Z
LDG_229E49CA,PAY_E3AB1B47,ACCOUNTS_RECEIVABLE,730200,CREDIT,2026-07-26T13:39:01Z
LDG_B23BB0D8,PAY_925C4F66,ACCOUNTS_RECEIVABLE,1103300,CREDIT,2026-09-01T12:19:14Z
LDG_58AE0E07,PAY_51755DEA,ACCOUNTS_RECEIVABLE,200400,CREDIT,2026-07-15T08:21:04Z
LDG_A7A14949,PAY_256959F4,ACCOUNTS_RECEIVABLE,1683800,CREDIT,2026-07-10T01:16:59Z
LDG_F4781A91,PAY_28A80F62,ACCOUNTS_RECEIVABLE,763900,CREDIT,2026-08-20T14:15:18Z
LDG_700301FF,PAY_67BB5CC9,ACCOUNTS_RECEIVABLE,1956200,CREDIT,2026-08-18T09:14:36Z
LDG_CD3EFC91,PAY_F1555B05,ACCOUNTS_RECEIVABLE,1317100,CREDIT,2026-07-09T17:20:27Z
LDG_CF31BBEF,PAY_C41C22FE,ACCOUNTS_RECEIVABLE,1743000,CREDIT,2026-08-29T03:33:06Z
LDG_90A88262,PAY_9A7EDFF6,ACCOUNTS_RECEIVABLE,220100,CREDIT,2026-08-03T02:32:20Z
LDG_0252CE84,PAY_1BBA482B,ACCOUNTS_RECEIVABLE,1703900,CREDIT,2026-07-09T03:17:27Z
LDG_D3259EEE,PAY_16527256,ACCOUNTS_RECEIVABLE,483600,CREDIT,2026-07-22T16:32:52Z
LDG_EC96C2B0,PAY_FE541038,ACCOUNTS_RECEIVABLE,1083200,CREDIT,2026-08-02T03:25:56Z
LDG_4DB9DEEB,PAY_33B59AD3,ACCOUNTS_RECEIVABLE,1566600,CREDIT,2026-07-29T08:55:53Z
LDG_A370565E,PAY_A2646393,ACCOUNTS_RECEIVABLE,1171300,CREDIT,2026-07-25T21:18:18Z
LDG_21B6C1D9,PAY_AF9C3303,ACCOUNTS_RECEIVABLE,616900,CREDIT,2026-07-18T06:00:44Z
LDG_EDAA3A1F,PAY_15BBFCC0,ACCOUNTS_RECEIVABLE,5500000,CREDIT,2026-07-03T07:56:07Z
LDG_3FFD0ED0,PAY_D981D9AA,ACCOUNTS_RECEIVABLE,1234600,CREDIT,2026-08-16T07:52:23Z
LDG_019F05CE,PAY_20E9407A,ACCOUNTS_RECEIVABLE,1192000,CREDIT,2026-07-07T20:51:51Z
LDG_21568925,PAY_6137642A,ACCOUNTS_RECEIVABLE,802800,CREDIT,2026-08-01T08:24:12Z
LDG_1D61AC29,PAY_3082E52F,ACCOUNTS_RECEIVABLE,1859300,CREDIT,2026-07-08T08:52:44Z
LDG_468D22CF,PAY_96B3C8DB,ACCOUNTS_RECEIVABLE,926500,CREDIT,2026-07-07T22:49:53Z
LDG_28EC35A6,PAY_42CE232D,ACCOUNTS_RECEIVABLE,1763400,CREDIT,2026-07-21T19:37:03Z
LDG_3A7B22F1,PAY_7BEEDC95,ACCOUNTS_RECEIVABLE,668800,CREDIT,2026-07-02T16:05:09Z
LDG_2CE35AB2,PAY_F13FE9EF,ACCOUNTS_RECEIVABLE,952500,CREDIT,2026-07-08T23:13:57Z
LDG_56A4B01F,PAY_EA377AB5,ACCOUNTS_RECEIVABLE,863100,CREDIT,2026-08-17T07:07:49Z
LDG_FA37CB39,PAY_C2F3B082,ACCOUNTS_RECEIVABLE,766900,CREDIT,2026-07-09T01:01:56Z
LDG_86D285D0,PAY_B5E009E5,ACCOUNTS_RECEIVABLE,182000,CREDIT,2026-08-26T23:48:51Z
LDG_94ED9D38,PAY_38782497,ACCOUNTS_RECEIVABLE,1674600,CREDIT,2026-08-05T05:37:45Z
LDG_36E7E653,PAY_C4D5537A,ACCOUNTS_RECEIVABLE,1191700,CREDIT,2026-07-13T22:21:27Z
LDG_D527A39A,PAY_7B3E9C96,ACCOUNTS_RECEIVABLE,1848600,CREDIT,2026-07-06T06:19:12Z
LDG_F2C30ED9,PAY_E55325B8,ACCOUNTS_RECEIVABLE,1764000,CREDIT,2026-07-20T15:18:00Z
LDG_B9DA99DB,PAY_6B790A92,ACCOUNTS_RECEIVABLE,258500,CREDIT,2026-08-27T08:36:20Z
LDG_25F1A59F,PAY_0DD412DE,ACCOUNTS_RECEIVABLE,909700,CREDIT,2026-08-01T18:33:04Z
LDG_4C32268D,PAY_B2393ED7,ACCOUNTS_RECEIVABLE,339800,CREDIT,2026-07-14T05:15:14Z
LDG_7EA3F107,PAY_C3D0AD7D,ACCOUNTS_RECEIVABLE,569800,CREDIT,2026-08-30T05:10:00Z
LDG_B41A5727,PAY_D820EDCD,ACCOUNTS_RECEIVABLE,1792100,CREDIT,2026-07-24T19:38:03Z
LDG_E406C548,PAY_C0523558,ACCOUNTS_RECEIVABLE,445700,CREDIT,2026-07-01T10:19:26Z
LDG_E2065D49,PAY_EA0DE284,ACCOUNTS_RECEIVABLE,1062900,CREDIT,2026-08-28T21:37:23Z
LDG_1FA2D857,PAY_6CE10A68,ACCOUNTS_RECEIVABLE,1210200,CREDIT,2026-07-16T13:45:03Z
LDG_E80F2C88,PAY_9129BE6F,ACCOUNTS_RECEIVABLE,1313400,CREDIT,2026-07-23T10:55:34Z
LDG_896F36A3,PAY_9526C83A,ACCOUNTS_RECEIVABLE,17800,CREDIT,2026-08-08T09:30:18Z
LDG_C9DAFD3B,PAY_53B595B0,ACCOUNTS_RECEIVABLE,1627700,CREDIT,2026-07-15T14:01:17Z
LDG_1FB0383C,PAY_F54135F9,ACCOUNTS_RECEIVABLE,301100,CREDIT,2026-08-22T22:33:52Z
LDG_6AB5293D,PAY_3B8E0A28,ACCOUNTS_RECEIVABLE,1942700,CREDIT,2026-07-22T11:15:01Z
LDG_4637D699,PAY_75425DE7,ACCOUNTS_RECEIVABLE,45600,CREDIT,2026-08-31T20:51:58Z
LDG_A2891822,PAY_70F924E8,ACCOUNTS_RECEIVABLE,1635500,CREDIT,2026-08-30T05:45:35Z
LDG_C19D3DD5,PAY_33318BE7,ACCOUNTS_RECEIVABLE,876600,CREDIT,2026-08-12T09:04:05Z
LDG_0F22CA3E,PAY_A5DE6583,ACCOUNTS_RECEIVABLE,803700,CREDIT,2026-08-27T13:05:28Z
LDG_3FBAF76B,PAY_AD4DE329,ACCOUNTS_RECEIVABLE,1983200,CREDIT,2026-07-07T15:35:17Z
LDG_8E694FAD,PAY_65E74D56,ACCOUNTS_RECEIVABLE,543600,CREDIT,2026-07-04T23:21:01Z
LDG_3B1971FE,PAY_2AD75104,ACCOUNTS_RECEIVABLE,1953100,CREDIT,2026-07-31T14:26:41Z
LDG_721214A0,PAY_08772772,ACCOUNTS_RECEIVABLE,1518000,CREDIT,2026-07-26T19:24:13Z
LDG_F96EA4B7,PAY_56CC8135,ACCOUNTS_RECEIVABLE,703000,CREDIT,2026-09-01T21:40:54Z
LDG_AE98F9B5,PAY_5779AA86,ACCOUNTS_RECEIVABLE,962500,CREDIT,2026-07-31T22:32:17Z
LDG_FE01D5A0,PAY_D49BDABF,ACCOUNTS_RECEIVABLE,1250100,CREDIT,2026-08-11T06:45:18Z
LDG_E245B6A0,PAY_EB382866,ACCOUNTS_RECEIVABLE,1915300,CREDIT,2026-08-18T11:14:48Z
LDG_FFEC49B3,PAY_05A7025D,ACCOUNTS_RECEIVABLE,176900,CREDIT,2026-07-03T04:34:02Z
LDG_7EC18965,PAY_76DFD44F,ACCOUNTS_RECEIVABLE,443400,CREDIT,2026-08-17T12:25:40Z
LDG_AD0E73A0,PAY_4ACABC9B,ACCOUNTS_RECEIVABLE,1177100,CREDIT,2026-07-23T20:14:18Z
LDG_55118CFA,PAY_690781D2,ACCOUNTS_RECEIVABLE,1999400,CREDIT,2026-08-21T03:20:53Z
LDG_2D4C903F,PAY_86BED4CC,ACCOUNTS_RECEIVABLE,1268500,CREDIT,2026-07-02T02:12:50Z
LDG_803DB34B,PAY_63EA7239,ACCOUNTS_RECEIVABLE,1590100,CREDIT,2026-07-04T20:32:15Z
LDG_8AD4B764,PAY_5B2C4D30,ACCOUNTS_RECEIVABLE,1425900,CREDIT,2026-07-27T11:25:34Z
LDG_6BD351D8,PAY_F2C0F69A,ACCOUNTS_RECEIVABLE,1900600,CREDIT,2026-07-05T13:48:04Z
LDG_068D690D,PAY_25E0597B,ACCOUNTS_RECEIVABLE,949000,CREDIT,2026-07-13T09:40:54Z
LDG_5EB2770C,PAY_F5F42F4E,ACCOUNTS_RECEIVABLE,1358700,CREDIT,2026-08-14T10:41:33Z
LDG_04A3EFF8,PAY_76BF3317,ACCOUNTS_RECEIVABLE,1690200,CREDIT,2026-07-02T17:13:34Z
LDG_BB5D7BF8,PAY_47ADE676,ACCOUNTS_RECEIVABLE,805300,CREDIT,2026-08-03T03:15:55Z
LDG_8A7FF6B6,PAY_E551BF98,ACCOUNTS_RECEIVABLE,1565900,CREDIT,2026-08-08T08:15:54Z
LDG_5FC931EA,PAY_DA07911E,ACCOUNTS_RECEIVABLE,1415700,CREDIT,2026-09-01T01:32:11Z
LDG_174778E7,PAY_C99D488F,ACCOUNTS_RECEIVABLE,610800,CREDIT,2026-07-07T06:45:42Z
LDG_76844009,PAY_0F88CA1A,ACCOUNTS_RECEIVABLE,733700,CREDIT,2026-07-26T08:38:17Z
LDG_9B14B2F5,PAY_B994D597,ACCOUNTS_RECEIVABLE,1678600,CREDIT,2026-08-17T19:23:22Z
LDG_F24C62AE,PAY_21249F5E,ACCOUNTS_RECEIVABLE,1640200,CREDIT,2026-07-27T19:22:44Z
LDG_6C2BA96D,PAY_A27DED04,ACCOUNTS_RECEIVABLE,1491400,CREDIT,2026-08-20T01:25:26Z
LDG_45302AA5,PAY_9572C742,ACCOUNTS_RECEIVABLE,597800,CREDIT,2026-07-20T02:30:47Z
LDG_93EB4B40,PAY_25593DC7,ACCOUNTS_RECEIVABLE,1296200,CREDIT,2026-08-23T18:57:57Z
LDG_2F8BE840,PAY_54FE85E5,ACCOUNTS_RECEIVABLE,109400,CREDIT,2026-08-02T16:21:27Z
LDG_05CA3AC8,PAY_6C37C431,ACCOUNTS_RECEIVABLE,1059900,CREDIT,2026-08-10T17:31:06Z
LDG_00B0196D,PAY_383FBBE8,ACCOUNTS_RECEIVABLE,1095700,CREDIT,2026-07-27T11:31:01Z
LDG_C4E8E997,PAY_424848DA,ACCOUNTS_RECEIVABLE,61200,CREDIT,2026-08-30T13:08:23Z
LDG_C6CB27D6,PAY_CE69143F,ACCOUNTS_RECEIVABLE,1412000,CREDIT,2026-08-17T13:44:49Z
LDG_C88CDA6C,PAY_B4F7B275,ACCOUNTS_RECEIVABLE,209600,CREDIT,2026-07-20T15:39:22Z
LDG_63B31C75,PAY_1785447F,ACCOUNTS_RECEIVABLE,83000,CREDIT,2026-08-24T20:20:27Z
LDG_7DF8C1C0,PAY_0DA65328,ACCOUNTS_RECEIVABLE,296900,CREDIT,2026-08-11T19:16:21Z
LDG_27B73829,PAY_9B1221DB,ACCOUNTS_RECEIVABLE,1968700,CREDIT,2026-08-24T07:08:45Z
LDG_133B63B0,PAY_E8DD11DD,ACCOUNTS_RECEIVABLE,17200,CREDIT,2026-07-14T23:28:11Z
LDG_F7A2E998,PAY_5215A8DE,ACCOUNTS_RECEIVABLE,922100,CREDIT,2026-08-25T03:42:18Z
LDG_DFFF59DD,PAY_B8A7A340,ACCOUNTS_RECEIVABLE,1154400,CREDIT,2026-07-15T17:20:27Z
LDG_4DF8BD44,PAY_3FF36337,ACCOUNTS_RECEIVABLE,684000,CREDIT,2026-08-03T03:35:53Z
LDG_8B097768,PAY_ECC1C898,ACCOUNTS_RECEIVABLE,1024000,CREDIT,2026-07-04T15:42:25Z
LDG_1A5C9D22,PAY_B3CA5170,ACCOUNTS_RECEIVABLE,5500000,CREDIT,2026-08-27T18:43:16Z
LDG_D1AB19D6,PAY_CA172139,ACCOUNTS_RECEIVABLE,717900,CREDIT,2026-07-31T13:54:46Z
LDG_5925960A,PAY_ABF124BC,ACCOUNTS_RECEIVABLE,470500,CREDIT,2026-07-13T13:29:11Z
LDG_5D092D1F,PAY_7EA61FDE,ACCOUNTS_RECEIVABLE,1403700,CREDIT,2026-07-30T16:04:54Z
LDG_AE95820C,PAY_8E777EC0,ACCOUNTS_RECEIVABLE,30000000,CREDIT,2026-08-26T18:28:43Z
LDG_7C894F0B,PAY_F57EBE86,ACCOUNTS_RECEIVABLE,399100,CREDIT,2026-07-11T22:08:22Z
LDG_02E4DA08,PAY_80204651,ACCOUNTS_RECEIVABLE,1293100,CREDIT,2026-07-06T15:56:52Z
LDG_6C595C13,PAY_13FC463A,ACCOUNTS_RECEIVABLE,1712900,CREDIT,2026-07-24T21:02:22Z
LDG_4355B067,PAY_36277FA8,ACCOUNTS_RECEIVABLE,596700,CREDIT,2026-07-25T00:46:02Z
LDG_5276197F,PAY_E18F2D98,ACCOUNTS_RECEIVABLE,396200,CREDIT,2026-08-10T14:18:40Z
LDG_794E12E8,PAY_ADBB47EB,ACCOUNTS_RECEIVABLE,1063700,CREDIT,2026-08-15T00:16:42Z
LDG_83A45F6F,PAY_9D9B17BF,ACCOUNTS_RECEIVABLE,1246800,CREDIT,2026-07-11T04:06:07Z
LDG_7CCF6A9B,PAY_C6C157BE,ACCOUNTS_RECEIVABLE,739300,CREDIT,2026-07-12T06:34:49Z
LDG_F04C10CA,PAY_6CC6E1B2,ACCOUNTS_RECEIVABLE,524000,CREDIT,2026-07-16T00:26:08Z
LDG_65481D1D,PAY_2C59B10C,ACCOUNTS_RECEIVABLE,1218300,CREDIT,2026-07-31T09:28:45Z
LDG_E54E9ADD,PAY_51532889,ACCOUNTS_RECEIVABLE,1695700,CREDIT,2026-07-27T01:52:00Z
LDG_DF59E2EC,PAY_4C12DDAC,ACCOUNTS_RECEIVABLE,1751800,CREDIT,2026-08-19T23:42:43Z
LDG_A4DAAE3A,PAY_C51849EC,ACCOUNTS_RECEIVABLE,531700,CREDIT,2026-08-29T02:21:13Z
LDG_B2DF1E67,PAY_BE574A8E,ACCOUNTS_RECEIVABLE,448600,CREDIT,2026-08-30T05:59:28Z
LDG_D6A42B28,PAY_CB7DC984,ACCOUNTS_RECEIVABLE,591900,CREDIT,2026-07-19T08:10:18Z
LDG_FFED2631,PAY_EAEA2990,ACCOUNTS_RECEIVABLE,1197900,CREDIT,2026-08-01T03:40:40Z
LDG_3681842B,PAY_D9411086,ACCOUNTS_RECEIVABLE,419700,CREDIT,2026-07-03T07:18:19Z
LDG_F4968A6E,PAY_C92D6E80,ACCOUNTS_RECEIVABLE,1806800,CREDIT,2026-08-26T04:43:28Z
LDG_28375985,PAY_557CC137,ACCOUNTS_RECEIVABLE,1812800,CREDIT,2026-08-07T22:13:43Z
LDG_BA42860B,PAY_EF93C9F0,ACCOUNTS_RECEIVABLE,587200,CREDIT,2026-07-05T13:57:01Z
LDG_0A61228E,PAY_B6125006,ACCOUNTS_RECEIVABLE,525300,CREDIT,2026-07-08T01:34:43Z
LDG_B8B9A679,PAY_F5555C61,ACCOUNTS_RECEIVABLE,1701800,CREDIT,2026-08-24T17:47:56Z
LDG_859F6197,PAY_3982BC17,ACCOUNTS_RECEIVABLE,1856300,CREDIT,2026-07-24T09:16:03Z
LDG_8EF69C26,PAY_29698A57,ACCOUNTS_RECEIVABLE,980000,CREDIT,2026-08-27T20:20:14Z
LDG_DA29828B,PAY_52EB0646,ACCOUNTS_RECEIVABLE,621300,CREDIT,2026-08-22T15:11:17Z
LDG_F4C757C8,PAY_F421501C,ACCOUNTS_RECEIVABLE,834600,CREDIT,2026-09-01T00:34:31Z
LDG_8B8436FF,PAY_C686ADF2,ACCOUNTS_RECEIVABLE,396000,CREDIT,2026-08-02T00:26:51Z
LDG_58A8C0FB,PAY_F59671A7,ACCOUNTS_RECEIVABLE,1634000,CREDIT,2026-08-12T09:15:45Z
LDG_42BA56EA,PAY_8777A8DA,ACCOUNTS_RECEIVABLE,135400,CREDIT,2026-08-28T21:08:29Z
LDG_415D80E6,PAY_D9804009,ACCOUNTS_RECEIVABLE,1347200,CREDIT,2026-07-19T00:08:45Z
LDG_0FB2E2AC,PAY_EC24EE30,ACCOUNTS_RECEIVABLE,1798500,CREDIT,2026-08-21T09:24:31Z
LDG_D7543C34,PAY_11402A5F,ACCOUNTS_RECEIVABLE,1806300,CREDIT,2026-07-14T11:15:42Z
LDG_D9D98A0C,PAY_360409F9,ACCOUNTS_RECEIVABLE,689900,CREDIT,2026-08-19T04:08:29Z
LDG_8E5604AC,PAY_F7E29559,ACCOUNTS_RECEIVABLE,1852800,CREDIT,2026-07-19T14:38:18Z
LDG_D81FD96B,PAY_77AF1E71,ACCOUNTS_RECEIVABLE,107400,CREDIT,2026-07-06T03:29:54Z
LDG_3262DCB2,PAY_DD4BAB86,ACCOUNTS_RECEIVABLE,1297000,CREDIT,2026-07-06T01:55:31Z
LDG_452BC606,PAY_A1CC75DC,ACCOUNTS_RECEIVABLE,508100,CREDIT,2026-07-27T14:08:25Z
LDG_D85B72EE,PAY_43591834,ACCOUNTS_RECEIVABLE,695100,CREDIT,2026-07-30T04:28:30Z
LDG_DBFB071F,PAY_03D14A67,ACCOUNTS_RECEIVABLE,1187700,CREDIT,2026-07-05T23:49:23Z
LDG_E948BA3B,PAY_790EFF3A,ACCOUNTS_RECEIVABLE,531300,CREDIT,2026-08-08T10:37:23Z
LDG_DA7000AD,PAY_E83D0B3A,ACCOUNTS_RECEIVABLE,1612300,CREDIT,2026-07-19T05:27:47Z
LDG_BB55FE24,PAY_9C02CCC7,ACCOUNTS_RECEIVABLE,555100,CREDIT,2026-08-13T16:43:26Z
LDG_AD722ED1,PAY_C183C9A8,ACCOUNTS_RECEIVABLE,770500,CREDIT,2026-07-03T01:10:53Z
LDG_C69E1876,PAY_B322BEF9,ACCOUNTS_RECEIVABLE,1638700,CREDIT,2026-07-02T22:43:08Z
LDG_F2B7D773,PAY_947B2520,ACCOUNTS_RECEIVABLE,561600,CREDIT,2026-08-13T03:03:53Z
LDG_E5ED45D8,PAY_D4F870A1,ACCOUNTS_RECEIVABLE,288700,CREDIT,2026-07-27T06:06:58Z
LDG_C183ACFC,PAY_54165853,ACCOUNTS_RECEIVABLE,91700,CREDIT,2026-07-03T02:39:07Z
LDG_AF6BF09D,PAY_8F88FA98,ACCOUNTS_RECEIVABLE,1571200,CREDIT,2026-07-01T21:50:00Z
LDG_E38DA980,PAY_42673BEF,ACCOUNTS_RECEIVABLE,778400,CREDIT,2026-08-12T04:48:06Z
LDG_47ADD1BD,PAY_5A087831,ACCOUNTS_RECEIVABLE,980200,CREDIT,2026-08-25T23:43:03Z
LDG_1B89FA3B,PAY_FD380917,ACCOUNTS_RECEIVABLE,279900,CREDIT,2026-07-25T13:56:55Z
LDG_761B8868,PAY_55DD201C,ACCOUNTS_RECEIVABLE,704800,CREDIT,2026-08-23T12:44:01Z
LDG_FEF0CE8C,PAY_A9383AC1,ACCOUNTS_RECEIVABLE,1788100,CREDIT,2026-07-08T22:52:41Z
LDG_7A71204D,PAY_1B65B981,ACCOUNTS_RECEIVABLE,1606400,CREDIT,2026-07-23T05:32:11Z
LDG_4C75E241,PAY_319523DA,ACCOUNTS_RECEIVABLE,1481600,CREDIT,2026-07-11T07:29:00Z
LDG_556F5F06,PAY_EB7912DB,ACCOUNTS_RECEIVABLE,908100,CREDIT,2026-07-11T05:12:42Z
LDG_D6660E31,PAY_519C6035,ACCOUNTS_RECEIVABLE,141600,CREDIT,2026-08-02T21:15:56Z
LDG_A1F68AD2,PAY_D5D9FE08,ACCOUNTS_RECEIVABLE,1344400,CREDIT,2026-08-29T04:20:59Z
LDG_47312F21,PAY_0AE7A9F2,ACCOUNTS_RECEIVABLE,368200,CREDIT,2026-08-15T15:46:42Z
LDG_E9011B8D,PAY_6AB46C34,ACCOUNTS_RECEIVABLE,1927100,CREDIT,2026-08-17T00:08:26Z
LDG_CFB9C241,PAY_6D89A680,ACCOUNTS_RECEIVABLE,1174000,CREDIT,2026-07-10T18:25:43Z
LDG_44616A06,PAY_5B08AFA4,ACCOUNTS_RECEIVABLE,1228600,CREDIT,2026-08-27T11:20:14Z
LDG_BDE9E4C8,PAY_9F7069B5,ACCOUNTS_RECEIVABLE,382400,CREDIT,2026-08-13T16:38:24Z
LDG_1DFC3702,PAY_4E7F6CCC,ACCOUNTS_RECEIVABLE,784400,CREDIT,2026-07-21T12:29:46Z
LDG_F0A51170,PAY_0E669364,ACCOUNTS_RECEIVABLE,803800,CREDIT,2026-07-15T04:30:47Z
LDG_2DA1CBEB,PAY_332A5B45,ACCOUNTS_RECEIVABLE,1176600,CREDIT,2026-07-25T02:10:19Z
LDG_719A9BA1,PAY_1783AC4C,ACCOUNTS_RECEIVABLE,1908200,CREDIT,2026-07-11T04:37:52Z
LDG_3D504F66,PAY_C44C4643,ACCOUNTS_RECEIVABLE,634600,CREDIT,2026-08-12T13:51:23Z
LDG_65BF07B2,PAY_BFB1E15F,ACCOUNTS_RECEIVABLE,951800,CREDIT,2026-07-27T13:53:02Z
LDG_0E318663,PAY_2EE39A38,ACCOUNTS_RECEIVABLE,1028600,CREDIT,2026-07-18T12:31:05Z
LDG_ABB3CE6F,PAY_123F390C,ACCOUNTS_RECEIVABLE,1246500,CREDIT,2026-07-01T00:21:03Z
LDG_62FC3056,PAY_1EF01699,ACCOUNTS_RECEIVABLE,1170400,CREDIT,2026-07-31T16:18:26Z
LDG_8AC20465,PAY_7DC6F1A9,ACCOUNTS_RECEIVABLE,1093400,CREDIT,2026-08-28T06:52:54Z
LDG_7F04424C,PAY_B6CE22B8,ACCOUNTS_RECEIVABLE,533000,CREDIT,2026-07-06T18:36:47Z
LDG_DE30786E,PAY_F68C57FE,ACCOUNTS_RECEIVABLE,1799000,CREDIT,2026-08-19T16:36:35Z
LDG_7E707C72,PAY_A6410FD7,ACCOUNTS_RECEIVABLE,1194300,CREDIT,2026-07-02T15:23:47Z
LDG_4FF87E3D,PAY_353DC617,ACCOUNTS_RECEIVABLE,1010800,CREDIT,2026-07-28T11:54:05Z
LDG_22462A22,PAY_853FA974,ACCOUNTS_RECEIVABLE,1945600,CREDIT,2026-07-28T16:52:57Z
LDG_0AE60B52,PAY_0E295565,ACCOUNTS_RECEIVABLE,1731400,CREDIT,2026-07-27T13:41:59Z
LDG_5E0DB684,PAY_7508DB08,ACCOUNTS_RECEIVABLE,1341800,CREDIT,2026-07-18T01:17:26Z
LDG_F5651D00,PAY_D3C593F2,ACCOUNTS_RECEIVABLE,898400,CREDIT,2026-07-22T02:43:07Z
LDG_9DB90AF9,PAY_44A804CE,ACCOUNTS_RECEIVABLE,549300,CREDIT,2026-08-30T03:46:51Z
LDG_DA8F76CB,PAY_481F6A7B,ACCOUNTS_RECEIVABLE,1301300,CREDIT,2026-07-26T21:03:35Z
LDG_C1A1199F,PAY_4EFF363A,ACCOUNTS_RECEIVABLE,1951900,CREDIT,2026-07-22T23:31:34Z
LDG_BB673BBD,PAY_304A5E11,ACCOUNTS_RECEIVABLE,1194600,CREDIT,2026-08-04T11:13:11Z
LDG_097BADCB,PAY_93F9E85C,ACCOUNTS_RECEIVABLE,976500,CREDIT,2026-07-17T11:44:22Z
LDG_E9D7743C,PAY_CF87AADD,ACCOUNTS_RECEIVABLE,1856600,CREDIT,2026-08-15T02:12:18Z
LDG_B6C103AC,PAY_62DF598E,ACCOUNTS_RECEIVABLE,1617800,CREDIT,2026-07-06T20:48:10Z
LDG_76BEFC43,PAY_526B2B80,ACCOUNTS_RECEIVABLE,213900,CREDIT,2026-07-05T08:38:19Z
LDG_EF505EE3,PAY_5D03C154,ACCOUNTS_RECEIVABLE,151000,CREDIT,2026-08-04T06:35:09Z
LDG_34B2D3D3,PAY_6423B895,ACCOUNTS_RECEIVABLE,212100,CREDIT,2026-08-30T02:29:39Z
LDG_A6B0EBA1,PAY_AF6F75BB,ACCOUNTS_RECEIVABLE,332600,CREDIT,2026-08-08T11:25:11Z
LDG_9EA05449,PAY_0671DE58,ACCOUNTS_RECEIVABLE,852500,CREDIT,2026-08-06T07:46:39Z
LDG_B4C12AC5,PAY_FD6C1873,ACCOUNTS_RECEIVABLE,1592000,CREDIT,2026-08-20T06:39:55Z
LDG_B13F4DE4,PAY_08D16AD1,ACCOUNTS_RECEIVABLE,51800,CREDIT,2026-07-25T18:49:31Z
LDG_16A45C77,PAY_8397D44D,ACCOUNTS_RECEIVABLE,1079500,CREDIT,2026-08-21T19:33:55Z
LDG_9D1B7279,PAY_63D4690E,ACCOUNTS_RECEIVABLE,1588800,CREDIT,2026-08-13T21:08:36Z
LDG_E2FC326D,PAY_86485C51,ACCOUNTS_RECEIVABLE,1359000,CREDIT,2026-08-17T12:00:37Z
LDG_A35A299E,PAY_9ACDB9BF,ACCOUNTS_RECEIVABLE,896400,CREDIT,2026-08-06T23:31:53Z
LDG_F62D151E,PAY_628BF22B,ACCOUNTS_RECEIVABLE,352300,CREDIT,2026-07-03T01:54:38Z
LDG_424FA763,PAY_76A05537,ACCOUNTS_RECEIVABLE,1527800,CREDIT,2026-08-12T06:22:32Z
LDG_A3DF61E0,PAY_C285EBD2,ACCOUNTS_RECEIVABLE,191200,CREDIT,2026-07-26T11:50:23Z
LDG_7128D3D6,PAY_6413329D,ACCOUNTS_RECEIVABLE,1230100,CREDIT,2026-07-19T19:16:08Z
LDG_D37B3EF0,PAY_29BDA36C,ACCOUNTS_RECEIVABLE,1064900,CREDIT,2026-07-23T21:15:49Z
LDG_4038CED4,PAY_47684E02,ACCOUNTS_RECEIVABLE,853300,CREDIT,2026-07-12T02:53:42Z
LDG_C1B24F99,PAY_6C208746,ACCOUNTS_RECEIVABLE,916100,CREDIT,2026-08-06T07:10:07Z
LDG_26D6EC6F,PAY_63BA34BA,ACCOUNTS_RECEIVABLE,1259500,CREDIT,2026-07-25T23:37:10Z
LDG_431FACC0,PAY_6C074090,ACCOUNTS_RECEIVABLE,96900,CREDIT,2026-07-11T13:34:16Z
LDG_C56CAFC1,PAY_FE2A9017,ACCOUNTS_RECEIVABLE,539700,CREDIT,2026-07-17T12:27:25Z
LDG_C690C815,PAY_42ADE709,ACCOUNTS_RECEIVABLE,132500,CREDIT,2026-07-09T03:06:16Z
LDG_F5566933,PAY_63E2B1B3,ACCOUNTS_RECEIVABLE,1040100,CREDIT,2026-07-16T20:12:20Z
LDG_5F3AC5FD,PAY_E9F24F1E,ACCOUNTS_RECEIVABLE,1320200,CREDIT,2026-07-20T07:11:14Z
LDG_8D4F4155,PAY_26296B6B,ACCOUNTS_RECEIVABLE,1379300,CREDIT,2026-07-31T03:10:28Z
LDG_FE3BC55C,PAY_63C54729,ACCOUNTS_RECEIVABLE,1629000,CREDIT,2026-07-23T16:21:56Z
LDG_1D0F7557,PAY_14F9B3D3,ACCOUNTS_RECEIVABLE,409000,CREDIT,2026-08-27T23:15:01Z
LDG_52CA9F86,PAY_A71674AD,ACCOUNTS_RECEIVABLE,44200,CREDIT,2026-08-10T06:00:24Z
LDG_2461B6C9,PAY_C13D6AC1,ACCOUNTS_RECEIVABLE,497600,CREDIT,2026-08-12T08:24:14Z
LDG_96B4DA7F,PAY_9DAE9AE4,ACCOUNTS_RECEIVABLE,1218500,CREDIT,2026-07-07T03:09:12Z
LDG_9D2E9085,PAY_31DCDC02,ACCOUNTS_RECEIVABLE,1716500,CREDIT,2026-07-27T23:13:34Z
LDG_F5440CA1,PAY_AA278A68,ACCOUNTS_RECEIVABLE,1989700,CREDIT,2026-07-15T13:21:56Z
LDG_BBA18F89,PAY_ED01BA20,ACCOUNTS_RECEIVABLE,1884800,CREDIT,2026-08-27T11:22:48Z
LDG_925F9EBE,PAY_480C9071,ACCOUNTS_RECEIVABLE,332500,CREDIT,2026-08-16T18:24:39Z
LDG_66F6BE7B,PAY_41EE0853,ACCOUNTS_RECEIVABLE,818200,CREDIT,2026-07-23T22:13:59Z
LDG_90138F32,PAY_8F6DD3D7,ACCOUNTS_RECEIVABLE,1537600,CREDIT,2026-07-02T07:13:39Z
LDG_8B3E5C2B,PAY_09AAEB18,ACCOUNTS_RECEIVABLE,808400,CREDIT,2026-08-12T16:46:35Z
LDG_2A444E1B,PAY_EB9C9A38,ACCOUNTS_RECEIVABLE,53800,CREDIT,2026-07-17T19:56:05Z
LDG_397ED316,PAY_A2506E69,ACCOUNTS_RECEIVABLE,1153000,CREDIT,2026-07-05T16:22:51Z
LDG_93B8B501,PAY_698B7195,ACCOUNTS_RECEIVABLE,789000,CREDIT,2026-07-13T08:33:51Z
LDG_6167FCD1,PAY_1ABD01DC,ACCOUNTS_RECEIVABLE,1076100,CREDIT,2026-08-09T18:40:14Z
LDG_46CC20F9,PAY_FED8929A,ACCOUNTS_RECEIVABLE,30000000,CREDIT,2026-08-20T10:37:09Z
LDG_BD5C76E5,PAY_EF27D842,ACCOUNTS_RECEIVABLE,1512900,CREDIT,2026-07-20T16:20:52Z
LDG_664761C2,PAY_A8E60274,ACCOUNTS_RECEIVABLE,831500,CREDIT,2026-08-06T20:04:40Z
LDG_052224E6,PAY_FD5D7616,ACCOUNTS_RECEIVABLE,5500000,CREDIT,2026-08-04T04:33:07Z
LDG_51C00D7E,PAY_EBEB7EA6,ACCOUNTS_RECEIVABLE,499500,CREDIT,2026-08-21T18:56:19Z
LDG_AF89548B,PAY_5D62B4CD,ACCOUNTS_RECEIVABLE,1997800,CREDIT,2026-08-29T01:18:43Z
LDG_D1AF83E6,PAY_E129282D,ACCOUNTS_RECEIVABLE,1301700,CREDIT,2026-08-28T20:41:13Z
LDG_F6FB06DA,PAY_4F5775D7,ACCOUNTS_RECEIVABLE,1261600,CREDIT,2026-07-25T17:51:46Z
LDG_A982BCF2,PAY_C4067226,ACCOUNTS_RECEIVABLE,1713900,CREDIT,2026-07-29T09:55:00Z
LDG_F8E309B1,PAY_26A653F3,ACCOUNTS_RECEIVABLE,738100,CREDIT,2026-07-16T05:16:00Z
LDG_63E7424F,PAY_50717622,ACCOUNTS_RECEIVABLE,806900,CREDIT,2026-07-30T12:06:08Z
LDG_0F8446BA,PAY_8C77C07B,ACCOUNTS_RECEIVABLE,204300,CREDIT,2026-07-06T04:03:20Z
LDG_22C43B46,PAY_006B7DF5,ACCOUNTS_RECEIVABLE,1070400,CREDIT,2026-07-28T16:39:01Z
LDG_254A4E59,PAY_B9DB0F4C,ACCOUNTS_RECEIVABLE,1562900,CREDIT,2026-07-02T06:27:07Z
LDG_916CC497,PAY_A2BC26E1,ACCOUNTS_RECEIVABLE,1129800,CREDIT,2026-07-26T04:04:33Z
LDG_AD236B40,PAY_1B8D4FD5,ACCOUNTS_RECEIVABLE,15000000,CREDIT,2026-07-11T03:58:24Z
LDG_3B40A5F5,PAY_AFA20DC0,ACCOUNTS_RECEIVABLE,1618400,CREDIT,2026-07-26T04:35:19Z
LDG_6EDDE400,PAY_B9ECF87A,ACCOUNTS_RECEIVABLE,116800,CREDIT,2026-07-03T20:58:01Z
LDG_0BC5D517,PAY_D3D47743,ACCOUNTS_RECEIVABLE,1256900,CREDIT,2026-07-18T07:05:53Z
LDG_A4F58DAD,PAY_5AA9BAED,ACCOUNTS_RECEIVABLE,1935800,CREDIT,2026-07-11T01:06:20Z
LDG_9E7CF8A8,PAY_EE289806,ACCOUNTS_RECEIVABLE,1256800,CREDIT,2026-07-01T10:21:49Z
LDG_B2525A42,PAY_333C319E,ACCOUNTS_RECEIVABLE,225800,CREDIT,2026-07-07T13:51:04Z
LDG_401CF9A0,PAY_F720F73F,ACCOUNTS_RECEIVABLE,827500,CREDIT,2026-08-21T23:35:50Z
LDG_D92B6271,PAY_27D8152D,ACCOUNTS_RECEIVABLE,70600,CREDIT,2026-08-26T19:16:19Z
LDG_FF82C53D,PAY_CE66D36C,ACCOUNTS_RECEIVABLE,50300,CREDIT,2026-07-16T00:11:26Z
LDG_55306B8C,PAY_38FCED60,ACCOUNTS_RECEIVABLE,1755400,CREDIT,2026-07-14T07:43:57Z
LDG_440D17FB,PAY_D56C0F0B,ACCOUNTS_RECEIVABLE,1301200,CREDIT,2026-08-03T17:42:12Z
LDG_B1A6E8AC,PAY_253B07D2,ACCOUNTS_RECEIVABLE,925800,CREDIT,2026-07-03T13:30:49Z
LDG_5A68FC7D,PAY_04EB4E75,ACCOUNTS_RECEIVABLE,1829000,CREDIT,2026-07-13T02:32:54Z
LDG_28BD8689,PAY_EC7449C0,ACCOUNTS_RECEIVABLE,166100,CREDIT,2026-08-15T02:16:13Z
LDG_7A88643F,PAY_60537AEA,ACCOUNTS_RECEIVABLE,858500,CREDIT,2026-08-21T09:27:52Z
LDG_16F09011,PAY_473CE445,ACCOUNTS_RECEIVABLE,1474800,CREDIT,2026-07-03T12:35:25Z
LDG_C7C58B00,PAY_B76A196F,ACCOUNTS_RECEIVABLE,1901100,CREDIT,2026-08-21T00:21:57Z
LDG_D19B54FF,PAY_A2CA74CC,ACCOUNTS_RECEIVABLE,1802700,CREDIT,2026-07-14T21:17:19Z
LDG_404116F0,PAY_3EF5C704,ACCOUNTS_RECEIVABLE,1103100,CREDIT,2026-08-03T22:00:10Z
LDG_911F5D1A,PAY_D9871014,ACCOUNTS_RECEIVABLE,1147900,CREDIT,2026-08-01T07:11:06Z
LDG_24087320,PAY_19670FEC,ACCOUNTS_RECEIVABLE,1349800,CREDIT,2026-08-10T17:42:24Z
LDG_25165191,PAY_FD9FFC1B,ACCOUNTS_RECEIVABLE,1648100,CREDIT,2026-08-16T14:40:24Z
LDG_E6961D8F,PAY_21F9C28B,ACCOUNTS_RECEIVABLE,1583200,CREDIT,2026-08-27T07:07:20Z
LDG_9E69289E,PAY_9B920291,ACCOUNTS_RECEIVABLE,1673300,CREDIT,2026-08-01T02:20:23Z
LDG_DC3BBC8D,PAY_664ACB41,ACCOUNTS_RECEIVABLE,858500,CREDIT,2026-07-29T09:32:10Z
LDG_CB9B53F4,PAY_F0263743,ACCOUNTS_RECEIVABLE,982100,CREDIT,2026-08-07T20:32:35Z
LDG_65A6AF11,PAY_67F0001B,ACCOUNTS_RECEIVABLE,1358400,CREDIT,2026-08-13T11:17:58Z
LDG_A3348C83,PAY_2367AFEE,ACCOUNTS_RECEIVABLE,1483000,CREDIT,2026-07-24T07:30:44Z
LDG_AD7DFCED,PAY_799DA4C5,ACCOUNTS_RECEIVABLE,916300,CREDIT,2026-08-03T21:18:03Z
LDG_B45014BE,PAY_C21A6FDD,ACCOUNTS_RECEIVABLE,370200,CREDIT,2026-07-12T18:12:38Z
LDG_4B6B2862,PAY_A580A83A,ACCOUNTS_RECEIVABLE,1733800,CREDIT,2026-08-23T18:22:14Z
LDG_23F5F502,PAY_91EEC189,ACCOUNTS_RECEIVABLE,1584900,CREDIT,2026-07-08T08:43:16Z
LDG_1807A498,PAY_8CD9E0B9,ACCOUNTS_RECEIVABLE,897100,CREDIT,2026-08-19T02:08:25Z
LDG_A4995E32,PAY_D7D9AF65,ACCOUNTS_RECEIVABLE,488400,CREDIT,2026-08-27T23:57:18Z
LDG_52351721,PAY_A7F31AB6,ACCOUNTS_RECEIVABLE,691400,CREDIT,2026-08-22T20:37:48Z
LDG_24A61058,PAY_AB0BF39F,ACCOUNTS_RECEIVABLE,1867300,CREDIT,2026-07-25T04:17:17Z
LDG_142F9898,PAY_CA488CC7,ACCOUNTS_RECEIVABLE,1249300,CREDIT,2026-07-28T08:38:40Z
LDG_B13B78AA,PAY_B16E5DB1,ACCOUNTS_RECEIVABLE,1465600,CREDIT,2026-08-16T23:08:45Z
LDG_BC8A4D70,PAY_41ED1E73,ACCOUNTS_RECEIVABLE,297100,CREDIT,2026-07-14T00:03:05Z
LDG_7B22B37C,PAY_6FB2DDAB,ACCOUNTS_RECEIVABLE,544700,CREDIT,2026-08-12T13:12:18Z
LDG_7FEEA630,PAY_4B127E42,ACCOUNTS_RECEIVABLE,1764900,CREDIT,2026-07-02T23:53:10Z
LDG_E5943075,PAY_A65469EA,ACCOUNTS_RECEIVABLE,1179400,CREDIT,2026-07-19T23:30:48Z
LDG_4C3B0B2D,PAY_17E4AE85,ACCOUNTS_RECEIVABLE,708900,CREDIT,2026-07-15T12:49:47Z
LDG_F66CC79A,PAY_11C215C9,ACCOUNTS_RECEIVABLE,936600,CREDIT,2026-08-16T12:16:49Z
LDG_4232F7F9,PAY_CEA1CD12,ACCOUNTS_RECEIVABLE,1715600,CREDIT,2026-07-14T04:46:03Z
LDG_EA020753,PAY_6DF3B6AB,ACCOUNTS_RECEIVABLE,1643200,CREDIT,2026-07-24T10:18:47Z
LDG_43C9BF5A,PAY_218438D8,ACCOUNTS_RECEIVABLE,1412100,CREDIT,2026-08-24T01:35:42Z
LDG_9F4173E8,PAY_A9E656D9,ACCOUNTS_RECEIVABLE,285700,CREDIT,2026-07-28T18:49:20Z
LDG_8F8E08AA,PAY_56C0563E,ACCOUNTS_RECEIVABLE,737200,CREDIT,2026-08-31T04:09:43Z
LDG_A315A093,PAY_E819F367,ACCOUNTS_RECEIVABLE,742700,CREDIT,2026-08-01T10:34:01Z
LDG_B0D516AD,PAY_F27DD178,ACCOUNTS_RECEIVABLE,290800,CREDIT,2026-07-21T16:22:16Z
LDG_B1B388EE,PAY_1D07031F,ACCOUNTS_RECEIVABLE,385500,CREDIT,2026-07-20T11:13:33Z
LDG_266299DA,PAY_77D6942A,ACCOUNTS_RECEIVABLE,1927400,CREDIT,2026-08-10T19:59:33Z
LDG_F70561F4,PAY_32B2280E,ACCOUNTS_RECEIVABLE,1336900,CREDIT,2026-08-09T07:13:03Z
LDG_062AB0CB,PAY_6EB70C01,ACCOUNTS_RECEIVABLE,545100,CREDIT,2026-07-09T16:58:57Z
LDG_45DFC7FA,PAY_71A65308,ACCOUNTS_RECEIVABLE,524500,CREDIT,2026-08-22T10:28:37Z
LDG_D583877B,PAY_2555F940,ACCOUNTS_RECEIVABLE,760800,CREDIT,2026-08-27T17:34:51Z
LDG_9173AE8C,PAY_9A4370B4,ACCOUNTS_RECEIVABLE,24200,CREDIT,2026-07-14T23:27:03Z
LDG_3CBC872B,PAY_8B8291EB,ACCOUNTS_RECEIVABLE,267200,CREDIT,2026-08-25T22:07:18Z
LDG_5AB97D46,PAY_037CBE2F,ACCOUNTS_RECEIVABLE,354600,CREDIT,2026-07-12T20:46:54Z
LDG_3E893BEB,PAY_3E94629E,ACCOUNTS_RECEIVABLE,334700,CREDIT,2026-08-24T20:17:35Z
LDG_1046C960,PAY_BABE1B7C,ACCOUNTS_RECEIVABLE,1614700,CREDIT,2026-07-28T05:50:36Z
LDG_169A5B35,PAY_F2C9DB8D,ACCOUNTS_RECEIVABLE,190200,CREDIT,2026-08-04T09:48:43Z
LDG_69B29740,PAY_F060A78D,ACCOUNTS_RECEIVABLE,505200,CREDIT,2026-08-09T04:51:51Z
LDG_4408F234,PAY_FA41B642,ACCOUNTS_RECEIVABLE,1212700,CREDIT,2026-07-31T23:41:59Z
LDG_1FAF3028,PAY_644CA81C,ACCOUNTS_RECEIVABLE,903700,CREDIT,2026-07-11T09:08:25Z
LDG_CBC96EBB,PAY_E3890AAF,ACCOUNTS_RECEIVABLE,1283300,CREDIT,2026-07-23T15:49:52Z
LDG_C8A3C0FE,PAY_75F142AD,ACCOUNTS_RECEIVABLE,471600,CREDIT,2026-08-05T11:51:00Z
LDG_F870B0F0,PAY_7F4149B6,ACCOUNTS_RECEIVABLE,1953200,CREDIT,2026-08-13T19:11:10Z
LDG_70324766,PAY_16633499,ACCOUNTS_RECEIVABLE,10500,CREDIT,2026-08-04T12:00:06Z
LDG_1F000DC0,PAY_40AEF11C,ACCOUNTS_RECEIVABLE,873100,CREDIT,2026-08-04T12:24:19Z
LDG_72483E8C,PAY_7DA2D2D9,ACCOUNTS_RECEIVABLE,1871900,CREDIT,2026-08-01T00:03:01Z
LDG_55B34EBC,PAY_6DA79AB4,ACCOUNTS_RECEIVABLE,514200,CREDIT,2026-08-22T09:41:52Z
LDG_ACE10E46,PAY_0B3CBD3D,ACCOUNTS_RECEIVABLE,1899000,CREDIT,2026-08-06T07:45:40Z
LDG_A8458A79,PAY_CE7C9506,ACCOUNTS_RECEIVABLE,1036100,CREDIT,2026-08-31T12:17:16Z
LDG_1EE8CBA0,PAY_4FC36636,ACCOUNTS_RECEIVABLE,1016900,CREDIT,2026-07-14T01:11:29Z
LDG_A67EA39E,PAY_022B704C,ACCOUNTS_RECEIVABLE,1073800,CREDIT,2026-07-27T17:38:59Z
LDG_E11C0AEA,PAY_22D45372,ACCOUNTS_RECEIVABLE,1270900,CREDIT,2026-08-22T19:34:30Z
LDG_897D3942,PAY_5B8702C1,ACCOUNTS_RECEIVABLE,458000,CREDIT,2026-08-29T13:54:28Z
LDG_9C00E997,PAY_D0DC89F7,ACCOUNTS_RECEIVABLE,1394900,CREDIT,2026-07-13T03:25:52Z
LDG_94E185D5,PAY_B662BB29,ACCOUNTS_RECEIVABLE,428000,CREDIT,2026-08-08T23:17:35Z
LDG_2D904BE0,PAY_5DB105A7,ACCOUNTS_RECEIVABLE,15000000,CREDIT,2026-07-22T23:50:55Z
LDG_F21D0139,PAY_8C5B5259,ACCOUNTS_RECEIVABLE,1172600,CREDIT,2026-08-01T04:41:13Z
LDG_EE8A0E13,PAY_FF911312,ACCOUNTS_RECEIVABLE,355000,CREDIT,2026-08-29T05:43:23Z
LDG_CA1EF106,PAY_555DEA61,ACCOUNTS_RECEIVABLE,1906600,CREDIT,2026-08-11T04:55:58Z
LDG_27363DE7,PAY_8FE4BA17,ACCOUNTS_RECEIVABLE,654100,CREDIT,2026-08-10T10:58:32Z
LDG_0CA5AE18,PAY_90463F09,ACCOUNTS_RECEIVABLE,953600,CREDIT,2026-07-06T13:13:08Z
LDG_D1C73890,PAY_93CAB346,ACCOUNTS_RECEIVABLE,1124800,CREDIT,2026-07-05T10:10:07Z
LDG_64017381,PAY_50D84C31,ACCOUNTS_RECEIVABLE,516300,CREDIT,2026-07-04T05:17:01Z
LDG_543EAFB6,PAY_D2CEA8D9,ACCOUNTS_RECEIVABLE,1258500,CREDIT,2026-07-16T04:10:46Z
LDG_26C42F7D,PAY_71D19C02,ACCOUNTS_RECEIVABLE,173600,CREDIT,2026-07-14T21:08:15Z
LDG_EE04CBEA,PAY_99B76B3D,ACCOUNTS_RECEIVABLE,1848700,CREDIT,2026-08-29T00:09:20Z
LDG_2971BAFC,PAY_E941248C,ACCOUNTS_RECEIVABLE,1897900,CREDIT,2026-07-08T12:09:23Z
LDG_B9D9A579,PAY_E260940C,ACCOUNTS_RECEIVABLE,190400,CREDIT,2026-08-16T18:59:30Z
LDG_FBE4088E,PAY_E3C48B6A,ACCOUNTS_RECEIVABLE,681500,CREDIT,2026-07-01T13:47:21Z
LDG_E99ACF2C,PAY_FFF366C0,ACCOUNTS_RECEIVABLE,889800,CREDIT,2026-08-29T18:10:23Z
LDG_8FFF133E,PAY_67F66FD1,ACCOUNTS_RECEIVABLE,881600,CREDIT,2026-08-04T09:45:41Z
LDG_A932A6AB,PAY_7C8FA53F,ACCOUNTS_RECEIVABLE,1026300,CREDIT,2026-07-26T03:20:22Z
LDG_BF051D0A,PAY_34F8C606,ACCOUNTS_RECEIVABLE,956800,CREDIT,2026-08-13T14:27:44Z
LDG_20411F80,PAY_5F35D11F,ACCOUNTS_RECEIVABLE,251200,CREDIT,2026-08-19T02:17:37Z
LDG_ED0D8D37,PAY_A37EA6E6,ACCOUNTS_RECEIVABLE,690200,CREDIT,2026-07-15T05:52:25Z
LDG_7238B810,PAY_8501FE4E,ACCOUNTS_RECEIVABLE,1586200,CREDIT,2026-08-23T23:54:34Z
LDG_6641ABB4,PAY_5E65BF5E,ACCOUNTS_RECEIVABLE,1883400,CREDIT,2026-08-26T15:40:48Z
LDG_905C1EE8,PAY_EA78A5B4,ACCOUNTS_RECEIVABLE,1891700,CREDIT,2026-08-14T23:28:30Z
LDG_4790368C,PAY_C04182E3,ACCOUNTS_RECEIVABLE,356900,CREDIT,2026-07-03T02:02:58Z
LDG_4D03BAE2,PAY_55DFBE54,ACCOUNTS_RECEIVABLE,1717100,CREDIT,2026-07-19T22:13:55Z
LDG_D7C422BC,PAY_A762B4DC,ACCOUNTS_RECEIVABLE,826700,CREDIT,2026-08-17T10:41:41Z
LDG_7D1F6873,PAY_82E216DA,ACCOUNTS_RECEIVABLE,1900700,CREDIT,2026-08-29T04:18:18Z
LDG_7F590E88,PAY_AD13162E,ACCOUNTS_RECEIVABLE,596700,CREDIT,2026-07-07T11:27:42Z
LDG_F1742924,PAY_AA25E498,ACCOUNTS_RECEIVABLE,521200,CREDIT,2026-07-14T23:27:47Z
LDG_11C1CFE7,PAY_77D7AEB7,ACCOUNTS_RECEIVABLE,735300,CREDIT,2026-07-21T21:40:17Z
LDG_428AA987,PAY_2E15F038,ACCOUNTS_RECEIVABLE,1070300,CREDIT,2026-07-06T20:45:39Z
LDG_DD1B5EEC,PAY_E2580AD2,ACCOUNTS_RECEIVABLE,210300,CREDIT,2026-08-02T00:55:14Z
LDG_8411DB06,PAY_A1D944C4,ACCOUNTS_RECEIVABLE,1711600,CREDIT,2026-07-27T14:14:06Z
LDG_0D5FE30C,PAY_AC241D7A,ACCOUNTS_RECEIVABLE,892000,CREDIT,2026-08-07T21:48:28Z
LDG_C63A4E0B,PAY_D1EF63B5,ACCOUNTS_RECEIVABLE,975100,CREDIT,2026-07-13T05:17:40Z
LDG_DDA78468,PAY_6147C9B0,ACCOUNTS_RECEIVABLE,1456100,CREDIT,2026-08-17T20:48:49Z
LDG_B64A5A92,PAY_3AE497B9,ACCOUNTS_RECEIVABLE,60000000,CREDIT,2026-07-02T06:09:05Z
LDG_2F9C117D,PAY_B40A3613,ACCOUNTS_RECEIVABLE,323300,CREDIT,2026-08-16T04:09:39Z
LDG_FAEC74F3,PAY_43C4B01F,ACCOUNTS_RECEIVABLE,1582100,CREDIT,2026-08-01T13:33:32Z
LDG_CEC73604,PAY_3E5C6782,ACCOUNTS_RECEIVABLE,631600,CREDIT,2026-08-29T04:21:39Z
LDG_CB1D6C85,PAY_89E86F0E,ACCOUNTS_RECEIVABLE,896300,CREDIT,2026-08-01T23:52:54Z
LDG_C3AF1A7B,PAY_DAC06330,ACCOUNTS_RECEIVABLE,301500,CREDIT,2026-08-24T20:44:27Z
LDG_5138927F,PAY_5996190A,ACCOUNTS_RECEIVABLE,1408200,CREDIT,2026-08-17T09:56:32Z
LDG_0048037B,PAY_22E85865,ACCOUNTS_RECEIVABLE,182900,CREDIT,2026-07-05T15:58:44Z
LDG_13865A5D,PAY_6C8A15C6,ACCOUNTS_RECEIVABLE,695700,CREDIT,2026-07-18T00:25:48Z
LDG_92A3D7C8,PAY_D83836F1,ACCOUNTS_RECEIVABLE,1643400,CREDIT,2026-08-02T13:47:06Z
LDG_A5176BF0,PAY_F5E4F9BB,ACCOUNTS_RECEIVABLE,1869800,CREDIT,2026-08-06T11:13:07Z
LDG_39E0DB53,PAY_A85ADFA4,ACCOUNTS_RECEIVABLE,1974400,CREDIT,2026-08-14T18:25:48Z
LDG_55D25717,PAY_ED4DA979,ACCOUNTS_RECEIVABLE,1535800,CREDIT,2026-08-13T04:23:22Z
LDG_7A44B231,PAY_7AEE7CD0,ACCOUNTS_RECEIVABLE,1734600,CREDIT,2026-07-19T08:24:40Z
LDG_FA35EF5E,PAY_2E04E952,ACCOUNTS_RECEIVABLE,1155700,CREDIT,2026-07-09T21:59:10Z
LDG_F4C672C9,PAY_3339F04F,ACCOUNTS_RECEIVABLE,547600,CREDIT,2026-07-24T19:14:43Z
LDG_1A0435B0,PAY_C8E2E601,ACCOUNTS_RECEIVABLE,102300,CREDIT,2026-08-16T14:35:00Z
LDG_D6AFD70B,PAY_C7EDEB28,ACCOUNTS_RECEIVABLE,351600,CREDIT,2026-07-27T12:37:44Z
LDG_CDAE2367,PAY_D0AB6A1A,ACCOUNTS_RECEIVABLE,608700,CREDIT,2026-08-25T02:35:45Z
LDG_6357DCD5,PAY_7F5F36C4,ACCOUNTS_RECEIVABLE,682800,CREDIT,2026-08-11T03:14:21Z
LDG_25302EDD,PAY_C7BD820E,ACCOUNTS_RECEIVABLE,1907200,CREDIT,2026-07-09T14:50:44Z
LDG_BDA40E26,PAY_00CB4DB7,ACCOUNTS_RECEIVABLE,24400,CREDIT,2026-08-29T21:17:49Z
LDG_AF629060,PAY_9F2D6B32,ACCOUNTS_RECEIVABLE,1752900,CREDIT,2026-08-13T20:26:05Z
LDG_A71C67AA,PAY_DC280C91,ACCOUNTS_RECEIVABLE,1785300,CREDIT,2026-07-01T17:19:06Z
LDG_3ADBA720,PAY_BD8B394E,ACCOUNTS_RECEIVABLE,63300,CREDIT,2026-07-20T20:33:02Z
LDG_4789C618,PAY_EBF9C1BC,ACCOUNTS_RECEIVABLE,1112100,CREDIT,2026-07-17T12:25:09Z
LDG_36AE5DC5,PAY_C02BB8BD,ACCOUNTS_RECEIVABLE,1591700,CREDIT,2026-07-12T10:30:45Z
LDG_46F504E9,PAY_AA6D7292,ACCOUNTS_RECEIVABLE,754200,CREDIT,2026-08-25T03:10:20Z
LDG_D144D363,PAY_C561DB87,ACCOUNTS_RECEIVABLE,930500,CREDIT,2026-08-06T10:28:58Z
LDG_34EFE375,PAY_3968A81B,ACCOUNTS_RECEIVABLE,1838400,CREDIT,2026-07-12T20:11:39Z
LDG_AFEC8E79,PAY_95E7AA08,ACCOUNTS_RECEIVABLE,1522200,CREDIT,2026-07-26T16:17:47Z
LDG_57A3C861,PAY_3CE73A05,ACCOUNTS_RECEIVABLE,545100,CREDIT,2026-07-09T06:38:38Z
LDG_FCCCFAF4,PAY_B4389FC6,ACCOUNTS_RECEIVABLE,1368800,CREDIT,2026-07-10T03:29:34Z
LDG_21B3AC99,PAY_7717A828,ACCOUNTS_RECEIVABLE,625200,CREDIT,2026-07-16T16:56:13Z
LDG_5A63AD8A,PAY_8F0A1F52,ACCOUNTS_RECEIVABLE,1824600,CREDIT,2026-08-24T12:54:38Z
LDG_2D4526B5,PAY_168C267E,ACCOUNTS_RECEIVABLE,1764700,CREDIT,2026-07-08T09:33:00Z
LDG_02A46F63,PAY_0F004E27,ACCOUNTS_RECEIVABLE,1480500,CREDIT,2026-07-21T00:06:36Z
LDG_02567B6B,PAY_E2CB69B2,ACCOUNTS_RECEIVABLE,111500,CREDIT,2026-07-29T20:08:12Z
LDG_D3835C0B,PAY_00A14C08,ACCOUNTS_RECEIVABLE,229000,CREDIT,2026-08-04T08:54:48Z
LDG_C4B098F5,PAY_41FE2F66,ACCOUNTS_RECEIVABLE,635800,CREDIT,2026-08-16T01:18:04Z
LDG_2E7A48B9,PAY_49322174,ACCOUNTS_RECEIVABLE,523400,CREDIT,2026-08-31T13:38:08Z
LDG_C8F66CC1,PAY_4CD76C86,ACCOUNTS_RECEIVABLE,82000,CREDIT,2026-08-28T01:55:09Z
LDG_BBBDA960,PAY_40B50A16,ACCOUNTS_RECEIVABLE,457900,CREDIT,2026-08-21T00:04:12Z
LDG_6E4660AD,PAY_594A1C5C,ACCOUNTS_RECEIVABLE,802000,CREDIT,2026-08-16T00:05:16Z
LDG_6B66B9D6,PAY_AD0A7202,ACCOUNTS_RECEIVABLE,948900,CREDIT,2026-07-28T20:25:46Z
LDG_058B069D,PAY_7395CEF1,ACCOUNTS_RECEIVABLE,179400,CREDIT,2026-07-22T19:35:04Z
LDG_7C7A9510,PAY_427DCBC0,ACCOUNTS_RECEIVABLE,1239800,CREDIT,2026-07-27T17:32:32Z
LDG_50557003,PAY_D8F2CE31,ACCOUNTS_RECEIVABLE,1339500,CREDIT,2026-07-06T20:16:51Z
LDG_934D7640,PAY_AB84B6E3,ACCOUNTS_RECEIVABLE,1325300,CREDIT,2026-08-19T08:28:42Z
LDG_A1BF89DE,PAY_D6CEC218,ACCOUNTS_RECEIVABLE,924600,CREDIT,2026-08-05T15:54:20Z
LDG_85A10B2E,PAY_C324B314,ACCOUNTS_RECEIVABLE,1305100,CREDIT,2026-09-01T14:49:43Z
LDG_262A1E33,PAY_0611EF08,ACCOUNTS_RECEIVABLE,62000,CREDIT,2026-08-12T14:24:58Z
LDG_02E4C21B,PAY_5BF3F2AA,ACCOUNTS_RECEIVABLE,1493300,CREDIT,2026-07-08T05:34:20Z
LDG_461B25D9,PAY_9A583E52,ACCOUNTS_RECEIVABLE,1753200,CREDIT,2026-08-03T18:09:15Z
LDG_9E38B3A1,PAY_710B48F0,ACCOUNTS_RECEIVABLE,921300,CREDIT,2026-08-04T03:42:08Z
LDG_EE2E8481,PAY_976B0765,ACCOUNTS_RECEIVABLE,1022200,CREDIT,2026-08-09T16:05:06Z
LDG_E1F0B84A,PAY_DAE38DB9,ACCOUNTS_RECEIVABLE,1277700,CREDIT,2026-07-19T10:20:32Z
LDG_FAE2A181,PAY_C31820FE,ACCOUNTS_RECEIVABLE,407900,CREDIT,2026-08-25T03:36:55Z
LDG_8228527A,PAY_4C224864,ACCOUNTS_RECEIVABLE,1608100,CREDIT,2026-08-12T22:31:28Z
LDG_8E9F102B,PAY_40F864FF,ACCOUNTS_RECEIVABLE,1307100,CREDIT,2026-08-11T01:55:21Z
LDG_839B8F0B,PAY_7F79DF66,ACCOUNTS_RECEIVABLE,423400,CREDIT,2026-08-21T14:56:45Z
LDG_0CDE090B,PAY_1BA9EE85,ACCOUNTS_RECEIVABLE,1008200,CREDIT,2026-08-23T06:50:35Z
LDG_0A36A567,PAY_7DAFBD25,ACCOUNTS_RECEIVABLE,574000,CREDIT,2026-07-12T01:10:47Z
LDG_AA29603A,PAY_329BD0BB,ACCOUNTS_RECEIVABLE,1125400,CREDIT,2026-08-26T18:06:33Z
LDG_FC5AD624,PAY_824AA0EF,ACCOUNTS_RECEIVABLE,61700,CREDIT,2026-08-01T03:02:24Z
LDG_0DAB0103,PAY_263FA78A,ACCOUNTS_RECEIVABLE,1067700,CREDIT,2026-08-07T20:04:57Z
LDG_E76C3F8E,PAY_BACC3F1F,ACCOUNTS_RECEIVABLE,124100,CREDIT,2026-07-22T12:52:04Z
LDG_A653D819,PAY_E7921039,ACCOUNTS_RECEIVABLE,1388700,CREDIT,2026-09-01T23:40:09Z
LDG_1622F606,PAY_F74EA359,ACCOUNTS_RECEIVABLE,63000,CREDIT,2026-08-13T01:39:52Z
LDG_52501C75,PAY_AFC17372,ACCOUNTS_RECEIVABLE,912300,CREDIT,2026-08-19T17:58:24Z
LDG_FDE3B5EE,PAY_A9B09503,ACCOUNTS_RECEIVABLE,933700,CREDIT,2026-07-23T19:24:11Z
LDG_45C7C979,PAY_EC764F54,ACCOUNTS_RECEIVABLE,1051900,CREDIT,2026-07-25T13:19:27Z
LDG_86F55C98,PAY_599C6CAC,ACCOUNTS_RECEIVABLE,621300,CREDIT,2026-07-01T12:08:54Z
LDG_3062D255,PAY_CDF34433,ACCOUNTS_RECEIVABLE,833500,CREDIT,2026-07-18T20:31:13Z
LDG_910BAC2C,PAY_417DD242,ACCOUNTS_RECEIVABLE,521300,CREDIT,2026-07-31T10:52:28Z
LDG_5A3A2524,PAY_0158270D,ACCOUNTS_RECEIVABLE,129600,CREDIT,2026-08-19T17:32:29Z
LDG_C765E09B,PAY_AE7ED45A,ACCOUNTS_RECEIVABLE,802800,CREDIT,2026-07-29T00:17:02Z
LDG_E07B5338,PAY_92DDE4F9,ACCOUNTS_RECEIVABLE,722500,CREDIT,2026-07-20T14:18:08Z
LDG_F8495AA7,PAY_5F8FA1AE,ACCOUNTS_RECEIVABLE,1614300,CREDIT,2026-07-17T06:01:32Z
LDG_04C095C3,PAY_A503D236,ACCOUNTS_RECEIVABLE,1151100,CREDIT,2026-07-29T23:22:05Z
LDG_F4BA772D,PAY_F43DA764,ACCOUNTS_RECEIVABLE,1611900,CREDIT,2026-08-26T13:30:35Z
LDG_84A1BB3A,PAY_719D2651,ACCOUNTS_RECEIVABLE,1348100,CREDIT,2026-08-16T20:31:12Z
LDG_6BB22237,PAY_AD5A9AB4,ACCOUNTS_RECEIVABLE,1651500,CREDIT,2026-08-10T04:02:04Z
LDG_9AAD1493,PAY_E69DFBE0,ACCOUNTS_RECEIVABLE,275100,CREDIT,2026-07-23T13:57:51Z
LDG_7029FD3B,PAY_A30298F3,ACCOUNTS_RECEIVABLE,1776600,CREDIT,2026-08-18T07:41:21Z
LDG_712D5C08,PAY_0695F2BF,ACCOUNTS_RECEIVABLE,985900,CREDIT,2026-07-29T08:14:25Z
LDG_0B4001DA,PAY_C13F8DDB,ACCOUNTS_RECEIVABLE,1324000,CREDIT,2026-07-20T16:48:57Z
LDG_B6F87C0A,PAY_EAFE5180,ACCOUNTS_RECEIVABLE,704600,CREDIT,2026-07-31T10:03:31Z
LDG_460FA399,PAY_F10D8A57,ACCOUNTS_RECEIVABLE,559400,CREDIT,2026-07-23T12:08:49Z
LDG_77CE0150,PAY_C20991F8,ACCOUNTS_RECEIVABLE,959700,CREDIT,2026-08-10T07:26:34Z
LDG_02A320D1,PAY_92ABAD0F,ACCOUNTS_RECEIVABLE,772000,CREDIT,2026-08-15T14:04:33Z
LDG_E451A099,PAY_85C990FD,ACCOUNTS_RECEIVABLE,1711800,CREDIT,2026-07-18T10:13:01Z
LDG_5B5A0623,PAY_9DC070B6,ACCOUNTS_RECEIVABLE,1867900,CREDIT,2026-07-03T03:50:53Z
LDG_9C0E9329,PAY_01274D71,ACCOUNTS_RECEIVABLE,15000000,CREDIT,2026-07-03T12:30:02Z
LDG_5DF77437,PAY_4623EF10,ACCOUNTS_RECEIVABLE,856400,CREDIT,2026-08-09T23:55:17Z
LDG_13DC4708,PAY_3CDD05D3,ACCOUNTS_RECEIVABLE,521400,CREDIT,2026-07-29T21:08:31Z
LDG_F0B5E620,PAY_D787907F,ACCOUNTS_RECEIVABLE,1866500,CREDIT,2026-08-26T07:54:23Z
LDG_957B7EE1,PAY_D699D95C,ACCOUNTS_RECEIVABLE,527500,CREDIT,2026-08-29T21:46:01Z
LDG_4D92F006,PAY_B5A905C3,ACCOUNTS_RECEIVABLE,1478900,CREDIT,2026-08-26T09:34:51Z
LDG_3115DA8E,PAY_0B3A186C,ACCOUNTS_RECEIVABLE,1442300,CREDIT,2026-08-28T08:20:14Z
LDG_B9077197,PAY_CAB4E416,ACCOUNTS_RECEIVABLE,759000,CREDIT,2026-09-01T01:11:40Z
LDG_B71D3B8A,PAY_E90238A1,ACCOUNTS_RECEIVABLE,1783600,CREDIT,2026-07-22T09:22:19Z
LDG_FDE5F108,PAY_AE79C450,ACCOUNTS_RECEIVABLE,1245200,CREDIT,2026-07-29T01:40:26Z
LDG_753CE206,PAY_3972E252,ACCOUNTS_RECEIVABLE,560600,CREDIT,2026-08-12T20:13:54Z
LDG_4F4E4B41,PAY_7E607145,ACCOUNTS_RECEIVABLE,1560900,CREDIT,2026-07-29T14:06:31Z
LDG_7A8DA7F9,PAY_EDADB38A,ACCOUNTS_RECEIVABLE,157100,CREDIT,2026-07-24T03:33:40Z
LDG_BC7EB7C2,PAY_7A776210,ACCOUNTS_RECEIVABLE,879300,CREDIT,2026-08-18T12:11:55Z
LDG_0AACD6E8,PAY_FC0E8D7C,ACCOUNTS_RECEIVABLE,1008200,CREDIT,2026-07-19T13:41:03Z
LDG_25D31F30,PAY_9B49A1C5,ACCOUNTS_RECEIVABLE,1917100,CREDIT,2026-08-01T10:34:10Z
LDG_E4615EE6,PAY_7679C572,ACCOUNTS_RECEIVABLE,66500,CREDIT,2026-07-22T18:30:55Z
LDG_0572F5BB,PAY_623E517B,ACCOUNTS_RECEIVABLE,758400,CREDIT,2026-07-05T10:09:58Z
LDG_746796A5,PAY_DE6AE2EE,ACCOUNTS_RECEIVABLE,286800,CREDIT,2026-07-12T18:16:40Z
LDG_38F06EA1,PAY_C0CC6B31,ACCOUNTS_RECEIVABLE,200800,CREDIT,2026-08-29T00:58:16Z
LDG_75DE4081,PAY_EA469746,ACCOUNTS_RECEIVABLE,1221900,CREDIT,2026-07-03T18:34:14Z
LDG_3A472CDA,PAY_0F52555D,ACCOUNTS_RECEIVABLE,1046500,CREDIT,2026-07-25T00:19:51Z
LDG_6539506E,PAY_3CD4B0A0,ACCOUNTS_RECEIVABLE,586900,CREDIT,2026-07-23T04:04:21Z
LDG_FF8678EF,PAY_84427ED9,ACCOUNTS_RECEIVABLE,1530300,CREDIT,2026-08-20T12:05:48Z
LDG_F4FDD00A,PAY_EDF6A870,ACCOUNTS_RECEIVABLE,1189500,CREDIT,2026-08-30T10:47:33Z
LDG_42F0A63C,PAY_A8A945A2,ACCOUNTS_RECEIVABLE,1246700,CREDIT,2026-07-19T11:48:20Z
LDG_3B247E8B,PAY_0708712E,ACCOUNTS_RECEIVABLE,43200,CREDIT,2026-08-15T00:26:58Z
LDG_AE116276,PAY_C719471E,ACCOUNTS_RECEIVABLE,707000,CREDIT,2026-07-02T21:02:32Z
LDG_3710F0C7,PAY_8CD5E9B9,ACCOUNTS_RECEIVABLE,1961000,CREDIT,2026-08-16T04:56:32Z
LDG_13978E2D,PAY_53A7886A,ACCOUNTS_RECEIVABLE,426500,CREDIT,2026-07-21T14:17:51Z
LDG_D6F90D54,PAY_D482DCC9,ACCOUNTS_RECEIVABLE,1886900,CREDIT,2026-07-22T02:20:35Z
LDG_4CB712B1,PAY_D4D79365,ACCOUNTS_RECEIVABLE,347700,CREDIT,2026-08-26T17:48:43Z
LDG_C6FDAE35,PAY_43FA5FE8,ACCOUNTS_RECEIVABLE,90300,CREDIT,2026-08-21T16:29:27Z
LDG_76B8280B,PAY_F6B344A4,ACCOUNTS_RECEIVABLE,1772400,CREDIT,2026-08-21T15:38:52Z
LDG_03D1DBD7,PAY_879391E7,ACCOUNTS_RECEIVABLE,577900,CREDIT,2026-08-29T12:12:44Z
LDG_97CE0A7B,PAY_B17D72AB,ACCOUNTS_RECEIVABLE,1541500,CREDIT,2026-07-06T08:50:04Z
LDG_3F74F32E,PAY_4550611B,ACCOUNTS_RECEIVABLE,1950400,CREDIT,2026-07-27T21:49:23Z
LDG_366DCDFB,PAY_C327670C,ACCOUNTS_RECEIVABLE,1359200,CREDIT,2026-08-22T05:26:30Z
LDG_74215522,PAY_26EB8E64,ACCOUNTS_RECEIVABLE,537600,CREDIT,2026-07-24T02:27:32Z
LDG_A2BDA3EB,PAY_96845583,ACCOUNTS_RECEIVABLE,747300,CREDIT,2026-07-27T21:35:20Z
LDG_BF8A2E9B,PAY_75B5B7D4,ACCOUNTS_RECEIVABLE,973500,CREDIT,2026-07-08T22:05:20Z
LDG_CB5A7165,PAY_D97A0DBA,ACCOUNTS_RECEIVABLE,67700,CREDIT,2026-07-03T13:14:53Z
LDG_A5A9D49D,PAY_6441E527,ACCOUNTS_RECEIVABLE,269500,CREDIT,2026-08-23T16:43:40Z
LDG_F16F073B,PAY_8049C24A,ACCOUNTS_RECEIVABLE,550100,CREDIT,2026-07-23T02:43:18Z
LDG_03173268,PAY_BAD3BA94,ACCOUNTS_RECEIVABLE,1769400,CREDIT,2026-07-04T17:50:16Z
LDG_1EFDF807,PAY_F88D0E27,ACCOUNTS_RECEIVABLE,1629200,CREDIT,2026-08-18T21:54:08Z
LDG_2149569E,PAY_8111BA54,ACCOUNTS_RECEIVABLE,706800,CREDIT,2026-07-10T09:23:56Z
LDG_A222C2B1,PAY_4B50E38A,ACCOUNTS_RECEIVABLE,900300,CREDIT,2026-08-07T05:11:30Z
LDG_DDCB23C3,PAY_3E3ADDA0,ACCOUNTS_RECEIVABLE,657200,CREDIT,2026-07-26T06:09:55Z
LDG_A512581E,PAY_24314225,ACCOUNTS_RECEIVABLE,330100,CREDIT,2026-08-15T02:21:56Z
LDG_E1DD8F13,PAY_2EAC03D4,ACCOUNTS_RECEIVABLE,872800,CREDIT,2026-08-11T09:46:40Z
LDG_B18C9DE0,PAY_4641C468,ACCOUNTS_RECEIVABLE,1759200,CREDIT,2026-08-19T05:29:19Z
LDG_82055DAA,PAY_4499FC2A,ACCOUNTS_RECEIVABLE,275200,CREDIT,2026-08-18T19:48:57Z
LDG_E59EC540,PAY_27D4F5CF,ACCOUNTS_RECEIVABLE,985400,CREDIT,2026-08-19T12:10:48Z
LDG_883624FF,PAY_E6588D77,ACCOUNTS_RECEIVABLE,5500000,CREDIT,2026-07-05T01:02:58Z
LDG_92EF2234,PAY_6D4F96AE,ACCOUNTS_RECEIVABLE,1122500,CREDIT,2026-07-30T06:28:13Z
LDG_9FEFF9AA,PAY_366FF58C,ACCOUNTS_RECEIVABLE,562400,CREDIT,2026-08-04T15:23:39Z
LDG_E9059E09,PAY_B6260009,ACCOUNTS_RECEIVABLE,1757500,CREDIT,2026-07-11T12:11:35Z
LDG_8D5C3DB9,PAY_392A4654,ACCOUNTS_RECEIVABLE,130800,CREDIT,2026-07-22T21:17:48Z
LDG_E194FB05,PAY_EF753C5D,ACCOUNTS_RECEIVABLE,574800,CREDIT,2026-07-27T09:23:15Z
LDG_297D37DB,PAY_E64791E5,ACCOUNTS_RECEIVABLE,280100,CREDIT,2026-08-27T06:05:28Z
LDG_64778A73,PAY_C536332E,ACCOUNTS_RECEIVABLE,1676400,CREDIT,2026-08-09T15:11:02Z
LDG_F96DC20A,PAY_66772B22,ACCOUNTS_RECEIVABLE,580400,CREDIT,2026-08-29T09:29:40Z
LDG_684C7E4E,PAY_18E5C3E5,ACCOUNTS_RECEIVABLE,501300,CREDIT,2026-08-26T18:35:58Z
LDG_D3132C44,PAY_DD574624,ACCOUNTS_RECEIVABLE,1244000,CREDIT,2026-07-06T05:40:18Z
LDG_76015287,PAY_BAAD7DF3,ACCOUNTS_RECEIVABLE,576900,CREDIT,2026-07-21T22:41:45Z
LDG_5BB79042,PAY_2C36C3B9,ACCOUNTS_RECEIVABLE,1496700,CREDIT,2026-07-14T04:20:41Z
LDG_276C6F4C,PAY_F7C264D9,ACCOUNTS_RECEIVABLE,99000,CREDIT,2026-07-07T12:18:34Z
LDG_BCC1AEA5,PAY_C9C2C426,ACCOUNTS_RECEIVABLE,1281400,CREDIT,2026-08-03T18:40:41Z
LDG_B9F4FB5E,PAY_37A87AF3,ACCOUNTS_RECEIVABLE,105800,CREDIT,2026-07-06T22:23:34Z
LDG_4B45F5CD,PAY_94509FE3,ACCOUNTS_RECEIVABLE,1024200,CREDIT,2026-08-04T06:15:25Z
LDG_187AA58A,PAY_D5187027,ACCOUNTS_RECEIVABLE,1415800,CREDIT,2026-07-31T15:30:58Z
LDG_98FCBEAE,PAY_AD07DC7A,ACCOUNTS_RECEIVABLE,1767600,CREDIT,2026-07-02T00:02:59Z
LDG_B47C8764,PAY_1D28AF1F,ACCOUNTS_RECEIVABLE,932500,CREDIT,2026-07-05T06:30:53Z
LDG_E7570116,PAY_C2FC9C49,ACCOUNTS_RECEIVABLE,429500,CREDIT,2026-08-07T03:44:06Z
LDG_21F4B6A3,PAY_0A168297,ACCOUNTS_RECEIVABLE,54700,CREDIT,2026-07-30T02:03:51Z
LDG_FA1753D9,PAY_26761C0D,ACCOUNTS_RECEIVABLE,1721100,CREDIT,2026-07-15T13:06:44Z
LDG_5A750A9D,PAY_A7947887,ACCOUNTS_RECEIVABLE,1830500,CREDIT,2026-08-13T14:09:45Z
LDG_EF3E3965,PAY_72EA8C26,ACCOUNTS_RECEIVABLE,1166100,CREDIT,2026-07-02T01:00:14Z
LDG_DE735002,PAY_CA1D227C,ACCOUNTS_RECEIVABLE,1989600,CREDIT,2026-07-02T17:41:56Z
LDG_22F73EC6,PAY_B336256D,ACCOUNTS_RECEIVABLE,1569900,CREDIT,2026-08-17T06:09:53Z
LDG_221059FE,PAY_E9F87934,ACCOUNTS_RECEIVABLE,1413100,CREDIT,2026-08-31T03:40:09Z
LDG_4EFEECCB,PAY_AC99911C,ACCOUNTS_RECEIVABLE,1271200,CREDIT,2026-07-18T07:00:57Z
LDG_4CEE8CA3,PAY_147277D6,ACCOUNTS_RECEIVABLE,1801200,CREDIT,2026-08-26T02:43:11Z
LDG_255DE66A,PAY_E901E76A,ACCOUNTS_RECEIVABLE,1882800,CREDIT,2026-07-10T17:31:47Z
LDG_35A47378,PAY_759AADA0,ACCOUNTS_RECEIVABLE,521400,CREDIT,2026-08-19T15:58:07Z
LDG_EAAE0417,PAY_54207940,ACCOUNTS_RECEIVABLE,1411700,CREDIT,2026-07-03T19:54:53Z
LDG_EE15AF57,PAY_17D1B874,ACCOUNTS_RECEIVABLE,1706000,CREDIT,2026-07-05T23:37:03Z
LDG_60921AB8,PAY_1F295963,ACCOUNTS_RECEIVABLE,798900,CREDIT,2026-08-18T17:01:11Z
LDG_98B44757,PAY_8C63C965,ACCOUNTS_RECEIVABLE,982700,CREDIT,2026-08-25T07:40:54Z
LDG_1122443B,PAY_F95B3C5B,ACCOUNTS_RECEIVABLE,1963400,CREDIT,2026-07-01T18:40:17Z
LDG_453966AD,PAY_1FEEC3A9,ACCOUNTS_RECEIVABLE,569300,CREDIT,2026-08-20T16:30:25Z
LDG_AAE07EE1,PAY_C013A811,ACCOUNTS_RECEIVABLE,1381500,CREDIT,2026-08-10T05:56:17Z
LDG_D6CB5BF5,PAY_E98F5193,ACCOUNTS_RECEIVABLE,761000,CREDIT,2026-07-10T13:58:55Z
LDG_9E00860E,PAY_2CB2CFAD,ACCOUNTS_RECEIVABLE,661400,CREDIT,2026-07-28T16:55:48Z
LDG_E09E5867,PAY_D57DE1B9,ACCOUNTS_RECEIVABLE,127200,CREDIT,2026-08-02T15:23:40Z
LDG_D426D06D,PAY_B0721D77,ACCOUNTS_RECEIVABLE,1667100,CREDIT,2026-08-04T16:18:21Z
LDG_C4DE4EAD,PAY_57228AEE,ACCOUNTS_RECEIVABLE,341900,CREDIT,2026-08-25T16:06:42Z
LDG_A5044414,PAY_384690B7,ACCOUNTS_RECEIVABLE,1685000,CREDIT,2026-08-17T21:23:58Z
LDG_922D9526,PAY_F991784B,ACCOUNTS_RECEIVABLE,577700,CREDIT,2026-07-11T22:51:34Z
LDG_49DEBCC4,PAY_3FA4D10A,ACCOUNTS_RECEIVABLE,352700,CREDIT,2026-07-01T06:21:00Z
LDG_11B58EFD,PAY_E384AFC1,ACCOUNTS_RECEIVABLE,176700,CREDIT,2026-08-17T07:49:45Z
LDG_9D3FEE6A,PAY_61009723,ACCOUNTS_RECEIVABLE,861200,CREDIT,2026-08-02T20:19:49Z
LDG_C3EBAB85,PAY_C6123FF8,ACCOUNTS_RECEIVABLE,685500,CREDIT,2026-07-22T21:42:38Z
LDG_9B6728E1,PAY_83B66505,ACCOUNTS_RECEIVABLE,1490300,CREDIT,2026-08-04T01:10:27Z
LDG_C74B0582,PAY_E9C616C5,ACCOUNTS_RECEIVABLE,1592500,CREDIT,2026-07-01T08:29:41Z
LDG_3B465F50,PAY_3660094F,ACCOUNTS_RECEIVABLE,421800,CREDIT,2026-07-22T02:45:18Z
LDG_2ED35A8A,PAY_CA9026D6,ACCOUNTS_RECEIVABLE,1136600,CREDIT,2026-07-17T14:48:48Z
LDG_C8885E18,PAY_D685D736,ACCOUNTS_RECEIVABLE,711500,CREDIT,2026-07-11T03:10:11Z
LDG_F6BA92B2,PAY_445DED0E,ACCOUNTS_RECEIVABLE,712400,CREDIT,2026-08-08T00:28:30Z
LDG_198862D1,PAY_E5D278D4,ACCOUNTS_RECEIVABLE,1037000,CREDIT,2026-07-01T07:19:11Z
LDG_363511E8,PAY_EF4097BF,ACCOUNTS_RECEIVABLE,101900,CREDIT,2026-08-16T19:27:02Z
LDG_5CE9D976,PAY_E60D998C,ACCOUNTS_RECEIVABLE,399100,CREDIT,2026-07-20T20:12:44Z
LDG_2EA9BA3C,PAY_C635D5DD,ACCOUNTS_RECEIVABLE,393600,CREDIT,2026-08-04T03:07:40Z
LDG_65FA2114,PAY_DE07C9D1,ACCOUNTS_RECEIVABLE,658900,CREDIT,2026-08-19T11:37:40Z
LDG_9021A11E,PAY_5A537EE4,ACCOUNTS_RECEIVABLE,568900,CREDIT,2026-07-12T02:41:04Z
LDG_6B0AE695,PAY_6F89D1B1,ACCOUNTS_RECEIVABLE,695600,CREDIT,2026-07-30T06:32:59Z
LDG_238E00C1,PAY_A9D318FE,ACCOUNTS_RECEIVABLE,1261600,CREDIT,2026-07-03T02:14:29Z
LDG_8CCBD44A,PAY_936633CB,ACCOUNTS_RECEIVABLE,1782500,CREDIT,2026-07-23T22:27:51Z
LDG_4BE22569,PAY_82B33D37,ACCOUNTS_RECEIVABLE,35600,CREDIT,2026-08-11T18:44:43Z
LDG_3E9CA5FE,PAY_1A42753F,ACCOUNTS_RECEIVABLE,1514800,CREDIT,2026-08-08T17:09:47Z
LDG_4BD2BB4E,PAY_7B97F032,ACCOUNTS_RECEIVABLE,259400,CREDIT,2026-07-01T18:33:29Z
LDG_60331B73,PAY_EC1C9ABC,ACCOUNTS_RECEIVABLE,1119100,CREDIT,2026-08-27T23:51:01Z
LDG_38278CAC,PAY_F09A1810,ACCOUNTS_RECEIVABLE,1820100,CREDIT,2026-07-30T16:35:14Z
LDG_9BEB9FEC,PAY_84A93FB5,ACCOUNTS_RECEIVABLE,24300,CREDIT,2026-07-25T11:54:40Z
LDG_0C1B9894,PAY_6D771450,ACCOUNTS_RECEIVABLE,463000,CREDIT,2026-07-17T05:47:17Z
LDG_225BABBC,PAY_E5EB89F1,ACCOUNTS_RECEIVABLE,1111400,CREDIT,2026-07-15T14:22:12Z
LDG_3307AC1A,PAY_8438DA34,ACCOUNTS_RECEIVABLE,511600,CREDIT,2026-07-26T16:35:50Z
LDG_E91D5659,PAY_567FCA47,ACCOUNTS_RECEIVABLE,63000,CREDIT,2026-07-26T17:43:42Z
LDG_FF6A6AFB,PAY_A13CADD5,ACCOUNTS_RECEIVABLE,1711000,CREDIT,2026-07-10T00:09:30Z
LDG_67199AD8,PAY_B74BEA6E,ACCOUNTS_RECEIVABLE,60000000,CREDIT,2026-08-18T09:54:02Z
LDG_915EAF68,PAY_1AFC058A,ACCOUNTS_RECEIVABLE,1845000,CREDIT,2026-07-06T12:20:15Z
LDG_020F8BA2,PAY_4C46BABF,ACCOUNTS_RECEIVABLE,1777900,CREDIT,2026-07-06T07:29:22Z
LDG_846F436C,PAY_14E2767B,ACCOUNTS_RECEIVABLE,1967600,CREDIT,2026-08-27T21:59:35Z
LDG_F7BA7E17,PAY_5CDB94EA,ACCOUNTS_RECEIVABLE,1892600,CREDIT,2026-07-23T22:47:10Z
LDG_6DC80E14,PAY_6A8B0306,ACCOUNTS_RECEIVABLE,1284300,CREDIT,2026-08-29T17:02:34Z
LDG_C37C755B,PAY_192F4153,ACCOUNTS_RECEIVABLE,1512100,CREDIT,2026-08-20T00:35:22Z
LDG_09EF67D3,PAY_AA032CEE,ACCOUNTS_RECEIVABLE,1030200,CREDIT,2026-08-17T22:35:33Z
LDG_FA3E622A,PAY_61979180,ACCOUNTS_RECEIVABLE,1982100,CREDIT,2026-07-18T15:59:39Z
LDG_4CE30BFB,PAY_DD3F6867,ACCOUNTS_RECEIVABLE,1879100,CREDIT,2026-08-09T15:36:58Z
LDG_2DCDC0B1,PAY_FC4E59BE,ACCOUNTS_RECEIVABLE,987600,CREDIT,2026-08-11T08:20:45Z
LDG_B3362F02,PAY_91CA1080,ACCOUNTS_RECEIVABLE,558100,CREDIT,2026-08-05T20:50:15Z
LDG_810DB73B,PAY_5AEDD1E3,ACCOUNTS_RECEIVABLE,662200,CREDIT,2026-07-29T00:51:17Z
LDG_EF4FBDAF,PAY_48C46389,ACCOUNTS_RECEIVABLE,1976900,CREDIT,2026-08-10T01:07:29Z
LDG_4361F548,PAY_98FBE8B6,ACCOUNTS_RECEIVABLE,809800,CREDIT,2026-07-24T12:43:58Z
LDG_4BC05F79,PAY_A99F9266,ACCOUNTS_RECEIVABLE,982800,CREDIT,2026-07-11T20:23:32Z
LDG_F23E03F6,PAY_3D1E79D4,ACCOUNTS_RECEIVABLE,1463900,CREDIT,2026-08-11T22:08:06Z
LDG_C16634E2,PAY_7C30B173,ACCOUNTS_RECEIVABLE,218400,CREDIT,2026-08-04T13:46:43Z
LDG_343CA8F1,PAY_524A9377,ACCOUNTS_RECEIVABLE,1347200,CREDIT,2026-08-03T09:58:10Z
LDG_12B88BF5,PAY_5F1EAAC4,ACCOUNTS_RECEIVABLE,758600,CREDIT,2026-07-02T05:00:39Z
LDG_D7E2B5A9,PAY_B53D124C,ACCOUNTS_RECEIVABLE,1507500,CREDIT,2026-08-22T20:44:30Z
LDG_8737EC3B,PAY_24A434C5,ACCOUNTS_RECEIVABLE,294800,CREDIT,2026-07-23T21:06:18Z
LDG_FBA5139A,PAY_EFC46042,ACCOUNTS_RECEIVABLE,29800,CREDIT,2026-08-12T17:10:30Z
LDG_3B82DC21,PAY_22F6372D,ACCOUNTS_RECEIVABLE,1073200,CREDIT,2026-07-19T05:26:55Z
LDG_6071EB2D,PAY_D00255CB,ACCOUNTS_RECEIVABLE,539000,CREDIT,2026-07-28T03:45:43Z
LDG_9772A739,PAY_CB1341EE,ACCOUNTS_RECEIVABLE,1165200,CREDIT,2026-08-22T13:06:03Z
LDG_D476A498,PAY_EDA51D61,ACCOUNTS_RECEIVABLE,1564700,CREDIT,2026-08-07T23:26:38Z
LDG_DBBC77BE,PAY_1D135C11,ACCOUNTS_RECEIVABLE,149700,CREDIT,2026-08-13T13:00:00Z
LDG_3A7D5C90,PAY_A2666CB7,ACCOUNTS_RECEIVABLE,30000000,CREDIT,2026-08-08T22:11:58Z
LDG_52D1B3F8,PAY_68640134,ACCOUNTS_RECEIVABLE,401400,CREDIT,2026-08-31T09:54:26Z
LDG_56499987,PAY_D7CC9FA4,ACCOUNTS_RECEIVABLE,1406700,CREDIT,2026-08-29T00:43:49Z
LDG_E3F742A1,PAY_EB1FAE9C,ACCOUNTS_RECEIVABLE,374000,CREDIT,2026-08-25T06:35:57Z
LDG_470D73C0,PAY_37FD6F5F,ACCOUNTS_RECEIVABLE,1867900,CREDIT,2026-08-21T17:58:26Z
LDG_AD2F5200,PAY_7ECB34BE,ACCOUNTS_RECEIVABLE,1208800,CREDIT,2026-07-18T06:32:39Z
LDG_3C9E6034,PAY_AF7C4B7A,ACCOUNTS_RECEIVABLE,365100,CREDIT,2026-08-06T01:22:42Z
LDG_7B69344F,PAY_B8AA3A86,ACCOUNTS_RECEIVABLE,1630200,CREDIT,2026-08-12T10:26:05Z
LDG_1C256570,PAY_6DA184C8,ACCOUNTS_RECEIVABLE,1468500,CREDIT,2026-08-08T20:15:31Z
LDG_20BEB31E,PAY_62432EF5,ACCOUNTS_RECEIVABLE,639800,CREDIT,2026-07-11T16:25:31Z
LDG_7858034C,PAY_CDD91046,ACCOUNTS_RECEIVABLE,488400,CREDIT,2026-07-04T02:56:46Z
LDG_12AC89D1,PAY_7811915B,ACCOUNTS_RECEIVABLE,255100,CREDIT,2026-07-04T11:26:49Z
LDG_456BA79E,PAY_DF1C1502,ACCOUNTS_RECEIVABLE,1801800,CREDIT,2026-07-25T05:09:47Z
LDG_D69688F1,PAY_B23C2021,ACCOUNTS_RECEIVABLE,585400,CREDIT,2026-07-12T04:00:02Z
LDG_6BFBBA92,PAY_F4875AF6,ACCOUNTS_RECEIVABLE,683500,CREDIT,2026-08-24T20:02:10Z
LDG_C2214A98,PAY_153DC3F7,ACCOUNTS_RECEIVABLE,352900,CREDIT,2026-08-18T03:21:40Z
LDG_15C9A34B,PAY_BE72A924,ACCOUNTS_RECEIVABLE,1347900,CREDIT,2026-08-29T17:07:58Z
LDG_66449256,PAY_895D4813,ACCOUNTS_RECEIVABLE,1756900,CREDIT,2026-08-27T00:57:35Z
LDG_C051F54D,PAY_22039EEE,ACCOUNTS_RECEIVABLE,1359100,CREDIT,2026-07-20T23:09:43Z
LDG_0E677F8B,PAY_45CBD4B3,ACCOUNTS_RECEIVABLE,1202000,CREDIT,2026-08-09T22:04:47Z
LDG_154DFCFD,PAY_6D900469,ACCOUNTS_RECEIVABLE,1659600,CREDIT,2026-08-31T03:32:22Z
LDG_74850ABC,PAY_AAB4C3C1,ACCOUNTS_RECEIVABLE,1096200,CREDIT,2026-08-12T22:36:06Z
LDG_A20A116A,PAY_B2195326,ACCOUNTS_RECEIVABLE,508300,CREDIT,2026-07-30T21:43:36Z
LDG_FE9AADE7,PAY_8B7E68E2,ACCOUNTS_RECEIVABLE,371600,CREDIT,2026-08-15T05:45:40Z
LDG_723E2901,PAY_465644EC,ACCOUNTS_RECEIVABLE,1481000,CREDIT,2026-07-08T17:29:23Z
LDG_552AF3BA,PAY_8A2CD53F,ACCOUNTS_RECEIVABLE,1197600,CREDIT,2026-08-06T18:27:04Z
LDG_00E98D81,PAY_4FA026F6,ACCOUNTS_RECEIVABLE,1535400,CREDIT,2026-07-25T15:02:45Z
LDG_5C81D362,PAY_26D5C7BF,ACCOUNTS_RECEIVABLE,834600,CREDIT,2026-07-19T09:33:17Z
LDG_8DFD0855,PAY_5C1A71E4,ACCOUNTS_RECEIVABLE,1592400,CREDIT,2026-09-01T23:59:13Z
LDG_9088735D,PAY_DE3DD240,ACCOUNTS_RECEIVABLE,624200,CREDIT,2026-08-29T15:57:09Z
LDG_96786598,PAY_6B71FEF0,ACCOUNTS_RECEIVABLE,633100,CREDIT,2026-08-18T20:24:45Z
LDG_A5AC62C2,PAY_6B006ECF,ACCOUNTS_RECEIVABLE,1228400,CREDIT,2026-08-04T04:00:51Z
LDG_2AF69C64,PAY_7B5F7B04,ACCOUNTS_RECEIVABLE,1714400,CREDIT,2026-08-26T02:50:48Z
LDG_637C171C,PAY_871C319C,ACCOUNTS_RECEIVABLE,696600,CREDIT,2026-08-11T12:30:58Z
LDG_0245D2FF,PAY_D3B828F5,ACCOUNTS_RECEIVABLE,672100,CREDIT,2026-07-09T12:26:26Z
LDG_77489D4E,PAY_F7324F15,ACCOUNTS_RECEIVABLE,1547600,CREDIT,2026-08-15T16:54:41Z
LDG_1651DDF1,PAY_9C14FE6E,ACCOUNTS_RECEIVABLE,425500,CREDIT,2026-08-25T09:46:06Z
LDG_FB766AE8,PAY_21AA3F20,ACCOUNTS_RECEIVABLE,342800,CREDIT,2026-08-17T14:45:40Z
LDG_78B1D7C8,PAY_1B8A68EA,ACCOUNTS_RECEIVABLE,1211500,CREDIT,2026-07-09T01:16:24Z
LDG_C2180AD0,PAY_6B1D6835,ACCOUNTS_RECEIVABLE,1012800,CREDIT,2026-08-17T09:55:39Z
LDG_F23C12FB,PAY_91CDE31F,ACCOUNTS_RECEIVABLE,1930900,CREDIT,2026-07-01T02:17:03Z
LDG_1E784104,PAY_9854EAB7,ACCOUNTS_RECEIVABLE,1481900,CREDIT,2026-07-29T09:22:45Z
LDG_81184DDC,PAY_CA5BF5AB,ACCOUNTS_RECEIVABLE,711000,CREDIT,2026-08-13T20:03:27Z
LDG_2B6D6A18,PAY_600F9A34,ACCOUNTS_RECEIVABLE,396400,CREDIT,2026-07-15T03:28:50Z
LDG_4DBEAFE5,PAY_E6C15681,ACCOUNTS_RECEIVABLE,1070900,CREDIT,2026-09-01T01:48:54Z
LDG_1EEE8E1B,PAY_FCCC24B1,ACCOUNTS_RECEIVABLE,124700,CREDIT,2026-07-22T14:11:42Z
LDG_0AB66302,PAY_27D4F00C,ACCOUNTS_RECEIVABLE,1853300,CREDIT,2026-08-06T01:26:19Z
LDG_3AB13A8D,PAY_991FEAF0,ACCOUNTS_RECEIVABLE,1438600,CREDIT,2026-08-03T10:13:52Z
LDG_428CC888,PAY_2FA695D5,ACCOUNTS_RECEIVABLE,713200,CREDIT,2026-08-11T19:41:44Z
LDG_B321AB3C,PAY_5F7B7DA0,ACCOUNTS_RECEIVABLE,267200,CREDIT,2026-07-18T02:59:51Z
LDG_20E7D13B,PAY_BD24043C,ACCOUNTS_RECEIVABLE,15000000,CREDIT,2026-07-28T08:16:02Z
LDG_B2D21714,PAY_AFE8814D,ACCOUNTS_RECEIVABLE,1435200,CREDIT,2026-07-04T13:40:58Z
LDG_43F2BF6B,PAY_4B4F4DD2,ACCOUNTS_RECEIVABLE,196600,CREDIT,2026-07-26T02:48:58Z
LDG_9374BB4D,PAY_0F8EB1AA,ACCOUNTS_RECEIVABLE,917300,CREDIT,2026-07-20T21:07:49Z
LDG_D39F58FD,PAY_F889FB17,ACCOUNTS_RECEIVABLE,1728400,CREDIT,2026-07-22T03:29:11Z
LDG_5CDF864E,PAY_2FD50A62,ACCOUNTS_RECEIVABLE,1752900,CREDIT,2026-07-10T15:24:40Z
LDG_AD1B2A64,PAY_F893FB89,ACCOUNTS_RECEIVABLE,1422400,CREDIT,2026-07-11T00:11:21Z
LDG_4897BD11,PAY_F9C525C1,ACCOUNTS_RECEIVABLE,889800,CREDIT,2026-07-30T04:43:37Z
LDG_A728390E,PAY_2ECE6922,ACCOUNTS_RECEIVABLE,753000,CREDIT,2026-08-21T16:40:51Z
LDG_923A4677,PAY_D45207B9,ACCOUNTS_RECEIVABLE,1106900,CREDIT,2026-08-31T20:22:54Z
LDG_60A2B9FC,PAY_B2F2EDE0,ACCOUNTS_RECEIVABLE,455600,CREDIT,2026-07-30T19:16:17Z
LDG_36D3736B,PAY_D3AE2B50,ACCOUNTS_RECEIVABLE,553900,CREDIT,2026-07-06T19:10:30Z
LDG_A86D2D59,PAY_6643239B,ACCOUNTS_RECEIVABLE,1202300,CREDIT,2026-07-06T17:32:52Z
LDG_4E24B669,PAY_96643797,ACCOUNTS_RECEIVABLE,1633700,CREDIT,2026-07-23T00:51:49Z
LDG_DFFDA98F,PAY_8F5406F2,ACCOUNTS_RECEIVABLE,1394700,CREDIT,2026-07-09T01:55:50Z
LDG_735A9DAF,PAY_EF80CD9E,ACCOUNTS_RECEIVABLE,891900,CREDIT,2026-09-01T07:59:30Z
LDG_FECCFC22,PAY_DA628A58,ACCOUNTS_RECEIVABLE,1010700,CREDIT,2026-07-11T07:00:22Z
LDG_30E1380C,PAY_90712978,ACCOUNTS_RECEIVABLE,1851100,CREDIT,2026-08-11T18:19:46Z
LDG_F79B289B,PAY_5B3D07BB,ACCOUNTS_RECEIVABLE,887400,CREDIT,2026-08-30T17:12:14Z
LDG_6AC5E6E1,PAY_6A1455B0,ACCOUNTS_RECEIVABLE,386800,CREDIT,2026-07-12T13:56:39Z
LDG_18C47140,PAY_177C6BBE,ACCOUNTS_RECEIVABLE,1318700,CREDIT,2026-07-07T01:50:22Z
LDG_637CB18E,PAY_2E4356B0,ACCOUNTS_RECEIVABLE,436200,CREDIT,2026-07-09T01:46:34Z
LDG_822B6497,PAY_C8ACDC6D,ACCOUNTS_RECEIVABLE,164200,CREDIT,2026-08-26T07:36:49Z
LDG_FF8B946D,PAY_AE6BFB67,ACCOUNTS_RECEIVABLE,1664900,CREDIT,2026-07-13T10:37:47Z
LDG_3171CB28,PAY_F45D162B,ACCOUNTS_RECEIVABLE,1835800,CREDIT,2026-08-12T15:42:03Z
LDG_48C9D945,PAY_1E00C9D1,ACCOUNTS_RECEIVABLE,1430300,CREDIT,2026-08-21T11:35:02Z
LDG_8D7375C7,PAY_634C7FAE,ACCOUNTS_RECEIVABLE,545200,CREDIT,2026-07-14T05:23:47Z
LDG_5739479D,PAY_F9E51618,ACCOUNTS_RECEIVABLE,610400,CREDIT,2026-08-09T17:21:07Z
LDG_78BD4091,PAY_D41E73C5,ACCOUNTS_RECEIVABLE,181700,CREDIT,2026-07-04T11:00:42Z
LDG_9D1D4372,PAY_43F9D771,ACCOUNTS_RECEIVABLE,240100,CREDIT,2026-07-20T12:30:12Z
LDG_EC358A69,PAY_EA6AB58D,ACCOUNTS_RECEIVABLE,581600,CREDIT,2026-08-03T08:13:15Z
LDG_BF21E549,PAY_6A80A59E,ACCOUNTS_RECEIVABLE,1438100,CREDIT,2026-07-03T20:05:01Z
LDG_160470A2,PAY_FE8E6058,ACCOUNTS_RECEIVABLE,1006600,CREDIT,2026-07-05T02:07:53Z
LDG_81DCFD58,PAY_578B5ECB,ACCOUNTS_RECEIVABLE,91500,CREDIT,2026-07-20T00:16:40Z
LDG_01EEBDDB,PAY_1A531D69,ACCOUNTS_RECEIVABLE,1375400,CREDIT,2026-07-08T00:23:52Z
LDG_F83D540F,PAY_50129DA4,ACCOUNTS_RECEIVABLE,1707200,CREDIT,2026-07-28T22:52:36Z
LDG_439472D3,PAY_86315469,ACCOUNTS_RECEIVABLE,1183300,CREDIT,2026-07-28T11:11:24Z
LDG_7A25B1AD,PAY_D5939A88,ACCOUNTS_RECEIVABLE,1128000,CREDIT,2026-07-02T18:25:32Z
LDG_1AEC366C,PAY_0ABE5F3B,ACCOUNTS_RECEIVABLE,1585500,CREDIT,2026-07-31T21:06:47Z
LDG_ADCBF25D,PAY_A7BE53B4,ACCOUNTS_RECEIVABLE,964100,CREDIT,2026-08-12T09:55:18Z
LDG_26B81106,PAY_70D4FDB6,ACCOUNTS_RECEIVABLE,810900,CREDIT,2026-08-04T05:59:13Z
LDG_FEE245D1,PAY_A320D6C3,ACCOUNTS_RECEIVABLE,896200,CREDIT,2026-08-16T09:52:52Z
LDG_D7AE9107,PAY_A603EFC7,ACCOUNTS_RECEIVABLE,761000,CREDIT,2026-08-10T05:37:28Z
LDG_3609C805,PAY_E608F7BC,ACCOUNTS_RECEIVABLE,1511500,CREDIT,2026-08-01T11:04:53Z
LDG_D59A2D8B,PAY_5E9F1B0E,ACCOUNTS_RECEIVABLE,1279300,CREDIT,2026-08-06T03:26:08Z
LDG_A82A1596,PAY_46B2F129,ACCOUNTS_RECEIVABLE,50600,CREDIT,2026-08-12T09:35:08Z
LDG_6C173623,PAY_E2B46116,ACCOUNTS_RECEIVABLE,272900,CREDIT,2026-07-31T00:26:58Z
LDG_46EAA7FB,PAY_CB74F3A6,ACCOUNTS_RECEIVABLE,1425400,CREDIT,2026-08-17T11:37:06Z
LDG_BA745608,PAY_18368429,ACCOUNTS_RECEIVABLE,1822900,CREDIT,2026-07-03T21:18:35Z
LDG_68C65B72,PAY_4FE0DA87,ACCOUNTS_RECEIVABLE,398600,CREDIT,2026-07-06T02:40:05Z
LDG_D08932CC,PAY_EE96B6DC,ACCOUNTS_RECEIVABLE,1107500,CREDIT,2026-07-27T06:51:56Z
LDG_2DFC8CFA,PAY_F0621320,ACCOUNTS_RECEIVABLE,1789400,CREDIT,2026-08-04T01:37:43Z
LDG_7EE3CE8D,PAY_9507A27A,ACCOUNTS_RECEIVABLE,1735400,CREDIT,2026-07-16T19:56:00Z
LDG_B8D8093B,PAY_9E56E179,ACCOUNTS_RECEIVABLE,1051800,CREDIT,2026-07-30T19:02:04Z
LDG_C4C2E6B5,PAY_C7CB7C3C,ACCOUNTS_RECEIVABLE,283800,CREDIT,2026-07-17T00:11:45Z
LDG_96B036C1,PAY_9C939C4D,ACCOUNTS_RECEIVABLE,1109700,CREDIT,2026-08-25T09:54:43Z
LDG_14A168FB,PAY_1F25CAD9,ACCOUNTS_RECEIVABLE,592700,CREDIT,2026-07-10T02:40:58Z
LDG_E17EEADF,PAY_301DEEC8,ACCOUNTS_RECEIVABLE,1019200,CREDIT,2026-07-01T05:04:38Z
LDG_157295B1,PAY_4B37D473,ACCOUNTS_RECEIVABLE,254900,CREDIT,2026-08-26T19:32:55Z
LDG_D60EF549,PAY_685C5156,ACCOUNTS_RECEIVABLE,657300,CREDIT,2026-08-27T20:01:32Z
LDG_AB57B37B,PAY_52E85747,ACCOUNTS_RECEIVABLE,1598800,CREDIT,2026-07-02T03:03:20Z
LDG_5E13B141,PAY_E5408A78,ACCOUNTS_RECEIVABLE,226300,CREDIT,2026-07-06T14:31:32Z
LDG_1304C045,PAY_5F7D2D13,ACCOUNTS_RECEIVABLE,1027200,CREDIT,2026-07-28T20:45:25Z
LDG_3E036908,PAY_76212ACB,ACCOUNTS_RECEIVABLE,1008800,CREDIT,2026-07-21T02:40:03Z
LDG_9CDD292C,PAY_A04E8E23,ACCOUNTS_RECEIVABLE,738200,CREDIT,2026-08-28T09:19:43Z
LDG_D0D03043,PAY_AFD0E891,ACCOUNTS_RECEIVABLE,1973300,CREDIT,2026-08-03T17:28:22Z
LDG_5B122F1F,PAY_74C8F9A5,ACCOUNTS_RECEIVABLE,1333200,CREDIT,2026-08-06T00:19:59Z
LDG_15B872B6,PAY_214E43EF,ACCOUNTS_RECEIVABLE,1629700,CREDIT,2026-07-29T14:34:01Z
LDG_0FE797F5,PAY_B5E40B2A,ACCOUNTS_RECEIVABLE,1036000,CREDIT,2026-08-17T23:18:38Z
LDG_BE997B3F,PAY_0C47A434,ACCOUNTS_RECEIVABLE,1118300,CREDIT,2026-08-07T13:04:00Z
LDG_3FFBD3DD,PAY_6F590938,ACCOUNTS_RECEIVABLE,1007600,CREDIT,2026-08-20T19:40:27Z
LDG_23D08967,PAY_E2EB4CBA,ACCOUNTS_RECEIVABLE,1389900,CREDIT,2026-08-20T18:44:51Z
LDG_07E2FF6E,PAY_619C8D1A,ACCOUNTS_RECEIVABLE,30000000,CREDIT,2026-07-16T07:03:19Z
LDG_9CCDC526,PAY_88A4A00D,ACCOUNTS_RECEIVABLE,654200,CREDIT,2026-07-23T02:26:35Z
LDG_2045FB81,PAY_6CFFC4BF,ACCOUNTS_RECEIVABLE,1718600,CREDIT,2026-08-11T23:42:05Z
LDG_469B8EAC,PAY_D0631190,ACCOUNTS_RECEIVABLE,915000,CREDIT,2026-08-19T23:45:17Z
LDG_B937CA52,PAY_7620EA21,ACCOUNTS_RECEIVABLE,370000,CREDIT,2026-08-14T11:26:43Z
LDG_041563F6,PAY_9EF8E1AA,ACCOUNTS_RECEIVABLE,648500,CREDIT,2026-08-10T12:37:57Z
LDG_234FEBE8,PAY_327CC5C8,ACCOUNTS_RECEIVABLE,501500,CREDIT,2026-07-13T07:32:16Z
LDG_82396435,PAY_4CFC9716,ACCOUNTS_RECEIVABLE,1445700,CREDIT,2026-08-17T10:46:07Z
LDG_FF10A30C,PAY_6D4BD26C,ACCOUNTS_RECEIVABLE,30000000,CREDIT,2026-08-06T00:08:21Z
LDG_E352C84D,PAY_B18808E7,ACCOUNTS_RECEIVABLE,1949400,CREDIT,2026-07-30T03:55:58Z
LDG_5EE79B31,PAY_FFF3C3F3,ACCOUNTS_RECEIVABLE,830900,CREDIT,2026-09-01T05:32:25Z
LDG_0EECCFB1,PAY_67ABA007,ACCOUNTS_RECEIVABLE,571800,CREDIT,2026-08-24T04:53:49Z
LDG_BCEA7829,PAY_D142E8D8,ACCOUNTS_RECEIVABLE,1890500,CREDIT,2026-07-01T16:04:44Z
LDG_7952D58E,PAY_C36FBD0A,ACCOUNTS_RECEIVABLE,138100,CREDIT,2026-07-19T05:56:44Z
LDG_820E7CB5,PAY_62BE97F1,ACCOUNTS_RECEIVABLE,1370000,CREDIT,2026-07-25T15:56:31Z
LDG_B1A51BB2,PAY_949EB383,ACCOUNTS_RECEIVABLE,468900,CREDIT,2026-07-06T15:03:40Z
LDG_BF032B6C,PAY_C81C830D,ACCOUNTS_RECEIVABLE,1004500,CREDIT,2026-07-23T11:59:30Z
LDG_0D6F73B5,PAY_348F79B3,ACCOUNTS_RECEIVABLE,1717800,CREDIT,2026-08-06T07:55:49Z
LDG_6B5393FD,PAY_BB39E7AA,ACCOUNTS_RECEIVABLE,175700,CREDIT,2026-07-09T06:02:33Z
LDG_E71F494C,PAY_9CC8FC2D,ACCOUNTS_RECEIVABLE,1804900,CREDIT,2026-08-10T07:55:55Z
LDG_0E032609,PAY_88F14A6B,ACCOUNTS_RECEIVABLE,806100,CREDIT,2026-08-07T13:03:21Z
LDG_8D43C14D,PAY_6690317F,ACCOUNTS_RECEIVABLE,1445400,CREDIT,2026-07-10T20:10:58Z
LDG_FC310500,PAY_4766A878,ACCOUNTS_RECEIVABLE,1380200,CREDIT,2026-08-30T01:39:50Z
LDG_6E4700E2,PAY_644B9A6B,ACCOUNTS_RECEIVABLE,1579600,CREDIT,2026-08-30T01:44:38Z
LDG_ED570E52,PAY_349B400A,ACCOUNTS_RECEIVABLE,222000,CREDIT,2026-07-22T08:45:13Z
LDG_7463C318,PAY_1C9DA2FF,ACCOUNTS_RECEIVABLE,1549100,CREDIT,2026-08-24T17:23:56Z
LDG_99A144E2,PAY_1D7902CD,ACCOUNTS_RECEIVABLE,176700,CREDIT,2026-07-18T14:47:09Z
LDG_6528C1D4,PAY_7A8A341E,ACCOUNTS_RECEIVABLE,1829700,CREDIT,2026-07-13T20:23:11Z
LDG_8D633859,PAY_81BD824E,ACCOUNTS_RECEIVABLE,416900,CREDIT,2026-08-21T22:57:32Z
LDG_BFCA292F,PAY_C8E04D8A,ACCOUNTS_RECEIVABLE,66600,CREDIT,2026-08-14T10:25:35Z
LDG_4891D942,PAY_0D0B3186,ACCOUNTS_RECEIVABLE,398300,CREDIT,2026-08-11T11:01:51Z
LDG_314E7A14,PAY_64AC2F76,ACCOUNTS_RECEIVABLE,1927500,CREDIT,2026-07-09T20:53:26Z
LDG_CDE3BD74,PAY_746410DB,ACCOUNTS_RECEIVABLE,626200,CREDIT,2026-07-15T01:11:15Z
LDG_8FC545DE,PAY_4F031291,ACCOUNTS_RECEIVABLE,1421100,CREDIT,2026-07-28T06:22:19Z
LDG_5F574629,PAY_A72AB3FD,ACCOUNTS_RECEIVABLE,403500,CREDIT,2026-08-08T02:52:30Z
LDG_77BBCD9E,PAY_8C032054,ACCOUNTS_RECEIVABLE,636300,CREDIT,2026-08-04T16:55:10Z
LDG_CAB60F96,PAY_BCC0802D,ACCOUNTS_RECEIVABLE,224800,CREDIT,2026-08-18T21:55:17Z
LDG_679E174B,PAY_3080E00F,ACCOUNTS_RECEIVABLE,1101800,CREDIT,2026-08-01T19:07:52Z
LDG_3AF125DB,PAY_96A6F927,ACCOUNTS_RECEIVABLE,795700,CREDIT,2026-07-20T05:33:33Z
LDG_41A43C77,PAY_867F7520,ACCOUNTS_RECEIVABLE,377600,CREDIT,2026-08-17T03:11:01Z
LDG_B897305F,PAY_BBF92B37,ACCOUNTS_RECEIVABLE,60000000,CREDIT,2026-08-05T08:40:03Z
LDG_0B372B68,PAY_49220038,ACCOUNTS_RECEIVABLE,721900,CREDIT,2026-07-09T03:17:22Z
LDG_EDAD3B4F,PAY_DC97B299,ACCOUNTS_RECEIVABLE,1928500,CREDIT,2026-08-13T00:40:50Z
LDG_E49D3124,PAY_613BEF4D,ACCOUNTS_RECEIVABLE,1152700,CREDIT,2026-07-01T20:51:50Z
LDG_881FED33,PAY_0DC03C4C,ACCOUNTS_RECEIVABLE,911400,CREDIT,2026-08-18T20:28:10Z
LDG_A308C64E,PAY_35629056,ACCOUNTS_RECEIVABLE,1717600,CREDIT,2026-08-12T09:47:32Z
LDG_670B8751,PAY_D8374BB9,ACCOUNTS_RECEIVABLE,174800,CREDIT,2026-08-03T07:08:45Z
LDG_8CDAA580,PAY_7505C1A8,ACCOUNTS_RECEIVABLE,1908700,CREDIT,2026-07-24T23:45:49Z
LDG_FF969337,PAY_B22F525F,ACCOUNTS_RECEIVABLE,281500,CREDIT,2026-08-17T02:34:15Z
LDG_DEBA5DB6,PAY_D7DCA115,ACCOUNTS_RECEIVABLE,1900200,CREDIT,2026-07-27T15:52:17Z
LDG_F049E30D,PAY_164A7D4D,ACCOUNTS_RECEIVABLE,1134500,CREDIT,2026-07-12T07:16:53Z
LDG_B5683064,PAY_2687FAE1,ACCOUNTS_RECEIVABLE,320100,CREDIT,2026-09-01T04:23:03Z
LDG_BD3E3B8A,PAY_8509D2FE,ACCOUNTS_RECEIVABLE,1597500,CREDIT,2026-08-01T08:00:22Z
LDG_7FC9F0E3,PAY_8A6EA470,ACCOUNTS_RECEIVABLE,1448600,CREDIT,2026-08-17T21:00:28Z
LDG_294EF956,PAY_93734506,ACCOUNTS_RECEIVABLE,1109000,CREDIT,2026-08-20T19:41:21Z
LDG_DFFB7BA8,PAY_12903B86,ACCOUNTS_RECEIVABLE,1950000,CREDIT,2026-07-31T09:15:50Z
LDG_CC04E748,PAY_D8A450C2,ACCOUNTS_RECEIVABLE,1243600,CREDIT,2026-08-24T15:30:03Z
LDG_CBB79037,PAY_557DCAC5,ACCOUNTS_RECEIVABLE,894800,CREDIT,2026-07-05T22:19:28Z
LDG_C7FCF770,PAY_EF022C97,ACCOUNTS_RECEIVABLE,770600,CREDIT,2026-08-10T22:24:23Z
LDG_CDC21A21,PAY_41D9E41C,ACCOUNTS_RECEIVABLE,60000000,CREDIT,2026-07-31T21:53:00Z
LDG_BE4F580B,PAY_0FB8B4E0,ACCOUNTS_RECEIVABLE,174700,CREDIT,2026-07-02T23:56:13Z
LDG_1E7C1911,PAY_19FA309D,ACCOUNTS_RECEIVABLE,549300,CREDIT,2026-08-11T07:54:13Z
LDG_F4F818B0,PAY_CAFCE795,ACCOUNTS_RECEIVABLE,1529100,CREDIT,2026-08-15T03:30:33Z
LDG_057B0D34,PAY_10953131,ACCOUNTS_RECEIVABLE,1776200,CREDIT,2026-07-28T12:59:20Z
LDG_71F6D22C,PAY_E272E22A,ACCOUNTS_RECEIVABLE,83100,CREDIT,2026-07-12T04:57:19Z
LDG_32A701F4,PAY_7B89A30C,ACCOUNTS_RECEIVABLE,1965200,CREDIT,2026-08-10T23:44:15Z
LDG_EFF6B662,PAY_D205A2B1,ACCOUNTS_RECEIVABLE,1427800,CREDIT,2026-07-10T17:03:59Z
LDG_04758E69,PAY_707E9FD1,ACCOUNTS_RECEIVABLE,1846900,CREDIT,2026-07-24T07:24:49Z
LDG_75F73F79,PAY_C473FE5C,ACCOUNTS_RECEIVABLE,318200,CREDIT,2026-07-28T06:25:04Z
LDG_A818C94D,PAY_B7C79FFF,ACCOUNTS_RECEIVABLE,1752500,CREDIT,2026-08-28T02:30:29Z
LDG_A1E6A855,PAY_8859B9AB,ACCOUNTS_RECEIVABLE,1670200,CREDIT,2026-07-03T10:44:51Z
LDG_4784C1FF,PAY_41A61892,ACCOUNTS_RECEIVABLE,1808900,CREDIT,2026-07-08T05:11:22Z
LDG_71494172,PAY_C7DA8208,ACCOUNTS_RECEIVABLE,764100,CREDIT,2026-08-31T19:46:34Z
LDG_EF40F24C,PAY_CFC50270,ACCOUNTS_RECEIVABLE,1625800,CREDIT,2026-08-16T20:10:46Z
LDG_469A1527,PAY_4792ABE7,ACCOUNTS_RECEIVABLE,288500,CREDIT,2026-08-13T08:07:32Z
LDG_63D43B80,PAY_BE475801,ACCOUNTS_RECEIVABLE,304500,CREDIT,2026-08-22T16:40:44Z
LDG_CCB47D89,PAY_DAD18008,ACCOUNTS_RECEIVABLE,622500,CREDIT,2026-07-25T02:58:14Z
LDG_B1BC728C,PAY_168B277C,ACCOUNTS_RECEIVABLE,1554600,CREDIT,2026-07-26T22:33:09Z
LDG_72FF75F0,PAY_EAD78AB5,ACCOUNTS_RECEIVABLE,1391800,CREDIT,2026-07-27T01:21:18Z
LDG_2D25C6A4,PAY_D9858F7B,ACCOUNTS_RECEIVABLE,1948600,CREDIT,2026-08-27T16:40:42Z
LDG_357D1FD0,PAY_0309D396,ACCOUNTS_RECEIVABLE,247400,CREDIT,2026-08-30T22:49:56Z
LDG_54E8DB71,PAY_056C06AA,ACCOUNTS_RECEIVABLE,123700,CREDIT,2026-08-29T22:01:52Z
LDG_1347C0E6,PAY_059CFF8F,ACCOUNTS_RECEIVABLE,1964200,CREDIT,2026-09-01T11:01:30Z
LDG_BDB82091,PAY_48071A0F,ACCOUNTS_RECEIVABLE,678600,CREDIT,2026-07-12T12:02:54Z
LDG_F33F54C2,PAY_B5472105,ACCOUNTS_RECEIVABLE,1045600,CREDIT,2026-08-23T23:22:59Z
LDG_9E7786B4,PAY_4E3F8DB7,ACCOUNTS_RECEIVABLE,1034600,CREDIT,2026-07-27T16:31:06Z
LDG_2AD8EB1C,PAY_BF8A45A1,ACCOUNTS_RECEIVABLE,1719900,CREDIT,2026-07-04T03:47:00Z
LDG_277F829D,PAY_6C3B8120,ACCOUNTS_RECEIVABLE,1662800,CREDIT,2026-08-24T16:53:27Z
LDG_281D1F1D,PAY_1C76169B,ACCOUNTS_RECEIVABLE,966400,CREDIT,2026-08-28T18:19:01Z
LDG_C1C1E477,PAY_752C19EF,ACCOUNTS_RECEIVABLE,661000,CREDIT,2026-07-14T07:16:24Z
LDG_20E4C9EC,PAY_A376FA10,ACCOUNTS_RECEIVABLE,503500,CREDIT,2026-08-07T02:22:53Z
LDG_1D82C270,PAY_57BB66F2,ACCOUNTS_RECEIVABLE,1169000,CREDIT,2026-08-25T17:04:30Z
LDG_D8E5B677,PAY_7CA2A8FF,ACCOUNTS_RECEIVABLE,270500,CREDIT,2026-08-17T20:45:24Z
LDG_A33488B1,PAY_3F3D023B,ACCOUNTS_RECEIVABLE,791000,CREDIT,2026-07-12T06:29:02Z
LDG_09C46CB9,PAY_578A868E,ACCOUNTS_RECEIVABLE,1613200,CREDIT,2026-08-28T07:08:52Z
LDG_32EFA27A,PAY_BC8E1809,ACCOUNTS_RECEIVABLE,660900,CREDIT,2026-08-20T22:55:21Z
LDG_CFEFF46D,PAY_80B9E64B,ACCOUNTS_RECEIVABLE,1686700,CREDIT,2026-08-03T05:59:44Z
LDG_F3FF55B9,PAY_1CE9E0E0,ACCOUNTS_RECEIVABLE,1386000,CREDIT,2026-08-18T06:49:02Z
LDG_AC6DD0FC,PAY_43BCA674,ACCOUNTS_RECEIVABLE,1529400,CREDIT,2026-08-28T08:30:35Z
LDG_8CB72545,PAY_A30C4847,ACCOUNTS_RECEIVABLE,587200,CREDIT,2026-07-29T04:02:38Z
LDG_0E5E40A9,PAY_AF09376C,ACCOUNTS_RECEIVABLE,1644100,CREDIT,2026-08-25T05:22:21Z
LDG_F1C05C8A,PAY_494E3FF4,ACCOUNTS_RECEIVABLE,82900,CREDIT,2026-08-24T06:50:12Z
LDG_2E4627D5,PAY_FE6356D7,ACCOUNTS_RECEIVABLE,579900,CREDIT,2026-07-13T08:39:31Z
LDG_D54B32BA,PAY_0AC2CCEF,ACCOUNTS_RECEIVABLE,675100,CREDIT,2026-07-28T14:09:10Z
LDG_A85FF321,PAY_C125D9CA,ACCOUNTS_RECEIVABLE,1626100,CREDIT,2026-07-04T02:26:34Z
LDG_8CAB23D1,PAY_00B80168,ACCOUNTS_RECEIVABLE,173900,CREDIT,2026-07-19T22:17:21Z
LDG_858764A3,PAY_E82FF072,ACCOUNTS_RECEIVABLE,1839000,CREDIT,2026-08-30T03:50:33Z
LDG_416E4054,PAY_0A977607,ACCOUNTS_RECEIVABLE,701200,CREDIT,2026-07-17T09:11:45Z
LDG_32D78AE3,PAY_F6C58FB9,ACCOUNTS_RECEIVABLE,60000000,CREDIT,2026-08-25T05:05:37Z
LDG_23AEB2AD,PAY_9DEF5AC5,ACCOUNTS_RECEIVABLE,1112400,CREDIT,2026-08-27T14:53:26Z
LDG_82EBF2A0,PAY_AFB417B3,ACCOUNTS_RECEIVABLE,1037300,CREDIT,2026-08-03T04:14:13Z
LDG_043843B7,PAY_DFD6D67F,ACCOUNTS_RECEIVABLE,1160100,CREDIT,2026-07-18T23:09:55Z
LDG_E40C0326,PAY_B72B2B31,ACCOUNTS_RECEIVABLE,276600,CREDIT,2026-07-10T23:15:22Z
LDG_DCAC4F2C,PAY_16A0184D,ACCOUNTS_RECEIVABLE,1454200,CREDIT,2026-08-02T02:29:01Z
LDG_C3899878,PAY_7B5388D6,ACCOUNTS_RECEIVABLE,571700,CREDIT,2026-07-04T13:45:07Z
LDG_C4BBF9D8,PAY_0D1B45D5,ACCOUNTS_RECEIVABLE,1630600,CREDIT,2026-08-14T21:02:23Z
LDG_F3EDE3D2,PAY_1BDC2A95,ACCOUNTS_RECEIVABLE,876300,CREDIT,2026-08-13T09:38:52Z
LDG_F934BAF8,PAY_66F9D0BD,ACCOUNTS_RECEIVABLE,1524800,CREDIT,2026-07-09T00:25:09Z
LDG_14DBBF08,PAY_8BE6FC6C,ACCOUNTS_RECEIVABLE,15000000,CREDIT,2026-08-30T14:59:57Z
LDG_E85C71FB,PAY_0E04E098,ACCOUNTS_RECEIVABLE,1859800,CREDIT,2026-08-23T02:40:28Z
LDG_08268C51,PAY_7DB860DF,ACCOUNTS_RECEIVABLE,1618000,CREDIT,2026-07-11T04:29:01Z
LDG_A09C48A6,PAY_C46221DA,ACCOUNTS_RECEIVABLE,1949400,CREDIT,2026-07-26T04:33:57Z
LDG_83A13529,PAY_4F8519D5,ACCOUNTS_RECEIVABLE,97800,CREDIT,2026-07-19T03:33:04Z
LDG_71EC5541,PAY_D20DCC33,ACCOUNTS_RECEIVABLE,1830800,CREDIT,2026-07-19T16:54:37Z
LDG_F467A66F,PAY_175A1D0B,ACCOUNTS_RECEIVABLE,34800,CREDIT,2026-07-03T22:24:23Z
LDG_6FF89FC1,PAY_5EF8529F,ACCOUNTS_RECEIVABLE,1719200,CREDIT,2026-08-01T03:18:53Z
LDG_7B665C0E,PAY_468F4828,ACCOUNTS_RECEIVABLE,1369800,CREDIT,2026-07-12T18:31:25Z
LDG_F0D7236F,PAY_F38AE81A,ACCOUNTS_RECEIVABLE,928000,CREDIT,2026-08-26T03:03:04Z
LDG_529A8D1F,PAY_85A69825,ACCOUNTS_RECEIVABLE,832000,CREDIT,2026-08-10T01:12:50Z
LDG_7AC57C71,PAY_CCE5EF7A,ACCOUNTS_RECEIVABLE,1034500,CREDIT,2026-08-27T08:05:06Z
LDG_2C87368A,PAY_3B105A15,ACCOUNTS_RECEIVABLE,531900,CREDIT,2026-08-23T15:56:45Z
LDG_329F6848,PAY_B85A109F,ACCOUNTS_RECEIVABLE,1231300,CREDIT,2026-08-21T03:47:25Z
LDG_75317594,PAY_31FD68BB,ACCOUNTS_RECEIVABLE,381500,CREDIT,2026-07-06T06:35:46Z
LDG_EE6DA259,PAY_2D0BE71A,ACCOUNTS_RECEIVABLE,173700,CREDIT,2026-07-05T14:30:26Z
LDG_2554DF1F,PAY_784C3E4E,ACCOUNTS_RECEIVABLE,97700,CREDIT,2026-08-31T08:24:55Z
LDG_C5209267,PAY_FDDCBBE3,ACCOUNTS_RECEIVABLE,1147100,CREDIT,2026-08-07T03:50:48Z
LDG_7E23B7B7,PAY_70CCA87E,ACCOUNTS_RECEIVABLE,445100,CREDIT,2026-07-20T03:21:31Z
LDG_90CED4CE,PAY_A8697832,ACCOUNTS_RECEIVABLE,1417000,CREDIT,2026-09-01T01:12:53Z
LDG_C5456DE4,PAY_26601B49,ACCOUNTS_RECEIVABLE,1252300,CREDIT,2026-08-15T13:06:39Z
LDG_3B919A4B,PAY_5AD1AC45,ACCOUNTS_RECEIVABLE,1175600,CREDIT,2026-07-15T03:17:51Z
LDG_673FDDA6,PAY_613EB29A,ACCOUNTS_RECEIVABLE,139200,CREDIT,2026-07-02T15:38:12Z
LDG_8E2BD6D7,PAY_B0CE41D3,ACCOUNTS_RECEIVABLE,329600,CREDIT,2026-07-19T22:07:49Z
LDG_22E4130B,PAY_0C74F3FC,ACCOUNTS_RECEIVABLE,1112000,CREDIT,2026-07-26T03:51:44Z
LDG_4A163257,PAY_D5B85C71,ACCOUNTS_RECEIVABLE,999500,CREDIT,2026-07-26T23:33:42Z
LDG_861DBF2C,PAY_FB5B08D3,ACCOUNTS_RECEIVABLE,1678800,CREDIT,2026-07-30T09:55:20Z
LDG_D26267E7,PAY_446DD79F,ACCOUNTS_RECEIVABLE,357500,CREDIT,2026-08-28T04:58:25Z
LDG_DA359A46,PAY_4EA51A30,ACCOUNTS_RECEIVABLE,267100,CREDIT,2026-08-16T08:58:21Z
LDG_BFC8FA26,PAY_3BB65EA1,ACCOUNTS_RECEIVABLE,1576300,CREDIT,2026-07-02T11:23:00Z
LDG_809A1544,PAY_DA752FF0,ACCOUNTS_RECEIVABLE,1029300,CREDIT,2026-07-28T00:55:37Z
LDG_63585096,PAY_852C932A,ACCOUNTS_RECEIVABLE,1327700,CREDIT,2026-07-11T07:08:28Z
LDG_067E3E61,PAY_1BF48A07,ACCOUNTS_RECEIVABLE,561700,CREDIT,2026-08-30T00:06:03Z
LDG_E45A1D31,PAY_15AC3469,ACCOUNTS_RECEIVABLE,1621400,CREDIT,2026-08-12T00:36:22Z
LDG_6534E967,PAY_B6311BBE,ACCOUNTS_RECEIVABLE,1310700,CREDIT,2026-08-18T18:45:28Z
LDG_3E3C85C7,PAY_4FA3084D,ACCOUNTS_RECEIVABLE,1540600,CREDIT,2026-07-25T10:29:00Z
LDG_4D77E68E,PAY_E1111C90,ACCOUNTS_RECEIVABLE,1732000,CREDIT,2026-07-19T10:00:22Z
LDG_1B197FDA,PAY_E294BE0D,ACCOUNTS_RECEIVABLE,1129100,CREDIT,2026-07-19T01:12:40Z
LDG_CD4A6C9B,PAY_1BDC79F9,ACCOUNTS_RECEIVABLE,1006500,CREDIT,2026-07-22T22:05:34Z
LDG_D6B6ED53,PAY_ADD8B519,ACCOUNTS_RECEIVABLE,1430100,CREDIT,2026-08-06T10:04:56Z
LDG_E6A61202,PAY_6629E5A3,ACCOUNTS_RECEIVABLE,457400,CREDIT,2026-07-07T21:24:34Z
LDG_8730AF6F,PAY_61D5C12C,ACCOUNTS_RECEIVABLE,43900,CREDIT,2026-08-24T06:03:00Z
LDG_18569005,PAY_0125B43B,ACCOUNTS_RECEIVABLE,96900,CREDIT,2026-07-14T13:14:30Z
LDG_4D4039B6,PAY_23A4270E,ACCOUNTS_RECEIVABLE,353600,CREDIT,2026-08-04T17:38:39Z
LDG_D17D0403,PAY_4BD80F6E,ACCOUNTS_RECEIVABLE,515500,CREDIT,2026-08-05T00:22:37Z
LDG_7155CD45,PAY_770914A2,ACCOUNTS_RECEIVABLE,376600,CREDIT,2026-08-25T17:18:54Z
LDG_54A82BF8,PAY_E11F9A59,ACCOUNTS_RECEIVABLE,1793100,CREDIT,2026-07-08T18:49:14Z
LDG_025C658F,PAY_883C4BB3,ACCOUNTS_RECEIVABLE,1866800,CREDIT,2026-08-06T22:52:13Z
LDG_38ECB7BB,PAY_D320FB8D,ACCOUNTS_RECEIVABLE,1374600,CREDIT,2026-07-11T22:25:10Z
LDG_D0CA5CF9,PAY_25F4ADDC,ACCOUNTS_RECEIVABLE,1768300,CREDIT,2026-07-10T02:57:07Z
LDG_B3FF1262,PAY_3B1D512B,ACCOUNTS_RECEIVABLE,1812700,CREDIT,2026-07-04T02:49:38Z
LDG_12D07C01,PAY_49121F63,ACCOUNTS_RECEIVABLE,1306300,CREDIT,2026-08-14T13:12:38Z
LDG_DBCBF48A,PAY_FA648F7B,ACCOUNTS_RECEIVABLE,587800,CREDIT,2026-08-23T21:15:50Z
LDG_E18D1DF6,PAY_9D2F39D5,ACCOUNTS_RECEIVABLE,1978000,CREDIT,2026-07-13T05:54:53Z
LDG_5936BDE8,PAY_DB9F0178,ACCOUNTS_RECEIVABLE,1744100,CREDIT,2026-07-01T02:45:10Z
LDG_71A21340,PAY_8CD2713E,ACCOUNTS_RECEIVABLE,1353000,CREDIT,2026-08-27T11:01:47Z
LDG_E32B98BD,PAY_9E3A4540,ACCOUNTS_RECEIVABLE,1057000,CREDIT,2026-08-04T06:23:10Z
LDG_03E29699,PAY_9F4C72E7,ACCOUNTS_RECEIVABLE,1720200,CREDIT,2026-07-21T15:05:29Z
LDG_39BA59A3,PAY_A3899452,ACCOUNTS_RECEIVABLE,1203900,CREDIT,2026-07-05T00:25:20Z
LDG_879E2956,PAY_B944F8C7,ACCOUNTS_RECEIVABLE,1568900,CREDIT,2026-07-14T14:26:40Z
LDG_B4B1101D,PAY_D199AD3A,ACCOUNTS_RECEIVABLE,245400,CREDIT,2026-07-10T11:16:08Z
LDG_604A7FEE,PAY_9203986A,ACCOUNTS_RECEIVABLE,545900,CREDIT,2026-08-25T23:51:55Z
LDG_8EE4C024,PAY_E2C462E0,ACCOUNTS_RECEIVABLE,928200,CREDIT,2026-08-05T02:05:40Z
LDG_8AE1A68F,PAY_3A53120F,ACCOUNTS_RECEIVABLE,1126700,CREDIT,2026-07-26T12:49:25Z
LDG_72E3149F,PAY_C406E206,ACCOUNTS_RECEIVABLE,34400,CREDIT,2026-07-18T17:53:28Z
LDG_363DE6A7,PAY_89D006B1,ACCOUNTS_RECEIVABLE,1479600,CREDIT,2026-08-16T19:49:33Z
LDG_B8E32467,PAY_ECA498F9,ACCOUNTS_RECEIVABLE,1127900,CREDIT,2026-08-11T07:59:19Z
LDG_57EEB46C,PAY_EE17FCD3,ACCOUNTS_RECEIVABLE,1309400,CREDIT,2026-07-04T08:47:00Z
LDG_BCEF6800,PAY_40D82040,ACCOUNTS_RECEIVABLE,290500,CREDIT,2026-07-01T05:22:52Z
LDG_CC07F340,PAY_C6B7A5E1,ACCOUNTS_RECEIVABLE,238900,CREDIT,2026-07-08T03:30:12Z
LDG_6D1378A1,PAY_A0C09746,ACCOUNTS_RECEIVABLE,1739700,CREDIT,2026-08-09T05:49:31Z
LDG_DD623D9C,PAY_B7145B5D,ACCOUNTS_RECEIVABLE,901000,CREDIT,2026-08-03T11:50:52Z
LDG_E5B795AC,PAY_95E63CBF,ACCOUNTS_RECEIVABLE,838600,CREDIT,2026-07-24T01:13:36Z
LDG_D1673D26,PAY_EC2EC716,ACCOUNTS_RECEIVABLE,210700,CREDIT,2026-08-16T21:19:10Z
LDG_45BFA6A2,PAY_84EA4B75,ACCOUNTS_RECEIVABLE,1065000,CREDIT,2026-08-26T04:26:28Z
LDG_4D94ACB1,PAY_92A5B900,ACCOUNTS_RECEIVABLE,1673700,CREDIT,2026-08-09T05:32:25Z
LDG_03F5B89F,PAY_10B15751,ACCOUNTS_RECEIVABLE,793100,CREDIT,2026-08-20T01:57:41Z
LDG_CF8BB959,PAY_3ED888C6,ACCOUNTS_RECEIVABLE,521400,CREDIT,2026-07-16T18:41:11Z
LDG_8B02165A,PAY_B5A2B5AC,ACCOUNTS_RECEIVABLE,1875000,CREDIT,2026-08-26T06:23:58Z
LDG_D2FBD6A3,PAY_88B68995,ACCOUNTS_RECEIVABLE,181000,CREDIT,2026-07-16T02:34:00Z
LDG_AF0AD27D,PAY_41E8C765,ACCOUNTS_RECEIVABLE,879400,CREDIT,2026-08-15T05:52:28Z
LDG_D7822295,PAY_79087A24,ACCOUNTS_RECEIVABLE,920100,CREDIT,2026-08-14T11:05:38Z
LDG_A978A461,PAY_2ED3A49C,ACCOUNTS_RECEIVABLE,426100,CREDIT,2026-07-25T00:31:13Z
LDG_CA74F560,PAY_94672A8E,ACCOUNTS_RECEIVABLE,204800,CREDIT,2026-08-15T05:51:56Z
LDG_84ACF6A9,PAY_8C3924B0,ACCOUNTS_RECEIVABLE,26800,CREDIT,2026-07-08T08:07:09Z
LDG_8501B6D8,PAY_BFDA5819,ACCOUNTS_RECEIVABLE,1614000,CREDIT,2026-08-14T01:56:39Z
LDG_9432F755,PAY_8E50AB58,ACCOUNTS_RECEIVABLE,1326900,CREDIT,2026-08-23T20:27:18Z
LDG_C099960D,PAY_2810748B,ACCOUNTS_RECEIVABLE,764900,CREDIT,2026-07-19T07:22:05Z
LDG_CA5E921F,PAY_65D22358,ACCOUNTS_RECEIVABLE,866700,CREDIT,2026-08-02T20:25:15Z
LDG_EA18D377,PAY_85E82C58,ACCOUNTS_RECEIVABLE,1258000,CREDIT,2026-08-01T13:33:05Z
LDG_677306D2,PAY_A1337A73,ACCOUNTS_RECEIVABLE,1826700,CREDIT,2026-07-08T10:19:46Z
LDG_2DCB7024,PAY_31933BDF,ACCOUNTS_RECEIVABLE,1492200,CREDIT,2026-08-27T20:00:44Z
LDG_F736524C,PAY_9E040FD6,ACCOUNTS_RECEIVABLE,1856000,CREDIT,2026-07-23T20:46:27Z
LDG_99CEF912,PAY_09FDAC6E,ACCOUNTS_RECEIVABLE,808400,CREDIT,2026-07-04T05:29:32Z
LDG_8CE30793,PAY_1D88B2A7,ACCOUNTS_RECEIVABLE,1107400,CREDIT,2026-08-24T00:17:34Z
LDG_38CC1BB5,PAY_571DF94E,ACCOUNTS_RECEIVABLE,1885700,CREDIT,2026-07-06T14:28:54Z
LDG_895CA76C,PAY_0CC493E6,ACCOUNTS_RECEIVABLE,779700,CREDIT,2026-08-22T21:41:04Z
LDG_99D05D55,PAY_47D31D65,ACCOUNTS_RECEIVABLE,1100500,CREDIT,2026-07-24T06:16:25Z
LDG_C7844F01,PAY_8CBC8723,ACCOUNTS_RECEIVABLE,1466000,CREDIT,2026-07-09T18:30:06Z
LDG_FB069C2F,PAY_F96D1469,ACCOUNTS_RECEIVABLE,1866000,CREDIT,2026-08-11T14:18:09Z
LDG_DE091071,PAY_2141BBA3,ACCOUNTS_RECEIVABLE,221700,CREDIT,2026-07-15T21:21:50Z
LDG_AA5D6D5A,PAY_B712EC73,ACCOUNTS_RECEIVABLE,1418500,CREDIT,2026-07-05T13:18:53Z
LDG_E813223E,PAY_7BB2D68E,ACCOUNTS_RECEIVABLE,1609300,CREDIT,2026-07-29T12:03:06Z
LDG_BBE39BF4,PAY_E11E3A15,ACCOUNTS_RECEIVABLE,1547000,CREDIT,2026-08-09T14:39:29Z
LDG_27DCB9F7,PAY_43E430B5,ACCOUNTS_RECEIVABLE,871200,CREDIT,2026-07-23T18:33:50Z
LDG_7CF966E4,PAY_AAD29671,ACCOUNTS_RECEIVABLE,1962400,CREDIT,2026-07-23T16:56:23Z
LDG_BA9C5C54,PAY_FA039A60,ACCOUNTS_RECEIVABLE,1416900,CREDIT,2026-07-05T14:04:19Z
LDG_891FCE81,PAY_DD385F96,ACCOUNTS_RECEIVABLE,498400,CREDIT,2026-08-30T20:46:10Z
LDG_28546615,PAY_03166212,ACCOUNTS_RECEIVABLE,323500,CREDIT,2026-08-01T18:40:24Z
LDG_8E71C6C6,PAY_1CE73770,ACCOUNTS_RECEIVABLE,1235900,CREDIT,2026-08-01T21:31:04Z
LDG_AE0F08C8,PAY_4F568CBC,ACCOUNTS_RECEIVABLE,1150300,CREDIT,2026-07-21T17:00:24Z
LDG_1FA8EC13,PAY_A0C1F194,ACCOUNTS_RECEIVABLE,1162000,CREDIT,2026-07-11T15:31:16Z
LDG_D1CCE4DD,PAY_8A059FAA,ACCOUNTS_RECEIVABLE,367900,CREDIT,2026-07-05T05:33:35Z
LDG_AA992ECA,PAY_F9D8170D,ACCOUNTS_RECEIVABLE,1802500,CREDIT,2026-07-10T18:52:51Z
LDG_DDD23241,PAY_2EF5490E,ACCOUNTS_RECEIVABLE,888500,CREDIT,2026-07-26T06:14:21Z
LDG_3F95AB62,PAY_40CC38BF,ACCOUNTS_RECEIVABLE,30000000,CREDIT,2026-07-20T07:31:28Z
LDG_060DBA0B,PAY_4728D933,ACCOUNTS_RECEIVABLE,558800,CREDIT,2026-07-11T17:48:21Z
LDG_0AEE72EE,PAY_CD13593F,ACCOUNTS_RECEIVABLE,1209200,CREDIT,2026-07-18T12:19:04Z
LDG_239E34B2,PAY_70EFBB77,ACCOUNTS_RECEIVABLE,1125700,CREDIT,2026-07-05T19:33:10Z
LDG_54C51C39,PAY_9901B49B,ACCOUNTS_RECEIVABLE,1326000,CREDIT,2026-08-18T00:04:40Z
LDG_E17789FB,PAY_2CBD31AF,ACCOUNTS_RECEIVABLE,240700,CREDIT,2026-08-05T18:38:11Z
LDG_2DF30E5B,PAY_5F034FDD,ACCOUNTS_RECEIVABLE,1365800,CREDIT,2026-09-01T17:36:51Z
LDG_BA6842D9,PAY_0E69DDA4,ACCOUNTS_RECEIVABLE,1969100,CREDIT,2026-07-14T19:15:47Z
LDG_72D6415B,PAY_EF54A927,ACCOUNTS_RECEIVABLE,1400700,CREDIT,2026-07-22T17:17:29Z
LDG_194791BF,PAY_F57EA66D,ACCOUNTS_RECEIVABLE,1876800,CREDIT,2026-07-24T11:45:06Z
LDG_57CD8E97,PAY_FFADB456,ACCOUNTS_RECEIVABLE,1184700,CREDIT,2026-08-19T03:26:28Z
LDG_D98AB754,PAY_5AE5E4F1,ACCOUNTS_RECEIVABLE,690300,CREDIT,2026-08-08T21:37:24Z
LDG_433F5C0F,PAY_E31C64FA,ACCOUNTS_RECEIVABLE,1742100,CREDIT,2026-07-11T13:35:15Z
LDG_D88D28B8,PAY_87F3681E,ACCOUNTS_RECEIVABLE,1794700,CREDIT,2026-07-06T21:12:48Z
LDG_C7B06953,PAY_181D7751,ACCOUNTS_RECEIVABLE,60000000,CREDIT,2026-08-30T23:50:38Z
LDG_5EF31903,PAY_F1A50A78,ACCOUNTS_RECEIVABLE,63100,CREDIT,2026-08-26T00:21:23Z
LDG_439C208D,PAY_6587F34E,ACCOUNTS_RECEIVABLE,42200,CREDIT,2026-08-03T05:43:02Z
LDG_AC99B918,PAY_DA03804E,ACCOUNTS_RECEIVABLE,1837600,CREDIT,2026-07-20T11:06:16Z
LDG_690D2693,PAY_2032B759,ACCOUNTS_RECEIVABLE,1005200,CREDIT,2026-07-16T09:59:16Z
LDG_72BD0603,PAY_32CEDDCA,ACCOUNTS_RECEIVABLE,96700,CREDIT,2026-08-29T09:26:58Z
LDG_F80BA465,PAY_6848630F,ACCOUNTS_RECEIVABLE,497500,CREDIT,2026-07-06T05:59:07Z
LDG_5B7CAD3B,PAY_7513EE7F,ACCOUNTS_RECEIVABLE,1457200,CREDIT,2026-08-14T01:56:53Z
LDG_56F41C14,PAY_2FCDF97B,ACCOUNTS_RECEIVABLE,1256500,CREDIT,2026-08-19T23:14:57Z
LDG_1BD59F6B,PAY_26D9F4FF,ACCOUNTS_RECEIVABLE,1925400,CREDIT,2026-07-26T05:51:31Z
LDG_36B5821D,PAY_3C3524C3,ACCOUNTS_RECEIVABLE,1789900,CREDIT,2026-08-31T09:34:46Z
LDG_9B951209,PAY_C32EAE92,ACCOUNTS_RECEIVABLE,511000,CREDIT,2026-08-07T20:43:15Z
LDG_6CE1E492,PAY_2E34669C,ACCOUNTS_RECEIVABLE,80600,CREDIT,2026-08-25T22:25:34Z
LDG_7EEF64DC,PAY_7C2C4E74,ACCOUNTS_RECEIVABLE,513000,CREDIT,2026-07-12T01:29:47Z
LDG_69E6B3EC,PAY_1095E71D,ACCOUNTS_RECEIVABLE,1260000,CREDIT,2026-08-07T12:28:34Z
LDG_82348107,PAY_E910D1B1,ACCOUNTS_RECEIVABLE,1325100,CREDIT,2026-08-08T02:07:56Z
LDG_F6FBE427,PAY_AEF77499,ACCOUNTS_RECEIVABLE,1418800,CREDIT,2026-08-28T13:22:11Z
LDG_8DCC3F28,PAY_D5DDB2CB,ACCOUNTS_RECEIVABLE,283200,CREDIT,2026-07-25T12:24:13Z
LDG_421C7D23,PAY_BD7072FC,ACCOUNTS_RECEIVABLE,893600,CREDIT,2026-08-20T22:50:35Z
LDG_C8A71BD0,PAY_9D3F33AF,ACCOUNTS_RECEIVABLE,1454000,CREDIT,2026-07-23T19:15:05Z
LDG_2D837872,PAY_7C526E43,ACCOUNTS_RECEIVABLE,1549400,CREDIT,2026-07-08T14:02:05Z
LDG_A4D9F3B9,PAY_6C5D59B4,ACCOUNTS_RECEIVABLE,446200,CREDIT,2026-08-28T18:12:23Z
LDG_EF8B726D,PAY_2B1F448E,ACCOUNTS_RECEIVABLE,96100,CREDIT,2026-08-18T13:42:11Z
LDG_338891FB,PAY_836E7937,ACCOUNTS_RECEIVABLE,1947300,CREDIT,2026-08-20T09:05:16Z
LDG_E7BC76F5,PAY_33E220F8,ACCOUNTS_RECEIVABLE,15000000,CREDIT,2026-07-16T00:47:28Z
LDG_47FCD8AA,PAY_27007DE2,ACCOUNTS_RECEIVABLE,1343800,CREDIT,2026-08-25T08:26:15Z
LDG_0B915A4B,PAY_4C82610F,ACCOUNTS_RECEIVABLE,1072400,CREDIT,2026-08-17T13:39:11Z
LDG_4A6F3337,PAY_3BCA8D2A,ACCOUNTS_RECEIVABLE,1507500,CREDIT,2026-07-12T07:23:07Z
LDG_A4281114,PAY_3AD4BF17,ACCOUNTS_RECEIVABLE,812000,CREDIT,2026-07-16T14:05:14Z
LDG_BDDCA415,PAY_7C593A02,ACCOUNTS_RECEIVABLE,125500,CREDIT,2026-07-03T02:48:51Z
LDG_CBBD2B48,PAY_C32D59F4,ACCOUNTS_RECEIVABLE,1681900,CREDIT,2026-08-06T10:34:03Z
LDG_4CB29701,PAY_D0A19927,ACCOUNTS_RECEIVABLE,1904800,CREDIT,2026-08-16T09:47:19Z
LDG_6F8E135C,PAY_F5809A79,ACCOUNTS_RECEIVABLE,433800,CREDIT,2026-07-23T11:04:38Z
LDG_10056F77,PAY_1141F4D9,ACCOUNTS_RECEIVABLE,30000000,CREDIT,2026-08-09T05:35:01Z
LDG_D3685823,PAY_EF6D244B,ACCOUNTS_RECEIVABLE,1068000,CREDIT,2026-09-01T09:45:50Z
LDG_677A355E,PAY_F5CD5397,ACCOUNTS_RECEIVABLE,504300,CREDIT,2026-07-10T07:09:29Z
LDG_8EDBF603,PAY_D749A7F1,ACCOUNTS_RECEIVABLE,735400,CREDIT,2026-07-02T11:38:23Z
LDG_B16831DD,PAY_8182E260,ACCOUNTS_RECEIVABLE,478600,CREDIT,2026-08-04T01:12:41Z
LDG_51ED55E5,PAY_625DA1B3,ACCOUNTS_RECEIVABLE,693700,CREDIT,2026-07-25T11:32:18Z
LDG_4908B68B,PAY_3404E3A5,ACCOUNTS_RECEIVABLE,497900,CREDIT,2026-08-03T12:17:13Z
LDG_0C46A2B6,PAY_7A56CA71,ACCOUNTS_RECEIVABLE,1612400,CREDIT,2026-08-31T09:49:16Z
LDG_3A8AB4F5,PAY_A9268118,ACCOUNTS_RECEIVABLE,853900,CREDIT,2026-08-03T20:16:12Z
LDG_AD85ECD1,PAY_7D8FC18E,ACCOUNTS_RECEIVABLE,343400,CREDIT,2026-08-22T07:55:41Z
LDG_1A3E2D9E,PAY_D0E2D53D,ACCOUNTS_RECEIVABLE,28700,CREDIT,2026-07-29T04:48:42Z
LDG_1DAAFC99,PAY_08145D44,ACCOUNTS_RECEIVABLE,736000,CREDIT,2026-07-26T07:26:32Z
LDG_429D5CE0,PAY_58E6F170,ACCOUNTS_RECEIVABLE,1583500,CREDIT,2026-08-19T00:11:08Z
LDG_AE06AB6C,PAY_1886F783,ACCOUNTS_RECEIVABLE,958700,CREDIT,2026-07-17T15:53:13Z
LDG_82E75BC1,PAY_DFE320E1,ACCOUNTS_RECEIVABLE,124700,CREDIT,2026-08-30T09:20:47Z
LDG_8BF7718C,PAY_01851DCA,ACCOUNTS_RECEIVABLE,727800,CREDIT,2026-08-18T04:09:30Z
LDG_B1165633,PAY_7EC8A279,ACCOUNTS_RECEIVABLE,1837400,CREDIT,2026-07-03T04:53:46Z
LDG_0C5294D9,PAY_C711CEB9,ACCOUNTS_RECEIVABLE,624800,CREDIT,2026-07-08T06:07:00Z
LDG_FC14710B,PAY_0BE5EA71,ACCOUNTS_RECEIVABLE,264000,CREDIT,2026-07-03T04:45:34Z
LDG_6710840F,PAY_AECC88BA,ACCOUNTS_RECEIVABLE,945700,CREDIT,2026-08-24T03:36:34Z
LDG_38877F1C,PAY_1E0BA622,ACCOUNTS_RECEIVABLE,1012200,CREDIT,2026-08-20T00:28:04Z
LDG_EFAC244D,PAY_651835E8,ACCOUNTS_RECEIVABLE,582500,CREDIT,2026-07-08T20:05:24Z
LDG_F0559AAB,PAY_4E5C682A,ACCOUNTS_RECEIVABLE,1652600,CREDIT,2026-08-22T23:53:05Z
LDG_96C5F571,PAY_84029D7E,ACCOUNTS_RECEIVABLE,168400,CREDIT,2026-08-05T09:28:40Z
LDG_2DA12E28,PAY_44770C51,ACCOUNTS_RECEIVABLE,1693200,CREDIT,2026-07-12T08:32:07Z
LDG_42DA3178,PAY_9CB9A4A3,ACCOUNTS_RECEIVABLE,1488100,CREDIT,2026-08-08T07:54:48Z
LDG_BB0531B3,PAY_2D7AD648,ACCOUNTS_RECEIVABLE,601900,CREDIT,2026-07-02T07:33:32Z
LDG_9A3ADD8A,PAY_50B2C1F8,ACCOUNTS_RECEIVABLE,1013300,CREDIT,2026-07-20T21:38:04Z
LDG_7FD5A34B,PAY_4A5E77C9,ACCOUNTS_RECEIVABLE,956900,CREDIT,2026-08-09T16:41:14Z
LDG_0F3A6147,PAY_1B530595,ACCOUNTS_RECEIVABLE,560600,CREDIT,2026-08-08T19:36:33Z
LDG_DE5AA919,PAY_36EAAAFC,ACCOUNTS_RECEIVABLE,295400,CREDIT,2026-07-18T20:26:34Z
LDG_40110A13,PAY_F9BC5989,ACCOUNTS_RECEIVABLE,1089500,CREDIT,2026-07-04T18:34:14Z
LDG_52482FFA,PAY_112A5C27,ACCOUNTS_RECEIVABLE,1054800,CREDIT,2026-07-01T09:42:28Z
LDG_6A1B0E00,PAY_EF15BACC,ACCOUNTS_RECEIVABLE,664300,CREDIT,2026-08-06T17:23:33Z
LDG_980A10EF,PAY_9E713893,ACCOUNTS_RECEIVABLE,1963800,CREDIT,2026-07-20T13:15:56Z
LDG_F165753C,PAY_2FB42A3D,ACCOUNTS_RECEIVABLE,274300,CREDIT,2026-08-25T02:18:40Z
LDG_ED178A53,PAY_51F3CAF3,ACCOUNTS_RECEIVABLE,694900,CREDIT,2026-07-24T13:25:09Z
LDG_BABFA65E,PAY_16773898,ACCOUNTS_RECEIVABLE,1155300,CREDIT,2026-07-31T05:43:21Z
LDG_C5FCCD56,PAY_6D5EE3A2,ACCOUNTS_RECEIVABLE,738400,CREDIT,2026-08-08T07:43:16Z
LDG_EDE67013,PAY_F8F8978F,ACCOUNTS_RECEIVABLE,63700,CREDIT,2026-08-02T19:46:49Z
LDG_703BD2CB,PAY_54BD3072,ACCOUNTS_RECEIVABLE,1598500,CREDIT,2026-08-16T09:08:58Z
LDG_3BC945D9,PAY_BCA42E0F,ACCOUNTS_RECEIVABLE,340900,CREDIT,2026-07-15T07:48:34Z
LDG_EF5D14E7,PAY_6BFA8752,ACCOUNTS_RECEIVABLE,798600,CREDIT,2026-08-29T12:32:59Z
LDG_9EE7FC55,PAY_9BE61EA0,ACCOUNTS_RECEIVABLE,1416200,CREDIT,2026-08-29T05:38:17Z
LDG_6DD12505,PAY_E90DE378,ACCOUNTS_RECEIVABLE,1409200,CREDIT,2026-07-21T07:58:56Z
LDG_3E371D83,PAY_76B92834,ACCOUNTS_RECEIVABLE,388000,CREDIT,2026-07-18T14:17:33Z
LDG_D328F495,PAY_D968B4D2,ACCOUNTS_RECEIVABLE,436800,CREDIT,2026-08-23T17:22:22Z
LDG_06998BCE,PAY_434DCFAD,ACCOUNTS_RECEIVABLE,1746600,CREDIT,2026-08-14T08:29:59Z
LDG_856D32F8,PAY_C39BC468,ACCOUNTS_RECEIVABLE,1593100,CREDIT,2026-07-13T14:58:27Z
LDG_30DC1AAA,PAY_7B32C8F7,ACCOUNTS_RECEIVABLE,1115900,CREDIT,2026-08-26T00:21:08Z
LDG_F1195E73,PAY_743636ED,ACCOUNTS_RECEIVABLE,679000,CREDIT,2026-08-06T21:44:17Z
LDG_72F40971,PAY_86FBACC3,ACCOUNTS_RECEIVABLE,1630200,CREDIT,2026-08-23T08:17:59Z
LDG_C2A37CD7,PAY_DA625D08,ACCOUNTS_RECEIVABLE,1843100,CREDIT,2026-07-14T02:11:15Z
LDG_35EC8F83,PAY_FEAB03B2,ACCOUNTS_RECEIVABLE,917700,CREDIT,2026-07-29T11:25:19Z
LDG_B6EBD4FA,PAY_B261AF5B,ACCOUNTS_RECEIVABLE,1391600,CREDIT,2026-08-07T02:03:56Z
LDG_F1B313C1,PAY_FA5E27C4,ACCOUNTS_RECEIVABLE,797700,CREDIT,2026-08-09T16:29:40Z
LDG_3B730D41,PAY_6ECED4C8,ACCOUNTS_RECEIVABLE,1875100,CREDIT,2026-07-30T16:14:15Z
LDG_5F1A065D,PAY_46B8F49B,ACCOUNTS_RECEIVABLE,533800,CREDIT,2026-07-23T03:08:05Z
LDG_F5630CF4,PAY_79315059,ACCOUNTS_RECEIVABLE,1653800,CREDIT,2026-08-20T06:00:44Z
LDG_9878FEF2,PAY_C10F8DFC,ACCOUNTS_RECEIVABLE,1979200,CREDIT,2026-09-01T08:18:53Z
LDG_6F3EA437,PAY_A206D2AF,ACCOUNTS_RECEIVABLE,46700,CREDIT,2026-08-08T00:55:59Z
LDG_D542B911,PAY_EA792535,ACCOUNTS_RECEIVABLE,1974900,CREDIT,2026-07-20T05:22:40Z
LDG_1B5F8A7C,PAY_4DB689FE,ACCOUNTS_RECEIVABLE,461500,CREDIT,2026-08-17T16:06:25Z
LDG_93656EEE,PAY_8B332D8E,ACCOUNTS_RECEIVABLE,1772700,CREDIT,2026-08-22T23:59:09Z
LDG_A0206E8E,PAY_C6B33EBD,ACCOUNTS_RECEIVABLE,1363300,CREDIT,2026-08-24T08:23:33Z
LDG_74A1A053,PAY_5140B5BA,ACCOUNTS_RECEIVABLE,148800,CREDIT,2026-07-09T03:50:32Z
LDG_F1B24466,PAY_FA523A5C,ACCOUNTS_RECEIVABLE,480300,CREDIT,2026-07-28T12:35:36Z
LDG_023D0BCF,PAY_E0701E5F,ACCOUNTS_RECEIVABLE,563700,CREDIT,2026-08-19T22:36:32Z
LDG_8A3E13E4,PAY_F8AB97DD,ACCOUNTS_RECEIVABLE,1419900,CREDIT,2026-07-24T00:54:24Z
LDG_AA7B5000,PAY_5364FAF9,ACCOUNTS_RECEIVABLE,1002500,CREDIT,2026-08-24T10:42:55Z
LDG_C5E06647,PAY_68BB6FE9,ACCOUNTS_RECEIVABLE,1423300,CREDIT,2026-07-23T21:15:28Z
LDG_97B2DA3B,PAY_FDF215D7,ACCOUNTS_RECEIVABLE,506200,CREDIT,2026-07-27T02:07:07Z
LDG_238AA9BA,PAY_42538253,ACCOUNTS_RECEIVABLE,5500000,CREDIT,2026-07-05T06:02:00Z
LDG_13A855C2,PAY_D29DF46B,ACCOUNTS_RECEIVABLE,701800,CREDIT,2026-08-12T02:57:52Z
LDG_A78649E7,PAY_9BEED9E9,ACCOUNTS_RECEIVABLE,445700,CREDIT,2026-08-19T22:38:01Z
LDG_D1FFC7C4,PAY_660C9686,ACCOUNTS_RECEIVABLE,1296100,CREDIT,2026-08-03T05:49:02Z
LDG_4F800ABC,PAY_3C4AECBC,ACCOUNTS_RECEIVABLE,1692900,CREDIT,2026-07-07T15:51:58Z
LDG_F15293AB,PAY_626A103D,ACCOUNTS_RECEIVABLE,1015300,CREDIT,2026-07-05T02:56:47Z
LDG_5807DFEC,PAY_125E180C,ACCOUNTS_RECEIVABLE,1104500,CREDIT,2026-07-08T17:07:45Z
LDG_137D51C6,PAY_8F769246,ACCOUNTS_RECEIVABLE,1680300,CREDIT,2026-08-26T00:49:07Z
LDG_9AB3AE29,PAY_95C31FC6,ACCOUNTS_RECEIVABLE,1299600,CREDIT,2026-07-30T19:17:59Z
LDG_7D143C69,PAY_203D4F27,ACCOUNTS_RECEIVABLE,1610500,CREDIT,2026-07-29T18:25:48Z
LDG_15B3B072,PAY_B7E8C6C4,ACCOUNTS_RECEIVABLE,38800,CREDIT,2026-08-26T06:04:17Z
LDG_636C86E4,PAY_D861003D,ACCOUNTS_RECEIVABLE,1459200,CREDIT,2026-08-01T05:42:27Z
LDG_B975B56C,PAY_92F2F93B,ACCOUNTS_RECEIVABLE,1342900,CREDIT,2026-07-04T04:31:46Z
LDG_53E5140A,PAY_5099FF82,ACCOUNTS_RECEIVABLE,572900,CREDIT,2026-08-21T06:13:45Z
LDG_8E489F9E,PAY_EFACF07E,ACCOUNTS_RECEIVABLE,650900,CREDIT,2026-07-23T03:26:15Z
LDG_9408E151,PAY_BC047F75,ACCOUNTS_RECEIVABLE,1271900,CREDIT,2026-07-28T16:38:14Z
LDG_BA28D945,PAY_7FDB22EE,ACCOUNTS_RECEIVABLE,1528600,CREDIT,2026-07-27T02:22:58Z
LDG_C0892560,PAY_A49ADC3C,ACCOUNTS_RECEIVABLE,562600,CREDIT,2026-07-21T07:02:12Z
LDG_0988B60E,PAY_C161093C,ACCOUNTS_RECEIVABLE,248800,CREDIT,2026-07-01T21:00:15Z
LDG_DFC9D599,PAY_139F7643,ACCOUNTS_RECEIVABLE,1885000,CREDIT,2026-08-19T19:08:57Z
LDG_056068CC,PAY_376DA40E,ACCOUNTS_RECEIVABLE,1853900,CREDIT,2026-07-18T18:20:47Z
LDG_6D4FBCD5,PAY_C2E4B8E3,ACCOUNTS_RECEIVABLE,30000000,CREDIT,2026-07-04T06:29:41Z
LDG_5D02555E,PAY_D462F439,ACCOUNTS_RECEIVABLE,1421000,CREDIT,2026-07-28T23:10:19Z
LDG_5D982FE3,PAY_87470F30,ACCOUNTS_RECEIVABLE,1954700,CREDIT,2026-08-30T09:24:22Z
LDG_CA674D0F,PAY_09A51048,ACCOUNTS_RECEIVABLE,1079100,CREDIT,2026-08-16T00:25:06Z
LDG_B39A03B4,PAY_070C9089,ACCOUNTS_RECEIVABLE,1211200,CREDIT,2026-07-12T11:45:14Z
LDG_2D7FCCDE,PAY_EBD06CA2,ACCOUNTS_RECEIVABLE,1271400,CREDIT,2026-07-05T10:23:05Z
LDG_ED0394DD,PAY_2C3C7DCC,ACCOUNTS_RECEIVABLE,175100,CREDIT,2026-07-31T07:30:44Z
LDG_D52B627B,PAY_9E5E6126,ACCOUNTS_RECEIVABLE,5500000,CREDIT,2026-07-10T12:51:09Z
LDG_529174A0,PAY_B95D0241,ACCOUNTS_RECEIVABLE,992400,CREDIT,2026-08-17T14:54:14Z
LDG_F3E46635,PAY_EFAD32B9,ACCOUNTS_RECEIVABLE,1362200,CREDIT,2026-08-03T10:47:58Z
LDG_FF588581,PAY_3D6D7444,ACCOUNTS_RECEIVABLE,1603000,CREDIT,2026-07-02T18:34:14Z
LDG_063FFADC,PAY_2EF42582,ACCOUNTS_RECEIVABLE,1749100,CREDIT,2026-07-04T06:53:49Z
LDG_FD4A8D1F,PAY_C0568E8C,ACCOUNTS_RECEIVABLE,40600,CREDIT,2026-08-01T18:38:26Z
LDG_91DDA4A8,PAY_C4CEFF31,ACCOUNTS_RECEIVABLE,683300,CREDIT,2026-08-11T22:56:09Z
LDG_15AEF44D,PAY_057355D4,ACCOUNTS_RECEIVABLE,1727600,CREDIT,2026-07-19T06:59:54Z
LDG_F573D4A9,PAY_4903A1A2,ACCOUNTS_RECEIVABLE,987100,CREDIT,2026-08-31T17:42:49Z
LDG_3DB62CE8,PAY_D1064AB5,ACCOUNTS_RECEIVABLE,558000,CREDIT,2026-07-25T21:20:20Z
LDG_8BD49AB9,PAY_FB33F81A,ACCOUNTS_RECEIVABLE,1039100,CREDIT,2026-08-02T15:58:44Z
LDG_CB6C1BF7,PAY_400042C1,ACCOUNTS_RECEIVABLE,412400,CREDIT,2026-07-02T07:57:59Z
LDG_9E9AE340,PAY_3FEE2A3F,ACCOUNTS_RECEIVABLE,1010200,CREDIT,2026-07-07T09:34:19Z
LDG_61B5CD70,PAY_E7A46088,ACCOUNTS_RECEIVABLE,440300,CREDIT,2026-07-07T05:24:00Z
LDG_3D5C6596,PAY_5B544FEC,ACCOUNTS_RECEIVABLE,1167200,CREDIT,2026-08-20T12:37:18Z
LDG_8054C745,PAY_A135E50D,ACCOUNTS_RECEIVABLE,1452700,CREDIT,2026-07-14T13:56:47Z
LDG_9ADFA8FF,PAY_EACC57A6,ACCOUNTS_RECEIVABLE,1265600,CREDIT,2026-07-15T04:03:20Z
LDG_98F1305C,PAY_2FC36804,ACCOUNTS_RECEIVABLE,15000000,CREDIT,2026-08-05T09:42:08Z
LDG_6E70B307,PAY_D42522CF,ACCOUNTS_RECEIVABLE,986700,CREDIT,2026-08-11T21:34:31Z
LDG_F90CD720,PAY_A8D61125,ACCOUNTS_RECEIVABLE,1530700,CREDIT,2026-07-27T21:04:10Z
LDG_A0BDF03D,PAY_F87BC52D,ACCOUNTS_RECEIVABLE,1878500,CREDIT,2026-08-19T12:48:19Z
LDG_84A6AD8D,PAY_60DDFAED,ACCOUNTS_RECEIVABLE,586300,CREDIT,2026-07-11T16:45:34Z
LDG_1616277B,PAY_41021FAC,ACCOUNTS_RECEIVABLE,1680100,CREDIT,2026-08-04T13:13:46Z
LDG_6BBFA6EE,PAY_337077F5,ACCOUNTS_RECEIVABLE,733400,CREDIT,2026-08-06T14:00:33Z
LDG_701ABE7D,PAY_1A31F637,ACCOUNTS_RECEIVABLE,1141400,CREDIT,2026-08-03T06:58:45Z
LDG_14F01038,PAY_FD9FCE13,ACCOUNTS_RECEIVABLE,166100,CREDIT,2026-07-27T05:56:36Z
LDG_33E0E1FA,PAY_11EEC564,ACCOUNTS_RECEIVABLE,1260900,CREDIT,2026-08-05T11:49:24Z
LDG_7F900F5A,PAY_28F55532,ACCOUNTS_RECEIVABLE,1254700,CREDIT,2026-08-14T04:54:45Z
LDG_B295F833,PAY_0FC04A60,ACCOUNTS_RECEIVABLE,1072800,CREDIT,2026-08-23T17:16:37Z
LDG_C0E14408,PAY_0A1A45F9,ACCOUNTS_RECEIVABLE,1329700,CREDIT,2026-07-22T21:22:10Z
LDG_AD1A33C6,PAY_82EAB03B,ACCOUNTS_RECEIVABLE,15000000,CREDIT,2026-08-08T21:27:31Z
LDG_D8A3A3F3,PAY_6EE4474C,ACCOUNTS_RECEIVABLE,1304500,CREDIT,2026-07-30T10:53:36Z
LDG_867F88BF,PAY_FE979EFC,ACCOUNTS_RECEIVABLE,319100,CREDIT,2026-08-20T15:33:06Z
LDG_2842B972,PAY_6D1DA28C,ACCOUNTS_RECEIVABLE,1623400,CREDIT,2026-09-01T17:55:08Z
LDG_786783A3,PAY_2789D31E,ACCOUNTS_RECEIVABLE,1385900,CREDIT,2026-08-01T05:19:06Z
LDG_28E17651,PAY_8D7D0EED,ACCOUNTS_RECEIVABLE,1267900,CREDIT,2026-08-29T00:12:35Z
LDG_FE3AF4F6,PAY_7F2E87B2,ACCOUNTS_RECEIVABLE,679200,CREDIT,2026-08-07T06:36:33Z
LDG_DA757281,PAY_D1708FE2,ACCOUNTS_RECEIVABLE,162400,CREDIT,2026-07-29T08:13:21Z
LDG_A4EC1C50,PAY_7157521D,ACCOUNTS_RECEIVABLE,1723200,CREDIT,2026-07-09T16:40:13Z
LDG_22D9C5EB,PAY_3E361544,ACCOUNTS_RECEIVABLE,446500,CREDIT,2026-07-24T14:08:12Z
LDG_F89F4A1B,PAY_58AFFE27,ACCOUNTS_RECEIVABLE,514600,CREDIT,2026-08-02T19:35:22Z
LDG_C56E41BA,PAY_76E19BD7,ACCOUNTS_RECEIVABLE,1985800,CREDIT,2026-07-30T17:33:11Z
LDG_7BEDAA19,PAY_939F03DE,ACCOUNTS_RECEIVABLE,1567200,CREDIT,2026-08-04T04:30:11Z
LDG_557E1A1F,PAY_7A17EFEB,ACCOUNTS_RECEIVABLE,638200,CREDIT,2026-07-27T21:48:05Z
LDG_B0DF648B,PAY_C42DC791,ACCOUNTS_RECEIVABLE,519500,CREDIT,2026-07-01T09:52:20Z
LDG_04649D81,PAY_6EDCB944,ACCOUNTS_RECEIVABLE,1031600,CREDIT,2026-07-23T20:44:02Z
LDG_E53419E4,PAY_16BD526E,ACCOUNTS_RECEIVABLE,1707400,CREDIT,2026-07-16T02:25:57Z
LDG_29E4FA33,PAY_A02E3BFB,ACCOUNTS_RECEIVABLE,1749800,CREDIT,2026-07-29T22:30:16Z
LDG_9930CFC8,PAY_765A96E2,ACCOUNTS_RECEIVABLE,324400,CREDIT,2026-07-06T17:57:14Z
LDG_B6F49C15,PAY_1F6DCDFE,ACCOUNTS_RECEIVABLE,1405800,CREDIT,2026-08-16T04:50:15Z
LDG_F4F8FBA5,PAY_4625E64E,ACCOUNTS_RECEIVABLE,104700,CREDIT,2026-07-02T14:47:50Z
LDG_9134CD76,PAY_A43933BB,ACCOUNTS_RECEIVABLE,1013000,CREDIT,2026-07-30T01:03:50Z
LDG_8A1F74BB,PAY_B7856A36,ACCOUNTS_RECEIVABLE,111500,CREDIT,2026-08-06T19:06:26Z
LDG_B2E07926,PAY_612086A0,ACCOUNTS_RECEIVABLE,485300,CREDIT,2026-07-17T21:40:15Z
LDG_A98C9A06,PAY_D4E9D37B,ACCOUNTS_RECEIVABLE,1181100,CREDIT,2026-08-17T02:57:37Z
LDG_C985DB56,PAY_E228C0BC,ACCOUNTS_RECEIVABLE,875500,CREDIT,2026-07-01T10:11:23Z
LDG_7809E45C,PAY_86D48C4A,ACCOUNTS_RECEIVABLE,296400,CREDIT,2026-08-13T14:10:27Z
LDG_6B4B7C63,PAY_F6753F92,ACCOUNTS_RECEIVABLE,1736700,CREDIT,2026-08-19T08:54:42Z
LDG_CDEF1BFC,PAY_95D1FA37,ACCOUNTS_RECEIVABLE,823700,CREDIT,2026-07-16T17:48:24Z
LDG_8F6CA7D7,PAY_52B0870F,ACCOUNTS_RECEIVABLE,356000,CREDIT,2026-07-26T23:54:17Z
LDG_68D93FD9,PAY_819CCDB7,ACCOUNTS_RECEIVABLE,227200,CREDIT,2026-08-15T22:18:54Z
LDG_0D4B7BB6,PAY_0CA16C73,ACCOUNTS_RECEIVABLE,1992600,CREDIT,2026-08-08T17:47:25Z
LDG_9D19CB5D,PAY_29017DCB,ACCOUNTS_RECEIVABLE,1856400,CREDIT,2026-08-06T15:57:21Z
LDG_C20477A2,PAY_7B09D119,ACCOUNTS_RECEIVABLE,1936700,CREDIT,2026-07-21T07:47:38Z
LDG_1E6845D5,PAY_F3F22C23,ACCOUNTS_RECEIVABLE,1315300,CREDIT,2026-08-21T05:16:05Z
LDG_B89D8ACC,PAY_1CBD56BF,ACCOUNTS_RECEIVABLE,311500,CREDIT,2026-07-03T08:46:54Z
LDG_31276068,PAY_96816874,ACCOUNTS_RECEIVABLE,25700,CREDIT,2026-08-11T13:24:45Z
LDG_217C292D,PAY_C2E3C846,ACCOUNTS_RECEIVABLE,1889300,CREDIT,2026-08-11T23:28:16Z
LDG_8B0BDF14,PAY_267660ED,ACCOUNTS_RECEIVABLE,1424900,CREDIT,2026-08-20T14:04:53Z
LDG_1C3323E6,PAY_75FF95F5,ACCOUNTS_RECEIVABLE,60000000,CREDIT,2026-08-11T01:45:05Z
LDG_8816A351,PAY_0F6829B1,ACCOUNTS_RECEIVABLE,14100,CREDIT,2026-08-14T18:46:35Z
LDG_F0C6AD6D,PAY_BCCECC0F,ACCOUNTS_RECEIVABLE,966800,CREDIT,2026-08-10T09:38:37Z
LDG_7CD2ECFD,PAY_405453F7,ACCOUNTS_RECEIVABLE,921600,CREDIT,2026-08-08T22:18:40Z
LDG_2807899F,PAY_E7A69E17,ACCOUNTS_RECEIVABLE,1194900,CREDIT,2026-08-25T09:49:03Z
LDG_1DD012D8,PAY_F6B934FE,ACCOUNTS_RECEIVABLE,159800,CREDIT,2026-08-30T05:24:49Z
LDG_E62ABC87,PAY_5E857446,ACCOUNTS_RECEIVABLE,1653600,CREDIT,2026-08-31T07:30:52Z
LDG_C8C546BC,PAY_348C6D4F,ACCOUNTS_RECEIVABLE,308600,CREDIT,2026-08-27T09:45:19Z
LDG_A1A33225,PAY_D6B15D9B,ACCOUNTS_RECEIVABLE,1183900,CREDIT,2026-07-19T14:16:12Z
LDG_E015A3EF,PAY_B114900E,ACCOUNTS_RECEIVABLE,1087000,CREDIT,2026-08-02T13:48:30Z
LDG_01424552,PAY_48EA3B1D,ACCOUNTS_RECEIVABLE,520700,CREDIT,2026-07-04T02:58:54Z
LDG_15389A06,PAY_981A151B,ACCOUNTS_RECEIVABLE,129200,CREDIT,2026-08-22T03:32:49Z
LDG_65A952EC,PAY_C45F0B72,ACCOUNTS_RECEIVABLE,1038000,CREDIT,2026-07-15T13:33:59Z
LDG_C0054DC9,PAY_7E72203D,ACCOUNTS_RECEIVABLE,1674700,CREDIT,2026-07-02T18:53:44Z
LDG_9144DF13,PAY_ED41B838,ACCOUNTS_RECEIVABLE,395000,CREDIT,2026-07-11T18:52:29Z
LDG_9CC39E12,PAY_D0E348DC,ACCOUNTS_RECEIVABLE,1736800,CREDIT,2026-07-28T06:18:49Z
LDG_D21F3B88,PAY_96A0C7EC,ACCOUNTS_RECEIVABLE,1088800,CREDIT,2026-07-21T18:33:51Z
LDG_465867D9,PAY_B1F122C7,ACCOUNTS_RECEIVABLE,629000,CREDIT,2026-08-07T06:40:20Z
LDG_6C4E829C,PAY_76FD93DD,ACCOUNTS_RECEIVABLE,1778600,CREDIT,2026-07-06T18:02:06Z
LDG_C778348B,PAY_3A8758D1,ACCOUNTS_RECEIVABLE,1817300,CREDIT,2026-08-16T14:49:29Z
LDG_A4033722,PAY_7FB40075,ACCOUNTS_RECEIVABLE,190400,CREDIT,2026-07-16T00:07:39Z
LDG_7361BA80,PAY_07C79B91,ACCOUNTS_RECEIVABLE,1444500,CREDIT,2026-09-01T05:43:43Z
LDG_0FE4318C,PAY_92306918,ACCOUNTS_RECEIVABLE,399700,CREDIT,2026-08-31T11:42:03Z
LDG_3951EE60,PAY_45EC1633,ACCOUNTS_RECEIVABLE,465500,CREDIT,2026-08-30T01:07:29Z
LDG_C95EE0BE,PAY_AE97B48D,ACCOUNTS_RECEIVABLE,1579200,CREDIT,2026-07-07T15:42:57Z
LDG_00987333,PAY_97B8ACE3,ACCOUNTS_RECEIVABLE,1812700,CREDIT,2026-08-29T08:14:07Z
LDG_547726A7,PAY_5F25921F,ACCOUNTS_RECEIVABLE,1321500,CREDIT,2026-08-09T17:41:07Z
LDG_28653CCE,PAY_9BE8DA6B,ACCOUNTS_RECEIVABLE,1778800,CREDIT,2026-08-05T05:11:25Z
LDG_CAE0397E,PAY_F3D7039F,ACCOUNTS_RECEIVABLE,451800,CREDIT,2026-08-22T00:30:56Z
LDG_36138B6E,PAY_AD4FCB4D,ACCOUNTS_RECEIVABLE,1592200,CREDIT,2026-07-06T22:33:21Z
LDG_DA59A827,PAY_ABB8EF2D,ACCOUNTS_RECEIVABLE,263300,CREDIT,2026-07-30T15:45:35Z
LDG_8077DC6D,PAY_7BEEDE30,ACCOUNTS_RECEIVABLE,381300,CREDIT,2026-08-23T14:31:50Z
LDG_95168112,PAY_A85ABBB6,ACCOUNTS_RECEIVABLE,1304200,CREDIT,2026-08-14T15:01:31Z
LDG_5BAD60D9,PAY_0D14024C,ACCOUNTS_RECEIVABLE,517800,CREDIT,2026-08-11T12:03:44Z
LDG_40E78204,PAY_066C484E,ACCOUNTS_RECEIVABLE,1124900,CREDIT,2026-07-10T20:29:15Z
LDG_9AA35B20,PAY_B854BDC8,ACCOUNTS_RECEIVABLE,1027100,CREDIT,2026-07-03T19:29:29Z
LDG_D8DC4F59,PAY_7AC54A84,ACCOUNTS_RECEIVABLE,708000,CREDIT,2026-08-16T23:56:15Z
LDG_A938DE03,PAY_D0900E27,ACCOUNTS_RECEIVABLE,1574600,CREDIT,2026-07-04T05:28:20Z
LDG_887EDF0A,PAY_34BCD1B9,ACCOUNTS_RECEIVABLE,232100,CREDIT,2026-07-13T17:37:26Z
LDG_C8DCEC2D,PAY_67AF9D2D,ACCOUNTS_RECEIVABLE,156300,CREDIT,2026-08-28T05:46:10Z
LDG_452EE5F5,PAY_5E81F602,ACCOUNTS_RECEIVABLE,809800,CREDIT,2026-07-09T17:04:10Z
LDG_FC1F3BB4,PAY_AD7C9E71,ACCOUNTS_RECEIVABLE,1188500,CREDIT,2026-07-08T01:00:30Z
LDG_E064802F,PAY_A5352057,ACCOUNTS_RECEIVABLE,1720500,CREDIT,2026-08-15T23:18:04Z
LDG_DEAAA1B6,PAY_F12854AB,ACCOUNTS_RECEIVABLE,1585600,CREDIT,2026-07-12T05:14:15Z
LDG_FA7B598A,PAY_505B673E,ACCOUNTS_RECEIVABLE,700600,CREDIT,2026-07-17T20:08:46Z
LDG_D6A29BA5,PAY_ECFF961A,ACCOUNTS_RECEIVABLE,1741200,CREDIT,2026-07-16T15:38:31Z
LDG_A58C3DBD,PAY_8603F2C8,ACCOUNTS_RECEIVABLE,296900,CREDIT,2026-07-28T16:03:03Z
LDG_C7F6D58E,PAY_0EB3D0D8,ACCOUNTS_RECEIVABLE,1071900,CREDIT,2026-07-07T08:13:34Z
LDG_3A7DB200,PAY_3BCA4963,ACCOUNTS_RECEIVABLE,1264100,CREDIT,2026-07-27T01:53:24Z
LDG_5CB1FF97,PAY_71A3A3C8,ACCOUNTS_RECEIVABLE,288400,CREDIT,2026-07-03T15:09:03Z
LDG_6964BBF7,PAY_B2300723,ACCOUNTS_RECEIVABLE,1279500,CREDIT,2026-07-19T05:12:17Z
LDG_71D52BA0,PAY_E19B58BF,ACCOUNTS_RECEIVABLE,1904000,CREDIT,2026-07-29T19:34:18Z
LDG_25BE7C90,PAY_65F29B7F,ACCOUNTS_RECEIVABLE,1640800,CREDIT,2026-07-23T10:34:20Z
LDG_CBE3B020,PAY_CF75F199,ACCOUNTS_RECEIVABLE,1823000,CREDIT,2026-07-19T01:22:47Z
LDG_D16E6F11,PAY_8B3C062B,ACCOUNTS_RECEIVABLE,336600,CREDIT,2026-08-10T09:07:52Z
LDG_30E1617F,PAY_49131096,ACCOUNTS_RECEIVABLE,1776000,CREDIT,2026-08-08T06:22:12Z
LDG_E85A11CF,PAY_4224D528,ACCOUNTS_RECEIVABLE,1948800,CREDIT,2026-07-22T12:58:05Z
LDG_BE558F18,PAY_B5BD7161,ACCOUNTS_RECEIVABLE,1697400,CREDIT,2026-07-15T02:44:38Z
LDG_9D8EAA12,PAY_6B909CC7,ACCOUNTS_RECEIVABLE,1691400,CREDIT,2026-07-30T20:48:16Z
LDG_2D7BEDCD,PAY_907AFABA,ACCOUNTS_RECEIVABLE,1272100,CREDIT,2026-08-21T18:26:01Z
LDG_3669D1B4,PAY_EA947730,ACCOUNTS_RECEIVABLE,1737600,CREDIT,2026-08-15T21:44:52Z
LDG_11C6E101,PAY_5E8BFE05,ACCOUNTS_RECEIVABLE,1056700,CREDIT,2026-09-01T05:05:58Z
LDG_2C9470E5,PAY_D18573C1,ACCOUNTS_RECEIVABLE,5500000,CREDIT,2026-08-08T20:42:11Z
LDG_CAA82E0B,PAY_26C03C74,ACCOUNTS_RECEIVABLE,1984500,CREDIT,2026-08-26T20:07:15Z
LDG_E95832BA,PAY_944663B3,ACCOUNTS_RECEIVABLE,952500,CREDIT,2026-08-22T16:52:09Z
LDG_D4800A37,PAY_78DE314B,ACCOUNTS_RECEIVABLE,185500,CREDIT,2026-08-27T07:45:59Z
LDG_95A7A14E,PAY_C4082600,ACCOUNTS_RECEIVABLE,1893100,CREDIT,2026-08-07T18:41:56Z
LDG_45AA3988,PAY_B410294F,ACCOUNTS_RECEIVABLE,953500,CREDIT,2026-07-10T01:00:34Z
LDG_0AC0EDA2,PAY_B412B1ED,ACCOUNTS_RECEIVABLE,1212900,CREDIT,2026-07-10T00:28:17Z
LDG_8CAF074F,PAY_215DBBBF,ACCOUNTS_RECEIVABLE,637400,CREDIT,2026-08-26T19:40:14Z
LDG_77B05226,PAY_65DB6E3A,ACCOUNTS_RECEIVABLE,1136400,CREDIT,2026-07-19T04:38:52Z
LDG_73E51A69,PAY_D389E171,ACCOUNTS_RECEIVABLE,172400,CREDIT,2026-07-01T21:56:32Z
LDG_54A9813D,PAY_8A3C8D84,ACCOUNTS_RECEIVABLE,106900,CREDIT,2026-08-05T00:04:07Z
LDG_93C38CD2,PAY_7895D72C,ACCOUNTS_RECEIVABLE,952100,CREDIT,2026-08-31T21:44:44Z
LDG_42A1BC0E,PAY_A0DC076C,ACCOUNTS_RECEIVABLE,1372500,CREDIT,2026-09-01T16:24:49Z
LDG_FD3B650B,PAY_EC1C6144,ACCOUNTS_RECEIVABLE,1356600,CREDIT,2026-07-29T21:13:56Z
LDG_A6D81E1E,PAY_88A6D836,ACCOUNTS_RECEIVABLE,893800,CREDIT,2026-07-12T10:06:01Z
LDG_E89CDAAB,PAY_2C8EDE03,ACCOUNTS_RECEIVABLE,914300,CREDIT,2026-08-20T13:20:48Z
LDG_88414D6F,PAY_5A3DDA3A,ACCOUNTS_RECEIVABLE,15000000,CREDIT,2026-07-26T11:50:59Z
LDG_6D8E3C44,PAY_90AAB4CD,ACCOUNTS_RECEIVABLE,488600,CREDIT,2026-08-10T19:05:16Z
LDG_EF3A9770,PAY_64A69838,ACCOUNTS_RECEIVABLE,1989500,CREDIT,2026-07-15T17:46:18Z
LDG_DBB9A0B0,PAY_63C636DA,ACCOUNTS_RECEIVABLE,1397400,CREDIT,2026-08-23T10:33:45Z
LDG_A9E99CF8,PAY_2036F7B3,ACCOUNTS_RECEIVABLE,635200,CREDIT,2026-08-12T05:03:32Z
LDG_BDDA599F,PAY_BA4FF1AD,ACCOUNTS_RECEIVABLE,884800,CREDIT,2026-07-09T17:11:32Z
LDG_3FD51AFC,PAY_C09ABA18,ACCOUNTS_RECEIVABLE,1991200,CREDIT,2026-08-02T17:43:08Z
LDG_9F637E3D,PAY_40110F7E,ACCOUNTS_RECEIVABLE,1367500,CREDIT,2026-07-08T03:36:18Z
LDG_F851EF66,PAY_285133F3,ACCOUNTS_RECEIVABLE,654100,CREDIT,2026-07-31T19:51:45Z
LDG_280E519E,PAY_EAD4D636,ACCOUNTS_RECEIVABLE,1215900,CREDIT,2026-07-10T06:57:23Z
LDG_41CEB19F,PAY_CD0D0B5B,ACCOUNTS_RECEIVABLE,1129800,CREDIT,2026-08-14T07:41:12Z
LDG_2E9FD352,PAY_5E5901C4,ACCOUNTS_RECEIVABLE,1821800,CREDIT,2026-07-13T22:41:54Z
LDG_3CE87808,PAY_21195F33,ACCOUNTS_RECEIVABLE,975900,CREDIT,2026-08-28T09:27:37Z
LDG_1246E88A,PAY_A7105B75,ACCOUNTS_RECEIVABLE,771400,CREDIT,2026-08-15T04:37:44Z
LDG_6549E59A,PAY_535A18EE,ACCOUNTS_RECEIVABLE,237000,CREDIT,2026-07-27T23:39:14Z
LDG_90FD40C4,PAY_703FD4F9,ACCOUNTS_RECEIVABLE,176100,CREDIT,2026-08-15T05:29:47Z
LDG_07F51B9A,PAY_A611FCDE,ACCOUNTS_RECEIVABLE,973500,CREDIT,2026-08-13T07:34:07Z
LDG_EDCCE186,PAY_A08EC779,ACCOUNTS_RECEIVABLE,1925700,CREDIT,2026-08-29T21:36:50Z
LDG_E56DCAA6,PAY_D8395B15,ACCOUNTS_RECEIVABLE,1035600,CREDIT,2026-08-30T02:31:05Z
LDG_BB2CF816,PAY_E7C1EB72,ACCOUNTS_RECEIVABLE,868500,CREDIT,2026-07-22T23:38:47Z
LDG_5C55D7BD,PAY_C57FB34A,ACCOUNTS_RECEIVABLE,439400,CREDIT,2026-08-05T12:14:47Z
LDG_58549C2F,PAY_2D6FC563,ACCOUNTS_RECEIVABLE,1981600,CREDIT,2026-08-24T11:06:07Z
LDG_C41AF943,PAY_CAFCF525,ACCOUNTS_RECEIVABLE,874000,CREDIT,2026-08-02T02:26:23Z
LDG_08312C7D,PAY_0DD19F62,ACCOUNTS_RECEIVABLE,751600,CREDIT,2026-08-23T08:19:30Z
LDG_C77FDDA6,PAY_FCBF2398,ACCOUNTS_RECEIVABLE,438600,CREDIT,2026-08-20T20:01:05Z
LDG_983E8DAF,PAY_80CAD7A0,ACCOUNTS_RECEIVABLE,1199200,CREDIT,2026-08-22T17:19:02Z
LDG_C577B1A1,PAY_2144EB81,ACCOUNTS_RECEIVABLE,1090400,CREDIT,2026-07-11T03:11:14Z
LDG_B13CAAF8,PAY_29055E78,ACCOUNTS_RECEIVABLE,99100,CREDIT,2026-07-02T04:00:48Z
LDG_4AEB97C7,PAY_106EA486,ACCOUNTS_RECEIVABLE,1722900,CREDIT,2026-07-12T04:17:04Z
LDG_C7E00DA7,PAY_42BB82CA,ACCOUNTS_RECEIVABLE,909600,CREDIT,2026-07-29T22:07:33Z
LDG_C3636A9D,PAY_61FDEB50,ACCOUNTS_RECEIVABLE,255100,CREDIT,2026-08-04T10:53:46Z
LDG_A5A2D911,PAY_A90194AD,ACCOUNTS_RECEIVABLE,1197700,CREDIT,2026-08-23T16:06:50Z
LDG_A6617174,PAY_A7CD5895,ACCOUNTS_RECEIVABLE,477200,CREDIT,2026-08-05T11:39:11Z
LDG_05BC1EDD,PAY_9EFB145C,ACCOUNTS_RECEIVABLE,550600,CREDIT,2026-07-20T07:15:18Z
LDG_32CC593D,PAY_C47E3531,ACCOUNTS_RECEIVABLE,709000,CREDIT,2026-08-17T01:21:00Z
LDG_1AD08D28,PAY_181B0329,ACCOUNTS_RECEIVABLE,1491700,CREDIT,2026-07-07T00:46:20Z
LDG_AA7F923D,PAY_B9AF8526,ACCOUNTS_RECEIVABLE,214800,CREDIT,2026-07-14T23:12:35Z
LDG_503E3AAD,PAY_F92D9F97,ACCOUNTS_RECEIVABLE,1400700,CREDIT,2026-08-28T10:25:52Z
LDG_1C3F1D6D,PAY_BD9C3DFF,ACCOUNTS_RECEIVABLE,852700,CREDIT,2026-07-05T02:08:49Z
LDG_B25B645A,PAY_A4752CDF,ACCOUNTS_RECEIVABLE,115300,CREDIT,2026-07-09T13:58:35Z
LDG_9A308C53,PAY_00049282,ACCOUNTS_RECEIVABLE,364400,CREDIT,2026-07-15T06:55:46Z
LDG_A15DC3B6,PAY_75927854,ACCOUNTS_RECEIVABLE,282200,CREDIT,2026-08-25T17:49:47Z
LDG_4A56E640,PAY_AD122936,ACCOUNTS_RECEIVABLE,901200,CREDIT,2026-08-07T02:35:29Z
LDG_42FEF44F,PAY_239A5BE0,ACCOUNTS_RECEIVABLE,1466600,CREDIT,2026-08-27T12:57:55Z
LDG_B166295E,PAY_0B2275DA,ACCOUNTS_RECEIVABLE,1459900,CREDIT,2026-08-11T16:07:53Z
LDG_A218A8C8,PAY_FE9A18E1,ACCOUNTS_RECEIVABLE,141700,CREDIT,2026-08-03T10:47:09Z
LDG_C93D31E9,PAY_012BEF13,ACCOUNTS_RECEIVABLE,741500,CREDIT,2026-08-30T04:58:58Z
LDG_983A1416,PAY_737DCC4C,ACCOUNTS_RECEIVABLE,1015800,CREDIT,2026-07-06T22:52:59Z
LDG_82A4FEAD,PAY_86FC394E,ACCOUNTS_RECEIVABLE,147100,CREDIT,2026-08-03T20:31:59Z
LDG_7F5971A1,PAY_E5C7A019,ACCOUNTS_RECEIVABLE,1988200,CREDIT,2026-08-23T03:13:49Z
LDG_AB722932,PAY_86192A17,ACCOUNTS_RECEIVABLE,360000,CREDIT,2026-07-13T17:56:19Z
LDG_D2FF9CE1,PAY_ED6E50E0,ACCOUNTS_RECEIVABLE,836200,CREDIT,2026-07-28T08:26:51Z
LDG_40789CF5,PAY_8E823FF4,ACCOUNTS_RECEIVABLE,744900,CREDIT,2026-08-26T09:40:23Z
LDG_309F79BE,PAY_279985F5,ACCOUNTS_RECEIVABLE,80600,CREDIT,2026-07-20T18:52:38Z
LDG_25F8E551,PAY_1CE13458,ACCOUNTS_RECEIVABLE,1960600,CREDIT,2026-08-10T17:35:08Z
LDG_78882B28,PAY_2F369507,ACCOUNTS_RECEIVABLE,1906500,CREDIT,2026-07-02T20:33:52Z
LDG_33DFC120,PAY_E9841B1F,ACCOUNTS_RECEIVABLE,369000,CREDIT,2026-07-23T18:24:16Z
LDG_4E0FAC1F,PAY_6414C5B4,ACCOUNTS_RECEIVABLE,1183600,CREDIT,2026-07-17T17:34:56Z
LDG_827D65FB,PAY_D127F3A4,ACCOUNTS_RECEIVABLE,484500,CREDIT,2026-07-06T17:38:00Z
LDG_F6D6F9D9,PAY_3C7DD93D,ACCOUNTS_RECEIVABLE,635200,CREDIT,2026-07-07T23:10:54Z
LDG_EA8E967D,PAY_193FEA43,ACCOUNTS_RECEIVABLE,799200,CREDIT,2026-07-20T19:04:45Z
LDG_5538C81F,PAY_4A536C0E,ACCOUNTS_RECEIVABLE,953200,CREDIT,2026-08-31T00:01:28Z
LDG_AEA04D0E,PAY_DECA2FFD,ACCOUNTS_RECEIVABLE,560700,CREDIT,2026-09-01T10:27:16Z
LDG_9DDFAA68,PAY_DF9DD955,ACCOUNTS_RECEIVABLE,15000000,CREDIT,2026-07-28T14:56:30Z
LDG_9B20C0AD,PAY_33A22C3D,ACCOUNTS_RECEIVABLE,1640800,CREDIT,2026-07-10T03:48:41Z
LDG_6F7A6E60,PAY_35073B49,ACCOUNTS_RECEIVABLE,77100,CREDIT,2026-07-09T06:53:59Z
LDG_A3BECD9E,PAY_2D11AAEC,ACCOUNTS_RECEIVABLE,15700,CREDIT,2026-08-30T19:39:20Z
LDG_6C9B2893,PAY_321796E6,ACCOUNTS_RECEIVABLE,1561000,CREDIT,2026-07-03T20:29:57Z
LDG_3B0331A9,PAY_ACF7919B,ACCOUNTS_RECEIVABLE,1300400,CREDIT,2026-08-29T02:29:14Z
LDG_F35A45AA,PAY_C1D4B3C6,ACCOUNTS_RECEIVABLE,339000,CREDIT,2026-08-02T18:53:55Z
LDG_98AE8429,PAY_B3B36FCA,ACCOUNTS_RECEIVABLE,510500,CREDIT,2026-07-16T19:55:47Z
LDG_81A0A4D6,PAY_B86955F2,ACCOUNTS_RECEIVABLE,641600,CREDIT,2026-08-04T12:15:30Z
LDG_769E6FF3,PAY_DAD02030,ACCOUNTS_RECEIVABLE,1075700,CREDIT,2026-07-20T04:14:28Z
LDG_7EAF83BF,PAY_A2883E2E,ACCOUNTS_RECEIVABLE,1060000,CREDIT,2026-07-26T11:05:26Z
LDG_00E3B91B,PAY_79011D7A,ACCOUNTS_RECEIVABLE,1340700,CREDIT,2026-08-09T17:20:52Z
LDG_06A255B5,PAY_E56FE5BC,ACCOUNTS_RECEIVABLE,150100,CREDIT,2026-08-18T16:26:48Z
LDG_67212A65,PAY_B19EDCD5,ACCOUNTS_RECEIVABLE,958600,CREDIT,2026-08-28T00:19:04Z
LDG_990DA6E8,PAY_9181BEC0,ACCOUNTS_RECEIVABLE,773200,CREDIT,2026-07-05T11:06:57Z
LDG_787C97FB,PAY_61ECA3E5,ACCOUNTS_RECEIVABLE,1671300,CREDIT,2026-07-28T18:33:26Z
LDG_52D5CF69,PAY_44468294,ACCOUNTS_RECEIVABLE,983700,CREDIT,2026-08-25T10:21:35Z
LDG_DB9A5E3B,PAY_D7CCD016,ACCOUNTS_RECEIVABLE,1120400,CREDIT,2026-08-01T04:17:55Z
LDG_5E3478ED,PAY_87FDD26C,ACCOUNTS_RECEIVABLE,898200,CREDIT,2026-07-25T07:11:45Z
LDG_51A923A7,PAY_4EFBA0B5,ACCOUNTS_RECEIVABLE,1191300,CREDIT,2026-07-08T09:38:16Z
LDG_28C7EB25,PAY_FE513D7B,ACCOUNTS_RECEIVABLE,15000000,CREDIT,2026-08-19T15:30:49Z
LDG_8F02D1F8,PAY_0A271587,ACCOUNTS_RECEIVABLE,1339100,CREDIT,2026-07-07T10:28:12Z
LDG_16695F7C,PAY_8418DA60,ACCOUNTS_RECEIVABLE,516200,CREDIT,2026-07-17T06:14:16Z
LDG_F2693252,PAY_00AC6FC7,ACCOUNTS_RECEIVABLE,500500,CREDIT,2026-08-08T01:16:50Z
LDG_5A602A21,PAY_45C9A47A,ACCOUNTS_RECEIVABLE,1515400,CREDIT,2026-08-03T22:02:27Z
LDG_098A4F6C,PAY_0BF47CF1,ACCOUNTS_RECEIVABLE,1158500,CREDIT,2026-07-13T23:29:53Z
LDG_7B9CEB28,PAY_B4CCABE3,ACCOUNTS_RECEIVABLE,285300,CREDIT,2026-07-24T10:55:50Z
LDG_450C6A76,PAY_B70482CB,ACCOUNTS_RECEIVABLE,57200,CREDIT,2026-07-17T05:18:51Z
LDG_669E11E8,PAY_C7015E87,ACCOUNTS_RECEIVABLE,1125300,CREDIT,2026-07-31T07:27:32Z
LDG_3867BE17,PAY_2847AC20,ACCOUNTS_RECEIVABLE,489000,CREDIT,2026-07-28T01:44:47Z
LDG_3BC34DB8,PAY_22AEE998,ACCOUNTS_RECEIVABLE,1543500,CREDIT,2026-07-21T02:10:05Z
LDG_36B5AE4D,PAY_A6980F1C,ACCOUNTS_RECEIVABLE,52800,CREDIT,2026-08-19T15:09:56Z
LDG_32B4926F,PAY_AEA01387,ACCOUNTS_RECEIVABLE,380800,CREDIT,2026-07-06T22:32:33Z
LDG_DEAD7572,PAY_515051E9,ACCOUNTS_RECEIVABLE,411500,CREDIT,2026-08-20T01:25:17Z
LDG_E6AA7787,PAY_5D2818A8,ACCOUNTS_RECEIVABLE,885900,CREDIT,2026-08-28T09:38:42Z
LDG_B1678323,PAY_D6AE3441,ACCOUNTS_RECEIVABLE,1002100,CREDIT,2026-08-04T05:29:04Z
LDG_36A21ADC,PAY_1D724C88,ACCOUNTS_RECEIVABLE,1546000,CREDIT,2026-08-05T23:34:07Z
LDG_17D5A483,PAY_371EC2E5,ACCOUNTS_RECEIVABLE,430300,CREDIT,2026-08-02T04:27:07Z
LDG_50200B73,PAY_C681B85C,ACCOUNTS_RECEIVABLE,513600,CREDIT,2026-08-15T07:47:33Z
LDG_0034CA8B,PAY_7B6971A9,ACCOUNTS_RECEIVABLE,944900,CREDIT,2026-08-16T04:20:25Z
LDG_87EB3F7F,PAY_40D72AAF,ACCOUNTS_RECEIVABLE,1804900,CREDIT,2026-07-12T10:10:36Z
LDG_575B89F2,PAY_C2B3C3C5,ACCOUNTS_RECEIVABLE,860700,CREDIT,2026-07-12T15:37:08Z
LDG_C9F3CB5C,PAY_BF7A6CF2,ACCOUNTS_RECEIVABLE,412600,CREDIT,2026-08-20T10:11:53Z
LDG_1EAE6484,PAY_47B9F3D1,ACCOUNTS_RECEIVABLE,354400,CREDIT,2026-07-28T03:42:25Z
LDG_2BE0DF86,PAY_7DF2D92F,ACCOUNTS_RECEIVABLE,945300,CREDIT,2026-07-06T14:52:04Z
LDG_D730F5BB,PAY_1581E156,ACCOUNTS_RECEIVABLE,540000,CREDIT,2026-07-25T22:27:52Z
LDG_62D51B50,PAY_F5BA0B55,ACCOUNTS_RECEIVABLE,1834700,CREDIT,2026-08-06T19:08:23Z
LDG_E491D545,PAY_02D09072,ACCOUNTS_RECEIVABLE,197500,CREDIT,2026-07-04T17:47:50Z
LDG_F3E03E96,PAY_B16FEDB9,ACCOUNTS_RECEIVABLE,1032000,CREDIT,2026-07-03T21:09:18Z
LDG_58F54266,PAY_42090785,ACCOUNTS_RECEIVABLE,1868400,CREDIT,2026-07-20T02:00:47Z
LDG_4635A1B6,PAY_8A501520,ACCOUNTS_RECEIVABLE,95700,CREDIT,2026-07-19T23:31:35Z
LDG_A4282B56,PAY_C2385972,ACCOUNTS_RECEIVABLE,866400,CREDIT,2026-07-11T14:59:20Z
LDG_7B0207F0,PAY_60AD616B,ACCOUNTS_RECEIVABLE,1339700,CREDIT,2026-08-20T14:21:43Z
LDG_B6B7FC08,PAY_64C627B5,ACCOUNTS_RECEIVABLE,1204800,CREDIT,2026-07-17T04:27:45Z
LDG_3D4A4DE6,PAY_11B65085,ACCOUNTS_RECEIVABLE,148200,CREDIT,2026-08-26T19:45:40Z
LDG_C4812992,PAY_C3B4016E,ACCOUNTS_RECEIVABLE,201500,CREDIT,2026-08-01T06:05:28Z
LDG_02E9A2DB,PAY_D66F984E,ACCOUNTS_RECEIVABLE,1778400,CREDIT,2026-08-10T13:43:43Z
LDG_60C0B52B,PAY_94B35BB1,ACCOUNTS_RECEIVABLE,1669100,CREDIT,2026-07-26T13:11:34Z
LDG_A3DE6F85,PAY_7A9AFF53,ACCOUNTS_RECEIVABLE,1711800,CREDIT,2026-07-02T12:59:04Z
LDG_F3D7171A,PAY_24BEBF0C,ACCOUNTS_RECEIVABLE,1736400,CREDIT,2026-08-19T13:06:05Z
LDG_422CEA16,PAY_9C028499,ACCOUNTS_RECEIVABLE,380400,CREDIT,2026-07-30T16:23:02Z
LDG_11A146FE,PAY_66C2B943,ACCOUNTS_RECEIVABLE,328800,CREDIT,2026-08-12T07:01:40Z
LDG_24D78A8A,PAY_9A19F4CA,ACCOUNTS_RECEIVABLE,619600,CREDIT,2026-07-16T11:36:47Z
LDG_33E8B436,PAY_185A74F2,ACCOUNTS_RECEIVABLE,919900,CREDIT,2026-09-01T00:20:36Z
LDG_627FD6D1,PAY_8544932A,ACCOUNTS_RECEIVABLE,1565400,CREDIT,2026-08-12T00:45:27Z
LDG_612428FF,PAY_2067FFD7,ACCOUNTS_RECEIVABLE,19200,CREDIT,2026-07-05T23:51:36Z
LDG_2BAC16DE,PAY_017467FB,ACCOUNTS_RECEIVABLE,1727300,CREDIT,2026-07-29T05:09:52Z
LDG_05A63CF2,PAY_16BE3E68,ACCOUNTS_RECEIVABLE,1520800,CREDIT,2026-07-17T23:33:50Z
LDG_67EC2138,PAY_E9092CC4,ACCOUNTS_RECEIVABLE,251700,CREDIT,2026-07-06T15:33:48Z
LDG_10E2C9F9,PAY_E3FE0AD2,ACCOUNTS_RECEIVABLE,732700,CREDIT,2026-07-18T06:39:19Z
LDG_8500D852,PAY_30E07B79,ACCOUNTS_RECEIVABLE,1615500,CREDIT,2026-07-22T07:43:54Z
LDG_92D2ECED,PAY_4B1482EC,ACCOUNTS_RECEIVABLE,983700,CREDIT,2026-07-16T05:52:16Z
LDG_886A2B20,PAY_48C5BE01,ACCOUNTS_RECEIVABLE,1599600,CREDIT,2026-07-05T01:55:39Z
LDG_1CF39458,PAY_F65E602D,ACCOUNTS_RECEIVABLE,1816900,CREDIT,2026-08-16T18:38:25Z
LDG_4CA05932,PAY_06B6528D,ACCOUNTS_RECEIVABLE,1677100,CREDIT,2026-07-21T04:23:39Z
LDG_7DFA5782,PAY_3FA544EE,ACCOUNTS_RECEIVABLE,371100,CREDIT,2026-07-24T05:19:57Z
LDG_00413FF6,PAY_A81B04D2,ACCOUNTS_RECEIVABLE,1619600,CREDIT,2026-08-05T19:33:46Z
LDG_37C758A4,PAY_96C0B6AC,ACCOUNTS_RECEIVABLE,1388300,CREDIT,2026-08-07T23:00:02Z
LDG_85C44546,PAY_FBF64777,ACCOUNTS_RECEIVABLE,1347400,CREDIT,2026-08-04T23:35:23Z
LDG_CDF0C946,PAY_65DECD95,ACCOUNTS_RECEIVABLE,1677900,CREDIT,2026-08-17T03:08:35Z
LDG_CF8D2B20,PAY_BC4EA215,ACCOUNTS_RECEIVABLE,1300300,CREDIT,2026-08-31T03:50:51Z
LDG_2E49709B,PAY_45B39B5C,ACCOUNTS_RECEIVABLE,887200,CREDIT,2026-07-27T20:35:42Z
LDG_A4FADAA7,PAY_68DE3719,ACCOUNTS_RECEIVABLE,978400,CREDIT,2026-07-15T17:39:16Z
LDG_BD62E7F5,PAY_BCEC57B1,ACCOUNTS_RECEIVABLE,234100,CREDIT,2026-08-10T20:52:45Z
LDG_5F8059BA,PAY_F5EE589E,ACCOUNTS_RECEIVABLE,636100,CREDIT,2026-07-16T00:05:17Z
LDG_1FD269B8,PAY_F4C053CC,ACCOUNTS_RECEIVABLE,177800,CREDIT,2026-07-31T02:17:07Z
LDG_E30542B7,PAY_E429D455,ACCOUNTS_RECEIVABLE,1104400,CREDIT,2026-08-09T18:11:39Z
LDG_721D4791,PAY_FE0C7601,ACCOUNTS_RECEIVABLE,817200,CREDIT,2026-09-01T11:18:57Z
LDG_2A692757,PAY_36A8ADB6,ACCOUNTS_RECEIVABLE,925800,CREDIT,2026-08-23T18:05:52Z
LDG_FDDD7CC2,PAY_774E39D9,ACCOUNTS_RECEIVABLE,1217900,CREDIT,2026-07-22T21:31:46Z
LDG_99AC85F5,PAY_42D1B88A,ACCOUNTS_RECEIVABLE,599500,CREDIT,2026-07-18T00:21:30Z
LDG_46C7B01C,PAY_0DA35C0F,ACCOUNTS_RECEIVABLE,378600,CREDIT,2026-07-14T09:21:58Z
LDG_12B552BA,PAY_B965056D,ACCOUNTS_RECEIVABLE,627400,CREDIT,2026-07-07T09:49:59Z
LDG_2BCC7386,PAY_99D0E2B2,ACCOUNTS_RECEIVABLE,957500,CREDIT,2026-07-06T12:41:29Z
LDG_854A7C3E,PAY_FBCE3C53,ACCOUNTS_RECEIVABLE,1807400,CREDIT,2026-08-18T22:51:49Z
LDG_5469C5A9,PAY_420115B1,ACCOUNTS_RECEIVABLE,555200,CREDIT,2026-07-17T12:31:03Z
LDG_65A511B0,PAY_79697867,ACCOUNTS_RECEIVABLE,1781700,CREDIT,2026-08-30T17:29:40Z
LDG_95E0A298,PAY_BFB59F45,ACCOUNTS_RECEIVABLE,1287800,CREDIT,2026-07-01T04:44:41Z
LDG_4EFA323B,PAY_DCB35A0D,ACCOUNTS_RECEIVABLE,1775700,CREDIT,2026-08-23T06:29:24Z
LDG_27C79C20,PAY_CB1094B6,ACCOUNTS_RECEIVABLE,840600,CREDIT,2026-08-27T23:59:02Z
LDG_29F58B23,PAY_871F7714,ACCOUNTS_RECEIVABLE,736100,CREDIT,2026-08-07T14:36:43Z
LDG_E2F2A3C3,PAY_56BB5185,ACCOUNTS_RECEIVABLE,1186300,CREDIT,2026-07-15T11:57:01Z
LDG_6CA45E26,PAY_768C305F,ACCOUNTS_RECEIVABLE,963100,CREDIT,2026-07-15T08:45:05Z
LDG_403F4926,PAY_87727A5F,ACCOUNTS_RECEIVABLE,912600,CREDIT,2026-08-09T06:38:56Z
LDG_4A6C4BD9,PAY_C5674C85,ACCOUNTS_RECEIVABLE,592300,CREDIT,2026-07-04T19:44:20Z
LDG_AC4E5F5D,PAY_25EAD8BE,ACCOUNTS_RECEIVABLE,46900,CREDIT,2026-08-28T23:32:22Z
LDG_2E127B86,PAY_956B5BCE,ACCOUNTS_RECEIVABLE,80300,CREDIT,2026-07-13T16:38:42Z
LDG_26B750B6,PAY_2BB454F4,ACCOUNTS_RECEIVABLE,655000,CREDIT,2026-07-06T11:46:44Z
LDG_15C01CA6,PAY_F0DCE41C,ACCOUNTS_RECEIVABLE,1416500,CREDIT,2026-09-01T02:09:24Z
LDG_7DC79DAC,PAY_232453E7,ACCOUNTS_RECEIVABLE,885400,CREDIT,2026-08-01T21:42:19Z
LDG_35D56238,PAY_A38695DC,ACCOUNTS_RECEIVABLE,400600,CREDIT,2026-08-28T02:52:09Z
LDG_1E4FE62B,PAY_25C0F636,ACCOUNTS_RECEIVABLE,1042400,CREDIT,2026-07-21T07:03:36Z
LDG_4C84B14B,PAY_4F8003ED,ACCOUNTS_RECEIVABLE,334100,CREDIT,2026-08-03T23:44:49Z
LDG_50381E19,PAY_6A09F1C8,ACCOUNTS_RECEIVABLE,313400,CREDIT,2026-08-15T13:36:08Z
LDG_A14057CD,PAY_09719B91,ACCOUNTS_RECEIVABLE,1642300,CREDIT,2026-07-13T23:24:46Z
LDG_AFD1F1F0,PAY_C7199F58,ACCOUNTS_RECEIVABLE,1945800,CREDIT,2026-08-13T07:13:15Z
LDG_BABE2075,PAY_710BB631,ACCOUNTS_RECEIVABLE,571700,CREDIT,2026-08-10T18:35:13Z
LDG_B366401A,PAY_BBF7ED73,ACCOUNTS_RECEIVABLE,571400,CREDIT,2026-08-30T02:19:35Z
LDG_8339DFE9,PAY_E13C8EC2,ACCOUNTS_RECEIVABLE,162900,CREDIT,2026-08-09T16:41:30Z
LDG_AC8C0D5D,PAY_0D61577B,ACCOUNTS_RECEIVABLE,1614900,CREDIT,2026-08-11T23:27:53Z
LDG_C1C79E41,PAY_2B9A4D5B,ACCOUNTS_RECEIVABLE,1477300,CREDIT,2026-07-31T18:01:59Z
LDG_559E63CE,PAY_3F1A6D7E,ACCOUNTS_RECEIVABLE,1391500,CREDIT,2026-08-19T16:26:06Z
LDG_30EA33D4,PAY_1FDA40B4,ACCOUNTS_RECEIVABLE,532800,CREDIT,2026-07-28T06:44:10Z
LDG_1BA9A2CB,PAY_D28515B2,ACCOUNTS_RECEIVABLE,1152800,CREDIT,2026-07-26T15:01:20Z
LDG_FE76ECEA,PAY_BA112386,ACCOUNTS_RECEIVABLE,1897700,CREDIT,2026-07-06T14:43:10Z
LDG_6E278903,PAY_E69DE9FB,ACCOUNTS_RECEIVABLE,442200,CREDIT,2026-08-23T15:57:58Z
LDG_CFFEA909,PAY_FA8384E0,ACCOUNTS_RECEIVABLE,30000000,CREDIT,2026-07-23T00:11:44Z
LDG_A29C0B79,PAY_1682329F,ACCOUNTS_RECEIVABLE,45100,CREDIT,2026-07-20T01:45:27Z
LDG_E93D9A82,PAY_532E0A28,ACCOUNTS_RECEIVABLE,532800,CREDIT,2026-08-15T16:10:05Z
LDG_2FAA506C,PAY_D47CCF68,ACCOUNTS_RECEIVABLE,1150900,CREDIT,2026-08-06T01:33:38Z
LDG_6AE433B5,PAY_A9A29558,ACCOUNTS_RECEIVABLE,1019400,CREDIT,2026-08-09T06:42:08Z
LDG_4B8C2F6B,PAY_C90360AA,ACCOUNTS_RECEIVABLE,1265700,CREDIT,2026-08-13T23:21:27Z
LDG_6E7B280A,PAY_3F968219,ACCOUNTS_RECEIVABLE,726400,CREDIT,2026-08-12T00:42:05Z
LDG_646383A3,PAY_414105A5,ACCOUNTS_RECEIVABLE,1820900,CREDIT,2026-07-04T23:43:42Z
LDG_22059A15,PAY_2CD3EF5F,ACCOUNTS_RECEIVABLE,1200900,CREDIT,2026-07-12T07:13:55Z
LDG_6E35EC6E,PAY_B8B58E8D,ACCOUNTS_RECEIVABLE,465800,CREDIT,2026-07-20T16:19:37Z
LDG_235D5645,PAY_7F492358,ACCOUNTS_RECEIVABLE,1574600,CREDIT,2026-07-23T14:44:35Z
LDG_BB1F7317,PAY_41D1FD49,ACCOUNTS_RECEIVABLE,367500,CREDIT,2026-08-14T12:46:48Z
LDG_03138270,PAY_7A9FEFC6,ACCOUNTS_RECEIVABLE,416500,CREDIT,2026-08-23T06:14:42Z
LDG_7373EA71,PAY_4E96A6EE,ACCOUNTS_RECEIVABLE,1070100,CREDIT,2026-07-20T03:51:23Z
LDG_A833340A,PAY_4C07EB40,ACCOUNTS_RECEIVABLE,1038100,CREDIT,2026-07-05T08:06:30Z
LDG_18C7CAAE,PAY_5BA0AF3F,ACCOUNTS_RECEIVABLE,833100,CREDIT,2026-08-13T05:01:06Z
LDG_34B67CFD,PAY_5C4808FC,ACCOUNTS_RECEIVABLE,1007500,CREDIT,2026-08-08T11:02:46Z
LDG_40BE3037,PAY_71881C80,ACCOUNTS_RECEIVABLE,1133700,CREDIT,2026-08-01T23:34:01Z
LDG_44AF81B0,PAY_E428202A,ACCOUNTS_RECEIVABLE,847300,CREDIT,2026-07-17T22:13:32Z
LDG_31BF3C23,PAY_BE412E34,ACCOUNTS_RECEIVABLE,15400,CREDIT,2026-08-20T21:55:39Z
LDG_E9C766EA,PAY_4EFE49F7,ACCOUNTS_RECEIVABLE,484800,CREDIT,2026-08-24T21:42:19Z
LDG_29435128,PAY_B9C56A7E,ACCOUNTS_RECEIVABLE,1005800,CREDIT,2026-08-28T14:58:40Z
LDG_66AEEAC0,PAY_1E651962,ACCOUNTS_RECEIVABLE,1647000,CREDIT,2026-08-20T13:28:52Z
LDG_B5735B75,PAY_547CBB6D,ACCOUNTS_RECEIVABLE,1816800,CREDIT,2026-08-15T05:09:54Z
LDG_1CF13B9E,PAY_F43F2CDF,ACCOUNTS_RECEIVABLE,1089700,CREDIT,2026-07-04T21:02:03Z
LDG_14FABC3B,PAY_3B7054CE,ACCOUNTS_RECEIVABLE,1789000,CREDIT,2026-08-25T05:27:14Z
LDG_1D871704,PAY_C716EF2B,ACCOUNTS_RECEIVABLE,1696000,CREDIT,2026-07-07T01:53:42Z
LDG_50AF3477,PAY_7B9F2292,ACCOUNTS_RECEIVABLE,469200,CREDIT,2026-07-04T08:34:33Z
LDG_BC7C22F7,PAY_E308FE3C,ACCOUNTS_RECEIVABLE,661400,CREDIT,2026-08-26T22:30:46Z
LDG_6ADA8942,PAY_D8C6842D,ACCOUNTS_RECEIVABLE,255300,CREDIT,2026-07-28T12:24:16Z
LDG_00132A08,PAY_1A9E24E5,ACCOUNTS_RECEIVABLE,1644200,CREDIT,2026-07-24T11:50:20Z
LDG_B53B16F6,PAY_2BD4DA4E,ACCOUNTS_RECEIVABLE,1140400,CREDIT,2026-08-23T07:25:39Z
LDG_14F5B916,PAY_F1A83786,ACCOUNTS_RECEIVABLE,308800,CREDIT,2026-07-14T17:23:56Z
LDG_792DA360,PAY_63593635,ACCOUNTS_RECEIVABLE,1784300,CREDIT,2026-07-25T03:50:14Z
LDG_9697730B,PAY_0EE4356E,ACCOUNTS_RECEIVABLE,220400,CREDIT,2026-07-22T13:59:59Z
LDG_7BFADD98,PAY_D5B93542,ACCOUNTS_RECEIVABLE,1592600,CREDIT,2026-07-05T15:54:39Z
LDG_427A3D83,PAY_2F9C46B5,ACCOUNTS_RECEIVABLE,1182500,CREDIT,2026-08-14T20:04:12Z
LDG_34FD7595,PAY_43F30DF4,ACCOUNTS_RECEIVABLE,1133200,CREDIT,2026-08-13T23:57:43Z
LDG_BB7A0DE2,PAY_5ABE4D09,ACCOUNTS_RECEIVABLE,1468500,CREDIT,2026-08-17T08:54:50Z
LDG_CBE78D19,PAY_92113D87,ACCOUNTS_RECEIVABLE,922900,CREDIT,2026-07-21T04:08:12Z
LDG_325E9AAC,PAY_CFB87B50,ACCOUNTS_RECEIVABLE,1280900,CREDIT,2026-07-30T09:06:09Z
LDG_29D85EB4,PAY_FB529C1B,ACCOUNTS_RECEIVABLE,1281500,CREDIT,2026-07-05T16:34:23Z
LDG_6D6F0A64,PAY_7A2B2459,ACCOUNTS_RECEIVABLE,558300,CREDIT,2026-09-01T05:42:19Z
LDG_CF0EF944,PAY_E1DA40B4,ACCOUNTS_RECEIVABLE,32100,CREDIT,2026-07-09T16:55:18Z
LDG_E41A61CE,PAY_36AEC91B,ACCOUNTS_RECEIVABLE,962200,CREDIT,2026-07-15T17:29:50Z
LDG_89C92A5A,PAY_77102769,ACCOUNTS_RECEIVABLE,1894600,CREDIT,2026-07-08T00:59:40Z
LDG_CE41A80A,PAY_C0BB183C,ACCOUNTS_RECEIVABLE,278900,CREDIT,2026-07-08T05:47:52Z
LDG_70391259,PAY_DF2883B8,ACCOUNTS_RECEIVABLE,331200,CREDIT,2026-08-10T22:13:36Z
LDG_A0765291,PAY_73EB5BD7,ACCOUNTS_RECEIVABLE,59800,CREDIT,2026-09-01T14:10:09Z
LDG_5AAB1B05,PAY_9392D186,ACCOUNTS_RECEIVABLE,712400,CREDIT,2026-07-22T12:53:56Z
LDG_66BB2BEA,PAY_617E74AB,ACCOUNTS_RECEIVABLE,615800,CREDIT,2026-08-27T07:06:51Z
LDG_29B5E740,PAY_6204AD17,ACCOUNTS_RECEIVABLE,1260700,CREDIT,2026-07-09T05:20:08Z
LDG_053BBA73,PAY_7C7CDBF2,ACCOUNTS_RECEIVABLE,1304300,CREDIT,2026-07-11T22:33:36Z
LDG_E39A16F2,PAY_8EFFB2B8,ACCOUNTS_RECEIVABLE,1183400,CREDIT,2026-08-02T13:21:04Z
LDG_685749FF,PAY_594EF907,ACCOUNTS_RECEIVABLE,1478200,CREDIT,2026-08-11T11:13:13Z
LDG_A7491B8F,PAY_A1CD6184,ACCOUNTS_RECEIVABLE,762400,CREDIT,2026-08-20T23:29:52Z
LDG_FEBD6CAD,PAY_52B3F452,ACCOUNTS_RECEIVABLE,1349300,CREDIT,2026-08-06T06:14:01Z
LDG_FC6659EC,PAY_8D70B8BE,ACCOUNTS_RECEIVABLE,271200,CREDIT,2026-09-01T03:36:27Z
LDG_B2AF1EF8,PAY_F57B9F4C,ACCOUNTS_RECEIVABLE,1688500,CREDIT,2026-08-02T01:42:47Z
LDG_C5FDE539,PAY_59A02CDE,ACCOUNTS_RECEIVABLE,1856900,CREDIT,2026-07-28T10:02:12Z
LDG_ACBD7132,PAY_4A2582DE,ACCOUNTS_RECEIVABLE,1794600,CREDIT,2026-07-06T23:38:32Z
LDG_D0E184B7,PAY_3746D731,ACCOUNTS_RECEIVABLE,466300,CREDIT,2026-08-10T12:31:28Z
LDG_FA58ACE1,PAY_3E27D94E,ACCOUNTS_RECEIVABLE,760800,CREDIT,2026-08-01T05:32:36Z
LDG_0CA4BCA8,PAY_7F5C2BEB,ACCOUNTS_RECEIVABLE,381500,CREDIT,2026-07-06T05:17:08Z
LDG_D0D51A4F,PAY_FDDC74BC,ACCOUNTS_RECEIVABLE,1690500,CREDIT,2026-08-15T22:22:44Z
LDG_81159168,PAY_F62140DD,ACCOUNTS_RECEIVABLE,1348800,CREDIT,2026-08-17T07:26:27Z
LDG_D27609B5,PAY_FA8A9908,ACCOUNTS_RECEIVABLE,377200,CREDIT,2026-07-11T18:24:33Z
LDG_1D848AA2,PAY_6CC3716C,ACCOUNTS_RECEIVABLE,115100,CREDIT,2026-07-27T01:18:13Z
LDG_F43FF1B4,PAY_47206F47,ACCOUNTS_RECEIVABLE,737900,CREDIT,2026-07-24T02:00:22Z
LDG_4D49C2DB,PAY_BF6CD61F,ACCOUNTS_RECEIVABLE,1810600,CREDIT,2026-07-20T22:32:08Z
LDG_93CB22E2,PAY_96D3A37C,ACCOUNTS_RECEIVABLE,1773200,CREDIT,2026-07-23T17:03:52Z
LDG_342F2163,PAY_843BEFB8,ACCOUNTS_RECEIVABLE,627500,CREDIT,2026-08-28T17:27:20Z
LDG_4CB71E09,PAY_7F74E32A,ACCOUNTS_RECEIVABLE,1176200,CREDIT,2026-07-24T01:25:56Z
LDG_73209DB8,PAY_C5483194,ACCOUNTS_RECEIVABLE,887300,CREDIT,2026-08-28T08:25:12Z
LDG_139935B4,PAY_0BAE41FE,ACCOUNTS_RECEIVABLE,802000,CREDIT,2026-07-12T10:20:20Z
LDG_954BA713,PAY_41EFC83B,ACCOUNTS_RECEIVABLE,1748700,CREDIT,2026-08-07T20:07:26Z
LDG_7C0E47D5,PAY_635F7130,ACCOUNTS_RECEIVABLE,50800,CREDIT,2026-07-26T06:54:25Z
LDG_00F19306,PAY_89D3B2B0,ACCOUNTS_RECEIVABLE,952000,CREDIT,2026-07-03T16:23:18Z
LDG_26CE9FB2,PAY_5C1299C0,ACCOUNTS_RECEIVABLE,1891300,CREDIT,2026-08-24T09:41:23Z
LDG_F9ABA8C4,PAY_B0A000C7,ACCOUNTS_RECEIVABLE,241200,CREDIT,2026-07-20T09:56:05Z
LDG_001EC9A5,PAY_C9576487,ACCOUNTS_RECEIVABLE,80900,CREDIT,2026-08-08T03:53:45Z
LDG_EBD69560,PAY_BE99D021,ACCOUNTS_RECEIVABLE,1620100,CREDIT,2026-08-25T03:51:09Z
LDG_037E9791,PAY_6E57551D,ACCOUNTS_RECEIVABLE,1408000,CREDIT,2026-07-21T12:55:31Z
LDG_74B545FE,PAY_1CF5C7C4,ACCOUNTS_RECEIVABLE,92100,CREDIT,2026-08-30T12:39:22Z
LDG_58E00022,PAY_9FB714A0,ACCOUNTS_RECEIVABLE,1134200,CREDIT,2026-07-27T06:37:43Z
LDG_CD1051D0,PAY_7DEF3F64,ACCOUNTS_RECEIVABLE,957700,CREDIT,2026-07-03T23:28:24Z
LDG_5A502E3D,PAY_EE306153,ACCOUNTS_RECEIVABLE,675800,CREDIT,2026-07-26T23:06:22Z
LDG_FF7EB394,PAY_6915C056,ACCOUNTS_RECEIVABLE,1064500,CREDIT,2026-07-27T23:33:01Z
LDG_2C938920,PAY_D3828C2A,ACCOUNTS_RECEIVABLE,777700,CREDIT,2026-07-09T20:21:59Z
LDG_45C45D5C,PAY_4E61C16E,ACCOUNTS_RECEIVABLE,959500,CREDIT,2026-08-13T22:57:47Z
LDG_E6966934,PAY_C596D88F,ACCOUNTS_RECEIVABLE,1768500,CREDIT,2026-07-12T21:50:46Z
LDG_430020AF,PAY_C45AA454,ACCOUNTS_RECEIVABLE,1824800,CREDIT,2026-07-19T22:22:18Z
LDG_D9D213EF,PAY_5E5BAB17,ACCOUNTS_RECEIVABLE,15000000,CREDIT,2026-07-06T18:45:38Z
LDG_0CE46B88,PAY_E9575C95,ACCOUNTS_RECEIVABLE,224200,CREDIT,2026-08-16T02:25:56Z
LDG_03B28395,PAY_0DB49162,ACCOUNTS_RECEIVABLE,481800,CREDIT,2026-07-17T15:22:06Z
LDG_53969287,PAY_C6831CEA,ACCOUNTS_RECEIVABLE,385500,CREDIT,2026-07-20T19:09:31Z
LDG_3C014D3F,PAY_6E1D929C,ACCOUNTS_RECEIVABLE,637100,CREDIT,2026-08-19T08:54:47Z
LDG_ABA2C01F,PAY_1CED3BE5,ACCOUNTS_RECEIVABLE,685900,CREDIT,2026-08-04T12:55:02Z
LDG_7DD89501,PAY_F683B26E,ACCOUNTS_RECEIVABLE,1687400,CREDIT,2026-08-10T01:46:33Z
LDG_322F9925,PAY_C1E7E008,ACCOUNTS_RECEIVABLE,1157600,CREDIT,2026-07-10T18:48:59Z
