payment_id,order_id,merchant_id,amount,currency,status,created_at,reference
PAY_26840E16,ORD_F747B899,MERCH_002,1196400,INR,CAPTURED,2026-08-24T15:07:46Z,REF-PAY_26840E16
PAY_7C23BCB7,ORD_D5F9454C,MERCH_023,1774300,INR,CAPTURED,2026-07-02T14:59:06Z,REF-PAY_7C23BCB7
PAY_9A75B68F,ORD_E5945362,MERCH_043,1476600,INR,CAPTURED,2026-08-15T21:35:28Z,REF-PAY_9A75B68F
PAY_9377FA4D,ORD_B62E90C1,MERCH_020,1498700,INR,CAPTURED,2026-08-23T02:04:07Z,REF-PAY_9377FA4D
PAY_914D6552,ORD_6E2B1F42,MERCH_011,1913600,INR,CAPTURED,2026-08-21T02:54:49Z,REF-PAY_914D6552
PAY_40CFB7F8,ORD_50E0550D,MERCH_003,222500,INR,CAPTURED,2026-07-19T23:42:24Z,REF-PAY_40CFB7F8
PAY_B2424129,ORD_3A46FD10,MERCH_025,1134300,INR,CAPTURED,2026-08-06T16:35:08Z,REF-PAY_B2424129
PAY_AABCA194,ORD_980F6220,MERCH_043,1963000,INR,CAPTURED,2026-07-22T20:40:31Z,REF-PAY_AABCA194
PAY_09DBAE7D,ORD_8B81821F,MERCH_016,1030500,INR,CAPTURED,2026-07-31T16:11:38Z,REF-PAY_09DBAE7D
PAY_D96A64EF,ORD_F5B4144F,MERCH_024,340400,INR,CAPTURED,2026-08-30T18:06:41Z,REF-PAY_D96A64EF
PAY_A5CDF18C,ORD_34A9015B,MERCH_028,586100,INR,CAPTURED,2026-08-25T20:28:33Z,REF-PAY_A5CDF18C
PAY_02968BB7,ORD_0DEDD373,MERCH_026,684200,INR,CAPTURED,2026-07-29T20:46:32Z,REF-PAY_02968BB7
PAY_81DD87C6,ORD_43568BFD,MERCH_012,702300,INR,CAPTURED,2026-07-04T15:14:17Z,REF-PAY_81DD87C6
PAY_8BD58030,ORD_17F92A9E,MERCH_011,190300,INR,CAPTURED,2026-08-29T03:54:17Z,REF-PAY_8BD58030
PAY_0DF54C97,ORD_61A97DB5,MERCH_034,1885100,INR,CAPTURED,2026-08-25T05:13:19Z,REF-PAY_0DF54C97
PAY_80917E9F,ORD_A07974E7,MERCH_042,1892400,INR,CAPTURED,2026-08-18T13:51:50Z,REF-PAY_80917E9F
PAY_93988520,ORD_48641E76,MERCH_009,1356100,INR,CAPTURED,2026-08-12T01:39:47Z,REF-PAY_93988520
PAY_DAB257AC,ORD_A2C44FC1,MERCH_020,733400,INR,CAPTURED,2026-07-01T04:10:52Z,REF-PAY_DAB257AC
PAY_278E6FA2,ORD_3348B80B,MERCH_018,235700,INR,CAPTURED,2026-08-29T06:38:24Z,REF-PAY_278E6FA2
PAY_F9568BB1,ORD_3348B80B,MERCH_018,235700,INR,CAPTURED,2026-08-29T06:38:24Z,REF-PAY_278E6FA2
PAY_7F766190,ORD_76B794B2,MERCH_036,1212300,INR,CAPTURED,2026-08-19T01:48:07Z,REF-PAY_7F766190
PAY_316A163F,ORD_A209DFFA,MERCH_030,1035600,INR,CAPTURED,2026-07-23T16:02:39Z,REF-PAY_316A163F
PAY_BBBFD806,ORD_8168ED96,MERCH_038,725900,INR,CAPTURED,2026-07-01T01:40:33Z,REF-PAY_BBBFD806
PAY_18969029,ORD_F5D4E879,MERCH_032,1738500,INR,CAPTURED,2026-08-08T10:42:59Z,REF-PAY_18969029
PAY_EF312A92,ORD_0214E502,MERCH_049,40300,INR,CAPTURED,2026-07-23T18:18:19Z,REF-PAY_EF312A92
PAY_0B8F7C12,ORD_143C7EB1,MERCH_024,1672200,INR,CAPTURED,2026-08-24T07:48:16Z,REF-PAY_0B8F7C12
PAY_3E2E8B42,ORD_F2439534,MERCH_008,124400,INR,CAPTURED,2026-08-18T03:54:07Z,REF-PAY_3E2E8B42
PAY_BBB2AF68,ORD_AD5FD801,MERCH_034,279300,INR,CAPTURED,2026-07-13T01:51:55Z,REF-PAY_BBB2AF68
PAY_D3574B18,ORD_6B2ED90A,MERCH_001,835400,INR,CAPTURED,2026-08-27T08:09:45Z,REF-PAY_D3574B18
PAY_710195DC,ORD_592C53D7,MERCH_022,1670600,INR,CAPTURED,2026-07-19T19:00:17Z,REF-PAY_710195DC
PAY_DBE27323,ORD_4F978032,MERCH_002,1734300,INR,CAPTURED,2026-08-25T23:49:50Z,REF-PAY_DBE27323
PAY_AAF16CA9,ORD_905880BA,MERCH_031,1572900,INR,CAPTURED,2026-08-17T20:47:57Z,REF-PAY_AAF16CA9
PAY_1C168E6E,ORD_8177F95A,MERCH_002,427800,INR,CAPTURED,2026-08-13T18:18:58Z,REF-PAY_1C168E6E
PAY_47F179EA,ORD_7AA9E96A,MERCH_046,1550000,INR,CAPTURED,2026-07-31T07:16:08Z,REF-PAY_47F179EA
PAY_5895706C,ORD_8A60F3DE,MERCH_024,427800,INR,CAPTURED,2026-07-02T06:46:58Z,REF-PAY_5895706C
PAY_ACCB35E2,ORD_C068AAB3,MERCH_009,916700,INR,CAPTURED,2026-07-25T18:50:22Z,REF-PAY_ACCB35E2
PAY_4FCC85D7,ORD_8BF3D715,MERCH_014,255100,INR,CAPTURED,2026-07-17T22:46:41Z,REF-PAY_4FCC85D7
PAY_F505E5F0,ORD_BE2ADCFC,MERCH_047,1964100,INR,CAPTURED,2026-08-25T11:58:14Z,REF-PAY_F505E5F0
PAY_861DCD6D,ORD_6AD5B0ED,MERCH_030,295000,INR,CAPTURED,2026-08-07T12:57:12Z,REF-PAY_861DCD6D
PAY_DF6807FB,ORD_6906FEEE,MERCH_040,30000000,INR,CAPTURED,2026-08-01T22:27:59Z,REF-PAY_DF6807FB
PAY_7E36025E,ORD_8B3ACE91,MERCH_030,1233200,INR,CAPTURED,2026-07-23T06:45:10Z,REF-PAY_7E36025E
PAY_BA1BA703,ORD_DED29FD5,MERCH_022,1626300,INR,CAPTURED,2026-08-05T14:22:47Z,REF-PAY_BA1BA703
PAY_9A231A75,ORD_6CB90A27,MERCH_048,1970500,INR,CAPTURED,2026-07-01T13:07:11Z,REF-PAY_9A231A75
PAY_A011A2C9,ORD_215CDB07,MERCH_031,1344700,INR,CAPTURED,2026-07-16T16:01:42Z,REF-PAY_A011A2C9
PAY_AD1DDBAF,ORD_215CDB07,MERCH_031,1344700,INR,CAPTURED,2026-07-16T16:01:42Z,REF-PAY_A011A2C9
PAY_A42FAC93,ORD_C3190B9D,MERCH_047,473100,INR,CAPTURED,2026-07-24T08:33:28Z,REF-PAY_A42FAC93
PAY_0862452D,ORD_A22054D8,MERCH_014,1538200,INR,CAPTURED,2026-08-14T11:48:27Z,REF-PAY_0862452D
PAY_7E1C7BA9,ORD_89A9D8C5,MERCH_049,1310000,INR,CAPTURED,2026-08-07T20:05:07Z,REF-PAY_7E1C7BA9
PAY_EB89F0E3,ORD_89A9D8C5,MERCH_049,1310000,INR,CAPTURED,2026-08-07T20:05:07Z,REF-PAY_7E1C7BA9
PAY_4FE294B1,ORD_360D347C,MERCH_008,1349500,INR,CAPTURED,2026-08-20T00:21:14Z,REF-PAY_4FE294B1
PAY_F0CB3755,ORD_CB6DE74F,MERCH_004,1393900,INR,CAPTURED,2026-07-02T06:44:48Z,REF-PAY_F0CB3755
PAY_B4C92F87,ORD_CDBED1FA,MERCH_049,571600,INR,CAPTURED,2026-08-18T06:37:15Z,REF-PAY_B4C92F87
PAY_5E4878A0,ORD_EC688BC1,MERCH_010,162900,INR,CAPTURED,2026-08-24T15:38:44Z,REF-PAY_5E4878A0
PAY_4506B986,ORD_8C37D22B,MERCH_012,60000000,INR,CAPTURED,2026-08-29T21:08:15Z,REF-PAY_4506B986
PAY_A7604DAF,ORD_22E06C46,MERCH_010,730900,INR,CAPTURED,2026-08-18T18:19:29Z,REF-PAY_A7604DAF
PAY_2A2251B7,ORD_4C4F5944,MERCH_024,1356200,INR,CAPTURED,2026-09-01T06:26:54Z,REF-PAY_2A2251B7
PAY_1F0C0F04,ORD_4C4F5944,MERCH_024,1356200,INR,CAPTURED,2026-09-01T06:26:54Z,REF-PAY_2A2251B7
PAY_0E8DE81E,ORD_7BCBA549,MERCH_048,689900,INR,CAPTURED,2026-08-19T03:56:27Z,REF-PAY_0E8DE81E
PAY_A96FFECE,ORD_0070C0AE,MERCH_013,1526600,INR,CAPTURED,2026-08-14T07:29:28Z,REF-PAY_A96FFECE
PAY_D25D667E,ORD_0F8F884A,MERCH_016,991700,INR,CAPTURED,2026-08-11T17:08:23Z,REF-PAY_D25D667E
PAY_168FE321,ORD_5BA260C0,MERCH_015,220500,INR,CAPTURED,2026-07-05T10:53:57Z,REF-PAY_168FE321
PAY_70C3377E,ORD_527BD734,MERCH_011,380800,INR,CAPTURED,2026-07-25T14:26:28Z,REF-PAY_70C3377E
PAY_7B539325,ORD_812D718F,MERCH_008,1949500,INR,CAPTURED,2026-07-24T04:45:47Z,REF-PAY_7B539325
PAY_AE36AB42,ORD_5112FC50,MERCH_004,1770100,INR,CAPTURED,2026-07-01T17:23:51Z,REF-PAY_AE36AB42
PAY_0671F73B,ORD_041F99FF,MERCH_031,833700,INR,CAPTURED,2026-08-11T06:59:03Z,REF-PAY_0671F73B
PAY_9301ECB7,ORD_5CF1A36B,MERCH_049,295400,INR,CAPTURED,2026-08-21T03:42:42Z,REF-PAY_9301ECB7
PAY_DC40D990,ORD_3A3554CE,MERCH_013,530100,INR,CAPTURED,2026-07-25T14:09:01Z,REF-PAY_DC40D990
PAY_EF9B86B4,ORD_0F7B527A,MERCH_016,729100,INR,CAPTURED,2026-08-27T02:05:56Z,REF-PAY_EF9B86B4
PAY_E4020035,ORD_21B1E00B,MERCH_019,532100,INR,CAPTURED,2026-07-22T11:06:19Z,REF-PAY_E4020035
PAY_E7E3A1F8,ORD_A6C8B0D5,MERCH_024,1197900,INR,CAPTURED,2026-08-04T21:51:01Z,REF-PAY_E7E3A1F8
PAY_FAA4CC3D,ORD_9C3C55B0,MERCH_038,627800,INR,CAPTURED,2026-07-27T23:12:23Z,REF-PAY_FAA4CC3D
PAY_90258050,ORD_DA95F89E,MERCH_043,892200,INR,CAPTURED,2026-07-10T10:31:22Z,REF-PAY_90258050
PAY_A1F277D7,ORD_E4334586,MERCH_019,1066700,INR,CAPTURED,2026-08-13T15:51:11Z,REF-PAY_A1F277D7
PAY_6412DBE5,ORD_E4334586,MERCH_019,1066700,INR,CAPTURED,2026-08-13T15:51:11Z,REF-PAY_A1F277D7
PAY_980F64FB,ORD_A922311F,MERCH_049,125800,INR,CAPTURED,2026-07-19T12:22:00Z,REF-PAY_980F64FB
PAY_F1BF39C8,ORD_6B756C43,MERCH_049,1874400,INR,CAPTURED,2026-07-23T10:48:02Z,REF-PAY_F1BF39C8
PAY_568504D8,ORD_C7BF70AE,MERCH_025,1570900,INR,CAPTURED,2026-08-19T02:05:02Z,REF-PAY_568504D8
PAY_99FA1737,ORD_C7BF70AE,MERCH_025,1570900,INR,CAPTURED,2026-08-19T02:05:02Z,REF-PAY_568504D8
PAY_8AC1FD38,ORD_62C65E61,MERCH_020,1766500,INR,CAPTURED,2026-07-15T23:12:23Z,REF-PAY_8AC1FD38
PAY_731678BD,ORD_8BABCDEC,MERCH_017,504900,INR,CAPTURED,2026-07-27T20:36:00Z,REF-PAY_731678BD
PAY_5E3CFA6F,ORD_9528C71C,MERCH_047,677800,INR,CAPTURED,2026-08-10T00:19:37Z,REF-PAY_5E3CFA6F
PAY_1569D87F,ORD_6CA136C5,MERCH_021,1005000,INR,CAPTURED,2026-07-29T23:22:58Z,REF-PAY_1569D87F
PAY_605A00C3,ORD_14D47609,MERCH_025,1628300,INR,CAPTURED,2026-08-06T09:12:01Z,REF-PAY_605A00C3
PAY_F72B7D5A,ORD_BAAA6439,MERCH_037,285600,INR,CAPTURED,2026-08-22T09:39:06Z,REF-PAY_F72B7D5A
PAY_7F4F31C2,ORD_4BB21AE9,MERCH_019,1391500,INR,CAPTURED,2026-07-03T09:53:12Z,REF-PAY_7F4F31C2
PAY_65BA6516,ORD_21993A15,MERCH_026,1008600,INR,CAPTURED,2026-08-16T16:55:19Z,REF-PAY_65BA6516
PAY_9E605AF2,ORD_B50744D2,MERCH_014,1560100,INR,CAPTURED,2026-07-10T08:37:05Z,REF-PAY_9E605AF2
PAY_83AE05A6,ORD_7B8D24C4,MERCH_017,1303800,INR,CAPTURED,2026-07-19T08:33:12Z,REF-PAY_83AE05A6
PAY_9F3E21A0,ORD_275B0079,MERCH_048,1266100,INR,CAPTURED,2026-08-05T06:47:01Z,REF-PAY_9F3E21A0
PAY_B0FC3627,ORD_B7C10763,MERCH_019,30000000,INR,CAPTURED,2026-07-23T15:10:12Z,REF-PAY_B0FC3627
PAY_59F239EC,ORD_8512A31B,MERCH_049,284900,INR,CAPTURED,2026-08-21T13:02:05Z,REF-PAY_59F239EC
PAY_8C1FC9B5,ORD_1E34684C,MERCH_025,781800,INR,CAPTURED,2026-08-11T15:33:52Z,REF-PAY_8C1FC9B5
PAY_0E0F4C93,ORD_1E34684C,MERCH_025,781800,INR,CAPTURED,2026-08-11T15:33:52Z,REF-PAY_8C1FC9B5
PAY_AB74B137,ORD_9CEF3B7F,MERCH_010,1773700,INR,CAPTURED,2026-07-31T14:26:05Z,REF-PAY_AB74B137
PAY_CFA71C92,ORD_5E67E50D,MERCH_048,425500,INR,CAPTURED,2026-07-01T09:21:07Z,REF-PAY_CFA71C92
PAY_512DAAF5,ORD_1ADD5C2F,MERCH_017,269000,INR,CAPTURED,2026-07-21T22:13:48Z,REF-PAY_512DAAF5
PAY_951B552C,ORD_DFDB0F93,MERCH_033,1060900,INR,CAPTURED,2026-08-13T13:37:41Z,REF-PAY_951B552C
PAY_7DB0D480,ORD_E3940EF7,MERCH_017,480700,INR,CAPTURED,2026-08-25T21:35:59Z,REF-PAY_7DB0D480
PAY_EE07161D,ORD_89B101A4,MERCH_016,1186900,INR,CAPTURED,2026-09-01T17:30:23Z,REF-PAY_EE07161D
PAY_845F2801,ORD_E329A330,MERCH_040,1077700,INR,CAPTURED,2026-07-11T02:02:30Z,REF-PAY_845F2801
PAY_E87E251A,ORD_6A7A5C83,MERCH_047,1957600,INR,CAPTURED,2026-08-05T11:20:29Z,REF-PAY_E87E251A
PAY_D3E8D5FF,ORD_0E473182,MERCH_012,1215800,INR,CAPTURED,2026-07-12T15:33:51Z,REF-PAY_D3E8D5FF
PAY_47BCC5A6,ORD_B193B2BD,MERCH_016,111100,INR,CAPTURED,2026-07-23T08:22:16Z,REF-PAY_47BCC5A6
PAY_B3B240DF,ORD_509355F3,MERCH_011,306900,INR,CAPTURED,2026-07-22T00:52:01Z,REF-PAY_B3B240DF
PAY_012B2F21,ORD_4751415B,MERCH_040,1025300,INR,CAPTURED,2026-07-27T18:04:07Z,REF-PAY_012B2F21
PAY_F6AAA636,ORD_F19D194C,MERCH_011,1833900,INR,CAPTURED,2026-08-03T06:37:27Z,REF-PAY_F6AAA636
PAY_FEB4C78A,ORD_0CBD7250,MERCH_026,512500,INR,CAPTURED,2026-08-29T01:37:48Z,REF-PAY_FEB4C78A
PAY_93BAF51E,ORD_543E1F82,MERCH_015,1649400,INR,CAPTURED,2026-08-25T14:05:17Z,REF-PAY_93BAF51E
PAY_47DAA882,ORD_439250C3,MERCH_039,975700,INR,CAPTURED,2026-08-27T17:16:32Z,REF-PAY_47DAA882
PAY_AA4E8624,ORD_3DC22D7C,MERCH_032,128000,INR,CAPTURED,2026-08-11T04:42:38Z,REF-PAY_AA4E8624
PAY_F4EB2343,ORD_1705A22A,MERCH_038,279800,INR,CAPTURED,2026-08-09T01:15:04Z,REF-PAY_F4EB2343
PAY_9669422E,ORD_2C92E05C,MERCH_018,1592300,INR,CAPTURED,2026-08-14T00:43:07Z,REF-PAY_9669422E
PAY_ABE8395E,ORD_381A8EA4,MERCH_005,1934100,INR,CAPTURED,2026-07-05T07:12:01Z,REF-PAY_ABE8395E
PAY_571C10BC,ORD_AB1C7C88,MERCH_008,289400,INR,CAPTURED,2026-07-21T18:05:50Z,REF-PAY_571C10BC
PAY_91866A5A,ORD_2994C4D3,MERCH_042,1851000,INR,CAPTURED,2026-07-13T08:14:50Z,REF-PAY_91866A5A
PAY_6DE44FA2,ORD_30521CEA,MERCH_004,955700,INR,CAPTURED,2026-07-16T18:19:40Z,REF-PAY_6DE44FA2
PAY_5EA12F5E,ORD_D142274F,MERCH_007,361300,INR,CAPTURED,2026-07-18T11:34:01Z,REF-PAY_5EA12F5E
PAY_C2162F85,ORD_2EE0111A,MERCH_033,673600,INR,CAPTURED,2026-08-09T01:51:24Z,REF-PAY_C2162F85
PAY_F2C0B71B,ORD_5451174E,MERCH_043,42800,INR,CAPTURED,2026-08-20T05:08:42Z,REF-PAY_F2C0B71B
PAY_3D102FDD,ORD_5451174E,MERCH_043,42800,INR,CAPTURED,2026-08-20T05:08:42Z,REF-PAY_F2C0B71B
PAY_B5CBFD8D,ORD_D8BA2BE7,MERCH_035,1358400,INR,CAPTURED,2026-07-11T15:12:07Z,REF-PAY_B5CBFD8D
PAY_005F1AB3,ORD_3EA7498B,MERCH_012,1065000,INR,CAPTURED,2026-09-01T17:31:21Z,REF-PAY_005F1AB3
PAY_7028FAC1,ORD_E9838A14,MERCH_043,975100,INR,CAPTURED,2026-07-26T11:15:41Z,REF-PAY_7028FAC1
PAY_210A3291,ORD_ADC8A8F0,MERCH_034,953300,INR,CAPTURED,2026-07-16T11:41:27Z,REF-PAY_210A3291
PAY_E86160F6,ORD_4C91D5FE,MERCH_007,738200,INR,CAPTURED,2026-08-08T00:47:43Z,REF-PAY_E86160F6
PAY_87EA6A76,ORD_04627196,MERCH_008,1666700,INR,CAPTURED,2026-08-20T10:14:22Z,REF-PAY_87EA6A76
PAY_B3BA1850,ORD_B7CBC987,MERCH_042,851100,INR,CAPTURED,2026-07-31T22:08:44Z,REF-PAY_B3BA1850
PAY_03EF2E4C,ORD_98CEF282,MERCH_002,989700,INR,CAPTURED,2026-07-12T06:49:17Z,REF-PAY_03EF2E4C
PAY_C7B1C286,ORD_DA9FBBFD,MERCH_001,1755800,INR,CAPTURED,2026-07-31T05:06:17Z,REF-PAY_C7B1C286
PAY_2CD4C6F0,ORD_428C62F6,MERCH_027,1497800,INR,CAPTURED,2026-07-09T04:30:24Z,REF-PAY_2CD4C6F0
PAY_970DEDCF,ORD_746B8737,MERCH_026,1098600,INR,CAPTURED,2026-08-02T14:21:28Z,REF-PAY_970DEDCF
PAY_27894EF1,ORD_3C05F6A3,MERCH_035,615000,INR,CAPTURED,2026-07-31T15:07:58Z,REF-PAY_27894EF1
PAY_31DBD9BE,ORD_2CF7CD4E,MERCH_003,224500,INR,CAPTURED,2026-07-16T06:26:55Z,REF-PAY_31DBD9BE
PAY_C3B0DC64,ORD_650B54BA,MERCH_016,889600,INR,CAPTURED,2026-07-15T02:47:54Z,REF-PAY_C3B0DC64
PAY_3A4D4E05,ORD_A83006C8,MERCH_018,1697000,INR,CAPTURED,2026-07-11T16:32:34Z,REF-PAY_3A4D4E05
PAY_CBF78245,ORD_ACFAB9B5,MERCH_016,1997300,INR,CAPTURED,2026-08-01T11:34:21Z,REF-PAY_CBF78245
PAY_490AF571,ORD_ACFAB9B5,MERCH_016,1997300,INR,CAPTURED,2026-08-01T11:34:21Z,REF-PAY_CBF78245
PAY_6B4B15E2,ORD_389664DC,MERCH_032,1910600,INR,CAPTURED,2026-08-17T08:48:59Z,REF-PAY_6B4B15E2
PAY_16118BF3,ORD_60C7BE30,MERCH_012,1435700,INR,CAPTURED,2026-08-02T01:36:17Z,REF-PAY_16118BF3
PAY_DC282B8A,ORD_D2D3ADC1,MERCH_013,1833900,INR,CAPTURED,2026-07-13T00:15:25Z,REF-PAY_DC282B8A
PAY_375B3E28,ORD_5E0D71A2,MERCH_030,170300,INR,CAPTURED,2026-07-05T14:01:18Z,REF-PAY_375B3E28
PAY_09B6DDD9,ORD_9087CEE2,MERCH_035,471200,INR,CAPTURED,2026-07-16T10:56:37Z,REF-PAY_09B6DDD9
PAY_259946B1,ORD_04B8D5EC,MERCH_048,1693900,INR,CAPTURED,2026-08-22T11:51:43Z,REF-PAY_259946B1
PAY_80D4729E,ORD_5DFBF1A4,MERCH_028,83800,INR,CAPTURED,2026-07-05T03:29:14Z,REF-PAY_80D4729E
PAY_47A8B830,ORD_3FD4BEEC,MERCH_008,1521800,INR,CAPTURED,2026-07-27T21:51:39Z,REF-PAY_47A8B830
PAY_F0C2FCAF,ORD_F18BF102,MERCH_027,57400,INR,CAPTURED,2026-08-09T08:52:58Z,REF-PAY_F0C2FCAF
PAY_EC5B442E,ORD_D5D11527,MERCH_043,88200,INR,CAPTURED,2026-08-14T02:44:33Z,REF-PAY_EC5B442E
PAY_9EBDACD8,ORD_40E1C400,MERCH_004,562600,INR,CAPTURED,2026-08-04T01:23:02Z,REF-PAY_9EBDACD8
PAY_5126EA68,ORD_C9E211D2,MERCH_009,543200,INR,CAPTURED,2026-07-19T08:15:12Z,REF-PAY_5126EA68
PAY_0F2281EB,ORD_CD257013,MERCH_031,30000000,INR,CAPTURED,2026-07-26T18:24:02Z,REF-PAY_0F2281EB
PAY_06C9A682,ORD_DD7313E2,MERCH_010,1611800,INR,CAPTURED,2026-08-27T02:57:18Z,REF-PAY_06C9A682
PAY_9FDE5C38,ORD_8566BD5A,MERCH_017,488200,INR,CAPTURED,2026-08-15T04:11:16Z,REF-PAY_9FDE5C38
PAY_237DD0EE,ORD_CCE275E0,MERCH_003,1157100,INR,CAPTURED,2026-08-04T03:06:16Z,REF-PAY_237DD0EE
PAY_D45F0CA9,ORD_0B8E4496,MERCH_040,1173900,INR,CAPTURED,2026-07-15T01:33:24Z,REF-PAY_D45F0CA9
PAY_BEA98110,ORD_0B8E4496,MERCH_040,1173900,INR,CAPTURED,2026-07-15T01:33:24Z,REF-PAY_D45F0CA9
PAY_86BFD7E4,ORD_B798AB9E,MERCH_040,557000,INR,CAPTURED,2026-08-27T07:37:47Z,REF-PAY_86BFD7E4
PAY_521C40EF,ORD_0A5DE9D0,MERCH_017,1449800,INR,CAPTURED,2026-08-20T02:03:20Z,REF-PAY_521C40EF
PAY_900C3EC6,ORD_98AC7873,MERCH_024,624300,INR,CAPTURED,2026-07-30T23:56:49Z,REF-PAY_900C3EC6
PAY_936DAF96,ORD_A0DECF9F,MERCH_029,30000000,INR,CAPTURED,2026-07-06T16:19:34Z,REF-PAY_936DAF96
PAY_A4A9DE16,ORD_0CF44F92,MERCH_044,645500,INR,CAPTURED,2026-08-26T17:28:00Z,REF-PAY_A4A9DE16
PAY_DC87E617,ORD_60D02E82,MERCH_037,30000000,INR,CAPTURED,2026-07-10T22:10:48Z,REF-PAY_DC87E617
PAY_98D72297,ORD_33E3A4D8,MERCH_045,1171000,INR,CAPTURED,2026-07-12T04:49:53Z,REF-PAY_98D72297
PAY_57A4DEE9,ORD_AEACBFF6,MERCH_016,902000,INR,CAPTURED,2026-07-07T05:22:12Z,REF-PAY_57A4DEE9
PAY_B7486372,ORD_677946B7,MERCH_041,15000000,INR,CAPTURED,2026-09-01T00:07:12Z,REF-PAY_B7486372
PAY_9313ADFC,ORD_49EE1D8C,MERCH_028,1034400,INR,CAPTURED,2026-08-21T08:30:22Z,REF-PAY_9313ADFC
PAY_78965C4F,ORD_820DA644,MERCH_032,516100,INR,CAPTURED,2026-07-04T13:06:40Z,REF-PAY_78965C4F
PAY_4E644992,ORD_8F5519E5,MERCH_023,5500000,INR,CAPTURED,2026-07-12T23:27:54Z,REF-PAY_4E644992
PAY_2BDCE56A,ORD_DFDD481D,MERCH_011,933700,INR,CAPTURED,2026-08-27T10:58:12Z,REF-PAY_2BDCE56A
PAY_6985C443,ORD_EE33E7AA,MERCH_018,1978500,INR,CAPTURED,2026-08-26T17:15:08Z,REF-PAY_6985C443
PAY_EAE9FD23,ORD_415EEF77,MERCH_044,1206800,INR,CAPTURED,2026-08-29T05:56:08Z,REF-PAY_EAE9FD23
PAY_A2BA5166,ORD_D62A27F6,MERCH_042,1952900,INR,CAPTURED,2026-08-26T09:54:57Z,REF-PAY_A2BA5166
PAY_B54FD1FA,ORD_B19AD544,MERCH_045,748600,INR,CAPTURED,2026-08-30T14:17:19Z,REF-PAY_B54FD1FA
PAY_7818B4FA,ORD_863626FE,MERCH_018,512600,INR,CAPTURED,2026-07-22T13:55:34Z,REF-PAY_7818B4FA
PAY_86B1422F,ORD_0832BB88,MERCH_005,485600,INR,CAPTURED,2026-09-01T09:39:14Z,REF-PAY_86B1422F
PAY_0A095F5C,ORD_8DD9DE07,MERCH_028,966300,INR,CAPTURED,2026-08-14T21:31:58Z,REF-PAY_0A095F5C
PAY_34B28C87,ORD_EEE8D6E9,MERCH_028,1688500,INR,CAPTURED,2026-08-26T04:25:49Z,REF-PAY_34B28C87
PAY_6232BAA5,ORD_ECC269CB,MERCH_007,411200,INR,CAPTURED,2026-08-04T00:27:35Z,REF-PAY_6232BAA5
PAY_3428FA34,ORD_C6ED7A7C,MERCH_032,278400,INR,CAPTURED,2026-07-15T06:19:46Z,REF-PAY_3428FA34
PAY_4368F2FB,ORD_792880E3,MERCH_044,193100,INR,CAPTURED,2026-08-14T18:38:01Z,REF-PAY_4368F2FB
PAY_49C3B406,ORD_C3C6E957,MERCH_011,1478000,INR,CAPTURED,2026-07-29T21:05:48Z,REF-PAY_49C3B406
PAY_8DEE962C,ORD_012F1172,MERCH_037,301300,INR,CAPTURED,2026-08-11T17:26:25Z,REF-PAY_8DEE962C
PAY_30663AEB,ORD_2A2E8C9E,MERCH_039,477800,INR,CAPTURED,2026-07-29T06:06:15Z,REF-PAY_30663AEB
PAY_B51EA5CB,ORD_04070574,MERCH_029,686400,INR,CAPTURED,2026-08-24T18:04:16Z,REF-PAY_B51EA5CB
PAY_523E32C0,ORD_9A2C37FB,MERCH_049,208300,INR,CAPTURED,2026-07-20T16:24:27Z,REF-PAY_523E32C0
PAY_460976CE,ORD_A179D99D,MERCH_043,574600,INR,CAPTURED,2026-08-18T19:56:11Z,REF-PAY_460976CE
PAY_F47D7049,ORD_96EC52D3,MERCH_021,1513300,INR,CAPTURED,2026-08-04T17:11:50Z,REF-PAY_F47D7049
PAY_17B502FE,ORD_859CEBD3,MERCH_026,850700,INR,CAPTURED,2026-07-02T10:07:43Z,REF-PAY_17B502FE
PAY_F6BEBDAA,ORD_0754418D,MERCH_012,691700,INR,CAPTURED,2026-07-01T03:37:46Z,REF-PAY_F6BEBDAA
PAY_853D5052,ORD_96FF8CB5,MERCH_012,600000,INR,CAPTURED,2026-08-31T13:01:40Z,REF-PAY_853D5052
PAY_1414A4C7,ORD_C2F97311,MERCH_031,1744100,INR,CAPTURED,2026-08-13T09:12:33Z,REF-PAY_1414A4C7
PAY_2A165BDC,ORD_B56152C6,MERCH_028,1680800,INR,CAPTURED,2026-07-03T17:38:55Z,REF-PAY_2A165BDC
PAY_59BCA6BF,ORD_51824D99,MERCH_024,1452200,INR,CAPTURED,2026-07-05T12:13:27Z,REF-PAY_59BCA6BF
PAY_F658B058,ORD_23376213,MERCH_018,1172400,INR,CAPTURED,2026-07-18T12:45:37Z,REF-PAY_F658B058
PAY_145C3D67,ORD_868FE8B5,MERCH_036,36700,INR,CAPTURED,2026-08-05T03:03:27Z,REF-PAY_145C3D67
PAY_EE3513BF,ORD_F696E9C6,MERCH_015,1954200,INR,CAPTURED,2026-07-10T22:49:49Z,REF-PAY_EE3513BF
PAY_6791816B,ORD_183F09BF,MERCH_003,1757900,INR,CAPTURED,2026-08-07T19:26:09Z,REF-PAY_6791816B
PAY_8E624A94,ORD_7032FFC3,MERCH_046,15000000,INR,CAPTURED,2026-07-17T20:18:59Z,REF-PAY_8E624A94
PAY_2423C0DD,ORD_55F99D34,MERCH_023,524300,INR,CAPTURED,2026-07-26T20:58:02Z,REF-PAY_2423C0DD
PAY_AE080AFF,ORD_47FC0095,MERCH_044,713700,INR,CAPTURED,2026-08-22T00:24:25Z,REF-PAY_AE080AFF
PAY_086E2E07,ORD_FA2F13BE,MERCH_005,1856900,INR,CAPTURED,2026-07-22T19:59:50Z,REF-PAY_086E2E07
PAY_2CBC1342,ORD_80BFF3C3,MERCH_017,792900,INR,CAPTURED,2026-08-17T07:47:16Z,REF-PAY_2CBC1342
PAY_0BFF0F02,ORD_CF1AA15F,MERCH_035,72400,INR,CAPTURED,2026-07-10T20:56:03Z,REF-PAY_0BFF0F02
PAY_D0E25F1E,ORD_8BFBC177,MERCH_015,1965800,INR,CAPTURED,2026-08-08T12:20:59Z,REF-PAY_D0E25F1E
PAY_C33DEB55,ORD_F29E9179,MERCH_022,350500,INR,CAPTURED,2026-09-01T00:22:14Z,REF-PAY_C33DEB55
PAY_D88C3E62,ORD_0FCAF97B,MERCH_015,1746700,INR,CAPTURED,2026-08-27T16:35:08Z,REF-PAY_D88C3E62
PAY_192C6094,ORD_D18BFA53,MERCH_011,1545300,INR,CAPTURED,2026-08-27T03:09:43Z,REF-PAY_192C6094
PAY_C0BA10E8,ORD_73A436CE,MERCH_048,1792800,INR,CAPTURED,2026-08-15T22:41:23Z,REF-PAY_C0BA10E8
PAY_67D461C3,ORD_F629F551,MERCH_003,457200,INR,CAPTURED,2026-07-24T18:56:24Z,REF-PAY_67D461C3
PAY_3B7025A0,ORD_3AB7000C,MERCH_010,1757100,INR,CAPTURED,2026-08-17T18:55:38Z,REF-PAY_3B7025A0
PAY_F98F5BC2,ORD_8E84343E,MERCH_021,1573900,INR,CAPTURED,2026-08-17T04:31:54Z,REF-PAY_F98F5BC2
PAY_F8C4021A,ORD_5486EE45,MERCH_011,1433600,INR,CAPTURED,2026-07-19T18:03:50Z,REF-PAY_F8C4021A
PAY_EE44B4C1,ORD_81715304,MERCH_006,496200,INR,CAPTURED,2026-08-17T03:46:02Z,REF-PAY_EE44B4C1
PAY_F514AFA5,ORD_91E9BB81,MERCH_041,82500,INR,CAPTURED,2026-08-06T06:19:39Z,REF-PAY_F514AFA5
PAY_6FAED5E3,ORD_91E9BB81,MERCH_041,82500,INR,CAPTURED,2026-08-06T06:19:39Z,REF-PAY_F514AFA5
PAY_D3FBC4C0,ORD_65394C70,MERCH_012,903300,INR,CAPTURED,2026-09-01T07:35:35Z,REF-PAY_D3FBC4C0
PAY_4AA4A778,ORD_A3A6232D,MERCH_032,15000000,INR,CAPTURED,2026-08-26T17:28:22Z,REF-PAY_4AA4A778
PAY_97AA2C6D,ORD_7B63B76B,MERCH_027,503700,INR,CAPTURED,2026-07-29T22:54:26Z,REF-PAY_97AA2C6D
PAY_2148786E,ORD_17B63E6C,MERCH_006,809000,INR,CAPTURED,2026-08-19T13:16:42Z,REF-PAY_2148786E
PAY_069C2068,ORD_823B5D72,MERCH_009,1143600,INR,CAPTURED,2026-08-03T21:33:37Z,REF-PAY_069C2068
PAY_1075A0FE,ORD_A950661C,MERCH_044,970800,INR,CAPTURED,2026-07-25T11:39:18Z,REF-PAY_1075A0FE
PAY_0608DD81,ORD_9EB17592,MERCH_042,208000,INR,CAPTURED,2026-08-17T20:49:39Z,REF-PAY_0608DD81
PAY_63E21DDA,ORD_6644FDE8,MERCH_042,492600,INR,CAPTURED,2026-08-07T22:37:57Z,REF-PAY_63E21DDA
PAY_5172FA9D,ORD_ED9B054E,MERCH_021,256900,INR,CAPTURED,2026-08-13T01:56:58Z,REF-PAY_5172FA9D
PAY_7CC3C540,ORD_C2FE1300,MERCH_030,1430800,INR,CAPTURED,2026-08-14T10:45:35Z,REF-PAY_7CC3C540
PAY_736E43A9,ORD_821385E2,MERCH_010,830400,INR,CAPTURED,2026-08-06T08:08:15Z,REF-PAY_736E43A9
PAY_C8DDA744,ORD_F55AEB68,MERCH_040,1822000,INR,CAPTURED,2026-08-24T07:00:36Z,REF-PAY_C8DDA744
PAY_8788303A,ORD_533933D5,MERCH_020,711400,INR,CAPTURED,2026-07-09T08:54:00Z,REF-PAY_8788303A
PAY_85DE4E83,ORD_533933D5,MERCH_020,711400,INR,CAPTURED,2026-07-09T08:54:00Z,REF-PAY_8788303A
PAY_E7A281BB,ORD_89AF7A4C,MERCH_038,67000,INR,CAPTURED,2026-07-16T07:11:47Z,REF-PAY_E7A281BB
PAY_6B55094E,ORD_F74E6F7B,MERCH_030,1704100,INR,CAPTURED,2026-08-28T12:03:18Z,REF-PAY_6B55094E
PAY_75C80EF6,ORD_97C3F020,MERCH_043,189000,INR,CAPTURED,2026-08-14T09:51:43Z,REF-PAY_75C80EF6
PAY_25B1859D,ORD_A2B5CB4A,MERCH_043,704400,INR,CAPTURED,2026-08-08T04:42:35Z,REF-PAY_25B1859D
PAY_AD9ACDDD,ORD_393260BB,MERCH_048,175200,INR,CAPTURED,2026-08-21T16:35:45Z,REF-PAY_AD9ACDDD
PAY_BEDEF7EC,ORD_33F91FB3,MERCH_002,1670900,INR,CAPTURED,2026-08-16T09:55:49Z,REF-PAY_BEDEF7EC
PAY_55DE200B,ORD_7F66E99A,MERCH_015,1122300,INR,CAPTURED,2026-08-03T04:27:42Z,REF-PAY_55DE200B
PAY_2533C048,ORD_FEB27089,MERCH_005,1407800,INR,CAPTURED,2026-08-09T13:46:37Z,REF-PAY_2533C048
PAY_99F34AA2,ORD_E333C731,MERCH_025,60000000,INR,CAPTURED,2026-08-25T14:01:54Z,REF-PAY_99F34AA2
PAY_48FA1AE1,ORD_0B76C05B,MERCH_043,1966400,INR,CAPTURED,2026-07-03T06:01:45Z,REF-PAY_48FA1AE1
PAY_4FBF0B91,ORD_8493A681,MERCH_014,1971500,INR,CAPTURED,2026-08-06T16:55:04Z,REF-PAY_4FBF0B91
PAY_DC7F0DB3,ORD_A0DB3BB9,MERCH_045,1373900,INR,CAPTURED,2026-07-11T07:26:07Z,REF-PAY_DC7F0DB3
PAY_8EB5B5B7,ORD_476C761A,MERCH_033,1568200,INR,CAPTURED,2026-08-11T01:34:13Z,REF-PAY_8EB5B5B7
PAY_9A814712,ORD_5250D103,MERCH_024,1228900,INR,CAPTURED,2026-08-06T10:51:11Z,REF-PAY_9A814712
PAY_5274F264,ORD_2C361510,MERCH_041,1620900,INR,CAPTURED,2026-08-07T10:42:42Z,REF-PAY_5274F264
PAY_F7421E47,ORD_DB5BC571,MERCH_018,1127000,INR,CAPTURED,2026-08-23T12:58:25Z,REF-PAY_F7421E47
PAY_6CCAA037,ORD_129C6520,MERCH_008,272200,INR,CAPTURED,2026-08-18T03:01:24Z,REF-PAY_6CCAA037
PAY_E49FD83A,ORD_15CB0594,MERCH_009,70600,INR,CAPTURED,2026-07-02T02:55:37Z,REF-PAY_E49FD83A
PAY_8729197B,ORD_127F5B99,MERCH_002,1604900,INR,CAPTURED,2026-07-15T14:48:27Z,REF-PAY_8729197B
PAY_574AE6CE,ORD_3EFFD9CE,MERCH_029,406400,INR,CAPTURED,2026-08-07T08:34:22Z,REF-PAY_574AE6CE
PAY_9BCF9EDE,ORD_1BDC16C7,MERCH_006,1900800,INR,CAPTURED,2026-07-02T20:52:57Z,REF-PAY_9BCF9EDE
PAY_55ACB2E0,ORD_5F65E378,MERCH_032,934700,INR,CAPTURED,2026-08-09T23:29:51Z,REF-PAY_55ACB2E0
PAY_D8AE4534,ORD_20AD1B14,MERCH_031,1233200,INR,CAPTURED,2026-07-14T19:22:08Z,REF-PAY_D8AE4534
PAY_F983CD3F,ORD_532BB98B,MERCH_006,1847800,INR,CAPTURED,2026-08-01T17:24:38Z,REF-PAY_F983CD3F
PAY_37A47FEA,ORD_C9BDEAF9,MERCH_006,1866800,INR,CAPTURED,2026-08-15T21:30:38Z,REF-PAY_37A47FEA
PAY_A7F1497D,ORD_2311A22B,MERCH_025,290700,INR,CAPTURED,2026-07-27T00:14:01Z,REF-PAY_A7F1497D
PAY_3172325D,ORD_E8CD6068,MERCH_012,662400,INR,CAPTURED,2026-08-11T02:39:34Z,REF-PAY_3172325D
PAY_C3A84B54,ORD_E8975832,MERCH_025,1095100,INR,CAPTURED,2026-07-28T08:35:29Z,REF-PAY_C3A84B54
PAY_9DFAA496,ORD_C53E18DF,MERCH_003,60000000,INR,CAPTURED,2026-07-09T08:31:10Z,REF-PAY_9DFAA496
PAY_C431C133,ORD_F4EFECA5,MERCH_006,241800,INR,CAPTURED,2026-07-22T23:06:27Z,REF-PAY_C431C133
PAY_42DB04AC,ORD_AD05812E,MERCH_017,1603200,INR,CAPTURED,2026-08-04T18:52:04Z,REF-PAY_42DB04AC
PAY_32266614,ORD_F237E4CC,MERCH_047,327000,INR,CAPTURED,2026-07-13T22:51:43Z,REF-PAY_32266614
PAY_7B5D2413,ORD_9FC4CADE,MERCH_023,1242000,INR,CAPTURED,2026-07-21T01:07:32Z,REF-PAY_7B5D2413
PAY_608B8750,ORD_70F3AC69,MERCH_027,1377000,INR,CAPTURED,2026-07-16T09:26:25Z,REF-PAY_608B8750
PAY_01CB6B4F,ORD_74815CB0,MERCH_004,755300,INR,CAPTURED,2026-08-27T14:34:09Z,REF-PAY_01CB6B4F
PAY_DF8EB429,ORD_64666DAC,MERCH_044,1604000,INR,CAPTURED,2026-07-21T11:17:29Z,REF-PAY_DF8EB429
PAY_3BF3AC73,ORD_8583045C,MERCH_031,321400,INR,CAPTURED,2026-08-16T17:09:30Z,REF-PAY_3BF3AC73
PAY_474420AA,ORD_22437B0B,MERCH_008,1395200,INR,CAPTURED,2026-07-29T10:09:45Z,REF-PAY_474420AA
PAY_7D035B33,ORD_6EACC7F3,MERCH_001,902000,INR,CAPTURED,2026-08-22T00:52:43Z,REF-PAY_7D035B33
PAY_A4340460,ORD_FAEA36A6,MERCH_017,358200,INR,CAPTURED,2026-08-31T20:04:30Z,REF-PAY_A4340460
PAY_71C2024A,ORD_E2186444,MERCH_030,1182000,INR,CAPTURED,2026-08-26T22:56:23Z,REF-PAY_71C2024A
PAY_079A87C0,ORD_2087ABFF,MERCH_039,947400,INR,CAPTURED,2026-08-23T06:55:33Z,REF-PAY_079A87C0
PAY_4FEB515B,ORD_068BBEF4,MERCH_043,1680100,INR,CAPTURED,2026-07-03T12:49:00Z,REF-PAY_4FEB515B
PAY_13AD3683,ORD_E479D6A0,MERCH_044,235500,INR,CAPTURED,2026-07-15T00:10:00Z,REF-PAY_13AD3683
PAY_8FD04813,ORD_E479D6A0,MERCH_044,235500,INR,CAPTURED,2026-07-15T00:10:00Z,REF-PAY_13AD3683
PAY_D4969941,ORD_B25B98B9,MERCH_040,1159100,INR,CAPTURED,2026-07-24T00:23:56Z,REF-PAY_D4969941
PAY_68D93A16,ORD_FF358E37,MERCH_003,361100,INR,CAPTURED,2026-07-31T15:47:28Z,REF-PAY_68D93A16
PAY_226B8C76,ORD_72A38862,MERCH_005,223900,INR,CAPTURED,2026-08-21T14:32:54Z,REF-PAY_226B8C76
PAY_29C7F26B,ORD_5D403A40,MERCH_031,950600,INR,CAPTURED,2026-07-20T20:45:44Z,REF-PAY_29C7F26B
PAY_44160638,ORD_B1C38A61,MERCH_026,1963800,INR,CAPTURED,2026-08-29T22:35:56Z,REF-PAY_44160638
PAY_7CE7E17C,ORD_876D98AC,MERCH_037,20000,INR,CAPTURED,2026-08-14T23:42:54Z,REF-PAY_7CE7E17C
PAY_852B7E4E,ORD_CA6D28F0,MERCH_040,12200,INR,CAPTURED,2026-07-07T01:44:21Z,REF-PAY_852B7E4E
PAY_5163CE21,ORD_C30A5558,MERCH_001,177200,INR,CAPTURED,2026-07-01T03:18:31Z,REF-PAY_5163CE21
PAY_D8AF2077,ORD_9DBFC550,MERCH_013,608200,INR,CAPTURED,2026-08-01T08:16:37Z,REF-PAY_D8AF2077
PAY_A4B71FDA,ORD_D1FFE908,MERCH_013,1330300,INR,CAPTURED,2026-07-17T17:11:07Z,REF-PAY_A4B71FDA
PAY_AB9FED40,ORD_33757211,MERCH_049,115300,INR,CAPTURED,2026-08-27T05:58:43Z,REF-PAY_AB9FED40
PAY_6390DEF3,ORD_6E8623D6,MERCH_021,30000000,INR,CAPTURED,2026-08-21T07:50:47Z,REF-PAY_6390DEF3
PAY_B78B1B9C,ORD_BCA5F5E5,MERCH_042,1315100,INR,CAPTURED,2026-07-29T17:25:11Z,REF-PAY_B78B1B9C
PAY_983A69CB,ORD_26FE5D8B,MERCH_009,60000000,INR,CAPTURED,2026-08-01T10:58:26Z,REF-PAY_983A69CB
PAY_C9ABD89D,ORD_40B42887,MERCH_003,1761900,INR,CAPTURED,2026-08-14T22:26:56Z,REF-PAY_C9ABD89D
PAY_BEDED22D,ORD_A415887F,MERCH_039,414700,INR,CAPTURED,2026-08-10T17:05:03Z,REF-PAY_BEDED22D
PAY_A92FE96C,ORD_C1F05985,MERCH_007,95000,INR,CAPTURED,2026-08-25T16:45:42Z,REF-PAY_A92FE96C
PAY_CAB7E03D,ORD_F1BFBDB8,MERCH_040,954100,INR,CAPTURED,2026-09-01T08:15:19Z,REF-PAY_CAB7E03D
PAY_9E2BB730,ORD_D709DA64,MERCH_018,1295000,INR,CAPTURED,2026-08-03T23:57:50Z,REF-PAY_9E2BB730
PAY_77CC0351,ORD_8598CFB8,MERCH_004,1751700,INR,CAPTURED,2026-07-05T13:43:14Z,REF-PAY_77CC0351
PAY_762EC6FA,ORD_D712DB0F,MERCH_023,62300,INR,CAPTURED,2026-08-18T22:40:53Z,REF-PAY_762EC6FA
PAY_17E0A563,ORD_04A3DBF4,MERCH_039,593400,INR,CAPTURED,2026-08-18T20:55:05Z,REF-PAY_17E0A563
PAY_D7DE2ED5,ORD_86EFCEBF,MERCH_031,495400,INR,CAPTURED,2026-07-17T19:21:07Z,REF-PAY_D7DE2ED5
PAY_77C661B0,ORD_176E3544,MERCH_026,137500,INR,CAPTURED,2026-07-15T04:53:48Z,REF-PAY_77C661B0
PAY_5AF6865F,ORD_38630AF0,MERCH_003,1783400,INR,CAPTURED,2026-07-09T01:32:49Z,REF-PAY_5AF6865F
PAY_CEA69EDF,ORD_4C4EA087,MERCH_016,704600,INR,CAPTURED,2026-08-30T06:56:10Z,REF-PAY_CEA69EDF
PAY_43E490C5,ORD_FA1DA5E8,MERCH_038,1635700,INR,CAPTURED,2026-08-20T23:42:53Z,REF-PAY_43E490C5
PAY_EC65DA94,ORD_C238E818,MERCH_001,1816000,INR,CAPTURED,2026-07-20T02:23:21Z,REF-PAY_EC65DA94
PAY_A776DA96,ORD_710637B2,MERCH_005,956600,INR,CAPTURED,2026-08-17T22:10:45Z,REF-PAY_A776DA96
PAY_932195B3,ORD_7508142F,MERCH_007,1971300,INR,CAPTURED,2026-08-29T18:55:35Z,REF-PAY_932195B3
PAY_BC56CDDD,ORD_5BE0B81E,MERCH_019,943000,INR,CAPTURED,2026-07-07T13:53:23Z,REF-PAY_BC56CDDD
PAY_39A9D518,ORD_A30EDDD7,MERCH_003,176000,INR,CAPTURED,2026-07-10T09:08:38Z,REF-PAY_39A9D518
PAY_8484451D,ORD_120AE891,MERCH_019,1254900,INR,CAPTURED,2026-07-21T07:53:12Z,REF-PAY_8484451D
PAY_82B8C44B,ORD_0B9EE133,MERCH_049,1444000,INR,CAPTURED,2026-08-10T11:01:29Z,REF-PAY_82B8C44B
PAY_BB3634DC,ORD_E714BA7A,MERCH_045,575800,INR,CAPTURED,2026-07-24T08:55:43Z,REF-PAY_BB3634DC
PAY_F576109E,ORD_BF8C63CC,MERCH_043,1888300,INR,CAPTURED,2026-08-25T07:41:01Z,REF-PAY_F576109E
PAY_6D04FD5B,ORD_67976EC5,MERCH_035,1707500,INR,CAPTURED,2026-07-27T23:27:05Z,REF-PAY_6D04FD5B
PAY_200E8B7E,ORD_30B08B13,MERCH_005,850500,INR,CAPTURED,2026-07-26T07:02:52Z,REF-PAY_200E8B7E
PAY_7D9D9077,ORD_DD0B119D,MERCH_042,469400,INR,CAPTURED,2026-08-11T22:26:14Z,REF-PAY_7D9D9077
PAY_4B94B466,ORD_DD0B119D,MERCH_042,469400,INR,CAPTURED,2026-08-11T22:26:14Z,REF-PAY_7D9D9077
PAY_80BAA2B9,ORD_73DCBB2D,MERCH_029,123200,INR,CAPTURED,2026-08-11T00:42:46Z,REF-PAY_80BAA2B9
PAY_7B98E29F,ORD_C6CBAD0B,MERCH_033,1824600,INR,CAPTURED,2026-07-15T10:31:34Z,REF-PAY_7B98E29F
PAY_63CEDA7B,ORD_C6CBAD0B,MERCH_033,1824600,INR,CAPTURED,2026-07-15T10:31:34Z,REF-PAY_7B98E29F
PAY_4F3053D9,ORD_6616FAB3,MERCH_026,1308200,INR,CAPTURED,2026-07-09T00:07:55Z,REF-PAY_4F3053D9
PAY_A2649B41,ORD_4B7BD1DC,MERCH_042,384000,INR,CAPTURED,2026-08-12T21:11:45Z,REF-PAY_A2649B41
PAY_FBAC9F8F,ORD_78AD26CC,MERCH_015,1753500,INR,CAPTURED,2026-08-13T04:11:15Z,REF-PAY_FBAC9F8F
PAY_7A3B6B60,ORD_E1147094,MERCH_016,1023200,INR,CAPTURED,2026-07-07T04:04:48Z,REF-PAY_7A3B6B60
PAY_566BE416,ORD_5755AB4F,MERCH_008,1186200,INR,CAPTURED,2026-07-13T23:18:38Z,REF-PAY_566BE416
PAY_ACC992D1,ORD_5755AB4F,MERCH_008,1186200,INR,CAPTURED,2026-07-13T23:18:38Z,REF-PAY_566BE416
PAY_A7ECA6D5,ORD_A77CCB79,MERCH_047,864300,INR,CAPTURED,2026-07-20T01:22:48Z,REF-PAY_A7ECA6D5
PAY_4B4F8E33,ORD_3E3D6FC7,MERCH_035,480400,INR,CAPTURED,2026-08-06T01:31:47Z,REF-PAY_4B4F8E33
PAY_4930AC17,ORD_A8E0B8FB,MERCH_037,891900,INR,CAPTURED,2026-08-13T22:28:50Z,REF-PAY_4930AC17
PAY_EB1FCD09,ORD_AC93A3BE,MERCH_012,456300,INR,CAPTURED,2026-08-06T05:33:57Z,REF-PAY_EB1FCD09
PAY_33BF2586,ORD_033183D2,MERCH_001,1871100,INR,CAPTURED,2026-08-06T03:08:28Z,REF-PAY_33BF2586
PAY_F44FFF55,ORD_A059D74D,MERCH_040,5500000,INR,CAPTURED,2026-08-24T10:47:03Z,REF-PAY_F44FFF55
PAY_16F3B71E,ORD_27477928,MERCH_022,502900,INR,CAPTURED,2026-07-08T01:14:35Z,REF-PAY_16F3B71E
PAY_D71FE9FF,ORD_CEB56F9A,MERCH_001,1928000,INR,CAPTURED,2026-09-01T06:44:05Z,REF-PAY_D71FE9FF
PAY_0B7C8820,ORD_3DF05758,MERCH_022,513700,INR,CAPTURED,2026-08-19T19:42:39Z,REF-PAY_0B7C8820
PAY_B5F84E29,ORD_C990D875,MERCH_034,1493000,INR,CAPTURED,2026-07-18T15:07:06Z,REF-PAY_B5F84E29
PAY_AC6589D1,ORD_A8F885EA,MERCH_023,1428700,INR,CAPTURED,2026-07-11T21:35:08Z,REF-PAY_AC6589D1
PAY_48A60AAF,ORD_D2165A39,MERCH_016,262600,INR,CAPTURED,2026-07-10T17:27:12Z,REF-PAY_48A60AAF
PAY_8B4D3BE7,ORD_506DC894,MERCH_020,978600,INR,CAPTURED,2026-07-28T08:22:10Z,REF-PAY_8B4D3BE7
PAY_CFA65A51,ORD_3D9D6B97,MERCH_031,264300,INR,CAPTURED,2026-07-02T03:51:13Z,REF-PAY_CFA65A51
PAY_0681536E,ORD_3D9D6B97,MERCH_031,264300,INR,CAPTURED,2026-07-02T03:51:13Z,REF-PAY_CFA65A51
PAY_C0F3994E,ORD_BE8F6393,MERCH_048,1638400,INR,CAPTURED,2026-07-02T07:59:25Z,REF-PAY_C0F3994E
PAY_1DB486C7,ORD_7E3B0BE6,MERCH_024,473800,INR,CAPTURED,2026-08-01T21:13:18Z,REF-PAY_1DB486C7
PAY_7030D43F,ORD_A552D389,MERCH_006,123300,INR,CAPTURED,2026-08-24T08:06:47Z,REF-PAY_7030D43F
PAY_D8815CFF,ORD_A94B453C,MERCH_047,231000,INR,CAPTURED,2026-07-20T23:02:54Z,REF-PAY_D8815CFF
PAY_E014DFB8,ORD_5F51AFD2,MERCH_041,1570000,INR,CAPTURED,2026-07-29T04:55:06Z,REF-PAY_E014DFB8
PAY_192ADE81,ORD_F0CCC618,MERCH_044,432700,INR,CAPTURED,2026-08-21T00:03:53Z,REF-PAY_192ADE81
PAY_7738DA38,ORD_406E0E01,MERCH_015,753500,INR,CAPTURED,2026-08-05T05:56:17Z,REF-PAY_7738DA38
PAY_D5D7553A,ORD_F2E5247D,MERCH_010,1087100,INR,CAPTURED,2026-07-08T14:18:51Z,REF-PAY_D5D7553A
PAY_E58FBFAF,ORD_F2E5247D,MERCH_010,1087100,INR,CAPTURED,2026-07-08T14:18:51Z,REF-PAY_D5D7553A
PAY_FA5493F8,ORD_A68FFAF9,MERCH_034,395100,INR,CAPTURED,2026-08-05T00:21:06Z,REF-PAY_FA5493F8
PAY_41D02767,ORD_496FC397,MERCH_018,378500,INR,CAPTURED,2026-08-01T19:41:57Z,REF-PAY_41D02767
PAY_11B52405,ORD_681EA23C,MERCH_023,108100,INR,CAPTURED,2026-07-04T19:57:41Z,REF-PAY_11B52405
PAY_8270E53D,ORD_E007D100,MERCH_034,1441700,INR,CAPTURED,2026-07-01T12:48:13Z,REF-PAY_8270E53D
PAY_2495870F,ORD_0BB5B143,MERCH_004,1448700,INR,CAPTURED,2026-07-08T22:50:13Z,REF-PAY_2495870F
PAY_8DB3B0B6,ORD_1BC0E1DD,MERCH_048,787900,INR,CAPTURED,2026-08-23T14:13:22Z,REF-PAY_8DB3B0B6
PAY_CBB3C826,ORD_6D23D0C1,MERCH_008,1847100,INR,CAPTURED,2026-07-16T23:16:25Z,REF-PAY_CBB3C826
PAY_7E70CD38,ORD_6D23D0C1,MERCH_008,1847100,INR,CAPTURED,2026-07-16T23:16:25Z,REF-PAY_CBB3C826
PAY_30280147,ORD_91478786,MERCH_019,1807500,INR,CAPTURED,2026-08-31T23:12:31Z,REF-PAY_30280147
PAY_824283B1,ORD_C3CC4A7E,MERCH_042,961600,INR,CAPTURED,2026-08-21T07:05:55Z,REF-PAY_824283B1
PAY_621CB622,ORD_FEB30D6F,MERCH_049,136100,INR,CAPTURED,2026-07-26T02:34:37Z,REF-PAY_621CB622
PAY_927A57BD,ORD_FEB30D6F,MERCH_049,136100,INR,CAPTURED,2026-07-26T02:34:37Z,REF-PAY_621CB622
PAY_4738E11A,ORD_5861DB62,MERCH_017,1023000,INR,CAPTURED,2026-08-20T10:23:29Z,REF-PAY_4738E11A
PAY_2003954A,ORD_F1531DA2,MERCH_037,296300,INR,CAPTURED,2026-07-17T23:00:28Z,REF-PAY_2003954A
PAY_CE49CA5D,ORD_D45E3891,MERCH_017,1655300,INR,CAPTURED,2026-08-03T17:09:29Z,REF-PAY_CE49CA5D
PAY_3D528C38,ORD_CF3CDB57,MERCH_020,1344100,INR,CAPTURED,2026-07-27T20:29:08Z,REF-PAY_3D528C38
PAY_1C476ED3,ORD_8C08C12E,MERCH_040,332800,INR,CAPTURED,2026-07-28T11:35:05Z,REF-PAY_1C476ED3
PAY_F34F3A2D,ORD_C8C398E6,MERCH_011,1328300,INR,CAPTURED,2026-08-16T23:18:07Z,REF-PAY_F34F3A2D
PAY_31B9AC05,ORD_7CEFCA9C,MERCH_011,197700,INR,CAPTURED,2026-07-14T18:42:35Z,REF-PAY_31B9AC05
PAY_E21679B1,ORD_229F549C,MERCH_046,1312500,INR,CAPTURED,2026-07-08T09:17:00Z,REF-PAY_E21679B1
PAY_B1D93EB4,ORD_D39CD35E,MERCH_020,1674300,INR,CAPTURED,2026-07-16T00:09:08Z,REF-PAY_B1D93EB4
PAY_3B35CAD2,ORD_C58DB22E,MERCH_014,306300,INR,CAPTURED,2026-08-17T02:35:27Z,REF-PAY_3B35CAD2
PAY_C53045E5,ORD_EA2E1828,MERCH_030,823400,INR,CAPTURED,2026-09-01T02:08:25Z,REF-PAY_C53045E5
PAY_8DAAE1AB,ORD_EA2E1828,MERCH_030,823400,INR,CAPTURED,2026-09-01T02:08:25Z,REF-PAY_C53045E5
PAY_75BEC21D,ORD_68048E4C,MERCH_022,667400,INR,CAPTURED,2026-07-31T15:27:09Z,REF-PAY_75BEC21D
PAY_5F61478E,ORD_68048E4C,MERCH_022,667400,INR,CAPTURED,2026-07-31T15:27:09Z,REF-PAY_75BEC21D
PAY_8B0B4AEC,ORD_79BBE39D,MERCH_029,1131500,INR,CAPTURED,2026-07-21T20:28:38Z,REF-PAY_8B0B4AEC
PAY_7BFF07C1,ORD_D5F7F242,MERCH_003,1487200,INR,CAPTURED,2026-07-12T17:46:00Z,REF-PAY_7BFF07C1
PAY_FCC21E8E,ORD_D9AFD8E7,MERCH_033,1296200,INR,CAPTURED,2026-07-31T18:11:07Z,REF-PAY_FCC21E8E
PAY_9331E639,ORD_93F4C2AF,MERCH_038,88200,INR,CAPTURED,2026-07-23T07:27:25Z,REF-PAY_9331E639
PAY_826D5B0A,ORD_EFA4E25A,MERCH_048,5500000,INR,CAPTURED,2026-07-22T02:03:36Z,REF-PAY_826D5B0A
PAY_5E911251,ORD_B92D7166,MERCH_040,1180800,INR,CAPTURED,2026-07-30T18:02:27Z,REF-PAY_5E911251
PAY_00A9FBD2,ORD_0E7041FF,MERCH_039,908100,INR,CAPTURED,2026-08-10T16:34:33Z,REF-PAY_00A9FBD2
PAY_C3ABD928,ORD_34CEB8F2,MERCH_046,37100,INR,CAPTURED,2026-08-07T23:47:02Z,REF-PAY_C3ABD928
PAY_8B23A470,ORD_E4DD354A,MERCH_018,414000,INR,CAPTURED,2026-08-20T07:44:55Z,REF-PAY_8B23A470
PAY_07216263,ORD_E4DD354A,MERCH_018,414000,INR,CAPTURED,2026-08-20T07:44:55Z,REF-PAY_8B23A470
PAY_0DA5C589,ORD_D218077D,MERCH_002,1475200,INR,CAPTURED,2026-08-28T21:05:30Z,REF-PAY_0DA5C589
PAY_6698D72F,ORD_46FE905C,MERCH_006,435500,INR,CAPTURED,2026-08-06T12:52:44Z,REF-PAY_6698D72F
PAY_5098D24D,ORD_7B1D84E4,MERCH_018,1423900,INR,CAPTURED,2026-08-17T23:39:32Z,REF-PAY_5098D24D
PAY_889DBF63,ORD_C6070897,MERCH_036,1403200,INR,CAPTURED,2026-07-11T00:42:49Z,REF-PAY_889DBF63
PAY_5AE14FDE,ORD_4DD2D361,MERCH_043,1168500,INR,CAPTURED,2026-08-25T14:41:58Z,REF-PAY_5AE14FDE
PAY_DF2ADC5D,ORD_0FA088B3,MERCH_042,567200,INR,CAPTURED,2026-07-06T22:15:27Z,REF-PAY_DF2ADC5D
PAY_ED9205AF,ORD_5666FA4A,MERCH_046,974100,INR,CAPTURED,2026-07-18T20:37:37Z,REF-PAY_ED9205AF
PAY_D61AB822,ORD_4BA03AAE,MERCH_019,522300,INR,CAPTURED,2026-08-27T01:18:41Z,REF-PAY_D61AB822
PAY_37E7FCB6,ORD_BF5F8E90,MERCH_011,248700,INR,CAPTURED,2026-08-16T06:50:56Z,REF-PAY_37E7FCB6
PAY_15639D44,ORD_FE5050D7,MERCH_044,882700,INR,CAPTURED,2026-07-05T18:35:34Z,REF-PAY_15639D44
PAY_3E387386,ORD_FE5050D7,MERCH_044,882700,INR,CAPTURED,2026-07-05T18:35:34Z,REF-PAY_15639D44
PAY_B238D521,ORD_E5689D6A,MERCH_049,696600,INR,CAPTURED,2026-07-13T09:59:51Z,REF-PAY_B238D521
PAY_16E08B41,ORD_6BD2431B,MERCH_046,1940100,INR,CAPTURED,2026-08-10T10:53:00Z,REF-PAY_16E08B41
PAY_783CD930,ORD_704CD7D8,MERCH_027,1654800,INR,CAPTURED,2026-08-30T14:22:26Z,REF-PAY_783CD930
PAY_C9803E01,ORD_64B9DA8D,MERCH_015,818800,INR,CAPTURED,2026-08-19T21:11:33Z,REF-PAY_C9803E01
PAY_7148337A,ORD_E2C1CB28,MERCH_007,1413000,INR,CAPTURED,2026-08-10T07:36:45Z,REF-PAY_7148337A
PAY_7F84638D,ORD_D58D2449,MERCH_043,1454500,INR,CAPTURED,2026-07-27T21:34:42Z,REF-PAY_7F84638D
PAY_7EA1103A,ORD_57BDCF85,MERCH_026,1017200,INR,CAPTURED,2026-08-05T04:23:50Z,REF-PAY_7EA1103A
PAY_D180D294,ORD_CF66147D,MERCH_020,1250600,INR,CAPTURED,2026-07-23T11:42:33Z,REF-PAY_D180D294
PAY_BA840DBB,ORD_D290D4C5,MERCH_018,257200,INR,CAPTURED,2026-08-13T09:18:20Z,REF-PAY_BA840DBB
PAY_35079A53,ORD_FDFE26BD,MERCH_006,359100,INR,CAPTURED,2026-07-10T03:54:20Z,REF-PAY_35079A53
PAY_199D2579,ORD_FB74CEFE,MERCH_039,1645900,INR,CAPTURED,2026-07-31T17:01:19Z,REF-PAY_199D2579
PAY_B90F6C23,ORD_01CA7328,MERCH_040,22100,INR,CAPTURED,2026-07-29T13:18:36Z,REF-PAY_B90F6C23
PAY_22E96B32,ORD_3324BA80,MERCH_028,513400,INR,CAPTURED,2026-07-14T17:20:13Z,REF-PAY_22E96B32
PAY_0D7CC82B,ORD_B29A047A,MERCH_045,1149200,INR,CAPTURED,2026-08-14T14:43:40Z,REF-PAY_0D7CC82B
PAY_4D58BA74,ORD_B83BC932,MERCH_047,1297000,INR,CAPTURED,2026-07-03T23:01:16Z,REF-PAY_4D58BA74
PAY_6678EDB6,ORD_5B32F2C5,MERCH_024,855100,INR,CAPTURED,2026-08-11T21:25:11Z,REF-PAY_6678EDB6
PAY_D46AC9F0,ORD_A3426B6B,MERCH_025,246300,INR,CAPTURED,2026-09-01T14:33:46Z,REF-PAY_D46AC9F0
PAY_6DEB4A21,ORD_0F723203,MERCH_031,853400,INR,CAPTURED,2026-07-06T06:33:23Z,REF-PAY_6DEB4A21
PAY_98DDF0BC,ORD_3684B744,MERCH_043,1814700,INR,CAPTURED,2026-07-19T04:27:33Z,REF-PAY_98DDF0BC
PAY_7DED316D,ORD_3684B744,MERCH_043,1814700,INR,CAPTURED,2026-07-19T04:27:33Z,REF-PAY_98DDF0BC
PAY_1B10A9A3,ORD_02018A0E,MERCH_004,725000,INR,CAPTURED,2026-07-09T02:45:40Z,REF-PAY_1B10A9A3
PAY_856FA478,ORD_6E3B23A9,MERCH_017,1655900,INR,CAPTURED,2026-07-26T06:02:01Z,REF-PAY_856FA478
PAY_FDDCAE42,ORD_E634A6BA,MERCH_003,424700,INR,CAPTURED,2026-07-10T08:24:53Z,REF-PAY_FDDCAE42
PAY_51B93A46,ORD_096615FD,MERCH_013,658300,INR,CAPTURED,2026-08-24T01:31:39Z,REF-PAY_51B93A46
PAY_B782256E,ORD_FF93CC89,MERCH_016,185500,INR,CAPTURED,2026-08-03T23:12:09Z,REF-PAY_B782256E
PAY_1E6C4C0E,ORD_C7EB14FE,MERCH_029,1257400,INR,CAPTURED,2026-08-27T13:11:36Z,REF-PAY_1E6C4C0E
PAY_7B9180DF,ORD_188D1BB3,MERCH_010,913000,INR,CAPTURED,2026-07-25T18:18:02Z,REF-PAY_7B9180DF
PAY_3BDC2EB7,ORD_AA2AF82F,MERCH_037,30000000,INR,CAPTURED,2026-08-20T03:54:14Z,REF-PAY_3BDC2EB7
PAY_98E6C645,ORD_6B403A13,MERCH_047,716800,INR,CAPTURED,2026-08-20T02:22:19Z,REF-PAY_98E6C645
PAY_D4057AEA,ORD_FA3CE56D,MERCH_011,1758100,INR,CAPTURED,2026-08-15T16:57:18Z,REF-PAY_D4057AEA
PAY_DDD9DB17,ORD_D31E5311,MERCH_039,1436900,INR,CAPTURED,2026-07-16T15:45:29Z,REF-PAY_DDD9DB17
PAY_07433079,ORD_60496E86,MERCH_024,596800,INR,CAPTURED,2026-08-19T09:08:23Z,REF-PAY_07433079
PAY_C7666025,ORD_BE9E3FFF,MERCH_031,1853900,INR,CAPTURED,2026-08-05T15:35:29Z,REF-PAY_C7666025
PAY_95E5D7DA,ORD_0DEF96F1,MERCH_026,1115600,INR,CAPTURED,2026-08-01T11:24:11Z,REF-PAY_95E5D7DA
PAY_FFD656CE,ORD_A51B9622,MERCH_029,1953600,INR,CAPTURED,2026-07-23T16:37:35Z,REF-PAY_FFD656CE
PAY_127FDD2F,ORD_9E0767D3,MERCH_046,657600,INR,CAPTURED,2026-07-26T14:28:28Z,REF-PAY_127FDD2F
PAY_FCE4B685,ORD_1C8D131B,MERCH_043,1491400,INR,CAPTURED,2026-07-22T01:43:41Z,REF-PAY_FCE4B685
PAY_00E345F0,ORD_378D362B,MERCH_004,312700,INR,CAPTURED,2026-07-24T04:33:34Z,REF-PAY_00E345F0
PAY_CA36BAD0,ORD_C92CEE74,MERCH_032,1990500,INR,CAPTURED,2026-08-13T00:33:42Z,REF-PAY_CA36BAD0
PAY_DB62082A,ORD_3B36AC1C,MERCH_047,1454300,INR,CAPTURED,2026-07-16T05:39:06Z,REF-PAY_DB62082A
PAY_C1CB9123,ORD_8070BC4B,MERCH_025,403600,INR,CAPTURED,2026-07-06T10:49:03Z,REF-PAY_C1CB9123
PAY_29760013,ORD_F6C7990D,MERCH_017,1304500,INR,CAPTURED,2026-08-14T04:25:02Z,REF-PAY_29760013
PAY_2C2F51EE,ORD_EB85A052,MERCH_032,1615500,INR,CAPTURED,2026-08-14T01:46:55Z,REF-PAY_2C2F51EE
PAY_F53E0102,ORD_BD0CCDD9,MERCH_045,206000,INR,CAPTURED,2026-07-07T15:52:37Z,REF-PAY_F53E0102
PAY_ED7578E9,ORD_54650301,MERCH_019,30000000,INR,CAPTURED,2026-08-10T00:46:22Z,REF-PAY_ED7578E9
PAY_77B04DF4,ORD_DFE3EF79,MERCH_029,618000,INR,CAPTURED,2026-08-29T01:30:23Z,REF-PAY_77B04DF4
PAY_5C908A7B,ORD_60F04E05,MERCH_008,778900,INR,CAPTURED,2026-07-26T05:54:54Z,REF-PAY_5C908A7B
PAY_9ACE3E4B,ORD_1A8424DA,MERCH_031,1800000,INR,CAPTURED,2026-07-27T06:32:08Z,REF-PAY_9ACE3E4B
PAY_AF808040,ORD_8F307105,MERCH_003,714600,INR,CAPTURED,2026-07-10T11:53:05Z,REF-PAY_AF808040
PAY_E67CC691,ORD_AEE6A61F,MERCH_014,1754700,INR,CAPTURED,2026-08-29T13:20:03Z,REF-PAY_E67CC691
PAY_8EE64646,ORD_8E078583,MERCH_049,922600,INR,CAPTURED,2026-08-30T13:52:28Z,REF-PAY_8EE64646
PAY_29F475AF,ORD_D4648C75,MERCH_049,984900,INR,CAPTURED,2026-07-20T22:07:14Z,REF-PAY_29F475AF
PAY_037DB285,ORD_E8EE881D,MERCH_002,1866200,INR,CAPTURED,2026-08-01T06:02:50Z,REF-PAY_037DB285
PAY_957EF3B2,ORD_53E5262A,MERCH_013,1909100,INR,CAPTURED,2026-07-27T04:10:19Z,REF-PAY_957EF3B2
PAY_29E97033,ORD_09D28CDB,MERCH_022,61700,INR,CAPTURED,2026-07-10T13:10:11Z,REF-PAY_29E97033
PAY_A94180D7,ORD_CDE203BC,MERCH_012,1227700,INR,CAPTURED,2026-08-29T22:24:30Z,REF-PAY_A94180D7
PAY_6E361377,ORD_262C1F5A,MERCH_018,1292600,INR,CAPTURED,2026-09-01T18:47:43Z,REF-PAY_6E361377
PAY_F9755373,ORD_043685D2,MERCH_032,362700,INR,CAPTURED,2026-08-13T12:49:01Z,REF-PAY_F9755373
PAY_AAE422AE,ORD_77C005CE,MERCH_044,1430200,INR,CAPTURED,2026-08-27T19:26:13Z,REF-PAY_AAE422AE
PAY_44B72421,ORD_697782A3,MERCH_008,1194800,INR,CAPTURED,2026-07-22T04:37:37Z,REF-PAY_44B72421
PAY_D85EBE03,ORD_FFA9EEAC,MERCH_014,455600,INR,CAPTURED,2026-07-29T07:24:42Z,REF-PAY_D85EBE03
PAY_7A499B33,ORD_5A389F40,MERCH_045,280600,INR,CAPTURED,2026-07-22T04:40:09Z,REF-PAY_7A499B33
PAY_C45158B3,ORD_16E182A7,MERCH_012,1563000,INR,CAPTURED,2026-07-26T04:08:06Z,REF-PAY_C45158B3
PAY_47764637,ORD_71F197F6,MERCH_002,338300,INR,CAPTURED,2026-07-24T00:44:22Z,REF-PAY_47764637
PAY_F3BA5200,ORD_2E3C86C7,MERCH_032,1069000,INR,CAPTURED,2026-07-16T04:11:04Z,REF-PAY_F3BA5200
PAY_4B666FD1,ORD_E9E471CA,MERCH_049,1577300,INR,CAPTURED,2026-08-23T18:38:29Z,REF-PAY_4B666FD1
PAY_0D87511D,ORD_3DA61AD5,MERCH_036,980000,INR,CAPTURED,2026-07-09T05:16:34Z,REF-PAY_0D87511D
PAY_1CCDC243,ORD_801F42D7,MERCH_019,1898900,INR,CAPTURED,2026-07-13T07:13:00Z,REF-PAY_1CCDC243
PAY_83893174,ORD_25CB52A0,MERCH_048,276200,INR,CAPTURED,2026-08-12T18:14:22Z,REF-PAY_83893174
PAY_74D8822A,ORD_80078460,MERCH_033,127900,INR,CAPTURED,2026-07-12T23:58:32Z,REF-PAY_74D8822A
PAY_0DE901B9,ORD_2157E5B1,MERCH_044,1688700,INR,CAPTURED,2026-08-19T18:04:57Z,REF-PAY_0DE901B9
PAY_7BE35DDD,ORD_826F0D86,MERCH_024,1228800,INR,CAPTURED,2026-08-07T16:19:03Z,REF-PAY_7BE35DDD
PAY_15368842,ORD_0B249F74,MERCH_041,537300,INR,CAPTURED,2026-08-25T01:15:06Z,REF-PAY_15368842
PAY_E86D658C,ORD_C6682E36,MERCH_008,858700,INR,CAPTURED,2026-08-01T09:19:48Z,REF-PAY_E86D658C
PAY_C430CE14,ORD_DCE85D21,MERCH_039,1937000,INR,CAPTURED,2026-07-30T11:02:33Z,REF-PAY_C430CE14
PAY_7356DBD1,ORD_A4A0A7A8,MERCH_030,1379700,INR,CAPTURED,2026-07-25T21:03:10Z,REF-PAY_7356DBD1
PAY_8ED1CBD7,ORD_D8638693,MERCH_027,832900,INR,CAPTURED,2026-07-22T12:46:18Z,REF-PAY_8ED1CBD7
PAY_05DA55F5,ORD_2C84FAAE,MERCH_031,345000,INR,CAPTURED,2026-08-16T09:26:21Z,REF-PAY_05DA55F5
PAY_81A23391,ORD_D5E3F5FD,MERCH_028,1417900,INR,CAPTURED,2026-07-23T20:15:47Z,REF-PAY_81A23391
PAY_56BE70A8,ORD_72B3A4C6,MERCH_008,891600,INR,CAPTURED,2026-07-31T16:41:08Z,REF-PAY_56BE70A8
PAY_36D408E2,ORD_C7F9FA9E,MERCH_041,286800,INR,CAPTURED,2026-08-28T18:55:06Z,REF-PAY_36D408E2
PAY_64C98540,ORD_A4D9C35C,MERCH_035,1477400,INR,CAPTURED,2026-08-17T00:44:08Z,REF-PAY_64C98540
PAY_EF2710AA,ORD_1B76343F,MERCH_028,1361700,INR,CAPTURED,2026-08-18T08:24:31Z,REF-PAY_EF2710AA
PAY_05E4BDB1,ORD_2BE92E41,MERCH_023,1515300,INR,CAPTURED,2026-08-15T12:10:21Z,REF-PAY_05E4BDB1
PAY_3BA05184,ORD_53F3F59B,MERCH_042,1581600,INR,CAPTURED,2026-07-01T21:28:26Z,REF-PAY_3BA05184
PAY_98C43E14,ORD_1D95EC14,MERCH_022,1878200,INR,CAPTURED,2026-07-26T07:11:22Z,REF-PAY_98C43E14
PAY_A707016B,ORD_EC8A4AB8,MERCH_015,954700,INR,CAPTURED,2026-08-13T22:16:52Z,REF-PAY_A707016B
PAY_FA38EF39,ORD_EA729AB7,MERCH_045,632500,INR,CAPTURED,2026-07-13T23:30:52Z,REF-PAY_FA38EF39
PAY_26141C66,ORD_C91B22B9,MERCH_047,483100,INR,CAPTURED,2026-08-10T07:22:53Z,REF-PAY_26141C66
PAY_28F93EBF,ORD_90FFCBF5,MERCH_029,841800,INR,CAPTURED,2026-08-15T12:46:59Z,REF-PAY_28F93EBF
PAY_352CF32E,ORD_1A11AEB2,MERCH_045,1955800,INR,CAPTURED,2026-08-25T22:25:14Z,REF-PAY_352CF32E
PAY_5B5F2C94,ORD_1E09B764,MERCH_005,1681300,INR,CAPTURED,2026-08-12T08:53:53Z,REF-PAY_5B5F2C94
PAY_D759909D,ORD_7EB7C6AB,MERCH_013,1436700,INR,CAPTURED,2026-07-14T14:18:00Z,REF-PAY_D759909D
PAY_892AD138,ORD_D9D8179C,MERCH_009,276400,INR,CAPTURED,2026-07-12T16:55:19Z,REF-PAY_892AD138
PAY_479EF691,ORD_EC344757,MERCH_038,757400,INR,CAPTURED,2026-07-26T23:41:27Z,REF-PAY_479EF691
PAY_9BCE49EC,ORD_781D2897,MERCH_025,245100,INR,CAPTURED,2026-07-18T09:51:56Z,REF-PAY_9BCE49EC
PAY_60B3B441,ORD_00DDB97F,MERCH_038,1728900,INR,CAPTURED,2026-08-15T09:42:56Z,REF-PAY_60B3B441
PAY_7DA52800,ORD_D780ABA6,MERCH_046,1510400,INR,CAPTURED,2026-07-31T16:49:05Z,REF-PAY_7DA52800
PAY_3D892027,ORD_D780ABA6,MERCH_046,1510400,INR,CAPTURED,2026-07-31T16:49:05Z,REF-PAY_7DA52800
PAY_03AF0104,ORD_CE301CF8,MERCH_030,1293000,INR,CAPTURED,2026-08-05T08:54:47Z,REF-PAY_03AF0104
PAY_9A539638,ORD_8503C980,MERCH_031,1134100,INR,CAPTURED,2026-08-06T04:27:59Z,REF-PAY_9A539638
PAY_46832167,ORD_281ED0D5,MERCH_039,1619500,INR,CAPTURED,2026-07-26T05:21:15Z,REF-PAY_46832167
PAY_A2840050,ORD_DA4C52F3,MERCH_027,1200800,INR,CAPTURED,2026-07-22T02:45:54Z,REF-PAY_A2840050
PAY_2185ABB9,ORD_24998BEB,MERCH_003,1689800,INR,CAPTURED,2026-07-08T11:56:56Z,REF-PAY_2185ABB9
PAY_A6726141,ORD_D8D0FB41,MERCH_030,1429800,INR,CAPTURED,2026-08-11T22:36:08Z,REF-PAY_A6726141
PAY_62C2F507,ORD_D5BFFEB0,MERCH_019,596100,INR,CAPTURED,2026-07-11T10:20:43Z,REF-PAY_62C2F507
PAY_BE9EE212,ORD_6CDC825F,MERCH_017,1904300,INR,CAPTURED,2026-08-18T02:39:12Z,REF-PAY_BE9EE212
PAY_188D4A15,ORD_7DBDB01B,MERCH_025,1182700,INR,CAPTURED,2026-08-12T00:55:23Z,REF-PAY_188D4A15
PAY_5DC88968,ORD_CB506825,MERCH_022,1191700,INR,CAPTURED,2026-08-29T23:03:10Z,REF-PAY_5DC88968
PAY_56A3BFEC,ORD_EE75855C,MERCH_047,313800,INR,CAPTURED,2026-07-06T04:09:23Z,REF-PAY_56A3BFEC
PAY_DE9912BD,ORD_29AF3B6A,MERCH_031,656900,INR,CAPTURED,2026-08-03T22:42:17Z,REF-PAY_DE9912BD
PAY_3F1C5680,ORD_E710C446,MERCH_008,284100,INR,CAPTURED,2026-08-15T19:35:46Z,REF-PAY_3F1C5680
PAY_28A6AB13,ORD_A51CC13D,MERCH_002,1496100,INR,CAPTURED,2026-07-14T03:53:10Z,REF-PAY_28A6AB13
PAY_DE65518D,ORD_2E4D9CCC,MERCH_027,1115300,INR,CAPTURED,2026-08-18T10:51:56Z,REF-PAY_DE65518D
PAY_AADFAC68,ORD_B6485048,MERCH_015,305200,INR,CAPTURED,2026-08-03T13:27:39Z,REF-PAY_AADFAC68
PAY_66390289,ORD_22D4C76B,MERCH_024,1457500,INR,CAPTURED,2026-08-19T00:08:39Z,REF-PAY_66390289
PAY_E983722F,ORD_00900CA0,MERCH_012,252500,INR,CAPTURED,2026-08-19T13:09:07Z,REF-PAY_E983722F
PAY_4B897684,ORD_410C7E1C,MERCH_011,60000000,INR,CAPTURED,2026-08-11T23:23:19Z,REF-PAY_4B897684
PAY_21850853,ORD_FAE692A4,MERCH_008,272900,INR,CAPTURED,2026-07-18T01:13:38Z,REF-PAY_21850853
PAY_C1A1490A,ORD_5AE62D14,MERCH_022,1178600,INR,CAPTURED,2026-08-20T19:28:15Z,REF-PAY_C1A1490A
PAY_28E57756,ORD_376FB978,MERCH_040,266000,INR,CAPTURED,2026-07-20T10:42:17Z,REF-PAY_28E57756
PAY_AB55499B,ORD_7B59DF1D,MERCH_014,62300,INR,CAPTURED,2026-08-15T10:36:51Z,REF-PAY_AB55499B
PAY_C878EF3E,ORD_11D1A15A,MERCH_026,175500,INR,CAPTURED,2026-07-25T09:25:40Z,REF-PAY_C878EF3E
PAY_A45DB429,ORD_B6F66480,MERCH_032,883900,INR,CAPTURED,2026-08-11T15:43:16Z,REF-PAY_A45DB429
PAY_53DD0BFA,ORD_59A5B0EB,MERCH_021,1622100,INR,CAPTURED,2026-07-10T04:43:18Z,REF-PAY_53DD0BFA
PAY_D44D7940,ORD_4B78B5DE,MERCH_006,1380600,INR,CAPTURED,2026-07-23T08:51:35Z,REF-PAY_D44D7940
PAY_77874AE5,ORD_36558CE0,MERCH_020,317900,INR,CAPTURED,2026-07-13T14:02:37Z,REF-PAY_77874AE5
PAY_89309844,ORD_4C7289D4,MERCH_032,1925500,INR,CAPTURED,2026-07-19T21:17:40Z,REF-PAY_89309844
PAY_21ACA136,ORD_7515C92F,MERCH_009,1290000,INR,CAPTURED,2026-07-19T17:43:59Z,REF-PAY_21ACA136
PAY_5E3555FF,ORD_A7C9EC06,MERCH_033,1044600,INR,CAPTURED,2026-08-09T01:56:03Z,REF-PAY_5E3555FF
PAY_BCE12B54,ORD_54CA201E,MERCH_008,1783700,INR,CAPTURED,2026-07-14T21:25:10Z,REF-PAY_BCE12B54
PAY_ACCF9582,ORD_F1D78B19,MERCH_028,1096900,INR,CAPTURED,2026-07-11T21:06:08Z,REF-PAY_ACCF9582
PAY_B17C6912,ORD_AD1C3698,MERCH_030,1849100,INR,CAPTURED,2026-08-09T03:59:34Z,REF-PAY_B17C6912
PAY_E243A0B9,ORD_62097C17,MERCH_005,513900,INR,CAPTURED,2026-08-10T16:33:24Z,REF-PAY_E243A0B9
PAY_5F5329EE,ORD_55DF9B7E,MERCH_017,160800,INR,CAPTURED,2026-07-24T11:17:55Z,REF-PAY_5F5329EE
PAY_390FA430,ORD_90143E22,MERCH_023,1062300,INR,CAPTURED,2026-07-28T06:28:36Z,REF-PAY_390FA430
PAY_A975F66B,ORD_48400D14,MERCH_016,1116200,INR,CAPTURED,2026-07-18T21:40:38Z,REF-PAY_A975F66B
PAY_DBC5FB0B,ORD_09E0EEF5,MERCH_029,1338200,INR,CAPTURED,2026-08-26T03:27:57Z,REF-PAY_DBC5FB0B
PAY_3C1A7DEE,ORD_82F92815,MERCH_001,750600,INR,CAPTURED,2026-07-02T12:43:34Z,REF-PAY_3C1A7DEE
PAY_3AFBB2C7,ORD_AE1E6D88,MERCH_031,1912100,INR,CAPTURED,2026-08-02T11:34:29Z,REF-PAY_3AFBB2C7
PAY_56981D97,ORD_B5EA0833,MERCH_032,194800,INR,CAPTURED,2026-07-08T09:37:39Z,REF-PAY_56981D97
PAY_4F7A5B88,ORD_6DF569B5,MERCH_013,1035000,INR,CAPTURED,2026-08-15T11:12:30Z,REF-PAY_4F7A5B88
PAY_782CE4E6,ORD_FC94D454,MERCH_024,1227000,INR,CAPTURED,2026-08-07T19:31:29Z,REF-PAY_782CE4E6
PAY_E8351BDF,ORD_3F2113F2,MERCH_047,372100,INR,CAPTURED,2026-07-02T06:48:58Z,REF-PAY_E8351BDF
PAY_FC683DE6,ORD_3F2113F2,MERCH_047,372100,INR,CAPTURED,2026-07-02T06:48:58Z,REF-PAY_E8351BDF
PAY_CA07FD6F,ORD_AA922316,MERCH_009,1827400,INR,CAPTURED,2026-07-28T11:29:03Z,REF-PAY_CA07FD6F
PAY_3CFA2096,ORD_0B4214FD,MERCH_017,1656800,INR,CAPTURED,2026-07-19T21:55:04Z,REF-PAY_3CFA2096
PAY_169CFB4C,ORD_B1F4FA78,MERCH_034,1504100,INR,CAPTURED,2026-08-12T16:07:51Z,REF-PAY_169CFB4C
PAY_39114866,ORD_9A778679,MERCH_028,579200,INR,CAPTURED,2026-08-08T02:07:40Z,REF-PAY_39114866
PAY_D1270B3B,ORD_4B694C5C,MERCH_032,162700,INR,CAPTURED,2026-07-28T02:55:09Z,REF-PAY_D1270B3B
PAY_6D69B9E5,ORD_60C242D5,MERCH_019,510000,INR,CAPTURED,2026-07-10T00:58:01Z,REF-PAY_6D69B9E5
PAY_932509E6,ORD_E9CAFA25,MERCH_025,129800,INR,CAPTURED,2026-08-21T01:14:57Z,REF-PAY_932509E6
PAY_92988067,ORD_727E1F76,MERCH_033,883000,INR,CAPTURED,2026-09-01T22:21:43Z,REF-PAY_92988067
PAY_D5D62FC5,ORD_727E1F76,MERCH_033,883000,INR,CAPTURED,2026-09-01T22:21:43Z,REF-PAY_92988067
PAY_2FC34FB5,ORD_18CCF661,MERCH_023,924700,INR,CAPTURED,2026-07-23T03:35:21Z,REF-PAY_2FC34FB5
PAY_F8D1D5F3,ORD_64929AFA,MERCH_044,513700,INR,CAPTURED,2026-08-11T23:00:04Z,REF-PAY_F8D1D5F3
PAY_3EA96D3C,ORD_B48B0942,MERCH_048,1372300,INR,CAPTURED,2026-08-17T04:31:38Z,REF-PAY_3EA96D3C
PAY_26262D42,ORD_5F58A9F3,MERCH_021,1148000,INR,CAPTURED,2026-07-15T22:37:16Z,REF-PAY_26262D42
PAY_1006E676,ORD_5726E37D,MERCH_014,15000000,INR,CAPTURED,2026-07-18T02:10:02Z,REF-PAY_1006E676
PAY_BD819676,ORD_674AD6F1,MERCH_029,742300,INR,CAPTURED,2026-07-11T09:21:26Z,REF-PAY_BD819676
PAY_067FC006,ORD_B19DFF6F,MERCH_010,1799100,INR,CAPTURED,2026-07-03T21:59:28Z,REF-PAY_067FC006
PAY_06C442BB,ORD_590399A1,MERCH_023,1223600,INR,CAPTURED,2026-08-21T10:44:52Z,REF-PAY_06C442BB
PAY_CF29918C,ORD_148A46E0,MERCH_048,325200,INR,CAPTURED,2026-07-03T22:27:05Z,REF-PAY_CF29918C
PAY_4560539B,ORD_157CA0AB,MERCH_016,978800,INR,CAPTURED,2026-07-01T06:37:13Z,REF-PAY_4560539B
PAY_E2C5BE26,ORD_E1FEFB15,MERCH_011,1878500,INR,CAPTURED,2026-07-26T03:15:16Z,REF-PAY_E2C5BE26
PAY_3ADBE738,ORD_718B0E69,MERCH_013,1816100,INR,CAPTURED,2026-08-14T22:20:01Z,REF-PAY_3ADBE738
PAY_FB657F5E,ORD_854A735B,MERCH_011,1143300,INR,CAPTURED,2026-08-05T13:59:50Z,REF-PAY_FB657F5E
PAY_78BE5081,ORD_B48CEA4C,MERCH_016,348800,INR,CAPTURED,2026-08-07T04:46:31Z,REF-PAY_78BE5081
PAY_A59B0199,ORD_B48CEA4C,MERCH_016,348800,INR,CAPTURED,2026-08-07T04:46:31Z,REF-PAY_78BE5081
PAY_1FFC698F,ORD_2A606840,MERCH_007,342700,INR,CAPTURED,2026-07-11T15:31:14Z,REF-PAY_1FFC698F
PAY_729F2671,ORD_11EFC267,MERCH_021,125500,INR,CAPTURED,2026-07-01T15:07:16Z,REF-PAY_729F2671
PAY_736B7E38,ORD_ED3876F3,MERCH_014,276900,INR,CAPTURED,2026-07-06T08:44:52Z,REF-PAY_736B7E38
PAY_C94FC588,ORD_C3382CA7,MERCH_006,177400,INR,CAPTURED,2026-07-29T19:13:20Z,REF-PAY_C94FC588
PAY_4D990236,ORD_9785BB72,MERCH_014,673300,INR,CAPTURED,2026-08-16T21:36:44Z,REF-PAY_4D990236
PAY_7C695975,ORD_77467EC7,MERCH_019,731200,INR,CAPTURED,2026-07-31T02:53:02Z,REF-PAY_7C695975
PAY_8C63932A,ORD_33FC7641,MERCH_049,1469300,INR,CAPTURED,2026-08-31T01:45:08Z,REF-PAY_8C63932A
PAY_BE8049F0,ORD_2D4D8D46,MERCH_019,509200,INR,CAPTURED,2026-07-28T11:37:45Z,REF-PAY_BE8049F0
PAY_046E35C7,ORD_76A81C7B,MERCH_045,1494600,INR,CAPTURED,2026-07-14T18:03:44Z,REF-PAY_046E35C7
PAY_A9113311,ORD_FBD10167,MERCH_028,610400,INR,CAPTURED,2026-07-19T06:43:07Z,REF-PAY_A9113311
PAY_45CC7A70,ORD_FACFF622,MERCH_045,93600,INR,CAPTURED,2026-08-13T11:05:05Z,REF-PAY_45CC7A70
PAY_5DBD4468,ORD_5703EA2E,MERCH_004,1859800,INR,CAPTURED,2026-08-05T15:59:02Z,REF-PAY_5DBD4468
PAY_212F96E7,ORD_5703EA2E,MERCH_004,1859800,INR,CAPTURED,2026-08-05T15:59:02Z,REF-PAY_5DBD4468
PAY_318164E8,ORD_C6625CD7,MERCH_025,1056200,INR,CAPTURED,2026-07-21T03:00:24Z,REF-PAY_318164E8
PAY_2D097E98,ORD_B36160AF,MERCH_011,1683500,INR,CAPTURED,2026-08-21T10:50:31Z,REF-PAY_2D097E98
PAY_55B8FFBE,ORD_5CEB11A0,MERCH_035,1868600,INR,CAPTURED,2026-07-28T16:22:02Z,REF-PAY_55B8FFBE
PAY_6982B8A6,ORD_5CEB11A0,MERCH_035,1868600,INR,CAPTURED,2026-07-28T16:22:02Z,REF-PAY_55B8FFBE
PAY_2CC51EF4,ORD_73B92D67,MERCH_012,32500,INR,CAPTURED,2026-08-04T01:31:26Z,REF-PAY_2CC51EF4
PAY_82A07D17,ORD_FC204ED7,MERCH_029,1258700,INR,CAPTURED,2026-08-29T05:16:26Z,REF-PAY_82A07D17
PAY_3E9C3B93,ORD_65C7A13F,MERCH_028,1246500,INR,CAPTURED,2026-07-16T20:46:08Z,REF-PAY_3E9C3B93
PAY_AC85C926,ORD_D3CD167B,MERCH_043,1480600,INR,CAPTURED,2026-07-18T05:22:31Z,REF-PAY_AC85C926
PAY_6FDB96FC,ORD_641933F1,MERCH_037,1689200,INR,CAPTURED,2026-07-24T10:29:04Z,REF-PAY_6FDB96FC
PAY_0FDB43C0,ORD_97DAC9F4,MERCH_029,1770300,INR,CAPTURED,2026-08-17T20:52:44Z,REF-PAY_0FDB43C0
PAY_FFEE2406,ORD_D16C9F19,MERCH_019,468800,INR,CAPTURED,2026-07-19T16:38:43Z,REF-PAY_FFEE2406
PAY_B107044B,ORD_791C7F73,MERCH_010,1911200,INR,CAPTURED,2026-07-14T20:09:51Z,REF-PAY_B107044B
PAY_7F314C50,ORD_53E563EF,MERCH_020,1114300,INR,CAPTURED,2026-07-20T15:04:40Z,REF-PAY_7F314C50
PAY_443A0D39,ORD_16C036A4,MERCH_001,486300,INR,CAPTURED,2026-07-28T22:59:05Z,REF-PAY_443A0D39
PAY_5B766923,ORD_16C036A4,MERCH_001,486300,INR,CAPTURED,2026-07-28T22:59:05Z,REF-PAY_443A0D39
PAY_34EE30E1,ORD_E78F4508,MERCH_014,325700,INR,CAPTURED,2026-08-04T14:22:47Z,REF-PAY_34EE30E1
PAY_3D43C5C1,ORD_FA82F961,MERCH_045,1960400,INR,CAPTURED,2026-08-10T17:30:39Z,REF-PAY_3D43C5C1
PAY_D996B919,ORD_931A8C75,MERCH_018,182700,INR,CAPTURED,2026-08-30T15:28:28Z,REF-PAY_D996B919
PAY_2A517549,ORD_931A8C75,MERCH_018,182700,INR,CAPTURED,2026-08-30T15:28:28Z,REF-PAY_D996B919
PAY_9BB321D6,ORD_AA47B1DF,MERCH_032,793800,INR,CAPTURED,2026-07-28T09:45:01Z,REF-PAY_9BB321D6
PAY_50D214A2,ORD_9FBA1FB8,MERCH_009,164400,INR,CAPTURED,2026-08-13T15:25:52Z,REF-PAY_50D214A2
PAY_DA3FA0EF,ORD_6A16F636,MERCH_021,1134200,INR,CAPTURED,2026-08-19T12:59:32Z,REF-PAY_DA3FA0EF
PAY_4338F64E,ORD_03A46D90,MERCH_040,1135600,INR,CAPTURED,2026-08-28T01:20:11Z,REF-PAY_4338F64E
PAY_7F217B6E,ORD_03A46D90,MERCH_040,1135600,INR,CAPTURED,2026-08-28T01:20:11Z,REF-PAY_4338F64E
PAY_FA1600FA,ORD_C13C808B,MERCH_003,867500,INR,CAPTURED,2026-08-10T07:12:20Z,REF-PAY_FA1600FA
PAY_DAF86D5F,ORD_0A06BB9F,MERCH_004,1107100,INR,CAPTURED,2026-08-28T17:35:46Z,REF-PAY_DAF86D5F
PAY_23DFAD5F,ORD_60A48311,MERCH_042,1614400,INR,CAPTURED,2026-07-24T20:06:40Z,REF-PAY_23DFAD5F
PAY_CF25F0A6,ORD_5A6D19CD,MERCH_046,1964000,INR,CAPTURED,2026-08-10T14:06:55Z,REF-PAY_CF25F0A6
PAY_51E7850C,ORD_28981E30,MERCH_027,1748700,INR,CAPTURED,2026-08-09T18:48:57Z,REF-PAY_51E7850C
PAY_5EB558AC,ORD_C37BCE50,MERCH_003,532500,INR,CAPTURED,2026-07-22T04:01:54Z,REF-PAY_5EB558AC
PAY_1DE342CA,ORD_54F7227C,MERCH_047,1997800,INR,CAPTURED,2026-08-02T07:01:48Z,REF-PAY_1DE342CA
PAY_3E935B71,ORD_4F4587BA,MERCH_032,1193400,INR,CAPTURED,2026-08-11T20:46:18Z,REF-PAY_3E935B71
PAY_5ACE4322,ORD_C83CAAC2,MERCH_026,1818600,INR,CAPTURED,2026-07-18T07:30:54Z,REF-PAY_5ACE4322
PAY_66E21A1F,ORD_C83CAAC2,MERCH_026,1818600,INR,CAPTURED,2026-07-18T07:30:54Z,REF-PAY_5ACE4322
PAY_737D92CE,ORD_3D83B07A,MERCH_002,100500,INR,CAPTURED,2026-08-07T06:32:17Z,REF-PAY_737D92CE
PAY_27CF4A16,ORD_3D83B07A,MERCH_002,100500,INR,CAPTURED,2026-08-07T06:32:17Z,REF-PAY_737D92CE
PAY_1BBE7EDF,ORD_42BB5E9C,MERCH_044,1011800,INR,CAPTURED,2026-07-06T13:43:09Z,REF-PAY_1BBE7EDF
PAY_9CF459AE,ORD_11E8CA35,MERCH_026,487300,INR,CAPTURED,2026-07-05T06:12:26Z,REF-PAY_9CF459AE
PAY_66FBF96B,ORD_047A9B77,MERCH_014,1493400,INR,CAPTURED,2026-07-31T11:31:00Z,REF-PAY_66FBF96B
PAY_A00E9B7E,ORD_047A9B77,MERCH_014,1493400,INR,CAPTURED,2026-07-31T11:31:00Z,REF-PAY_66FBF96B
PAY_E9517E4D,ORD_98331C75,MERCH_017,1927000,INR,CAPTURED,2026-07-29T03:44:25Z,REF-PAY_E9517E4D
PAY_C4A5639E,ORD_B8A4E14E,MERCH_045,919400,INR,CAPTURED,2026-07-05T06:50:59Z,REF-PAY_C4A5639E
PAY_FF065C45,ORD_F5651959,MERCH_035,423200,INR,CAPTURED,2026-08-31T04:08:00Z,REF-PAY_FF065C45
PAY_E628314C,ORD_ED0404D0,MERCH_044,589500,INR,CAPTURED,2026-08-21T18:36:52Z,REF-PAY_E628314C
PAY_380625A9,ORD_011C27BF,MERCH_029,553800,INR,CAPTURED,2026-07-18T08:24:13Z,REF-PAY_380625A9
PAY_EBF370FB,ORD_7ABA3046,MERCH_021,787600,INR,CAPTURED,2026-08-06T11:51:49Z,REF-PAY_EBF370FB
PAY_D0C056E3,ORD_804858A1,MERCH_027,289000,INR,CAPTURED,2026-07-28T01:23:10Z,REF-PAY_D0C056E3
PAY_16CA1F99,ORD_9B55B212,MERCH_045,1475300,INR,CAPTURED,2026-08-17T01:05:05Z,REF-PAY_16CA1F99
PAY_63F7974D,ORD_72F6761F,MERCH_012,1549400,INR,CAPTURED,2026-08-12T18:23:14Z,REF-PAY_63F7974D
PAY_99B26D95,ORD_C53C6A9E,MERCH_009,482800,INR,CAPTURED,2026-08-25T16:02:46Z,REF-PAY_99B26D95
PAY_EC130933,ORD_BFAC15AC,MERCH_034,1066000,INR,CAPTURED,2026-07-15T09:17:36Z,REF-PAY_EC130933
PAY_DCCE1280,ORD_B4BF5967,MERCH_047,1143700,INR,CAPTURED,2026-07-06T17:23:32Z,REF-PAY_DCCE1280
PAY_30A40943,ORD_CA8A3B4A,MERCH_045,233800,INR,CAPTURED,2026-07-29T08:46:56Z,REF-PAY_30A40943
PAY_D689B8E8,ORD_E627E425,MERCH_037,265700,INR,CAPTURED,2026-08-13T14:36:29Z,REF-PAY_D689B8E8
PAY_CAFA616C,ORD_5D6B69B3,MERCH_006,475800,INR,CAPTURED,2026-08-01T17:50:27Z,REF-PAY_CAFA616C
PAY_D07F545C,ORD_1A1FFE5E,MERCH_023,1094200,INR,CAPTURED,2026-08-24T19:11:06Z,REF-PAY_D07F545C
PAY_4DF0A92C,ORD_A77A5CC7,MERCH_032,1953000,INR,CAPTURED,2026-08-02T13:22:45Z,REF-PAY_4DF0A92C
PAY_FBFE4BA7,ORD_0AD84082,MERCH_049,226400,INR,CAPTURED,2026-08-12T17:59:35Z,REF-PAY_FBFE4BA7
PAY_6030BE06,ORD_004BC001,MERCH_007,1710700,INR,CAPTURED,2026-08-20T16:45:45Z,REF-PAY_6030BE06
PAY_D02B2FDA,ORD_5A1FD280,MERCH_005,845100,INR,CAPTURED,2026-07-01T03:12:14Z,REF-PAY_D02B2FDA
PAY_2B219604,ORD_99A24DCA,MERCH_005,1142900,INR,CAPTURED,2026-07-29T13:42:14Z,REF-PAY_2B219604
PAY_40497611,ORD_971B220A,MERCH_013,1401500,INR,CAPTURED,2026-07-28T19:10:25Z,REF-PAY_40497611
PAY_AD229E8D,ORD_F18F9216,MERCH_020,974300,INR,CAPTURED,2026-07-02T01:42:14Z,REF-PAY_AD229E8D
PAY_41A1B8F2,ORD_E9931C98,MERCH_008,1844100,INR,CAPTURED,2026-08-17T16:02:22Z,REF-PAY_41A1B8F2
PAY_0104A8B3,ORD_9D6151DA,MERCH_045,373000,INR,CAPTURED,2026-07-25T02:58:55Z,REF-PAY_0104A8B3
PAY_94068C3B,ORD_DE249501,MERCH_045,593600,INR,CAPTURED,2026-07-07T19:54:06Z,REF-PAY_94068C3B
PAY_192B1F6F,ORD_CD5A4593,MERCH_015,30000000,INR,CAPTURED,2026-07-09T21:58:35Z,REF-PAY_192B1F6F
PAY_7FA02AD0,ORD_6D8452D2,MERCH_034,289300,INR,CAPTURED,2026-08-07T16:56:36Z,REF-PAY_7FA02AD0
PAY_45F7289F,ORD_E88C59A3,MERCH_037,644300,INR,CAPTURED,2026-07-17T02:21:31Z,REF-PAY_45F7289F
PAY_387BC476,ORD_E88C59A3,MERCH_037,644300,INR,CAPTURED,2026-07-17T02:21:31Z,REF-PAY_45F7289F
PAY_F9CFE575,ORD_9D6DE9C2,MERCH_022,706900,INR,CAPTURED,2026-07-22T12:29:18Z,REF-PAY_F9CFE575
PAY_271AF1DA,ORD_6B68FA1D,MERCH_013,1027900,INR,CAPTURED,2026-08-15T13:34:19Z,REF-PAY_271AF1DA
PAY_E886C85C,ORD_C2F2B225,MERCH_042,1252800,INR,CAPTURED,2026-08-09T07:20:31Z,REF-PAY_E886C85C
PAY_CD76C69F,ORD_21B370BF,MERCH_008,827400,INR,CAPTURED,2026-08-29T13:02:33Z,REF-PAY_CD76C69F
PAY_67030857,ORD_C9C91558,MERCH_004,1155900,INR,CAPTURED,2026-07-18T08:41:41Z,REF-PAY_67030857
PAY_2F5FFA10,ORD_75F2FD85,MERCH_007,1050600,INR,CAPTURED,2026-07-16T14:05:24Z,REF-PAY_2F5FFA10
PAY_F95A3C80,ORD_7BF0D973,MERCH_005,598100,INR,CAPTURED,2026-07-08T12:52:46Z,REF-PAY_F95A3C80
PAY_77A4A48A,ORD_531678D8,MERCH_033,812800,INR,CAPTURED,2026-08-04T13:22:18Z,REF-PAY_77A4A48A
PAY_E8671A4B,ORD_99E1A063,MERCH_036,1630600,INR,CAPTURED,2026-08-09T07:03:00Z,REF-PAY_E8671A4B
PAY_6CD90873,ORD_17657751,MERCH_048,1844500,INR,CAPTURED,2026-07-14T20:42:53Z,REF-PAY_6CD90873
PAY_F8A27919,ORD_18006FB3,MERCH_014,899400,INR,CAPTURED,2026-08-01T07:14:40Z,REF-PAY_F8A27919
PAY_E236D452,ORD_6B42147F,MERCH_012,30000000,INR,CAPTURED,2026-07-30T10:22:26Z,REF-PAY_E236D452
PAY_82344999,ORD_B50D93F4,MERCH_042,679900,INR,CAPTURED,2026-08-17T03:44:59Z,REF-PAY_82344999
PAY_13908A50,ORD_A4751AE4,MERCH_024,605000,INR,CAPTURED,2026-07-29T03:07:57Z,REF-PAY_13908A50
PAY_5FAF2EAB,ORD_B58DD355,MERCH_023,395700,INR,CAPTURED,2026-08-19T18:28:14Z,REF-PAY_5FAF2EAB
PAY_86D8190B,ORD_27D8A4F5,MERCH_028,249500,INR,CAPTURED,2026-08-29T01:37:20Z,REF-PAY_86D8190B
PAY_BA580C3E,ORD_ADB94664,MERCH_001,399000,INR,CAPTURED,2026-08-17T22:37:44Z,REF-PAY_BA580C3E
PAY_F2451567,ORD_ADB94664,MERCH_001,399000,INR,CAPTURED,2026-08-17T22:37:44Z,REF-PAY_BA580C3E
PAY_9CEDCF63,ORD_1127EE31,MERCH_039,1464900,INR,CAPTURED,2026-07-03T03:09:52Z,REF-PAY_9CEDCF63
PAY_D99995D5,ORD_FCE71258,MERCH_021,60000000,INR,CAPTURED,2026-08-20T21:52:53Z,REF-PAY_D99995D5
PAY_0649FE0A,ORD_38BF212C,MERCH_011,1431900,INR,CAPTURED,2026-08-12T16:04:51Z,REF-PAY_0649FE0A
PAY_77953F0C,ORD_8C591B3D,MERCH_003,1574600,INR,CAPTURED,2026-07-13T22:26:35Z,REF-PAY_77953F0C
PAY_008B5740,ORD_B68FF570,MERCH_042,1703000,INR,CAPTURED,2026-08-21T18:39:13Z,REF-PAY_008B5740
PAY_3B42B7DC,ORD_33565099,MERCH_043,1213500,INR,CAPTURED,2026-08-19T09:09:23Z,REF-PAY_3B42B7DC
PAY_C4EF1D99,ORD_F955B784,MERCH_021,952400,INR,CAPTURED,2026-08-22T13:18:04Z,REF-PAY_C4EF1D99
PAY_41A1D795,ORD_F955B784,MERCH_021,952400,INR,CAPTURED,2026-08-22T13:18:04Z,REF-PAY_C4EF1D99
PAY_D83FBACE,ORD_EBAC07FD,MERCH_032,789100,INR,CAPTURED,2026-07-07T15:28:55Z,REF-PAY_D83FBACE
PAY_4588D12E,ORD_6A6EDAA0,MERCH_026,891800,INR,CAPTURED,2026-08-02T23:51:13Z,REF-PAY_4588D12E
PAY_655FE19F,ORD_1E0D7DE6,MERCH_008,1940400,INR,CAPTURED,2026-07-24T07:56:15Z,REF-PAY_655FE19F
PAY_6A6F0DF8,ORD_EB3DF90D,MERCH_034,769800,INR,CAPTURED,2026-07-14T13:08:38Z,REF-PAY_6A6F0DF8
PAY_67787DFC,ORD_A62044DB,MERCH_033,1456900,INR,CAPTURED,2026-07-12T05:34:25Z,REF-PAY_67787DFC
PAY_DDD16D95,ORD_413BFDBC,MERCH_034,984200,INR,CAPTURED,2026-08-12T06:48:03Z,REF-PAY_DDD16D95
PAY_37689394,ORD_AEA090E8,MERCH_024,20200,INR,CAPTURED,2026-08-20T13:08:41Z,REF-PAY_37689394
PAY_3B39EF7E,ORD_F5CE9874,MERCH_008,891000,INR,CAPTURED,2026-07-03T21:31:02Z,REF-PAY_3B39EF7E
PAY_E03BA1DE,ORD_9585E3BF,MERCH_008,372000,INR,CAPTURED,2026-08-19T17:44:06Z,REF-PAY_E03BA1DE
PAY_C6B2FB87,ORD_6BE47725,MERCH_013,1809200,INR,CAPTURED,2026-07-29T05:00:52Z,REF-PAY_C6B2FB87
PAY_2E8FAB5D,ORD_252CE05D,MERCH_017,942800,INR,CAPTURED,2026-08-26T10:36:37Z,REF-PAY_2E8FAB5D
PAY_99A70578,ORD_5568344C,MERCH_023,1304300,INR,CAPTURED,2026-08-10T22:59:39Z,REF-PAY_99A70578
PAY_9C33F665,ORD_3651FA3D,MERCH_049,1352400,INR,CAPTURED,2026-07-03T08:38:22Z,REF-PAY_9C33F665
PAY_BB283313,ORD_4929F91B,MERCH_024,584200,INR,CAPTURED,2026-07-07T14:52:13Z,REF-PAY_BB283313
PAY_2CBDAB85,ORD_A4B0E653,MERCH_048,1227600,INR,CAPTURED,2026-08-24T19:21:49Z,REF-PAY_2CBDAB85
PAY_58F42D30,ORD_71B848B1,MERCH_041,1582400,INR,CAPTURED,2026-08-20T22:15:20Z,REF-PAY_58F42D30
PAY_0658578E,ORD_F19D4C47,MERCH_027,196200,INR,CAPTURED,2026-07-19T06:58:04Z,REF-PAY_0658578E
PAY_FE3E095E,ORD_F19D4C47,MERCH_027,196200,INR,CAPTURED,2026-07-19T06:58:04Z,REF-PAY_0658578E
PAY_223B602E,ORD_1FA51838,MERCH_002,1246300,INR,CAPTURED,2026-07-24T20:31:13Z,REF-PAY_223B602E
PAY_B2360787,ORD_82A814C7,MERCH_028,1437200,INR,CAPTURED,2026-07-06T15:49:06Z,REF-PAY_B2360787
PAY_6ED4079E,ORD_232BB5CB,MERCH_013,651400,INR,CAPTURED,2026-07-02T19:17:30Z,REF-PAY_6ED4079E
PAY_42BB81DB,ORD_A640E32D,MERCH_031,687000,INR,CAPTURED,2026-08-31T13:05:52Z,REF-PAY_42BB81DB
PAY_4095781E,ORD_825F512E,MERCH_047,1872500,INR,CAPTURED,2026-08-04T08:49:18Z,REF-PAY_4095781E
PAY_B7BF119A,ORD_036DED85,MERCH_026,499000,INR,CAPTURED,2026-07-16T07:45:43Z,REF-PAY_B7BF119A
PAY_7A3AAF25,ORD_036DED85,MERCH_026,499000,INR,CAPTURED,2026-07-16T07:45:43Z,REF-PAY_B7BF119A
PAY_B7B34024,ORD_1145006F,MERCH_027,1821400,INR,CAPTURED,2026-08-21T17:07:52Z,REF-PAY_B7B34024
PAY_0C268FD7,ORD_79B2DDD9,MERCH_009,1486700,INR,CAPTURED,2026-07-30T03:50:26Z,REF-PAY_0C268FD7
PAY_5973DB67,ORD_DEAFB26A,MERCH_010,1485000,INR,CAPTURED,2026-08-03T22:06:21Z,REF-PAY_5973DB67
PAY_B9D23104,ORD_7498BC85,MERCH_048,841900,INR,CAPTURED,2026-07-18T09:54:30Z,REF-PAY_B9D23104
PAY_B8DE8CDF,ORD_2C80764B,MERCH_045,994900,INR,CAPTURED,2026-08-14T06:33:23Z,REF-PAY_B8DE8CDF
PAY_93E05BC6,ORD_EE11AEE1,MERCH_044,1141600,INR,CAPTURED,2026-07-28T20:16:23Z,REF-PAY_93E05BC6
PAY_0A1CA60F,ORD_05FC2C24,MERCH_033,715900,INR,CAPTURED,2026-07-24T15:12:18Z,REF-PAY_0A1CA60F
PAY_F3FF991F,ORD_E4DD6197,MERCH_044,1738700,INR,CAPTURED,2026-08-15T08:17:18Z,REF-PAY_F3FF991F
PAY_995CF3A7,ORD_5E3DB6E7,MERCH_036,827100,INR,CAPTURED,2026-07-12T06:42:43Z,REF-PAY_995CF3A7
PAY_CD32F342,ORD_F577119D,MERCH_024,372400,INR,CAPTURED,2026-07-11T02:02:19Z,REF-PAY_CD32F342
PAY_BA746282,ORD_9DE1F378,MERCH_021,1266200,INR,CAPTURED,2026-07-22T15:31:08Z,REF-PAY_BA746282
PAY_8533644F,ORD_2B4D89D8,MERCH_032,1217100,INR,CAPTURED,2026-07-05T07:55:16Z,REF-PAY_8533644F
PAY_0B45E883,ORD_AC4EEDD9,MERCH_017,516700,INR,CAPTURED,2026-08-23T02:04:53Z,REF-PAY_0B45E883
PAY_52C0EA47,ORD_36CABB62,MERCH_047,1368700,INR,CAPTURED,2026-08-25T19:23:30Z,REF-PAY_52C0EA47
PAY_933A42C8,ORD_95C0CC18,MERCH_044,1836100,INR,CAPTURED,2026-08-29T06:30:02Z,REF-PAY_933A42C8
PAY_8E1CA84A,ORD_2519493B,MERCH_033,369300,INR,CAPTURED,2026-07-06T16:40:41Z,REF-PAY_8E1CA84A
PAY_660E6D75,ORD_5C54F201,MERCH_044,1736500,INR,CAPTURED,2026-07-06T18:08:47Z,REF-PAY_660E6D75
PAY_164BE712,ORD_CD399818,MERCH_011,1441200,INR,CAPTURED,2026-08-25T09:37:19Z,REF-PAY_164BE712
PAY_1BAC6C2A,ORD_59E30F04,MERCH_041,102500,INR,CAPTURED,2026-08-29T13:35:20Z,REF-PAY_1BAC6C2A
PAY_BE12A67B,ORD_926B8E18,MERCH_018,533600,INR,CAPTURED,2026-08-13T06:02:08Z,REF-PAY_BE12A67B
PAY_2BC1F6C0,ORD_082CD85B,MERCH_042,15000000,INR,CAPTURED,2026-08-11T15:22:22Z,REF-PAY_2BC1F6C0
PAY_77EC94A8,ORD_3DA453B3,MERCH_035,729700,INR,CAPTURED,2026-08-21T21:08:44Z,REF-PAY_77EC94A8
PAY_38429ADB,ORD_2DF2B1AE,MERCH_035,1366700,INR,CAPTURED,2026-07-30T15:06:37Z,REF-PAY_38429ADB
PAY_60C6D0C2,ORD_88DD8289,MERCH_013,758200,INR,CAPTURED,2026-08-12T07:12:20Z,REF-PAY_60C6D0C2
PAY_607160BE,ORD_6F2D7FF3,MERCH_022,140700,INR,CAPTURED,2026-07-07T16:49:19Z,REF-PAY_607160BE
PAY_B4F567C6,ORD_08D66D12,MERCH_029,597300,INR,CAPTURED,2026-08-10T18:08:10Z,REF-PAY_B4F567C6
PAY_A0C76427,ORD_F7C89C23,MERCH_028,138300,INR,CAPTURED,2026-08-20T06:49:36Z,REF-PAY_A0C76427
PAY_3DBFC99A,ORD_B394AAD3,MERCH_028,731800,INR,CAPTURED,2026-08-25T18:19:43Z,REF-PAY_3DBFC99A
PAY_165960A5,ORD_577BC4AF,MERCH_005,1966500,INR,CAPTURED,2026-08-17T14:17:13Z,REF-PAY_165960A5
PAY_41C75C4C,ORD_02DEA097,MERCH_004,1239800,INR,CAPTURED,2026-09-01T02:25:46Z,REF-PAY_41C75C4C
PAY_D35F0C00,ORD_2622E017,MERCH_049,60000000,INR,CAPTURED,2026-08-17T12:14:47Z,REF-PAY_D35F0C00
PAY_4E6A70EE,ORD_EB4B3D7E,MERCH_018,573100,INR,CAPTURED,2026-07-13T05:03:45Z,REF-PAY_4E6A70EE
PAY_D16867B1,ORD_20E3688F,MERCH_028,1857800,INR,CAPTURED,2026-07-21T17:34:03Z,REF-PAY_D16867B1
PAY_305995DF,ORD_CB810637,MERCH_029,1590100,INR,CAPTURED,2026-08-22T22:18:29Z,REF-PAY_305995DF
PAY_ED1DF275,ORD_4CF72821,MERCH_014,261000,INR,CAPTURED,2026-07-13T07:31:28Z,REF-PAY_ED1DF275
PAY_40776D51,ORD_A27B880D,MERCH_002,1306300,INR,CAPTURED,2026-08-08T02:18:24Z,REF-PAY_40776D51
PAY_74CDD3C1,ORD_BC7D11C8,MERCH_027,1817900,INR,CAPTURED,2026-07-11T09:55:34Z,REF-PAY_74CDD3C1
PAY_13484701,ORD_A0D6BF9D,MERCH_028,733900,INR,CAPTURED,2026-07-20T16:34:09Z,REF-PAY_13484701
PAY_252C5D13,ORD_EF0B0F6D,MERCH_041,284700,INR,CAPTURED,2026-07-13T17:55:10Z,REF-PAY_252C5D13
PAY_385E43A8,ORD_AFA46ABD,MERCH_036,487500,INR,CAPTURED,2026-07-30T01:57:38Z,REF-PAY_385E43A8
PAY_A5B519C6,ORD_A9F85D6F,MERCH_021,1753000,INR,CAPTURED,2026-08-20T16:21:56Z,REF-PAY_A5B519C6
PAY_D737AE7B,ORD_63942E02,MERCH_025,789500,INR,CAPTURED,2026-07-11T03:10:22Z,REF-PAY_D737AE7B
PAY_189E853B,ORD_0C8A796C,MERCH_029,1328600,INR,CAPTURED,2026-07-10T00:46:45Z,REF-PAY_189E853B
PAY_28968DF2,ORD_EEF8E37F,MERCH_042,289600,INR,CAPTURED,2026-07-07T16:50:06Z,REF-PAY_28968DF2
PAY_4A89AC49,ORD_5E0E05EC,MERCH_045,377200,INR,CAPTURED,2026-07-09T23:30:34Z,REF-PAY_4A89AC49
PAY_7689F18C,ORD_39966E8B,MERCH_029,1420200,INR,CAPTURED,2026-08-23T17:18:33Z,REF-PAY_7689F18C
PAY_2EEEED02,ORD_C5466429,MERCH_004,1188300,INR,CAPTURED,2026-08-13T06:27:20Z,REF-PAY_2EEEED02
PAY_F634C41B,ORD_0A163537,MERCH_026,868000,INR,CAPTURED,2026-08-19T14:51:59Z,REF-PAY_F634C41B
PAY_233F1F43,ORD_B6845AA8,MERCH_013,753200,INR,CAPTURED,2026-08-12T01:23:43Z,REF-PAY_233F1F43
PAY_83A08629,ORD_939BA673,MERCH_004,1120900,INR,CAPTURED,2026-07-28T05:10:57Z,REF-PAY_83A08629
PAY_E0F90D86,ORD_FD004749,MERCH_006,611200,INR,CAPTURED,2026-08-22T04:16:08Z,REF-PAY_E0F90D86
PAY_66D81090,ORD_2BE9ED5B,MERCH_021,1254800,INR,CAPTURED,2026-07-18T01:20:05Z,REF-PAY_66D81090
PAY_3CCE5B86,ORD_2C000439,MERCH_029,1841400,INR,CAPTURED,2026-07-25T16:37:09Z,REF-PAY_3CCE5B86
PAY_9FB0ECEB,ORD_2600F94F,MERCH_035,423400,INR,CAPTURED,2026-07-18T21:27:22Z,REF-PAY_9FB0ECEB
PAY_8D5F3098,ORD_67A29229,MERCH_020,1323200,INR,CAPTURED,2026-08-06T18:18:58Z,REF-PAY_8D5F3098
PAY_81733970,ORD_E99D9797,MERCH_024,1342500,INR,CAPTURED,2026-07-09T14:11:21Z,REF-PAY_81733970
PAY_E5499359,ORD_40E109ED,MERCH_044,1536300,INR,CAPTURED,2026-07-02T08:05:44Z,REF-PAY_E5499359
PAY_2A3BF1DC,ORD_C50824E5,MERCH_006,1572100,INR,CAPTURED,2026-07-04T21:14:43Z,REF-PAY_2A3BF1DC
PAY_202A6A8E,ORD_C50824E5,MERCH_006,1572100,INR,CAPTURED,2026-07-04T21:14:43Z,REF-PAY_2A3BF1DC
PAY_B62B03AD,ORD_B10546CE,MERCH_018,1495600,INR,CAPTURED,2026-07-06T19:05:03Z,REF-PAY_B62B03AD
PAY_78D49C5B,ORD_5687E954,MERCH_019,1637000,INR,CAPTURED,2026-08-16T13:04:43Z,REF-PAY_78D49C5B
PAY_F8CD1DEB,ORD_6349726A,MERCH_036,1135800,INR,CAPTURED,2026-08-30T16:31:49Z,REF-PAY_F8CD1DEB
PAY_DC96754D,ORD_44EE5833,MERCH_032,967600,INR,CAPTURED,2026-08-16T21:31:11Z,REF-PAY_DC96754D
PAY_FCB4503E,ORD_9B27276A,MERCH_025,1625300,INR,CAPTURED,2026-08-10T09:05:45Z,REF-PAY_FCB4503E
PAY_A0AEBCF7,ORD_7EC0E753,MERCH_003,1744200,INR,CAPTURED,2026-08-21T07:32:13Z,REF-PAY_A0AEBCF7
PAY_B18E1AF0,ORD_2A837CF6,MERCH_023,685500,INR,CAPTURED,2026-08-11T12:01:21Z,REF-PAY_B18E1AF0
PAY_2C4A9400,ORD_E00A0091,MERCH_027,1421000,INR,CAPTURED,2026-07-17T09:03:15Z,REF-PAY_2C4A9400
PAY_65BA2FAE,ORD_C13CE430,MERCH_017,1962300,INR,CAPTURED,2026-08-02T23:38:13Z,REF-PAY_65BA2FAE
PAY_7A76F0E3,ORD_087DAD03,MERCH_028,1720300,INR,CAPTURED,2026-07-29T10:07:05Z,REF-PAY_7A76F0E3
PAY_E41DCCA8,ORD_087DAD03,MERCH_028,1720300,INR,CAPTURED,2026-07-29T10:07:05Z,REF-PAY_7A76F0E3
PAY_D1ABD72A,ORD_D4C55048,MERCH_027,5500000,INR,CAPTURED,2026-08-13T08:00:38Z,REF-PAY_D1ABD72A
PAY_5C3DE50F,ORD_E573613D,MERCH_005,943900,INR,CAPTURED,2026-07-23T16:03:54Z,REF-PAY_5C3DE50F
PAY_A918CDEF,ORD_3E8F7579,MERCH_034,146100,INR,CAPTURED,2026-08-17T03:29:14Z,REF-PAY_A918CDEF
PAY_343BFE42,ORD_3E8F7579,MERCH_034,146100,INR,CAPTURED,2026-08-17T03:29:14Z,REF-PAY_A918CDEF
PAY_1F30B4F3,ORD_A909DA67,MERCH_035,1718500,INR,CAPTURED,2026-07-30T11:53:58Z,REF-PAY_1F30B4F3
PAY_318DA342,ORD_FF6D8FE9,MERCH_026,1944200,INR,CAPTURED,2026-07-19T13:06:44Z,REF-PAY_318DA342
PAY_BA155752,ORD_56A918F2,MERCH_036,134800,INR,CAPTURED,2026-08-18T20:40:44Z,REF-PAY_BA155752
PAY_C0674C0A,ORD_3B9FEFF3,MERCH_039,1793800,INR,CAPTURED,2026-08-31T22:59:59Z,REF-PAY_C0674C0A
PAY_6582B3E3,ORD_AC7468A8,MERCH_036,1895800,INR,CAPTURED,2026-07-25T21:08:23Z,REF-PAY_6582B3E3
PAY_8BCAF6A9,ORD_ADA55526,MERCH_016,1350500,INR,CAPTURED,2026-07-30T04:10:59Z,REF-PAY_8BCAF6A9
PAY_2280EFF8,ORD_1608E9BF,MERCH_036,100700,INR,CAPTURED,2026-07-12T15:18:07Z,REF-PAY_2280EFF8
PAY_C183CC29,ORD_88452ACB,MERCH_014,1678600,INR,CAPTURED,2026-07-23T14:45:27Z,REF-PAY_C183CC29
PAY_F6CC535D,ORD_9FEA349A,MERCH_011,514300,INR,CAPTURED,2026-08-08T00:24:51Z,REF-PAY_F6CC535D
PAY_B2793633,ORD_EF96767A,MERCH_042,1070200,INR,CAPTURED,2026-08-22T21:29:07Z,REF-PAY_B2793633
PAY_152EFEB6,ORD_59DBFC80,MERCH_038,1293900,INR,CAPTURED,2026-08-10T11:01:34Z,REF-PAY_152EFEB6
PAY_7630239B,ORD_66BF63E0,MERCH_044,1546400,INR,CAPTURED,2026-07-06T03:12:42Z,REF-PAY_7630239B
PAY_780BFFFC,ORD_9F45A80F,MERCH_014,1318000,INR,CAPTURED,2026-07-04T15:05:11Z,REF-PAY_780BFFFC
PAY_56672CCC,ORD_7A041603,MERCH_042,65600,INR,CAPTURED,2026-08-05T03:38:44Z,REF-PAY_56672CCC
PAY_66AE2E1F,ORD_D0FCD20B,MERCH_015,1547800,INR,CAPTURED,2026-07-07T06:15:20Z,REF-PAY_66AE2E1F
PAY_26681F96,ORD_8FF62554,MERCH_023,1782300,INR,CAPTURED,2026-08-09T17:48:50Z,REF-PAY_26681F96
PAY_D2163E30,ORD_AF0C142B,MERCH_031,252200,INR,CAPTURED,2026-08-02T02:11:13Z,REF-PAY_D2163E30
PAY_5764100B,ORD_FDCFAFA1,MERCH_013,489700,INR,CAPTURED,2026-07-03T11:48:21Z,REF-PAY_5764100B
PAY_EEE3CC99,ORD_708417EA,MERCH_027,1647400,INR,CAPTURED,2026-08-04T16:15:21Z,REF-PAY_EEE3CC99
PAY_9FC5C57D,ORD_5D6D0BCD,MERCH_042,411900,INR,CAPTURED,2026-07-13T04:34:22Z,REF-PAY_9FC5C57D
PAY_A09793EF,ORD_BFEBC169,MERCH_008,1327700,INR,CAPTURED,2026-09-01T16:33:34Z,REF-PAY_A09793EF
PAY_775895CA,ORD_1F52A5FC,MERCH_047,1721900,INR,CAPTURED,2026-08-25T11:18:26Z,REF-PAY_775895CA
PAY_C7DFD6EB,ORD_088E8EBC,MERCH_040,1252900,INR,CAPTURED,2026-07-02T20:38:57Z,REF-PAY_C7DFD6EB
PAY_B520D337,ORD_13BC4920,MERCH_033,433000,INR,CAPTURED,2026-08-25T10:24:59Z,REF-PAY_B520D337
PAY_EF09BB0C,ORD_B2C9E432,MERCH_014,684200,INR,CAPTURED,2026-07-03T11:02:39Z,REF-PAY_EF09BB0C
PAY_C86D0179,ORD_F040E438,MERCH_014,878700,INR,CAPTURED,2026-08-24T21:03:16Z,REF-PAY_C86D0179
PAY_5F79E13B,ORD_DEEC0337,MERCH_014,1029400,INR,CAPTURED,2026-07-15T00:47:50Z,REF-PAY_5F79E13B
PAY_6EAD9FD8,ORD_9FA9E478,MERCH_041,904000,INR,CAPTURED,2026-08-20T20:25:18Z,REF-PAY_6EAD9FD8
PAY_94D75824,ORD_6464655D,MERCH_049,626600,INR,CAPTURED,2026-07-07T20:44:49Z,REF-PAY_94D75824
PAY_219693EC,ORD_6464655D,MERCH_049,626600,INR,CAPTURED,2026-07-07T20:44:49Z,REF-PAY_94D75824
PAY_87DFCD44,ORD_AB88C58A,MERCH_034,1382200,INR,CAPTURED,2026-08-14T13:21:53Z,REF-PAY_87DFCD44
PAY_778A5B85,ORD_60B3C9C5,MERCH_008,1308800,INR,CAPTURED,2026-07-25T15:05:40Z,REF-PAY_778A5B85
PAY_CAE7900E,ORD_27F94C06,MERCH_009,1151800,INR,CAPTURED,2026-07-15T21:20:56Z,REF-PAY_CAE7900E
PAY_B70BFDCA,ORD_84244852,MERCH_039,701000,INR,CAPTURED,2026-07-28T01:43:53Z,REF-PAY_B70BFDCA
PAY_D9DF7049,ORD_1939B2F1,MERCH_034,1814600,INR,CAPTURED,2026-08-06T15:19:40Z,REF-PAY_D9DF7049
PAY_93F10F75,ORD_60FF205B,MERCH_025,345300,INR,CAPTURED,2026-07-15T07:04:10Z,REF-PAY_93F10F75
PAY_435AE19E,ORD_0202C270,MERCH_008,358900,INR,CAPTURED,2026-08-18T20:05:39Z,REF-PAY_435AE19E
PAY_FFFB641C,ORD_0202C270,MERCH_008,358900,INR,CAPTURED,2026-08-18T20:05:39Z,REF-PAY_435AE19E
PAY_73E3F3FC,ORD_254E2C88,MERCH_020,1775300,INR,CAPTURED,2026-08-25T20:35:43Z,REF-PAY_73E3F3FC
PAY_69A8619C,ORD_2A4A745C,MERCH_044,30000000,INR,CAPTURED,2026-08-20T23:47:31Z,REF-PAY_69A8619C
PAY_2A63BDC7,ORD_B485DF1D,MERCH_033,23600,INR,CAPTURED,2026-08-15T16:58:09Z,REF-PAY_2A63BDC7
PAY_E5B9C3FE,ORD_F67470BE,MERCH_039,581500,INR,CAPTURED,2026-07-10T22:53:47Z,REF-PAY_E5B9C3FE
PAY_0EDE9F67,ORD_CF9963FB,MERCH_047,913400,INR,CAPTURED,2026-07-29T14:59:55Z,REF-PAY_0EDE9F67
PAY_C9A123DA,ORD_2BCAE662,MERCH_036,1537500,INR,CAPTURED,2026-07-18T04:57:07Z,REF-PAY_C9A123DA
PAY_A67430D0,ORD_824A9A57,MERCH_045,1926100,INR,CAPTURED,2026-07-27T04:09:25Z,REF-PAY_A67430D0
PAY_1A1953AE,ORD_E2E255FF,MERCH_045,1304500,INR,CAPTURED,2026-07-12T04:50:41Z,REF-PAY_1A1953AE
PAY_6CC0754B,ORD_CBFF4EAB,MERCH_037,359400,INR,CAPTURED,2026-08-18T06:55:35Z,REF-PAY_6CC0754B
PAY_752E8D96,ORD_B81C6672,MERCH_008,1001400,INR,CAPTURED,2026-08-27T10:07:43Z,REF-PAY_752E8D96
PAY_BAFB6C68,ORD_CF711BDE,MERCH_048,5500000,INR,CAPTURED,2026-08-14T01:31:14Z,REF-PAY_BAFB6C68
PAY_C23D1652,ORD_5195CBF9,MERCH_035,1408200,INR,CAPTURED,2026-08-30T07:02:32Z,REF-PAY_C23D1652
PAY_7CE5F6F8,ORD_B456D606,MERCH_035,666800,INR,CAPTURED,2026-08-30T14:14:11Z,REF-PAY_7CE5F6F8
PAY_C990508C,ORD_547DEE09,MERCH_009,863600,INR,CAPTURED,2026-08-01T14:04:06Z,REF-PAY_C990508C
PAY_C0958693,ORD_B3D3E7CC,MERCH_032,377400,INR,CAPTURED,2026-07-23T07:59:12Z,REF-PAY_C0958693
PAY_A399D0F1,ORD_2FE3705E,MERCH_003,637400,INR,CAPTURED,2026-09-01T02:35:41Z,REF-PAY_A399D0F1
PAY_72A47368,ORD_48C68D63,MERCH_004,1721700,INR,CAPTURED,2026-07-13T22:22:08Z,REF-PAY_72A47368
PAY_607BBC65,ORD_A471B620,MERCH_018,196400,INR,CAPTURED,2026-07-12T08:42:50Z,REF-PAY_607BBC65
PAY_3AF3C6A8,ORD_7C27D89F,MERCH_019,1820800,INR,CAPTURED,2026-07-19T04:14:16Z,REF-PAY_3AF3C6A8
PAY_301AE945,ORD_7C27D89F,MERCH_019,1820800,INR,CAPTURED,2026-07-19T04:14:16Z,REF-PAY_3AF3C6A8
PAY_FC1CBA7C,ORD_684891F4,MERCH_046,60000000,INR,CAPTURED,2026-07-29T08:55:39Z,REF-PAY_FC1CBA7C
PAY_04F1A57E,ORD_FD51DCBA,MERCH_019,798700,INR,CAPTURED,2026-07-10T05:50:49Z,REF-PAY_04F1A57E
PAY_D2EC2EFA,ORD_CD169CC5,MERCH_007,1118200,INR,CAPTURED,2026-07-30T03:03:31Z,REF-PAY_D2EC2EFA
PAY_71E100E8,ORD_A3D0CC7F,MERCH_039,711000,INR,CAPTURED,2026-07-22T08:09:59Z,REF-PAY_71E100E8
PAY_AE49F481,ORD_A3D0CC7F,MERCH_039,711000,INR,CAPTURED,2026-07-22T08:09:59Z,REF-PAY_71E100E8
PAY_CC31D739,ORD_454D7417,MERCH_033,273100,INR,CAPTURED,2026-08-22T09:59:01Z,REF-PAY_CC31D739
PAY_F22EF38A,ORD_62DC1F35,MERCH_040,656800,INR,CAPTURED,2026-07-29T17:22:30Z,REF-PAY_F22EF38A
PAY_380CDD66,ORD_ACCF3EBF,MERCH_049,1741100,INR,CAPTURED,2026-08-15T06:16:58Z,REF-PAY_380CDD66
PAY_1C8CD14E,ORD_1C1F36CD,MERCH_023,977700,INR,CAPTURED,2026-07-31T20:57:39Z,REF-PAY_1C8CD14E
PAY_C4CB75EF,ORD_0E57A5F6,MERCH_018,854400,INR,CAPTURED,2026-08-28T12:30:46Z,REF-PAY_C4CB75EF
PAY_1CCCE486,ORD_45C37217,MERCH_046,1041000,INR,CAPTURED,2026-07-01T00:10:54Z,REF-PAY_1CCCE486
PAY_58C63E92,ORD_3E7ED7AB,MERCH_033,15000000,INR,CAPTURED,2026-07-18T20:40:35Z,REF-PAY_58C63E92
PAY_1F786106,ORD_9103F0CA,MERCH_022,1899400,INR,CAPTURED,2026-07-03T12:35:49Z,REF-PAY_1F786106
PAY_DA765205,ORD_E7FA9B83,MERCH_007,1933900,INR,CAPTURED,2026-07-18T18:12:44Z,REF-PAY_DA765205
PAY_937AEE1C,ORD_74B711D7,MERCH_032,775600,INR,CAPTURED,2026-07-17T12:16:07Z,REF-PAY_937AEE1C
PAY_2C069B32,ORD_7D91CEA6,MERCH_011,1814600,INR,CAPTURED,2026-08-05T07:37:30Z,REF-PAY_2C069B32
PAY_1011C57F,ORD_43710245,MERCH_009,1640000,INR,CAPTURED,2026-08-20T13:43:11Z,REF-PAY_1011C57F
PAY_8E31D6C7,ORD_35C430CB,MERCH_048,1059900,INR,CAPTURED,2026-07-01T05:56:45Z,REF-PAY_8E31D6C7
PAY_C9AB67E2,ORD_B771EFA7,MERCH_048,1299700,INR,CAPTURED,2026-07-22T03:51:26Z,REF-PAY_C9AB67E2
PAY_CB722A17,ORD_80746B25,MERCH_012,131300,INR,CAPTURED,2026-08-09T19:49:22Z,REF-PAY_CB722A17
PAY_0A10C0CE,ORD_CD20E385,MERCH_022,1012600,INR,CAPTURED,2026-07-01T09:27:35Z,REF-PAY_0A10C0CE
PAY_A7623073,ORD_E818507A,MERCH_005,1518600,INR,CAPTURED,2026-08-19T10:20:37Z,REF-PAY_A7623073
PAY_E82B4A0B,ORD_C5DAC293,MERCH_027,1574700,INR,CAPTURED,2026-08-21T10:04:52Z,REF-PAY_E82B4A0B
PAY_777217DF,ORD_0E28358B,MERCH_006,1885600,INR,CAPTURED,2026-07-27T00:16:50Z,REF-PAY_777217DF
PAY_8C21269D,ORD_06830FC9,MERCH_011,74800,INR,CAPTURED,2026-08-10T06:23:54Z,REF-PAY_8C21269D
PAY_D16B229C,ORD_06830FC9,MERCH_011,74800,INR,CAPTURED,2026-08-10T06:23:54Z,REF-PAY_8C21269D
PAY_E30C3C9C,ORD_B8C634C2,MERCH_039,1366900,INR,CAPTURED,2026-07-08T19:17:17Z,REF-PAY_E30C3C9C
PAY_56E66C87,ORD_07E93192,MERCH_032,91500,INR,CAPTURED,2026-08-31T04:01:29Z,REF-PAY_56E66C87
PAY_1A6DBB86,ORD_059774EA,MERCH_017,714500,INR,CAPTURED,2026-08-30T12:49:17Z,REF-PAY_1A6DBB86
PAY_1817B4C4,ORD_5059B29E,MERCH_016,823400,INR,CAPTURED,2026-07-27T02:02:27Z,REF-PAY_1817B4C4
PAY_3CDD0966,ORD_B2ECDC4B,MERCH_018,208100,INR,CAPTURED,2026-07-26T16:34:27Z,REF-PAY_3CDD0966
PAY_5DC9A633,ORD_A453F076,MERCH_014,879800,INR,CAPTURED,2026-08-31T00:11:46Z,REF-PAY_5DC9A633
PAY_EA5BDC9E,ORD_473DA42C,MERCH_023,1498600,INR,CAPTURED,2026-08-21T06:38:01Z,REF-PAY_EA5BDC9E
PAY_D6631C02,ORD_6A77FFF1,MERCH_026,1068000,INR,CAPTURED,2026-07-02T07:27:33Z,REF-PAY_D6631C02
PAY_A7F72117,ORD_75CC6B70,MERCH_024,507900,INR,CAPTURED,2026-08-30T22:53:23Z,REF-PAY_A7F72117
PAY_3996918C,ORD_4693EBE6,MERCH_036,1988900,INR,CAPTURED,2026-07-24T08:56:54Z,REF-PAY_3996918C
PAY_75C48329,ORD_963191FD,MERCH_015,1048600,INR,CAPTURED,2026-08-09T11:04:36Z,REF-PAY_75C48329
PAY_3D12B154,ORD_6D3C21F9,MERCH_037,1627100,INR,CAPTURED,2026-07-14T16:19:19Z,REF-PAY_3D12B154
PAY_890A24AB,ORD_F438D25F,MERCH_035,310700,INR,CAPTURED,2026-07-20T20:57:18Z,REF-PAY_890A24AB
PAY_C42B5990,ORD_6427500C,MERCH_005,1061000,INR,CAPTURED,2026-08-29T11:11:11Z,REF-PAY_C42B5990
PAY_9744E7CE,ORD_4F8A37A6,MERCH_014,569200,INR,CAPTURED,2026-08-17T10:43:08Z,REF-PAY_9744E7CE
PAY_3CC93C1F,ORD_F08ABB5F,MERCH_036,1147200,INR,CAPTURED,2026-07-17T07:36:10Z,REF-PAY_3CC93C1F
PAY_3FB94908,ORD_C767C94A,MERCH_021,747900,INR,CAPTURED,2026-08-10T19:44:49Z,REF-PAY_3FB94908
PAY_1BB3EAC2,ORD_322119DD,MERCH_003,944700,INR,CAPTURED,2026-07-15T13:51:57Z,REF-PAY_1BB3EAC2
PAY_892722F8,ORD_322119DD,MERCH_003,944700,INR,CAPTURED,2026-07-15T13:51:57Z,REF-PAY_1BB3EAC2
PAY_65CA503E,ORD_0A706A3A,MERCH_036,223200,INR,CAPTURED,2026-08-24T16:29:48Z,REF-PAY_65CA503E
PAY_B1025BB7,ORD_006D18C5,MERCH_003,396600,INR,CAPTURED,2026-08-29T17:07:35Z,REF-PAY_B1025BB7
PAY_A84204AF,ORD_6E499717,MERCH_025,1290200,INR,CAPTURED,2026-07-15T13:24:04Z,REF-PAY_A84204AF
PAY_3EADA608,ORD_A7DC3217,MERCH_029,138000,INR,CAPTURED,2026-07-13T01:05:08Z,REF-PAY_3EADA608
PAY_CF6613EF,ORD_9659F948,MERCH_040,1179800,INR,CAPTURED,2026-08-10T20:08:26Z,REF-PAY_CF6613EF
PAY_E0E72AC1,ORD_9659F948,MERCH_040,1179800,INR,CAPTURED,2026-08-10T20:08:26Z,REF-PAY_CF6613EF
PAY_73ECEC61,ORD_BB32DA44,MERCH_026,1156800,INR,CAPTURED,2026-07-02T01:41:24Z,REF-PAY_73ECEC61
PAY_9694EB0C,ORD_5A18DCE9,MERCH_011,423400,INR,CAPTURED,2026-07-23T03:12:06Z,REF-PAY_9694EB0C
PAY_A9B882B8,ORD_3B78A206,MERCH_011,1072600,INR,CAPTURED,2026-07-14T06:13:04Z,REF-PAY_A9B882B8
PAY_C7C7F499,ORD_A769C443,MERCH_024,1667400,INR,CAPTURED,2026-08-25T13:50:53Z,REF-PAY_C7C7F499
PAY_BB77E15D,ORD_CBCB76CE,MERCH_036,579800,INR,CAPTURED,2026-08-04T15:44:59Z,REF-PAY_BB77E15D
PAY_06F0571E,ORD_045FDA76,MERCH_006,435600,INR,CAPTURED,2026-07-14T23:43:35Z,REF-PAY_06F0571E
PAY_99AFD9AA,ORD_69E1A3EE,MERCH_018,145900,INR,CAPTURED,2026-07-18T16:52:34Z,REF-PAY_99AFD9AA
PAY_F9B975AD,ORD_BB7ED331,MERCH_047,1028500,INR,CAPTURED,2026-08-15T08:14:16Z,REF-PAY_F9B975AD
PAY_BEC4F933,ORD_B7A18E2F,MERCH_045,1556600,INR,CAPTURED,2026-07-23T11:01:33Z,REF-PAY_BEC4F933
PAY_351838C3,ORD_3952934D,MERCH_028,908200,INR,CAPTURED,2026-07-10T06:28:50Z,REF-PAY_351838C3
PAY_D2C7488F,ORD_A98E98C5,MERCH_016,1623700,INR,CAPTURED,2026-08-28T19:39:07Z,REF-PAY_D2C7488F
PAY_6EF0F738,ORD_3CD655B6,MERCH_019,1993100,INR,CAPTURED,2026-07-14T19:16:38Z,REF-PAY_6EF0F738
PAY_94205C19,ORD_811AC4D2,MERCH_049,1898500,INR,CAPTURED,2026-08-24T13:09:52Z,REF-PAY_94205C19
PAY_78B62412,ORD_16E01C1E,MERCH_037,240400,INR,CAPTURED,2026-07-06T08:22:19Z,REF-PAY_78B62412
PAY_BEB5F561,ORD_BFF0A308,MERCH_007,1706300,INR,CAPTURED,2026-07-17T08:21:39Z,REF-PAY_BEB5F561
PAY_A60BE76D,ORD_FC44F3AC,MERCH_035,1105200,INR,CAPTURED,2026-08-08T20:34:35Z,REF-PAY_A60BE76D
PAY_1EF16A8B,ORD_3707B82A,MERCH_012,1108000,INR,CAPTURED,2026-08-24T14:42:47Z,REF-PAY_1EF16A8B
PAY_D9C96BEC,ORD_3707B82A,MERCH_012,1108000,INR,CAPTURED,2026-08-24T14:42:47Z,REF-PAY_1EF16A8B
PAY_EAEF5BA4,ORD_1AC38FD4,MERCH_021,1619000,INR,CAPTURED,2026-08-31T14:54:29Z,REF-PAY_EAEF5BA4
PAY_300E6631,ORD_38EC8FC4,MERCH_009,437400,INR,CAPTURED,2026-07-15T03:35:42Z,REF-PAY_300E6631
PAY_A6CB798E,ORD_2890C7AA,MERCH_038,1187800,INR,CAPTURED,2026-08-19T11:23:21Z,REF-PAY_A6CB798E
PAY_55481C81,ORD_0FDFB07A,MERCH_046,1945900,INR,CAPTURED,2026-08-02T11:37:29Z,REF-PAY_55481C81
PAY_4D95AC68,ORD_73ADF62E,MERCH_022,1462200,INR,CAPTURED,2026-07-15T03:36:29Z,REF-PAY_4D95AC68
PAY_E32C3010,ORD_78A20075,MERCH_029,1966700,INR,CAPTURED,2026-07-13T08:33:13Z,REF-PAY_E32C3010
PAY_24C54B56,ORD_04CE7E1F,MERCH_009,922700,INR,CAPTURED,2026-07-25T11:34:35Z,REF-PAY_24C54B56
PAY_3F404514,ORD_498D5161,MERCH_036,418400,INR,CAPTURED,2026-08-01T09:36:39Z,REF-PAY_3F404514
PAY_5155E1C7,ORD_48B66E14,MERCH_010,1098800,INR,CAPTURED,2026-08-13T06:08:34Z,REF-PAY_5155E1C7
PAY_C6DFCC61,ORD_0A80CFCF,MERCH_034,737900,INR,CAPTURED,2026-08-15T01:36:59Z,REF-PAY_C6DFCC61
PAY_899F9951,ORD_0A80CFCF,MERCH_034,737900,INR,CAPTURED,2026-08-15T01:36:59Z,REF-PAY_C6DFCC61
PAY_3A95393B,ORD_1BDE8B02,MERCH_023,828000,INR,CAPTURED,2026-08-05T12:00:09Z,REF-PAY_3A95393B
PAY_A8C9D320,ORD_12EE17BF,MERCH_008,230800,INR,CAPTURED,2026-08-19T03:22:43Z,REF-PAY_A8C9D320
PAY_0548BC71,ORD_86AA81B1,MERCH_039,789400,INR,CAPTURED,2026-08-11T13:26:44Z,REF-PAY_0548BC71
PAY_94B19AC9,ORD_82711E8D,MERCH_021,11000,INR,CAPTURED,2026-08-05T21:23:44Z,REF-PAY_94B19AC9
PAY_779B86D1,ORD_82711E8D,MERCH_021,11000,INR,CAPTURED,2026-08-05T21:23:44Z,REF-PAY_94B19AC9
PAY_9B61A168,ORD_D990BF76,MERCH_040,756700,INR,CAPTURED,2026-08-02T18:24:54Z,REF-PAY_9B61A168
PAY_1AF6508B,ORD_CC0D8391,MERCH_042,179600,INR,CAPTURED,2026-08-25T14:21:49Z,REF-PAY_1AF6508B
PAY_5C14D562,ORD_54B21AFA,MERCH_037,1807800,INR,CAPTURED,2026-08-10T06:50:08Z,REF-PAY_5C14D562
PAY_372F5F50,ORD_78A03387,MERCH_003,1287400,INR,CAPTURED,2026-07-09T06:14:40Z,REF-PAY_372F5F50
PAY_BC3058E8,ORD_328DA56A,MERCH_036,1741600,INR,CAPTURED,2026-07-18T02:26:54Z,REF-PAY_BC3058E8
PAY_1795C59A,ORD_328DA56A,MERCH_036,1741600,INR,CAPTURED,2026-07-18T02:26:54Z,REF-PAY_BC3058E8
PAY_7A3B3200,ORD_6FBC5185,MERCH_019,345300,INR,CAPTURED,2026-07-21T21:17:23Z,REF-PAY_7A3B3200
PAY_E4CE50C7,ORD_DF32139B,MERCH_019,1155300,INR,CAPTURED,2026-08-24T02:58:54Z,REF-PAY_E4CE50C7
PAY_2182EC9D,ORD_9F4FCE41,MERCH_026,1311000,INR,CAPTURED,2026-07-01T06:59:48Z,REF-PAY_2182EC9D
PAY_0DB678DE,ORD_6AD3200A,MERCH_044,918500,INR,CAPTURED,2026-07-22T19:50:43Z,REF-PAY_0DB678DE
PAY_ED077C61,ORD_82554D91,MERCH_017,693300,INR,CAPTURED,2026-08-07T20:26:32Z,REF-PAY_ED077C61
PAY_ACF14806,ORD_1875BE69,MERCH_037,693700,INR,CAPTURED,2026-07-01T00:57:10Z,REF-PAY_ACF14806
PAY_32A2077B,ORD_0AA3609E,MERCH_018,176400,INR,CAPTURED,2026-08-18T08:22:20Z,REF-PAY_32A2077B
PAY_DE47CFFE,ORD_2088A6D3,MERCH_033,717500,INR,CAPTURED,2026-07-22T20:16:53Z,REF-PAY_DE47CFFE
PAY_A9FBF7A3,ORD_90BF50FE,MERCH_030,760900,INR,CAPTURED,2026-08-07T03:26:40Z,REF-PAY_A9FBF7A3
PAY_0CC9BFBD,ORD_03EA4B74,MERCH_026,63100,INR,CAPTURED,2026-08-02T19:21:49Z,REF-PAY_0CC9BFBD
PAY_1C9BF3AE,ORD_B0E5EFF8,MERCH_033,1260200,INR,CAPTURED,2026-07-07T07:51:10Z,REF-PAY_1C9BF3AE
PAY_64EA4005,ORD_39D9FA73,MERCH_011,1006000,INR,CAPTURED,2026-07-11T17:46:00Z,REF-PAY_64EA4005
PAY_E882325E,ORD_E949FA4F,MERCH_009,179900,INR,CAPTURED,2026-07-27T18:43:35Z,REF-PAY_E882325E
PAY_B4F3FA38,ORD_3E89B396,MERCH_037,514300,INR,CAPTURED,2026-07-20T09:23:26Z,REF-PAY_B4F3FA38
PAY_F64AA2C0,ORD_3E89B396,MERCH_037,514300,INR,CAPTURED,2026-07-20T09:23:26Z,REF-PAY_B4F3FA38
PAY_655FBFF3,ORD_B3681179,MERCH_039,1677200,INR,CAPTURED,2026-08-06T00:03:34Z,REF-PAY_655FBFF3
PAY_3AE471F5,ORD_3B63B844,MERCH_026,1856200,INR,CAPTURED,2026-08-12T08:37:29Z,REF-PAY_3AE471F5
PAY_44E92CD7,ORD_1D592C75,MERCH_047,1561400,INR,CAPTURED,2026-07-24T16:48:13Z,REF-PAY_44E92CD7
PAY_6F9C5619,ORD_37376C6B,MERCH_040,1811700,INR,CAPTURED,2026-08-19T22:21:21Z,REF-PAY_6F9C5619
PAY_DEC2E9DF,ORD_F05A984E,MERCH_045,1840000,INR,CAPTURED,2026-08-27T19:16:57Z,REF-PAY_DEC2E9DF
PAY_AFDF9334,ORD_8CADCE4E,MERCH_029,414300,INR,CAPTURED,2026-07-19T21:56:40Z,REF-PAY_AFDF9334
PAY_46A7FB0A,ORD_8CADCE4E,MERCH_029,414300,INR,CAPTURED,2026-07-19T21:56:40Z,REF-PAY_AFDF9334
PAY_73520B64,ORD_4AF635DC,MERCH_014,311600,INR,CAPTURED,2026-07-06T11:07:40Z,REF-PAY_73520B64
PAY_616B06FC,ORD_6EDC7121,MERCH_030,79300,INR,CAPTURED,2026-07-31T16:46:20Z,REF-PAY_616B06FC
PAY_818CCE7B,ORD_3157AA47,MERCH_033,1322500,INR,CAPTURED,2026-08-22T09:28:31Z,REF-PAY_818CCE7B
PAY_E986CC70,ORD_26859F43,MERCH_044,622500,INR,CAPTURED,2026-07-18T07:20:06Z,REF-PAY_E986CC70
PAY_AA9E7C7C,ORD_26859F43,MERCH_044,622500,INR,CAPTURED,2026-07-18T07:20:06Z,REF-PAY_E986CC70
PAY_4F584757,ORD_C1A1DBCD,MERCH_024,737600,INR,CAPTURED,2026-08-12T20:23:16Z,REF-PAY_4F584757
PAY_0B43D898,ORD_2FE10EC0,MERCH_003,86800,INR,CAPTURED,2026-08-15T16:00:07Z,REF-PAY_0B43D898
PAY_5D2194C2,ORD_15312F7F,MERCH_010,1068900,INR,CAPTURED,2026-07-09T22:01:14Z,REF-PAY_5D2194C2
PAY_A87287B5,ORD_15312F7F,MERCH_010,1068900,INR,CAPTURED,2026-07-09T22:01:14Z,REF-PAY_5D2194C2
PAY_BF34E735,ORD_FFF19A10,MERCH_039,1805900,INR,CAPTURED,2026-07-22T00:38:53Z,REF-PAY_BF34E735
PAY_F2A0F56E,ORD_C33AC247,MERCH_042,444700,INR,CAPTURED,2026-08-31T17:39:35Z,REF-PAY_F2A0F56E
PAY_D424CAAA,ORD_F558B4C1,MERCH_036,84900,INR,CAPTURED,2026-08-09T20:53:54Z,REF-PAY_D424CAAA
PAY_C45435DD,ORD_07B0EE90,MERCH_037,1833200,INR,CAPTURED,2026-08-08T06:33:53Z,REF-PAY_C45435DD
PAY_25A0CE1C,ORD_119D7C35,MERCH_036,552200,INR,CAPTURED,2026-08-03T14:06:51Z,REF-PAY_25A0CE1C
PAY_1050B39F,ORD_6CA4A5E8,MERCH_004,224300,INR,CAPTURED,2026-08-12T14:43:36Z,REF-PAY_1050B39F
PAY_ED2A1461,ORD_8D6F5C52,MERCH_024,304200,INR,CAPTURED,2026-07-07T16:41:00Z,REF-PAY_ED2A1461
PAY_70119FB3,ORD_DFD81649,MERCH_015,400800,INR,CAPTURED,2026-08-11T17:03:38Z,REF-PAY_70119FB3
PAY_8CF6E7F0,ORD_A7987BAE,MERCH_011,706000,INR,CAPTURED,2026-07-28T05:57:08Z,REF-PAY_8CF6E7F0
PAY_85762D36,ORD_42EA01D8,MERCH_040,1486400,INR,CAPTURED,2026-07-21T11:43:50Z,REF-PAY_85762D36
PAY_FF419BA0,ORD_733CC016,MERCH_023,1277000,INR,CAPTURED,2026-08-23T08:24:49Z,REF-PAY_FF419BA0
PAY_8933EFFF,ORD_1257AB5E,MERCH_034,1250800,INR,CAPTURED,2026-08-30T10:23:54Z,REF-PAY_8933EFFF
PAY_44DA2139,ORD_2F214B87,MERCH_004,537700,INR,CAPTURED,2026-08-22T10:17:52Z,REF-PAY_44DA2139
PAY_0E5E2782,ORD_31CBFCBA,MERCH_043,351800,INR,CAPTURED,2026-08-29T08:48:12Z,REF-PAY_0E5E2782
PAY_ECA48CE5,ORD_7EA21099,MERCH_005,1692100,INR,CAPTURED,2026-07-25T14:33:53Z,REF-PAY_ECA48CE5
PAY_F3C5FC13,ORD_6E5A978B,MERCH_033,260800,INR,CAPTURED,2026-08-25T02:06:36Z,REF-PAY_F3C5FC13
PAY_03C17A5A,ORD_C8C24E5E,MERCH_022,1693800,INR,CAPTURED,2026-07-29T02:22:05Z,REF-PAY_03C17A5A
PAY_244CC307,ORD_24EC7F70,MERCH_049,586400,INR,CAPTURED,2026-08-20T10:52:04Z,REF-PAY_244CC307
PAY_C909FDCA,ORD_99EE5EA9,MERCH_015,167300,INR,CAPTURED,2026-08-08T04:20:36Z,REF-PAY_C909FDCA
PAY_8BCE7667,ORD_328F1FE3,MERCH_036,1285600,INR,CAPTURED,2026-08-08T23:06:54Z,REF-PAY_8BCE7667
PAY_171D56DB,ORD_13BFDE12,MERCH_018,1866100,INR,CAPTURED,2026-07-29T17:22:22Z,REF-PAY_171D56DB
PAY_D474ABD6,ORD_080D6EFE,MERCH_012,46900,INR,CAPTURED,2026-08-31T03:48:14Z,REF-PAY_D474ABD6
PAY_5D6FC2DF,ORD_AE985EE5,MERCH_041,378800,INR,CAPTURED,2026-07-11T06:46:20Z,REF-PAY_5D6FC2DF
PAY_C0DE6B38,ORD_45F71044,MERCH_011,26000,INR,CAPTURED,2026-08-02T14:15:56Z,REF-PAY_C0DE6B38
PAY_9ED063BF,ORD_4FBC22E7,MERCH_008,1489800,INR,CAPTURED,2026-08-27T08:44:12Z,REF-PAY_9ED063BF
PAY_E30896C7,ORD_10B1D4FC,MERCH_029,842700,INR,CAPTURED,2026-08-13T10:08:10Z,REF-PAY_E30896C7
PAY_26CA18A1,ORD_1307609D,MERCH_036,1633800,INR,CAPTURED,2026-07-01T07:04:53Z,REF-PAY_26CA18A1
PAY_2AE3B684,ORD_56846AD3,MERCH_021,1597600,INR,CAPTURED,2026-08-07T00:00:37Z,REF-PAY_2AE3B684
PAY_F624F34B,ORD_367B0A30,MERCH_022,1773700,INR,CAPTURED,2026-08-19T17:00:46Z,REF-PAY_F624F34B
PAY_C817F232,ORD_FCB470A1,MERCH_047,1337200,INR,CAPTURED,2026-07-16T04:46:18Z,REF-PAY_C817F232
PAY_63D05C34,ORD_B3F9E8EB,MERCH_042,616400,INR,CAPTURED,2026-07-09T01:52:22Z,REF-PAY_63D05C34
PAY_758C7AE6,ORD_A058B193,MERCH_037,1650800,INR,CAPTURED,2026-07-10T18:11:38Z,REF-PAY_758C7AE6
PAY_AEECA0C2,ORD_A058B193,MERCH_037,1650800,INR,CAPTURED,2026-07-10T18:11:38Z,REF-PAY_758C7AE6
PAY_683EEAF7,ORD_8DBB79AA,MERCH_014,1534700,INR,CAPTURED,2026-08-01T14:42:24Z,REF-PAY_683EEAF7
PAY_6EB6F211,ORD_5CF8FEB3,MERCH_011,407500,INR,CAPTURED,2026-07-03T12:34:22Z,REF-PAY_6EB6F211
PAY_72C59413,ORD_7DE78A28,MERCH_040,926000,INR,CAPTURED,2026-07-12T15:20:43Z,REF-PAY_72C59413
PAY_F7B2C13E,ORD_A9FC7165,MERCH_031,514000,INR,CAPTURED,2026-08-10T01:33:01Z,REF-PAY_F7B2C13E
PAY_5755021E,ORD_E4BA6BDE,MERCH_024,410300,INR,CAPTURED,2026-08-27T18:39:04Z,REF-PAY_5755021E
PAY_A8D3E4B4,ORD_1DEF038E,MERCH_031,249600,INR,CAPTURED,2026-07-30T14:33:42Z,REF-PAY_A8D3E4B4
PAY_EDF7E825,ORD_4FE1252E,MERCH_033,500400,INR,CAPTURED,2026-08-17T03:42:16Z,REF-PAY_EDF7E825
PAY_0AF57D76,ORD_808E6EE7,MERCH_011,1477200,INR,CAPTURED,2026-08-22T16:06:57Z,REF-PAY_0AF57D76
PAY_18BD1C17,ORD_52C6BBBF,MERCH_009,1178600,INR,CAPTURED,2026-08-08T23:41:51Z,REF-PAY_18BD1C17
PAY_6FF9D773,ORD_C91C8887,MERCH_032,940300,INR,CAPTURED,2026-08-30T11:27:56Z,REF-PAY_6FF9D773
PAY_5A296F20,ORD_C91C8887,MERCH_032,940300,INR,CAPTURED,2026-08-30T11:27:56Z,REF-PAY_6FF9D773
PAY_D0FF8EF9,ORD_04A90905,MERCH_017,1117600,INR,CAPTURED,2026-07-15T12:17:33Z,REF-PAY_D0FF8EF9
PAY_9E915665,ORD_4E63A1D3,MERCH_019,826400,INR,CAPTURED,2026-08-27T22:29:49Z,REF-PAY_9E915665
PAY_FB1AF2A3,ORD_6BFF2D22,MERCH_031,1153400,INR,CAPTURED,2026-08-04T18:39:21Z,REF-PAY_FB1AF2A3
PAY_5909CE57,ORD_B69175CC,MERCH_011,24300,INR,CAPTURED,2026-08-24T04:41:40Z,REF-PAY_5909CE57
PAY_BE81E740,ORD_A4070407,MERCH_021,562900,INR,CAPTURED,2026-07-01T06:44:30Z,REF-PAY_BE81E740
PAY_61043A0D,ORD_E0D37A2C,MERCH_016,344000,INR,CAPTURED,2026-07-02T21:10:34Z,REF-PAY_61043A0D
PAY_EBC8FCDC,ORD_E832BD67,MERCH_031,1920500,INR,CAPTURED,2026-07-11T21:47:40Z,REF-PAY_EBC8FCDC
PAY_F65FCF42,ORD_A2888109,MERCH_040,668200,INR,CAPTURED,2026-08-15T11:38:20Z,REF-PAY_F65FCF42
PAY_8B3B74A2,ORD_EBF40834,MERCH_040,1100700,INR,CAPTURED,2026-09-01T18:14:50Z,REF-PAY_8B3B74A2
PAY_53620FF0,ORD_ECBF46FF,MERCH_034,733900,INR,CAPTURED,2026-07-23T10:14:34Z,REF-PAY_53620FF0
PAY_4F46C66F,ORD_A448D6BF,MERCH_039,1368000,INR,CAPTURED,2026-07-06T09:43:03Z,REF-PAY_4F46C66F
PAY_26FEED20,ORD_210C7D28,MERCH_041,199200,INR,CAPTURED,2026-07-14T13:32:34Z,REF-PAY_26FEED20
PAY_AF5F8E4E,ORD_20569309,MERCH_003,498000,INR,CAPTURED,2026-08-13T01:52:33Z,REF-PAY_AF5F8E4E
PAY_322B98B8,ORD_20569309,MERCH_003,498000,INR,CAPTURED,2026-08-13T01:52:33Z,REF-PAY_AF5F8E4E
PAY_2D673A3B,ORD_7F5A517C,MERCH_046,1912000,INR,CAPTURED,2026-08-06T15:10:29Z,REF-PAY_2D673A3B
PAY_65F07A40,ORD_CB0CCA01,MERCH_002,130800,INR,CAPTURED,2026-08-08T00:14:17Z,REF-PAY_65F07A40
PAY_120CB503,ORD_D51E596C,MERCH_005,324200,INR,CAPTURED,2026-08-07T22:36:43Z,REF-PAY_120CB503
PAY_7CC480CC,ORD_E2C50E61,MERCH_029,889100,INR,CAPTURED,2026-08-25T12:08:40Z,REF-PAY_7CC480CC
PAY_D46BD4B4,ORD_106F265C,MERCH_014,1850100,INR,CAPTURED,2026-08-02T21:38:26Z,REF-PAY_D46BD4B4
PAY_56EEE4D3,ORD_07177E4D,MERCH_015,109700,INR,CAPTURED,2026-08-20T09:51:21Z,REF-PAY_56EEE4D3
PAY_F189DC23,ORD_92EA9A60,MERCH_045,1169700,INR,CAPTURED,2026-07-31T22:40:27Z,REF-PAY_F189DC23
PAY_184B9F01,ORD_37EDDF00,MERCH_030,1012600,INR,CAPTURED,2026-08-09T12:58:55Z,REF-PAY_184B9F01
PAY_70E0B0F3,ORD_D658539F,MERCH_033,635700,INR,CAPTURED,2026-07-02T23:03:10Z,REF-PAY_70E0B0F3
PAY_B34B26A6,ORD_4932CB89,MERCH_043,206200,INR,CAPTURED,2026-07-20T22:50:42Z,REF-PAY_B34B26A6
PAY_634F6442,ORD_1A354858,MERCH_036,1221300,INR,CAPTURED,2026-07-16T18:40:15Z,REF-PAY_634F6442
PAY_9C595616,ORD_1D2E5FA2,MERCH_024,1151500,INR,CAPTURED,2026-07-04T05:57:10Z,REF-PAY_9C595616
PAY_DDD88D68,ORD_DBFBE4EE,MERCH_033,1007000,INR,CAPTURED,2026-08-13T10:56:59Z,REF-PAY_DDD88D68
PAY_52189497,ORD_4B0824CD,MERCH_020,1390100,INR,CAPTURED,2026-08-09T05:50:02Z,REF-PAY_52189497
PAY_9373E911,ORD_E1F28FE5,MERCH_020,1454100,INR,CAPTURED,2026-08-13T21:23:11Z,REF-PAY_9373E911
PAY_62F13022,ORD_A3DE9C8C,MERCH_022,1886800,INR,CAPTURED,2026-07-30T02:15:18Z,REF-PAY_62F13022
PAY_E1778F16,ORD_989EABD4,MERCH_023,362900,INR,CAPTURED,2026-08-22T13:44:12Z,REF-PAY_E1778F16
PAY_0F9BA376,ORD_72157726,MERCH_024,183300,INR,CAPTURED,2026-07-27T11:18:20Z,REF-PAY_0F9BA376
PAY_A952D70F,ORD_81045E29,MERCH_049,1100900,INR,CAPTURED,2026-07-12T11:10:25Z,REF-PAY_A952D70F
PAY_04D248EE,ORD_1D18F442,MERCH_030,1882000,INR,CAPTURED,2026-08-15T17:38:18Z,REF-PAY_04D248EE
PAY_00318747,ORD_11B5111E,MERCH_011,1509000,INR,CAPTURED,2026-08-27T18:39:48Z,REF-PAY_00318747
PAY_31266114,ORD_6542E835,MERCH_012,598800,INR,CAPTURED,2026-08-25T02:20:45Z,REF-PAY_31266114
PAY_D9BE7C53,ORD_6898592D,MERCH_020,481100,INR,CAPTURED,2026-07-05T03:39:27Z,REF-PAY_D9BE7C53
PAY_E8DF9A16,ORD_D287962E,MERCH_003,1402800,INR,CAPTURED,2026-07-02T21:22:25Z,REF-PAY_E8DF9A16
PAY_D4356BBE,ORD_16C0E566,MERCH_044,1330300,INR,CAPTURED,2026-07-17T15:13:40Z,REF-PAY_D4356BBE
PAY_FE909AE8,ORD_6E40897F,MERCH_005,1298500,INR,CAPTURED,2026-07-15T17:28:30Z,REF-PAY_FE909AE8
PAY_982C5B43,ORD_3F773DED,MERCH_043,30000000,INR,CAPTURED,2026-07-23T03:51:38Z,REF-PAY_982C5B43
PAY_87965BEF,ORD_64C5C824,MERCH_041,790100,INR,CAPTURED,2026-08-26T14:32:25Z,REF-PAY_87965BEF
PAY_60A94ED9,ORD_2473037B,MERCH_007,1732000,INR,CAPTURED,2026-07-20T07:35:28Z,REF-PAY_60A94ED9
PAY_173BCD7C,ORD_5EFDCC6F,MERCH_012,1509400,INR,CAPTURED,2026-07-07T11:21:54Z,REF-PAY_173BCD7C
PAY_84C6A220,ORD_95C36EC5,MERCH_024,493200,INR,CAPTURED,2026-07-17T01:19:34Z,REF-PAY_84C6A220
PAY_0416A2A8,ORD_19C01580,MERCH_047,1971700,INR,CAPTURED,2026-07-30T00:54:46Z,REF-PAY_0416A2A8
PAY_D20D9345,ORD_DC2F9692,MERCH_004,295200,INR,CAPTURED,2026-07-05T21:22:40Z,REF-PAY_D20D9345
PAY_61916E08,ORD_86A0E47B,MERCH_017,1973300,INR,CAPTURED,2026-08-24T11:46:09Z,REF-PAY_61916E08
PAY_B6B89C0E,ORD_38A70B97,MERCH_020,675900,INR,CAPTURED,2026-07-24T14:45:00Z,REF-PAY_B6B89C0E
PAY_3ADD2837,ORD_1C1EE22C,MERCH_044,882000,INR,CAPTURED,2026-07-01T05:08:44Z,REF-PAY_3ADD2837
PAY_2E0848BF,ORD_A0E7FAAE,MERCH_031,1405800,INR,CAPTURED,2026-07-02T14:39:44Z,REF-PAY_2E0848BF
PAY_9678D497,ORD_6416C680,MERCH_016,67200,INR,CAPTURED,2026-08-21T03:47:56Z,REF-PAY_9678D497
PAY_3159B839,ORD_D3E82A86,MERCH_024,1720400,INR,CAPTURED,2026-07-09T01:58:54Z,REF-PAY_3159B839
PAY_9359ED12,ORD_9D920ADA,MERCH_037,37300,INR,CAPTURED,2026-08-22T00:08:13Z,REF-PAY_9359ED12
PAY_3C723E0F,ORD_973B8B12,MERCH_034,940900,INR,CAPTURED,2026-08-29T21:44:11Z,REF-PAY_3C723E0F
PAY_FC902D57,ORD_2F55CB03,MERCH_045,629000,INR,CAPTURED,2026-07-19T04:25:37Z,REF-PAY_FC902D57
PAY_5E878E8F,ORD_EC51189A,MERCH_009,1747400,INR,CAPTURED,2026-08-20T20:55:47Z,REF-PAY_5E878E8F
PAY_54B5FF1B,ORD_495EC5DE,MERCH_029,453500,INR,CAPTURED,2026-09-01T08:32:19Z,REF-PAY_54B5FF1B
PAY_15BBC171,ORD_9E15133F,MERCH_007,741100,INR,CAPTURED,2026-07-21T17:32:01Z,REF-PAY_15BBC171
PAY_2AE79BC7,ORD_4FED945C,MERCH_027,1874000,INR,CAPTURED,2026-08-31T15:52:57Z,REF-PAY_2AE79BC7
PAY_8891B4E1,ORD_59A8B32B,MERCH_048,989800,INR,CAPTURED,2026-08-13T04:26:45Z,REF-PAY_8891B4E1
PAY_54714A50,ORD_18F85823,MERCH_017,1587400,INR,CAPTURED,2026-07-06T12:44:42Z,REF-PAY_54714A50
PAY_077F7C0C,ORD_18F85823,MERCH_017,1587400,INR,CAPTURED,2026-07-06T12:44:42Z,REF-PAY_54714A50
PAY_6E5BDA99,ORD_640AA93C,MERCH_033,194000,INR,CAPTURED,2026-07-08T17:59:50Z,REF-PAY_6E5BDA99
PAY_D306CF79,ORD_F911A5BE,MERCH_026,800400,INR,CAPTURED,2026-08-08T23:03:36Z,REF-PAY_D306CF79
PAY_D0C6B58E,ORD_A517FDA2,MERCH_037,1410300,INR,CAPTURED,2026-08-11T01:20:03Z,REF-PAY_D0C6B58E
PAY_7C1790B2,ORD_2F2BBC59,MERCH_035,1999100,INR,CAPTURED,2026-07-21T17:41:24Z,REF-PAY_7C1790B2
PAY_99295BD4,ORD_FCAEC2C5,MERCH_020,1727600,INR,CAPTURED,2026-07-03T01:01:48Z,REF-PAY_99295BD4
PAY_C47047CB,ORD_082196A6,MERCH_043,905000,INR,CAPTURED,2026-07-12T23:14:57Z,REF-PAY_C47047CB
PAY_57782B16,ORD_082196A6,MERCH_043,905000,INR,CAPTURED,2026-07-12T23:14:57Z,REF-PAY_C47047CB
PAY_4682BE3E,ORD_B0666BA4,MERCH_007,1383600,INR,CAPTURED,2026-07-05T19:09:47Z,REF-PAY_4682BE3E
PAY_BAA63509,ORD_A32BC2D9,MERCH_007,1780100,INR,CAPTURED,2026-08-02T02:22:11Z,REF-PAY_BAA63509
PAY_8FBE2DF4,ORD_F2DE32D2,MERCH_017,1197700,INR,CAPTURED,2026-08-22T20:05:53Z,REF-PAY_8FBE2DF4
PAY_5D2A4F50,ORD_99C920E9,MERCH_040,864300,INR,CAPTURED,2026-08-11T16:10:58Z,REF-PAY_5D2A4F50
PAY_7276F02A,ORD_0BC69701,MERCH_028,1442600,INR,CAPTURED,2026-07-08T10:38:06Z,REF-PAY_7276F02A
PAY_47F3A6BA,ORD_37F63490,MERCH_024,1386600,INR,CAPTURED,2026-07-25T07:59:26Z,REF-PAY_47F3A6BA
PAY_5CF172B9,ORD_6D662D89,MERCH_012,132100,INR,CAPTURED,2026-07-22T17:29:27Z,REF-PAY_5CF172B9
PAY_454207E4,ORD_828D3A0D,MERCH_004,895800,INR,CAPTURED,2026-08-02T00:09:14Z,REF-PAY_454207E4
PAY_EBE35026,ORD_11E2A16E,MERCH_032,1633300,INR,CAPTURED,2026-07-31T00:52:45Z,REF-PAY_EBE35026
PAY_26E372C1,ORD_ABBBCFFE,MERCH_035,479900,INR,CAPTURED,2026-08-04T16:38:27Z,REF-PAY_26E372C1
PAY_F7975C92,ORD_159DAADF,MERCH_034,1138600,INR,CAPTURED,2026-07-29T00:11:22Z,REF-PAY_F7975C92
PAY_F408DFBE,ORD_5D8DD1B9,MERCH_038,1288900,INR,CAPTURED,2026-07-08T07:50:31Z,REF-PAY_F408DFBE
PAY_2EF0240E,ORD_BA5F6391,MERCH_027,1843300,INR,CAPTURED,2026-07-14T21:21:09Z,REF-PAY_2EF0240E
PAY_D748C01E,ORD_20C05C81,MERCH_016,305700,INR,CAPTURED,2026-07-02T03:18:05Z,REF-PAY_D748C01E
PAY_7EB3CB10,ORD_95E2B46F,MERCH_021,476800,INR,CAPTURED,2026-08-20T00:23:07Z,REF-PAY_7EB3CB10
PAY_A45912EA,ORD_B9AA4B67,MERCH_013,1923000,INR,CAPTURED,2026-08-21T05:35:13Z,REF-PAY_A45912EA
PAY_B5530C49,ORD_27FB4CEE,MERCH_017,517200,INR,CAPTURED,2026-08-02T13:17:12Z,REF-PAY_B5530C49
PAY_318332BF,ORD_A44D95BD,MERCH_045,1005100,INR,CAPTURED,2026-08-21T23:06:05Z,REF-PAY_318332BF
PAY_91F112B3,ORD_1C1EA936,MERCH_009,137400,INR,CAPTURED,2026-08-20T00:08:47Z,REF-PAY_91F112B3
PAY_2387E11C,ORD_704203D6,MERCH_019,596500,INR,CAPTURED,2026-08-27T00:51:37Z,REF-PAY_2387E11C
PAY_F0AACB4F,ORD_E246B20C,MERCH_038,1039300,INR,CAPTURED,2026-08-22T02:15:28Z,REF-PAY_F0AACB4F
PAY_E7AFA2EC,ORD_5058FE2E,MERCH_023,865200,INR,CAPTURED,2026-08-20T08:54:05Z,REF-PAY_E7AFA2EC
PAY_44E52EA7,ORD_CDD1CFF5,MERCH_015,1032800,INR,CAPTURED,2026-08-12T18:17:10Z,REF-PAY_44E52EA7
PAY_DA7EEB48,ORD_8BA0CDF7,MERCH_004,655100,INR,CAPTURED,2026-07-28T04:32:23Z,REF-PAY_DA7EEB48
PAY_8B8C2800,ORD_1CF2F5CD,MERCH_036,340600,INR,CAPTURED,2026-08-11T16:46:44Z,REF-PAY_8B8C2800
PAY_1E60D7B8,ORD_3168785C,MERCH_003,1023000,INR,CAPTURED,2026-08-18T04:16:08Z,REF-PAY_1E60D7B8
PAY_09887E20,ORD_D0E60782,MERCH_029,424800,INR,CAPTURED,2026-07-07T02:43:38Z,REF-PAY_09887E20
PAY_E47D543E,ORD_82A8BDCF,MERCH_037,175100,INR,CAPTURED,2026-08-22T19:47:15Z,REF-PAY_E47D543E
PAY_5E154942,ORD_1ECB141F,MERCH_012,936400,INR,CAPTURED,2026-07-15T10:24:04Z,REF-PAY_5E154942
PAY_F382E458,ORD_6591CDCE,MERCH_043,1815300,INR,CAPTURED,2026-08-19T02:48:00Z,REF-PAY_F382E458
PAY_BEC9E136,ORD_D93B4F5A,MERCH_038,629100,INR,CAPTURED,2026-07-13T16:00:14Z,REF-PAY_BEC9E136
PAY_735D5297,ORD_2B249FDE,MERCH_017,1188500,INR,CAPTURED,2026-08-15T18:49:51Z,REF-PAY_735D5297
PAY_7DDD7D3C,ORD_1F513C91,MERCH_026,1871700,INR,CAPTURED,2026-08-07T11:58:25Z,REF-PAY_7DDD7D3C
PAY_2F64CB69,ORD_9C3EAF91,MERCH_029,992100,INR,CAPTURED,2026-07-17T21:06:25Z,REF-PAY_2F64CB69
PAY_2D2EFD88,ORD_051AE53F,MERCH_006,28400,INR,CAPTURED,2026-08-29T07:01:23Z,REF-PAY_2D2EFD88
PAY_7E93510D,ORD_61FDDD8A,MERCH_037,1143100,INR,CAPTURED,2026-07-02T15:06:33Z,REF-PAY_7E93510D
PAY_D8F755F0,ORD_047E44EE,MERCH_030,1825800,INR,CAPTURED,2026-08-02T03:13:13Z,REF-PAY_D8F755F0
PAY_6DFB360D,ORD_93946794,MERCH_028,1774300,INR,CAPTURED,2026-07-25T05:59:49Z,REF-PAY_6DFB360D
PAY_4D7A937A,ORD_93946794,MERCH_028,1774300,INR,CAPTURED,2026-07-25T05:59:49Z,REF-PAY_6DFB360D
PAY_9B7B9ED9,ORD_378E592C,MERCH_011,1552500,INR,CAPTURED,2026-08-16T03:38:59Z,REF-PAY_9B7B9ED9
PAY_B78CDC73,ORD_378E592C,MERCH_011,1552500,INR,CAPTURED,2026-08-16T03:38:59Z,REF-PAY_9B7B9ED9
PAY_D64C5C2D,ORD_9E0F17F3,MERCH_011,1800100,INR,CAPTURED,2026-08-30T10:29:27Z,REF-PAY_D64C5C2D
PAY_FE78923D,ORD_C7FF29D5,MERCH_036,1256400,INR,CAPTURED,2026-08-26T18:16:54Z,REF-PAY_FE78923D
PAY_CDC94E3A,ORD_DE2D385C,MERCH_017,393300,INR,CAPTURED,2026-08-12T07:07:02Z,REF-PAY_CDC94E3A
PAY_25A98C74,ORD_56B5FBF4,MERCH_028,1674200,INR,CAPTURED,2026-08-12T03:26:34Z,REF-PAY_25A98C74
PAY_FE46B31F,ORD_6D22607A,MERCH_019,616200,INR,CAPTURED,2026-07-14T06:01:10Z,REF-PAY_FE46B31F
PAY_16FAFEF2,ORD_115FE504,MERCH_019,1880300,INR,CAPTURED,2026-08-28T08:21:31Z,REF-PAY_16FAFEF2
PAY_CA436DAF,ORD_115FE504,MERCH_019,1880300,INR,CAPTURED,2026-08-28T08:21:31Z,REF-PAY_16FAFEF2
PAY_7C365E78,ORD_BCD22473,MERCH_027,1282900,INR,CAPTURED,2026-07-21T17:16:27Z,REF-PAY_7C365E78
PAY_CB0FF026,ORD_F8B76D9E,MERCH_042,767000,INR,CAPTURED,2026-07-17T11:47:32Z,REF-PAY_CB0FF026
PAY_30A56588,ORD_CBCBE2E7,MERCH_022,353000,INR,CAPTURED,2026-07-19T06:43:51Z,REF-PAY_30A56588
PAY_A26B438F,ORD_9FEAEE33,MERCH_025,1736600,INR,CAPTURED,2026-08-03T06:56:13Z,REF-PAY_A26B438F
PAY_7ED8FC28,ORD_EAD434C4,MERCH_040,1536300,INR,CAPTURED,2026-07-06T16:08:28Z,REF-PAY_7ED8FC28
PAY_D8F84E2C,ORD_AEB4C649,MERCH_049,301200,INR,CAPTURED,2026-08-23T23:03:58Z,REF-PAY_D8F84E2C
PAY_8D7AFF5B,ORD_F1BF6CBA,MERCH_007,1447300,INR,CAPTURED,2026-07-14T04:32:57Z,REF-PAY_8D7AFF5B
PAY_E54060C0,ORD_9725AED8,MERCH_003,837900,INR,CAPTURED,2026-08-23T22:23:41Z,REF-PAY_E54060C0
PAY_1D8AB2B7,ORD_15EEE03A,MERCH_002,1078000,INR,CAPTURED,2026-08-26T14:26:03Z,REF-PAY_1D8AB2B7
PAY_834D9DFA,ORD_41F7BCFF,MERCH_026,654000,INR,CAPTURED,2026-08-29T18:37:39Z,REF-PAY_834D9DFA
PAY_A9BECEE6,ORD_DEA866F7,MERCH_042,741300,INR,CAPTURED,2026-08-17T19:44:15Z,REF-PAY_A9BECEE6
PAY_724983D1,ORD_88B808C1,MERCH_028,1720000,INR,CAPTURED,2026-08-06T15:30:18Z,REF-PAY_724983D1
PAY_02E3552D,ORD_56FC516F,MERCH_007,187500,INR,CAPTURED,2026-08-13T06:27:21Z,REF-PAY_02E3552D
PAY_BB85376B,ORD_370D946C,MERCH_010,141000,INR,CAPTURED,2026-09-01T17:03:30Z,REF-PAY_BB85376B
PAY_3831D38C,ORD_5F5D5BAB,MERCH_014,1355900,INR,CAPTURED,2026-08-21T01:29:13Z,REF-PAY_3831D38C
PAY_3E819766,ORD_5F5D5BAB,MERCH_014,1355900,INR,CAPTURED,2026-08-21T01:29:13Z,REF-PAY_3831D38C
PAY_F3710EAC,ORD_29AE099A,MERCH_005,447000,INR,CAPTURED,2026-08-15T04:28:58Z,REF-PAY_F3710EAC
PAY_72F66F74,ORD_C70569DF,MERCH_023,1110100,INR,CAPTURED,2026-07-01T01:31:39Z,REF-PAY_72F66F74
PAY_3DD82DC8,ORD_511044B6,MERCH_007,1558400,INR,CAPTURED,2026-08-19T16:29:16Z,REF-PAY_3DD82DC8
PAY_B22489B2,ORD_EC090625,MERCH_008,1528600,INR,CAPTURED,2026-07-16T18:29:54Z,REF-PAY_B22489B2
PAY_86C48898,ORD_DD15F79D,MERCH_034,77300,INR,CAPTURED,2026-08-04T06:39:49Z,REF-PAY_86C48898
PAY_4B757A8A,ORD_84F0AE8F,MERCH_015,1245000,INR,CAPTURED,2026-07-14T12:06:49Z,REF-PAY_4B757A8A
PAY_27681C9F,ORD_53943244,MERCH_013,1054800,INR,CAPTURED,2026-07-06T13:18:44Z,REF-PAY_27681C9F
PAY_8296FD58,ORD_E40147C4,MERCH_038,629700,INR,CAPTURED,2026-08-29T21:14:50Z,REF-PAY_8296FD58
PAY_2D60D6C0,ORD_E40147C4,MERCH_038,629700,INR,CAPTURED,2026-08-29T21:14:50Z,REF-PAY_8296FD58
PAY_FFD24A4C,ORD_0580252B,MERCH_046,598000,INR,CAPTURED,2026-08-03T18:46:33Z,REF-PAY_FFD24A4C
PAY_EC3BFF2F,ORD_5CC6E2E2,MERCH_048,1792300,INR,CAPTURED,2026-08-30T00:59:19Z,REF-PAY_EC3BFF2F
PAY_2C6C5966,ORD_E84F98C5,MERCH_046,1493700,INR,CAPTURED,2026-08-13T04:39:21Z,REF-PAY_2C6C5966
PAY_27547EF7,ORD_CC22B27E,MERCH_037,940200,INR,CAPTURED,2026-08-29T15:18:00Z,REF-PAY_27547EF7
PAY_40C36ECC,ORD_BF4D4EE5,MERCH_044,1000000,INR,CAPTURED,2026-07-31T04:49:43Z,REF-PAY_40C36ECC
PAY_7F6E2E38,ORD_23EA602B,MERCH_027,1958700,INR,CAPTURED,2026-08-06T13:13:47Z,REF-PAY_7F6E2E38
PAY_D921DDB8,ORD_F5B35DD6,MERCH_041,563500,INR,CAPTURED,2026-08-17T15:08:03Z,REF-PAY_D921DDB8
PAY_71D4B28D,ORD_CFA95EE5,MERCH_028,86500,INR,CAPTURED,2026-07-20T08:52:49Z,REF-PAY_71D4B28D
PAY_81C3E2EE,ORD_FC4AAA86,MERCH_002,1902500,INR,CAPTURED,2026-08-19T01:11:53Z,REF-PAY_81C3E2EE
PAY_E761BF30,ORD_809A0FCA,MERCH_036,1286300,INR,CAPTURED,2026-08-31T10:56:16Z,REF-PAY_E761BF30
PAY_6717EB49,ORD_94826172,MERCH_031,146300,INR,CAPTURED,2026-07-31T22:26:44Z,REF-PAY_6717EB49
PAY_19B2ED68,ORD_8D16D644,MERCH_030,432300,INR,CAPTURED,2026-07-31T09:05:06Z,REF-PAY_19B2ED68
PAY_573B3B9D,ORD_D70F4970,MERCH_006,895100,INR,CAPTURED,2026-07-22T03:56:06Z,REF-PAY_573B3B9D
PAY_8B8EA677,ORD_D70F4970,MERCH_006,895100,INR,CAPTURED,2026-07-22T03:56:06Z,REF-PAY_573B3B9D
PAY_60A9B72F,ORD_8C639CE2,MERCH_039,466600,INR,CAPTURED,2026-08-24T13:21:20Z,REF-PAY_60A9B72F
PAY_5B9305E6,ORD_4EB8C735,MERCH_016,60000000,INR,CAPTURED,2026-08-24T09:18:42Z,REF-PAY_5B9305E6
PAY_BBFE216A,ORD_ADAF1EC9,MERCH_042,1837200,INR,CAPTURED,2026-07-25T10:29:03Z,REF-PAY_BBFE216A
PAY_2D11EA0F,ORD_DC426689,MERCH_020,803600,INR,CAPTURED,2026-07-18T20:37:00Z,REF-PAY_2D11EA0F
PAY_C1698720,ORD_FF43685C,MERCH_016,1663700,INR,CAPTURED,2026-07-09T01:00:26Z,REF-PAY_C1698720
PAY_C397403B,ORD_61D8EA0D,MERCH_017,997700,INR,CAPTURED,2026-07-13T10:31:22Z,REF-PAY_C397403B
PAY_74132967,ORD_2135E2FB,MERCH_013,1717700,INR,CAPTURED,2026-07-21T16:55:42Z,REF-PAY_74132967
PAY_8C4FDCEC,ORD_5A8A902A,MERCH_018,1078600,INR,CAPTURED,2026-08-11T16:56:03Z,REF-PAY_8C4FDCEC
PAY_6C996C90,ORD_8DA572A1,MERCH_001,739500,INR,CAPTURED,2026-07-05T11:42:54Z,REF-PAY_6C996C90
PAY_6FE689F3,ORD_E64CA27A,MERCH_010,1294500,INR,CAPTURED,2026-08-30T20:35:19Z,REF-PAY_6FE689F3
PAY_360515A9,ORD_69F01567,MERCH_012,1048800,INR,CAPTURED,2026-08-29T08:34:05Z,REF-PAY_360515A9
PAY_F2EE4D5F,ORD_857D5DE7,MERCH_013,472300,INR,CAPTURED,2026-08-16T06:31:07Z,REF-PAY_F2EE4D5F
PAY_949831A5,ORD_4E9348CB,MERCH_038,777500,INR,CAPTURED,2026-07-23T22:35:41Z,REF-PAY_949831A5
PAY_E5F49543,ORD_346A4002,MERCH_024,517000,INR,CAPTURED,2026-08-31T19:52:47Z,REF-PAY_E5F49543
PAY_677245AA,ORD_BAFC795A,MERCH_042,725400,INR,CAPTURED,2026-08-10T04:42:03Z,REF-PAY_677245AA
PAY_19FBFD5F,ORD_DED02B55,MERCH_043,132100,INR,CAPTURED,2026-08-29T15:27:43Z,REF-PAY_19FBFD5F
PAY_435FB517,ORD_BC037DBC,MERCH_039,1541300,INR,CAPTURED,2026-08-23T12:14:35Z,REF-PAY_435FB517
PAY_6E49B1F7,ORD_947D6974,MERCH_030,1045000,INR,CAPTURED,2026-09-01T04:53:47Z,REF-PAY_6E49B1F7
PAY_7097A328,ORD_618383CD,MERCH_048,748800,INR,CAPTURED,2026-07-16T10:03:02Z,REF-PAY_7097A328
PAY_1382C65D,ORD_782A9EC8,MERCH_024,1267900,INR,CAPTURED,2026-08-17T21:36:01Z,REF-PAY_1382C65D
PAY_CF1ED84B,ORD_A3B6868D,MERCH_018,409900,INR,CAPTURED,2026-07-06T00:16:11Z,REF-PAY_CF1ED84B
PAY_E09E799D,ORD_7BAD37C1,MERCH_005,1555200,INR,CAPTURED,2026-07-08T07:55:59Z,REF-PAY_E09E799D
PAY_89FA143B,ORD_49BB9104,MERCH_030,1608400,INR,CAPTURED,2026-07-03T18:52:31Z,REF-PAY_89FA143B
PAY_3E7C44B3,ORD_F1088508,MERCH_030,1576200,INR,CAPTURED,2026-08-23T23:14:21Z,REF-PAY_3E7C44B3
PAY_5854BE44,ORD_84F663D8,MERCH_016,1067600,INR,CAPTURED,2026-07-27T12:39:11Z,REF-PAY_5854BE44
PAY_FDEEB259,ORD_00AD4699,MERCH_020,855000,INR,CAPTURED,2026-08-08T07:09:43Z,REF-PAY_FDEEB259
PAY_C9179BA6,ORD_99BE01C1,MERCH_041,1033300,INR,CAPTURED,2026-07-15T07:36:34Z,REF-PAY_C9179BA6
PAY_8E10D825,ORD_66AB849C,MERCH_039,879200,INR,CAPTURED,2026-08-24T11:03:22Z,REF-PAY_8E10D825
PAY_4E66D81E,ORD_3A47D7D7,MERCH_011,1825400,INR,CAPTURED,2026-07-08T07:05:35Z,REF-PAY_4E66D81E
PAY_A105F1E7,ORD_F0EA4FF0,MERCH_011,233900,INR,CAPTURED,2026-08-18T19:21:39Z,REF-PAY_A105F1E7
PAY_268F485C,ORD_5DDEDC2C,MERCH_003,882000,INR,CAPTURED,2026-09-01T06:13:33Z,REF-PAY_268F485C
PAY_EAAD358B,ORD_595B609B,MERCH_001,746000,INR,CAPTURED,2026-07-29T21:55:17Z,REF-PAY_EAAD358B
PAY_E989DF57,ORD_3ED81829,MERCH_026,1696300,INR,CAPTURED,2026-08-08T07:34:41Z,REF-PAY_E989DF57
PAY_BDB06469,ORD_99C229FC,MERCH_036,368500,INR,CAPTURED,2026-08-22T18:40:52Z,REF-PAY_BDB06469
PAY_0D3330A0,ORD_DC5F9E1F,MERCH_031,752700,INR,CAPTURED,2026-07-08T19:07:00Z,REF-PAY_0D3330A0
PAY_CF1AD89A,ORD_AC48EBF6,MERCH_009,1018500,INR,CAPTURED,2026-07-05T00:42:19Z,REF-PAY_CF1AD89A
PAY_7AC40788,ORD_27E6E92F,MERCH_003,707900,INR,CAPTURED,2026-08-31T05:01:40Z,REF-PAY_7AC40788
PAY_52DAD67D,ORD_45CE03D9,MERCH_002,168400,INR,CAPTURED,2026-08-03T20:09:00Z,REF-PAY_52DAD67D
PAY_3C925A1A,ORD_64B22091,MERCH_019,1112100,INR,CAPTURED,2026-08-07T15:19:54Z,REF-PAY_3C925A1A
PAY_FDA94504,ORD_0EC43ECB,MERCH_020,1598100,INR,CAPTURED,2026-08-12T22:18:26Z,REF-PAY_FDA94504
PAY_97606530,ORD_2D222146,MERCH_006,1322300,INR,CAPTURED,2026-08-28T03:28:42Z,REF-PAY_97606530
PAY_D80DD77A,ORD_CE91FEC5,MERCH_001,1782200,INR,CAPTURED,2026-09-01T13:40:46Z,REF-PAY_D80DD77A
PAY_45903648,ORD_E74D8A25,MERCH_031,1145400,INR,CAPTURED,2026-08-28T07:34:57Z,REF-PAY_45903648
PAY_A2EA5D62,ORD_99516563,MERCH_034,287100,INR,CAPTURED,2026-08-13T19:06:04Z,REF-PAY_A2EA5D62
PAY_717CBE8E,ORD_09713B9F,MERCH_010,1492800,INR,CAPTURED,2026-07-15T06:59:08Z,REF-PAY_717CBE8E
PAY_130AF364,ORD_09713B9F,MERCH_010,1492800,INR,CAPTURED,2026-07-15T06:59:08Z,REF-PAY_717CBE8E
PAY_C6325A7F,ORD_33ADC75C,MERCH_043,1475500,INR,CAPTURED,2026-07-04T18:14:16Z,REF-PAY_C6325A7F
PAY_102E07FC,ORD_6C169707,MERCH_002,783500,INR,CAPTURED,2026-08-30T20:57:53Z,REF-PAY_102E07FC
PAY_C967B62E,ORD_0975C763,MERCH_043,346200,INR,CAPTURED,2026-08-22T03:31:44Z,REF-PAY_C967B62E
PAY_647014A0,ORD_83172E19,MERCH_020,1568800,INR,CAPTURED,2026-08-27T22:34:45Z,REF-PAY_647014A0
PAY_72B80E95,ORD_C0AE30E0,MERCH_014,567300,INR,CAPTURED,2026-07-22T15:07:49Z,REF-PAY_72B80E95
PAY_3589C54A,ORD_49AED8C6,MERCH_049,1275200,INR,CAPTURED,2026-07-09T19:34:58Z,REF-PAY_3589C54A
PAY_0D4E7519,ORD_48D61351,MERCH_003,833400,INR,CAPTURED,2026-07-27T02:04:25Z,REF-PAY_0D4E7519
PAY_F55E9BF0,ORD_C1A5FFCA,MERCH_039,1206400,INR,CAPTURED,2026-08-27T08:15:20Z,REF-PAY_F55E9BF0
PAY_64FA63AE,ORD_C766F8AC,MERCH_013,1915200,INR,CAPTURED,2026-08-11T05:39:10Z,REF-PAY_64FA63AE
PAY_D409A187,ORD_51B9C4ED,MERCH_002,230800,INR,CAPTURED,2026-08-26T13:35:14Z,REF-PAY_D409A187
PAY_27D133F6,ORD_578E5F8E,MERCH_008,1600200,INR,CAPTURED,2026-07-23T20:37:48Z,REF-PAY_27D133F6
PAY_02775C39,ORD_B250D190,MERCH_038,162300,INR,CAPTURED,2026-08-16T06:07:00Z,REF-PAY_02775C39
PAY_A3C916C5,ORD_86FD234A,MERCH_009,755400,INR,CAPTURED,2026-07-08T15:58:56Z,REF-PAY_A3C916C5
PAY_1ACB2534,ORD_AFF6AE5A,MERCH_009,1742500,INR,CAPTURED,2026-08-04T08:32:04Z,REF-PAY_1ACB2534
PAY_F2FEED4C,ORD_C822F8FA,MERCH_006,113300,INR,CAPTURED,2026-07-23T06:09:04Z,REF-PAY_F2FEED4C
PAY_2A350BAB,ORD_B6D0DE6F,MERCH_013,658100,INR,CAPTURED,2026-08-30T11:23:55Z,REF-PAY_2A350BAB
PAY_DBFCBA8A,ORD_D6D96982,MERCH_036,154300,INR,CAPTURED,2026-07-05T23:53:07Z,REF-PAY_DBFCBA8A
PAY_CCE78881,ORD_9CF9E3D0,MERCH_013,1753100,INR,CAPTURED,2026-08-09T20:53:47Z,REF-PAY_CCE78881
PAY_FBFBE1F8,ORD_FD84810D,MERCH_008,1651000,INR,CAPTURED,2026-07-19T16:58:21Z,REF-PAY_FBFBE1F8
PAY_6930058F,ORD_BE7389B4,MERCH_021,1925800,INR,CAPTURED,2026-07-10T15:01:44Z,REF-PAY_6930058F
PAY_56FEA075,ORD_454FCB3B,MERCH_011,1290900,INR,CAPTURED,2026-07-20T02:36:54Z,REF-PAY_56FEA075
PAY_1AD2B2EA,ORD_55805E77,MERCH_014,1883000,INR,CAPTURED,2026-07-24T09:51:10Z,REF-PAY_1AD2B2EA
PAY_368B2CE1,ORD_5A4FCE1C,MERCH_017,1017300,INR,CAPTURED,2026-07-13T20:49:41Z,REF-PAY_368B2CE1
PAY_A6335188,ORD_2BCB1D0D,MERCH_006,557300,INR,CAPTURED,2026-08-07T01:06:08Z,REF-PAY_A6335188
PAY_E49A6FE8,ORD_99D6EDF2,MERCH_049,1794900,INR,CAPTURED,2026-07-25T07:59:21Z,REF-PAY_E49A6FE8
PAY_422068D7,ORD_958FCBA9,MERCH_041,1130700,INR,CAPTURED,2026-07-20T21:02:54Z,REF-PAY_422068D7
PAY_B202A3B1,ORD_958FCBA9,MERCH_041,1130700,INR,CAPTURED,2026-07-20T21:02:54Z,REF-PAY_422068D7
PAY_634149F4,ORD_DF8B981A,MERCH_031,1519300,INR,CAPTURED,2026-08-28T12:40:04Z,REF-PAY_634149F4
PAY_194E2FF7,ORD_3C552866,MERCH_044,1529000,INR,CAPTURED,2026-07-12T09:01:27Z,REF-PAY_194E2FF7
PAY_A78C3FFD,ORD_8589DC64,MERCH_038,1675400,INR,CAPTURED,2026-07-25T03:56:43Z,REF-PAY_A78C3FFD
PAY_21B6D852,ORD_A9511847,MERCH_048,585700,INR,CAPTURED,2026-07-07T22:52:14Z,REF-PAY_21B6D852
PAY_2BEF8096,ORD_32BFF76D,MERCH_006,775600,INR,CAPTURED,2026-08-25T11:40:02Z,REF-PAY_2BEF8096
PAY_349D0BF1,ORD_4FDABF11,MERCH_023,1976800,INR,CAPTURED,2026-07-01T03:43:20Z,REF-PAY_349D0BF1
PAY_153EA167,ORD_6656895E,MERCH_009,1830000,INR,CAPTURED,2026-07-02T13:30:23Z,REF-PAY_153EA167
PAY_69AEB14F,ORD_F2DB2464,MERCH_018,186700,INR,CAPTURED,2026-08-25T18:03:09Z,REF-PAY_69AEB14F
PAY_04639DCE,ORD_DDFF3DBF,MERCH_030,517800,INR,CAPTURED,2026-08-18T15:31:38Z,REF-PAY_04639DCE
PAY_A11FB614,ORD_CF667B83,MERCH_007,1566700,INR,CAPTURED,2026-08-16T21:37:23Z,REF-PAY_A11FB614
PAY_20CDD0CE,ORD_43E900EA,MERCH_036,545600,INR,CAPTURED,2026-07-10T00:38:13Z,REF-PAY_20CDD0CE
PAY_4FC50C9F,ORD_3A158839,MERCH_031,672000,INR,CAPTURED,2026-08-13T02:52:50Z,REF-PAY_4FC50C9F
PAY_67F4854F,ORD_32DC66AE,MERCH_018,633400,INR,CAPTURED,2026-07-12T01:45:18Z,REF-PAY_67F4854F
PAY_D7AA86E5,ORD_326C97E0,MERCH_045,1129600,INR,CAPTURED,2026-07-15T02:10:24Z,REF-PAY_D7AA86E5
PAY_3F2041B9,ORD_6B3FCDC4,MERCH_048,875300,INR,CAPTURED,2026-08-13T02:01:08Z,REF-PAY_3F2041B9
PAY_F1CF89F3,ORD_181C3E21,MERCH_046,447200,INR,CAPTURED,2026-07-24T14:04:40Z,REF-PAY_F1CF89F3
PAY_1A784CD6,ORD_330EB555,MERCH_010,1036900,INR,CAPTURED,2026-07-08T20:34:36Z,REF-PAY_1A784CD6
PAY_3272CBFD,ORD_2F806EA9,MERCH_037,1538700,INR,CAPTURED,2026-08-04T06:18:08Z,REF-PAY_3272CBFD
PAY_91AFFFDC,ORD_A3FBB874,MERCH_021,1674300,INR,CAPTURED,2026-07-15T16:51:48Z,REF-PAY_91AFFFDC
PAY_874DA6B2,ORD_E4966971,MERCH_002,1883700,INR,CAPTURED,2026-07-04T15:51:07Z,REF-PAY_874DA6B2
PAY_CAC618AF,ORD_3508DB63,MERCH_032,434800,INR,CAPTURED,2026-08-19T22:17:17Z,REF-PAY_CAC618AF
PAY_F67CB7E6,ORD_BECD7A3A,MERCH_029,273600,INR,CAPTURED,2026-07-26T13:56:43Z,REF-PAY_F67CB7E6
PAY_01A596DE,ORD_E3CAE4D7,MERCH_037,669700,INR,CAPTURED,2026-08-10T13:26:31Z,REF-PAY_01A596DE
PAY_4E66EDF0,ORD_33E8A667,MERCH_008,710700,INR,CAPTURED,2026-08-07T06:31:35Z,REF-PAY_4E66EDF0
PAY_DA4C34D7,ORD_F5CEB146,MERCH_009,164900,INR,CAPTURED,2026-08-25T14:02:53Z,REF-PAY_DA4C34D7
PAY_EE60C5F8,ORD_6C98904B,MERCH_021,492600,INR,CAPTURED,2026-07-06T16:12:56Z,REF-PAY_EE60C5F8
PAY_2BF5834B,ORD_F98300A1,MERCH_045,40800,INR,CAPTURED,2026-07-06T03:51:06Z,REF-PAY_2BF5834B
PAY_79A77D96,ORD_32A1FB0F,MERCH_042,235800,INR,CAPTURED,2026-08-07T09:24:58Z,REF-PAY_79A77D96
PAY_F75CF131,ORD_4F31EC3E,MERCH_041,703600,INR,CAPTURED,2026-07-30T13:00:51Z,REF-PAY_F75CF131
PAY_0A2CE49A,ORD_EB4CB1D4,MERCH_006,1012700,INR,CAPTURED,2026-08-18T01:46:11Z,REF-PAY_0A2CE49A
PAY_88D1DEED,ORD_18FAD359,MERCH_014,1074600,INR,CAPTURED,2026-07-27T21:37:47Z,REF-PAY_88D1DEED
PAY_8A5ACC98,ORD_4CCC6E0E,MERCH_014,299700,INR,CAPTURED,2026-07-01T01:01:45Z,REF-PAY_8A5ACC98
PAY_9DF47D80,ORD_0C77D92C,MERCH_039,1782800,INR,CAPTURED,2026-08-23T01:46:15Z,REF-PAY_9DF47D80
PAY_83217839,ORD_769C968C,MERCH_010,1422600,INR,CAPTURED,2026-07-14T04:58:46Z,REF-PAY_83217839
PAY_971D3B0E,ORD_F1BBE64C,MERCH_020,280500,INR,CAPTURED,2026-07-14T13:53:17Z,REF-PAY_971D3B0E
PAY_071A86F5,ORD_F1BBE64C,MERCH_020,280500,INR,CAPTURED,2026-07-14T13:53:17Z,REF-PAY_971D3B0E
PAY_EAF6D867,ORD_FAD38D10,MERCH_024,1247600,INR,CAPTURED,2026-07-04T11:01:55Z,REF-PAY_EAF6D867
PAY_F154009E,ORD_8311FD0E,MERCH_032,1035100,INR,CAPTURED,2026-08-24T10:33:06Z,REF-PAY_F154009E
PAY_C403B2D7,ORD_6E929943,MERCH_023,1478600,INR,CAPTURED,2026-07-21T14:04:40Z,REF-PAY_C403B2D7
PAY_019A85B1,ORD_9C285B01,MERCH_045,1628000,INR,CAPTURED,2026-07-10T20:49:36Z,REF-PAY_019A85B1
PAY_1014BE77,ORD_9C285B01,MERCH_045,1628000,INR,CAPTURED,2026-07-10T20:49:36Z,REF-PAY_019A85B1
PAY_DFC2D511,ORD_E3916C23,MERCH_029,969500,INR,CAPTURED,2026-07-26T03:56:10Z,REF-PAY_DFC2D511
PAY_69B98090,ORD_5EAB5073,MERCH_021,995900,INR,CAPTURED,2026-08-06T01:06:19Z,REF-PAY_69B98090
PAY_4AAB3EA6,ORD_78E89816,MERCH_046,1253200,INR,CAPTURED,2026-08-28T23:00:34Z,REF-PAY_4AAB3EA6
PAY_4768A12B,ORD_36DD80E8,MERCH_032,57600,INR,CAPTURED,2026-07-30T18:34:51Z,REF-PAY_4768A12B
PAY_9D200047,ORD_F2BAA5B9,MERCH_015,1657900,INR,CAPTURED,2026-07-12T12:54:55Z,REF-PAY_9D200047
PAY_B2D70A9C,ORD_C7EF42F0,MERCH_014,259200,INR,CAPTURED,2026-08-19T03:25:41Z,REF-PAY_B2D70A9C
PAY_0FC29EE8,ORD_D44842D4,MERCH_026,1915300,INR,CAPTURED,2026-08-20T14:49:06Z,REF-PAY_0FC29EE8
PAY_D8DA71C8,ORD_9F1D5A3A,MERCH_029,337200,INR,CAPTURED,2026-08-28T22:20:21Z,REF-PAY_D8DA71C8
PAY_5880E49B,ORD_AAE6E1C2,MERCH_002,1344400,INR,CAPTURED,2026-08-18T03:24:21Z,REF-PAY_5880E49B
PAY_DD5531F6,ORD_3E45A3BA,MERCH_029,245200,INR,CAPTURED,2026-08-13T07:01:20Z,REF-PAY_DD5531F6
PAY_EB2F5708,ORD_C5EEEEBD,MERCH_024,1889700,INR,CAPTURED,2026-08-10T00:03:27Z,REF-PAY_EB2F5708
PAY_D9EF300B,ORD_A5939AFA,MERCH_011,567700,INR,CAPTURED,2026-07-16T04:26:41Z,REF-PAY_D9EF300B
PAY_14F81113,ORD_30CBB8EB,MERCH_042,1222100,INR,CAPTURED,2026-08-16T18:02:41Z,REF-PAY_14F81113
PAY_2A175150,ORD_DBFBBF16,MERCH_024,657900,INR,CAPTURED,2026-08-17T17:36:18Z,REF-PAY_2A175150
PAY_6FAB7928,ORD_A37C7588,MERCH_034,638300,INR,CAPTURED,2026-08-23T19:11:00Z,REF-PAY_6FAB7928
PAY_10029B91,ORD_4A012B3D,MERCH_030,1427200,INR,CAPTURED,2026-08-20T06:17:52Z,REF-PAY_10029B91
PAY_7CE7487E,ORD_BD373199,MERCH_003,1265000,INR,CAPTURED,2026-07-30T09:17:37Z,REF-PAY_7CE7487E
PAY_A325AFCD,ORD_08596FE2,MERCH_039,5500000,INR,CAPTURED,2026-08-25T12:42:50Z,REF-PAY_A325AFCD
PAY_2D4BCA7C,ORD_955D4652,MERCH_038,715300,INR,CAPTURED,2026-07-03T01:27:33Z,REF-PAY_2D4BCA7C
PAY_844AD01D,ORD_EA63E9B2,MERCH_026,1747000,INR,CAPTURED,2026-08-21T09:20:24Z,REF-PAY_844AD01D
PAY_FEB06229,ORD_BDEA49C2,MERCH_049,718800,INR,CAPTURED,2026-07-23T21:55:53Z,REF-PAY_FEB06229
PAY_7F7ACB2C,ORD_4BC69C79,MERCH_008,503100,INR,CAPTURED,2026-08-17T18:43:58Z,REF-PAY_7F7ACB2C
PAY_1DC04C9E,ORD_97A6EC1D,MERCH_039,1905300,INR,CAPTURED,2026-08-02T02:27:04Z,REF-PAY_1DC04C9E
PAY_2631E542,ORD_3F36F2AF,MERCH_016,1652000,INR,CAPTURED,2026-08-03T21:55:28Z,REF-PAY_2631E542
PAY_E484AE76,ORD_6E5E0EE5,MERCH_031,1997700,INR,CAPTURED,2026-07-29T10:21:47Z,REF-PAY_E484AE76
PAY_6F98FC32,ORD_A712373F,MERCH_017,1657700,INR,CAPTURED,2026-07-21T21:14:43Z,REF-PAY_6F98FC32
PAY_3A25BA16,ORD_7E1EA71A,MERCH_001,415500,INR,CAPTURED,2026-07-20T20:10:34Z,REF-PAY_3A25BA16
PAY_F070064D,ORD_B6F17159,MERCH_045,1546000,INR,CAPTURED,2026-07-11T04:51:15Z,REF-PAY_F070064D
PAY_45DBE363,ORD_53FD93EB,MERCH_035,1403000,INR,CAPTURED,2026-07-14T05:07:09Z,REF-PAY_45DBE363
PAY_CF75059E,ORD_F0493718,MERCH_012,533200,INR,CAPTURED,2026-07-09T08:50:47Z,REF-PAY_CF75059E
PAY_02415892,ORD_F957B14C,MERCH_001,1934700,INR,CAPTURED,2026-08-11T22:02:41Z,REF-PAY_02415892
PAY_CFDEFE2C,ORD_F957B14C,MERCH_001,1934700,INR,CAPTURED,2026-08-11T22:02:41Z,REF-PAY_02415892
PAY_6AC3BBA6,ORD_98BED329,MERCH_004,1788200,INR,CAPTURED,2026-07-10T02:25:40Z,REF-PAY_6AC3BBA6
PAY_A2C8FE20,ORD_98BED329,MERCH_004,1788200,INR,CAPTURED,2026-07-10T02:25:40Z,REF-PAY_6AC3BBA6
PAY_279A499E,ORD_F8038E30,MERCH_011,1105000,INR,CAPTURED,2026-08-21T21:49:44Z,REF-PAY_279A499E
PAY_F023499A,ORD_8C06BCD5,MERCH_026,248800,INR,CAPTURED,2026-08-11T01:50:15Z,REF-PAY_F023499A
PAY_F8D2A667,ORD_8E7FD6C8,MERCH_013,1323800,INR,CAPTURED,2026-07-18T17:36:40Z,REF-PAY_F8D2A667
PAY_EAFC535A,ORD_7ADCE09E,MERCH_015,5500000,INR,CAPTURED,2026-08-04T19:16:26Z,REF-PAY_EAFC535A
PAY_12B6B999,ORD_E5B6534D,MERCH_031,835700,INR,CAPTURED,2026-07-08T11:01:02Z,REF-PAY_12B6B999
PAY_D444F81E,ORD_EDB1FFB7,MERCH_027,1059800,INR,CAPTURED,2026-07-09T03:53:21Z,REF-PAY_D444F81E
PAY_C245EDB1,ORD_CCF849AC,MERCH_043,163300,INR,CAPTURED,2026-08-27T14:47:48Z,REF-PAY_C245EDB1
PAY_21490F8D,ORD_99DC42EA,MERCH_026,1428400,INR,CAPTURED,2026-07-01T21:19:29Z,REF-PAY_21490F8D
PAY_C67F88D2,ORD_CE2501BD,MERCH_027,622200,INR,CAPTURED,2026-07-11T11:03:13Z,REF-PAY_C67F88D2
PAY_216D114D,ORD_7615BBB3,MERCH_043,736400,INR,CAPTURED,2026-07-11T11:52:41Z,REF-PAY_216D114D
PAY_9621F5CB,ORD_A977E6D2,MERCH_015,812800,INR,CAPTURED,2026-08-02T09:27:34Z,REF-PAY_9621F5CB
PAY_BDE18D9B,ORD_EDEBD054,MERCH_017,449100,INR,CAPTURED,2026-08-31T16:00:01Z,REF-PAY_BDE18D9B
PAY_57FC6183,ORD_80C68368,MERCH_019,365500,INR,CAPTURED,2026-07-02T12:38:08Z,REF-PAY_57FC6183
PAY_D0259389,ORD_36B86481,MERCH_039,1615300,INR,CAPTURED,2026-07-19T10:04:40Z,REF-PAY_D0259389
PAY_764D4AFA,ORD_9AE7CF9B,MERCH_016,1655400,INR,CAPTURED,2026-07-01T07:16:22Z,REF-PAY_764D4AFA
PAY_C56903EB,ORD_CAB98B60,MERCH_030,15000000,INR,CAPTURED,2026-07-09T00:32:04Z,REF-PAY_C56903EB
PAY_F24C73A8,ORD_167B1AD8,MERCH_032,391100,INR,CAPTURED,2026-08-24T01:07:45Z,REF-PAY_F24C73A8
PAY_80DBEECA,ORD_35193726,MERCH_029,555900,INR,CAPTURED,2026-08-13T17:41:50Z,REF-PAY_80DBEECA
PAY_7D177649,ORD_5FF57F2C,MERCH_001,542100,INR,CAPTURED,2026-08-29T17:57:47Z,REF-PAY_7D177649
PAY_49E9B8F7,ORD_1BCB3C52,MERCH_047,948300,INR,CAPTURED,2026-08-11T07:21:50Z,REF-PAY_49E9B8F7
PAY_344E539C,ORD_86DD9B8F,MERCH_048,138700,INR,CAPTURED,2026-07-01T20:52:32Z,REF-PAY_344E539C
PAY_3244F700,ORD_D7238E4B,MERCH_007,555600,INR,CAPTURED,2026-08-24T12:11:36Z,REF-PAY_3244F700
PAY_C52C9AD1,ORD_AED27CB1,MERCH_011,1539700,INR,CAPTURED,2026-08-22T06:07:51Z,REF-PAY_C52C9AD1
PAY_54088E32,ORD_6EDE562A,MERCH_004,647400,INR,CAPTURED,2026-08-05T13:03:10Z,REF-PAY_54088E32
PAY_B773FA67,ORD_44CC7E37,MERCH_022,1514400,INR,CAPTURED,2026-07-11T19:11:31Z,REF-PAY_B773FA67
PAY_8CD90B71,ORD_CD8F6F43,MERCH_009,1606300,INR,CAPTURED,2026-09-01T23:34:25Z,REF-PAY_8CD90B71
PAY_80FDFF20,ORD_8C2F4FAE,MERCH_021,279000,INR,CAPTURED,2026-08-28T16:01:24Z,REF-PAY_80FDFF20
PAY_56DB2BB5,ORD_AE7A69C1,MERCH_030,1281700,INR,CAPTURED,2026-08-27T17:11:23Z,REF-PAY_56DB2BB5
PAY_731E6977,ORD_1D8B822C,MERCH_026,1027800,INR,CAPTURED,2026-08-02T07:01:11Z,REF-PAY_731E6977
PAY_0EC47124,ORD_11B852AB,MERCH_011,1022700,INR,CAPTURED,2026-07-01T03:35:37Z,REF-PAY_0EC47124
PAY_B668F67D,ORD_2585F3D6,MERCH_021,395000,INR,CAPTURED,2026-07-24T21:21:05Z,REF-PAY_B668F67D
PAY_B6939D49,ORD_E1C7EE74,MERCH_014,294100,INR,CAPTURED,2026-08-14T19:44:13Z,REF-PAY_B6939D49
PAY_B31554AE,ORD_C3AF1A72,MERCH_025,304100,INR,CAPTURED,2026-08-22T02:04:44Z,REF-PAY_B31554AE
PAY_BB3867B8,ORD_0D73AA5F,MERCH_030,69400,INR,CAPTURED,2026-08-30T15:30:56Z,REF-PAY_BB3867B8
PAY_241ADB90,ORD_3ECEE684,MERCH_047,308700,INR,CAPTURED,2026-07-21T18:26:06Z,REF-PAY_241ADB90
PAY_0C41097C,ORD_8F83E1A7,MERCH_011,15000000,INR,CAPTURED,2026-07-23T08:38:40Z,REF-PAY_0C41097C
PAY_50D4B395,ORD_BCB8FCB9,MERCH_033,386300,INR,CAPTURED,2026-08-13T18:50:29Z,REF-PAY_50D4B395
PAY_18936AD6,ORD_8F3E3FC4,MERCH_010,1551000,INR,CAPTURED,2026-07-30T03:20:41Z,REF-PAY_18936AD6
PAY_8C4A2EE0,ORD_6617F763,MERCH_026,143000,INR,CAPTURED,2026-08-19T17:56:22Z,REF-PAY_8C4A2EE0
PAY_AAC19BD9,ORD_8172C90A,MERCH_028,513300,INR,CAPTURED,2026-08-13T23:25:01Z,REF-PAY_AAC19BD9
PAY_D974AC15,ORD_570BB5B6,MERCH_019,278500,INR,CAPTURED,2026-07-07T11:43:43Z,REF-PAY_D974AC15
PAY_B865B7F6,ORD_098C1F8F,MERCH_033,1655600,INR,CAPTURED,2026-08-25T02:47:24Z,REF-PAY_B865B7F6
PAY_A066E4FC,ORD_0658A74C,MERCH_024,1222800,INR,CAPTURED,2026-08-14T15:41:19Z,REF-PAY_A066E4FC
PAY_63D82B17,ORD_A03323EE,MERCH_020,1531800,INR,CAPTURED,2026-07-31T23:55:28Z,REF-PAY_63D82B17
PAY_77E8CCC5,ORD_C33A1AB6,MERCH_042,1488800,INR,CAPTURED,2026-07-30T03:09:22Z,REF-PAY_77E8CCC5
PAY_24E8AA91,ORD_CC083343,MERCH_017,1539300,INR,CAPTURED,2026-07-11T19:05:11Z,REF-PAY_24E8AA91
PAY_E205BE71,ORD_8F05F97A,MERCH_006,1422800,INR,CAPTURED,2026-08-12T01:53:23Z,REF-PAY_E205BE71
PAY_75C0D563,ORD_E30F5265,MERCH_011,1120600,INR,CAPTURED,2026-08-11T18:52:21Z,REF-PAY_75C0D563
PAY_FC789CA8,ORD_7AFBE524,MERCH_025,832800,INR,CAPTURED,2026-08-28T09:39:51Z,REF-PAY_FC789CA8
PAY_94DD06A8,ORD_52936857,MERCH_029,911900,INR,CAPTURED,2026-07-06T19:48:09Z,REF-PAY_94DD06A8
PAY_EF162B68,ORD_C3B196C1,MERCH_003,829800,INR,CAPTURED,2026-08-27T08:42:35Z,REF-PAY_EF162B68
PAY_9F1B9E5C,ORD_D3DF6A47,MERCH_019,1636500,INR,CAPTURED,2026-08-28T19:16:10Z,REF-PAY_9F1B9E5C
PAY_D27C74AD,ORD_B1D30B58,MERCH_014,340900,INR,CAPTURED,2026-08-15T21:42:55Z,REF-PAY_D27C74AD
PAY_3766F4CC,ORD_CE057E37,MERCH_017,1026900,INR,CAPTURED,2026-07-14T23:13:45Z,REF-PAY_3766F4CC
PAY_091A7FD9,ORD_CE057E37,MERCH_017,1026900,INR,CAPTURED,2026-07-14T23:13:45Z,REF-PAY_3766F4CC
PAY_997A4EA3,ORD_35ADE5E9,MERCH_006,1141800,INR,CAPTURED,2026-07-21T02:39:35Z,REF-PAY_997A4EA3
PAY_3E6AED65,ORD_9BC030CC,MERCH_021,1902200,INR,CAPTURED,2026-08-21T07:05:13Z,REF-PAY_3E6AED65
PAY_F5A6A836,ORD_5521AA56,MERCH_007,1768000,INR,CAPTURED,2026-08-15T21:45:48Z,REF-PAY_F5A6A836
PAY_C30C3ABA,ORD_65DD952B,MERCH_005,1110600,INR,CAPTURED,2026-07-26T18:55:10Z,REF-PAY_C30C3ABA
PAY_BDAA7DA9,ORD_CA7F693D,MERCH_023,1968400,INR,CAPTURED,2026-07-23T02:01:11Z,REF-PAY_BDAA7DA9
PAY_C12B3AF6,ORD_EA36664E,MERCH_016,1080800,INR,CAPTURED,2026-07-26T17:28:40Z,REF-PAY_C12B3AF6
PAY_CC39C110,ORD_DB9507A7,MERCH_017,1706400,INR,CAPTURED,2026-08-01T23:44:27Z,REF-PAY_CC39C110
PAY_DD7DFAA1,ORD_8ED7F8C9,MERCH_049,1557200,INR,CAPTURED,2026-07-25T17:54:54Z,REF-PAY_DD7DFAA1
PAY_F0341DCC,ORD_17EE975B,MERCH_007,555400,INR,CAPTURED,2026-09-01T00:15:54Z,REF-PAY_F0341DCC
PAY_37B9A63F,ORD_C42C8CF3,MERCH_037,1116100,INR,CAPTURED,2026-07-20T11:27:04Z,REF-PAY_37B9A63F
PAY_BF895959,ORD_43503905,MERCH_003,1916900,INR,CAPTURED,2026-08-18T17:01:30Z,REF-PAY_BF895959
PAY_F656AB7F,ORD_B60BA160,MERCH_007,1779300,INR,CAPTURED,2026-08-11T01:00:36Z,REF-PAY_F656AB7F
PAY_544FA466,ORD_7AA37091,MERCH_010,551900,INR,CAPTURED,2026-08-04T03:26:44Z,REF-PAY_544FA466
PAY_87C78F7C,ORD_BED8DF0F,MERCH_024,1025000,INR,CAPTURED,2026-08-30T21:25:27Z,REF-PAY_87C78F7C
PAY_C89342E3,ORD_3E03C7F7,MERCH_002,75400,INR,CAPTURED,2026-08-04T18:38:08Z,REF-PAY_C89342E3
PAY_8190ED4F,ORD_8F72A86D,MERCH_001,927500,INR,CAPTURED,2026-08-09T13:16:28Z,REF-PAY_8190ED4F
PAY_58D78DFC,ORD_BD6D235A,MERCH_012,1204100,INR,CAPTURED,2026-08-04T10:06:29Z,REF-PAY_58D78DFC
PAY_4F640DE2,ORD_605CBEFE,MERCH_033,399500,INR,CAPTURED,2026-07-24T09:10:22Z,REF-PAY_4F640DE2
PAY_C30DA1F4,ORD_E24EF0CA,MERCH_040,1653000,INR,CAPTURED,2026-07-06T15:53:16Z,REF-PAY_C30DA1F4
PAY_AB124BD6,ORD_2B2DEB4A,MERCH_021,1850400,INR,CAPTURED,2026-07-23T02:30:16Z,REF-PAY_AB124BD6
PAY_37FF0CF1,ORD_AD12C3EF,MERCH_025,201400,INR,CAPTURED,2026-08-21T20:02:15Z,REF-PAY_37FF0CF1
PAY_B6D45DE2,ORD_8891B08E,MERCH_027,288700,INR,CAPTURED,2026-08-15T01:17:08Z,REF-PAY_B6D45DE2
PAY_D8A23975,ORD_459AC274,MERCH_017,346800,INR,CAPTURED,2026-08-31T08:46:54Z,REF-PAY_D8A23975
PAY_050CAEDE,ORD_608E9926,MERCH_025,65400,INR,CAPTURED,2026-08-27T04:12:28Z,REF-PAY_050CAEDE
PAY_862E14A1,ORD_9B4C9CF0,MERCH_037,259200,INR,CAPTURED,2026-07-05T15:02:56Z,REF-PAY_862E14A1
PAY_AA14466E,ORD_100A0594,MERCH_009,76000,INR,CAPTURED,2026-07-14T23:20:24Z,REF-PAY_AA14466E
PAY_2D95ED1A,ORD_F46168D7,MERCH_010,690400,INR,CAPTURED,2026-07-11T00:23:41Z,REF-PAY_2D95ED1A
PAY_2ED10BDC,ORD_F46168D7,MERCH_010,690400,INR,CAPTURED,2026-07-11T00:23:41Z,REF-PAY_2D95ED1A
PAY_DAD2D4B5,ORD_FC497AE5,MERCH_049,148600,INR,CAPTURED,2026-07-15T22:02:17Z,REF-PAY_DAD2D4B5
PAY_0B57B49C,ORD_2D27E1A0,MERCH_011,607200,INR,CAPTURED,2026-09-01T14:25:59Z,REF-PAY_0B57B49C
PAY_5A82C1D9,ORD_56B72C29,MERCH_034,737900,INR,CAPTURED,2026-08-29T10:07:11Z,REF-PAY_5A82C1D9
PAY_5358A75E,ORD_AD25A9DB,MERCH_014,1573700,INR,CAPTURED,2026-08-27T11:42:44Z,REF-PAY_5358A75E
PAY_3F340397,ORD_DB3C8034,MERCH_044,1464800,INR,CAPTURED,2026-08-30T15:07:04Z,REF-PAY_3F340397
PAY_5FB5BC26,ORD_038671F4,MERCH_044,1091100,INR,CAPTURED,2026-07-25T04:15:57Z,REF-PAY_5FB5BC26
PAY_DC7537E5,ORD_038671F4,MERCH_044,1091100,INR,CAPTURED,2026-07-25T04:15:57Z,REF-PAY_5FB5BC26
PAY_B57FA039,ORD_18591446,MERCH_033,54900,INR,CAPTURED,2026-08-15T14:33:31Z,REF-PAY_B57FA039
PAY_1757CA47,ORD_59F56452,MERCH_026,1013000,INR,CAPTURED,2026-08-05T16:18:24Z,REF-PAY_1757CA47
PAY_F1DA4FDC,ORD_F9C5B065,MERCH_042,1601900,INR,CAPTURED,2026-08-19T23:52:05Z,REF-PAY_F1DA4FDC
PAY_C8938464,ORD_3C0761E8,MERCH_002,314600,INR,CAPTURED,2026-07-27T15:13:21Z,REF-PAY_C8938464
PAY_6779E41D,ORD_3C0761E8,MERCH_002,314600,INR,CAPTURED,2026-07-27T15:13:21Z,REF-PAY_C8938464
PAY_483D5654,ORD_FDB0E616,MERCH_022,549700,INR,CAPTURED,2026-08-12T01:06:43Z,REF-PAY_483D5654
PAY_78F24EF1,ORD_839E271C,MERCH_004,1323100,INR,CAPTURED,2026-07-01T02:36:06Z,REF-PAY_78F24EF1
PAY_8768C787,ORD_3545BFEE,MERCH_049,1482300,INR,CAPTURED,2026-08-05T18:12:24Z,REF-PAY_8768C787
PAY_C981A622,ORD_19C90B03,MERCH_013,1106400,INR,CAPTURED,2026-08-08T11:50:39Z,REF-PAY_C981A622
PAY_6E7A8658,ORD_6A5D4A83,MERCH_038,687500,INR,CAPTURED,2026-07-08T15:19:38Z,REF-PAY_6E7A8658
PAY_F0395674,ORD_99D20431,MERCH_020,713600,INR,CAPTURED,2026-07-10T06:38:17Z,REF-PAY_F0395674
PAY_4CB96DA3,ORD_C3F706E9,MERCH_039,415700,INR,CAPTURED,2026-07-29T03:25:29Z,REF-PAY_4CB96DA3
PAY_894141B0,ORD_C3F706E9,MERCH_039,415700,INR,CAPTURED,2026-07-29T03:25:29Z,REF-PAY_4CB96DA3
PAY_3E1D4B51,ORD_1E5AF160,MERCH_026,495800,INR,CAPTURED,2026-08-07T03:30:42Z,REF-PAY_3E1D4B51
PAY_281B10FF,ORD_7FA4401F,MERCH_021,932400,INR,CAPTURED,2026-07-04T16:50:27Z,REF-PAY_281B10FF
PAY_E07F2079,ORD_FEEF921E,MERCH_028,490800,INR,CAPTURED,2026-08-17T22:12:36Z,REF-PAY_E07F2079
PAY_38A33572,ORD_AB29C6FE,MERCH_048,804100,INR,CAPTURED,2026-09-01T07:41:50Z,REF-PAY_38A33572
PAY_10D9880C,ORD_ECBE6768,MERCH_033,56400,INR,CAPTURED,2026-07-19T09:03:57Z,REF-PAY_10D9880C
PAY_44A47E9A,ORD_AB974997,MERCH_023,896600,INR,CAPTURED,2026-07-01T10:58:41Z,REF-PAY_44A47E9A
PAY_ED1BA9F5,ORD_E26CDDAE,MERCH_027,1529800,INR,CAPTURED,2026-07-22T14:40:50Z,REF-PAY_ED1BA9F5
PAY_4C627581,ORD_93122F0A,MERCH_002,666600,INR,CAPTURED,2026-08-07T14:04:58Z,REF-PAY_4C627581
PAY_31235C08,ORD_EA73D84E,MERCH_006,80800,INR,CAPTURED,2026-08-20T21:31:33Z,REF-PAY_31235C08
PAY_97B4162F,ORD_23A4A39F,MERCH_041,340000,INR,CAPTURED,2026-07-30T17:53:21Z,REF-PAY_97B4162F
PAY_DE2201E6,ORD_055BA5BC,MERCH_047,409200,INR,CAPTURED,2026-08-05T15:18:37Z,REF-PAY_DE2201E6
PAY_3C6E3411,ORD_5A8B6A18,MERCH_010,332600,INR,CAPTURED,2026-08-12T00:07:29Z,REF-PAY_3C6E3411
PAY_47C5B93B,ORD_FC274465,MERCH_038,1498300,INR,CAPTURED,2026-08-18T09:46:46Z,REF-PAY_47C5B93B
PAY_66FD72EA,ORD_FC274465,MERCH_038,1498300,INR,CAPTURED,2026-08-18T09:46:46Z,REF-PAY_47C5B93B
PAY_66165243,ORD_3BFC557B,MERCH_018,315500,INR,CAPTURED,2026-07-10T13:22:42Z,REF-PAY_66165243
PAY_509DC783,ORD_B9A5C058,MERCH_008,130900,INR,CAPTURED,2026-08-21T16:34:19Z,REF-PAY_509DC783
PAY_749DA559,ORD_2FF6A4CA,MERCH_040,753700,INR,CAPTURED,2026-08-10T00:24:55Z,REF-PAY_749DA559
PAY_91EA62A9,ORD_E350F382,MERCH_032,1266200,INR,CAPTURED,2026-07-24T07:45:49Z,REF-PAY_91EA62A9
PAY_38C1E1AE,ORD_F8F7AEDF,MERCH_017,1460200,INR,CAPTURED,2026-08-19T05:36:11Z,REF-PAY_38C1E1AE
PAY_8D6E1A6F,ORD_F8F7AEDF,MERCH_017,1460200,INR,CAPTURED,2026-08-19T05:36:11Z,REF-PAY_38C1E1AE
PAY_79C7730D,ORD_21041FC6,MERCH_007,1820200,INR,CAPTURED,2026-08-25T13:01:51Z,REF-PAY_79C7730D
PAY_02FA41A2,ORD_D702D1DF,MERCH_015,72000,INR,CAPTURED,2026-07-24T22:01:21Z,REF-PAY_02FA41A2
PAY_D4B12B65,ORD_72513A43,MERCH_034,1332000,INR,CAPTURED,2026-08-10T00:50:57Z,REF-PAY_D4B12B65
PAY_B0DE8D3A,ORD_E2431345,MERCH_034,1312900,INR,CAPTURED,2026-08-19T15:04:11Z,REF-PAY_B0DE8D3A
PAY_1B239562,ORD_80F78BAD,MERCH_016,788500,INR,CAPTURED,2026-08-12T12:14:43Z,REF-PAY_1B239562
PAY_29D2AE77,ORD_677EBBE8,MERCH_015,1071100,INR,CAPTURED,2026-07-30T14:03:59Z,REF-PAY_29D2AE77
PAY_902D2989,ORD_677EBBE8,MERCH_015,1071100,INR,CAPTURED,2026-07-30T14:03:59Z,REF-PAY_29D2AE77
PAY_48D81EFE,ORD_CDCC0F52,MERCH_039,887900,INR,CAPTURED,2026-07-21T14:30:42Z,REF-PAY_48D81EFE
PAY_88BD7245,ORD_8D8A64D0,MERCH_029,432400,INR,CAPTURED,2026-09-01T00:20:13Z,REF-PAY_88BD7245
PAY_BE28D5FA,ORD_B65BA89E,MERCH_042,1759600,INR,CAPTURED,2026-07-07T12:50:14Z,REF-PAY_BE28D5FA
PAY_A13D5EC6,ORD_E38AD63C,MERCH_014,1463100,INR,CAPTURED,2026-08-23T18:54:00Z,REF-PAY_A13D5EC6
PAY_3DD7A825,ORD_DFC00055,MERCH_002,1330000,INR,CAPTURED,2026-07-16T22:07:51Z,REF-PAY_3DD7A825
PAY_9D485BA1,ORD_8639AD05,MERCH_003,1169600,INR,CAPTURED,2026-07-13T03:49:32Z,REF-PAY_9D485BA1
PAY_6FFEC2CD,ORD_D60297EE,MERCH_045,60000,INR,CAPTURED,2026-07-09T17:43:37Z,REF-PAY_6FFEC2CD
PAY_296C63C9,ORD_947F7CDF,MERCH_039,1734900,INR,CAPTURED,2026-08-19T00:35:43Z,REF-PAY_296C63C9
PAY_0B117179,ORD_947F7CDF,MERCH_039,1734900,INR,CAPTURED,2026-08-19T00:35:43Z,REF-PAY_296C63C9
PAY_BB3C5C6B,ORD_1E3E77B6,MERCH_006,1658700,INR,CAPTURED,2026-08-11T19:34:03Z,REF-PAY_BB3C5C6B
PAY_9D231FA8,ORD_460F8C4B,MERCH_045,40300,INR,CAPTURED,2026-07-19T00:23:57Z,REF-PAY_9D231FA8
PAY_1D56A388,ORD_7429409B,MERCH_035,50000,INR,CAPTURED,2026-08-31T10:57:30Z,REF-PAY_1D56A388
PAY_6D801A6A,ORD_30BDC882,MERCH_035,697500,INR,CAPTURED,2026-07-02T23:18:33Z,REF-PAY_6D801A6A
PAY_B106D7EF,ORD_019004D8,MERCH_043,824300,INR,CAPTURED,2026-07-25T03:26:13Z,REF-PAY_B106D7EF
PAY_30A7FB3E,ORD_8866EBDA,MERCH_025,760600,INR,CAPTURED,2026-07-24T13:52:31Z,REF-PAY_30A7FB3E
PAY_25F1FF63,ORD_BA30D84C,MERCH_024,1953100,INR,CAPTURED,2026-07-21T03:25:19Z,REF-PAY_25F1FF63
PAY_FD233DF3,ORD_CFEA432A,MERCH_004,310600,INR,CAPTURED,2026-07-29T01:07:05Z,REF-PAY_FD233DF3
PAY_0D4318FB,ORD_63B6531F,MERCH_046,142200,INR,CAPTURED,2026-08-21T13:12:41Z,REF-PAY_0D4318FB
PAY_70E2B648,ORD_9BD8D912,MERCH_041,651000,INR,CAPTURED,2026-07-21T16:27:24Z,REF-PAY_70E2B648
PAY_A5A3880B,ORD_3435F3C1,MERCH_009,1468600,INR,CAPTURED,2026-08-10T00:50:42Z,REF-PAY_A5A3880B
PAY_42E7A768,ORD_875FA524,MERCH_029,989700,INR,CAPTURED,2026-08-02T01:57:35Z,REF-PAY_42E7A768
PAY_8D84AEA7,ORD_35940256,MERCH_042,815200,INR,CAPTURED,2026-08-25T19:09:13Z,REF-PAY_8D84AEA7
PAY_DE131EF9,ORD_33FA8B54,MERCH_040,758400,INR,CAPTURED,2026-07-07T13:10:03Z,REF-PAY_DE131EF9
PAY_5C6AF948,ORD_93C9B401,MERCH_003,660000,INR,CAPTURED,2026-07-07T01:14:02Z,REF-PAY_5C6AF948
PAY_7B98825C,ORD_26388743,MERCH_037,1447500,INR,CAPTURED,2026-08-31T07:17:13Z,REF-PAY_7B98825C
PAY_6E316804,ORD_94761F26,MERCH_041,1992000,INR,CAPTURED,2026-07-18T20:31:10Z,REF-PAY_6E316804
PAY_E407311B,ORD_F30A49E4,MERCH_019,240700,INR,CAPTURED,2026-07-02T21:43:35Z,REF-PAY_E407311B
PAY_D565E05A,ORD_E69CC5BB,MERCH_017,633100,INR,CAPTURED,2026-08-28T11:46:16Z,REF-PAY_D565E05A
PAY_626255D8,ORD_1A4D07C7,MERCH_030,1537500,INR,CAPTURED,2026-08-24T06:25:25Z,REF-PAY_626255D8
PAY_62688657,ORD_86CC73B7,MERCH_015,1997800,INR,CAPTURED,2026-07-14T04:19:53Z,REF-PAY_62688657
PAY_D2555957,ORD_F24891AE,MERCH_033,1544200,INR,CAPTURED,2026-07-23T05:43:10Z,REF-PAY_D2555957
PAY_115ABE11,ORD_D3A3066D,MERCH_011,839800,INR,CAPTURED,2026-07-21T23:50:26Z,REF-PAY_115ABE11
PAY_94510816,ORD_A717570D,MERCH_020,1726900,INR,CAPTURED,2026-07-05T06:09:56Z,REF-PAY_94510816
PAY_4605B0B3,ORD_888C1168,MERCH_048,1288400,INR,CAPTURED,2026-07-02T13:29:45Z,REF-PAY_4605B0B3
PAY_1E60D93D,ORD_FF97D0CA,MERCH_035,156300,INR,CAPTURED,2026-07-16T23:43:46Z,REF-PAY_1E60D93D
PAY_070F74AE,ORD_FC50CEE9,MERCH_008,878100,INR,CAPTURED,2026-07-25T06:49:50Z,REF-PAY_070F74AE
PAY_13823794,ORD_6CB4B855,MERCH_012,1844700,INR,CAPTURED,2026-07-24T19:55:57Z,REF-PAY_13823794
PAY_E26F2B37,ORD_D828FB55,MERCH_012,167700,INR,CAPTURED,2026-08-08T20:31:38Z,REF-PAY_E26F2B37
PAY_7C5DB4F5,ORD_FAD03547,MERCH_019,1226900,INR,CAPTURED,2026-08-25T02:43:53Z,REF-PAY_7C5DB4F5
PAY_51791086,ORD_4E8842DD,MERCH_004,101400,INR,CAPTURED,2026-07-02T09:05:13Z,REF-PAY_51791086
PAY_18F3AA7E,ORD_A0F6F11B,MERCH_021,1010700,INR,CAPTURED,2026-08-25T01:27:39Z,REF-PAY_18F3AA7E
PAY_CF1F7BB9,ORD_B93EAAF0,MERCH_022,1836200,INR,CAPTURED,2026-08-14T15:06:21Z,REF-PAY_CF1F7BB9
PAY_2C734CA8,ORD_B93EAAF0,MERCH_022,1836200,INR,CAPTURED,2026-08-14T15:06:21Z,REF-PAY_CF1F7BB9
PAY_FB144A05,ORD_25EC5074,MERCH_023,1624100,INR,CAPTURED,2026-08-04T02:32:31Z,REF-PAY_FB144A05
PAY_B1EB2D09,ORD_EFACF159,MERCH_025,1497800,INR,CAPTURED,2026-07-30T09:59:00Z,REF-PAY_B1EB2D09
PAY_02121850,ORD_BA5C2CEF,MERCH_037,1241800,INR,CAPTURED,2026-07-08T10:57:53Z,REF-PAY_02121850
PAY_3A488E62,ORD_B6EBA0CD,MERCH_030,955300,INR,CAPTURED,2026-08-07T01:23:18Z,REF-PAY_3A488E62
PAY_9D306C74,ORD_E83F43DF,MERCH_047,1945200,INR,CAPTURED,2026-08-09T19:20:07Z,REF-PAY_9D306C74
PAY_3BECCA4B,ORD_CD35F5D8,MERCH_041,278100,INR,CAPTURED,2026-07-17T15:08:46Z,REF-PAY_3BECCA4B
PAY_A58B9140,ORD_0857C5B5,MERCH_034,1825200,INR,CAPTURED,2026-07-02T01:49:09Z,REF-PAY_A58B9140
PAY_24F77D33,ORD_DCFC6C6C,MERCH_013,963100,INR,CAPTURED,2026-08-29T03:43:07Z,REF-PAY_24F77D33
PAY_E2F12313,ORD_0A1D7DE5,MERCH_028,1485200,INR,CAPTURED,2026-07-01T03:14:00Z,REF-PAY_E2F12313
PAY_EF3B9FAE,ORD_6AC4850F,MERCH_043,1515700,INR,CAPTURED,2026-08-03T00:08:03Z,REF-PAY_EF3B9FAE
PAY_8D0854A0,ORD_5E08CA99,MERCH_016,690600,INR,CAPTURED,2026-08-20T12:44:35Z,REF-PAY_8D0854A0
PAY_CCD42D4B,ORD_C32D518A,MERCH_021,414300,INR,CAPTURED,2026-08-08T18:35:19Z,REF-PAY_CCD42D4B
PAY_5F605937,ORD_7D118831,MERCH_002,1390800,INR,CAPTURED,2026-07-24T04:57:53Z,REF-PAY_5F605937
PAY_9492320A,ORD_AACD90E5,MERCH_012,750300,INR,CAPTURED,2026-07-01T12:32:31Z,REF-PAY_9492320A
PAY_6913FE0D,ORD_021C07D1,MERCH_043,1676300,INR,CAPTURED,2026-07-13T11:47:32Z,REF-PAY_6913FE0D
PAY_11B176B9,ORD_8CD64576,MERCH_006,890600,INR,CAPTURED,2026-07-11T20:10:27Z,REF-PAY_11B176B9
PAY_70EF7305,ORD_FFEE8065,MERCH_014,1700300,INR,CAPTURED,2026-08-08T11:49:14Z,REF-PAY_70EF7305
PAY_6736FA79,ORD_EC1EA580,MERCH_015,1654000,INR,CAPTURED,2026-07-29T00:17:27Z,REF-PAY_6736FA79
PAY_7D6E953A,ORD_81D6F287,MERCH_002,1993900,INR,CAPTURED,2026-07-15T05:40:33Z,REF-PAY_7D6E953A
PAY_E01CE59A,ORD_D63A84B4,MERCH_010,627800,INR,CAPTURED,2026-07-25T12:16:57Z,REF-PAY_E01CE59A
PAY_70A050A6,ORD_1DFF1DB8,MERCH_035,1150500,INR,CAPTURED,2026-07-24T15:10:03Z,REF-PAY_70A050A6
PAY_A3B72C6D,ORD_A8211CFA,MERCH_039,1704700,INR,CAPTURED,2026-07-01T01:57:35Z,REF-PAY_A3B72C6D
PAY_B2694577,ORD_D29301C1,MERCH_038,379900,INR,CAPTURED,2026-08-04T22:53:25Z,REF-PAY_B2694577
PAY_FB3F17D0,ORD_A067659F,MERCH_028,1669700,INR,CAPTURED,2026-08-17T11:33:14Z,REF-PAY_FB3F17D0
PAY_2A26D8E1,ORD_E6F1FC9D,MERCH_021,116100,INR,CAPTURED,2026-07-18T05:15:02Z,REF-PAY_2A26D8E1
PAY_6F62B54D,ORD_EB96DB3F,MERCH_039,204400,INR,CAPTURED,2026-08-24T19:26:16Z,REF-PAY_6F62B54D
PAY_59B9FF5A,ORD_139BDB94,MERCH_043,740400,INR,CAPTURED,2026-07-13T14:28:47Z,REF-PAY_59B9FF5A
PAY_02B05699,ORD_AE6C64F0,MERCH_024,597500,INR,CAPTURED,2026-08-17T06:14:53Z,REF-PAY_02B05699
PAY_919A33E8,ORD_4AE2400A,MERCH_027,1767900,INR,CAPTURED,2026-08-14T21:33:37Z,REF-PAY_919A33E8
PAY_BE59AAD3,ORD_AF56EB3A,MERCH_001,1428900,INR,CAPTURED,2026-08-07T03:25:29Z,REF-PAY_BE59AAD3
PAY_64A3AA71,ORD_EBF44AC7,MERCH_023,320200,INR,CAPTURED,2026-07-07T17:22:18Z,REF-PAY_64A3AA71
PAY_4570F10A,ORD_7B35C112,MERCH_043,470600,INR,CAPTURED,2026-08-31T04:24:40Z,REF-PAY_4570F10A
PAY_51639628,ORD_B9A1AF00,MERCH_013,730600,INR,CAPTURED,2026-07-10T23:01:02Z,REF-PAY_51639628
PAY_6282D9E3,ORD_F2ADA1FD,MERCH_007,1699700,INR,CAPTURED,2026-08-20T12:34:01Z,REF-PAY_6282D9E3
PAY_AC5DA5F6,ORD_FB45AC3C,MERCH_035,845100,INR,CAPTURED,2026-08-04T10:35:13Z,REF-PAY_AC5DA5F6
PAY_BF4CA1E6,ORD_A7B60B88,MERCH_047,296000,INR,CAPTURED,2026-08-17T11:34:17Z,REF-PAY_BF4CA1E6
PAY_B70FD651,ORD_AE73BE86,MERCH_049,144900,INR,CAPTURED,2026-07-10T08:28:41Z,REF-PAY_B70FD651
PAY_99A00BA4,ORD_67F27C14,MERCH_003,199900,INR,CAPTURED,2026-08-06T20:45:37Z,REF-PAY_99A00BA4
PAY_50AE8D54,ORD_67F27C14,MERCH_003,199900,INR,CAPTURED,2026-08-06T20:45:37Z,REF-PAY_99A00BA4
PAY_C9995DE2,ORD_061C33CD,MERCH_029,1162400,INR,CAPTURED,2026-07-06T13:10:11Z,REF-PAY_C9995DE2
PAY_23FA5B11,ORD_F821049B,MERCH_041,637000,INR,CAPTURED,2026-08-09T02:45:31Z,REF-PAY_23FA5B11
PAY_1B585AEA,ORD_7DBF11B0,MERCH_006,60000000,INR,CAPTURED,2026-07-10T19:10:14Z,REF-PAY_1B585AEA
PAY_320FC47A,ORD_DD94A495,MERCH_023,1530400,INR,CAPTURED,2026-08-25T08:42:10Z,REF-PAY_320FC47A
PAY_2812A063,ORD_9459ABBA,MERCH_039,5500000,INR,CAPTURED,2026-07-07T08:02:19Z,REF-PAY_2812A063
PAY_4A5981B7,ORD_9FBEA265,MERCH_022,1753900,INR,CAPTURED,2026-08-16T00:11:00Z,REF-PAY_4A5981B7
PAY_C2C28C33,ORD_CEC1BA7D,MERCH_045,1736100,INR,CAPTURED,2026-07-11T13:04:29Z,REF-PAY_C2C28C33
PAY_91687615,ORD_5ED642C4,MERCH_045,1105800,INR,CAPTURED,2026-07-15T10:50:16Z,REF-PAY_91687615
PAY_E5DF9D25,ORD_94586410,MERCH_016,1075800,INR,CAPTURED,2026-07-22T10:18:21Z,REF-PAY_E5DF9D25
PAY_022ED30C,ORD_2143EE5A,MERCH_007,64700,INR,CAPTURED,2026-08-17T11:17:07Z,REF-PAY_022ED30C
PAY_D6D02C30,ORD_0E0D697D,MERCH_030,140500,INR,CAPTURED,2026-07-24T10:29:19Z,REF-PAY_D6D02C30
PAY_C132D136,ORD_700E53B5,MERCH_007,774400,INR,CAPTURED,2026-08-20T15:10:43Z,REF-PAY_C132D136
PAY_3F9EA8B2,ORD_67344721,MERCH_008,622700,INR,CAPTURED,2026-07-11T14:51:34Z,REF-PAY_3F9EA8B2
PAY_5ABA2EF2,ORD_97C3AE70,MERCH_036,1752300,INR,CAPTURED,2026-08-23T01:00:13Z,REF-PAY_5ABA2EF2
PAY_B60B1074,ORD_6BABC0BF,MERCH_017,1182900,INR,CAPTURED,2026-07-09T02:06:03Z,REF-PAY_B60B1074
PAY_06E53CDA,ORD_F2F71140,MERCH_028,1721400,INR,CAPTURED,2026-08-18T10:14:49Z,REF-PAY_06E53CDA
PAY_50BED14F,ORD_E7DC1C46,MERCH_011,203000,INR,CAPTURED,2026-08-27T07:49:12Z,REF-PAY_50BED14F
PAY_F49DB5E5,ORD_09D897B3,MERCH_007,411400,INR,CAPTURED,2026-07-30T23:50:54Z,REF-PAY_F49DB5E5
PAY_3F9E4A98,ORD_D3B227E6,MERCH_017,784400,INR,CAPTURED,2026-08-27T20:55:23Z,REF-PAY_3F9E4A98
PAY_63E6D874,ORD_49A1F185,MERCH_040,1890600,INR,CAPTURED,2026-07-17T08:29:52Z,REF-PAY_63E6D874
PAY_5FF9D85A,ORD_DEF1ED79,MERCH_049,1932800,INR,CAPTURED,2026-07-02T08:41:45Z,REF-PAY_5FF9D85A
PAY_5C8A4931,ORD_C3910B16,MERCH_044,522900,INR,CAPTURED,2026-07-23T19:15:43Z,REF-PAY_5C8A4931
PAY_D7A5C5EF,ORD_76C08123,MERCH_002,561800,INR,CAPTURED,2026-07-15T16:59:10Z,REF-PAY_D7A5C5EF
PAY_F771A5F8,ORD_D8E35E45,MERCH_015,1071700,INR,CAPTURED,2026-08-05T19:36:23Z,REF-PAY_F771A5F8
PAY_B478376B,ORD_829C9B82,MERCH_023,1025900,INR,CAPTURED,2026-07-23T05:51:19Z,REF-PAY_B478376B
PAY_5478980C,ORD_A8FE4596,MERCH_025,295700,INR,CAPTURED,2026-07-31T22:46:17Z,REF-PAY_5478980C
PAY_DBF9693F,ORD_55701C55,MERCH_009,270600,INR,CAPTURED,2026-07-31T18:24:19Z,REF-PAY_DBF9693F
PAY_D645684C,ORD_ABE4A36E,MERCH_008,1652100,INR,CAPTURED,2026-08-07T20:09:44Z,REF-PAY_D645684C
PAY_DB1C5917,ORD_3220CEF8,MERCH_037,394400,INR,CAPTURED,2026-08-30T12:26:41Z,REF-PAY_DB1C5917
PAY_19646438,ORD_67B687EE,MERCH_023,106100,INR,CAPTURED,2026-07-09T19:37:09Z,REF-PAY_19646438
PAY_94524B5B,ORD_CC32545B,MERCH_045,1971800,INR,CAPTURED,2026-08-16T10:30:13Z,REF-PAY_94524B5B
PAY_46C7A20E,ORD_6F8DA37F,MERCH_034,1462900,INR,CAPTURED,2026-07-04T15:07:24Z,REF-PAY_46C7A20E
PAY_6DDC77DB,ORD_468EBD3F,MERCH_018,829900,INR,CAPTURED,2026-07-20T18:11:25Z,REF-PAY_6DDC77DB
PAY_6417D83C,ORD_4B000AF0,MERCH_002,1813700,INR,CAPTURED,2026-08-18T06:46:42Z,REF-PAY_6417D83C
PAY_4548727E,ORD_6AC7752D,MERCH_034,565400,INR,CAPTURED,2026-08-26T15:24:31Z,REF-PAY_4548727E
PAY_579801B1,ORD_00684ED1,MERCH_029,1532000,INR,CAPTURED,2026-07-01T14:21:29Z,REF-PAY_579801B1
PAY_AB6C533D,ORD_AE4A4518,MERCH_033,972800,INR,CAPTURED,2026-08-06T14:47:19Z,REF-PAY_AB6C533D
PAY_B4D374C6,ORD_317CB69B,MERCH_041,94600,INR,CAPTURED,2026-08-30T15:48:04Z,REF-PAY_B4D374C6
PAY_6C7A64AB,ORD_99F6E218,MERCH_017,1835100,INR,CAPTURED,2026-07-20T10:43:44Z,REF-PAY_6C7A64AB
PAY_9ED9A402,ORD_2D657B33,MERCH_007,381500,INR,CAPTURED,2026-07-07T09:44:50Z,REF-PAY_9ED9A402
PAY_755E9775,ORD_8ED86DA7,MERCH_009,643600,INR,CAPTURED,2026-07-21T02:33:07Z,REF-PAY_755E9775
PAY_87F914AB,ORD_03CCA7BE,MERCH_022,1997800,INR,CAPTURED,2026-08-02T05:50:09Z,REF-PAY_87F914AB
PAY_27F8A440,ORD_ABD39AF5,MERCH_008,1302400,INR,CAPTURED,2026-08-17T23:46:33Z,REF-PAY_27F8A440
PAY_1FAD1820,ORD_3292D33E,MERCH_010,815600,INR,CAPTURED,2026-07-01T13:46:36Z,REF-PAY_1FAD1820
PAY_B9AE38D3,ORD_B4EB5285,MERCH_038,1261400,INR,CAPTURED,2026-08-03T17:04:34Z,REF-PAY_B9AE38D3
PAY_F9F03316,ORD_79C81191,MERCH_047,1896400,INR,CAPTURED,2026-08-02T11:25:33Z,REF-PAY_F9F03316
PAY_A7484963,ORD_C2C194DB,MERCH_048,607300,INR,CAPTURED,2026-07-24T05:50:17Z,REF-PAY_A7484963
PAY_5ABBE083,ORD_4DF1C4BE,MERCH_018,558700,INR,CAPTURED,2026-07-16T14:19:16Z,REF-PAY_5ABBE083
PAY_2869427C,ORD_19A78BB4,MERCH_035,415000,INR,CAPTURED,2026-08-21T22:37:15Z,REF-PAY_2869427C
PAY_9F4854EB,ORD_43D74B84,MERCH_020,1600300,INR,CAPTURED,2026-08-06T16:55:28Z,REF-PAY_9F4854EB
PAY_62BB48AF,ORD_28677799,MERCH_028,808300,INR,CAPTURED,2026-08-09T17:33:00Z,REF-PAY_62BB48AF
PAY_DF886F10,ORD_86E9299D,MERCH_031,30000000,INR,CAPTURED,2026-07-15T12:18:45Z,REF-PAY_DF886F10
PAY_9ED9928D,ORD_C3D830FE,MERCH_038,578900,INR,CAPTURED,2026-07-10T13:32:10Z,REF-PAY_9ED9928D
PAY_FAE6A373,ORD_9253A7FC,MERCH_026,45100,INR,CAPTURED,2026-07-30T10:40:34Z,REF-PAY_FAE6A373
PAY_98593C46,ORD_9943B522,MERCH_031,1119400,INR,CAPTURED,2026-07-27T22:39:05Z,REF-PAY_98593C46
PAY_202E8C36,ORD_2177B3C4,MERCH_029,60000000,INR,CAPTURED,2026-08-27T19:31:40Z,REF-PAY_202E8C36
PAY_DAF902F0,ORD_30E71623,MERCH_036,1640500,INR,CAPTURED,2026-08-29T06:17:00Z,REF-PAY_DAF902F0
PAY_098E85D0,ORD_23FE8698,MERCH_016,377200,INR,CAPTURED,2026-08-15T01:06:02Z,REF-PAY_098E85D0
PAY_B2636C1D,ORD_350CEE1B,MERCH_039,1411000,INR,CAPTURED,2026-08-17T07:28:21Z,REF-PAY_B2636C1D
PAY_DABFF8E6,ORD_0D3B7A76,MERCH_012,1319500,INR,CAPTURED,2026-07-20T02:58:19Z,REF-PAY_DABFF8E6
PAY_E6CF7D6C,ORD_2E38F605,MERCH_002,1818500,INR,CAPTURED,2026-07-07T14:14:41Z,REF-PAY_E6CF7D6C
PAY_A226A5EE,ORD_68A9A881,MERCH_045,694500,INR,CAPTURED,2026-07-23T05:24:38Z,REF-PAY_A226A5EE
PAY_36D3D155,ORD_BBB41DBB,MERCH_023,1295800,INR,CAPTURED,2026-08-18T01:11:05Z,REF-PAY_36D3D155
PAY_6FB632AA,ORD_3852DDB3,MERCH_005,46300,INR,CAPTURED,2026-08-03T05:44:05Z,REF-PAY_6FB632AA
PAY_984850BD,ORD_F1B868AA,MERCH_048,1659100,INR,CAPTURED,2026-07-28T20:34:00Z,REF-PAY_984850BD
PAY_AE6094F2,ORD_C3F81DB0,MERCH_001,586400,INR,CAPTURED,2026-08-10T17:47:44Z,REF-PAY_AE6094F2
PAY_364BED69,ORD_13CCE7A3,MERCH_021,1490300,INR,CAPTURED,2026-07-03T09:52:49Z,REF-PAY_364BED69
PAY_C74D2F9B,ORD_4F5A3696,MERCH_004,1927800,INR,CAPTURED,2026-07-09T20:30:15Z,REF-PAY_C74D2F9B
PAY_CA43DEE2,ORD_CF023023,MERCH_014,1761700,INR,CAPTURED,2026-07-28T03:55:20Z,REF-PAY_CA43DEE2
PAY_0A42727F,ORD_A2750E23,MERCH_011,1998300,INR,CAPTURED,2026-07-30T08:40:42Z,REF-PAY_0A42727F
PAY_ECC8C833,ORD_DAEE762E,MERCH_003,1411100,INR,CAPTURED,2026-07-23T02:31:00Z,REF-PAY_ECC8C833
PAY_E1995685,ORD_2402B00D,MERCH_009,374200,INR,CAPTURED,2026-07-20T09:11:14Z,REF-PAY_E1995685
PAY_3497E7CD,ORD_A622B5B8,MERCH_016,1748400,INR,CAPTURED,2026-08-22T02:12:26Z,REF-PAY_3497E7CD
PAY_5DF28C8C,ORD_1AA42359,MERCH_037,945000,INR,CAPTURED,2026-08-24T16:12:52Z,REF-PAY_5DF28C8C
PAY_64147AA2,ORD_DD149976,MERCH_017,1880700,INR,CAPTURED,2026-07-23T01:23:55Z,REF-PAY_64147AA2
PAY_AC3976F9,ORD_72BC9C8A,MERCH_007,909700,INR,CAPTURED,2026-07-09T05:08:25Z,REF-PAY_AC3976F9
PAY_6D5AADE7,ORD_F2E5E92E,MERCH_008,236800,INR,CAPTURED,2026-08-23T20:09:08Z,REF-PAY_6D5AADE7
PAY_C28AE979,ORD_96B45303,MERCH_015,276100,INR,CAPTURED,2026-08-06T18:14:33Z,REF-PAY_C28AE979
PAY_E2CF0B66,ORD_B5B913A9,MERCH_036,1219800,INR,CAPTURED,2026-08-25T08:51:11Z,REF-PAY_E2CF0B66
PAY_E601E988,ORD_B5B913A9,MERCH_036,1219800,INR,CAPTURED,2026-08-25T08:51:11Z,REF-PAY_E2CF0B66
PAY_55E5F30D,ORD_DB9A8998,MERCH_047,51100,INR,CAPTURED,2026-08-28T11:55:49Z,REF-PAY_55E5F30D
PAY_B589E91F,ORD_306B3D53,MERCH_014,1763200,INR,CAPTURED,2026-07-08T21:22:06Z,REF-PAY_B589E91F
PAY_ED764141,ORD_6B0711BB,MERCH_043,1095400,INR,CAPTURED,2026-07-15T22:58:52Z,REF-PAY_ED764141
PAY_CA97C2EE,ORD_6B0711BB,MERCH_043,1095400,INR,CAPTURED,2026-07-15T22:58:52Z,REF-PAY_ED764141
PAY_A69F0C45,ORD_2971EE33,MERCH_043,296700,INR,CAPTURED,2026-09-01T20:04:25Z,REF-PAY_A69F0C45
PAY_48CE66BF,ORD_186617F8,MERCH_016,32900,INR,CAPTURED,2026-08-29T16:37:14Z,REF-PAY_48CE66BF
PAY_D3228B5E,ORD_5CB740C2,MERCH_016,1639700,INR,CAPTURED,2026-07-10T21:16:43Z,REF-PAY_D3228B5E
PAY_93D50784,ORD_55460807,MERCH_018,1626000,INR,CAPTURED,2026-08-01T04:11:23Z,REF-PAY_93D50784
PAY_58B17150,ORD_34A324EC,MERCH_009,1093100,INR,CAPTURED,2026-08-04T03:09:21Z,REF-PAY_58B17150
PAY_D9EE9BAE,ORD_5305F1E1,MERCH_004,1959700,INR,CAPTURED,2026-08-28T16:17:56Z,REF-PAY_D9EE9BAE
PAY_9A666B10,ORD_04E925D0,MERCH_018,1623400,INR,CAPTURED,2026-07-08T05:22:47Z,REF-PAY_9A666B10
PAY_E98B7498,ORD_6EE43D49,MERCH_041,1889600,INR,CAPTURED,2026-08-29T04:47:38Z,REF-PAY_E98B7498
PAY_6B58A96A,ORD_D1C75A25,MERCH_027,1543100,INR,CAPTURED,2026-08-18T10:02:39Z,REF-PAY_6B58A96A
PAY_F02C4F54,ORD_C3CC1B1A,MERCH_024,1209500,INR,CAPTURED,2026-07-20T16:50:32Z,REF-PAY_F02C4F54
PAY_D40D7332,ORD_EDFA6190,MERCH_039,83000,INR,CAPTURED,2026-08-26T16:19:02Z,REF-PAY_D40D7332
PAY_19AFBDC8,ORD_A01EAA25,MERCH_009,80900,INR,CAPTURED,2026-08-27T03:16:27Z,REF-PAY_19AFBDC8
PAY_338A3BFB,ORD_F4E110A4,MERCH_045,1149700,INR,CAPTURED,2026-07-20T10:46:33Z,REF-PAY_338A3BFB
PAY_7FE9AF59,ORD_54552DDB,MERCH_031,1763500,INR,CAPTURED,2026-07-17T22:39:43Z,REF-PAY_7FE9AF59
PAY_013EE261,ORD_8A036FB2,MERCH_003,800300,INR,CAPTURED,2026-09-01T19:45:38Z,REF-PAY_013EE261
PAY_DCF8C376,ORD_261B1564,MERCH_013,1487700,INR,CAPTURED,2026-08-03T17:44:06Z,REF-PAY_DCF8C376
PAY_E9CF27B6,ORD_0441AD00,MERCH_035,228400,INR,CAPTURED,2026-07-08T09:48:20Z,REF-PAY_E9CF27B6
PAY_229557D8,ORD_FEF55DF5,MERCH_038,880200,INR,CAPTURED,2026-08-27T04:57:01Z,REF-PAY_229557D8
PAY_511A89EE,ORD_34649EDA,MERCH_023,915500,INR,CAPTURED,2026-08-20T07:44:51Z,REF-PAY_511A89EE
PAY_4CF3599D,ORD_26B92A2B,MERCH_034,1897600,INR,CAPTURED,2026-08-09T08:57:49Z,REF-PAY_4CF3599D
PAY_5AB0431C,ORD_3BFBD86F,MERCH_011,316000,INR,CAPTURED,2026-07-03T15:10:32Z,REF-PAY_5AB0431C
PAY_7B0CFCD8,ORD_ABEE8DF7,MERCH_019,88200,INR,CAPTURED,2026-07-09T08:24:31Z,REF-PAY_7B0CFCD8
PAY_E7092471,ORD_3D4B8AF0,MERCH_049,885400,INR,CAPTURED,2026-07-05T15:16:36Z,REF-PAY_E7092471
PAY_97C5090C,ORD_C0FC1B88,MERCH_015,1593400,INR,CAPTURED,2026-08-03T21:57:57Z,REF-PAY_97C5090C
PAY_0F039C7C,ORD_46FC4C24,MERCH_022,658200,INR,CAPTURED,2026-07-24T07:31:57Z,REF-PAY_0F039C7C
PAY_1487FA53,ORD_82FB4442,MERCH_022,962800,INR,CAPTURED,2026-07-11T16:59:16Z,REF-PAY_1487FA53
PAY_7C17CF58,ORD_161D6235,MERCH_046,116700,INR,CAPTURED,2026-07-13T02:57:15Z,REF-PAY_7C17CF58
PAY_6D722087,ORD_5966671D,MERCH_032,1689800,INR,CAPTURED,2026-08-23T22:31:19Z,REF-PAY_6D722087
PAY_2ED55E02,ORD_F5B94AB1,MERCH_012,1404500,INR,CAPTURED,2026-08-18T17:29:54Z,REF-PAY_2ED55E02
PAY_36039124,ORD_28B78C63,MERCH_034,1449700,INR,CAPTURED,2026-07-25T20:03:42Z,REF-PAY_36039124
PAY_642FE7A5,ORD_C4FF496F,MERCH_045,494000,INR,CAPTURED,2026-07-30T19:11:18Z,REF-PAY_642FE7A5
PAY_EE367982,ORD_484C04B9,MERCH_003,571600,INR,CAPTURED,2026-08-19T13:56:34Z,REF-PAY_EE367982
PAY_7AB8D16D,ORD_E56CE08F,MERCH_042,1092300,INR,CAPTURED,2026-07-11T06:26:04Z,REF-PAY_7AB8D16D
PAY_5EFB6C59,ORD_24B5C1D7,MERCH_020,1803300,INR,CAPTURED,2026-08-05T20:56:49Z,REF-PAY_5EFB6C59
PAY_A06B36CA,ORD_4BC9241B,MERCH_030,114800,INR,CAPTURED,2026-07-06T20:47:17Z,REF-PAY_A06B36CA
PAY_A260DFC6,ORD_8A6D9DD3,MERCH_049,1156100,INR,CAPTURED,2026-07-11T17:32:38Z,REF-PAY_A260DFC6
PAY_C7AB6169,ORD_E18EE7E6,MERCH_048,143200,INR,CAPTURED,2026-07-20T10:50:21Z,REF-PAY_C7AB6169
PAY_6F20CC21,ORD_F3BC6263,MERCH_039,1703700,INR,CAPTURED,2026-07-01T13:36:14Z,REF-PAY_6F20CC21
PAY_30DCCCEE,ORD_051498DC,MERCH_006,185200,INR,CAPTURED,2026-08-13T03:34:03Z,REF-PAY_30DCCCEE
PAY_867DDB14,ORD_FA8F429F,MERCH_018,1148100,INR,CAPTURED,2026-07-03T08:13:55Z,REF-PAY_867DDB14
PAY_7B1EE433,ORD_3A2489B8,MERCH_011,1109400,INR,CAPTURED,2026-08-23T05:27:52Z,REF-PAY_7B1EE433
PAY_36DFF51B,ORD_3A2489B8,MERCH_011,1109400,INR,CAPTURED,2026-08-23T05:27:52Z,REF-PAY_7B1EE433
PAY_BC6AE103,ORD_11A44E5C,MERCH_009,203400,INR,CAPTURED,2026-08-09T09:43:15Z,REF-PAY_BC6AE103
PAY_7C4685EA,ORD_3A6C78C5,MERCH_041,1115700,INR,CAPTURED,2026-08-16T15:38:44Z,REF-PAY_7C4685EA
PAY_EBF9228F,ORD_F350AC32,MERCH_002,31300,INR,CAPTURED,2026-07-20T16:39:30Z,REF-PAY_EBF9228F
PAY_FFC53BF8,ORD_28D2302C,MERCH_006,14700,INR,CAPTURED,2026-07-08T13:38:59Z,REF-PAY_FFC53BF8
PAY_A972752A,ORD_E2D9D8E7,MERCH_017,868900,INR,CAPTURED,2026-08-25T23:00:30Z,REF-PAY_A972752A
PAY_940519A8,ORD_4A8C1DDF,MERCH_040,1258700,INR,CAPTURED,2026-08-25T14:56:32Z,REF-PAY_940519A8
PAY_D2352197,ORD_E278192B,MERCH_039,984500,INR,CAPTURED,2026-08-15T21:13:45Z,REF-PAY_D2352197
PAY_72EA94E6,ORD_702EC8E8,MERCH_029,937600,INR,CAPTURED,2026-08-27T14:00:34Z,REF-PAY_72EA94E6
PAY_CD4B8A8C,ORD_3AC2BD34,MERCH_005,217500,INR,CAPTURED,2026-07-15T11:38:25Z,REF-PAY_CD4B8A8C
PAY_1B92F826,ORD_0643B104,MERCH_038,1472000,INR,CAPTURED,2026-08-29T13:38:37Z,REF-PAY_1B92F826
PAY_4DF15DBC,ORD_C45534AC,MERCH_041,1364000,INR,CAPTURED,2026-08-22T09:49:19Z,REF-PAY_4DF15DBC
PAY_4DEB49D2,ORD_582B1794,MERCH_034,770500,INR,CAPTURED,2026-08-27T05:00:37Z,REF-PAY_4DEB49D2
PAY_B0B1955B,ORD_E775AE44,MERCH_041,54600,INR,CAPTURED,2026-07-05T22:59:55Z,REF-PAY_B0B1955B
PAY_2C56DB97,ORD_6B0125F7,MERCH_039,96100,INR,CAPTURED,2026-08-08T02:00:25Z,REF-PAY_2C56DB97
PAY_69A0403F,ORD_014B4797,MERCH_036,219800,INR,CAPTURED,2026-08-07T16:09:26Z,REF-PAY_69A0403F
PAY_D7B367F6,ORD_84BDA94B,MERCH_014,1694400,INR,CAPTURED,2026-07-16T18:02:54Z,REF-PAY_D7B367F6
PAY_77F748E8,ORD_6EA9BDA5,MERCH_027,138700,INR,CAPTURED,2026-08-23T16:19:17Z,REF-PAY_77F748E8
PAY_CE0CE59C,ORD_4A0688A2,MERCH_007,1012100,INR,CAPTURED,2026-08-10T00:44:42Z,REF-PAY_CE0CE59C
PAY_97901820,ORD_322354B6,MERCH_019,1584700,INR,CAPTURED,2026-07-16T15:01:57Z,REF-PAY_97901820
PAY_F1E2DD5A,ORD_45B6F9EE,MERCH_008,374300,INR,CAPTURED,2026-08-14T05:16:52Z,REF-PAY_F1E2DD5A
PAY_C172CE13,ORD_8B17B000,MERCH_003,703100,INR,CAPTURED,2026-08-24T16:42:11Z,REF-PAY_C172CE13
PAY_D407FC5C,ORD_5C207F4A,MERCH_013,468000,INR,CAPTURED,2026-07-05T10:49:43Z,REF-PAY_D407FC5C
PAY_7E5D9BC4,ORD_ED2BD9F3,MERCH_015,515200,INR,CAPTURED,2026-08-01T04:54:55Z,REF-PAY_7E5D9BC4
PAY_77CC0FE5,ORD_C73EC92E,MERCH_031,1754600,INR,CAPTURED,2026-07-22T01:49:47Z,REF-PAY_77CC0FE5
PAY_C5CE3544,ORD_7B8156AB,MERCH_014,570700,INR,CAPTURED,2026-08-20T20:59:29Z,REF-PAY_C5CE3544
PAY_DA2148E7,ORD_D4076969,MERCH_022,1994300,INR,CAPTURED,2026-08-18T23:05:40Z,REF-PAY_DA2148E7
PAY_30A4F2BD,ORD_2E81DDC5,MERCH_036,642700,INR,CAPTURED,2026-09-01T11:49:12Z,REF-PAY_30A4F2BD
PAY_465CC85D,ORD_BAC516FE,MERCH_010,898700,INR,CAPTURED,2026-09-01T20:12:46Z,REF-PAY_465CC85D
PAY_0025D12A,ORD_B4AAB20E,MERCH_004,1871200,INR,CAPTURED,2026-08-06T03:33:56Z,REF-PAY_0025D12A
PAY_01330592,ORD_8D0DFD29,MERCH_013,1733500,INR,CAPTURED,2026-08-09T20:58:11Z,REF-PAY_01330592
PAY_A002AECF,ORD_C44EB299,MERCH_027,1899100,INR,CAPTURED,2026-07-05T05:46:27Z,REF-PAY_A002AECF
PAY_D227F5FF,ORD_9B092935,MERCH_046,1560900,INR,CAPTURED,2026-07-09T07:42:15Z,REF-PAY_D227F5FF
PAY_EA3BDC3F,ORD_63EEAD42,MERCH_009,256000,INR,CAPTURED,2026-08-09T15:06:31Z,REF-PAY_EA3BDC3F
PAY_B0448C7E,ORD_6C30AECB,MERCH_043,340800,INR,CAPTURED,2026-07-18T15:07:20Z,REF-PAY_B0448C7E
PAY_90262EF1,ORD_479394DF,MERCH_019,253800,INR,CAPTURED,2026-09-01T12:39:19Z,REF-PAY_90262EF1
PAY_D237BDBE,ORD_9823BDE6,MERCH_006,1165000,INR,CAPTURED,2026-07-23T11:35:17Z,REF-PAY_D237BDBE
PAY_61024C0E,ORD_39F85B00,MERCH_041,582100,INR,CAPTURED,2026-07-14T06:42:05Z,REF-PAY_61024C0E
PAY_8619EEFF,ORD_A3ECAE64,MERCH_044,1259700,INR,CAPTURED,2026-07-06T11:19:09Z,REF-PAY_8619EEFF
PAY_EADEACE3,ORD_8311C57C,MERCH_014,1855200,INR,CAPTURED,2026-07-09T22:35:59Z,REF-PAY_EADEACE3
PAY_21D7F584,ORD_EB528141,MERCH_033,314600,INR,CAPTURED,2026-07-08T00:57:05Z,REF-PAY_21D7F584
PAY_2C52487B,ORD_EB528141,MERCH_033,314600,INR,CAPTURED,2026-07-08T00:57:05Z,REF-PAY_21D7F584
PAY_F26AFCEE,ORD_AEEF0EA5,MERCH_018,457400,INR,CAPTURED,2026-07-21T00:15:23Z,REF-PAY_F26AFCEE
PAY_AAA848C7,ORD_F77AA6C3,MERCH_045,1808100,INR,CAPTURED,2026-08-09T10:10:08Z,REF-PAY_AAA848C7
PAY_11117CB2,ORD_A6F340F6,MERCH_038,1116800,INR,CAPTURED,2026-07-23T21:15:42Z,REF-PAY_11117CB2
PAY_2CD959D6,ORD_22558F2A,MERCH_011,670600,INR,CAPTURED,2026-08-24T10:49:56Z,REF-PAY_2CD959D6
PAY_FF3F3A34,ORD_8D460F12,MERCH_010,164000,INR,CAPTURED,2026-08-19T05:18:26Z,REF-PAY_FF3F3A34
PAY_1551A9C7,ORD_DE7AFA82,MERCH_001,394100,INR,CAPTURED,2026-07-25T21:17:25Z,REF-PAY_1551A9C7
PAY_0A6F08FF,ORD_D6E62AE4,MERCH_015,5500000,INR,CAPTURED,2026-07-09T10:59:47Z,REF-PAY_0A6F08FF
PAY_FF6231F9,ORD_52B4D1DD,MERCH_023,957000,INR,CAPTURED,2026-07-22T05:54:27Z,REF-PAY_FF6231F9
PAY_159AD7D4,ORD_FBFEE496,MERCH_047,440200,INR,CAPTURED,2026-07-02T00:58:13Z,REF-PAY_159AD7D4
PAY_A3E9AC8B,ORD_A72F41D9,MERCH_008,256400,INR,CAPTURED,2026-08-05T22:08:19Z,REF-PAY_A3E9AC8B
PAY_F0CFE534,ORD_11027803,MERCH_022,50800,INR,CAPTURED,2026-08-14T02:08:17Z,REF-PAY_F0CFE534
PAY_3EFA0FE1,ORD_4CA46A83,MERCH_043,615900,INR,CAPTURED,2026-07-21T15:54:06Z,REF-PAY_3EFA0FE1
PAY_A278C952,ORD_237936AC,MERCH_036,1842400,INR,CAPTURED,2026-08-11T09:50:44Z,REF-PAY_A278C952
PAY_C602BB73,ORD_DE523190,MERCH_015,764700,INR,CAPTURED,2026-07-23T02:56:23Z,REF-PAY_C602BB73
PAY_A3F89495,ORD_8CD832DF,MERCH_030,1854800,INR,CAPTURED,2026-08-28T04:54:02Z,REF-PAY_A3F89495
PAY_B75CC21C,ORD_2BF19563,MERCH_012,680800,INR,CAPTURED,2026-07-07T11:16:32Z,REF-PAY_B75CC21C
PAY_B291502F,ORD_95BBA822,MERCH_030,1680200,INR,CAPTURED,2026-08-30T20:07:30Z,REF-PAY_B291502F
PAY_064E862C,ORD_9E750033,MERCH_002,614000,INR,CAPTURED,2026-07-17T12:08:18Z,REF-PAY_064E862C
PAY_EDC5E68B,ORD_22E21CFC,MERCH_023,1650100,INR,CAPTURED,2026-08-17T03:22:26Z,REF-PAY_EDC5E68B
PAY_59DA8F25,ORD_2352DEEA,MERCH_032,846900,INR,CAPTURED,2026-08-30T23:34:50Z,REF-PAY_59DA8F25
PAY_E42C849D,ORD_C3F691C1,MERCH_023,1691300,INR,CAPTURED,2026-08-09T15:34:40Z,REF-PAY_E42C849D
PAY_85BDE7DF,ORD_2626BA31,MERCH_046,1668200,INR,CAPTURED,2026-07-11T23:11:30Z,REF-PAY_85BDE7DF
PAY_F951EE07,ORD_569EF3D0,MERCH_025,1279400,INR,CAPTURED,2026-08-06T07:09:30Z,REF-PAY_F951EE07
PAY_4803670B,ORD_E1DD87D4,MERCH_046,422400,INR,CAPTURED,2026-08-29T14:34:03Z,REF-PAY_4803670B
PAY_0F5E636F,ORD_EA7FF76E,MERCH_010,869800,INR,CAPTURED,2026-08-23T11:29:53Z,REF-PAY_0F5E636F
PAY_1E1799F6,ORD_AA980294,MERCH_012,346800,INR,CAPTURED,2026-08-31T07:00:34Z,REF-PAY_1E1799F6
PAY_D4D40B94,ORD_D19F6799,MERCH_046,1043800,INR,CAPTURED,2026-07-06T12:21:10Z,REF-PAY_D4D40B94
PAY_91046DEE,ORD_315DC37C,MERCH_036,60000000,INR,CAPTURED,2026-08-27T04:33:08Z,REF-PAY_91046DEE
PAY_38D8699D,ORD_995CF1D8,MERCH_042,1965000,INR,CAPTURED,2026-08-07T07:46:08Z,REF-PAY_38D8699D
PAY_09369A10,ORD_A8063D0F,MERCH_021,1777800,INR,CAPTURED,2026-07-19T07:42:00Z,REF-PAY_09369A10
PAY_67BF3354,ORD_1F18FC4A,MERCH_025,1915300,INR,CAPTURED,2026-08-04T16:57:56Z,REF-PAY_67BF3354
PAY_11E031D1,ORD_30D94491,MERCH_048,1220900,INR,CAPTURED,2026-07-08T17:03:27Z,REF-PAY_11E031D1
PAY_B4DBC0B2,ORD_06FD53DB,MERCH_032,1452700,INR,CAPTURED,2026-07-08T07:34:01Z,REF-PAY_B4DBC0B2
PAY_3515981B,ORD_06FD53DB,MERCH_032,1452700,INR,CAPTURED,2026-07-08T07:34:01Z,REF-PAY_B4DBC0B2
PAY_4EC55B30,ORD_518E7D9A,MERCH_021,201500,INR,CAPTURED,2026-08-02T16:15:57Z,REF-PAY_4EC55B30
PAY_B6C4F22B,ORD_6A87B5FB,MERCH_037,423900,INR,CAPTURED,2026-08-19T18:17:38Z,REF-PAY_B6C4F22B
PAY_223ADF9C,ORD_16736E98,MERCH_033,732500,INR,CAPTURED,2026-08-16T15:35:06Z,REF-PAY_223ADF9C
PAY_42F5602E,ORD_16736E98,MERCH_033,732500,INR,CAPTURED,2026-08-16T15:35:06Z,REF-PAY_223ADF9C
PAY_9BC50810,ORD_FADF8A52,MERCH_014,1424000,INR,CAPTURED,2026-08-27T09:03:32Z,REF-PAY_9BC50810
PAY_CE8DF647,ORD_14C03BB3,MERCH_003,1400000,INR,CAPTURED,2026-08-15T03:25:42Z,REF-PAY_CE8DF647
PAY_F005224B,ORD_987B81F4,MERCH_038,120700,INR,CAPTURED,2026-08-11T11:37:39Z,REF-PAY_F005224B
PAY_B3C82DD0,ORD_4A5DF637,MERCH_038,1732100,INR,CAPTURED,2026-07-03T13:42:58Z,REF-PAY_B3C82DD0
PAY_EA3038BA,ORD_DF233E1D,MERCH_029,1712000,INR,CAPTURED,2026-07-16T01:36:36Z,REF-PAY_EA3038BA
PAY_89CBFD24,ORD_D176EBAA,MERCH_018,358400,INR,CAPTURED,2026-08-31T14:01:44Z,REF-PAY_89CBFD24
PAY_22EBBDC0,ORD_D176EBAA,MERCH_018,358400,INR,CAPTURED,2026-08-31T14:01:44Z,REF-PAY_89CBFD24
PAY_BEB95BBC,ORD_C02BBBF0,MERCH_035,1253400,INR,CAPTURED,2026-08-19T14:21:19Z,REF-PAY_BEB95BBC
PAY_33DABF3C,ORD_B3D37403,MERCH_038,365500,INR,CAPTURED,2026-09-01T09:51:28Z,REF-PAY_33DABF3C
PAY_8FDADF67,ORD_F8F9EE71,MERCH_032,77100,INR,CAPTURED,2026-08-07T19:42:24Z,REF-PAY_8FDADF67
PAY_087C324E,ORD_B623DA8D,MERCH_032,1958300,INR,CAPTURED,2026-07-22T01:27:42Z,REF-PAY_087C324E
PAY_219CC9CE,ORD_E40CC870,MERCH_042,482100,INR,CAPTURED,2026-08-25T09:15:09Z,REF-PAY_219CC9CE
PAY_A0B195C3,ORD_61EF012B,MERCH_029,165900,INR,CAPTURED,2026-07-28T06:00:55Z,REF-PAY_A0B195C3
PAY_366B5935,ORD_61EF012B,MERCH_029,165900,INR,CAPTURED,2026-07-28T06:00:55Z,REF-PAY_A0B195C3
PAY_C131E194,ORD_0DDD4597,MERCH_036,1480500,INR,CAPTURED,2026-07-27T04:23:20Z,REF-PAY_C131E194
PAY_DCB4C3D1,ORD_233F0065,MERCH_008,829000,INR,CAPTURED,2026-08-11T09:58:03Z,REF-PAY_DCB4C3D1
PAY_E7097DAD,ORD_44C7C5A8,MERCH_026,1503200,INR,CAPTURED,2026-08-27T16:30:16Z,REF-PAY_E7097DAD
PAY_4C6B26C9,ORD_8E2BE5AE,MERCH_025,1791700,INR,CAPTURED,2026-09-01T15:10:25Z,REF-PAY_4C6B26C9
PAY_F1A6F0A3,ORD_CB301EC2,MERCH_040,691500,INR,CAPTURED,2026-08-21T20:59:47Z,REF-PAY_F1A6F0A3
PAY_2B0B0A87,ORD_78E44A87,MERCH_018,586300,INR,CAPTURED,2026-07-31T09:16:30Z,REF-PAY_2B0B0A87
PAY_A589C10D,ORD_C087EE46,MERCH_011,860000,INR,CAPTURED,2026-08-14T15:49:30Z,REF-PAY_A589C10D
PAY_303D738C,ORD_EFF4B948,MERCH_037,726900,INR,CAPTURED,2026-07-29T08:29:28Z,REF-PAY_303D738C
PAY_F9E8DD6A,ORD_9BA1B178,MERCH_011,1612500,INR,CAPTURED,2026-08-25T07:46:20Z,REF-PAY_F9E8DD6A
PAY_9F9C8FCF,ORD_0DF2D692,MERCH_039,261500,INR,CAPTURED,2026-08-05T12:48:05Z,REF-PAY_9F9C8FCF
PAY_5B8DC4F8,ORD_1A77921B,MERCH_005,320300,INR,CAPTURED,2026-07-02T06:16:43Z,REF-PAY_5B8DC4F8
PAY_D4A9C4AB,ORD_9434437B,MERCH_008,1024300,INR,CAPTURED,2026-07-19T06:25:24Z,REF-PAY_D4A9C4AB
PAY_B85D2B84,ORD_25A62B95,MERCH_024,1572500,INR,CAPTURED,2026-07-22T16:08:55Z,REF-PAY_B85D2B84
PAY_22C997BE,ORD_2856A85D,MERCH_021,681300,INR,CAPTURED,2026-07-04T20:30:14Z,REF-PAY_22C997BE
PAY_7727D297,ORD_58598941,MERCH_034,721900,INR,CAPTURED,2026-08-05T08:21:23Z,REF-PAY_7727D297
PAY_2127BB95,ORD_FD1FBAD3,MERCH_042,750900,INR,CAPTURED,2026-08-22T02:49:43Z,REF-PAY_2127BB95
PAY_AE895973,ORD_3A3A6B37,MERCH_015,836200,INR,CAPTURED,2026-07-05T12:58:41Z,REF-PAY_AE895973
PAY_44F857CE,ORD_CD676B75,MERCH_017,1299500,INR,CAPTURED,2026-08-11T13:32:43Z,REF-PAY_44F857CE
PAY_39343C4A,ORD_37BA5F0C,MERCH_036,1529900,INR,CAPTURED,2026-08-06T20:03:48Z,REF-PAY_39343C4A
PAY_10FF2B86,ORD_B7086278,MERCH_046,222200,INR,CAPTURED,2026-07-10T08:27:41Z,REF-PAY_10FF2B86
PAY_764050A4,ORD_EED13C5D,MERCH_044,366000,INR,CAPTURED,2026-07-27T03:21:25Z,REF-PAY_764050A4
PAY_3D00DB08,ORD_356863B9,MERCH_040,471800,INR,CAPTURED,2026-07-23T16:15:14Z,REF-PAY_3D00DB08
PAY_26AE6228,ORD_2B4A46AF,MERCH_030,126400,INR,CAPTURED,2026-08-15T09:47:19Z,REF-PAY_26AE6228
PAY_6ECBDE90,ORD_EC0F189F,MERCH_015,1261800,INR,CAPTURED,2026-08-08T05:37:50Z,REF-PAY_6ECBDE90
PAY_EBD7ADB5,ORD_55385F8B,MERCH_001,1469400,INR,CAPTURED,2026-08-09T11:42:56Z,REF-PAY_EBD7ADB5
PAY_BE61591C,ORD_1077BDF7,MERCH_029,60000000,INR,CAPTURED,2026-07-08T11:05:00Z,REF-PAY_BE61591C
PAY_FE6F98A1,ORD_194FAF2D,MERCH_038,820900,INR,CAPTURED,2026-08-23T07:41:58Z,REF-PAY_FE6F98A1
PAY_2D5A07AD,ORD_E30A9266,MERCH_039,1568600,INR,CAPTURED,2026-08-07T23:33:18Z,REF-PAY_2D5A07AD
PAY_D72B5884,ORD_97B66E8F,MERCH_002,170400,INR,CAPTURED,2026-08-14T03:58:50Z,REF-PAY_D72B5884
PAY_F6055C0E,ORD_B65B1BC9,MERCH_035,1272600,INR,CAPTURED,2026-08-14T06:43:31Z,REF-PAY_F6055C0E
PAY_60EE6763,ORD_B65B1BC9,MERCH_035,1272600,INR,CAPTURED,2026-08-14T06:43:31Z,REF-PAY_F6055C0E
PAY_0F23E65A,ORD_6C01AD65,MERCH_030,990200,INR,CAPTURED,2026-07-17T02:34:24Z,REF-PAY_0F23E65A
PAY_74C6F7ED,ORD_7B31EEFD,MERCH_013,798200,INR,CAPTURED,2026-07-19T21:12:47Z,REF-PAY_74C6F7ED
PAY_CD008193,ORD_7B31EEFD,MERCH_013,798200,INR,CAPTURED,2026-07-19T21:12:47Z,REF-PAY_74C6F7ED
PAY_BC7205E3,ORD_5C45452F,MERCH_019,886700,INR,CAPTURED,2026-07-12T23:38:32Z,REF-PAY_BC7205E3
PAY_A73D2EAD,ORD_27D41A58,MERCH_049,1007000,INR,CAPTURED,2026-07-14T01:31:22Z,REF-PAY_A73D2EAD
PAY_944D909A,ORD_91F95550,MERCH_016,30000000,INR,CAPTURED,2026-07-22T12:07:12Z,REF-PAY_944D909A
PAY_514515AC,ORD_16F3FFCC,MERCH_010,177400,INR,CAPTURED,2026-07-05T14:34:55Z,REF-PAY_514515AC
PAY_F3E7510F,ORD_B9779A0A,MERCH_034,435400,INR,CAPTURED,2026-08-12T15:42:11Z,REF-PAY_F3E7510F
PAY_75874DBC,ORD_C3DDE6FD,MERCH_006,783500,INR,CAPTURED,2026-07-09T06:36:26Z,REF-PAY_75874DBC
PAY_85721600,ORD_AC9D9048,MERCH_011,27700,INR,CAPTURED,2026-07-27T20:48:58Z,REF-PAY_85721600
PAY_216AF957,ORD_B30842B6,MERCH_025,828200,INR,CAPTURED,2026-07-05T11:21:34Z,REF-PAY_216AF957
PAY_3581D5D1,ORD_1B1CAD8F,MERCH_004,531200,INR,CAPTURED,2026-07-27T17:08:51Z,REF-PAY_3581D5D1
PAY_DB1D36A4,ORD_92A3BB47,MERCH_029,69200,INR,CAPTURED,2026-07-06T08:06:14Z,REF-PAY_DB1D36A4
PAY_05616254,ORD_16F156BB,MERCH_049,467100,INR,CAPTURED,2026-08-20T02:44:22Z,REF-PAY_05616254
PAY_540A7AB2,ORD_0C838E3E,MERCH_006,1045200,INR,CAPTURED,2026-07-21T15:58:08Z,REF-PAY_540A7AB2
PAY_34F2C87D,ORD_41E84D05,MERCH_049,563800,INR,CAPTURED,2026-08-12T08:36:38Z,REF-PAY_34F2C87D
PAY_D3E8FBF6,ORD_9572EF2B,MERCH_044,1466500,INR,CAPTURED,2026-08-14T03:07:09Z,REF-PAY_D3E8FBF6
PAY_3B205B4E,ORD_24A13055,MERCH_047,551100,INR,CAPTURED,2026-08-14T23:34:32Z,REF-PAY_3B205B4E
PAY_6BF46DCA,ORD_962272D6,MERCH_046,1547300,INR,CAPTURED,2026-08-01T07:27:39Z,REF-PAY_6BF46DCA
PAY_82C143C3,ORD_08049605,MERCH_039,109200,INR,CAPTURED,2026-07-23T12:14:10Z,REF-PAY_82C143C3
PAY_64632EF8,ORD_F7FAF186,MERCH_029,509200,INR,CAPTURED,2026-08-31T02:20:06Z,REF-PAY_64632EF8
PAY_F41BBD3F,ORD_75230740,MERCH_008,1339900,INR,CAPTURED,2026-08-09T01:07:45Z,REF-PAY_F41BBD3F
PAY_18C26BCD,ORD_B27BBCBB,MERCH_030,1147000,INR,CAPTURED,2026-08-14T01:49:33Z,REF-PAY_18C26BCD
PAY_CDC2C6C2,ORD_60FEE7BC,MERCH_016,97600,INR,CAPTURED,2026-07-19T07:56:59Z,REF-PAY_CDC2C6C2
PAY_A068E29A,ORD_46463A1E,MERCH_016,1484100,INR,CAPTURED,2026-07-20T08:12:52Z,REF-PAY_A068E29A
PAY_6BF2C98F,ORD_07C10A5C,MERCH_011,694100,INR,CAPTURED,2026-08-18T12:12:11Z,REF-PAY_6BF2C98F
PAY_B48FB129,ORD_07C10A5C,MERCH_011,694100,INR,CAPTURED,2026-08-18T12:12:11Z,REF-PAY_6BF2C98F
PAY_68F7458A,ORD_ED391F3A,MERCH_030,399500,INR,CAPTURED,2026-07-29T19:20:09Z,REF-PAY_68F7458A
PAY_FA374A68,ORD_C08A2766,MERCH_048,1592500,INR,CAPTURED,2026-07-04T10:22:11Z,REF-PAY_FA374A68
PAY_7CE5A2B5,ORD_233595CA,MERCH_002,714200,INR,CAPTURED,2026-07-15T22:26:58Z,REF-PAY_7CE5A2B5
PAY_3AE87794,ORD_91CED4CD,MERCH_013,159300,INR,CAPTURED,2026-07-17T14:58:44Z,REF-PAY_3AE87794
PAY_C1031593,ORD_2C980C36,MERCH_007,285800,INR,CAPTURED,2026-07-05T15:31:16Z,REF-PAY_C1031593
PAY_0CE6BB01,ORD_FABDED8E,MERCH_009,1414100,INR,CAPTURED,2026-08-14T02:13:06Z,REF-PAY_0CE6BB01
PAY_7365DF11,ORD_98DBA1A2,MERCH_006,280200,INR,CAPTURED,2026-08-18T14:43:15Z,REF-PAY_7365DF11
PAY_43ECA019,ORD_A8715A23,MERCH_021,61100,INR,CAPTURED,2026-08-08T23:36:31Z,REF-PAY_43ECA019
PAY_B71BC11E,ORD_B6B269C1,MERCH_031,1284700,INR,CAPTURED,2026-07-30T18:41:46Z,REF-PAY_B71BC11E
PAY_027E9448,ORD_82964E3F,MERCH_031,1603300,INR,CAPTURED,2026-08-26T03:53:44Z,REF-PAY_027E9448
PAY_60F69A9E,ORD_656E191F,MERCH_006,498500,INR,CAPTURED,2026-07-15T22:57:27Z,REF-PAY_60F69A9E
PAY_66B34A4C,ORD_1DE4A75C,MERCH_022,761900,INR,CAPTURED,2026-07-30T20:36:01Z,REF-PAY_66B34A4C
PAY_FE059661,ORD_6E0788E6,MERCH_015,1955300,INR,CAPTURED,2026-07-28T20:49:33Z,REF-PAY_FE059661
PAY_716B30EB,ORD_CA1AA95E,MERCH_045,527100,INR,CAPTURED,2026-07-19T21:01:39Z,REF-PAY_716B30EB
PAY_C87A6EB9,ORD_DF408261,MERCH_037,1527800,INR,CAPTURED,2026-08-01T05:50:27Z,REF-PAY_C87A6EB9
PAY_132EE545,ORD_3A60EF8E,MERCH_044,1836700,INR,CAPTURED,2026-08-05T07:36:35Z,REF-PAY_132EE545
PAY_15239BBA,ORD_7183F0B4,MERCH_009,210400,INR,CAPTURED,2026-08-06T07:51:37Z,REF-PAY_15239BBA
PAY_D4D4BCE5,ORD_6D4D9748,MERCH_010,1158900,INR,CAPTURED,2026-08-17T15:14:39Z,REF-PAY_D4D4BCE5
PAY_7131412F,ORD_26B9E6C6,MERCH_035,876700,INR,CAPTURED,2026-08-17T22:06:55Z,REF-PAY_7131412F
PAY_67FB6841,ORD_26B9E6C6,MERCH_035,876700,INR,CAPTURED,2026-08-17T22:06:55Z,REF-PAY_7131412F
PAY_12337927,ORD_D08CB053,MERCH_046,1072400,INR,CAPTURED,2026-08-15T06:55:27Z,REF-PAY_12337927
PAY_B8A5D3DE,ORD_35DE4FCD,MERCH_046,269100,INR,CAPTURED,2026-08-30T10:38:24Z,REF-PAY_B8A5D3DE
PAY_840BF9F5,ORD_72E4564A,MERCH_010,159800,INR,CAPTURED,2026-08-27T21:58:03Z,REF-PAY_840BF9F5
PAY_96514D56,ORD_3D0DB7F4,MERCH_031,1527200,INR,CAPTURED,2026-07-10T20:10:35Z,REF-PAY_96514D56
PAY_98F8A6D6,ORD_7D42274E,MERCH_047,1997600,INR,CAPTURED,2026-08-21T21:22:17Z,REF-PAY_98F8A6D6
PAY_EF941D73,ORD_07D3838F,MERCH_034,1107200,INR,CAPTURED,2026-08-12T05:06:02Z,REF-PAY_EF941D73
PAY_EA442720,ORD_64B773C0,MERCH_006,1848400,INR,CAPTURED,2026-07-22T04:46:38Z,REF-PAY_EA442720
PAY_CB40FC76,ORD_54F1D965,MERCH_043,822100,INR,CAPTURED,2026-08-30T04:03:51Z,REF-PAY_CB40FC76
PAY_1235F4C3,ORD_54F1D965,MERCH_043,822100,INR,CAPTURED,2026-08-30T04:03:51Z,REF-PAY_CB40FC76
PAY_72A52067,ORD_66940BBB,MERCH_006,179900,INR,CAPTURED,2026-08-08T07:56:47Z,REF-PAY_72A52067
PAY_6EBC0A6C,ORD_17006535,MERCH_016,303500,INR,CAPTURED,2026-07-18T00:51:28Z,REF-PAY_6EBC0A6C
PAY_D9FB85E7,ORD_1E5C6EA3,MERCH_007,378500,INR,CAPTURED,2026-07-14T12:17:37Z,REF-PAY_D9FB85E7
PAY_47C793B5,ORD_CA2994EA,MERCH_018,448200,INR,CAPTURED,2026-07-11T23:07:25Z,REF-PAY_47C793B5
PAY_C3127672,ORD_459B8119,MERCH_027,782800,INR,CAPTURED,2026-08-04T11:56:55Z,REF-PAY_C3127672
PAY_3445CE00,ORD_374B46CA,MERCH_041,1588100,INR,CAPTURED,2026-08-14T19:43:17Z,REF-PAY_3445CE00
PAY_063367EA,ORD_773F1E49,MERCH_005,1253100,INR,CAPTURED,2026-07-30T12:56:24Z,REF-PAY_063367EA
PAY_C71F9428,ORD_B58C9B73,MERCH_029,197300,INR,CAPTURED,2026-07-15T04:13:28Z,REF-PAY_C71F9428
PAY_93AB11AE,ORD_8AD2D365,MERCH_007,597400,INR,CAPTURED,2026-08-26T17:56:31Z,REF-PAY_93AB11AE
PAY_F808E345,ORD_956739FF,MERCH_047,1925700,INR,CAPTURED,2026-08-21T00:23:16Z,REF-PAY_F808E345
PAY_89D1EE88,ORD_526EF951,MERCH_023,293600,INR,CAPTURED,2026-08-06T01:01:50Z,REF-PAY_89D1EE88
PAY_7718BB22,ORD_3229D2BF,MERCH_025,232400,INR,CAPTURED,2026-08-21T19:26:51Z,REF-PAY_7718BB22
PAY_1EABCA68,ORD_D4285947,MERCH_032,1147200,INR,CAPTURED,2026-07-30T16:22:03Z,REF-PAY_1EABCA68
PAY_CEAE2266,ORD_557962A3,MERCH_001,1753000,INR,CAPTURED,2026-08-02T03:37:14Z,REF-PAY_CEAE2266
PAY_B66CE78B,ORD_06978586,MERCH_032,1198600,INR,CAPTURED,2026-08-18T22:15:14Z,REF-PAY_B66CE78B
PAY_49E0A786,ORD_FE91192C,MERCH_018,1223000,INR,CAPTURED,2026-08-19T07:23:11Z,REF-PAY_49E0A786
PAY_BAAD2799,ORD_C8C523EE,MERCH_017,1829900,INR,CAPTURED,2026-07-11T04:29:06Z,REF-PAY_BAAD2799
PAY_696D1FE2,ORD_BA50ABA0,MERCH_042,1340200,INR,CAPTURED,2026-07-05T19:46:53Z,REF-PAY_696D1FE2
PAY_644C544E,ORD_6B494318,MERCH_014,1490800,INR,CAPTURED,2026-07-11T03:55:38Z,REF-PAY_644C544E
PAY_4D13CF03,ORD_E6CBA952,MERCH_002,1412000,INR,CAPTURED,2026-08-28T02:13:34Z,REF-PAY_4D13CF03
PAY_DB2DB649,ORD_21244E33,MERCH_023,588500,INR,CAPTURED,2026-08-22T00:06:24Z,REF-PAY_DB2DB649
PAY_BFAACA0C,ORD_189D3939,MERCH_047,925400,INR,CAPTURED,2026-08-04T01:39:01Z,REF-PAY_BFAACA0C
PAY_F2A7CBE5,ORD_6F80B094,MERCH_036,812200,INR,CAPTURED,2026-08-03T19:14:58Z,REF-PAY_F2A7CBE5
PAY_1523A17C,ORD_854C52E7,MERCH_031,1799700,INR,CAPTURED,2026-07-12T19:04:42Z,REF-PAY_1523A17C
PAY_2F1463EA,ORD_28132C1C,MERCH_033,1475400,INR,CAPTURED,2026-07-06T06:32:27Z,REF-PAY_2F1463EA
PAY_BB70FE0B,ORD_57BE2278,MERCH_002,316200,INR,CAPTURED,2026-07-19T08:48:10Z,REF-PAY_BB70FE0B
PAY_9D1D6092,ORD_7DEF9A4B,MERCH_043,1801600,INR,CAPTURED,2026-08-07T20:51:29Z,REF-PAY_9D1D6092
PAY_2BE9ED03,ORD_BA40F3E7,MERCH_040,1286100,INR,CAPTURED,2026-07-16T03:25:42Z,REF-PAY_2BE9ED03
PAY_E94EA9CE,ORD_4E0697A5,MERCH_032,1764800,INR,CAPTURED,2026-07-20T18:48:17Z,REF-PAY_E94EA9CE
PAY_B9DCB859,ORD_4DC45EFE,MERCH_031,1242600,INR,CAPTURED,2026-07-16T09:03:19Z,REF-PAY_B9DCB859
PAY_3A1D9CF9,ORD_1D547502,MERCH_044,1817000,INR,CAPTURED,2026-07-24T22:29:48Z,REF-PAY_3A1D9CF9
PAY_7CBC075F,ORD_AD8B5807,MERCH_046,1584700,INR,CAPTURED,2026-07-25T12:47:38Z,REF-PAY_7CBC075F
PAY_70C517A9,ORD_99A6D41D,MERCH_039,43200,INR,CAPTURED,2026-07-10T12:37:48Z,REF-PAY_70C517A9
PAY_4A1F4D1B,ORD_148C811E,MERCH_025,1016500,INR,CAPTURED,2026-08-04T09:02:54Z,REF-PAY_4A1F4D1B
PAY_EEC78625,ORD_3C2B8A6D,MERCH_012,1163400,INR,CAPTURED,2026-07-20T17:43:10Z,REF-PAY_EEC78625
PAY_220033C2,ORD_73E3A5BC,MERCH_030,1215200,INR,CAPTURED,2026-08-09T03:25:45Z,REF-PAY_220033C2
PAY_4C990B23,ORD_3866445F,MERCH_002,342500,INR,CAPTURED,2026-07-11T09:36:06Z,REF-PAY_4C990B23
PAY_37747A5B,ORD_8C7E426D,MERCH_009,686100,INR,CAPTURED,2026-08-09T11:59:08Z,REF-PAY_37747A5B
PAY_2D0E7EA9,ORD_EBFB189C,MERCH_029,665700,INR,CAPTURED,2026-08-28T08:53:57Z,REF-PAY_2D0E7EA9
PAY_BF93AC80,ORD_A04D4742,MERCH_020,1094800,INR,CAPTURED,2026-07-15T23:05:31Z,REF-PAY_BF93AC80
PAY_0C5FA32A,ORD_6398D299,MERCH_033,789700,INR,CAPTURED,2026-07-15T14:36:04Z,REF-PAY_0C5FA32A
PAY_5E205544,ORD_78630BF5,MERCH_018,256000,INR,CAPTURED,2026-07-03T10:53:20Z,REF-PAY_5E205544
PAY_495C2B5C,ORD_4E3ACC53,MERCH_037,644100,INR,CAPTURED,2026-08-07T08:24:48Z,REF-PAY_495C2B5C
PAY_F34CAC47,ORD_516611C1,MERCH_039,1385800,INR,CAPTURED,2026-07-22T00:49:55Z,REF-PAY_F34CAC47
PAY_3A7AF9D1,ORD_9FF2F8E9,MERCH_028,1740200,INR,CAPTURED,2026-08-12T00:31:29Z,REF-PAY_3A7AF9D1
PAY_1C126B28,ORD_9FF2F8E9,MERCH_028,1740200,INR,CAPTURED,2026-08-12T00:31:29Z,REF-PAY_3A7AF9D1
PAY_EC78083D,ORD_2953A2D8,MERCH_024,1701500,INR,CAPTURED,2026-08-03T13:33:34Z,REF-PAY_EC78083D
PAY_B7EE4679,ORD_D49B9C22,MERCH_023,1185600,INR,CAPTURED,2026-07-31T15:31:23Z,REF-PAY_B7EE4679
PAY_D2F6DC4F,ORD_12AE664C,MERCH_016,762200,INR,CAPTURED,2026-07-09T23:15:59Z,REF-PAY_D2F6DC4F
PAY_D5F68182,ORD_83247CF3,MERCH_041,254100,INR,CAPTURED,2026-08-21T19:43:56Z,REF-PAY_D5F68182
PAY_2EF2CEAC,ORD_D8167D35,MERCH_048,1817100,INR,CAPTURED,2026-08-23T04:06:09Z,REF-PAY_2EF2CEAC
PAY_D6783967,ORD_55660414,MERCH_044,1941000,INR,CAPTURED,2026-07-26T22:57:31Z,REF-PAY_D6783967
PAY_C00476C6,ORD_DBEF33DE,MERCH_017,897100,INR,CAPTURED,2026-08-03T13:45:18Z,REF-PAY_C00476C6
PAY_3F2C5D1E,ORD_C65E13FA,MERCH_048,128500,INR,CAPTURED,2026-08-16T19:35:22Z,REF-PAY_3F2C5D1E
PAY_B82D3A25,ORD_27076788,MERCH_037,752400,INR,CAPTURED,2026-08-07T13:05:39Z,REF-PAY_B82D3A25
PAY_773ADBDD,ORD_C87E256B,MERCH_043,564900,INR,CAPTURED,2026-07-08T20:34:16Z,REF-PAY_773ADBDD
PAY_C259AD10,ORD_66017B8A,MERCH_046,632200,INR,CAPTURED,2026-08-01T09:52:56Z,REF-PAY_C259AD10
PAY_A09CDBD0,ORD_0854957F,MERCH_025,1656900,INR,CAPTURED,2026-08-16T02:10:32Z,REF-PAY_A09CDBD0
PAY_0F957318,ORD_BAD1EE41,MERCH_025,214900,INR,CAPTURED,2026-08-04T05:14:19Z,REF-PAY_0F957318
PAY_453CEAC3,ORD_F7B59AB4,MERCH_023,1415500,INR,CAPTURED,2026-07-16T04:14:39Z,REF-PAY_453CEAC3
PAY_2DA5DA2D,ORD_F5597469,MERCH_037,1243300,INR,CAPTURED,2026-07-21T00:44:14Z,REF-PAY_2DA5DA2D
PAY_0A40D92A,ORD_F5597469,MERCH_037,1243300,INR,CAPTURED,2026-07-21T00:44:14Z,REF-PAY_2DA5DA2D
PAY_7231E1C9,ORD_B92E2EEF,MERCH_013,1903900,INR,CAPTURED,2026-08-11T03:21:57Z,REF-PAY_7231E1C9
PAY_299AACFD,ORD_0586D491,MERCH_033,1172400,INR,CAPTURED,2026-07-28T10:12:16Z,REF-PAY_299AACFD
PAY_75ED6FA0,ORD_C50822E4,MERCH_012,1853800,INR,CAPTURED,2026-08-31T18:32:31Z,REF-PAY_75ED6FA0
PAY_7941A8DF,ORD_5CB07972,MERCH_006,508200,INR,CAPTURED,2026-08-05T21:40:27Z,REF-PAY_7941A8DF
PAY_7762AFF1,ORD_2D8382A3,MERCH_043,276300,INR,CAPTURED,2026-07-02T16:37:55Z,REF-PAY_7762AFF1
PAY_F1849D26,ORD_12821BEF,MERCH_044,1441900,INR,CAPTURED,2026-07-06T17:28:18Z,REF-PAY_F1849D26
PAY_C0111916,ORD_11AA3086,MERCH_010,1986500,INR,CAPTURED,2026-09-01T03:34:40Z,REF-PAY_C0111916
PAY_E14B62C9,ORD_4062E899,MERCH_025,1588700,INR,CAPTURED,2026-07-04T19:37:35Z,REF-PAY_E14B62C9
PAY_6710D415,ORD_33FA81FF,MERCH_004,1275800,INR,CAPTURED,2026-07-22T13:46:34Z,REF-PAY_6710D415
PAY_1E8AF17A,ORD_503FAA7C,MERCH_004,1797100,INR,CAPTURED,2026-08-05T16:40:31Z,REF-PAY_1E8AF17A
PAY_7A5918D1,ORD_2F25CA3B,MERCH_043,563300,INR,CAPTURED,2026-07-08T05:23:59Z,REF-PAY_7A5918D1
PAY_99993A18,ORD_E09EE52A,MERCH_019,751100,INR,CAPTURED,2026-07-06T04:22:57Z,REF-PAY_99993A18
PAY_191FFE0D,ORD_BA6B2864,MERCH_042,416700,INR,CAPTURED,2026-08-10T23:07:19Z,REF-PAY_191FFE0D
PAY_9795601A,ORD_9BE56500,MERCH_009,1041200,INR,CAPTURED,2026-07-09T11:37:04Z,REF-PAY_9795601A
PAY_8F10BED2,ORD_74D474BB,MERCH_002,1225500,INR,CAPTURED,2026-08-13T04:24:05Z,REF-PAY_8F10BED2
PAY_AB7A1D84,ORD_F2C4AC54,MERCH_021,514600,INR,CAPTURED,2026-07-10T05:53:28Z,REF-PAY_AB7A1D84
PAY_FF10E438,ORD_11FC376E,MERCH_025,269200,INR,CAPTURED,2026-08-01T10:52:45Z,REF-PAY_FF10E438
PAY_157A0FE5,ORD_C74D187B,MERCH_044,1656700,INR,CAPTURED,2026-07-25T17:01:39Z,REF-PAY_157A0FE5
PAY_147D71F0,ORD_86201E29,MERCH_045,1629300,INR,CAPTURED,2026-08-07T18:46:43Z,REF-PAY_147D71F0
PAY_C3B7AF60,ORD_86201E29,MERCH_045,1629300,INR,CAPTURED,2026-08-07T18:46:43Z,REF-PAY_147D71F0
PAY_4FD57FE9,ORD_1E0022F0,MERCH_036,1953300,INR,CAPTURED,2026-08-25T06:50:01Z,REF-PAY_4FD57FE9
PAY_2D7F8001,ORD_877A607E,MERCH_015,66400,INR,CAPTURED,2026-07-02T15:45:02Z,REF-PAY_2D7F8001
PAY_473409F7,ORD_877A607E,MERCH_015,66400,INR,CAPTURED,2026-07-02T15:45:02Z,REF-PAY_2D7F8001
PAY_44275E35,ORD_27CCD86C,MERCH_015,627100,INR,CAPTURED,2026-07-12T08:38:40Z,REF-PAY_44275E35
PAY_354F0FB4,ORD_470B52F2,MERCH_044,1340500,INR,CAPTURED,2026-08-16T08:32:52Z,REF-PAY_354F0FB4
PAY_80C35396,ORD_F0FDF3D7,MERCH_031,167100,INR,CAPTURED,2026-07-12T15:55:28Z,REF-PAY_80C35396
PAY_0704C4C5,ORD_CCA468AC,MERCH_025,899300,INR,CAPTURED,2026-07-20T15:48:16Z,REF-PAY_0704C4C5
PAY_DE8C4284,ORD_088638D0,MERCH_038,715300,INR,CAPTURED,2026-09-01T12:40:57Z,REF-PAY_DE8C4284
PAY_94EAECA8,ORD_D96390F3,MERCH_044,1936600,INR,CAPTURED,2026-08-24T07:17:15Z,REF-PAY_94EAECA8
PAY_702AF257,ORD_80513252,MERCH_008,1177400,INR,CAPTURED,2026-08-19T03:37:29Z,REF-PAY_702AF257
PAY_5E6A2CB9,ORD_98A033D4,MERCH_015,461500,INR,CAPTURED,2026-07-03T15:53:36Z,REF-PAY_5E6A2CB9
PAY_269A9866,ORD_DC6B8378,MERCH_023,41200,INR,CAPTURED,2026-07-08T00:46:31Z,REF-PAY_269A9866
PAY_17E42E46,ORD_9238535F,MERCH_005,1149700,INR,CAPTURED,2026-08-17T20:50:38Z,REF-PAY_17E42E46
PAY_B9902727,ORD_A6E8F904,MERCH_021,60600,INR,CAPTURED,2026-07-08T18:26:01Z,REF-PAY_B9902727
PAY_1A72CDD8,ORD_A6E8F904,MERCH_021,60600,INR,CAPTURED,2026-07-08T18:26:01Z,REF-PAY_B9902727
PAY_53A93596,ORD_612DA879,MERCH_044,1599000,INR,CAPTURED,2026-07-22T13:54:21Z,REF-PAY_53A93596
PAY_52D37C2F,ORD_F65D8122,MERCH_048,138400,INR,CAPTURED,2026-07-16T06:04:26Z,REF-PAY_52D37C2F
PAY_9A4461EC,ORD_D8F7F9BB,MERCH_041,428000,INR,CAPTURED,2026-08-09T23:09:12Z,REF-PAY_9A4461EC
PAY_58568333,ORD_115EC5FF,MERCH_012,714800,INR,CAPTURED,2026-08-26T09:43:37Z,REF-PAY_58568333
PAY_5A956FD7,ORD_B65C1BDE,MERCH_033,1952700,INR,CAPTURED,2026-08-06T00:38:02Z,REF-PAY_5A956FD7
PAY_5870EEFE,ORD_6EC65A58,MERCH_016,1598700,INR,CAPTURED,2026-08-14T05:24:49Z,REF-PAY_5870EEFE
PAY_73F011F4,ORD_66326B70,MERCH_031,192900,INR,CAPTURED,2026-07-07T07:26:19Z,REF-PAY_73F011F4
PAY_3295C3DA,ORD_DD5FDAED,MERCH_013,292700,INR,CAPTURED,2026-08-24T01:29:07Z,REF-PAY_3295C3DA
PAY_43309003,ORD_D4706600,MERCH_013,585000,INR,CAPTURED,2026-07-05T20:32:01Z,REF-PAY_43309003
PAY_0CAFB863,ORD_A92B9BD2,MERCH_032,945300,INR,CAPTURED,2026-08-03T18:48:39Z,REF-PAY_0CAFB863
PAY_7E4B73E8,ORD_59F26791,MERCH_043,1050200,INR,CAPTURED,2026-07-22T14:36:32Z,REF-PAY_7E4B73E8
PAY_D22E4EE3,ORD_EBE95B25,MERCH_026,803100,INR,CAPTURED,2026-07-19T20:03:46Z,REF-PAY_D22E4EE3
PAY_2F243D9A,ORD_A1B27AAA,MERCH_012,375400,INR,CAPTURED,2026-08-13T01:58:43Z,REF-PAY_2F243D9A
PAY_25493C57,ORD_9444795E,MERCH_049,1750800,INR,CAPTURED,2026-08-11T21:53:04Z,REF-PAY_25493C57
PAY_B5E957E9,ORD_26757AA6,MERCH_034,1930600,INR,CAPTURED,2026-08-05T00:28:41Z,REF-PAY_B5E957E9
PAY_333920AE,ORD_A9E55BAF,MERCH_019,356100,INR,CAPTURED,2026-08-08T03:05:57Z,REF-PAY_333920AE
PAY_06F15D48,ORD_91D00986,MERCH_015,586900,INR,CAPTURED,2026-07-19T23:00:03Z,REF-PAY_06F15D48
PAY_0CD38F5B,ORD_B91D4369,MERCH_037,1830600,INR,CAPTURED,2026-07-13T03:38:44Z,REF-PAY_0CD38F5B
PAY_BC7572E8,ORD_D12996AA,MERCH_033,971500,INR,CAPTURED,2026-07-12T07:35:26Z,REF-PAY_BC7572E8
PAY_487E1407,ORD_0ED783FE,MERCH_028,1221200,INR,CAPTURED,2026-08-26T08:27:48Z,REF-PAY_487E1407
PAY_381873D2,ORD_B89C1C5A,MERCH_036,1968400,INR,CAPTURED,2026-08-13T10:32:44Z,REF-PAY_381873D2
PAY_E07DA16A,ORD_E0827E9A,MERCH_016,854600,INR,CAPTURED,2026-07-26T18:42:39Z,REF-PAY_E07DA16A
PAY_E79D364A,ORD_6C8BF17B,MERCH_038,90600,INR,CAPTURED,2026-08-20T14:13:16Z,REF-PAY_E79D364A
PAY_B1E98A72,ORD_197AC12E,MERCH_022,676800,INR,CAPTURED,2026-08-25T17:49:18Z,REF-PAY_B1E98A72
PAY_6B6AEBF3,ORD_D87B91AD,MERCH_028,1645200,INR,CAPTURED,2026-07-23T21:56:08Z,REF-PAY_6B6AEBF3
PAY_FDC8B48C,ORD_29824BCA,MERCH_007,1538700,INR,CAPTURED,2026-08-17T18:05:07Z,REF-PAY_FDC8B48C
PAY_0C7B3FF5,ORD_5E9D34E7,MERCH_017,98100,INR,CAPTURED,2026-07-04T15:26:56Z,REF-PAY_0C7B3FF5
PAY_E84FD346,ORD_9EA8DEAC,MERCH_002,880600,INR,CAPTURED,2026-08-04T05:20:16Z,REF-PAY_E84FD346
PAY_BDF0F602,ORD_A98228DD,MERCH_004,297100,INR,CAPTURED,2026-07-09T19:35:45Z,REF-PAY_BDF0F602
PAY_9EC69C83,ORD_EE49EFB0,MERCH_031,1565700,INR,CAPTURED,2026-07-27T14:24:07Z,REF-PAY_9EC69C83
PAY_5CCA6AAC,ORD_ADF3ABC2,MERCH_049,606600,INR,CAPTURED,2026-07-14T21:00:35Z,REF-PAY_5CCA6AAC
PAY_32C9C818,ORD_14978455,MERCH_037,1042100,INR,CAPTURED,2026-07-29T11:23:26Z,REF-PAY_32C9C818
PAY_951695BD,ORD_4314D484,MERCH_048,1208800,INR,CAPTURED,2026-07-09T10:56:32Z,REF-PAY_951695BD
PAY_C29933B2,ORD_6DF3B4B3,MERCH_034,718100,INR,CAPTURED,2026-08-21T21:10:30Z,REF-PAY_C29933B2
PAY_69FCBF06,ORD_C6E0F74B,MERCH_045,1101200,INR,CAPTURED,2026-07-07T22:57:55Z,REF-PAY_69FCBF06
PAY_1E13BF41,ORD_05884BC2,MERCH_016,1538700,INR,CAPTURED,2026-07-21T16:32:14Z,REF-PAY_1E13BF41
PAY_64C4F3E0,ORD_376980E7,MERCH_005,391700,INR,CAPTURED,2026-07-01T08:03:53Z,REF-PAY_64C4F3E0
PAY_8357A8B3,ORD_299A4C95,MERCH_047,320900,INR,CAPTURED,2026-07-01T12:17:22Z,REF-PAY_8357A8B3
PAY_CCF4C599,ORD_5F2D31CF,MERCH_005,1713200,INR,CAPTURED,2026-08-12T20:41:44Z,REF-PAY_CCF4C599
PAY_8572E217,ORD_5863C6F9,MERCH_002,30000000,INR,CAPTURED,2026-08-08T22:25:13Z,REF-PAY_8572E217
PAY_CA744096,ORD_3C709D6F,MERCH_007,781000,INR,CAPTURED,2026-07-21T19:00:40Z,REF-PAY_CA744096
PAY_CC60AE8B,ORD_F1E6F719,MERCH_028,279700,INR,CAPTURED,2026-08-13T07:26:32Z,REF-PAY_CC60AE8B
PAY_A48336F6,ORD_FBC76318,MERCH_031,1935000,INR,CAPTURED,2026-08-18T06:50:40Z,REF-PAY_A48336F6
PAY_6A848468,ORD_9B55DA17,MERCH_009,404100,INR,CAPTURED,2026-09-01T09:49:14Z,REF-PAY_6A848468
PAY_45D9DA6E,ORD_3D005708,MERCH_013,1408500,INR,CAPTURED,2026-08-30T23:01:58Z,REF-PAY_45D9DA6E
PAY_6C97001C,ORD_1C86DF9A,MERCH_031,444600,INR,CAPTURED,2026-09-01T03:12:26Z,REF-PAY_6C97001C
PAY_19EFE76C,ORD_1101E6E3,MERCH_003,618300,INR,CAPTURED,2026-08-23T01:52:15Z,REF-PAY_19EFE76C
PAY_4304E760,ORD_63CFF032,MERCH_023,1658900,INR,CAPTURED,2026-07-05T21:01:36Z,REF-PAY_4304E760
PAY_84D6246F,ORD_4F71C163,MERCH_031,22600,INR,CAPTURED,2026-07-05T19:30:37Z,REF-PAY_84D6246F
PAY_7E5CE5FB,ORD_337759CD,MERCH_022,881900,INR,CAPTURED,2026-07-29T10:06:33Z,REF-PAY_7E5CE5FB
PAY_590B4E7B,ORD_AEEA7AEC,MERCH_048,30000000,INR,CAPTURED,2026-07-26T18:28:14Z,REF-PAY_590B4E7B
PAY_127FFA28,ORD_B63CFB4E,MERCH_014,1211800,INR,CAPTURED,2026-08-03T12:52:33Z,REF-PAY_127FFA28
PAY_47FCB91D,ORD_CB204525,MERCH_036,135800,INR,CAPTURED,2026-08-24T23:29:04Z,REF-PAY_47FCB91D
PAY_4BC35939,ORD_E7801A3F,MERCH_029,1669700,INR,CAPTURED,2026-08-30T14:41:23Z,REF-PAY_4BC35939
PAY_D91D1289,ORD_65D95726,MERCH_016,601900,INR,CAPTURED,2026-08-17T20:30:14Z,REF-PAY_D91D1289
PAY_612559BB,ORD_C0074860,MERCH_032,1490200,INR,CAPTURED,2026-08-16T17:10:21Z,REF-PAY_612559BB
PAY_235B9A3B,ORD_B20777A1,MERCH_045,666000,INR,CAPTURED,2026-07-11T00:30:18Z,REF-PAY_235B9A3B
PAY_031592F7,ORD_3F8A686A,MERCH_012,30100,INR,CAPTURED,2026-07-15T18:04:29Z,REF-PAY_031592F7
PAY_33A0E717,ORD_E835045B,MERCH_019,1618100,INR,CAPTURED,2026-07-03T10:09:21Z,REF-PAY_33A0E717
PAY_39B66073,ORD_33626F0E,MERCH_033,117600,INR,CAPTURED,2026-07-20T03:21:06Z,REF-PAY_39B66073
PAY_8585062E,ORD_EE074CF4,MERCH_012,564100,INR,CAPTURED,2026-07-13T20:08:52Z,REF-PAY_8585062E
PAY_E666C52F,ORD_79B29DAA,MERCH_020,563400,INR,CAPTURED,2026-07-25T13:00:44Z,REF-PAY_E666C52F
PAY_6600115C,ORD_D85BC710,MERCH_010,1877200,INR,CAPTURED,2026-08-30T13:39:06Z,REF-PAY_6600115C
PAY_A4174A06,ORD_D16E07FB,MERCH_039,824100,INR,CAPTURED,2026-07-06T13:58:18Z,REF-PAY_A4174A06
PAY_1DD3CA71,ORD_9B1FF8B4,MERCH_032,189300,INR,CAPTURED,2026-08-17T19:08:51Z,REF-PAY_1DD3CA71
PAY_A8F3FDCB,ORD_8D85D44D,MERCH_010,1938800,INR,CAPTURED,2026-07-07T17:41:13Z,REF-PAY_A8F3FDCB
PAY_D233EF19,ORD_89F42DB4,MERCH_010,1886000,INR,CAPTURED,2026-07-19T05:42:02Z,REF-PAY_D233EF19
PAY_C4D5E620,ORD_89F42DB4,MERCH_010,1886000,INR,CAPTURED,2026-07-19T05:42:02Z,REF-PAY_D233EF19
PAY_7F54F9E2,ORD_334F5D4B,MERCH_028,1628000,INR,CAPTURED,2026-08-24T19:30:18Z,REF-PAY_7F54F9E2
PAY_F1A2685A,ORD_448DA551,MERCH_027,1827600,INR,CAPTURED,2026-08-06T19:35:28Z,REF-PAY_F1A2685A
PAY_D6D6BBFB,ORD_79950A90,MERCH_036,1716800,INR,CAPTURED,2026-08-11T23:32:33Z,REF-PAY_D6D6BBFB
PAY_B191A421,ORD_DBC7294F,MERCH_014,959200,INR,CAPTURED,2026-07-03T11:46:34Z,REF-PAY_B191A421
PAY_C24D543D,ORD_E352D710,MERCH_006,1666700,INR,CAPTURED,2026-08-31T18:39:55Z,REF-PAY_C24D543D
PAY_1A26D4DB,ORD_8522D12C,MERCH_024,351200,INR,CAPTURED,2026-08-07T10:48:34Z,REF-PAY_1A26D4DB
PAY_48F67246,ORD_8522D12C,MERCH_024,351200,INR,CAPTURED,2026-08-07T10:48:34Z,REF-PAY_1A26D4DB
PAY_CE7B78D5,ORD_F5559453,MERCH_034,1075100,INR,CAPTURED,2026-07-24T19:59:29Z,REF-PAY_CE7B78D5
PAY_D8DA8502,ORD_09D675AF,MERCH_022,911400,INR,CAPTURED,2026-08-20T01:50:26Z,REF-PAY_D8DA8502
PAY_26765048,ORD_0B5A11C0,MERCH_005,944900,INR,CAPTURED,2026-07-05T20:18:07Z,REF-PAY_26765048
PAY_ED59BB97,ORD_021B1D31,MERCH_025,967900,INR,CAPTURED,2026-07-22T05:38:42Z,REF-PAY_ED59BB97
PAY_6D254C78,ORD_15C36860,MERCH_047,1909700,INR,CAPTURED,2026-07-07T12:16:41Z,REF-PAY_6D254C78
PAY_2A277F71,ORD_471A43E4,MERCH_016,605500,INR,CAPTURED,2026-08-05T20:21:56Z,REF-PAY_2A277F71
PAY_7633BA24,ORD_3860CF62,MERCH_016,47600,INR,CAPTURED,2026-08-02T15:21:58Z,REF-PAY_7633BA24
PAY_F2E78716,ORD_8523BDCF,MERCH_036,1189500,INR,CAPTURED,2026-08-18T04:31:39Z,REF-PAY_F2E78716
PAY_3631E157,ORD_1708D14B,MERCH_025,1689000,INR,CAPTURED,2026-08-13T04:46:52Z,REF-PAY_3631E157
PAY_97333628,ORD_C12AE151,MERCH_037,1961300,INR,CAPTURED,2026-07-24T11:54:53Z,REF-PAY_97333628
PAY_BB2BCE71,ORD_96108404,MERCH_048,508200,INR,CAPTURED,2026-07-26T15:24:08Z,REF-PAY_BB2BCE71
PAY_E3534F71,ORD_7720EC1C,MERCH_047,1451400,INR,CAPTURED,2026-08-19T08:11:30Z,REF-PAY_E3534F71
PAY_5C357BB6,ORD_F29A2F7E,MERCH_035,781400,INR,CAPTURED,2026-08-18T01:16:52Z,REF-PAY_5C357BB6
PAY_23C403CF,ORD_4CC93751,MERCH_019,728700,INR,CAPTURED,2026-07-18T14:08:15Z,REF-PAY_23C403CF
PAY_72FC71D5,ORD_A081810C,MERCH_022,283400,INR,CAPTURED,2026-07-30T06:42:36Z,REF-PAY_72FC71D5
PAY_1DED32E1,ORD_E9545FF9,MERCH_049,1270700,INR,CAPTURED,2026-07-23T23:48:25Z,REF-PAY_1DED32E1
PAY_C8CB20EF,ORD_ACE0BBE2,MERCH_017,865400,INR,CAPTURED,2026-07-25T01:16:28Z,REF-PAY_C8CB20EF
PAY_31D7B77A,ORD_179BEA7E,MERCH_039,1272200,INR,CAPTURED,2026-07-20T09:06:55Z,REF-PAY_31D7B77A
PAY_3D3D713E,ORD_CA015DA6,MERCH_007,212800,INR,CAPTURED,2026-07-14T05:04:22Z,REF-PAY_3D3D713E
PAY_9E4368DB,ORD_B04A76B4,MERCH_035,1062700,INR,CAPTURED,2026-08-05T05:34:10Z,REF-PAY_9E4368DB
PAY_FDB54F6B,ORD_545A67C3,MERCH_024,1228400,INR,CAPTURED,2026-08-07T14:26:16Z,REF-PAY_FDB54F6B
PAY_798BC7F5,ORD_545A67C3,MERCH_024,1228400,INR,CAPTURED,2026-08-07T14:26:16Z,REF-PAY_FDB54F6B
PAY_C417BD05,ORD_6183EDCF,MERCH_001,1652200,INR,CAPTURED,2026-08-11T01:38:50Z,REF-PAY_C417BD05
PAY_9582ADD7,ORD_CCE21A3C,MERCH_021,1261400,INR,CAPTURED,2026-08-30T01:40:08Z,REF-PAY_9582ADD7
PAY_281C2D6F,ORD_716DB214,MERCH_030,725100,INR,CAPTURED,2026-08-11T21:43:30Z,REF-PAY_281C2D6F
PAY_B04A0EDA,ORD_4E2FE425,MERCH_031,1244200,INR,CAPTURED,2026-08-19T16:52:24Z,REF-PAY_B04A0EDA
PAY_AF2F820E,ORD_5937D874,MERCH_036,24900,INR,CAPTURED,2026-08-28T06:22:04Z,REF-PAY_AF2F820E
PAY_E8E40A24,ORD_F3F9E2F0,MERCH_026,550200,INR,CAPTURED,2026-07-01T03:20:05Z,REF-PAY_E8E40A24
PAY_7202586A,ORD_901B8F39,MERCH_003,1104700,INR,CAPTURED,2026-08-30T12:45:33Z,REF-PAY_7202586A
PAY_6CB44BEC,ORD_164C14E9,MERCH_039,1119900,INR,CAPTURED,2026-07-09T22:32:12Z,REF-PAY_6CB44BEC
PAY_A7781B83,ORD_4072552B,MERCH_015,1894100,INR,CAPTURED,2026-08-20T22:43:04Z,REF-PAY_A7781B83
PAY_98FBA54F,ORD_790B6330,MERCH_039,896500,INR,CAPTURED,2026-07-05T08:01:16Z,REF-PAY_98FBA54F
PAY_E4FC51EE,ORD_27F66B00,MERCH_015,779500,INR,CAPTURED,2026-07-05T14:11:39Z,REF-PAY_E4FC51EE
PAY_FA043324,ORD_2CA197B0,MERCH_049,1587700,INR,CAPTURED,2026-08-04T21:25:40Z,REF-PAY_FA043324
PAY_2E70F6AF,ORD_FE69D88C,MERCH_024,881300,INR,CAPTURED,2026-07-16T11:15:50Z,REF-PAY_2E70F6AF
PAY_5FF20A79,ORD_721F075C,MERCH_023,1453000,INR,CAPTURED,2026-07-31T08:54:35Z,REF-PAY_5FF20A79
PAY_471A2803,ORD_A35EAFF9,MERCH_001,912700,INR,CAPTURED,2026-08-22T19:08:18Z,REF-PAY_471A2803
PAY_FC5BF19E,ORD_89149239,MERCH_027,458300,INR,CAPTURED,2026-08-09T18:26:48Z,REF-PAY_FC5BF19E
PAY_A071C736,ORD_A0458C77,MERCH_029,1847000,INR,CAPTURED,2026-08-22T01:02:24Z,REF-PAY_A071C736
PAY_C1F87759,ORD_6E47C963,MERCH_012,337000,INR,CAPTURED,2026-08-29T12:50:57Z,REF-PAY_C1F87759
PAY_E8E11B64,ORD_A22E9FC3,MERCH_044,429500,INR,CAPTURED,2026-07-23T17:43:49Z,REF-PAY_E8E11B64
PAY_5AA4076D,ORD_2EF6D0AE,MERCH_049,485200,INR,CAPTURED,2026-07-09T19:52:16Z,REF-PAY_5AA4076D
PAY_5DE46BF1,ORD_D282DEB9,MERCH_004,181700,INR,CAPTURED,2026-07-28T07:31:38Z,REF-PAY_5DE46BF1
PAY_E2EB0573,ORD_0862091E,MERCH_045,412000,INR,CAPTURED,2026-08-03T07:35:30Z,REF-PAY_E2EB0573
PAY_D78859CB,ORD_0862091E,MERCH_045,412000,INR,CAPTURED,2026-08-03T07:35:30Z,REF-PAY_E2EB0573
PAY_92CBE63E,ORD_6A9BA125,MERCH_042,1591600,INR,CAPTURED,2026-08-15T07:53:52Z,REF-PAY_92CBE63E
PAY_AEDC281E,ORD_FD42611A,MERCH_034,158400,INR,CAPTURED,2026-07-10T01:57:49Z,REF-PAY_AEDC281E
PAY_AEE7AE6F,ORD_7F98C891,MERCH_002,281100,INR,CAPTURED,2026-07-26T08:44:22Z,REF-PAY_AEE7AE6F
PAY_312F6C58,ORD_65A668EC,MERCH_041,1241800,INR,CAPTURED,2026-08-24T10:11:36Z,REF-PAY_312F6C58
PAY_D017CF95,ORD_7BF698D4,MERCH_035,1616200,INR,CAPTURED,2026-07-14T20:58:36Z,REF-PAY_D017CF95
PAY_4A4780F3,ORD_2CA1ECCE,MERCH_018,1209600,INR,CAPTURED,2026-07-26T13:21:29Z,REF-PAY_4A4780F3
PAY_AA233D60,ORD_ED8D97DD,MERCH_032,1504600,INR,CAPTURED,2026-07-28T18:06:53Z,REF-PAY_AA233D60
PAY_EE31B1B9,ORD_11E62FE9,MERCH_006,48800,INR,CAPTURED,2026-07-21T14:01:17Z,REF-PAY_EE31B1B9
PAY_F3FCDEAC,ORD_946BB7E7,MERCH_021,1865300,INR,CAPTURED,2026-07-13T16:31:32Z,REF-PAY_F3FCDEAC
PAY_DBAA6709,ORD_0362F09C,MERCH_007,1015500,INR,CAPTURED,2026-07-15T07:17:31Z,REF-PAY_DBAA6709
PAY_26594579,ORD_0362F09C,MERCH_007,1015500,INR,CAPTURED,2026-07-15T07:17:31Z,REF-PAY_DBAA6709
PAY_ED4EF117,ORD_9AE92C0C,MERCH_023,1079000,INR,CAPTURED,2026-08-15T06:31:08Z,REF-PAY_ED4EF117
PAY_06E59955,ORD_402B1D3A,MERCH_006,1217500,INR,CAPTURED,2026-07-14T12:06:42Z,REF-PAY_06E59955
PAY_0A3E558E,ORD_9F985566,MERCH_040,801400,INR,CAPTURED,2026-07-11T07:54:14Z,REF-PAY_0A3E558E
PAY_8F002C55,ORD_4C00C73D,MERCH_020,1772000,INR,CAPTURED,2026-07-19T08:17:33Z,REF-PAY_8F002C55
PAY_DEA11F7C,ORD_7DA5A71C,MERCH_049,447200,INR,CAPTURED,2026-08-31T18:16:48Z,REF-PAY_DEA11F7C
PAY_D22CBB5C,ORD_261B6C30,MERCH_035,1495900,INR,CAPTURED,2026-08-26T22:35:13Z,REF-PAY_D22CBB5C
PAY_83E0A144,ORD_E6EBBA75,MERCH_038,324800,INR,CAPTURED,2026-08-18T10:38:31Z,REF-PAY_83E0A144
PAY_500ECF4A,ORD_F2E4DA63,MERCH_047,1424400,INR,CAPTURED,2026-07-18T13:02:47Z,REF-PAY_500ECF4A
PAY_EC72E2FC,ORD_D43EE973,MERCH_036,97200,INR,CAPTURED,2026-08-28T10:52:55Z,REF-PAY_EC72E2FC
PAY_25ACB6DD,ORD_A3FC001E,MERCH_044,423600,INR,CAPTURED,2026-07-20T04:08:43Z,REF-PAY_25ACB6DD
PAY_8DADD7F6,ORD_6F2F68D0,MERCH_023,1731800,INR,CAPTURED,2026-08-20T22:37:18Z,REF-PAY_8DADD7F6
PAY_C5FEA6F0,ORD_1CB7E66E,MERCH_035,1834200,INR,CAPTURED,2026-07-24T22:56:49Z,REF-PAY_C5FEA6F0
PAY_58CD5777,ORD_085D2F2B,MERCH_019,649300,INR,CAPTURED,2026-08-22T14:32:56Z,REF-PAY_58CD5777
PAY_5D4BDCF9,ORD_085D2F2B,MERCH_019,649300,INR,CAPTURED,2026-08-22T14:32:56Z,REF-PAY_58CD5777
PAY_788C284A,ORD_6FC32C8B,MERCH_024,1360300,INR,CAPTURED,2026-08-17T07:31:05Z,REF-PAY_788C284A
PAY_54207665,ORD_130D7B65,MERCH_016,142500,INR,CAPTURED,2026-07-13T14:40:14Z,REF-PAY_54207665
PAY_1633AC2F,ORD_FFA585CC,MERCH_011,1795500,INR,CAPTURED,2026-08-02T09:23:50Z,REF-PAY_1633AC2F
PAY_C97F905E,ORD_17E64F75,MERCH_010,1813200,INR,CAPTURED,2026-08-21T08:38:58Z,REF-PAY_C97F905E
PAY_B7F625F8,ORD_B071D7A7,MERCH_046,273900,INR,CAPTURED,2026-08-18T09:44:54Z,REF-PAY_B7F625F8
PAY_E3130593,ORD_A5BB8EFB,MERCH_001,163500,INR,CAPTURED,2026-08-21T16:23:48Z,REF-PAY_E3130593
PAY_6008A9C5,ORD_5F1AF960,MERCH_037,1560100,INR,CAPTURED,2026-08-26T08:49:31Z,REF-PAY_6008A9C5
PAY_BF290909,ORD_13B9E31D,MERCH_012,157300,INR,CAPTURED,2026-07-09T14:22:24Z,REF-PAY_BF290909
PAY_9FEA5215,ORD_ADCE6DD5,MERCH_021,668000,INR,CAPTURED,2026-09-01T12:14:07Z,REF-PAY_9FEA5215
PAY_F435E8FA,ORD_912E8A9F,MERCH_008,1869300,INR,CAPTURED,2026-07-28T00:54:09Z,REF-PAY_F435E8FA
PAY_CC8DEC93,ORD_5A27A7F5,MERCH_047,166700,INR,CAPTURED,2026-08-05T01:57:17Z,REF-PAY_CC8DEC93
PAY_FE258032,ORD_09C962E5,MERCH_029,1593800,INR,CAPTURED,2026-08-12T05:43:07Z,REF-PAY_FE258032
PAY_C0C93796,ORD_E7C99ADF,MERCH_022,1972300,INR,CAPTURED,2026-07-26T06:53:48Z,REF-PAY_C0C93796
PAY_D40206C5,ORD_97068D79,MERCH_019,975000,INR,CAPTURED,2026-08-08T13:47:00Z,REF-PAY_D40206C5
PAY_005C9410,ORD_09638BD9,MERCH_032,235100,INR,CAPTURED,2026-07-24T13:23:02Z,REF-PAY_005C9410
PAY_632892D9,ORD_62366041,MERCH_029,388600,INR,CAPTURED,2026-08-30T04:53:19Z,REF-PAY_632892D9
PAY_E05492D7,ORD_C65D3B5E,MERCH_006,1090000,INR,CAPTURED,2026-07-26T00:25:45Z,REF-PAY_E05492D7
PAY_7597DA20,ORD_B6605FAA,MERCH_028,307500,INR,CAPTURED,2026-08-08T20:51:43Z,REF-PAY_7597DA20
PAY_71054632,ORD_C3D03CF4,MERCH_043,686700,INR,CAPTURED,2026-07-06T20:45:58Z,REF-PAY_71054632
PAY_5B894A27,ORD_C52A8971,MERCH_001,1303700,INR,CAPTURED,2026-08-16T06:12:12Z,REF-PAY_5B894A27
PAY_77E1BE6E,ORD_FC44AF4C,MERCH_042,1780000,INR,CAPTURED,2026-08-14T04:22:46Z,REF-PAY_77E1BE6E
PAY_D78E31CA,ORD_7A140F12,MERCH_017,1943000,INR,CAPTURED,2026-07-09T22:03:02Z,REF-PAY_D78E31CA
PAY_C0F0C285,ORD_4DF43DB1,MERCH_002,1453100,INR,CAPTURED,2026-08-11T12:55:20Z,REF-PAY_C0F0C285
PAY_323D26DA,ORD_C6BE7041,MERCH_006,1845500,INR,CAPTURED,2026-07-30T21:46:16Z,REF-PAY_323D26DA
PAY_2D57BA64,ORD_FD633B70,MERCH_031,78100,INR,CAPTURED,2026-07-16T07:29:42Z,REF-PAY_2D57BA64
PAY_8408A93F,ORD_4A6BFE30,MERCH_041,42600,INR,CAPTURED,2026-07-25T02:55:37Z,REF-PAY_8408A93F
PAY_FD10F51D,ORD_58565584,MERCH_040,1171000,INR,CAPTURED,2026-07-17T20:52:40Z,REF-PAY_FD10F51D
PAY_CF99B922,ORD_5853172B,MERCH_005,219400,INR,CAPTURED,2026-08-20T09:40:47Z,REF-PAY_CF99B922
PAY_BA190253,ORD_291B3FB6,MERCH_006,885300,INR,CAPTURED,2026-09-01T06:06:27Z,REF-PAY_BA190253
PAY_74EEF0C3,ORD_DE355128,MERCH_012,447100,INR,CAPTURED,2026-08-27T13:01:59Z,REF-PAY_74EEF0C3
PAY_D8ADDA96,ORD_EEC2D882,MERCH_019,1156300,INR,CAPTURED,2026-08-30T02:28:44Z,REF-PAY_D8ADDA96
PAY_60A03C70,ORD_93B616D9,MERCH_038,719400,INR,CAPTURED,2026-07-19T22:14:57Z,REF-PAY_60A03C70
PAY_110B7892,ORD_E0D2E47F,MERCH_037,493300,INR,CAPTURED,2026-07-27T01:54:21Z,REF-PAY_110B7892
PAY_6CAAFE4D,ORD_E4A8331B,MERCH_005,1129800,INR,CAPTURED,2026-07-13T07:16:25Z,REF-PAY_6CAAFE4D
PAY_D2F87EE0,ORD_80D9CC07,MERCH_040,945700,INR,CAPTURED,2026-08-18T15:39:54Z,REF-PAY_D2F87EE0
PAY_75049715,ORD_0323A152,MERCH_027,1436200,INR,CAPTURED,2026-08-26T18:52:14Z,REF-PAY_75049715
PAY_73BB88D9,ORD_D9A078EC,MERCH_027,377400,INR,CAPTURED,2026-08-08T19:56:39Z,REF-PAY_73BB88D9
PAY_1266D026,ORD_38DE56CA,MERCH_040,955800,INR,CAPTURED,2026-08-13T06:11:54Z,REF-PAY_1266D026
PAY_B8F573B3,ORD_E8C81E9E,MERCH_002,68100,INR,CAPTURED,2026-07-15T15:29:33Z,REF-PAY_B8F573B3
PAY_B8E99219,ORD_9FC481A0,MERCH_011,617300,INR,CAPTURED,2026-07-08T13:02:38Z,REF-PAY_B8E99219
PAY_76C754FD,ORD_C16E8E8F,MERCH_012,802000,INR,CAPTURED,2026-08-27T10:07:46Z,REF-PAY_76C754FD
PAY_F036ADFC,ORD_0D11FFB6,MERCH_012,553700,INR,CAPTURED,2026-08-03T09:40:23Z,REF-PAY_F036ADFC
PAY_DA048B94,ORD_0D11FFB6,MERCH_012,553700,INR,CAPTURED,2026-08-03T09:40:23Z,REF-PAY_F036ADFC
PAY_C00C8DCB,ORD_42DB819C,MERCH_025,1929600,INR,CAPTURED,2026-07-23T02:59:53Z,REF-PAY_C00C8DCB
PAY_E194EC8E,ORD_B672B61B,MERCH_042,1870400,INR,CAPTURED,2026-07-24T01:38:31Z,REF-PAY_E194EC8E
PAY_3043ADFE,ORD_75CE9CE7,MERCH_004,235300,INR,CAPTURED,2026-08-23T18:08:36Z,REF-PAY_3043ADFE
PAY_FE6BCE0D,ORD_CC11CFD8,MERCH_020,552500,INR,CAPTURED,2026-07-19T14:42:17Z,REF-PAY_FE6BCE0D
PAY_3C9E9420,ORD_D1EAD762,MERCH_010,1555000,INR,CAPTURED,2026-08-26T12:03:10Z,REF-PAY_3C9E9420
PAY_256E4ED4,ORD_2248182A,MERCH_037,1425200,INR,CAPTURED,2026-09-01T12:38:54Z,REF-PAY_256E4ED4
PAY_07DAB685,ORD_82BEDE86,MERCH_049,60300,INR,CAPTURED,2026-08-15T00:32:10Z,REF-PAY_07DAB685
PAY_0315209F,ORD_06EECB3D,MERCH_017,1257400,INR,CAPTURED,2026-07-01T03:41:15Z,REF-PAY_0315209F
PAY_C108FFD2,ORD_5E96C25B,MERCH_029,1587000,INR,CAPTURED,2026-08-05T21:48:58Z,REF-PAY_C108FFD2
PAY_F136F813,ORD_EEB3FC6B,MERCH_033,687200,INR,CAPTURED,2026-07-12T06:19:25Z,REF-PAY_F136F813
PAY_4FE4C6E9,ORD_EEB3FC6B,MERCH_033,687200,INR,CAPTURED,2026-07-12T06:19:25Z,REF-PAY_F136F813
PAY_E2887573,ORD_2E472693,MERCH_044,1517100,INR,CAPTURED,2026-07-14T18:22:14Z,REF-PAY_E2887573
PAY_EFFE5CEC,ORD_4F8B52DC,MERCH_012,141400,INR,CAPTURED,2026-07-24T14:42:26Z,REF-PAY_EFFE5CEC
PAY_E8F6923E,ORD_3F9E1E01,MERCH_014,12200,INR,CAPTURED,2026-07-02T02:36:03Z,REF-PAY_E8F6923E
PAY_41759750,ORD_535E1E22,MERCH_040,739500,INR,CAPTURED,2026-08-14T00:36:00Z,REF-PAY_41759750
PAY_3AACEC21,ORD_9601249C,MERCH_018,362800,INR,CAPTURED,2026-07-22T16:49:12Z,REF-PAY_3AACEC21
PAY_7203A6AA,ORD_C2FACCC9,MERCH_024,463000,INR,CAPTURED,2026-07-14T13:19:35Z,REF-PAY_7203A6AA
PAY_00840ECE,ORD_0C2B6303,MERCH_014,1595300,INR,CAPTURED,2026-07-29T06:24:19Z,REF-PAY_00840ECE
PAY_FF3464A1,ORD_6909BF9E,MERCH_038,196500,INR,CAPTURED,2026-08-30T17:56:20Z,REF-PAY_FF3464A1
PAY_93057378,ORD_54156BE7,MERCH_027,230300,INR,CAPTURED,2026-08-06T16:57:35Z,REF-PAY_93057378
PAY_2A9830FE,ORD_07805637,MERCH_006,1192300,INR,CAPTURED,2026-07-31T06:13:51Z,REF-PAY_2A9830FE
PAY_356BF523,ORD_49879EDE,MERCH_023,1941200,INR,CAPTURED,2026-07-26T12:19:14Z,REF-PAY_356BF523
PAY_575BD224,ORD_D4D5C24C,MERCH_046,1236500,INR,CAPTURED,2026-08-07T01:18:56Z,REF-PAY_575BD224
PAY_E8BECD0D,ORD_2954A958,MERCH_049,1810600,INR,CAPTURED,2026-07-03T05:05:46Z,REF-PAY_E8BECD0D
PAY_5322E13C,ORD_38448FFA,MERCH_013,965000,INR,CAPTURED,2026-07-04T11:00:32Z,REF-PAY_5322E13C
PAY_543107B0,ORD_38448FFA,MERCH_013,965000,INR,CAPTURED,2026-07-04T11:00:32Z,REF-PAY_5322E13C
PAY_E4627FDC,ORD_17C46153,MERCH_021,992400,INR,CAPTURED,2026-08-20T01:06:38Z,REF-PAY_E4627FDC
PAY_6C6756BB,ORD_22E59CAB,MERCH_018,278600,INR,CAPTURED,2026-07-12T19:03:04Z,REF-PAY_6C6756BB
PAY_66048C62,ORD_FFEACD28,MERCH_005,436500,INR,CAPTURED,2026-07-12T17:47:15Z,REF-PAY_66048C62
PAY_58F85AD4,ORD_98157B3A,MERCH_041,1502900,INR,CAPTURED,2026-08-01T00:28:10Z,REF-PAY_58F85AD4
PAY_9CF4BFA2,ORD_3792F171,MERCH_027,529400,INR,CAPTURED,2026-07-04T05:07:22Z,REF-PAY_9CF4BFA2
PAY_19022047,ORD_ECA4EA4B,MERCH_045,94400,INR,CAPTURED,2026-07-15T17:59:09Z,REF-PAY_19022047
PAY_D9C2774D,ORD_01B37FBA,MERCH_018,940600,INR,CAPTURED,2026-07-26T05:31:53Z,REF-PAY_D9C2774D
PAY_2F00C59D,ORD_14017526,MERCH_001,1376500,INR,CAPTURED,2026-07-22T12:54:22Z,REF-PAY_2F00C59D
PAY_C9F88DF9,ORD_B05B2E85,MERCH_014,489100,INR,CAPTURED,2026-08-30T19:43:30Z,REF-PAY_C9F88DF9
PAY_6ACB304E,ORD_BDA507C0,MERCH_003,1551100,INR,CAPTURED,2026-08-26T09:54:10Z,REF-PAY_6ACB304E
PAY_BF99DA1D,ORD_5C178E2D,MERCH_037,284500,INR,CAPTURED,2026-08-06T10:07:20Z,REF-PAY_BF99DA1D
PAY_3E500E9E,ORD_FE51F200,MERCH_037,1036100,INR,CAPTURED,2026-07-24T17:20:57Z,REF-PAY_3E500E9E
PAY_4A1A5054,ORD_AD4C972B,MERCH_037,560000,INR,CAPTURED,2026-07-29T05:57:25Z,REF-PAY_4A1A5054
PAY_D305A944,ORD_11370573,MERCH_048,1416600,INR,CAPTURED,2026-08-22T23:19:37Z,REF-PAY_D305A944
PAY_15688B8A,ORD_F9DC93EB,MERCH_017,250600,INR,CAPTURED,2026-08-19T04:13:52Z,REF-PAY_15688B8A
PAY_262BB08F,ORD_F365565F,MERCH_018,556100,INR,CAPTURED,2026-08-19T12:35:17Z,REF-PAY_262BB08F
PAY_FE518183,ORD_75581569,MERCH_005,1904000,INR,CAPTURED,2026-08-24T08:18:30Z,REF-PAY_FE518183
PAY_A0010AA1,ORD_98956E68,MERCH_020,606100,INR,CAPTURED,2026-08-29T19:37:02Z,REF-PAY_A0010AA1
PAY_26B78F80,ORD_8EE02BEB,MERCH_029,1918100,INR,CAPTURED,2026-07-13T23:34:44Z,REF-PAY_26B78F80
PAY_72C41D57,ORD_612DDC7B,MERCH_028,326800,INR,CAPTURED,2026-07-24T10:06:15Z,REF-PAY_72C41D57
PAY_E89059EF,ORD_C0654E86,MERCH_042,1006500,INR,CAPTURED,2026-08-13T13:50:52Z,REF-PAY_E89059EF
PAY_7647525D,ORD_758E8832,MERCH_011,1520600,INR,CAPTURED,2026-07-15T16:03:12Z,REF-PAY_7647525D
PAY_61CF3468,ORD_EB5FAAF0,MERCH_038,125000,INR,CAPTURED,2026-08-03T00:30:55Z,REF-PAY_61CF3468
PAY_5CA92A1C,ORD_6F0AF2CE,MERCH_039,422400,INR,CAPTURED,2026-08-10T01:42:43Z,REF-PAY_5CA92A1C
PAY_BB4CDA11,ORD_5A969EE6,MERCH_011,1219000,INR,CAPTURED,2026-07-26T13:14:13Z,REF-PAY_BB4CDA11
PAY_614ADE5A,ORD_262794AE,MERCH_010,1786900,INR,CAPTURED,2026-08-18T04:23:22Z,REF-PAY_614ADE5A
PAY_231AF1B6,ORD_5FB18238,MERCH_009,831800,INR,CAPTURED,2026-08-13T09:41:30Z,REF-PAY_231AF1B6
PAY_80B2F768,ORD_5FB18238,MERCH_009,831800,INR,CAPTURED,2026-08-13T09:41:30Z,REF-PAY_231AF1B6
PAY_09FACE7A,ORD_CFA0E323,MERCH_049,732000,INR,CAPTURED,2026-08-23T11:53:54Z,REF-PAY_09FACE7A
PAY_C18BC63E,ORD_E0F3AF5A,MERCH_025,1536700,INR,CAPTURED,2026-07-23T01:31:17Z,REF-PAY_C18BC63E
PAY_6BFF8AE5,ORD_6395FAFB,MERCH_046,850800,INR,CAPTURED,2026-07-17T18:57:27Z,REF-PAY_6BFF8AE5
PAY_0D445159,ORD_ECA80EB0,MERCH_013,281700,INR,CAPTURED,2026-07-06T15:19:41Z,REF-PAY_0D445159
PAY_548A7474,ORD_ECA80EB0,MERCH_013,281700,INR,CAPTURED,2026-07-06T15:19:41Z,REF-PAY_0D445159
PAY_3CA6EA4B,ORD_78FCB06F,MERCH_008,1921100,INR,CAPTURED,2026-07-23T14:42:57Z,REF-PAY_3CA6EA4B
PAY_0252C3D6,ORD_4C9A18F6,MERCH_025,815300,INR,CAPTURED,2026-07-05T14:39:07Z,REF-PAY_0252C3D6
PAY_A13B1CB0,ORD_1FF8B503,MERCH_034,1304600,INR,CAPTURED,2026-08-22T19:43:43Z,REF-PAY_A13B1CB0
PAY_48C7C683,ORD_2CD13AA6,MERCH_009,512700,INR,CAPTURED,2026-08-24T05:50:59Z,REF-PAY_48C7C683
PAY_3C69EA68,ORD_6A2D053A,MERCH_034,1339800,INR,CAPTURED,2026-07-09T03:17:33Z,REF-PAY_3C69EA68
PAY_732E330B,ORD_9441E77F,MERCH_005,1100400,INR,CAPTURED,2026-08-01T12:00:45Z,REF-PAY_732E330B
PAY_B4AC002A,ORD_E419F380,MERCH_042,334100,INR,CAPTURED,2026-08-18T19:48:54Z,REF-PAY_B4AC002A
PAY_F486F40F,ORD_5872F11D,MERCH_005,1395600,INR,CAPTURED,2026-07-11T04:50:33Z,REF-PAY_F486F40F
PAY_CFC79D9E,ORD_745BCED9,MERCH_024,1080900,INR,CAPTURED,2026-07-29T12:23:56Z,REF-PAY_CFC79D9E
PAY_9C593AD3,ORD_921A11F4,MERCH_007,385300,INR,CAPTURED,2026-07-08T07:13:34Z,REF-PAY_9C593AD3
PAY_2BDEC380,ORD_72ED73CF,MERCH_013,812200,INR,CAPTURED,2026-08-24T05:05:40Z,REF-PAY_2BDEC380
PAY_A797306F,ORD_9F17703D,MERCH_017,264600,INR,CAPTURED,2026-08-15T18:50:13Z,REF-PAY_A797306F
PAY_4ADD9414,ORD_AF99828D,MERCH_046,1351900,INR,CAPTURED,2026-08-29T12:13:10Z,REF-PAY_4ADD9414
PAY_4891E378,ORD_B37A6093,MERCH_026,47900,INR,CAPTURED,2026-08-17T03:14:12Z,REF-PAY_4891E378
PAY_D6906AD6,ORD_58B9637D,MERCH_001,1329500,INR,CAPTURED,2026-07-26T10:45:00Z,REF-PAY_D6906AD6
PAY_21EE89EC,ORD_8A7572BE,MERCH_039,386600,INR,CAPTURED,2026-08-23T18:26:28Z,REF-PAY_21EE89EC
PAY_564017F4,ORD_B0A0A975,MERCH_045,1753800,INR,CAPTURED,2026-07-12T15:06:18Z,REF-PAY_564017F4
PAY_E9D06EEC,ORD_5477C5C0,MERCH_022,1771900,INR,CAPTURED,2026-08-16T20:59:23Z,REF-PAY_E9D06EEC
PAY_C54241B5,ORD_4331FDB3,MERCH_024,60000000,INR,CAPTURED,2026-08-24T17:27:25Z,REF-PAY_C54241B5
PAY_9E6A25A3,ORD_EDBB2CFC,MERCH_031,1991900,INR,CAPTURED,2026-07-24T07:44:54Z,REF-PAY_9E6A25A3
PAY_921934CF,ORD_735CF915,MERCH_021,1923600,INR,CAPTURED,2026-08-20T20:34:09Z,REF-PAY_921934CF
PAY_9A6AC140,ORD_954613E0,MERCH_017,15000000,INR,CAPTURED,2026-07-21T23:48:52Z,REF-PAY_9A6AC140
PAY_1853800E,ORD_BB5DA277,MERCH_030,1471900,INR,CAPTURED,2026-08-17T07:01:38Z,REF-PAY_1853800E
PAY_6B308923,ORD_0DBAB445,MERCH_046,1106800,INR,CAPTURED,2026-07-04T00:52:46Z,REF-PAY_6B308923
PAY_921E97C8,ORD_837E81B0,MERCH_012,1492100,INR,CAPTURED,2026-08-05T05:42:28Z,REF-PAY_921E97C8
PAY_B7E275B0,ORD_737F4C51,MERCH_022,1972900,INR,CAPTURED,2026-08-16T08:55:17Z,REF-PAY_B7E275B0
PAY_7BC64C12,ORD_76FD600D,MERCH_030,202700,INR,CAPTURED,2026-08-22T00:03:39Z,REF-PAY_7BC64C12
PAY_62D6620E,ORD_396D8FEC,MERCH_015,1944900,INR,CAPTURED,2026-08-27T21:41:28Z,REF-PAY_62D6620E
PAY_A343BD48,ORD_5A7FA155,MERCH_018,289600,INR,CAPTURED,2026-09-01T21:55:13Z,REF-PAY_A343BD48
PAY_8C429151,ORD_71F4C405,MERCH_006,475000,INR,CAPTURED,2026-08-21T20:32:32Z,REF-PAY_8C429151
PAY_870D773E,ORD_71F4C405,MERCH_006,475000,INR,CAPTURED,2026-08-21T20:32:32Z,REF-PAY_8C429151
PAY_523749CE,ORD_6F5F5037,MERCH_007,199500,INR,CAPTURED,2026-07-13T19:22:02Z,REF-PAY_523749CE
PAY_509AE2D5,ORD_453B20AE,MERCH_044,754700,INR,CAPTURED,2026-08-24T15:45:53Z,REF-PAY_509AE2D5
PAY_9D2EADAB,ORD_C2EC2F50,MERCH_015,1811500,INR,CAPTURED,2026-08-16T12:48:55Z,REF-PAY_9D2EADAB
PAY_A1D05CD8,ORD_BE5F2593,MERCH_027,752200,INR,CAPTURED,2026-07-14T01:21:09Z,REF-PAY_A1D05CD8
PAY_9FC5C7BC,ORD_3F0B28F4,MERCH_022,256300,INR,CAPTURED,2026-08-18T23:16:39Z,REF-PAY_9FC5C7BC
PAY_21C9249E,ORD_2135F3F9,MERCH_014,1804500,INR,CAPTURED,2026-07-24T23:03:00Z,REF-PAY_21C9249E
PAY_51854C6C,ORD_4DEB7172,MERCH_032,621600,INR,CAPTURED,2026-08-07T22:05:43Z,REF-PAY_51854C6C
PAY_FA80B010,ORD_76810ABF,MERCH_021,1099000,INR,CAPTURED,2026-07-24T01:17:52Z,REF-PAY_FA80B010
PAY_CE0340C6,ORD_86113E2D,MERCH_004,516800,INR,CAPTURED,2026-07-29T07:32:59Z,REF-PAY_CE0340C6
PAY_E5C9E59F,ORD_18C22C3B,MERCH_038,1908000,INR,CAPTURED,2026-07-31T23:13:25Z,REF-PAY_E5C9E59F
PAY_EA535E8E,ORD_4D95A121,MERCH_011,1069600,INR,CAPTURED,2026-08-23T12:58:30Z,REF-PAY_EA535E8E
PAY_EC5E193D,ORD_0F3DA0C1,MERCH_046,880900,INR,CAPTURED,2026-07-17T12:41:23Z,REF-PAY_EC5E193D
PAY_C3796665,ORD_8BFE6914,MERCH_033,519400,INR,CAPTURED,2026-08-15T16:44:03Z,REF-PAY_C3796665
PAY_3466855E,ORD_4C71E579,MERCH_042,1134800,INR,CAPTURED,2026-08-06T01:24:45Z,REF-PAY_3466855E
PAY_6456A04E,ORD_4C71E579,MERCH_042,1134800,INR,CAPTURED,2026-08-06T01:24:45Z,REF-PAY_3466855E
PAY_0184B8AF,ORD_4DBBDA6A,MERCH_024,930900,INR,CAPTURED,2026-07-27T10:05:06Z,REF-PAY_0184B8AF
PAY_A0F183D6,ORD_C8C58614,MERCH_025,1082200,INR,CAPTURED,2026-08-11T13:11:50Z,REF-PAY_A0F183D6
PAY_0748DC66,ORD_1BBCF51F,MERCH_021,1549100,INR,CAPTURED,2026-07-25T11:48:54Z,REF-PAY_0748DC66
PAY_4B14161D,ORD_A5547A32,MERCH_010,1856700,INR,CAPTURED,2026-07-06T20:44:32Z,REF-PAY_4B14161D
PAY_B9531540,ORD_43BBD325,MERCH_049,134000,INR,CAPTURED,2026-07-09T23:40:59Z,REF-PAY_B9531540
PAY_981A8AAB,ORD_C3586425,MERCH_043,1221700,INR,CAPTURED,2026-07-21T01:07:32Z,REF-PAY_981A8AAB
PAY_96017849,ORD_66721DCD,MERCH_023,1277200,INR,CAPTURED,2026-08-31T04:09:55Z,REF-PAY_96017849
PAY_390AA10F,ORD_FFE18351,MERCH_047,203900,INR,CAPTURED,2026-07-02T09:17:12Z,REF-PAY_390AA10F
PAY_765343A8,ORD_20676D68,MERCH_028,1536200,INR,CAPTURED,2026-08-07T11:49:13Z,REF-PAY_765343A8
PAY_3E4BA268,ORD_20676D68,MERCH_028,1536200,INR,CAPTURED,2026-08-07T11:49:13Z,REF-PAY_765343A8
PAY_C29B704F,ORD_FB6CE750,MERCH_042,115800,INR,CAPTURED,2026-07-09T05:53:49Z,REF-PAY_C29B704F
PAY_8C80D62E,ORD_161419A1,MERCH_045,1635000,INR,CAPTURED,2026-08-24T17:56:12Z,REF-PAY_8C80D62E
PAY_AA375B27,ORD_161419A1,MERCH_045,1635000,INR,CAPTURED,2026-08-24T17:56:12Z,REF-PAY_8C80D62E
PAY_E6E88601,ORD_FAB4008E,MERCH_034,575800,INR,CAPTURED,2026-08-14T15:48:22Z,REF-PAY_E6E88601
PAY_21969E60,ORD_AC8688B4,MERCH_019,688800,INR,CAPTURED,2026-08-06T04:21:39Z,REF-PAY_21969E60
PAY_F9F2C658,ORD_EF13E7E9,MERCH_005,870200,INR,CAPTURED,2026-07-15T11:09:26Z,REF-PAY_F9F2C658
PAY_2FFE0D10,ORD_C17F7939,MERCH_003,217800,INR,CAPTURED,2026-07-28T19:38:36Z,REF-PAY_2FFE0D10
PAY_F644E450,ORD_F2B586F9,MERCH_031,1344600,INR,CAPTURED,2026-08-10T17:51:45Z,REF-PAY_F644E450
PAY_4A615C9B,ORD_278D0364,MERCH_045,250000,INR,CAPTURED,2026-08-21T12:41:08Z,REF-PAY_4A615C9B
PAY_30076DE7,ORD_0B4B2362,MERCH_043,154400,INR,CAPTURED,2026-07-12T18:14:14Z,REF-PAY_30076DE7
PAY_EA59AF7E,ORD_0B4B2362,MERCH_043,154400,INR,CAPTURED,2026-07-12T18:14:14Z,REF-PAY_30076DE7
PAY_B3273BE2,ORD_AEB11A64,MERCH_015,476800,INR,CAPTURED,2026-08-20T16:30:34Z,REF-PAY_B3273BE2
PAY_1E079671,ORD_1C52C117,MERCH_019,1607000,INR,CAPTURED,2026-07-04T17:06:16Z,REF-PAY_1E079671
PAY_E9D54706,ORD_45A64554,MERCH_006,863200,INR,CAPTURED,2026-08-03T18:01:35Z,REF-PAY_E9D54706
PAY_5A5FB737,ORD_7367252F,MERCH_016,1938400,INR,CAPTURED,2026-08-24T22:48:22Z,REF-PAY_5A5FB737
PAY_08B95922,ORD_96397ABF,MERCH_036,1473700,INR,CAPTURED,2026-08-18T09:44:11Z,REF-PAY_08B95922
PAY_EE3E407C,ORD_CD59E455,MERCH_043,138100,INR,CAPTURED,2026-08-14T09:49:19Z,REF-PAY_EE3E407C
PAY_1900A95F,ORD_CD59E455,MERCH_043,138100,INR,CAPTURED,2026-08-14T09:49:19Z,REF-PAY_EE3E407C
PAY_225B896B,ORD_D6B89484,MERCH_010,257900,INR,CAPTURED,2026-08-07T07:24:06Z,REF-PAY_225B896B
PAY_0FA3D9AA,ORD_B72595B5,MERCH_029,1534200,INR,CAPTURED,2026-08-29T10:42:47Z,REF-PAY_0FA3D9AA
PAY_3D6842B7,ORD_4A180DCC,MERCH_012,1226900,INR,CAPTURED,2026-07-05T17:17:36Z,REF-PAY_3D6842B7
PAY_8D84E9D0,ORD_D43CD7AF,MERCH_024,1562500,INR,CAPTURED,2026-07-11T04:07:18Z,REF-PAY_8D84E9D0
PAY_13116795,ORD_8CEF68FB,MERCH_024,587900,INR,CAPTURED,2026-08-17T09:43:03Z,REF-PAY_13116795
PAY_C3AA0C9F,ORD_21DB6435,MERCH_048,1429700,INR,CAPTURED,2026-08-16T18:06:58Z,REF-PAY_C3AA0C9F
PAY_685F0FA4,ORD_DDE1E71C,MERCH_020,1501000,INR,CAPTURED,2026-07-08T13:48:13Z,REF-PAY_685F0FA4
PAY_DEF05C1E,ORD_6DC72525,MERCH_018,1886400,INR,CAPTURED,2026-08-21T22:31:55Z,REF-PAY_DEF05C1E
PAY_610866C9,ORD_29CB15F5,MERCH_018,1661300,INR,CAPTURED,2026-08-01T19:50:28Z,REF-PAY_610866C9
PAY_2C7C872F,ORD_CA3C9CD1,MERCH_036,1835100,INR,CAPTURED,2026-07-30T04:07:08Z,REF-PAY_2C7C872F
PAY_FEF94C18,ORD_9335D23D,MERCH_040,141900,INR,CAPTURED,2026-07-14T07:09:21Z,REF-PAY_FEF94C18
PAY_0E565785,ORD_F8D27D95,MERCH_045,265100,INR,CAPTURED,2026-08-28T00:53:26Z,REF-PAY_0E565785
PAY_217DCAD8,ORD_B833CE84,MERCH_049,1931200,INR,CAPTURED,2026-08-12T06:14:18Z,REF-PAY_217DCAD8
PAY_8B058D59,ORD_C9BBCCA8,MERCH_039,1887900,INR,CAPTURED,2026-07-16T00:44:06Z,REF-PAY_8B058D59
PAY_1E76692F,ORD_1369C9DD,MERCH_024,859400,INR,CAPTURED,2026-08-14T04:31:47Z,REF-PAY_1E76692F
PAY_7C1D94C1,ORD_BD688798,MERCH_007,1135700,INR,CAPTURED,2026-07-06T09:42:17Z,REF-PAY_7C1D94C1
PAY_32C450AE,ORD_B7D72D57,MERCH_027,969300,INR,CAPTURED,2026-07-05T17:57:55Z,REF-PAY_32C450AE
PAY_2DB91AB5,ORD_7959DAD2,MERCH_011,1358200,INR,CAPTURED,2026-08-11T21:44:32Z,REF-PAY_2DB91AB5
PAY_0DA4AB7F,ORD_D2D88DEC,MERCH_046,363600,INR,CAPTURED,2026-07-31T04:52:29Z,REF-PAY_0DA4AB7F
PAY_6CF0291C,ORD_5FA2F1E4,MERCH_037,1795500,INR,CAPTURED,2026-08-21T13:44:37Z,REF-PAY_6CF0291C
PAY_DDFAA4A7,ORD_20DBE86A,MERCH_046,1754700,INR,CAPTURED,2026-09-01T03:56:01Z,REF-PAY_DDFAA4A7
PAY_74EEEF90,ORD_3F3C76F1,MERCH_016,1423400,INR,CAPTURED,2026-08-28T19:45:15Z,REF-PAY_74EEEF90
PAY_6B402771,ORD_995A327A,MERCH_016,473200,INR,CAPTURED,2026-08-23T06:36:31Z,REF-PAY_6B402771
PAY_2BE17D12,ORD_10FD61F6,MERCH_006,1966400,INR,CAPTURED,2026-07-25T16:56:40Z,REF-PAY_2BE17D12
PAY_226BF071,ORD_2F24050C,MERCH_010,940300,INR,CAPTURED,2026-07-30T03:46:30Z,REF-PAY_226BF071
PAY_2BF9AF61,ORD_C4D91132,MERCH_041,1142800,INR,CAPTURED,2026-08-09T23:34:26Z,REF-PAY_2BF9AF61
PAY_C3BDC739,ORD_88DC5912,MERCH_048,616800,INR,CAPTURED,2026-07-08T08:34:15Z,REF-PAY_C3BDC739
PAY_397193E8,ORD_9868567B,MERCH_045,1728800,INR,CAPTURED,2026-08-01T18:05:06Z,REF-PAY_397193E8
PAY_4E85E15F,ORD_D8959A0E,MERCH_038,1358200,INR,CAPTURED,2026-07-27T22:16:47Z,REF-PAY_4E85E15F
PAY_5F79AA19,ORD_435E533D,MERCH_012,1360300,INR,CAPTURED,2026-08-01T13:35:25Z,REF-PAY_5F79AA19
PAY_4C16391C,ORD_DCCA3013,MERCH_048,797600,INR,CAPTURED,2026-07-26T23:10:13Z,REF-PAY_4C16391C
PAY_E65FBAF9,ORD_731A9BF2,MERCH_038,1753000,INR,CAPTURED,2026-07-09T17:44:34Z,REF-PAY_E65FBAF9
PAY_2F47EC88,ORD_232D1A99,MERCH_022,423900,INR,CAPTURED,2026-08-12T08:30:30Z,REF-PAY_2F47EC88
PAY_5E0E731F,ORD_E86E4600,MERCH_009,58200,INR,CAPTURED,2026-07-07T19:54:28Z,REF-PAY_5E0E731F
PAY_89CDBC13,ORD_AD8A0169,MERCH_004,371400,INR,CAPTURED,2026-07-31T17:12:07Z,REF-PAY_89CDBC13
PAY_339702A1,ORD_7392BBC6,MERCH_039,151000,INR,CAPTURED,2026-07-12T06:05:17Z,REF-PAY_339702A1
PAY_F0F65646,ORD_77D013D4,MERCH_043,60000000,INR,CAPTURED,2026-08-01T00:25:15Z,REF-PAY_F0F65646
PAY_DD9F9746,ORD_39640EA3,MERCH_001,1033100,INR,CAPTURED,2026-08-22T18:23:53Z,REF-PAY_DD9F9746
PAY_7E6DED5B,ORD_67447C88,MERCH_005,1293400,INR,CAPTURED,2026-07-20T00:39:32Z,REF-PAY_7E6DED5B
PAY_DED69B2F,ORD_17148AC4,MERCH_024,698900,INR,CAPTURED,2026-07-23T08:47:22Z,REF-PAY_DED69B2F
PAY_D0D2FD6A,ORD_9B783168,MERCH_036,1691500,INR,CAPTURED,2026-07-29T17:05:37Z,REF-PAY_D0D2FD6A
PAY_2C0066A6,ORD_0A527326,MERCH_038,1979800,INR,CAPTURED,2026-07-31T09:02:58Z,REF-PAY_2C0066A6
PAY_DB8DC47A,ORD_CC06A763,MERCH_044,26500,INR,CAPTURED,2026-08-06T15:02:25Z,REF-PAY_DB8DC47A
PAY_8F89973D,ORD_ED451B22,MERCH_008,1385900,INR,CAPTURED,2026-07-31T22:23:02Z,REF-PAY_8F89973D
PAY_E387BB67,ORD_DEFD7847,MERCH_025,827400,INR,CAPTURED,2026-08-31T02:03:36Z,REF-PAY_E387BB67
PAY_C6F39986,ORD_800647FE,MERCH_014,927500,INR,CAPTURED,2026-08-26T10:58:44Z,REF-PAY_C6F39986
PAY_001BFF69,ORD_CA68036B,MERCH_049,1196700,INR,CAPTURED,2026-07-20T02:37:12Z,REF-PAY_001BFF69
PAY_455535F7,ORD_DD3BD644,MERCH_006,1791000,INR,CAPTURED,2026-07-07T17:04:39Z,REF-PAY_455535F7
PAY_A80A045C,ORD_EFCCF341,MERCH_017,154300,INR,CAPTURED,2026-08-01T15:18:26Z,REF-PAY_A80A045C
PAY_D0274358,ORD_9EDFE270,MERCH_028,1445000,INR,CAPTURED,2026-07-10T17:13:06Z,REF-PAY_D0274358
PAY_7E58B10B,ORD_02C5A782,MERCH_034,371900,INR,CAPTURED,2026-07-13T04:13:03Z,REF-PAY_7E58B10B
PAY_36EDE9EA,ORD_480E4388,MERCH_012,961500,INR,CAPTURED,2026-08-16T18:20:13Z,REF-PAY_36EDE9EA
PAY_6229C43C,ORD_981CFAB8,MERCH_010,359400,INR,CAPTURED,2026-07-30T23:40:00Z,REF-PAY_6229C43C
PAY_3783CDA3,ORD_CFB1F4C9,MERCH_026,973200,INR,CAPTURED,2026-07-21T12:50:25Z,REF-PAY_3783CDA3
PAY_0C834266,ORD_936DF469,MERCH_048,595300,INR,CAPTURED,2026-07-14T05:44:24Z,REF-PAY_0C834266
PAY_C64E117B,ORD_C1C67174,MERCH_034,18800,INR,CAPTURED,2026-08-29T01:34:34Z,REF-PAY_C64E117B
PAY_34750ED8,ORD_8414D97E,MERCH_031,421500,INR,CAPTURED,2026-07-25T04:43:54Z,REF-PAY_34750ED8
PAY_EA486A9D,ORD_58BA9549,MERCH_048,1275800,INR,CAPTURED,2026-08-10T13:28:23Z,REF-PAY_EA486A9D
PAY_2C7AB3DC,ORD_9C934399,MERCH_024,1811500,INR,CAPTURED,2026-07-22T13:16:31Z,REF-PAY_2C7AB3DC
PAY_BB7E6D16,ORD_154511E2,MERCH_007,386600,INR,CAPTURED,2026-07-07T08:02:36Z,REF-PAY_BB7E6D16
PAY_3C4C323C,ORD_D89F6C7E,MERCH_022,173600,INR,CAPTURED,2026-08-24T18:16:10Z,REF-PAY_3C4C323C
PAY_B6E959C8,ORD_EB18A0F0,MERCH_027,1275500,INR,CAPTURED,2026-08-17T05:24:57Z,REF-PAY_B6E959C8
PAY_7798738B,ORD_DB0BB967,MERCH_011,1160200,INR,CAPTURED,2026-09-01T21:03:59Z,REF-PAY_7798738B
PAY_E1315909,ORD_B09BA27D,MERCH_041,637500,INR,CAPTURED,2026-08-15T12:57:42Z,REF-PAY_E1315909
PAY_76A4082C,ORD_28C689D8,MERCH_049,1650400,INR,CAPTURED,2026-07-29T09:38:07Z,REF-PAY_76A4082C
PAY_75B81F71,ORD_E3086922,MERCH_010,318700,INR,CAPTURED,2026-08-08T02:57:13Z,REF-PAY_75B81F71
PAY_93C256D2,ORD_67BD8BAB,MERCH_035,735200,INR,CAPTURED,2026-07-29T19:48:26Z,REF-PAY_93C256D2
PAY_541D9BD0,ORD_CE9B9F50,MERCH_032,988700,INR,CAPTURED,2026-07-26T06:29:57Z,REF-PAY_541D9BD0
PAY_BF6312C8,ORD_D882C7C3,MERCH_027,181800,INR,CAPTURED,2026-07-24T10:35:17Z,REF-PAY_BF6312C8
PAY_5CC11FEA,ORD_8A39A171,MERCH_044,1295000,INR,CAPTURED,2026-08-16T12:49:03Z,REF-PAY_5CC11FEA
PAY_DB1CEFC3,ORD_1A26A24D,MERCH_033,1219200,INR,CAPTURED,2026-07-25T18:10:34Z,REF-PAY_DB1CEFC3
PAY_BF27DC28,ORD_8CFE54A5,MERCH_009,594000,INR,CAPTURED,2026-07-26T20:06:20Z,REF-PAY_BF27DC28
PAY_961B751A,ORD_6D8E30FB,MERCH_002,1029000,INR,CAPTURED,2026-08-22T17:08:09Z,REF-PAY_961B751A
PAY_09FC953A,ORD_E4A96961,MERCH_013,1630500,INR,CAPTURED,2026-07-19T00:43:42Z,REF-PAY_09FC953A
PAY_8D1AD0F5,ORD_C034E658,MERCH_040,1424200,INR,CAPTURED,2026-07-09T12:22:45Z,REF-PAY_8D1AD0F5
PAY_AA9F0CDC,ORD_81131A5C,MERCH_026,996300,INR,CAPTURED,2026-08-21T13:46:39Z,REF-PAY_AA9F0CDC
PAY_412CB313,ORD_0D9E712B,MERCH_024,802000,INR,CAPTURED,2026-07-13T20:47:20Z,REF-PAY_412CB313
PAY_8473051B,ORD_0D9E712B,MERCH_024,802000,INR,CAPTURED,2026-07-13T20:47:20Z,REF-PAY_412CB313
PAY_0D91BD84,ORD_C3D61437,MERCH_010,372100,INR,CAPTURED,2026-08-19T21:58:26Z,REF-PAY_0D91BD84
PAY_3BFF9235,ORD_9C422CDE,MERCH_047,177000,INR,CAPTURED,2026-07-31T06:36:12Z,REF-PAY_3BFF9235
PAY_C52E9F0D,ORD_9C422CDE,MERCH_047,177000,INR,CAPTURED,2026-07-31T06:36:12Z,REF-PAY_3BFF9235
PAY_D7A5767F,ORD_750C7F41,MERCH_029,696700,INR,CAPTURED,2026-07-13T06:23:49Z,REF-PAY_D7A5767F
PAY_71E09DFE,ORD_4F8F6782,MERCH_012,1950100,INR,CAPTURED,2026-08-15T03:51:56Z,REF-PAY_71E09DFE
PAY_D6CE366E,ORD_7F1FA64E,MERCH_027,1516500,INR,CAPTURED,2026-08-18T16:02:39Z,REF-PAY_D6CE366E
PAY_8928F576,ORD_8FB945C5,MERCH_042,796800,INR,CAPTURED,2026-07-06T16:27:23Z,REF-PAY_8928F576
PAY_B9DCAE1B,ORD_EB8183F3,MERCH_046,546100,INR,CAPTURED,2026-07-20T01:24:21Z,REF-PAY_B9DCAE1B
PAY_57814626,ORD_824A482D,MERCH_045,120300,INR,CAPTURED,2026-07-30T19:18:19Z,REF-PAY_57814626
PAY_84643220,ORD_E710A799,MERCH_012,513700,INR,CAPTURED,2026-08-02T21:44:44Z,REF-PAY_84643220
PAY_BBE40B34,ORD_D64D1E85,MERCH_005,1913600,INR,CAPTURED,2026-07-05T18:32:24Z,REF-PAY_BBE40B34
PAY_E0234F6B,ORD_3B8F10F3,MERCH_024,476900,INR,CAPTURED,2026-07-15T16:03:12Z,REF-PAY_E0234F6B
PAY_4C055F82,ORD_60772DA7,MERCH_043,1718300,INR,CAPTURED,2026-08-22T10:21:46Z,REF-PAY_4C055F82
PAY_E741086F,ORD_AF40705E,MERCH_041,738000,INR,CAPTURED,2026-08-09T00:53:10Z,REF-PAY_E741086F
PAY_8580F507,ORD_C7C1800F,MERCH_012,1171800,INR,CAPTURED,2026-08-04T08:16:30Z,REF-PAY_8580F507
PAY_079A4074,ORD_A076E2A2,MERCH_046,146600,INR,CAPTURED,2026-07-10T17:13:32Z,REF-PAY_079A4074
PAY_325BEB49,ORD_D10E2126,MERCH_018,1085100,INR,CAPTURED,2026-07-03T22:24:04Z,REF-PAY_325BEB49
PAY_3334661D,ORD_48E297BF,MERCH_047,10900,INR,CAPTURED,2026-08-21T09:30:53Z,REF-PAY_3334661D
PAY_BABF7924,ORD_61B1A422,MERCH_040,1462200,INR,CAPTURED,2026-07-27T01:06:59Z,REF-PAY_BABF7924
PAY_A38A9EE9,ORD_F80CD107,MERCH_012,824300,INR,CAPTURED,2026-07-14T18:02:49Z,REF-PAY_A38A9EE9
PAY_E30AA992,ORD_9C9D468A,MERCH_010,654800,INR,CAPTURED,2026-08-12T19:22:48Z,REF-PAY_E30AA992
PAY_CECBC332,ORD_658708CD,MERCH_030,1692100,INR,CAPTURED,2026-07-15T03:43:35Z,REF-PAY_CECBC332
PAY_D982987C,ORD_533703F1,MERCH_040,1247100,INR,CAPTURED,2026-07-26T14:43:11Z,REF-PAY_D982987C
PAY_1A3A2B0B,ORD_A652F59C,MERCH_028,754100,INR,CAPTURED,2026-08-23T12:02:10Z,REF-PAY_1A3A2B0B
PAY_35A82EA9,ORD_84BB0AA4,MERCH_039,711300,INR,CAPTURED,2026-08-04T08:12:55Z,REF-PAY_35A82EA9
PAY_5BA97EC4,ORD_F509227A,MERCH_025,1617100,INR,CAPTURED,2026-08-19T14:42:02Z,REF-PAY_5BA97EC4
PAY_3B2943FB,ORD_108E224F,MERCH_033,481700,INR,CAPTURED,2026-08-13T16:06:26Z,REF-PAY_3B2943FB
PAY_04694CE8,ORD_034D3A53,MERCH_023,904200,INR,CAPTURED,2026-07-14T10:37:22Z,REF-PAY_04694CE8
PAY_F48513F7,ORD_EAD8AA52,MERCH_009,388400,INR,CAPTURED,2026-07-02T09:19:20Z,REF-PAY_F48513F7
PAY_3F646D1D,ORD_7F57C31B,MERCH_002,738100,INR,CAPTURED,2026-08-13T15:29:33Z,REF-PAY_3F646D1D
PAY_A0246BC5,ORD_479B46F5,MERCH_018,686200,INR,CAPTURED,2026-07-31T06:33:36Z,REF-PAY_A0246BC5
PAY_D39DD7C2,ORD_479B46F5,MERCH_018,686200,INR,CAPTURED,2026-07-31T06:33:36Z,REF-PAY_A0246BC5
PAY_45EE70A1,ORD_4FCC6EB8,MERCH_033,193200,INR,CAPTURED,2026-08-16T20:51:04Z,REF-PAY_45EE70A1
PAY_E8C8CA7E,ORD_21927CE1,MERCH_017,1784200,INR,CAPTURED,2026-07-08T23:59:41Z,REF-PAY_E8C8CA7E
PAY_DB904A48,ORD_6C514766,MERCH_038,440200,INR,CAPTURED,2026-08-14T07:12:07Z,REF-PAY_DB904A48
PAY_9CCE342D,ORD_7096C0BD,MERCH_003,588300,INR,CAPTURED,2026-08-07T17:42:49Z,REF-PAY_9CCE342D
PAY_B2BC13CB,ORD_0414AE75,MERCH_022,1140300,INR,CAPTURED,2026-07-26T19:23:34Z,REF-PAY_B2BC13CB
PAY_FACD9E51,ORD_1AC0938F,MERCH_017,814400,INR,CAPTURED,2026-08-04T02:09:21Z,REF-PAY_FACD9E51
PAY_90BB7650,ORD_51BD6002,MERCH_016,1229500,INR,CAPTURED,2026-08-20T20:41:32Z,REF-PAY_90BB7650
PAY_DE132FB3,ORD_7FB4C798,MERCH_033,144800,INR,CAPTURED,2026-08-25T20:54:19Z,REF-PAY_DE132FB3
PAY_BB115B3C,ORD_979A58EB,MERCH_036,1234300,INR,CAPTURED,2026-08-15T14:59:30Z,REF-PAY_BB115B3C
PAY_C6BFD9F7,ORD_979A58EB,MERCH_036,1234300,INR,CAPTURED,2026-08-15T14:59:30Z,REF-PAY_BB115B3C
PAY_B3D9522E,ORD_C7E70308,MERCH_001,1901800,INR,CAPTURED,2026-08-28T12:58:30Z,REF-PAY_B3D9522E
PAY_2FBAAD43,ORD_C7E70308,MERCH_001,1901800,INR,CAPTURED,2026-08-28T12:58:30Z,REF-PAY_B3D9522E
PAY_00F61A7E,ORD_CE8639EC,MERCH_003,1416400,INR,CAPTURED,2026-08-19T21:39:48Z,REF-PAY_00F61A7E
PAY_C82EEA32,ORD_B037BB3F,MERCH_039,30000000,INR,CAPTURED,2026-07-10T14:05:11Z,REF-PAY_C82EEA32
PAY_D5C35E2F,ORD_317D46B7,MERCH_022,1429500,INR,CAPTURED,2026-08-07T01:47:48Z,REF-PAY_D5C35E2F
PAY_922D0BA0,ORD_788A2F00,MERCH_033,769700,INR,CAPTURED,2026-07-29T10:50:29Z,REF-PAY_922D0BA0
PAY_6112358F,ORD_83DB20AE,MERCH_012,1887400,INR,CAPTURED,2026-08-24T05:53:17Z,REF-PAY_6112358F
PAY_DEF05F5F,ORD_379C2019,MERCH_042,595100,INR,CAPTURED,2026-07-31T17:31:29Z,REF-PAY_DEF05F5F
PAY_EB1B943E,ORD_0EE56365,MERCH_042,1532800,INR,CAPTURED,2026-08-01T12:11:35Z,REF-PAY_EB1B943E
PAY_CAAB21CD,ORD_60770201,MERCH_047,1804900,INR,CAPTURED,2026-08-15T18:13:19Z,REF-PAY_CAAB21CD
PAY_3A1FD18E,ORD_30A66962,MERCH_030,1897800,INR,CAPTURED,2026-07-13T13:11:47Z,REF-PAY_3A1FD18E
PAY_5C993800,ORD_2CCE90C1,MERCH_018,131700,INR,CAPTURED,2026-08-15T16:20:12Z,REF-PAY_5C993800
PAY_EE8BFA87,ORD_1812668A,MERCH_015,1866500,INR,CAPTURED,2026-08-18T04:54:13Z,REF-PAY_EE8BFA87
PAY_225AF8D6,ORD_87CD352D,MERCH_030,1011500,INR,CAPTURED,2026-09-01T03:07:12Z,REF-PAY_225AF8D6
PAY_B31BB765,ORD_F77B5B77,MERCH_013,1728000,INR,CAPTURED,2026-08-06T01:49:21Z,REF-PAY_B31BB765
PAY_ED4BBD30,ORD_1868E216,MERCH_027,943500,INR,CAPTURED,2026-07-18T02:58:56Z,REF-PAY_ED4BBD30
PAY_62A2DC0C,ORD_87221C80,MERCH_001,609800,INR,CAPTURED,2026-07-30T16:24:39Z,REF-PAY_62A2DC0C
PAY_16B847B1,ORD_AD479FE3,MERCH_021,791000,INR,CAPTURED,2026-08-26T15:32:43Z,REF-PAY_16B847B1
PAY_9C3E7FE4,ORD_B2278E3D,MERCH_013,460200,INR,CAPTURED,2026-08-12T21:06:52Z,REF-PAY_9C3E7FE4
PAY_336AA436,ORD_487FB9F2,MERCH_030,1624600,INR,CAPTURED,2026-08-16T08:41:48Z,REF-PAY_336AA436
PAY_B4C001DB,ORD_E47DD8CD,MERCH_026,1328400,INR,CAPTURED,2026-08-29T10:12:08Z,REF-PAY_B4C001DB
PAY_F0BF5DD3,ORD_14ED5263,MERCH_008,1476000,INR,CAPTURED,2026-07-29T20:18:23Z,REF-PAY_F0BF5DD3
PAY_FDD1ACE5,ORD_8AD6D53A,MERCH_029,781900,INR,CAPTURED,2026-08-20T09:04:36Z,REF-PAY_FDD1ACE5
PAY_B77F633A,ORD_B56DB573,MERCH_024,217200,INR,CAPTURED,2026-08-16T04:36:45Z,REF-PAY_B77F633A
PAY_3EB61398,ORD_DD78FF9F,MERCH_039,358700,INR,CAPTURED,2026-07-22T20:21:51Z,REF-PAY_3EB61398
PAY_7AD947CA,ORD_EDA69AE1,MERCH_044,821000,INR,CAPTURED,2026-08-26T03:52:02Z,REF-PAY_7AD947CA
PAY_BF13DD55,ORD_76AC4945,MERCH_014,825100,INR,CAPTURED,2026-07-10T02:36:36Z,REF-PAY_BF13DD55
PAY_54B35BB7,ORD_B4F38F32,MERCH_015,1566700,INR,CAPTURED,2026-07-05T03:50:36Z,REF-PAY_54B35BB7
PAY_2DD25AAD,ORD_5ACDB11E,MERCH_024,253000,INR,CAPTURED,2026-08-03T06:25:54Z,REF-PAY_2DD25AAD
PAY_0036C02E,ORD_872014D4,MERCH_012,1412300,INR,CAPTURED,2026-08-07T10:51:14Z,REF-PAY_0036C02E
PAY_B80EE1E0,ORD_9FD30FD6,MERCH_017,1762700,INR,CAPTURED,2026-07-11T11:31:54Z,REF-PAY_B80EE1E0
PAY_F9C99E0F,ORD_3062E0FC,MERCH_027,1191800,INR,CAPTURED,2026-07-14T19:02:08Z,REF-PAY_F9C99E0F
PAY_6098CCC8,ORD_3062E0FC,MERCH_027,1191800,INR,CAPTURED,2026-07-14T19:02:08Z,REF-PAY_F9C99E0F
PAY_D6ECCAB8,ORD_7300F1AF,MERCH_038,1773700,INR,CAPTURED,2026-07-10T00:54:51Z,REF-PAY_D6ECCAB8
PAY_CF1EA941,ORD_92BF1E45,MERCH_008,342400,INR,CAPTURED,2026-07-30T17:29:18Z,REF-PAY_CF1EA941
PAY_F00AB4FE,ORD_3DF28077,MERCH_048,1626500,INR,CAPTURED,2026-08-25T08:59:52Z,REF-PAY_F00AB4FE
PAY_77F60B02,ORD_5612792C,MERCH_045,1040800,INR,CAPTURED,2026-08-22T19:48:28Z,REF-PAY_77F60B02
PAY_0552B3F8,ORD_9E8B32C8,MERCH_044,807800,INR,CAPTURED,2026-08-05T10:28:59Z,REF-PAY_0552B3F8
PAY_5168CEC9,ORD_9E8B32C8,MERCH_044,807800,INR,CAPTURED,2026-08-05T10:28:59Z,REF-PAY_0552B3F8
PAY_752C377B,ORD_FD232D9A,MERCH_010,589400,INR,CAPTURED,2026-07-08T20:55:35Z,REF-PAY_752C377B
PAY_AF5828F0,ORD_14731193,MERCH_039,357900,INR,CAPTURED,2026-08-16T22:24:47Z,REF-PAY_AF5828F0
PAY_556C477A,ORD_2A57ECB7,MERCH_006,350800,INR,CAPTURED,2026-08-11T00:14:51Z,REF-PAY_556C477A
PAY_6DCE90C8,ORD_644ED394,MERCH_039,1412100,INR,CAPTURED,2026-08-05T20:49:49Z,REF-PAY_6DCE90C8
PAY_5B637614,ORD_2E36EE24,MERCH_016,84200,INR,CAPTURED,2026-07-18T00:25:56Z,REF-PAY_5B637614
PAY_BF5345B4,ORD_F60DC804,MERCH_002,1739900,INR,CAPTURED,2026-07-13T13:46:05Z,REF-PAY_BF5345B4
PAY_3CA0B6AA,ORD_037E9533,MERCH_013,253400,INR,CAPTURED,2026-08-26T14:15:40Z,REF-PAY_3CA0B6AA
PAY_B0C5532A,ORD_646D612D,MERCH_020,1043700,INR,CAPTURED,2026-07-18T12:35:34Z,REF-PAY_B0C5532A
PAY_FE387322,ORD_0927BC88,MERCH_007,342800,INR,CAPTURED,2026-08-05T11:37:39Z,REF-PAY_FE387322
PAY_2F9BE118,ORD_7A00C68C,MERCH_037,1359200,INR,CAPTURED,2026-07-18T03:34:51Z,REF-PAY_2F9BE118
PAY_B9E04DCB,ORD_0CD5BE4F,MERCH_030,1978400,INR,CAPTURED,2026-07-22T09:38:09Z,REF-PAY_B9E04DCB
PAY_7D488D44,ORD_0696B214,MERCH_022,468900,INR,CAPTURED,2026-08-04T21:36:16Z,REF-PAY_7D488D44
PAY_DD50E6BF,ORD_7B88BA92,MERCH_047,1001300,INR,CAPTURED,2026-07-07T06:53:27Z,REF-PAY_DD50E6BF
PAY_6288C62D,ORD_9A058A22,MERCH_030,1922100,INR,CAPTURED,2026-08-26T22:46:31Z,REF-PAY_6288C62D
PAY_AE40E73F,ORD_10EAB00E,MERCH_028,495100,INR,CAPTURED,2026-08-10T15:22:41Z,REF-PAY_AE40E73F
PAY_C1B9F082,ORD_F80712AB,MERCH_009,866800,INR,CAPTURED,2026-08-07T12:42:18Z,REF-PAY_C1B9F082
PAY_24D85BD9,ORD_39C32BB8,MERCH_022,36100,INR,CAPTURED,2026-07-01T05:14:47Z,REF-PAY_24D85BD9
PAY_0A668595,ORD_A26B6546,MERCH_008,1640800,INR,CAPTURED,2026-07-13T00:04:21Z,REF-PAY_0A668595
PAY_E8A68C90,ORD_D3602FB3,MERCH_014,318800,INR,CAPTURED,2026-07-26T12:49:18Z,REF-PAY_E8A68C90
PAY_30BD1064,ORD_C2A7FE2A,MERCH_018,1588400,INR,CAPTURED,2026-08-07T23:55:23Z,REF-PAY_30BD1064
PAY_3A185FE4,ORD_CAA2C3E1,MERCH_023,34700,INR,CAPTURED,2026-08-02T04:36:38Z,REF-PAY_3A185FE4
PAY_AC52CA6F,ORD_A4E439B8,MERCH_030,63200,INR,CAPTURED,2026-08-25T13:58:41Z,REF-PAY_AC52CA6F
PAY_E66B6FE4,ORD_A4E439B8,MERCH_030,63200,INR,CAPTURED,2026-08-25T13:58:41Z,REF-PAY_AC52CA6F
PAY_0F269C9B,ORD_CA6BE3D0,MERCH_029,91400,INR,CAPTURED,2026-08-20T06:25:10Z,REF-PAY_0F269C9B
PAY_02A2E5FB,ORD_B02FCE16,MERCH_018,1034300,INR,CAPTURED,2026-08-22T09:12:56Z,REF-PAY_02A2E5FB
PAY_383CA960,ORD_A103BAC8,MERCH_035,946000,INR,CAPTURED,2026-07-08T06:11:18Z,REF-PAY_383CA960
PAY_BA466622,ORD_4D6CD33A,MERCH_020,1612100,INR,CAPTURED,2026-08-04T09:17:48Z,REF-PAY_BA466622
PAY_26A9D3F8,ORD_81815954,MERCH_033,747300,INR,CAPTURED,2026-07-20T01:16:02Z,REF-PAY_26A9D3F8
PAY_151722CA,ORD_94226D1B,MERCH_027,1572900,INR,CAPTURED,2026-07-08T21:25:18Z,REF-PAY_151722CA
PAY_7DE0A2AF,ORD_7464EA98,MERCH_030,1301500,INR,CAPTURED,2026-08-17T00:30:01Z,REF-PAY_7DE0A2AF
PAY_D6FC5F3E,ORD_AE3F259E,MERCH_045,356500,INR,CAPTURED,2026-08-22T23:32:29Z,REF-PAY_D6FC5F3E
PAY_E9AB15EF,ORD_89807143,MERCH_041,1809100,INR,CAPTURED,2026-08-17T20:15:27Z,REF-PAY_E9AB15EF
PAY_8D888C88,ORD_4FFE6A2D,MERCH_044,1108000,INR,CAPTURED,2026-08-31T17:38:30Z,REF-PAY_8D888C88
PAY_231DC0FC,ORD_B254635B,MERCH_023,1011400,INR,CAPTURED,2026-08-03T18:14:37Z,REF-PAY_231DC0FC
PAY_869657D8,ORD_D49E3A26,MERCH_007,50900,INR,CAPTURED,2026-07-04T17:59:17Z,REF-PAY_869657D8
PAY_9D4F366F,ORD_F80457C2,MERCH_031,796400,INR,CAPTURED,2026-07-29T23:44:33Z,REF-PAY_9D4F366F
PAY_6DF8169B,ORD_F8A97114,MERCH_044,1886800,INR,CAPTURED,2026-07-05T14:36:41Z,REF-PAY_6DF8169B
PAY_F5FE5CB5,ORD_5CD77740,MERCH_016,440400,INR,CAPTURED,2026-08-31T14:18:28Z,REF-PAY_F5FE5CB5
PAY_C3896F8E,ORD_8DD69617,MERCH_028,1473000,INR,CAPTURED,2026-08-10T16:55:35Z,REF-PAY_C3896F8E
PAY_4B8AFF65,ORD_81AB6B16,MERCH_022,1162000,INR,CAPTURED,2026-07-28T03:10:44Z,REF-PAY_4B8AFF65
PAY_B27E1280,ORD_8B2B4A74,MERCH_047,1249200,INR,CAPTURED,2026-07-30T23:57:31Z,REF-PAY_B27E1280
PAY_E6A07643,ORD_D77B3D0A,MERCH_035,1519800,INR,CAPTURED,2026-08-06T10:48:10Z,REF-PAY_E6A07643
PAY_B5026376,ORD_30EC7389,MERCH_010,908900,INR,CAPTURED,2026-08-22T04:59:42Z,REF-PAY_B5026376
PAY_5D09DC10,ORD_1158D517,MERCH_048,165700,INR,CAPTURED,2026-07-28T14:35:17Z,REF-PAY_5D09DC10
PAY_ED9C95FD,ORD_FE5606DC,MERCH_048,890400,INR,CAPTURED,2026-07-24T22:28:56Z,REF-PAY_ED9C95FD
PAY_C78C8BEF,ORD_B433FAAE,MERCH_027,186900,INR,CAPTURED,2026-08-31T14:22:55Z,REF-PAY_C78C8BEF
PAY_2BB33B4B,ORD_D373D238,MERCH_028,15000000,INR,CAPTURED,2026-07-12T09:42:50Z,REF-PAY_2BB33B4B
PAY_B78139C1,ORD_F54FE8EC,MERCH_022,284100,INR,CAPTURED,2026-08-21T07:38:06Z,REF-PAY_B78139C1
PAY_EFD00A36,ORD_1B23C499,MERCH_039,1103600,INR,CAPTURED,2026-07-30T18:41:56Z,REF-PAY_EFD00A36
PAY_74D7C30E,ORD_5C55570F,MERCH_024,331800,INR,CAPTURED,2026-08-11T02:21:04Z,REF-PAY_74D7C30E
PAY_B7C7F1C5,ORD_2079B8C1,MERCH_015,1491100,INR,CAPTURED,2026-07-01T05:58:00Z,REF-PAY_B7C7F1C5
PAY_77AC07E7,ORD_3BCE220B,MERCH_028,823700,INR,CAPTURED,2026-07-21T03:20:30Z,REF-PAY_77AC07E7
PAY_1166566D,ORD_7D196DF5,MERCH_035,275500,INR,CAPTURED,2026-08-20T20:14:21Z,REF-PAY_1166566D
PAY_32FE1E37,ORD_96EF7D2A,MERCH_004,1191100,INR,CAPTURED,2026-08-09T10:20:38Z,REF-PAY_32FE1E37
PAY_801582F9,ORD_5FA792E6,MERCH_042,1276500,INR,CAPTURED,2026-07-05T21:53:18Z,REF-PAY_801582F9
PAY_091BCB52,ORD_F5C31617,MERCH_016,1819800,INR,CAPTURED,2026-08-26T21:49:52Z,REF-PAY_091BCB52
PAY_ABEC3B29,ORD_5EBD2A45,MERCH_040,253300,INR,CAPTURED,2026-07-10T22:31:38Z,REF-PAY_ABEC3B29
PAY_29B5C4C0,ORD_34BB9197,MERCH_034,58000,INR,CAPTURED,2026-07-16T14:47:03Z,REF-PAY_29B5C4C0
PAY_F7EF4925,ORD_070BA4A1,MERCH_027,1045200,INR,CAPTURED,2026-07-22T20:07:14Z,REF-PAY_F7EF4925
PAY_0199B398,ORD_532E34F9,MERCH_028,1316400,INR,CAPTURED,2026-07-30T03:05:39Z,REF-PAY_0199B398
PAY_5494BE4D,ORD_F873E132,MERCH_045,1145800,INR,CAPTURED,2026-07-06T07:05:24Z,REF-PAY_5494BE4D
PAY_3624C6B9,ORD_3A31ED42,MERCH_018,319600,INR,CAPTURED,2026-07-17T05:48:15Z,REF-PAY_3624C6B9
PAY_6563CC3D,ORD_E051EC79,MERCH_015,378000,INR,CAPTURED,2026-07-21T15:00:31Z,REF-PAY_6563CC3D
PAY_388618C6,ORD_C648FDBD,MERCH_017,1636900,INR,CAPTURED,2026-07-31T09:52:09Z,REF-PAY_388618C6
PAY_230082D5,ORD_5569C15E,MERCH_045,235100,INR,CAPTURED,2026-07-10T15:44:22Z,REF-PAY_230082D5
PAY_C3F504D9,ORD_E9C5E906,MERCH_044,1688100,INR,CAPTURED,2026-08-09T16:27:10Z,REF-PAY_C3F504D9
PAY_849C676F,ORD_ECDB84D1,MERCH_037,535700,INR,CAPTURED,2026-08-28T03:00:27Z,REF-PAY_849C676F
PAY_29678FCB,ORD_AA8B4D36,MERCH_035,225100,INR,CAPTURED,2026-07-05T15:14:45Z,REF-PAY_29678FCB
PAY_ACB1CE8D,ORD_EC8A43C9,MERCH_046,19100,INR,CAPTURED,2026-08-25T17:17:20Z,REF-PAY_ACB1CE8D
PAY_67B18F06,ORD_AD001D30,MERCH_029,1604100,INR,CAPTURED,2026-07-04T09:58:00Z,REF-PAY_67B18F06
PAY_32245293,ORD_CC9EC181,MERCH_048,972500,INR,CAPTURED,2026-07-09T03:16:24Z,REF-PAY_32245293
PAY_1E512E88,ORD_1D2272EE,MERCH_021,1835900,INR,CAPTURED,2026-07-11T23:09:06Z,REF-PAY_1E512E88
PAY_94162D5F,ORD_133C1552,MERCH_046,495900,INR,CAPTURED,2026-07-14T06:45:47Z,REF-PAY_94162D5F
PAY_6F786FE4,ORD_A2E548CC,MERCH_010,196000,INR,CAPTURED,2026-07-02T00:40:58Z,REF-PAY_6F786FE4
PAY_31E673E1,ORD_14DACC6A,MERCH_010,156200,INR,CAPTURED,2026-08-23T10:01:03Z,REF-PAY_31E673E1
PAY_279E0917,ORD_14DACC6A,MERCH_010,156200,INR,CAPTURED,2026-08-23T10:01:03Z,REF-PAY_31E673E1
PAY_DC05E5CB,ORD_22F55C33,MERCH_045,1947400,INR,CAPTURED,2026-08-13T19:07:07Z,REF-PAY_DC05E5CB
PAY_B502C596,ORD_8A5DD16A,MERCH_035,1195200,INR,CAPTURED,2026-07-28T18:56:05Z,REF-PAY_B502C596
PAY_147E8CEA,ORD_C1E8CB6B,MERCH_046,74500,INR,CAPTURED,2026-07-28T19:54:44Z,REF-PAY_147E8CEA
PAY_D3B95910,ORD_56F2321A,MERCH_038,998200,INR,CAPTURED,2026-08-09T01:09:50Z,REF-PAY_D3B95910
PAY_D061C5E3,ORD_456C02AA,MERCH_046,1362800,INR,CAPTURED,2026-08-11T04:33:32Z,REF-PAY_D061C5E3
PAY_E0ED0401,ORD_B895208F,MERCH_003,1232600,INR,CAPTURED,2026-09-01T08:04:33Z,REF-PAY_E0ED0401
PAY_A949E8FD,ORD_B895208F,MERCH_003,1232600,INR,CAPTURED,2026-09-01T08:04:33Z,REF-PAY_E0ED0401
PAY_FC0B564B,ORD_9195FC7B,MERCH_042,965800,INR,CAPTURED,2026-08-08T06:12:51Z,REF-PAY_FC0B564B
PAY_30C3175B,ORD_664EB7DE,MERCH_006,135800,INR,CAPTURED,2026-08-02T07:22:27Z,REF-PAY_30C3175B
PAY_28281246,ORD_E981AA01,MERCH_047,1509300,INR,CAPTURED,2026-08-03T22:03:48Z,REF-PAY_28281246
PAY_4A2BA643,ORD_E981AA01,MERCH_047,1509300,INR,CAPTURED,2026-08-03T22:03:48Z,REF-PAY_28281246
PAY_A80AC99A,ORD_B07727BF,MERCH_025,1377100,INR,CAPTURED,2026-07-24T00:33:27Z,REF-PAY_A80AC99A
PAY_EDB1785D,ORD_5B1D28CC,MERCH_018,1734500,INR,CAPTURED,2026-08-25T15:47:30Z,REF-PAY_EDB1785D
PAY_F89DDB39,ORD_E1DDACB7,MERCH_039,22400,INR,CAPTURED,2026-08-05T08:44:51Z,REF-PAY_F89DDB39
PAY_A88976BE,ORD_3029B27A,MERCH_024,440200,INR,CAPTURED,2026-08-17T10:56:35Z,REF-PAY_A88976BE
PAY_F113FD80,ORD_DCFA2D90,MERCH_033,780200,INR,CAPTURED,2026-08-15T16:41:34Z,REF-PAY_F113FD80
PAY_7E972B83,ORD_70D4805D,MERCH_015,1726100,INR,CAPTURED,2026-08-18T14:01:38Z,REF-PAY_7E972B83
PAY_1B558391,ORD_D32A2157,MERCH_005,733200,INR,CAPTURED,2026-07-11T17:13:22Z,REF-PAY_1B558391
PAY_16B94144,ORD_5E29017A,MERCH_014,1594400,INR,CAPTURED,2026-08-13T11:10:08Z,REF-PAY_16B94144
PAY_4234047B,ORD_5D9D4F90,MERCH_009,1643300,INR,CAPTURED,2026-08-28T13:13:02Z,REF-PAY_4234047B
PAY_75636BE3,ORD_BAA1A08B,MERCH_022,1628100,INR,CAPTURED,2026-07-26T01:09:50Z,REF-PAY_75636BE3
PAY_82DB19A5,ORD_3E92A5A9,MERCH_003,1855200,INR,CAPTURED,2026-08-22T23:18:31Z,REF-PAY_82DB19A5
PAY_FA266017,ORD_9FE68075,MERCH_016,1159500,INR,CAPTURED,2026-07-20T20:32:22Z,REF-PAY_FA266017
PAY_523E767E,ORD_2992CFC0,MERCH_017,1674900,INR,CAPTURED,2026-07-25T13:07:27Z,REF-PAY_523E767E
PAY_7C9DED9E,ORD_15DF59A7,MERCH_018,888500,INR,CAPTURED,2026-07-15T00:43:11Z,REF-PAY_7C9DED9E
PAY_66E585C8,ORD_1BEC3321,MERCH_001,797600,INR,CAPTURED,2026-07-10T02:05:46Z,REF-PAY_66E585C8
PAY_F6A10AA7,ORD_17ED72F1,MERCH_009,1453100,INR,CAPTURED,2026-07-04T02:08:50Z,REF-PAY_F6A10AA7
PAY_96B85007,ORD_5D342E96,MERCH_030,15000000,INR,CAPTURED,2026-08-14T22:20:33Z,REF-PAY_96B85007
PAY_846A9FD6,ORD_477FB723,MERCH_016,1992700,INR,CAPTURED,2026-08-07T09:43:59Z,REF-PAY_846A9FD6
PAY_E9E2DB6F,ORD_966F7035,MERCH_019,781300,INR,CAPTURED,2026-08-06T14:02:15Z,REF-PAY_E9E2DB6F
PAY_1635C7B6,ORD_B2521E20,MERCH_039,60000000,INR,CAPTURED,2026-07-22T10:52:55Z,REF-PAY_1635C7B6
PAY_9E54F70E,ORD_3327A596,MERCH_043,1109100,INR,CAPTURED,2026-08-09T04:15:04Z,REF-PAY_9E54F70E
PAY_6BA5B14E,ORD_1A8AEE0A,MERCH_033,441300,INR,CAPTURED,2026-07-05T22:29:07Z,REF-PAY_6BA5B14E
PAY_AA111B0C,ORD_39382E7B,MERCH_044,1349000,INR,CAPTURED,2026-08-19T10:56:41Z,REF-PAY_AA111B0C
PAY_7870683E,ORD_4005A731,MERCH_022,595600,INR,CAPTURED,2026-07-29T19:05:41Z,REF-PAY_7870683E
PAY_01EFF815,ORD_4005A731,MERCH_022,595600,INR,CAPTURED,2026-07-29T19:05:41Z,REF-PAY_7870683E
PAY_530C523C,ORD_32F4325E,MERCH_015,1479100,INR,CAPTURED,2026-08-18T15:07:10Z,REF-PAY_530C523C
PAY_94CD96E7,ORD_CA66B95D,MERCH_041,1042500,INR,CAPTURED,2026-08-08T08:14:04Z,REF-PAY_94CD96E7
PAY_A5C1FBBE,ORD_2D3A4693,MERCH_032,1403400,INR,CAPTURED,2026-07-11T01:06:35Z,REF-PAY_A5C1FBBE
PAY_F2EEBACD,ORD_5FB70F10,MERCH_010,1197800,INR,CAPTURED,2026-07-27T18:47:21Z,REF-PAY_F2EEBACD
PAY_75C6187E,ORD_38B0BEE0,MERCH_028,1194100,INR,CAPTURED,2026-08-05T20:16:32Z,REF-PAY_75C6187E
PAY_34102936,ORD_99CDB186,MERCH_034,218200,INR,CAPTURED,2026-08-03T14:25:53Z,REF-PAY_34102936
PAY_B25E77B7,ORD_2219C69A,MERCH_020,995600,INR,CAPTURED,2026-07-05T20:41:42Z,REF-PAY_B25E77B7
PAY_F9A44491,ORD_C0BE5057,MERCH_026,1461700,INR,CAPTURED,2026-08-12T02:37:07Z,REF-PAY_F9A44491
PAY_1986247F,ORD_04DB143D,MERCH_040,1129700,INR,CAPTURED,2026-07-20T09:10:45Z,REF-PAY_1986247F
PAY_FB9CF4C0,ORD_AD3C2BB9,MERCH_005,305000,INR,CAPTURED,2026-08-10T05:16:27Z,REF-PAY_FB9CF4C0
PAY_BADEC238,ORD_757DBE66,MERCH_033,1394000,INR,CAPTURED,2026-08-13T17:28:10Z,REF-PAY_BADEC238
PAY_F338F510,ORD_CBA9DCE1,MERCH_037,874600,INR,CAPTURED,2026-08-15T03:15:00Z,REF-PAY_F338F510
PAY_C5F5F0F1,ORD_05410250,MERCH_024,1015300,INR,CAPTURED,2026-07-18T05:42:53Z,REF-PAY_C5F5F0F1
PAY_9DEF34B7,ORD_D8130014,MERCH_009,374100,INR,CAPTURED,2026-09-01T17:25:25Z,REF-PAY_9DEF34B7
PAY_1206D9B9,ORD_F6993C4D,MERCH_024,981200,INR,CAPTURED,2026-08-15T05:23:17Z,REF-PAY_1206D9B9
PAY_F84910A0,ORD_0E802F86,MERCH_041,1241500,INR,CAPTURED,2026-08-31T04:28:27Z,REF-PAY_F84910A0
PAY_AC05120B,ORD_6F4E400C,MERCH_005,1085100,INR,CAPTURED,2026-07-22T23:04:10Z,REF-PAY_AC05120B
PAY_ED12A743,ORD_632DB8A1,MERCH_003,927300,INR,CAPTURED,2026-07-15T23:43:08Z,REF-PAY_ED12A743
PAY_858AEF59,ORD_E6A71D13,MERCH_046,928700,INR,CAPTURED,2026-07-18T09:54:06Z,REF-PAY_858AEF59
PAY_99CB8ECC,ORD_2F4980C5,MERCH_038,1712500,INR,CAPTURED,2026-07-23T22:53:14Z,REF-PAY_99CB8ECC
PAY_4DD92F9F,ORD_B951EB4F,MERCH_018,943000,INR,CAPTURED,2026-07-11T01:21:04Z,REF-PAY_4DD92F9F
PAY_520E9889,ORD_91D69F2F,MERCH_005,426400,INR,CAPTURED,2026-07-02T20:09:59Z,REF-PAY_520E9889
PAY_9FA8F280,ORD_7422F848,MERCH_016,153700,INR,CAPTURED,2026-07-02T22:33:06Z,REF-PAY_9FA8F280
PAY_BCE21003,ORD_C99FF979,MERCH_015,672400,INR,CAPTURED,2026-07-31T14:02:35Z,REF-PAY_BCE21003
PAY_1C2B5D20,ORD_27400183,MERCH_022,1592100,INR,CAPTURED,2026-09-01T13:11:43Z,REF-PAY_1C2B5D20
PAY_911FFC79,ORD_02564BA7,MERCH_032,1150900,INR,CAPTURED,2026-07-13T07:29:10Z,REF-PAY_911FFC79
PAY_BA918855,ORD_6E8F8333,MERCH_024,275900,INR,CAPTURED,2026-08-27T05:43:22Z,REF-PAY_BA918855
PAY_C8F16E89,ORD_2AB4B31D,MERCH_027,899800,INR,CAPTURED,2026-07-17T13:44:07Z,REF-PAY_C8F16E89
PAY_1E0A8656,ORD_7D40006E,MERCH_010,458400,INR,CAPTURED,2026-08-30T21:14:36Z,REF-PAY_1E0A8656
PAY_BC816A21,ORD_3593CA89,MERCH_035,537600,INR,CAPTURED,2026-07-03T10:45:18Z,REF-PAY_BC816A21
PAY_3789C4E3,ORD_888902E1,MERCH_029,1676400,INR,CAPTURED,2026-07-23T20:38:02Z,REF-PAY_3789C4E3
PAY_41A2A82A,ORD_EAF3051E,MERCH_011,728700,INR,CAPTURED,2026-07-23T15:22:16Z,REF-PAY_41A2A82A
PAY_142305F5,ORD_5DBEB8F7,MERCH_032,1709100,INR,CAPTURED,2026-08-21T06:41:06Z,REF-PAY_142305F5
PAY_0128F946,ORD_0CB566A9,MERCH_044,1381100,INR,CAPTURED,2026-08-14T16:08:11Z,REF-PAY_0128F946
PAY_58913703,ORD_62313A19,MERCH_011,1221600,INR,CAPTURED,2026-07-20T18:01:40Z,REF-PAY_58913703
PAY_B1E8BD5E,ORD_DB5DF855,MERCH_029,1744300,INR,CAPTURED,2026-08-05T01:37:31Z,REF-PAY_B1E8BD5E
PAY_5C1B0D90,ORD_9F1E9B5E,MERCH_048,521000,INR,CAPTURED,2026-08-11T22:36:14Z,REF-PAY_5C1B0D90
PAY_247962E8,ORD_CDE7B1D2,MERCH_035,891300,INR,CAPTURED,2026-08-13T12:23:43Z,REF-PAY_247962E8
PAY_BA667E38,ORD_D96748A9,MERCH_022,575600,INR,CAPTURED,2026-07-30T11:26:51Z,REF-PAY_BA667E38
PAY_61421ED7,ORD_2069511A,MERCH_044,1830300,INR,CAPTURED,2026-08-16T08:19:09Z,REF-PAY_61421ED7
PAY_BD1C0D2E,ORD_1B8EEF8D,MERCH_009,430700,INR,CAPTURED,2026-08-05T10:33:02Z,REF-PAY_BD1C0D2E
PAY_5CE99C0A,ORD_A3CB2F2E,MERCH_041,641000,INR,CAPTURED,2026-08-18T06:45:37Z,REF-PAY_5CE99C0A
PAY_B93B93D8,ORD_C13CFF2D,MERCH_007,633100,INR,CAPTURED,2026-08-06T00:57:08Z,REF-PAY_B93B93D8
PAY_6A2D1293,ORD_0C801322,MERCH_045,683000,INR,CAPTURED,2026-07-31T09:33:07Z,REF-PAY_6A2D1293
PAY_4FC02E0E,ORD_DE132612,MERCH_013,207200,INR,CAPTURED,2026-07-13T10:39:00Z,REF-PAY_4FC02E0E
PAY_104CB602,ORD_9FD0E600,MERCH_010,1060600,INR,CAPTURED,2026-08-11T00:18:14Z,REF-PAY_104CB602
PAY_E2D82E78,ORD_CA3127C3,MERCH_038,764100,INR,CAPTURED,2026-08-10T04:30:11Z,REF-PAY_E2D82E78
PAY_BCA07743,ORD_6B020A0D,MERCH_008,1753800,INR,CAPTURED,2026-07-10T05:55:03Z,REF-PAY_BCA07743
PAY_904B2F44,ORD_4E3D5178,MERCH_026,1210400,INR,CAPTURED,2026-07-15T10:27:37Z,REF-PAY_904B2F44
PAY_8B385EB7,ORD_434F19F2,MERCH_008,738400,INR,CAPTURED,2026-07-29T11:18:40Z,REF-PAY_8B385EB7
PAY_068E0995,ORD_CEA8AAA1,MERCH_016,1661200,INR,CAPTURED,2026-07-16T00:44:32Z,REF-PAY_068E0995
PAY_77982550,ORD_BB2E237D,MERCH_037,994700,INR,CAPTURED,2026-09-01T16:52:05Z,REF-PAY_77982550
PAY_61DADBC0,ORD_FB4C5A35,MERCH_044,252400,INR,CAPTURED,2026-08-08T21:27:39Z,REF-PAY_61DADBC0
PAY_962F7014,ORD_76C7E319,MERCH_042,626400,INR,CAPTURED,2026-08-18T12:24:42Z,REF-PAY_962F7014
PAY_DEDA3F1D,ORD_F4835C55,MERCH_043,35800,INR,CAPTURED,2026-07-26T18:35:39Z,REF-PAY_DEDA3F1D
PAY_610DB5BB,ORD_D0BCF1D3,MERCH_031,828500,INR,CAPTURED,2026-07-09T02:11:29Z,REF-PAY_610DB5BB
PAY_0DADAEB5,ORD_66A2633E,MERCH_038,478200,INR,CAPTURED,2026-07-30T20:44:06Z,REF-PAY_0DADAEB5
PAY_2777349D,ORD_3B86C9A3,MERCH_007,1544000,INR,CAPTURED,2026-07-07T00:09:35Z,REF-PAY_2777349D
PAY_90E4A437,ORD_0AE4D4F4,MERCH_030,1778700,INR,CAPTURED,2026-07-05T05:02:58Z,REF-PAY_90E4A437
PAY_1B58DC14,ORD_8CEBE6B9,MERCH_006,1780200,INR,CAPTURED,2026-08-10T00:42:33Z,REF-PAY_1B58DC14
PAY_8FFC2399,ORD_8CEBE6B9,MERCH_006,1780200,INR,CAPTURED,2026-08-10T00:42:33Z,REF-PAY_1B58DC14
PAY_86EA5A63,ORD_7AB7CFF3,MERCH_034,1319600,INR,CAPTURED,2026-08-24T22:01:15Z,REF-PAY_86EA5A63
PAY_8660B292,ORD_C6272B52,MERCH_011,1034500,INR,CAPTURED,2026-07-05T14:20:02Z,REF-PAY_8660B292
PAY_34112552,ORD_4A58ADD6,MERCH_009,1973400,INR,CAPTURED,2026-08-06T14:41:42Z,REF-PAY_34112552
PAY_C9AEB3BA,ORD_72A533FC,MERCH_026,338400,INR,CAPTURED,2026-07-05T21:22:52Z,REF-PAY_C9AEB3BA
PAY_267521F7,ORD_6D24A051,MERCH_041,1250200,INR,CAPTURED,2026-08-22T15:55:45Z,REF-PAY_267521F7
PAY_D6AB375A,ORD_7E6EE6F1,MERCH_028,1648100,INR,CAPTURED,2026-08-05T12:31:56Z,REF-PAY_D6AB375A
PAY_326B73FE,ORD_66151793,MERCH_035,448300,INR,CAPTURED,2026-08-17T10:22:31Z,REF-PAY_326B73FE
PAY_23AEA66E,ORD_10E56493,MERCH_017,518100,INR,CAPTURED,2026-07-28T22:48:00Z,REF-PAY_23AEA66E
PAY_F8943C0A,ORD_9CBC180A,MERCH_002,842900,INR,CAPTURED,2026-08-04T10:57:34Z,REF-PAY_F8943C0A
PAY_CA45E022,ORD_7FD05D6A,MERCH_002,138900,INR,CAPTURED,2026-07-26T20:22:20Z,REF-PAY_CA45E022
PAY_9492B0D1,ORD_C130E849,MERCH_038,151900,INR,CAPTURED,2026-07-18T10:22:57Z,REF-PAY_9492B0D1
PAY_5626F0DA,ORD_A16EC481,MERCH_018,809000,INR,CAPTURED,2026-07-16T23:38:31Z,REF-PAY_5626F0DA
PAY_7DAFD7AC,ORD_11E5E1F9,MERCH_031,374600,INR,CAPTURED,2026-07-09T22:54:05Z,REF-PAY_7DAFD7AC
PAY_A188CFFC,ORD_F679B9A4,MERCH_011,1939800,INR,CAPTURED,2026-08-10T18:54:27Z,REF-PAY_A188CFFC
PAY_7C34C3A4,ORD_B366D7AC,MERCH_017,1730300,INR,CAPTURED,2026-08-21T07:33:02Z,REF-PAY_7C34C3A4
PAY_7AF403A4,ORD_0124D12F,MERCH_035,957800,INR,CAPTURED,2026-07-27T18:40:03Z,REF-PAY_7AF403A4
PAY_5A7CC10E,ORD_EDFCDCE5,MERCH_043,1281200,INR,CAPTURED,2026-07-19T01:41:01Z,REF-PAY_5A7CC10E
PAY_ACC70383,ORD_5BD5CCDB,MERCH_017,1027600,INR,CAPTURED,2026-08-01T03:21:41Z,REF-PAY_ACC70383
PAY_B3B90249,ORD_0C310E12,MERCH_004,1157600,INR,CAPTURED,2026-08-19T01:19:01Z,REF-PAY_B3B90249
PAY_84C6D386,ORD_64DC768F,MERCH_039,935900,INR,CAPTURED,2026-07-02T06:25:37Z,REF-PAY_84C6D386
PAY_7768FBB0,ORD_0519B4B1,MERCH_006,70100,INR,CAPTURED,2026-07-16T16:41:02Z,REF-PAY_7768FBB0
PAY_015A18B3,ORD_D0ED05AB,MERCH_018,1282800,INR,CAPTURED,2026-07-26T05:17:24Z,REF-PAY_015A18B3
PAY_110E7395,ORD_38CD4A05,MERCH_033,1425500,INR,CAPTURED,2026-07-15T05:54:27Z,REF-PAY_110E7395
PAY_B7C8C020,ORD_F651DC0C,MERCH_030,1228300,INR,CAPTURED,2026-08-23T21:41:47Z,REF-PAY_B7C8C020
PAY_DDB382A5,ORD_25DE1A7B,MERCH_011,1309000,INR,CAPTURED,2026-08-07T11:50:14Z,REF-PAY_DDB382A5
PAY_A931EC5D,ORD_44173D59,MERCH_002,1488300,INR,CAPTURED,2026-08-22T07:39:06Z,REF-PAY_A931EC5D
PAY_C575BC7A,ORD_BEEBBE24,MERCH_012,101600,INR,CAPTURED,2026-07-04T22:31:39Z,REF-PAY_C575BC7A
PAY_0C17EB10,ORD_D784E92B,MERCH_041,1653700,INR,CAPTURED,2026-07-22T20:26:41Z,REF-PAY_0C17EB10
PAY_3D64F4A7,ORD_2B0F96A4,MERCH_039,1455200,INR,CAPTURED,2026-07-16T19:28:55Z,REF-PAY_3D64F4A7
PAY_744865F6,ORD_BD0DE871,MERCH_011,1193300,INR,CAPTURED,2026-07-04T15:16:33Z,REF-PAY_744865F6
PAY_B4FA71C8,ORD_3A71AE0C,MERCH_041,1763000,INR,CAPTURED,2026-08-08T20:46:29Z,REF-PAY_B4FA71C8
PAY_F1B04A85,ORD_3A71AE0C,MERCH_041,1763000,INR,CAPTURED,2026-08-08T20:46:29Z,REF-PAY_B4FA71C8
PAY_9E188CFC,ORD_8520C62B,MERCH_038,1957000,INR,CAPTURED,2026-07-18T00:52:55Z,REF-PAY_9E188CFC
PAY_7B23AD66,ORD_FEAF2568,MERCH_037,487200,INR,CAPTURED,2026-08-29T11:11:52Z,REF-PAY_7B23AD66
PAY_ADDA13C4,ORD_2A20B599,MERCH_026,317100,INR,CAPTURED,2026-08-11T02:32:38Z,REF-PAY_ADDA13C4
PAY_F5E5182D,ORD_98AA11E4,MERCH_003,361600,INR,CAPTURED,2026-07-28T01:40:44Z,REF-PAY_F5E5182D
PAY_A5C7961B,ORD_3E9C510A,MERCH_035,1921900,INR,CAPTURED,2026-08-04T13:34:49Z,REF-PAY_A5C7961B
PAY_DC3D2803,ORD_89C4174F,MERCH_041,31400,INR,CAPTURED,2026-08-20T17:51:51Z,REF-PAY_DC3D2803
PAY_72F6CBFE,ORD_B1481935,MERCH_047,1857000,INR,CAPTURED,2026-08-05T20:59:27Z,REF-PAY_72F6CBFE
PAY_9B0472F1,ORD_A04A194C,MERCH_036,174400,INR,CAPTURED,2026-07-31T03:11:47Z,REF-PAY_9B0472F1
PAY_AB9D4029,ORD_72403F5E,MERCH_004,1778000,INR,CAPTURED,2026-09-01T14:18:09Z,REF-PAY_AB9D4029
PAY_1A97DB50,ORD_ECE4132E,MERCH_025,733900,INR,CAPTURED,2026-07-09T20:06:01Z,REF-PAY_1A97DB50
PAY_71EA878F,ORD_0CCC57F6,MERCH_037,481300,INR,CAPTURED,2026-08-23T00:09:49Z,REF-PAY_71EA878F
PAY_E66BF39C,ORD_2C24FFCD,MERCH_046,652100,INR,CAPTURED,2026-07-21T10:53:52Z,REF-PAY_E66BF39C
PAY_C782FFE7,ORD_730951D6,MERCH_024,961400,INR,CAPTURED,2026-07-20T07:40:14Z,REF-PAY_C782FFE7
PAY_18715B41,ORD_F96FA6CD,MERCH_010,1134100,INR,CAPTURED,2026-08-11T13:10:36Z,REF-PAY_18715B41
PAY_F7ED5EF0,ORD_D1277F99,MERCH_044,885100,INR,CAPTURED,2026-08-14T20:29:14Z,REF-PAY_F7ED5EF0
PAY_DEB1CB81,ORD_EE047633,MERCH_026,1143600,INR,CAPTURED,2026-08-11T15:49:20Z,REF-PAY_DEB1CB81
PAY_B4B3FB3E,ORD_8629EBDA,MERCH_022,418200,INR,CAPTURED,2026-07-02T20:55:01Z,REF-PAY_B4B3FB3E
PAY_BD767B50,ORD_0CAAB682,MERCH_015,943800,INR,CAPTURED,2026-08-12T09:31:03Z,REF-PAY_BD767B50
PAY_882589B1,ORD_702F77B4,MERCH_002,1753400,INR,CAPTURED,2026-09-01T12:42:06Z,REF-PAY_882589B1
PAY_9C19AA71,ORD_7F5D1BDD,MERCH_028,223100,INR,CAPTURED,2026-07-23T09:45:13Z,REF-PAY_9C19AA71
PAY_F29EB37B,ORD_2779478B,MERCH_026,1827200,INR,CAPTURED,2026-07-18T04:00:14Z,REF-PAY_F29EB37B
PAY_991D21D5,ORD_560A0C1D,MERCH_049,1226500,INR,CAPTURED,2026-08-08T10:10:02Z,REF-PAY_991D21D5
PAY_073089CA,ORD_683D98DF,MERCH_028,60000000,INR,CAPTURED,2026-07-27T23:38:08Z,REF-PAY_073089CA
PAY_9F73FBD6,ORD_630DA01F,MERCH_038,55900,INR,CAPTURED,2026-07-05T14:59:50Z,REF-PAY_9F73FBD6
PAY_0BCC14A6,ORD_2AD1D74B,MERCH_008,1504400,INR,CAPTURED,2026-07-22T14:50:31Z,REF-PAY_0BCC14A6
PAY_A9EBE385,ORD_0AD082EF,MERCH_024,345900,INR,CAPTURED,2026-07-27T10:25:33Z,REF-PAY_A9EBE385
PAY_3CEAE7EC,ORD_B11800F5,MERCH_015,1829300,INR,CAPTURED,2026-07-09T23:12:44Z,REF-PAY_3CEAE7EC
PAY_EAC4DE60,ORD_E26783F9,MERCH_036,1682300,INR,CAPTURED,2026-07-20T23:24:25Z,REF-PAY_EAC4DE60
PAY_8ADE1A18,ORD_674FF1E5,MERCH_025,1263500,INR,CAPTURED,2026-07-12T13:33:58Z,REF-PAY_8ADE1A18
PAY_6AD8A438,ORD_3D172F50,MERCH_013,1248000,INR,CAPTURED,2026-07-04T00:36:43Z,REF-PAY_6AD8A438
PAY_4349643F,ORD_C32E78A9,MERCH_018,1122900,INR,CAPTURED,2026-08-13T04:26:02Z,REF-PAY_4349643F
PAY_0D82A24A,ORD_725B7B58,MERCH_019,327800,INR,CAPTURED,2026-08-25T05:25:50Z,REF-PAY_0D82A24A
PAY_AB1F402A,ORD_DB6D7890,MERCH_009,1722900,INR,CAPTURED,2026-07-03T20:00:12Z,REF-PAY_AB1F402A
PAY_9D61AC57,ORD_0E9BCAFC,MERCH_023,1370800,INR,CAPTURED,2026-08-29T12:38:15Z,REF-PAY_9D61AC57
PAY_3BE36F12,ORD_1920BE24,MERCH_027,864600,INR,CAPTURED,2026-08-11T20:45:31Z,REF-PAY_3BE36F12
PAY_05522F60,ORD_226F0A70,MERCH_030,853400,INR,CAPTURED,2026-09-01T00:07:05Z,REF-PAY_05522F60
PAY_FAD1B754,ORD_6D8A8044,MERCH_036,106800,INR,CAPTURED,2026-07-19T11:05:30Z,REF-PAY_FAD1B754
PAY_F3017F6B,ORD_9F991A5A,MERCH_040,781100,INR,CAPTURED,2026-08-22T12:06:16Z,REF-PAY_F3017F6B
PAY_6ACD2F45,ORD_248F16FA,MERCH_043,19600,INR,CAPTURED,2026-08-11T08:47:17Z,REF-PAY_6ACD2F45
PAY_4D527041,ORD_DCDEC7CD,MERCH_041,681400,INR,CAPTURED,2026-07-29T22:30:04Z,REF-PAY_4D527041
PAY_31855214,ORD_86609CE7,MERCH_021,1637700,INR,CAPTURED,2026-07-20T18:10:45Z,REF-PAY_31855214
PAY_0901ACF1,ORD_C1C6E35C,MERCH_032,125400,INR,CAPTURED,2026-08-22T11:20:35Z,REF-PAY_0901ACF1
PAY_3A81E27C,ORD_8BC794DF,MERCH_011,1211900,INR,CAPTURED,2026-08-11T13:55:19Z,REF-PAY_3A81E27C
PAY_F298A26D,ORD_8BC794DF,MERCH_011,1211900,INR,CAPTURED,2026-08-11T13:55:19Z,REF-PAY_3A81E27C
PAY_F4DF0189,ORD_2479C40C,MERCH_008,39900,INR,CAPTURED,2026-07-28T19:32:02Z,REF-PAY_F4DF0189
PAY_60941196,ORD_2479C40C,MERCH_008,39900,INR,CAPTURED,2026-07-28T19:32:02Z,REF-PAY_F4DF0189
PAY_6A38FC13,ORD_16DC0BEE,MERCH_038,1209300,INR,CAPTURED,2026-07-17T02:47:10Z,REF-PAY_6A38FC13
PAY_FB29D508,ORD_15F01F3C,MERCH_046,220100,INR,CAPTURED,2026-08-08T01:58:16Z,REF-PAY_FB29D508
PAY_EDDC3A91,ORD_AD347C92,MERCH_033,1529300,INR,CAPTURED,2026-07-28T21:05:46Z,REF-PAY_EDDC3A91
PAY_0A0C59CC,ORD_D0B9C973,MERCH_026,1019800,INR,CAPTURED,2026-07-29T17:42:54Z,REF-PAY_0A0C59CC
PAY_98817321,ORD_BEE3A8B5,MERCH_001,1544300,INR,CAPTURED,2026-07-02T00:51:50Z,REF-PAY_98817321
PAY_ACF9F71A,ORD_5BD11D4A,MERCH_038,1849000,INR,CAPTURED,2026-07-14T00:52:53Z,REF-PAY_ACF9F71A
PAY_13E65D0B,ORD_FF9638DE,MERCH_039,643000,INR,CAPTURED,2026-07-22T17:19:55Z,REF-PAY_13E65D0B
PAY_6B5E907D,ORD_663F9469,MERCH_049,1603900,INR,CAPTURED,2026-07-17T04:21:37Z,REF-PAY_6B5E907D
PAY_3CC4DAF4,ORD_E191C94B,MERCH_028,424300,INR,CAPTURED,2026-07-27T02:17:02Z,REF-PAY_3CC4DAF4
PAY_AB98F58C,ORD_66760500,MERCH_040,836000,INR,CAPTURED,2026-07-29T12:51:18Z,REF-PAY_AB98F58C
PAY_F4DD11CE,ORD_F0786D84,MERCH_017,1095200,INR,CAPTURED,2026-07-22T04:17:31Z,REF-PAY_F4DD11CE
PAY_0A70A1CC,ORD_545265E0,MERCH_008,1920600,INR,CAPTURED,2026-07-19T04:44:45Z,REF-PAY_0A70A1CC
PAY_C2893970,ORD_8A1DA0C6,MERCH_011,1437600,INR,CAPTURED,2026-08-10T17:52:09Z,REF-PAY_C2893970
PAY_6438E202,ORD_8A1DA0C6,MERCH_011,1437600,INR,CAPTURED,2026-08-10T17:52:09Z,REF-PAY_C2893970
PAY_FE182C63,ORD_9C7E606E,MERCH_011,1630400,INR,CAPTURED,2026-08-07T19:19:50Z,REF-PAY_FE182C63
PAY_5BBEAF2D,ORD_EC93705A,MERCH_045,1527800,INR,CAPTURED,2026-08-01T08:58:42Z,REF-PAY_5BBEAF2D
PAY_A21CE8A3,ORD_D4803E4F,MERCH_020,1770300,INR,CAPTURED,2026-08-06T14:23:13Z,REF-PAY_A21CE8A3
PAY_98F99B78,ORD_8EB79512,MERCH_040,1387100,INR,CAPTURED,2026-07-19T10:11:21Z,REF-PAY_98F99B78
PAY_2A9AF25E,ORD_8EB79512,MERCH_040,1387100,INR,CAPTURED,2026-07-19T10:11:21Z,REF-PAY_98F99B78
PAY_AC535E68,ORD_7C6CE5C5,MERCH_045,572600,INR,CAPTURED,2026-08-13T04:15:31Z,REF-PAY_AC535E68
PAY_4A28CD14,ORD_E8AA7BC4,MERCH_015,649200,INR,CAPTURED,2026-07-15T16:46:23Z,REF-PAY_4A28CD14
PAY_7114A61B,ORD_1E80E72F,MERCH_007,422400,INR,CAPTURED,2026-08-31T09:15:52Z,REF-PAY_7114A61B
PAY_9F42EC01,ORD_14C257A5,MERCH_030,1410300,INR,CAPTURED,2026-08-03T07:15:05Z,REF-PAY_9F42EC01
PAY_CA98666A,ORD_36941B61,MERCH_003,517800,INR,CAPTURED,2026-08-16T22:35:00Z,REF-PAY_CA98666A
PAY_95CCBE6D,ORD_0F8055F5,MERCH_039,1859900,INR,CAPTURED,2026-07-06T01:53:39Z,REF-PAY_95CCBE6D
PAY_3F874409,ORD_45A85B97,MERCH_035,783800,INR,CAPTURED,2026-07-28T01:35:40Z,REF-PAY_3F874409
PAY_8C5F015D,ORD_36612B16,MERCH_041,404900,INR,CAPTURED,2026-07-03T17:00:04Z,REF-PAY_8C5F015D
PAY_09C25980,ORD_6DF4BEDA,MERCH_009,1289600,INR,CAPTURED,2026-07-24T03:44:50Z,REF-PAY_09C25980
PAY_527BBE41,ORD_CA7EDD3D,MERCH_015,1072600,INR,CAPTURED,2026-08-09T15:22:38Z,REF-PAY_527BBE41
PAY_7F7B09CC,ORD_BBB3B9F7,MERCH_042,1080200,INR,CAPTURED,2026-08-25T04:32:04Z,REF-PAY_7F7B09CC
PAY_309ACCE4,ORD_D9CA1563,MERCH_043,1505200,INR,CAPTURED,2026-07-09T06:31:43Z,REF-PAY_309ACCE4
PAY_8BA19659,ORD_A3351B2B,MERCH_018,1771300,INR,CAPTURED,2026-08-17T21:13:42Z,REF-PAY_8BA19659
PAY_B7605C9A,ORD_A3351B2B,MERCH_018,1771300,INR,CAPTURED,2026-08-17T21:13:42Z,REF-PAY_8BA19659
PAY_F9BE4371,ORD_074A60FC,MERCH_042,986900,INR,CAPTURED,2026-08-05T19:16:32Z,REF-PAY_F9BE4371
PAY_145733AB,ORD_5CCD48EE,MERCH_038,1419000,INR,CAPTURED,2026-07-15T22:34:19Z,REF-PAY_145733AB
PAY_E45A128E,ORD_7F677290,MERCH_034,405600,INR,CAPTURED,2026-08-05T18:57:40Z,REF-PAY_E45A128E
PAY_EF7E36D8,ORD_BD3269D3,MERCH_014,1094800,INR,CAPTURED,2026-08-06T01:51:24Z,REF-PAY_EF7E36D8
PAY_FB4D3FC8,ORD_1F6BC547,MERCH_023,1096700,INR,CAPTURED,2026-07-29T02:34:07Z,REF-PAY_FB4D3FC8
PAY_7C9425CE,ORD_7DC22311,MERCH_044,180400,INR,CAPTURED,2026-07-01T23:12:26Z,REF-PAY_7C9425CE
PAY_7D5D4E4F,ORD_3D0F5DF0,MERCH_005,1559200,INR,CAPTURED,2026-08-23T23:21:37Z,REF-PAY_7D5D4E4F
PAY_E1ACDE0F,ORD_85CE69FF,MERCH_021,1187600,INR,CAPTURED,2026-08-09T22:27:15Z,REF-PAY_E1ACDE0F
PAY_9F15A9BB,ORD_8F8E31A9,MERCH_015,975900,INR,CAPTURED,2026-08-03T09:36:52Z,REF-PAY_9F15A9BB
PAY_481D9376,ORD_3C29985B,MERCH_037,1012000,INR,CAPTURED,2026-08-25T03:59:18Z,REF-PAY_481D9376
PAY_39D544B3,ORD_45917A15,MERCH_047,1173700,INR,CAPTURED,2026-08-31T00:49:21Z,REF-PAY_39D544B3
PAY_D4E91FC9,ORD_8A88E9A2,MERCH_031,1798600,INR,CAPTURED,2026-08-18T04:52:39Z,REF-PAY_D4E91FC9
PAY_947D9151,ORD_5B4E4046,MERCH_036,1802800,INR,CAPTURED,2026-07-01T19:45:54Z,REF-PAY_947D9151
PAY_C778A6C3,ORD_E7372B2F,MERCH_028,373300,INR,CAPTURED,2026-08-17T02:20:20Z,REF-PAY_C778A6C3
PAY_414C1585,ORD_1743B2F0,MERCH_014,1227400,INR,CAPTURED,2026-07-03T14:23:52Z,REF-PAY_414C1585
PAY_FF96CBC7,ORD_2174405E,MERCH_029,631500,INR,CAPTURED,2026-07-16T06:11:46Z,REF-PAY_FF96CBC7
PAY_454DD87B,ORD_A74AC25E,MERCH_032,1670700,INR,CAPTURED,2026-08-19T04:06:39Z,REF-PAY_454DD87B
PAY_5D96C638,ORD_563F5AF3,MERCH_048,1368200,INR,CAPTURED,2026-07-06T09:24:58Z,REF-PAY_5D96C638
PAY_62764F4E,ORD_F7ED8EF0,MERCH_010,1766200,INR,CAPTURED,2026-08-18T05:54:01Z,REF-PAY_62764F4E
PAY_76958863,ORD_12E0C4A4,MERCH_036,547700,INR,CAPTURED,2026-09-01T01:52:57Z,REF-PAY_76958863
PAY_3A105F6D,ORD_9B264D63,MERCH_011,1333000,INR,CAPTURED,2026-08-12T04:12:05Z,REF-PAY_3A105F6D
PAY_F847230E,ORD_9B264D63,MERCH_011,1333000,INR,CAPTURED,2026-08-12T04:12:05Z,REF-PAY_3A105F6D
PAY_AE2AC892,ORD_F02A5FEE,MERCH_004,1976400,INR,CAPTURED,2026-08-30T17:05:39Z,REF-PAY_AE2AC892
PAY_3C74C0C3,ORD_E7F3F89C,MERCH_048,617500,INR,CAPTURED,2026-08-01T10:40:07Z,REF-PAY_3C74C0C3
PAY_B6EFCC71,ORD_25B031B7,MERCH_024,1532700,INR,CAPTURED,2026-08-16T22:09:19Z,REF-PAY_B6EFCC71
PAY_194410F1,ORD_9F3C781D,MERCH_010,1966900,INR,CAPTURED,2026-08-29T11:34:17Z,REF-PAY_194410F1
PAY_766F50AD,ORD_16D8C5FA,MERCH_035,1156800,INR,CAPTURED,2026-07-04T18:07:54Z,REF-PAY_766F50AD
PAY_CA101E62,ORD_F246A593,MERCH_029,1496300,INR,CAPTURED,2026-07-09T02:17:54Z,REF-PAY_CA101E62
PAY_47ED39C8,ORD_A54B35DB,MERCH_024,609100,INR,CAPTURED,2026-07-30T04:29:23Z,REF-PAY_47ED39C8
PAY_63C55AEA,ORD_A54B35DB,MERCH_024,609100,INR,CAPTURED,2026-07-30T04:29:23Z,REF-PAY_47ED39C8
PAY_3A0CA86A,ORD_FD9F898C,MERCH_048,603800,INR,CAPTURED,2026-07-06T12:39:49Z,REF-PAY_3A0CA86A
PAY_28C565EF,ORD_4D0C07C1,MERCH_019,1985800,INR,CAPTURED,2026-08-31T19:52:27Z,REF-PAY_28C565EF
PAY_CAE4A0F6,ORD_0D51C061,MERCH_020,1644000,INR,CAPTURED,2026-07-01T23:04:45Z,REF-PAY_CAE4A0F6
PAY_613CE507,ORD_217B9CF2,MERCH_044,1771800,INR,CAPTURED,2026-07-03T19:58:51Z,REF-PAY_613CE507
PAY_46312F05,ORD_8A0859EA,MERCH_004,1975400,INR,CAPTURED,2026-07-15T18:28:18Z,REF-PAY_46312F05
PAY_0ED5F033,ORD_910BA086,MERCH_044,1433700,INR,CAPTURED,2026-07-23T03:58:28Z,REF-PAY_0ED5F033
PAY_DD37F273,ORD_157E0E64,MERCH_048,79800,INR,CAPTURED,2026-07-23T23:40:33Z,REF-PAY_DD37F273
PAY_BF7651DE,ORD_157E0E64,MERCH_048,79800,INR,CAPTURED,2026-07-23T23:40:33Z,REF-PAY_DD37F273
PAY_8F8FC715,ORD_3E67AB36,MERCH_010,32700,INR,CAPTURED,2026-08-10T02:50:52Z,REF-PAY_8F8FC715
PAY_E56A712C,ORD_F0F1962C,MERCH_032,298300,INR,CAPTURED,2026-08-30T21:43:49Z,REF-PAY_E56A712C
PAY_10D06A97,ORD_FC7C642E,MERCH_009,861800,INR,CAPTURED,2026-08-22T13:05:49Z,REF-PAY_10D06A97
PAY_1C93913B,ORD_925FC812,MERCH_010,1008800,INR,CAPTURED,2026-08-14T14:21:00Z,REF-PAY_1C93913B
PAY_3AB54FA6,ORD_54FA0A27,MERCH_028,913400,INR,CAPTURED,2026-07-24T06:12:05Z,REF-PAY_3AB54FA6
PAY_C37F6871,ORD_23BC2AD9,MERCH_002,759700,INR,CAPTURED,2026-08-08T19:08:43Z,REF-PAY_C37F6871
PAY_8503DA70,ORD_ED2ACC14,MERCH_005,1697200,INR,CAPTURED,2026-08-25T14:44:38Z,REF-PAY_8503DA70
PAY_B253AF39,ORD_89B5FC77,MERCH_024,1060600,INR,CAPTURED,2026-08-24T16:42:28Z,REF-PAY_B253AF39
PAY_CA566C73,ORD_93F16400,MERCH_013,1572200,INR,CAPTURED,2026-08-26T03:00:04Z,REF-PAY_CA566C73
PAY_17D602CB,ORD_1AED9057,MERCH_015,1574800,INR,CAPTURED,2026-07-27T14:10:46Z,REF-PAY_17D602CB
PAY_10875D93,ORD_30E640EF,MERCH_005,1274200,INR,CAPTURED,2026-07-15T02:59:33Z,REF-PAY_10875D93
PAY_4B957F0C,ORD_26607F8F,MERCH_008,1894000,INR,CAPTURED,2026-08-10T23:56:50Z,REF-PAY_4B957F0C
PAY_AAE42C96,ORD_D27E5D76,MERCH_032,245700,INR,CAPTURED,2026-08-10T22:26:52Z,REF-PAY_AAE42C96
PAY_8E28C7D3,ORD_D16FB40C,MERCH_016,1267900,INR,CAPTURED,2026-07-19T03:24:23Z,REF-PAY_8E28C7D3
PAY_7B88056E,ORD_A0379C72,MERCH_021,1009200,INR,CAPTURED,2026-08-24T10:00:17Z,REF-PAY_7B88056E
PAY_13F57916,ORD_4FB7D9A6,MERCH_007,196400,INR,CAPTURED,2026-08-12T09:57:35Z,REF-PAY_13F57916
PAY_C2DDD2B3,ORD_AC79D994,MERCH_042,1491300,INR,CAPTURED,2026-08-03T04:21:09Z,REF-PAY_C2DDD2B3
PAY_A081C8DE,ORD_879C8402,MERCH_010,436500,INR,CAPTURED,2026-07-06T05:24:46Z,REF-PAY_A081C8DE
PAY_02C95EA1,ORD_E3F74E97,MERCH_044,817400,INR,CAPTURED,2026-07-28T13:31:18Z,REF-PAY_02C95EA1
PAY_CFD382B2,ORD_18B417E1,MERCH_021,1040600,INR,CAPTURED,2026-08-15T11:51:17Z,REF-PAY_CFD382B2
PAY_A9D77566,ORD_74E90D10,MERCH_004,841000,INR,CAPTURED,2026-08-23T06:34:22Z,REF-PAY_A9D77566
PAY_6CA2ADDB,ORD_799ACCB6,MERCH_020,380500,INR,CAPTURED,2026-07-15T19:28:03Z,REF-PAY_6CA2ADDB
PAY_4E007B0E,ORD_316DD01B,MERCH_005,1974000,INR,CAPTURED,2026-08-26T15:06:03Z,REF-PAY_4E007B0E
PAY_2C3CFC36,ORD_F40C602F,MERCH_049,584000,INR,CAPTURED,2026-08-31T05:24:27Z,REF-PAY_2C3CFC36
PAY_7B16036D,ORD_791DE817,MERCH_028,1937400,INR,CAPTURED,2026-07-05T16:40:02Z,REF-PAY_7B16036D
PAY_34E4AFA1,ORD_F7882E34,MERCH_035,865400,INR,CAPTURED,2026-08-17T03:53:42Z,REF-PAY_34E4AFA1
PAY_9F23FCEE,ORD_B289ECFB,MERCH_034,1477800,INR,CAPTURED,2026-08-03T13:58:29Z,REF-PAY_9F23FCEE
PAY_95BBBB48,ORD_7257E064,MERCH_011,1976200,INR,CAPTURED,2026-07-29T05:55:02Z,REF-PAY_95BBBB48
PAY_8BFCAE32,ORD_AE46E32E,MERCH_013,1561000,INR,CAPTURED,2026-08-22T02:00:55Z,REF-PAY_8BFCAE32
PAY_C687C71D,ORD_AE46E32E,MERCH_013,1561000,INR,CAPTURED,2026-08-22T02:00:55Z,REF-PAY_8BFCAE32
PAY_CEC6E2A9,ORD_0EC510EB,MERCH_045,1412100,INR,CAPTURED,2026-07-07T05:13:32Z,REF-PAY_CEC6E2A9
PAY_A1AB1113,ORD_DE0D9F92,MERCH_002,555700,INR,CAPTURED,2026-08-18T17:39:32Z,REF-PAY_A1AB1113
PAY_B45A8FD5,ORD_5A8C0EF6,MERCH_039,769900,INR,CAPTURED,2026-08-11T21:00:14Z,REF-PAY_B45A8FD5
PAY_84F8777A,ORD_873E4DEC,MERCH_045,441500,INR,CAPTURED,2026-08-10T05:39:41Z,REF-PAY_84F8777A
PAY_27783BD1,ORD_E5FBC481,MERCH_005,467300,INR,CAPTURED,2026-08-06T16:48:32Z,REF-PAY_27783BD1
PAY_7A6CFA4E,ORD_CA67B8E4,MERCH_040,1247300,INR,CAPTURED,2026-08-12T10:53:25Z,REF-PAY_7A6CFA4E
PAY_8E030A1E,ORD_E90B94D1,MERCH_044,1308700,INR,CAPTURED,2026-08-12T09:45:47Z,REF-PAY_8E030A1E
PAY_5BF555FB,ORD_865C0697,MERCH_021,168000,INR,CAPTURED,2026-08-23T02:14:12Z,REF-PAY_5BF555FB
PAY_07A46C8F,ORD_655A695B,MERCH_049,503500,INR,CAPTURED,2026-07-01T00:26:11Z,REF-PAY_07A46C8F
PAY_C1D3AC51,ORD_A2F7F269,MERCH_047,1972000,INR,CAPTURED,2026-08-16T04:28:25Z,REF-PAY_C1D3AC51
PAY_D50127C9,ORD_DF5EBC77,MERCH_039,1177900,INR,CAPTURED,2026-08-28T16:49:14Z,REF-PAY_D50127C9
PAY_8406CAE3,ORD_18E4CEDF,MERCH_034,156500,INR,CAPTURED,2026-07-16T09:54:25Z,REF-PAY_8406CAE3
PAY_6F292AEB,ORD_5DCB8253,MERCH_044,736200,INR,CAPTURED,2026-07-22T18:50:39Z,REF-PAY_6F292AEB
PAY_B8C0C0C7,ORD_EE95E693,MERCH_039,1684500,INR,CAPTURED,2026-07-11T22:36:33Z,REF-PAY_B8C0C0C7
PAY_8A290B9B,ORD_D387DF53,MERCH_045,1620100,INR,CAPTURED,2026-07-01T05:08:32Z,REF-PAY_8A290B9B
PAY_22871B23,ORD_C2CD4BAF,MERCH_017,1771400,INR,CAPTURED,2026-08-07T11:35:30Z,REF-PAY_22871B23
PAY_53470CD7,ORD_213A8FF8,MERCH_024,337400,INR,CAPTURED,2026-07-15T14:42:02Z,REF-PAY_53470CD7
PAY_5F70187C,ORD_03601D11,MERCH_029,1847000,INR,CAPTURED,2026-08-05T00:49:42Z,REF-PAY_5F70187C
PAY_F13261DB,ORD_171D2278,MERCH_022,157700,INR,CAPTURED,2026-07-19T17:06:53Z,REF-PAY_F13261DB
PAY_21B6C5A4,ORD_8A015410,MERCH_045,10400,INR,CAPTURED,2026-08-31T22:04:56Z,REF-PAY_21B6C5A4
PAY_E76794B8,ORD_A2BE2123,MERCH_017,1608800,INR,CAPTURED,2026-08-15T11:25:33Z,REF-PAY_E76794B8
PAY_417A6569,ORD_7EC999CA,MERCH_021,86000,INR,CAPTURED,2026-07-22T23:04:21Z,REF-PAY_417A6569
PAY_A3C9D39F,ORD_713668BE,MERCH_019,715500,INR,CAPTURED,2026-07-07T11:54:57Z,REF-PAY_A3C9D39F
PAY_2B1A7446,ORD_EBC8B9D2,MERCH_032,704700,INR,CAPTURED,2026-08-03T19:39:42Z,REF-PAY_2B1A7446
PAY_05BF58D9,ORD_4FF5FF11,MERCH_006,418700,INR,CAPTURED,2026-09-01T07:18:45Z,REF-PAY_05BF58D9
PAY_4A5E6E13,ORD_53A99A5A,MERCH_049,1574700,INR,CAPTURED,2026-07-22T20:57:11Z,REF-PAY_4A5E6E13
PAY_3D44BD82,ORD_DD5EF9A9,MERCH_007,870200,INR,CAPTURED,2026-08-30T22:53:57Z,REF-PAY_3D44BD82
PAY_DA6B615D,ORD_62E14C29,MERCH_046,1471400,INR,CAPTURED,2026-08-24T13:26:24Z,REF-PAY_DA6B615D
PAY_4DF71C24,ORD_A4976486,MERCH_003,1347400,INR,CAPTURED,2026-08-18T06:16:42Z,REF-PAY_4DF71C24
PAY_CFE94A56,ORD_B4800A90,MERCH_045,633000,INR,CAPTURED,2026-08-23T13:17:50Z,REF-PAY_CFE94A56
PAY_CFAF1BC8,ORD_07D9640E,MERCH_011,1073100,INR,CAPTURED,2026-07-29T15:16:48Z,REF-PAY_CFAF1BC8
PAY_DDA4DD65,ORD_2592C811,MERCH_015,384900,INR,CAPTURED,2026-07-03T19:39:39Z,REF-PAY_DDA4DD65
PAY_0C2DB1E9,ORD_E3B2C633,MERCH_044,282300,INR,CAPTURED,2026-07-12T23:15:47Z,REF-PAY_0C2DB1E9
PAY_AF64936D,ORD_0EA8E1CA,MERCH_038,281600,INR,CAPTURED,2026-08-29T22:07:05Z,REF-PAY_AF64936D
PAY_600E50F6,ORD_35B75461,MERCH_039,344000,INR,CAPTURED,2026-08-18T18:04:41Z,REF-PAY_600E50F6
PAY_4B78C54D,ORD_20BD7044,MERCH_003,357000,INR,CAPTURED,2026-07-29T14:10:23Z,REF-PAY_4B78C54D
PAY_7E2AF541,ORD_38C48DE4,MERCH_015,269800,INR,CAPTURED,2026-07-11T15:55:56Z,REF-PAY_7E2AF541
PAY_43424CEF,ORD_E3D6BF91,MERCH_008,1828900,INR,CAPTURED,2026-07-18T19:56:09Z,REF-PAY_43424CEF
PAY_D58083C8,ORD_63A6B255,MERCH_026,923000,INR,CAPTURED,2026-07-12T03:54:42Z,REF-PAY_D58083C8
PAY_DA24F399,ORD_63A6B255,MERCH_026,923000,INR,CAPTURED,2026-07-12T03:54:42Z,REF-PAY_D58083C8
PAY_749D4056,ORD_D9427791,MERCH_012,1241500,INR,CAPTURED,2026-08-18T04:23:44Z,REF-PAY_749D4056
PAY_BEEAC3B0,ORD_422DA3DC,MERCH_016,1926000,INR,CAPTURED,2026-08-27T02:08:09Z,REF-PAY_BEEAC3B0
PAY_3ADF58B0,ORD_D4458949,MERCH_032,1133000,INR,CAPTURED,2026-07-23T19:57:53Z,REF-PAY_3ADF58B0
PAY_308BF0A1,ORD_F59867A2,MERCH_012,1399100,INR,CAPTURED,2026-07-21T18:02:12Z,REF-PAY_308BF0A1
PAY_38D7605E,ORD_0AA6DF3F,MERCH_002,706700,INR,CAPTURED,2026-08-13T22:20:38Z,REF-PAY_38D7605E
PAY_BE5B12D1,ORD_AE9C3747,MERCH_001,704300,INR,CAPTURED,2026-08-21T02:12:35Z,REF-PAY_BE5B12D1
PAY_F17E843A,ORD_7EAA3EFD,MERCH_035,1170900,INR,CAPTURED,2026-07-23T01:20:41Z,REF-PAY_F17E843A
PAY_7A23709E,ORD_4A1C2235,MERCH_011,1662100,INR,CAPTURED,2026-07-23T22:30:13Z,REF-PAY_7A23709E
PAY_E9CF4A60,ORD_63B5E989,MERCH_017,1631900,INR,CAPTURED,2026-08-07T22:05:05Z,REF-PAY_E9CF4A60
PAY_FBC2BD60,ORD_56FCB617,MERCH_027,1535800,INR,CAPTURED,2026-08-15T21:40:51Z,REF-PAY_FBC2BD60
PAY_AF41E357,ORD_433EFA19,MERCH_025,1000100,INR,CAPTURED,2026-08-05T19:43:33Z,REF-PAY_AF41E357
PAY_ACE45807,ORD_1BB1F35E,MERCH_008,775100,INR,CAPTURED,2026-07-21T09:31:10Z,REF-PAY_ACE45807
PAY_CD9FF717,ORD_2BCD83E5,MERCH_005,1429800,INR,CAPTURED,2026-08-09T21:27:31Z,REF-PAY_CD9FF717
PAY_84D0BF2C,ORD_6FBAAB61,MERCH_024,639400,INR,CAPTURED,2026-08-06T06:05:08Z,REF-PAY_84D0BF2C
PAY_937B3CA5,ORD_BAC87375,MERCH_016,1102200,INR,CAPTURED,2026-07-19T14:34:55Z,REF-PAY_937B3CA5
PAY_0B85A22E,ORD_06402B66,MERCH_032,1595300,INR,CAPTURED,2026-07-23T21:07:02Z,REF-PAY_0B85A22E
PAY_F4CBA63E,ORD_87BBA01F,MERCH_031,1261600,INR,CAPTURED,2026-07-18T14:17:00Z,REF-PAY_F4CBA63E
PAY_FE88769D,ORD_F7B571A0,MERCH_023,1317900,INR,CAPTURED,2026-08-05T21:48:52Z,REF-PAY_FE88769D
PAY_ED7897D6,ORD_503EAB03,MERCH_035,1374600,INR,CAPTURED,2026-08-08T12:26:47Z,REF-PAY_ED7897D6
PAY_2CC09356,ORD_B996B2EC,MERCH_010,310900,INR,CAPTURED,2026-08-20T14:04:02Z,REF-PAY_2CC09356
PAY_440B7E62,ORD_A3A11E64,MERCH_024,1105800,INR,CAPTURED,2026-07-15T08:57:41Z,REF-PAY_440B7E62
PAY_C3A97362,ORD_73D65FFC,MERCH_046,1165700,INR,CAPTURED,2026-07-10T13:43:17Z,REF-PAY_C3A97362
PAY_20110662,ORD_83C9011A,MERCH_010,493500,INR,CAPTURED,2026-08-06T23:55:31Z,REF-PAY_20110662
PAY_939F1D8D,ORD_6832D51A,MERCH_019,1632000,INR,CAPTURED,2026-07-12T02:59:23Z,REF-PAY_939F1D8D
PAY_EA0B6D08,ORD_7D97823E,MERCH_027,873600,INR,CAPTURED,2026-08-07T13:34:50Z,REF-PAY_EA0B6D08
PAY_AD87E891,ORD_6CFF071C,MERCH_048,232500,INR,CAPTURED,2026-08-24T07:33:57Z,REF-PAY_AD87E891
PAY_5355208C,ORD_5750A686,MERCH_001,1239600,INR,CAPTURED,2026-08-06T22:52:32Z,REF-PAY_5355208C
PAY_BD3839CC,ORD_1C6E1560,MERCH_033,919100,INR,CAPTURED,2026-07-28T15:10:11Z,REF-PAY_BD3839CC
PAY_F65D405F,ORD_332DD53B,MERCH_018,1778300,INR,CAPTURED,2026-07-18T12:36:37Z,REF-PAY_F65D405F
PAY_4B845D6F,ORD_F609A830,MERCH_031,261600,INR,CAPTURED,2026-09-01T14:30:15Z,REF-PAY_4B845D6F
PAY_413123DC,ORD_DD9D3FD9,MERCH_039,129700,INR,CAPTURED,2026-08-08T20:24:14Z,REF-PAY_413123DC
PAY_A689EDE8,ORD_4EAF61C9,MERCH_029,22900,INR,CAPTURED,2026-07-20T07:49:50Z,REF-PAY_A689EDE8
PAY_EAB33CEC,ORD_182D011E,MERCH_022,1994100,INR,CAPTURED,2026-07-18T14:37:26Z,REF-PAY_EAB33CEC
PAY_094AF9C5,ORD_182D011E,MERCH_022,1994100,INR,CAPTURED,2026-07-18T14:37:26Z,REF-PAY_EAB33CEC
PAY_8CDF5D79,ORD_DFBBA245,MERCH_042,1492100,INR,CAPTURED,2026-07-01T06:49:18Z,REF-PAY_8CDF5D79
PAY_7C428726,ORD_77FE9DE1,MERCH_036,1079800,INR,CAPTURED,2026-07-22T08:42:05Z,REF-PAY_7C428726
PAY_49C39805,ORD_DCEE990F,MERCH_025,67300,INR,CAPTURED,2026-07-13T00:05:16Z,REF-PAY_49C39805
PAY_FE0A3277,ORD_DCEE990F,MERCH_025,67300,INR,CAPTURED,2026-07-13T00:05:16Z,REF-PAY_49C39805
PAY_BA8A2E88,ORD_1E29C50A,MERCH_028,1973700,INR,CAPTURED,2026-07-03T12:07:57Z,REF-PAY_BA8A2E88
PAY_23652806,ORD_BB227AB7,MERCH_001,1657600,INR,CAPTURED,2026-07-24T07:11:11Z,REF-PAY_23652806
PAY_DF1A1568,ORD_6358FC04,MERCH_024,544200,INR,CAPTURED,2026-07-08T04:55:22Z,REF-PAY_DF1A1568
PAY_48FA5044,ORD_6358FC04,MERCH_024,544200,INR,CAPTURED,2026-07-08T04:55:22Z,REF-PAY_DF1A1568
PAY_C7D49D1D,ORD_7FAA17F4,MERCH_027,1929500,INR,CAPTURED,2026-08-01T00:09:33Z,REF-PAY_C7D49D1D
PAY_FDF2E548,ORD_68F5EF86,MERCH_040,47000,INR,CAPTURED,2026-07-14T00:03:56Z,REF-PAY_FDF2E548
PAY_761ADBF9,ORD_7B3DCD48,MERCH_035,1367800,INR,CAPTURED,2026-08-28T17:35:10Z,REF-PAY_761ADBF9
PAY_2615847D,ORD_81E098C1,MERCH_013,1510300,INR,CAPTURED,2026-08-21T22:44:05Z,REF-PAY_2615847D
PAY_A78B5568,ORD_E088BABB,MERCH_037,510700,INR,CAPTURED,2026-08-21T11:01:25Z,REF-PAY_A78B5568
PAY_3A59F21B,ORD_24352D4E,MERCH_003,949500,INR,CAPTURED,2026-07-27T13:20:49Z,REF-PAY_3A59F21B
PAY_D373FDCC,ORD_24352D4E,MERCH_003,949500,INR,CAPTURED,2026-07-27T13:20:49Z,REF-PAY_3A59F21B
PAY_A11923C0,ORD_682D14F6,MERCH_034,1275200,INR,CAPTURED,2026-07-02T07:46:12Z,REF-PAY_A11923C0
PAY_28C9D3B4,ORD_48356F40,MERCH_002,199600,INR,CAPTURED,2026-07-06T12:32:41Z,REF-PAY_28C9D3B4
PAY_6A6695E6,ORD_6C57AACB,MERCH_025,1298100,INR,CAPTURED,2026-07-26T13:28:19Z,REF-PAY_6A6695E6
PAY_11115C95,ORD_3C8164F0,MERCH_008,1623800,INR,CAPTURED,2026-07-23T12:56:55Z,REF-PAY_11115C95
PAY_830FB60C,ORD_8672E5CF,MERCH_036,500600,INR,CAPTURED,2026-08-03T00:48:24Z,REF-PAY_830FB60C
PAY_29486218,ORD_2F2255A8,MERCH_001,462900,INR,CAPTURED,2026-08-30T03:45:16Z,REF-PAY_29486218
PAY_34DA1F78,ORD_39EAD918,MERCH_033,1240700,INR,CAPTURED,2026-07-11T18:30:33Z,REF-PAY_34DA1F78
PAY_01B7BBF4,ORD_A66B005A,MERCH_048,1898300,INR,CAPTURED,2026-07-25T10:47:15Z,REF-PAY_01B7BBF4
PAY_E2C6B605,ORD_17F688B5,MERCH_017,1349800,INR,CAPTURED,2026-07-31T03:58:01Z,REF-PAY_E2C6B605
PAY_92B8D361,ORD_688C6142,MERCH_043,1858200,INR,CAPTURED,2026-08-11T21:38:56Z,REF-PAY_92B8D361
PAY_6886B839,ORD_651310BB,MERCH_045,1143800,INR,CAPTURED,2026-07-18T05:48:56Z,REF-PAY_6886B839
PAY_F7D659B3,ORD_B8FB5E30,MERCH_011,1030500,INR,CAPTURED,2026-08-10T10:16:54Z,REF-PAY_F7D659B3
PAY_C1566A21,ORD_CE6ECEE9,MERCH_047,1254000,INR,CAPTURED,2026-07-18T03:27:59Z,REF-PAY_C1566A21
PAY_B8227089,ORD_D460178C,MERCH_032,5500000,INR,CAPTURED,2026-08-14T22:54:19Z,REF-PAY_B8227089
PAY_0982454C,ORD_840FFB82,MERCH_048,1171500,INR,CAPTURED,2026-08-25T08:00:26Z,REF-PAY_0982454C
PAY_79289E1F,ORD_F4301E67,MERCH_002,1316400,INR,CAPTURED,2026-08-25T23:37:08Z,REF-PAY_79289E1F
PAY_CF310F3F,ORD_0AB99833,MERCH_022,57200,INR,CAPTURED,2026-08-04T07:26:06Z,REF-PAY_CF310F3F
PAY_4980F05E,ORD_8CABAC33,MERCH_046,125600,INR,CAPTURED,2026-08-22T06:09:56Z,REF-PAY_4980F05E
PAY_50537050,ORD_5DB4F560,MERCH_039,1788700,INR,CAPTURED,2026-08-14T19:43:47Z,REF-PAY_50537050
PAY_175ED591,ORD_5DB4F560,MERCH_039,1788700,INR,CAPTURED,2026-08-14T19:43:47Z,REF-PAY_50537050
PAY_F137096E,ORD_6CACE10C,MERCH_029,234000,INR,CAPTURED,2026-07-04T18:23:05Z,REF-PAY_F137096E
PAY_6636B5D3,ORD_CA3A1ACB,MERCH_041,1327200,INR,CAPTURED,2026-08-29T04:23:46Z,REF-PAY_6636B5D3
PAY_760ADEEB,ORD_EE9670D9,MERCH_013,1851600,INR,CAPTURED,2026-07-30T16:56:25Z,REF-PAY_760ADEEB
PAY_341E8F7B,ORD_686623FF,MERCH_034,1258600,INR,CAPTURED,2026-07-01T12:14:26Z,REF-PAY_341E8F7B
PAY_8E0F7986,ORD_DCFBA880,MERCH_022,1664100,INR,CAPTURED,2026-07-02T05:28:25Z,REF-PAY_8E0F7986
PAY_410A8CC1,ORD_183BF5CC,MERCH_043,854700,INR,CAPTURED,2026-08-14T20:56:38Z,REF-PAY_410A8CC1
PAY_1B00FCF3,ORD_AF760C82,MERCH_041,619400,INR,CAPTURED,2026-08-31T05:04:44Z,REF-PAY_1B00FCF3
PAY_1030207C,ORD_B5017AE0,MERCH_023,1604100,INR,CAPTURED,2026-08-16T22:21:58Z,REF-PAY_1030207C
PAY_3A952411,ORD_CA0DECAE,MERCH_038,1046100,INR,CAPTURED,2026-08-03T08:15:24Z,REF-PAY_3A952411
PAY_0ABF5D0B,ORD_E8E3A9CA,MERCH_017,1723700,INR,CAPTURED,2026-07-07T13:56:32Z,REF-PAY_0ABF5D0B
PAY_2A997C19,ORD_B6967573,MERCH_014,1359600,INR,CAPTURED,2026-07-22T04:53:06Z,REF-PAY_2A997C19
PAY_E6859516,ORD_A7DF65C3,MERCH_028,272200,INR,CAPTURED,2026-07-10T15:21:28Z,REF-PAY_E6859516
PAY_460DE28C,ORD_4C19CC3B,MERCH_007,496600,INR,CAPTURED,2026-07-13T10:52:07Z,REF-PAY_460DE28C
PAY_65481CB3,ORD_4C63E8D5,MERCH_004,1360400,INR,CAPTURED,2026-07-12T14:02:58Z,REF-PAY_65481CB3
PAY_FBFBEC16,ORD_8C929AD8,MERCH_029,1771600,INR,CAPTURED,2026-07-11T09:19:14Z,REF-PAY_FBFBEC16
PAY_62802ED9,ORD_E183C7E0,MERCH_032,792100,INR,CAPTURED,2026-07-11T04:03:35Z,REF-PAY_62802ED9
PAY_2966CD46,ORD_CC56BD68,MERCH_044,1062100,INR,CAPTURED,2026-08-30T20:25:40Z,REF-PAY_2966CD46
PAY_18451349,ORD_7AF5E67E,MERCH_010,1747900,INR,CAPTURED,2026-08-21T13:32:44Z,REF-PAY_18451349
PAY_9D5CEC9C,ORD_4CDE649B,MERCH_013,421800,INR,CAPTURED,2026-08-21T16:26:54Z,REF-PAY_9D5CEC9C
PAY_B0755EC1,ORD_ADF1179A,MERCH_022,385800,INR,CAPTURED,2026-07-02T05:23:28Z,REF-PAY_B0755EC1
PAY_93B02633,ORD_52F2FFD1,MERCH_020,557100,INR,CAPTURED,2026-08-24T18:03:33Z,REF-PAY_93B02633
PAY_F8BCC7A1,ORD_DF87EC60,MERCH_049,41800,INR,CAPTURED,2026-07-06T05:17:01Z,REF-PAY_F8BCC7A1
PAY_35657835,ORD_AF47CB59,MERCH_005,1953300,INR,CAPTURED,2026-08-31T08:29:09Z,REF-PAY_35657835
PAY_A4A42748,ORD_BAAEEAC5,MERCH_006,253500,INR,CAPTURED,2026-07-21T22:56:15Z,REF-PAY_A4A42748
PAY_0C846570,ORD_BAAEEAC5,MERCH_006,253500,INR,CAPTURED,2026-07-21T22:56:15Z,REF-PAY_A4A42748
PAY_2CCD069F,ORD_D9476A14,MERCH_045,1300600,INR,CAPTURED,2026-07-01T03:53:31Z,REF-PAY_2CCD069F
PAY_62B21831,ORD_E0460353,MERCH_028,698700,INR,CAPTURED,2026-07-24T18:16:25Z,REF-PAY_62B21831
PAY_FFCE7941,ORD_83BC6EBF,MERCH_025,649900,INR,CAPTURED,2026-08-16T08:41:51Z,REF-PAY_FFCE7941
PAY_75BFEE7C,ORD_B56D5C7F,MERCH_010,358600,INR,CAPTURED,2026-09-01T09:39:31Z,REF-PAY_75BFEE7C
PAY_B8C3F81A,ORD_2EC378B9,MERCH_021,361400,INR,CAPTURED,2026-07-13T22:29:58Z,REF-PAY_B8C3F81A
PAY_D04AAC70,ORD_75EB4EB9,MERCH_024,1403800,INR,CAPTURED,2026-07-22T01:41:49Z,REF-PAY_D04AAC70
PAY_6ED7D5FC,ORD_A6E22C86,MERCH_028,1552400,INR,CAPTURED,2026-07-09T08:35:29Z,REF-PAY_6ED7D5FC
PAY_D1EA5F1A,ORD_0584529A,MERCH_012,983600,INR,CAPTURED,2026-08-12T15:06:57Z,REF-PAY_D1EA5F1A
PAY_E5E4ADDA,ORD_8E2BA00A,MERCH_015,953700,INR,CAPTURED,2026-07-01T00:03:05Z,REF-PAY_E5E4ADDA
PAY_942F2C9E,ORD_4F01F1BC,MERCH_014,1435800,INR,CAPTURED,2026-07-16T05:03:38Z,REF-PAY_942F2C9E
PAY_A4D2F0FF,ORD_90C2417F,MERCH_032,437500,INR,CAPTURED,2026-08-10T20:05:14Z,REF-PAY_A4D2F0FF
PAY_182B7793,ORD_B180A299,MERCH_008,218600,INR,CAPTURED,2026-08-12T03:37:15Z,REF-PAY_182B7793
PAY_F30AC26B,ORD_6A170964,MERCH_042,840900,INR,CAPTURED,2026-07-29T21:06:00Z,REF-PAY_F30AC26B
PAY_B7653223,ORD_1FDD0504,MERCH_016,1284500,INR,CAPTURED,2026-08-05T17:23:34Z,REF-PAY_B7653223
PAY_7901C1B0,ORD_60A6D75E,MERCH_016,418700,INR,CAPTURED,2026-07-03T15:32:06Z,REF-PAY_7901C1B0
PAY_7CD91E91,ORD_61A29BB8,MERCH_047,270000,INR,CAPTURED,2026-08-16T05:08:04Z,REF-PAY_7CD91E91
PAY_737E5FE9,ORD_FF312B3F,MERCH_006,1213100,INR,CAPTURED,2026-08-14T11:43:07Z,REF-PAY_737E5FE9
PAY_1B7B2F62,ORD_0A8085D9,MERCH_049,501900,INR,CAPTURED,2026-08-06T09:19:25Z,REF-PAY_1B7B2F62
PAY_2E374518,ORD_F0B3ADE1,MERCH_007,1899900,INR,CAPTURED,2026-08-12T07:31:47Z,REF-PAY_2E374518
PAY_67353659,ORD_285CBB6D,MERCH_046,1249700,INR,CAPTURED,2026-07-14T20:48:06Z,REF-PAY_67353659
PAY_162082FA,ORD_4DD84E84,MERCH_029,1297700,INR,CAPTURED,2026-08-19T09:48:30Z,REF-PAY_162082FA
PAY_2645472E,ORD_57704748,MERCH_016,569900,INR,CAPTURED,2026-07-13T19:58:10Z,REF-PAY_2645472E
PAY_C40CC4B7,ORD_4908E66D,MERCH_022,1872700,INR,CAPTURED,2026-08-10T01:02:00Z,REF-PAY_C40CC4B7
PAY_354DAFC0,ORD_10A09E65,MERCH_001,252700,INR,CAPTURED,2026-07-26T15:53:26Z,REF-PAY_354DAFC0
PAY_2DD6A110,ORD_10A09E65,MERCH_001,252700,INR,CAPTURED,2026-07-26T15:53:26Z,REF-PAY_354DAFC0
PAY_C5EC4C2E,ORD_CD6A4F60,MERCH_018,1123000,INR,CAPTURED,2026-08-30T06:08:22Z,REF-PAY_C5EC4C2E
PAY_253F839E,ORD_B8050050,MERCH_005,1319100,INR,CAPTURED,2026-08-21T10:06:37Z,REF-PAY_253F839E
PAY_657E2FD6,ORD_1EDCB0C9,MERCH_005,1535900,INR,CAPTURED,2026-07-12T18:11:42Z,REF-PAY_657E2FD6
PAY_465ECF86,ORD_9BDBF05F,MERCH_006,288000,INR,CAPTURED,2026-07-23T10:11:11Z,REF-PAY_465ECF86
PAY_34893A32,ORD_8A8F2876,MERCH_030,1384900,INR,CAPTURED,2026-07-13T11:55:11Z,REF-PAY_34893A32
PAY_BD0E581D,ORD_FB2DC400,MERCH_029,625800,INR,CAPTURED,2026-07-21T05:05:29Z,REF-PAY_BD0E581D
PAY_CCC6A722,ORD_EFE103C6,MERCH_047,195600,INR,CAPTURED,2026-07-15T14:30:57Z,REF-PAY_CCC6A722
PAY_E1EC4D3F,ORD_DAB666C7,MERCH_046,1097400,INR,CAPTURED,2026-07-03T10:26:42Z,REF-PAY_E1EC4D3F
PAY_B14F212F,ORD_4D45A020,MERCH_003,373200,INR,CAPTURED,2026-08-26T11:22:18Z,REF-PAY_B14F212F
PAY_3FF4A80F,ORD_89C68FEB,MERCH_036,326500,INR,CAPTURED,2026-08-06T08:00:18Z,REF-PAY_3FF4A80F
PAY_9C417DC2,ORD_81C4B4C9,MERCH_047,1227700,INR,CAPTURED,2026-08-02T08:24:23Z,REF-PAY_9C417DC2
PAY_32E13DDA,ORD_81C4B4C9,MERCH_047,1227700,INR,CAPTURED,2026-08-02T08:24:23Z,REF-PAY_9C417DC2
PAY_7AB62887,ORD_F81882AF,MERCH_047,1686300,INR,CAPTURED,2026-07-03T23:38:30Z,REF-PAY_7AB62887
PAY_F6B701C6,ORD_4CF84ED2,MERCH_024,811900,INR,CAPTURED,2026-07-02T13:16:03Z,REF-PAY_F6B701C6
PAY_03844A30,ORD_355DD800,MERCH_044,1109800,INR,CAPTURED,2026-08-27T13:37:52Z,REF-PAY_03844A30
PAY_771E1920,ORD_C5BC8694,MERCH_031,1825500,INR,CAPTURED,2026-08-12T23:23:37Z,REF-PAY_771E1920
PAY_DBC10264,ORD_BE3CDBD2,MERCH_021,331400,INR,CAPTURED,2026-08-27T06:02:02Z,REF-PAY_DBC10264
PAY_5ADB99D1,ORD_31C559A6,MERCH_024,1793200,INR,CAPTURED,2026-07-16T14:45:54Z,REF-PAY_5ADB99D1
PAY_0B01895E,ORD_ED5711CA,MERCH_009,737000,INR,CAPTURED,2026-07-12T19:40:43Z,REF-PAY_0B01895E
PAY_56BDC176,ORD_C493F2C9,MERCH_044,274500,INR,CAPTURED,2026-07-03T00:53:35Z,REF-PAY_56BDC176
PAY_76FA154C,ORD_A9A72D3B,MERCH_044,1761200,INR,CAPTURED,2026-07-01T22:35:33Z,REF-PAY_76FA154C
PAY_B7B1115C,ORD_819BDC4B,MERCH_036,1951800,INR,CAPTURED,2026-08-15T18:39:36Z,REF-PAY_B7B1115C
PAY_E20EA7B9,ORD_8BF8418E,MERCH_018,5500000,INR,CAPTURED,2026-07-12T12:53:16Z,REF-PAY_E20EA7B9
PAY_C31A7283,ORD_64BA1BCE,MERCH_035,947300,INR,CAPTURED,2026-08-16T19:33:14Z,REF-PAY_C31A7283
PAY_57FADE28,ORD_10A4815A,MERCH_036,968600,INR,CAPTURED,2026-07-06T22:02:15Z,REF-PAY_57FADE28
PAY_6D5B31C9,ORD_60AFD094,MERCH_041,692900,INR,CAPTURED,2026-08-05T05:12:00Z,REF-PAY_6D5B31C9
PAY_B8F3A6BE,ORD_3164208B,MERCH_024,1063500,INR,CAPTURED,2026-07-12T23:01:52Z,REF-PAY_B8F3A6BE
PAY_820F71A5,ORD_D76D9217,MERCH_019,232700,INR,CAPTURED,2026-07-23T19:49:29Z,REF-PAY_820F71A5
PAY_BEE204A0,ORD_9EE2CE67,MERCH_046,1853100,INR,CAPTURED,2026-08-19T03:44:41Z,REF-PAY_BEE204A0
PAY_7AC5A116,ORD_E5BAA5D0,MERCH_007,982400,INR,CAPTURED,2026-07-25T12:28:23Z,REF-PAY_7AC5A116
PAY_4C48A8AE,ORD_CDF17EC4,MERCH_022,1045300,INR,CAPTURED,2026-08-15T10:18:35Z,REF-PAY_4C48A8AE
PAY_46B85E7D,ORD_CD883B72,MERCH_025,1884400,INR,CAPTURED,2026-08-13T05:52:36Z,REF-PAY_46B85E7D
PAY_E2EBD60A,ORD_EFD05D5D,MERCH_022,594700,INR,CAPTURED,2026-08-28T21:36:34Z,REF-PAY_E2EBD60A
PAY_1173F450,ORD_6847DE7F,MERCH_034,416000,INR,CAPTURED,2026-08-17T07:23:10Z,REF-PAY_1173F450
PAY_EE79945C,ORD_E7520068,MERCH_047,186700,INR,CAPTURED,2026-08-18T09:11:40Z,REF-PAY_EE79945C
PAY_D3358455,ORD_2DE2E11A,MERCH_006,524500,INR,CAPTURED,2026-08-13T18:38:16Z,REF-PAY_D3358455
PAY_DEB4C059,ORD_BB501937,MERCH_040,1433900,INR,CAPTURED,2026-08-28T01:31:27Z,REF-PAY_DEB4C059
PAY_ED86FE5E,ORD_5ABCF942,MERCH_046,1268700,INR,CAPTURED,2026-07-03T02:33:46Z,REF-PAY_ED86FE5E
PAY_9BEE5F3D,ORD_DA631AC9,MERCH_045,1916400,INR,CAPTURED,2026-08-15T11:03:17Z,REF-PAY_9BEE5F3D
PAY_4C99FC14,ORD_3E30C5F0,MERCH_001,90200,INR,CAPTURED,2026-07-06T01:35:42Z,REF-PAY_4C99FC14
PAY_C1089157,ORD_90634190,MERCH_032,825100,INR,CAPTURED,2026-08-07T10:33:03Z,REF-PAY_C1089157
PAY_CBE440BB,ORD_1AD2B226,MERCH_033,492900,INR,CAPTURED,2026-08-09T01:16:18Z,REF-PAY_CBE440BB
PAY_9A10C407,ORD_E957349C,MERCH_030,478600,INR,CAPTURED,2026-08-30T01:43:32Z,REF-PAY_9A10C407
PAY_F710C552,ORD_3FB1D64B,MERCH_049,330300,INR,CAPTURED,2026-07-27T12:39:46Z,REF-PAY_F710C552
PAY_337AA91E,ORD_6006C491,MERCH_010,1211400,INR,CAPTURED,2026-08-03T03:02:31Z,REF-PAY_337AA91E
PAY_33808748,ORD_1FFAB9A3,MERCH_040,264000,INR,CAPTURED,2026-07-30T13:59:05Z,REF-PAY_33808748
PAY_743D33D4,ORD_200F85DF,MERCH_028,1035900,INR,CAPTURED,2026-08-08T21:02:00Z,REF-PAY_743D33D4
PAY_9F40ED52,ORD_3053EBEC,MERCH_025,851900,INR,CAPTURED,2026-07-01T01:24:14Z,REF-PAY_9F40ED52
PAY_84451876,ORD_4F21A061,MERCH_009,1833800,INR,CAPTURED,2026-08-27T05:53:37Z,REF-PAY_84451876
PAY_B831BEC7,ORD_DBA32CB5,MERCH_045,302400,INR,CAPTURED,2026-07-03T03:14:25Z,REF-PAY_B831BEC7
PAY_F8987331,ORD_5491498E,MERCH_046,730100,INR,CAPTURED,2026-08-27T03:25:04Z,REF-PAY_F8987331
PAY_66C38E8A,ORD_4A4CF031,MERCH_006,593600,INR,CAPTURED,2026-07-23T03:31:12Z,REF-PAY_66C38E8A
PAY_2D1910FF,ORD_9A676BAB,MERCH_007,87700,INR,CAPTURED,2026-07-15T01:37:21Z,REF-PAY_2D1910FF
PAY_8C11E6C7,ORD_D612AFE2,MERCH_013,610300,INR,CAPTURED,2026-08-30T02:38:01Z,REF-PAY_8C11E6C7
PAY_3438A31D,ORD_DC2AEDAE,MERCH_005,740000,INR,CAPTURED,2026-08-24T05:22:08Z,REF-PAY_3438A31D
PAY_0F5603C3,ORD_ABB6AB30,MERCH_042,1629000,INR,CAPTURED,2026-08-06T06:45:16Z,REF-PAY_0F5603C3
PAY_777E8347,ORD_A960268A,MERCH_046,970500,INR,CAPTURED,2026-08-15T00:00:36Z,REF-PAY_777E8347
PAY_46138C3B,ORD_97823853,MERCH_018,1339000,INR,CAPTURED,2026-08-25T04:43:17Z,REF-PAY_46138C3B
PAY_036DFC8D,ORD_7E05DF82,MERCH_011,1769200,INR,CAPTURED,2026-08-24T03:07:03Z,REF-PAY_036DFC8D
PAY_89BF773D,ORD_B3B38E8E,MERCH_020,977600,INR,CAPTURED,2026-07-16T10:26:39Z,REF-PAY_89BF773D
PAY_61D5C2D5,ORD_B3B38E8E,MERCH_020,977600,INR,CAPTURED,2026-07-16T10:26:39Z,REF-PAY_89BF773D
PAY_4AE62803,ORD_BF5EAB7B,MERCH_029,1978300,INR,CAPTURED,2026-07-28T02:19:31Z,REF-PAY_4AE62803
PAY_222F8974,ORD_16E13B2C,MERCH_005,384200,INR,CAPTURED,2026-08-03T21:43:52Z,REF-PAY_222F8974
PAY_0F6DFFEB,ORD_947B9771,MERCH_032,30000000,INR,CAPTURED,2026-07-26T14:19:15Z,REF-PAY_0F6DFFEB
PAY_D4F08408,ORD_61841B5B,MERCH_040,1404000,INR,CAPTURED,2026-08-16T00:46:24Z,REF-PAY_D4F08408
PAY_4745979B,ORD_4ADB54B9,MERCH_032,1476000,INR,CAPTURED,2026-08-29T13:26:55Z,REF-PAY_4745979B
PAY_43B4BB7C,ORD_5846D706,MERCH_029,352300,INR,CAPTURED,2026-08-24T07:40:30Z,REF-PAY_43B4BB7C
PAY_FA8659B1,ORD_5571323E,MERCH_009,124300,INR,CAPTURED,2026-07-17T10:14:56Z,REF-PAY_FA8659B1
PAY_DC7E9C5C,ORD_60DC46FC,MERCH_003,1904000,INR,CAPTURED,2026-08-16T14:06:48Z,REF-PAY_DC7E9C5C
PAY_514CC81B,ORD_666370A9,MERCH_038,895700,INR,CAPTURED,2026-07-30T17:24:58Z,REF-PAY_514CC81B
PAY_C46CA395,ORD_7602F848,MERCH_028,1246000,INR,CAPTURED,2026-07-14T15:07:50Z,REF-PAY_C46CA395
PAY_B168F50A,ORD_7602F848,MERCH_028,1246000,INR,CAPTURED,2026-07-14T15:07:50Z,REF-PAY_C46CA395
PAY_B5ACFA98,ORD_280689C0,MERCH_001,1109800,INR,CAPTURED,2026-07-27T05:41:18Z,REF-PAY_B5ACFA98
PAY_7F1965F2,ORD_8CDCBEFE,MERCH_037,1480700,INR,CAPTURED,2026-08-23T16:29:51Z,REF-PAY_7F1965F2
PAY_3F0C9C0E,ORD_59E19616,MERCH_045,1217700,INR,CAPTURED,2026-07-22T12:17:36Z,REF-PAY_3F0C9C0E
PAY_5B461A4A,ORD_70ECEB3F,MERCH_047,38400,INR,CAPTURED,2026-08-07T12:12:09Z,REF-PAY_5B461A4A
PAY_493494ED,ORD_57798C35,MERCH_008,785000,INR,CAPTURED,2026-08-20T06:26:29Z,REF-PAY_493494ED
PAY_C9800408,ORD_12E20943,MERCH_049,423600,INR,CAPTURED,2026-07-28T22:32:52Z,REF-PAY_C9800408
PAY_38AC4A3E,ORD_3C203619,MERCH_039,306000,INR,CAPTURED,2026-07-16T02:36:18Z,REF-PAY_38AC4A3E
PAY_193B2E8B,ORD_B978304E,MERCH_024,1722700,INR,CAPTURED,2026-08-17T19:29:22Z,REF-PAY_193B2E8B
PAY_C76E6EDD,ORD_F78C36E6,MERCH_023,554000,INR,CAPTURED,2026-08-03T02:32:36Z,REF-PAY_C76E6EDD
PAY_0324BF5D,ORD_7B0C3ECF,MERCH_013,861100,INR,CAPTURED,2026-07-05T04:56:02Z,REF-PAY_0324BF5D
PAY_6E29A1DB,ORD_F99F9ED3,MERCH_032,90300,INR,CAPTURED,2026-08-03T23:05:01Z,REF-PAY_6E29A1DB
PAY_AE1D9C3F,ORD_64179311,MERCH_032,1577500,INR,CAPTURED,2026-08-05T12:36:44Z,REF-PAY_AE1D9C3F
PAY_1D6CDF8D,ORD_A3BA6A8A,MERCH_021,1142300,INR,CAPTURED,2026-08-11T19:54:34Z,REF-PAY_1D6CDF8D
PAY_848AFEB9,ORD_52CBC8AF,MERCH_046,1381400,INR,CAPTURED,2026-08-16T03:50:21Z,REF-PAY_848AFEB9
PAY_EA38A2E9,ORD_9B54A038,MERCH_021,1671200,INR,CAPTURED,2026-07-15T11:17:03Z,REF-PAY_EA38A2E9
PAY_4D30D652,ORD_1D40A96F,MERCH_044,252800,INR,CAPTURED,2026-07-14T18:24:21Z,REF-PAY_4D30D652
PAY_4346625D,ORD_C173F051,MERCH_004,352600,INR,CAPTURED,2026-07-31T06:21:26Z,REF-PAY_4346625D
PAY_DD3528EA,ORD_E2B7F31B,MERCH_047,673700,INR,CAPTURED,2026-07-23T11:40:42Z,REF-PAY_DD3528EA
PAY_8C0F1CD8,ORD_AEE217BF,MERCH_002,398200,INR,CAPTURED,2026-07-09T07:55:58Z,REF-PAY_8C0F1CD8
PAY_EBCDAE7A,ORD_DBD41247,MERCH_033,1548900,INR,CAPTURED,2026-07-07T15:02:07Z,REF-PAY_EBCDAE7A
PAY_9846A282,ORD_2ED13B28,MERCH_014,942500,INR,CAPTURED,2026-08-02T14:25:30Z,REF-PAY_9846A282
PAY_1760E012,ORD_B227688E,MERCH_045,155000,INR,CAPTURED,2026-07-30T21:11:34Z,REF-PAY_1760E012
PAY_8233839E,ORD_E45DA07B,MERCH_004,392300,INR,CAPTURED,2026-07-29T11:10:05Z,REF-PAY_8233839E
PAY_61E7551F,ORD_7599F7DA,MERCH_024,1820900,INR,CAPTURED,2026-08-14T17:44:14Z,REF-PAY_61E7551F
PAY_BED7EFE1,ORD_7B7F5CCE,MERCH_005,180400,INR,CAPTURED,2026-08-02T14:00:08Z,REF-PAY_BED7EFE1
PAY_9704699F,ORD_B08099BC,MERCH_008,1626700,INR,CAPTURED,2026-08-20T02:26:13Z,REF-PAY_9704699F
PAY_A23BD49C,ORD_8AD0126D,MERCH_015,117100,INR,CAPTURED,2026-07-23T19:46:33Z,REF-PAY_A23BD49C
PAY_9A855F26,ORD_BD51FC43,MERCH_021,1133400,INR,CAPTURED,2026-07-22T17:32:26Z,REF-PAY_9A855F26
PAY_399B125F,ORD_562D21CB,MERCH_027,1031000,INR,CAPTURED,2026-08-30T22:35:35Z,REF-PAY_399B125F
PAY_64F019C8,ORD_0DF0CEE1,MERCH_006,42900,INR,CAPTURED,2026-08-11T13:14:56Z,REF-PAY_64F019C8
PAY_9B568E2A,ORD_4A5AF2BB,MERCH_024,362300,INR,CAPTURED,2026-08-19T00:02:40Z,REF-PAY_9B568E2A
PAY_BA659808,ORD_4A5AF2BB,MERCH_024,362300,INR,CAPTURED,2026-08-19T00:02:40Z,REF-PAY_9B568E2A
PAY_AFB5BA62,ORD_E4DF65A1,MERCH_046,704800,INR,CAPTURED,2026-07-08T23:19:00Z,REF-PAY_AFB5BA62
PAY_C7F2ED27,ORD_28881EA2,MERCH_006,148400,INR,CAPTURED,2026-07-13T10:22:05Z,REF-PAY_C7F2ED27
PAY_2A97E06C,ORD_28881EA2,MERCH_006,148400,INR,CAPTURED,2026-07-13T10:22:05Z,REF-PAY_C7F2ED27
PAY_61E630D3,ORD_37BC2514,MERCH_035,1477300,INR,CAPTURED,2026-07-25T16:41:11Z,REF-PAY_61E630D3
PAY_8CD28F48,ORD_BABEBAD5,MERCH_034,1946600,INR,CAPTURED,2026-07-25T13:38:09Z,REF-PAY_8CD28F48
PAY_B649F845,ORD_EA60D188,MERCH_035,1731700,INR,CAPTURED,2026-07-18T08:04:00Z,REF-PAY_B649F845
PAY_E68B30BD,ORD_D65E880C,MERCH_002,1748000,INR,CAPTURED,2026-08-07T20:21:17Z,REF-PAY_E68B30BD
PAY_4375E9B3,ORD_1BBE106C,MERCH_046,972100,INR,CAPTURED,2026-08-19T08:42:49Z,REF-PAY_4375E9B3
PAY_FB267E77,ORD_2FD71D73,MERCH_041,916000,INR,CAPTURED,2026-07-14T09:54:43Z,REF-PAY_FB267E77
PAY_0C3C0771,ORD_E037D366,MERCH_032,1287700,INR,CAPTURED,2026-08-19T18:05:33Z,REF-PAY_0C3C0771
PAY_A6D34A4E,ORD_75A0FA7F,MERCH_008,769500,INR,CAPTURED,2026-07-27T00:25:37Z,REF-PAY_A6D34A4E
PAY_EAFA2CD5,ORD_579BE64F,MERCH_004,1653500,INR,CAPTURED,2026-08-06T08:11:22Z,REF-PAY_EAFA2CD5
PAY_EA3217E7,ORD_825D3B04,MERCH_010,196800,INR,CAPTURED,2026-08-04T20:38:38Z,REF-PAY_EA3217E7
PAY_65B8FF99,ORD_17A18F3C,MERCH_032,1013200,INR,CAPTURED,2026-08-03T09:48:05Z,REF-PAY_65B8FF99
PAY_EB0D1B43,ORD_17A18F3C,MERCH_032,1013200,INR,CAPTURED,2026-08-03T09:48:05Z,REF-PAY_65B8FF99
PAY_A732A919,ORD_37CD4736,MERCH_004,239000,INR,CAPTURED,2026-09-01T21:20:14Z,REF-PAY_A732A919
PAY_BB87D37F,ORD_707ECFA4,MERCH_048,644300,INR,CAPTURED,2026-07-09T07:59:00Z,REF-PAY_BB87D37F
PAY_E0EFC996,ORD_44E5E75C,MERCH_036,1694200,INR,CAPTURED,2026-07-07T06:02:15Z,REF-PAY_E0EFC996
PAY_E44F8267,ORD_8141D6B2,MERCH_014,1897100,INR,CAPTURED,2026-07-06T17:24:54Z,REF-PAY_E44F8267
PAY_CCC6C7C7,ORD_8141D6B2,MERCH_014,1897100,INR,CAPTURED,2026-07-06T17:24:54Z,REF-PAY_E44F8267
PAY_F9819CA1,ORD_5856AE96,MERCH_023,225000,INR,CAPTURED,2026-07-28T03:23:50Z,REF-PAY_F9819CA1
PAY_F5931A09,ORD_C1EFC83B,MERCH_003,1944800,INR,CAPTURED,2026-07-20T03:20:16Z,REF-PAY_F5931A09
PAY_A286C81C,ORD_F74A7A3C,MERCH_041,1003500,INR,CAPTURED,2026-08-08T19:55:45Z,REF-PAY_A286C81C
PAY_C5A9F523,ORD_0B8D04B5,MERCH_044,1231400,INR,CAPTURED,2026-08-25T03:08:35Z,REF-PAY_C5A9F523
PAY_51164BC2,ORD_E7CC2BD2,MERCH_013,1546400,INR,CAPTURED,2026-08-23T18:36:38Z,REF-PAY_51164BC2
PAY_0EF90E4C,ORD_F27A7AF1,MERCH_007,1849800,INR,CAPTURED,2026-08-25T01:40:29Z,REF-PAY_0EF90E4C
PAY_EFB562D4,ORD_B4275263,MERCH_048,1743700,INR,CAPTURED,2026-08-01T23:52:36Z,REF-PAY_EFB562D4
PAY_807FCE38,ORD_5D1FAAEB,MERCH_035,467100,INR,CAPTURED,2026-07-21T03:27:18Z,REF-PAY_807FCE38
PAY_9894FCBC,ORD_24C4B35C,MERCH_031,1130400,INR,CAPTURED,2026-08-16T20:56:23Z,REF-PAY_9894FCBC
PAY_53BCC3DA,ORD_3B4C43E4,MERCH_004,1133200,INR,CAPTURED,2026-07-27T23:06:08Z,REF-PAY_53BCC3DA
PAY_613FD76E,ORD_FD46AD64,MERCH_045,976700,INR,CAPTURED,2026-08-23T04:38:18Z,REF-PAY_613FD76E
PAY_C3F940B6,ORD_81EBBD47,MERCH_043,237900,INR,CAPTURED,2026-07-25T02:32:35Z,REF-PAY_C3F940B6
PAY_1A6718FB,ORD_FB450015,MERCH_031,1094500,INR,CAPTURED,2026-07-16T09:07:08Z,REF-PAY_1A6718FB
PAY_5C212E22,ORD_A445126A,MERCH_042,110100,INR,CAPTURED,2026-08-11T10:33:47Z,REF-PAY_5C212E22
PAY_628FCEDC,ORD_E8D963C7,MERCH_041,1903800,INR,CAPTURED,2026-08-11T03:09:16Z,REF-PAY_628FCEDC
PAY_CC2D6EB5,ORD_98DDAC5D,MERCH_027,642500,INR,CAPTURED,2026-07-20T04:31:08Z,REF-PAY_CC2D6EB5
PAY_240C6098,ORD_9E2AAE38,MERCH_011,1218300,INR,CAPTURED,2026-08-08T08:02:19Z,REF-PAY_240C6098
PAY_4905A43E,ORD_0729A105,MERCH_003,1466800,INR,CAPTURED,2026-08-15T10:39:35Z,REF-PAY_4905A43E
PAY_235D462C,ORD_BCCB6BDB,MERCH_007,1337600,INR,CAPTURED,2026-08-23T12:54:38Z,REF-PAY_235D462C
PAY_22FCB4D8,ORD_F98BB81B,MERCH_045,248100,INR,CAPTURED,2026-07-01T22:10:45Z,REF-PAY_22FCB4D8
PAY_4B51C807,ORD_7C238996,MERCH_018,786500,INR,CAPTURED,2026-07-01T13:51:02Z,REF-PAY_4B51C807
PAY_F5C5DA56,ORD_255A1F6F,MERCH_046,213600,INR,CAPTURED,2026-08-06T07:37:53Z,REF-PAY_F5C5DA56
PAY_54683931,ORD_44A2DC51,MERCH_023,833300,INR,CAPTURED,2026-08-20T18:33:11Z,REF-PAY_54683931
PAY_3C5C0B15,ORD_4916DC7D,MERCH_037,1406600,INR,CAPTURED,2026-08-29T06:27:30Z,REF-PAY_3C5C0B15
PAY_5DC0798A,ORD_B0283DB4,MERCH_031,674600,INR,CAPTURED,2026-07-20T04:39:03Z,REF-PAY_5DC0798A
PAY_BB2AA0F4,ORD_CB0FA921,MERCH_002,382700,INR,CAPTURED,2026-07-05T09:47:10Z,REF-PAY_BB2AA0F4
PAY_B7621F8D,ORD_A0F19152,MERCH_048,1921900,INR,CAPTURED,2026-08-05T07:56:39Z,REF-PAY_B7621F8D
PAY_8CF64119,ORD_1AFAAB61,MERCH_016,976900,INR,CAPTURED,2026-07-01T19:07:14Z,REF-PAY_8CF64119
PAY_B3A22A3C,ORD_08C315A9,MERCH_040,527600,INR,CAPTURED,2026-07-13T10:32:41Z,REF-PAY_B3A22A3C
PAY_5BB3D32F,ORD_832ED8EA,MERCH_046,551000,INR,CAPTURED,2026-08-16T11:07:07Z,REF-PAY_5BB3D32F
PAY_1F9238C3,ORD_4B15A142,MERCH_047,101500,INR,CAPTURED,2026-07-03T10:42:49Z,REF-PAY_1F9238C3
PAY_9169801C,ORD_4B15A142,MERCH_047,101500,INR,CAPTURED,2026-07-03T10:42:49Z,REF-PAY_1F9238C3
PAY_D773C264,ORD_A1AD244C,MERCH_014,985400,INR,CAPTURED,2026-08-27T05:10:32Z,REF-PAY_D773C264
PAY_B8DEF7F0,ORD_3D93ED4C,MERCH_040,807100,INR,CAPTURED,2026-07-21T07:47:17Z,REF-PAY_B8DEF7F0
PAY_BAB80FB3,ORD_80B93874,MERCH_002,1978800,INR,CAPTURED,2026-08-31T00:45:58Z,REF-PAY_BAB80FB3
PAY_E6B92CEF,ORD_D02070D3,MERCH_001,643500,INR,CAPTURED,2026-08-10T04:34:51Z,REF-PAY_E6B92CEF
PAY_904FBA5E,ORD_3AAE7EB2,MERCH_041,219000,INR,CAPTURED,2026-08-12T21:37:47Z,REF-PAY_904FBA5E
PAY_7DDF9DD3,ORD_019F2219,MERCH_009,182800,INR,CAPTURED,2026-08-31T15:17:13Z,REF-PAY_7DDF9DD3
PAY_575A9D73,ORD_819FCCB2,MERCH_021,1705000,INR,CAPTURED,2026-07-22T09:55:24Z,REF-PAY_575A9D73
PAY_0BA43156,ORD_E596C1D5,MERCH_013,1419500,INR,CAPTURED,2026-07-04T23:24:06Z,REF-PAY_0BA43156
PAY_D5004C11,ORD_FFD6C3C8,MERCH_031,1567500,INR,CAPTURED,2026-08-04T06:31:54Z,REF-PAY_D5004C11
PAY_309EE700,ORD_6BA0F8EE,MERCH_026,1302700,INR,CAPTURED,2026-07-19T10:12:46Z,REF-PAY_309EE700
PAY_4D150BF5,ORD_669CC5B8,MERCH_043,1443900,INR,CAPTURED,2026-07-22T16:18:23Z,REF-PAY_4D150BF5
PAY_3C5B9C51,ORD_B46A1FF5,MERCH_021,492000,INR,CAPTURED,2026-08-25T18:31:34Z,REF-PAY_3C5B9C51
PAY_806025DB,ORD_F4F15455,MERCH_022,232700,INR,CAPTURED,2026-08-04T12:20:24Z,REF-PAY_806025DB
PAY_7E720C5B,ORD_021300F3,MERCH_020,906700,INR,CAPTURED,2026-08-01T16:11:40Z,REF-PAY_7E720C5B
PAY_2A97FA86,ORD_DA72D381,MERCH_011,986500,INR,CAPTURED,2026-08-12T11:08:02Z,REF-PAY_2A97FA86
PAY_CA86BDE4,ORD_AE9F6605,MERCH_044,1614900,INR,CAPTURED,2026-07-25T16:10:23Z,REF-PAY_CA86BDE4
PAY_6E6CE23F,ORD_C5D4E885,MERCH_046,300800,INR,CAPTURED,2026-08-09T01:00:12Z,REF-PAY_6E6CE23F
PAY_DB97AB34,ORD_7E33334A,MERCH_007,1520500,INR,CAPTURED,2026-07-21T22:07:00Z,REF-PAY_DB97AB34
PAY_C34F711F,ORD_004F2DAB,MERCH_014,855000,INR,CAPTURED,2026-07-04T15:51:11Z,REF-PAY_C34F711F
PAY_DB297545,ORD_EBDE016A,MERCH_030,1007500,INR,CAPTURED,2026-07-09T19:27:12Z,REF-PAY_DB297545
PAY_6CFD083F,ORD_6ED095CE,MERCH_024,598000,INR,CAPTURED,2026-08-01T02:48:13Z,REF-PAY_6CFD083F
PAY_AC7C0F92,ORD_3E7F0F84,MERCH_026,1260500,INR,CAPTURED,2026-08-23T18:27:12Z,REF-PAY_AC7C0F92
PAY_F8FD3A4B,ORD_06D1DCFC,MERCH_011,1404400,INR,CAPTURED,2026-07-23T01:05:42Z,REF-PAY_F8FD3A4B
PAY_44CF8B39,ORD_92CBC9C1,MERCH_003,264500,INR,CAPTURED,2026-08-21T09:55:03Z,REF-PAY_44CF8B39
PAY_15425AEB,ORD_92CBC9C1,MERCH_003,264500,INR,CAPTURED,2026-08-21T09:55:03Z,REF-PAY_44CF8B39
PAY_36CB9F92,ORD_C4BC02A6,MERCH_024,654000,INR,CAPTURED,2026-07-22T00:42:18Z,REF-PAY_36CB9F92
PAY_B5D25CF5,ORD_29F1D636,MERCH_001,1742900,INR,CAPTURED,2026-08-09T17:49:50Z,REF-PAY_B5D25CF5
PAY_3686B3B8,ORD_55BBB45E,MERCH_026,1406300,INR,CAPTURED,2026-07-29T09:29:42Z,REF-PAY_3686B3B8
PAY_BDC5C0B8,ORD_DB100EE1,MERCH_031,218800,INR,CAPTURED,2026-08-22T06:33:59Z,REF-PAY_BDC5C0B8
PAY_F791DDF8,ORD_729EB859,MERCH_034,399700,INR,CAPTURED,2026-07-28T16:05:19Z,REF-PAY_F791DDF8
PAY_B3A4CF94,ORD_89ABF628,MERCH_047,591000,INR,CAPTURED,2026-07-30T19:00:18Z,REF-PAY_B3A4CF94
PAY_376DE172,ORD_97F7640B,MERCH_034,290100,INR,CAPTURED,2026-07-23T06:59:39Z,REF-PAY_376DE172
PAY_5C6D0C14,ORD_8C9EE29B,MERCH_045,1664700,INR,CAPTURED,2026-08-27T23:22:23Z,REF-PAY_5C6D0C14
PAY_A6AAFFCB,ORD_8C9EE29B,MERCH_045,1664700,INR,CAPTURED,2026-08-27T23:22:23Z,REF-PAY_5C6D0C14
PAY_F2B9FF62,ORD_A1FE4189,MERCH_013,11200,INR,CAPTURED,2026-07-01T13:52:53Z,REF-PAY_F2B9FF62
PAY_0D3C0997,ORD_A1FE4189,MERCH_013,11200,INR,CAPTURED,2026-07-01T13:52:53Z,REF-PAY_F2B9FF62
PAY_6534E6E2,ORD_741116D0,MERCH_014,235500,INR,CAPTURED,2026-07-18T22:28:28Z,REF-PAY_6534E6E2
PAY_2E0CD833,ORD_023ADAFA,MERCH_021,847600,INR,CAPTURED,2026-08-12T03:42:58Z,REF-PAY_2E0CD833
PAY_CD1EF1F7,ORD_0B0BD218,MERCH_033,1094500,INR,CAPTURED,2026-08-08T20:13:12Z,REF-PAY_CD1EF1F7
PAY_6CF74BA5,ORD_674A9381,MERCH_037,717400,INR,CAPTURED,2026-08-13T23:52:26Z,REF-PAY_6CF74BA5
PAY_5FB3B86B,ORD_F8912562,MERCH_030,5500000,INR,CAPTURED,2026-08-07T11:13:21Z,REF-PAY_5FB3B86B
PAY_A9C6AF63,ORD_79D19AAD,MERCH_009,1160100,INR,CAPTURED,2026-08-10T13:39:46Z,REF-PAY_A9C6AF63
PAY_1F4392D5,ORD_35276CAC,MERCH_011,1852100,INR,CAPTURED,2026-08-17T03:09:06Z,REF-PAY_1F4392D5
PAY_DFDEFE73,ORD_32E20E5E,MERCH_046,967300,INR,CAPTURED,2026-08-04T09:04:45Z,REF-PAY_DFDEFE73
PAY_8204D20E,ORD_EA308866,MERCH_008,692100,INR,CAPTURED,2026-08-10T03:55:45Z,REF-PAY_8204D20E
PAY_DF515CCA,ORD_9A1A3A4F,MERCH_018,462200,INR,CAPTURED,2026-07-13T21:07:49Z,REF-PAY_DF515CCA
PAY_BC753E2E,ORD_9A1A3A4F,MERCH_018,462200,INR,CAPTURED,2026-07-13T21:07:49Z,REF-PAY_DF515CCA
PAY_6A6F98C7,ORD_6411DB99,MERCH_048,1112800,INR,CAPTURED,2026-08-14T21:41:28Z,REF-PAY_6A6F98C7
PAY_964466A8,ORD_4FEBB39A,MERCH_036,96400,INR,CAPTURED,2026-07-04T17:49:24Z,REF-PAY_964466A8
PAY_316EA914,ORD_E4971B57,MERCH_027,757700,INR,CAPTURED,2026-08-31T04:10:57Z,REF-PAY_316EA914
PAY_0D7CAF3E,ORD_F492E3CC,MERCH_003,985000,INR,CAPTURED,2026-07-22T01:12:19Z,REF-PAY_0D7CAF3E
PAY_7BA3A766,ORD_E94F96CE,MERCH_048,1787600,INR,CAPTURED,2026-08-14T16:53:05Z,REF-PAY_7BA3A766
PAY_610792F1,ORD_E94F96CE,MERCH_048,1787600,INR,CAPTURED,2026-08-14T16:53:05Z,REF-PAY_7BA3A766
PAY_DE1DE5FA,ORD_1682440B,MERCH_033,1851600,INR,CAPTURED,2026-07-20T21:48:07Z,REF-PAY_DE1DE5FA
PAY_453241D8,ORD_8145FEAE,MERCH_035,1408500,INR,CAPTURED,2026-07-10T02:23:39Z,REF-PAY_453241D8
PAY_88181146,ORD_7D933AF3,MERCH_031,888800,INR,CAPTURED,2026-07-22T15:37:34Z,REF-PAY_88181146
PAY_29F122E9,ORD_72D122A4,MERCH_008,1440100,INR,CAPTURED,2026-07-17T17:56:49Z,REF-PAY_29F122E9
PAY_D861BCA7,ORD_1CB28C75,MERCH_024,20800,INR,CAPTURED,2026-07-08T05:24:20Z,REF-PAY_D861BCA7
PAY_A9BA4B39,ORD_DB4EF3AE,MERCH_028,829000,INR,CAPTURED,2026-08-22T05:33:11Z,REF-PAY_A9BA4B39
PAY_A29D5631,ORD_87324804,MERCH_021,995000,INR,CAPTURED,2026-08-02T03:58:01Z,REF-PAY_A29D5631
PAY_E7BD0CF4,ORD_12DBE0C2,MERCH_025,913000,INR,CAPTURED,2026-08-02T08:54:02Z,REF-PAY_E7BD0CF4
PAY_0C4E4053,ORD_9F132C12,MERCH_045,600700,INR,CAPTURED,2026-08-23T06:12:11Z,REF-PAY_0C4E4053
PAY_78B703DB,ORD_50B768D3,MERCH_020,536900,INR,CAPTURED,2026-07-29T07:23:20Z,REF-PAY_78B703DB
PAY_C632EB1B,ORD_A33FAB40,MERCH_005,1118300,INR,CAPTURED,2026-07-25T05:47:50Z,REF-PAY_C632EB1B
PAY_95C2BE60,ORD_D54A855D,MERCH_037,1912400,INR,CAPTURED,2026-08-28T13:26:52Z,REF-PAY_95C2BE60
PAY_3DEFFDC1,ORD_5B58BB9E,MERCH_029,237100,INR,CAPTURED,2026-08-27T11:08:21Z,REF-PAY_3DEFFDC1
PAY_49CC16BD,ORD_87439300,MERCH_039,634800,INR,CAPTURED,2026-08-18T05:23:45Z,REF-PAY_49CC16BD
PAY_5A0ED28D,ORD_239FC358,MERCH_018,1477200,INR,CAPTURED,2026-08-16T19:12:12Z,REF-PAY_5A0ED28D
PAY_99D47858,ORD_78953A88,MERCH_008,1758100,INR,CAPTURED,2026-07-15T01:36:27Z,REF-PAY_99D47858
PAY_ADD1F4EF,ORD_CFC39D32,MERCH_017,751200,INR,CAPTURED,2026-07-03T07:11:48Z,REF-PAY_ADD1F4EF
PAY_3F24740E,ORD_3D47C486,MERCH_006,1026500,INR,CAPTURED,2026-08-01T13:58:01Z,REF-PAY_3F24740E
PAY_07C4688B,ORD_FF882929,MERCH_001,378000,INR,CAPTURED,2026-08-24T19:41:33Z,REF-PAY_07C4688B
PAY_AABDE8F1,ORD_447FF8F8,MERCH_010,1788300,INR,CAPTURED,2026-08-24T03:55:59Z,REF-PAY_AABDE8F1
PAY_54D70641,ORD_AF07B7F9,MERCH_041,111900,INR,CAPTURED,2026-07-27T03:21:22Z,REF-PAY_54D70641
PAY_E2ED7F8F,ORD_A9473653,MERCH_029,1787900,INR,CAPTURED,2026-08-31T04:12:16Z,REF-PAY_E2ED7F8F
PAY_97FD6B01,ORD_353DBC89,MERCH_049,397200,INR,CAPTURED,2026-09-01T16:52:02Z,REF-PAY_97FD6B01
PAY_B8D6C825,ORD_A4263B99,MERCH_036,1558200,INR,CAPTURED,2026-07-23T05:34:17Z,REF-PAY_B8D6C825
PAY_AC559615,ORD_83A1CBA4,MERCH_043,1066500,INR,CAPTURED,2026-07-19T10:03:08Z,REF-PAY_AC559615
PAY_8F137FDB,ORD_C1866B1C,MERCH_010,1964400,INR,CAPTURED,2026-08-04T15:02:07Z,REF-PAY_8F137FDB
PAY_2A3E0FEB,ORD_2687E5EB,MERCH_025,1099300,INR,CAPTURED,2026-08-03T03:05:41Z,REF-PAY_2A3E0FEB
PAY_B28DFB30,ORD_7DA5611F,MERCH_039,797500,INR,CAPTURED,2026-08-11T02:23:26Z,REF-PAY_B28DFB30
PAY_201D6E52,ORD_8AA3F393,MERCH_020,1390300,INR,CAPTURED,2026-07-07T01:49:10Z,REF-PAY_201D6E52
PAY_FA0A911E,ORD_FE3DEAD1,MERCH_001,5500000,INR,CAPTURED,2026-08-23T22:35:04Z,REF-PAY_FA0A911E
PAY_B43C4953,ORD_02F403FE,MERCH_034,404900,INR,CAPTURED,2026-08-15T23:09:41Z,REF-PAY_B43C4953
PAY_A3490FCB,ORD_9511103C,MERCH_021,1871500,INR,CAPTURED,2026-08-08T10:41:28Z,REF-PAY_A3490FCB
PAY_776345B1,ORD_45F2E81F,MERCH_042,1597500,INR,CAPTURED,2026-07-30T13:53:57Z,REF-PAY_776345B1
PAY_4D69EA93,ORD_6E135FA8,MERCH_003,1897100,INR,CAPTURED,2026-07-01T12:28:23Z,REF-PAY_4D69EA93
PAY_8DD07C3D,ORD_6E135FA8,MERCH_003,1897100,INR,CAPTURED,2026-07-01T12:28:23Z,REF-PAY_4D69EA93
PAY_EAC3C21F,ORD_6105AAE3,MERCH_031,544900,INR,CAPTURED,2026-08-15T12:42:41Z,REF-PAY_EAC3C21F
PAY_13241003,ORD_207C787E,MERCH_034,1610500,INR,CAPTURED,2026-07-17T08:29:38Z,REF-PAY_13241003
PAY_B625DBDF,ORD_CBEB913E,MERCH_013,1106100,INR,CAPTURED,2026-08-18T23:44:00Z,REF-PAY_B625DBDF
PAY_B33EE1ED,ORD_DEAC923A,MERCH_004,438900,INR,CAPTURED,2026-08-25T09:57:30Z,REF-PAY_B33EE1ED
PAY_12720378,ORD_6B50DC45,MERCH_021,1262900,INR,CAPTURED,2026-07-25T08:37:07Z,REF-PAY_12720378
PAY_57B4EEEA,ORD_9EF81F84,MERCH_020,39600,INR,CAPTURED,2026-08-16T19:22:02Z,REF-PAY_57B4EEEA
PAY_E16D915F,ORD_DD13BD4B,MERCH_049,1269000,INR,CAPTURED,2026-08-14T15:22:33Z,REF-PAY_E16D915F
PAY_B548EACD,ORD_282BCAB9,MERCH_034,176900,INR,CAPTURED,2026-08-02T02:52:40Z,REF-PAY_B548EACD
PAY_2192C402,ORD_79DD5325,MERCH_014,1940800,INR,CAPTURED,2026-07-21T11:45:05Z,REF-PAY_2192C402
PAY_5E8F66BC,ORD_B6B37EE3,MERCH_014,1760100,INR,CAPTURED,2026-08-16T03:53:50Z,REF-PAY_5E8F66BC
PAY_7B2D68DE,ORD_1D33DD25,MERCH_001,27300,INR,CAPTURED,2026-07-19T13:50:20Z,REF-PAY_7B2D68DE
PAY_12463A05,ORD_38FFF9C4,MERCH_039,1440900,INR,CAPTURED,2026-07-15T10:49:54Z,REF-PAY_12463A05
PAY_185E40F2,ORD_5548F36E,MERCH_037,1378600,INR,CAPTURED,2026-08-15T05:44:39Z,REF-PAY_185E40F2
PAY_A28534F8,ORD_34F5BCB7,MERCH_034,877900,INR,CAPTURED,2026-07-06T03:13:33Z,REF-PAY_A28534F8
PAY_D57C8F65,ORD_DC2D90D2,MERCH_015,15400,INR,CAPTURED,2026-07-17T03:29:48Z,REF-PAY_D57C8F65
PAY_5DF4C479,ORD_93129179,MERCH_028,1145200,INR,CAPTURED,2026-08-14T07:20:16Z,REF-PAY_5DF4C479
PAY_0671F5F8,ORD_A0139510,MERCH_004,789600,INR,CAPTURED,2026-07-16T05:46:32Z,REF-PAY_0671F5F8
PAY_38ECD3DA,ORD_B055F6AE,MERCH_043,1413800,INR,CAPTURED,2026-07-05T00:30:00Z,REF-PAY_38ECD3DA
PAY_2B59AEB1,ORD_2CD31950,MERCH_044,1717300,INR,CAPTURED,2026-07-12T17:07:29Z,REF-PAY_2B59AEB1
PAY_4B168024,ORD_A40D3AD7,MERCH_013,306400,INR,CAPTURED,2026-07-21T17:34:46Z,REF-PAY_4B168024
PAY_389E6537,ORD_005A05A1,MERCH_021,385500,INR,CAPTURED,2026-07-13T05:28:54Z,REF-PAY_389E6537
PAY_091C56DD,ORD_F308380B,MERCH_004,19800,INR,CAPTURED,2026-08-07T19:17:51Z,REF-PAY_091C56DD
PAY_6F6AECA6,ORD_564D15C9,MERCH_031,1075600,INR,CAPTURED,2026-08-25T05:05:05Z,REF-PAY_6F6AECA6
PAY_8028B4B9,ORD_564D15C9,MERCH_031,1075600,INR,CAPTURED,2026-08-25T05:05:05Z,REF-PAY_6F6AECA6
PAY_355DC1FD,ORD_BFE2227D,MERCH_027,1780800,INR,CAPTURED,2026-07-14T01:12:08Z,REF-PAY_355DC1FD
PAY_8BD9F609,ORD_EBA5D58B,MERCH_043,1860200,INR,CAPTURED,2026-07-17T14:52:10Z,REF-PAY_8BD9F609
PAY_F4BD64AF,ORD_E5DC9255,MERCH_025,350500,INR,CAPTURED,2026-07-07T17:58:02Z,REF-PAY_F4BD64AF
PAY_90876AF3,ORD_E759DD40,MERCH_023,524100,INR,CAPTURED,2026-07-25T20:54:43Z,REF-PAY_90876AF3
PAY_EBD3A705,ORD_C0A7EC2F,MERCH_041,1966700,INR,CAPTURED,2026-07-29T17:57:03Z,REF-PAY_EBD3A705
PAY_9B81018C,ORD_4110C781,MERCH_031,49100,INR,CAPTURED,2026-08-27T14:53:15Z,REF-PAY_9B81018C
PAY_6E7D9AED,ORD_7EFBF01A,MERCH_033,244100,INR,CAPTURED,2026-08-23T20:04:33Z,REF-PAY_6E7D9AED
PAY_B9158888,ORD_696B764B,MERCH_041,927400,INR,CAPTURED,2026-08-10T02:52:08Z,REF-PAY_B9158888
PAY_351D7937,ORD_BE0EC509,MERCH_023,805400,INR,CAPTURED,2026-07-24T07:11:26Z,REF-PAY_351D7937
PAY_8A4AC0B3,ORD_E34F8D6B,MERCH_037,146500,INR,CAPTURED,2026-07-13T21:51:31Z,REF-PAY_8A4AC0B3
PAY_DF45A870,ORD_FD1D6861,MERCH_026,911000,INR,CAPTURED,2026-07-05T06:05:00Z,REF-PAY_DF45A870
PAY_83616A9D,ORD_88B9F563,MERCH_017,1383100,INR,CAPTURED,2026-08-22T06:56:47Z,REF-PAY_83616A9D
PAY_D61329F7,ORD_748B511D,MERCH_019,1619700,INR,CAPTURED,2026-08-10T15:51:26Z,REF-PAY_D61329F7
PAY_F45F755D,ORD_656C522D,MERCH_034,649000,INR,CAPTURED,2026-08-24T17:16:03Z,REF-PAY_F45F755D
PAY_FE785BAE,ORD_79F42A20,MERCH_042,800600,INR,CAPTURED,2026-08-11T03:53:53Z,REF-PAY_FE785BAE
PAY_AB8477B9,ORD_3FCDAF9A,MERCH_028,1343500,INR,CAPTURED,2026-07-24T18:23:16Z,REF-PAY_AB8477B9
PAY_0B6B2AEE,ORD_802FC3F0,MERCH_027,1665900,INR,CAPTURED,2026-07-21T23:09:39Z,REF-PAY_0B6B2AEE
PAY_C52C260A,ORD_2A429196,MERCH_041,371500,INR,CAPTURED,2026-08-08T20:29:22Z,REF-PAY_C52C260A
PAY_DF396D8F,ORD_EFAD8EAD,MERCH_014,413400,INR,CAPTURED,2026-07-27T19:25:43Z,REF-PAY_DF396D8F
PAY_12EF053D,ORD_7A296143,MERCH_035,352400,INR,CAPTURED,2026-07-12T10:33:46Z,REF-PAY_12EF053D
PAY_E34F47E7,ORD_9BB5968C,MERCH_011,1027000,INR,CAPTURED,2026-07-22T09:45:16Z,REF-PAY_E34F47E7
PAY_7368DA5B,ORD_4CA8359E,MERCH_037,1834900,INR,CAPTURED,2026-08-16T13:58:01Z,REF-PAY_7368DA5B
PAY_A8EC9B00,ORD_A622D4DD,MERCH_044,1594100,INR,CAPTURED,2026-08-17T08:40:04Z,REF-PAY_A8EC9B00
PAY_593FD26A,ORD_F6068B13,MERCH_045,1770200,INR,CAPTURED,2026-07-01T15:45:49Z,REF-PAY_593FD26A
PAY_89DA109D,ORD_7F71017B,MERCH_020,893200,INR,CAPTURED,2026-08-14T06:55:03Z,REF-PAY_89DA109D
PAY_D39315E3,ORD_B5F03249,MERCH_036,1515100,INR,CAPTURED,2026-07-12T18:18:00Z,REF-PAY_D39315E3
PAY_6ACA3F76,ORD_BC4CC505,MERCH_017,1876500,INR,CAPTURED,2026-07-16T23:12:57Z,REF-PAY_6ACA3F76
PAY_EA6CD0F9,ORD_4BE2B38A,MERCH_048,1225300,INR,CAPTURED,2026-08-16T00:40:52Z,REF-PAY_EA6CD0F9
PAY_E7890543,ORD_D89237A4,MERCH_004,272100,INR,CAPTURED,2026-07-23T09:32:06Z,REF-PAY_E7890543
PAY_42E4C253,ORD_5EE808D7,MERCH_046,1235700,INR,CAPTURED,2026-08-17T20:53:02Z,REF-PAY_42E4C253
PAY_89E18B04,ORD_12EADA05,MERCH_014,1803400,INR,CAPTURED,2026-07-16T17:24:01Z,REF-PAY_89E18B04
PAY_B90BF07C,ORD_A2A25485,MERCH_025,432700,INR,CAPTURED,2026-08-25T07:44:54Z,REF-PAY_B90BF07C
PAY_1443E26F,ORD_879DF5ED,MERCH_041,674900,INR,CAPTURED,2026-08-19T20:13:03Z,REF-PAY_1443E26F
PAY_39A11104,ORD_901A70C1,MERCH_046,1895500,INR,CAPTURED,2026-08-05T04:38:15Z,REF-PAY_39A11104
PAY_6952B939,ORD_464A5FDA,MERCH_032,1984300,INR,CAPTURED,2026-08-12T18:23:46Z,REF-PAY_6952B939
PAY_7AA4130E,ORD_985072D7,MERCH_042,1161800,INR,CAPTURED,2026-07-14T21:37:40Z,REF-PAY_7AA4130E
PAY_D7B7EABB,ORD_985072D7,MERCH_042,1161800,INR,CAPTURED,2026-07-14T21:37:40Z,REF-PAY_7AA4130E
PAY_70E69D82,ORD_A95DED57,MERCH_002,1553100,INR,CAPTURED,2026-08-06T07:54:46Z,REF-PAY_70E69D82
PAY_7F2409B3,ORD_AE67345C,MERCH_024,1856000,INR,CAPTURED,2026-07-12T22:39:31Z,REF-PAY_7F2409B3
PAY_570772D6,ORD_28792079,MERCH_027,1203900,INR,CAPTURED,2026-08-03T18:31:40Z,REF-PAY_570772D6
PAY_E10D022F,ORD_14AE0EF0,MERCH_031,972600,INR,CAPTURED,2026-08-02T22:29:19Z,REF-PAY_E10D022F
PAY_6604A408,ORD_2FEACB7E,MERCH_027,456600,INR,CAPTURED,2026-08-25T15:46:29Z,REF-PAY_6604A408
PAY_D8FA27F5,ORD_BAFE0EE0,MERCH_046,1910100,INR,CAPTURED,2026-07-22T19:15:31Z,REF-PAY_D8FA27F5
PAY_FD67F82B,ORD_959B026F,MERCH_026,358400,INR,CAPTURED,2026-07-08T16:09:29Z,REF-PAY_FD67F82B
PAY_2D2E9408,ORD_1407DD3E,MERCH_006,1434100,INR,CAPTURED,2026-07-06T21:34:23Z,REF-PAY_2D2E9408
PAY_F218650A,ORD_988D69D6,MERCH_028,568600,INR,CAPTURED,2026-08-12T03:30:32Z,REF-PAY_F218650A
PAY_40585472,ORD_3BCA770D,MERCH_034,278400,INR,CAPTURED,2026-08-22T07:08:49Z,REF-PAY_40585472
PAY_BA897D70,ORD_8C1AD090,MERCH_025,1841600,INR,CAPTURED,2026-08-17T02:58:40Z,REF-PAY_BA897D70
PAY_0202CC21,ORD_CEA391D1,MERCH_012,995000,INR,CAPTURED,2026-07-24T19:30:03Z,REF-PAY_0202CC21
PAY_3D25B909,ORD_00A50E6F,MERCH_007,1201600,INR,CAPTURED,2026-07-30T00:00:24Z,REF-PAY_3D25B909
PAY_19C9B4DA,ORD_0FDF1EA1,MERCH_028,1658000,INR,CAPTURED,2026-07-15T06:46:57Z,REF-PAY_19C9B4DA
PAY_78DFCB10,ORD_807F7F21,MERCH_014,85200,INR,CAPTURED,2026-08-03T13:23:40Z,REF-PAY_78DFCB10
PAY_01C49F2C,ORD_807F7F21,MERCH_014,85200,INR,CAPTURED,2026-08-03T13:23:40Z,REF-PAY_78DFCB10
PAY_FC6E618C,ORD_A075A02E,MERCH_002,875600,INR,CAPTURED,2026-07-21T13:37:08Z,REF-PAY_FC6E618C
PAY_781E565E,ORD_21D4A880,MERCH_047,1331400,INR,CAPTURED,2026-08-13T21:31:24Z,REF-PAY_781E565E
PAY_4F31CBE0,ORD_21FB5C9D,MERCH_032,1094100,INR,CAPTURED,2026-07-28T04:08:08Z,REF-PAY_4F31CBE0
PAY_0D59F605,ORD_84D6B486,MERCH_030,1800500,INR,CAPTURED,2026-08-12T12:19:10Z,REF-PAY_0D59F605
PAY_B70C918C,ORD_172A91CB,MERCH_034,191100,INR,CAPTURED,2026-08-13T15:16:40Z,REF-PAY_B70C918C
PAY_B92D6429,ORD_E727F7EB,MERCH_006,1522700,INR,CAPTURED,2026-08-03T11:38:11Z,REF-PAY_B92D6429
PAY_4F606C9A,ORD_4EDB66A5,MERCH_015,701100,INR,CAPTURED,2026-07-15T14:05:47Z,REF-PAY_4F606C9A
PAY_2158FF43,ORD_5D73BB14,MERCH_007,60000000,INR,CAPTURED,2026-08-04T04:18:22Z,REF-PAY_2158FF43
PAY_0168D193,ORD_696A3705,MERCH_003,15000000,INR,CAPTURED,2026-08-27T17:47:13Z,REF-PAY_0168D193
PAY_9F493142,ORD_8AA72783,MERCH_003,1628600,INR,CAPTURED,2026-08-13T13:17:20Z,REF-PAY_9F493142
PAY_05803A0A,ORD_6BEF12AE,MERCH_021,1521800,INR,CAPTURED,2026-08-08T04:41:56Z,REF-PAY_05803A0A
PAY_433E60D4,ORD_8C1AE2BE,MERCH_042,42300,INR,CAPTURED,2026-07-05T21:15:35Z,REF-PAY_433E60D4
PAY_FB53E62A,ORD_94AFB4B8,MERCH_028,1990700,INR,CAPTURED,2026-07-15T11:44:59Z,REF-PAY_FB53E62A
PAY_A7595907,ORD_DEBF8147,MERCH_045,878500,INR,CAPTURED,2026-08-26T13:44:43Z,REF-PAY_A7595907
PAY_491F2728,ORD_5A4ACB55,MERCH_010,5500000,INR,CAPTURED,2026-08-30T13:39:27Z,REF-PAY_491F2728
PAY_576F084A,ORD_6E2588C3,MERCH_022,1347900,INR,CAPTURED,2026-08-28T08:07:06Z,REF-PAY_576F084A
PAY_D564AD13,ORD_3DC3282F,MERCH_028,1035300,INR,CAPTURED,2026-07-25T02:37:56Z,REF-PAY_D564AD13
PAY_098F1552,ORD_D164EB95,MERCH_001,1437400,INR,CAPTURED,2026-07-20T10:10:13Z,REF-PAY_098F1552
PAY_CED14AA7,ORD_9B6193C9,MERCH_045,664600,INR,CAPTURED,2026-07-02T00:34:51Z,REF-PAY_CED14AA7
PAY_B921C2D1,ORD_9F5CE886,MERCH_041,377700,INR,CAPTURED,2026-07-09T02:15:15Z,REF-PAY_B921C2D1
PAY_751C4CEE,ORD_E7252ECF,MERCH_015,1887700,INR,CAPTURED,2026-07-28T12:32:45Z,REF-PAY_751C4CEE
PAY_FE4286E4,ORD_34DF41EA,MERCH_021,538500,INR,CAPTURED,2026-08-25T21:52:12Z,REF-PAY_FE4286E4
PAY_2C451BB3,ORD_24D3C229,MERCH_023,17100,INR,CAPTURED,2026-08-30T03:11:03Z,REF-PAY_2C451BB3
PAY_04152CBC,ORD_830B976A,MERCH_014,1813700,INR,CAPTURED,2026-08-21T00:52:20Z,REF-PAY_04152CBC
PAY_4DC12A15,ORD_79EA6B9E,MERCH_037,1945300,INR,CAPTURED,2026-08-31T21:55:39Z,REF-PAY_4DC12A15
PAY_05A680DF,ORD_11C6019B,MERCH_017,1479900,INR,CAPTURED,2026-08-18T19:27:54Z,REF-PAY_05A680DF
PAY_599828DF,ORD_AEF8FAFA,MERCH_004,389600,INR,CAPTURED,2026-08-24T21:12:02Z,REF-PAY_599828DF
PAY_CB7F2764,ORD_70F2D161,MERCH_048,201400,INR,CAPTURED,2026-07-17T13:45:33Z,REF-PAY_CB7F2764
PAY_CA8B0C0B,ORD_E809ECF6,MERCH_031,1660000,INR,CAPTURED,2026-07-10T15:10:00Z,REF-PAY_CA8B0C0B
PAY_18C1DB20,ORD_A37D025A,MERCH_034,1384100,INR,CAPTURED,2026-08-09T07:23:08Z,REF-PAY_18C1DB20
PAY_FB58EBF4,ORD_A37D025A,MERCH_034,1384100,INR,CAPTURED,2026-08-09T07:23:08Z,REF-PAY_18C1DB20
PAY_1AF9D501,ORD_6877051B,MERCH_042,1822800,INR,CAPTURED,2026-07-21T05:57:20Z,REF-PAY_1AF9D501
PAY_477982C0,ORD_C0CC0349,MERCH_024,1596100,INR,CAPTURED,2026-08-22T12:55:04Z,REF-PAY_477982C0
PAY_73F421CE,ORD_4A7191B1,MERCH_045,1352100,INR,CAPTURED,2026-07-01T22:22:17Z,REF-PAY_73F421CE
PAY_4DC94114,ORD_17CC398E,MERCH_032,55300,INR,CAPTURED,2026-07-13T06:11:41Z,REF-PAY_4DC94114
PAY_952AE26C,ORD_4739D06E,MERCH_034,928900,INR,CAPTURED,2026-07-25T06:01:55Z,REF-PAY_952AE26C
PAY_06DFF77F,ORD_BF78A38C,MERCH_034,1651300,INR,CAPTURED,2026-08-31T12:33:00Z,REF-PAY_06DFF77F
PAY_6B60B9A9,ORD_6A656FAE,MERCH_004,1792700,INR,CAPTURED,2026-08-24T03:52:58Z,REF-PAY_6B60B9A9
PAY_0BF36740,ORD_EAC252A0,MERCH_010,15000000,INR,CAPTURED,2026-09-01T21:39:00Z,REF-PAY_0BF36740
PAY_6CF6A7B3,ORD_72936461,MERCH_031,1285300,INR,CAPTURED,2026-08-07T05:46:03Z,REF-PAY_6CF6A7B3
PAY_753B6D71,ORD_AD2D1E39,MERCH_017,1108200,INR,CAPTURED,2026-07-20T04:39:32Z,REF-PAY_753B6D71
PAY_0415E978,ORD_1C296E94,MERCH_024,1664100,INR,CAPTURED,2026-08-11T12:12:32Z,REF-PAY_0415E978
PAY_9454DE35,ORD_453060B6,MERCH_011,42200,INR,CAPTURED,2026-07-22T11:37:35Z,REF-PAY_9454DE35
PAY_B3BD60DA,ORD_1CAD6DCE,MERCH_033,305900,INR,CAPTURED,2026-07-22T21:00:05Z,REF-PAY_B3BD60DA
PAY_37332B35,ORD_00FB2CEF,MERCH_027,1151000,INR,CAPTURED,2026-07-08T22:56:11Z,REF-PAY_37332B35
PAY_E5F78BAC,ORD_EDECDD11,MERCH_010,273100,INR,CAPTURED,2026-07-13T18:39:27Z,REF-PAY_E5F78BAC
PAY_EF6B0E65,ORD_0DA3DA59,MERCH_048,1287300,INR,CAPTURED,2026-08-03T02:00:01Z,REF-PAY_EF6B0E65
PAY_0D65A1DF,ORD_E6F11DB8,MERCH_027,90900,INR,CAPTURED,2026-08-18T00:00:30Z,REF-PAY_0D65A1DF
PAY_F2FDA9C7,ORD_318554E0,MERCH_016,5500000,INR,CAPTURED,2026-08-02T08:36:07Z,REF-PAY_F2FDA9C7
PAY_29016AA5,ORD_4F87E57D,MERCH_021,255100,INR,CAPTURED,2026-07-05T18:12:43Z,REF-PAY_29016AA5
PAY_D65C39B7,ORD_6675630B,MERCH_019,297300,INR,CAPTURED,2026-08-27T19:39:15Z,REF-PAY_D65C39B7
PAY_36843861,ORD_6A3BFD8E,MERCH_039,1496900,INR,CAPTURED,2026-08-15T20:11:02Z,REF-PAY_36843861
PAY_4B172E9C,ORD_389BAB3C,MERCH_044,767900,INR,CAPTURED,2026-07-08T17:07:04Z,REF-PAY_4B172E9C
PAY_6A381FDE,ORD_5E5309FE,MERCH_034,867300,INR,CAPTURED,2026-07-13T15:46:16Z,REF-PAY_6A381FDE
PAY_4632DA78,ORD_9CE2931E,MERCH_032,112100,INR,CAPTURED,2026-08-25T23:24:36Z,REF-PAY_4632DA78
PAY_791B502D,ORD_6239008E,MERCH_026,348100,INR,CAPTURED,2026-07-31T07:01:26Z,REF-PAY_791B502D
PAY_E05BCF91,ORD_093F611C,MERCH_005,689100,INR,CAPTURED,2026-07-26T01:59:34Z,REF-PAY_E05BCF91
PAY_11959DFB,ORD_690691C2,MERCH_013,1972600,INR,CAPTURED,2026-07-26T06:25:07Z,REF-PAY_11959DFB
PAY_893059D7,ORD_1CBF75E5,MERCH_004,1005600,INR,CAPTURED,2026-07-28T01:55:33Z,REF-PAY_893059D7
PAY_AE59F642,ORD_487D59A5,MERCH_043,1058900,INR,CAPTURED,2026-08-30T01:35:35Z,REF-PAY_AE59F642
PAY_69EFEA4C,ORD_3F968599,MERCH_040,1376100,INR,CAPTURED,2026-08-02T04:14:00Z,REF-PAY_69EFEA4C
PAY_9CF46E81,ORD_32C8E1DE,MERCH_019,332700,INR,CAPTURED,2026-08-31T09:05:53Z,REF-PAY_9CF46E81
PAY_00669A96,ORD_6302142E,MERCH_004,1381500,INR,CAPTURED,2026-08-21T14:22:41Z,REF-PAY_00669A96
PAY_FA0A2752,ORD_6B519328,MERCH_008,30000,INR,CAPTURED,2026-07-06T12:21:00Z,REF-PAY_FA0A2752
PAY_B5AAAF04,ORD_67EA69F2,MERCH_035,1430800,INR,CAPTURED,2026-08-08T09:52:19Z,REF-PAY_B5AAAF04
PAY_0079558C,ORD_67EA69F2,MERCH_035,1430800,INR,CAPTURED,2026-08-08T09:52:19Z,REF-PAY_B5AAAF04
PAY_772284D4,ORD_C5725CDA,MERCH_029,1431600,INR,CAPTURED,2026-08-08T15:59:45Z,REF-PAY_772284D4
PAY_C9C00FA5,ORD_C5725CDA,MERCH_029,1431600,INR,CAPTURED,2026-08-08T15:59:45Z,REF-PAY_772284D4
PAY_7323E196,ORD_5CF82A9B,MERCH_018,566000,INR,CAPTURED,2026-08-19T17:03:59Z,REF-PAY_7323E196
PAY_7C0B8E5F,ORD_5CF82A9B,MERCH_018,566000,INR,CAPTURED,2026-08-19T17:03:59Z,REF-PAY_7323E196
PAY_99C44420,ORD_4D826816,MERCH_030,1594100,INR,CAPTURED,2026-08-01T09:28:07Z,REF-PAY_99C44420
PAY_700C3207,ORD_69AD4C96,MERCH_030,1552000,INR,CAPTURED,2026-08-08T16:16:09Z,REF-PAY_700C3207
PAY_89140B4F,ORD_D2BBF524,MERCH_003,710300,INR,CAPTURED,2026-08-01T18:56:04Z,REF-PAY_89140B4F
PAY_2581355B,ORD_51785E9F,MERCH_037,873400,INR,CAPTURED,2026-08-08T19:14:36Z,REF-PAY_2581355B
PAY_040DF0B3,ORD_084931C4,MERCH_017,1708500,INR,CAPTURED,2026-08-13T08:53:49Z,REF-PAY_040DF0B3
PAY_94AF64FB,ORD_2F8CB9A6,MERCH_035,756600,INR,CAPTURED,2026-08-20T20:49:25Z,REF-PAY_94AF64FB
PAY_B4CF369D,ORD_F2FF3D26,MERCH_027,371400,INR,CAPTURED,2026-08-06T07:21:25Z,REF-PAY_B4CF369D
PAY_6E971D51,ORD_48E9301C,MERCH_017,693300,INR,CAPTURED,2026-08-26T05:13:04Z,REF-PAY_6E971D51
PAY_0EBDC88F,ORD_B2F00A4F,MERCH_003,766500,INR,CAPTURED,2026-08-05T17:10:13Z,REF-PAY_0EBDC88F
PAY_87272030,ORD_FE8E891C,MERCH_009,1907300,INR,CAPTURED,2026-08-07T19:28:59Z,REF-PAY_87272030
PAY_36F8E2CB,ORD_FE8E891C,MERCH_009,1907300,INR,CAPTURED,2026-08-07T19:28:59Z,REF-PAY_87272030
PAY_5772B8FF,ORD_B295591C,MERCH_028,1717300,INR,CAPTURED,2026-07-23T13:24:16Z,REF-PAY_5772B8FF
PAY_CD091D80,ORD_FDE07FE1,MERCH_014,1204300,INR,CAPTURED,2026-07-13T17:12:53Z,REF-PAY_CD091D80
PAY_9745E8BE,ORD_FB0F49EF,MERCH_040,878100,INR,CAPTURED,2026-08-19T16:43:24Z,REF-PAY_9745E8BE
PAY_9769A1BB,ORD_A9E25944,MERCH_026,1931300,INR,CAPTURED,2026-07-25T08:49:44Z,REF-PAY_9769A1BB
PAY_F38B614C,ORD_93C7AF5C,MERCH_045,507700,INR,CAPTURED,2026-08-07T16:29:59Z,REF-PAY_F38B614C
PAY_A969268E,ORD_99795B47,MERCH_017,1680300,INR,CAPTURED,2026-08-30T07:17:17Z,REF-PAY_A969268E
PAY_61986143,ORD_A8DC6D08,MERCH_039,15000000,INR,CAPTURED,2026-07-23T13:55:36Z,REF-PAY_61986143
PAY_5E1762D2,ORD_D4C7D78E,MERCH_010,500300,INR,CAPTURED,2026-07-23T10:01:10Z,REF-PAY_5E1762D2
PAY_51DC587A,ORD_9966819F,MERCH_031,1054300,INR,CAPTURED,2026-08-01T13:05:45Z,REF-PAY_51DC587A
PAY_88FDEB65,ORD_6684310B,MERCH_015,223200,INR,CAPTURED,2026-08-03T21:59:18Z,REF-PAY_88FDEB65
PAY_53394F56,ORD_304E2AD7,MERCH_018,1929200,INR,CAPTURED,2026-08-07T07:14:16Z,REF-PAY_53394F56
PAY_B2A804E0,ORD_87264A01,MERCH_001,1184100,INR,CAPTURED,2026-07-09T03:03:42Z,REF-PAY_B2A804E0
PAY_97D7640F,ORD_B21E4D50,MERCH_024,386100,INR,CAPTURED,2026-07-11T05:12:08Z,REF-PAY_97D7640F
PAY_B3ED6DDA,ORD_65A66A2F,MERCH_048,371600,INR,CAPTURED,2026-08-31T14:29:13Z,REF-PAY_B3ED6DDA
PAY_F206B343,ORD_114EC130,MERCH_003,1592400,INR,CAPTURED,2026-08-19T00:48:14Z,REF-PAY_F206B343
PAY_2C20F938,ORD_1A31C04D,MERCH_007,1870500,INR,CAPTURED,2026-08-12T11:41:27Z,REF-PAY_2C20F938
PAY_A6B2A226,ORD_9BCB60B1,MERCH_003,216800,INR,CAPTURED,2026-08-24T22:51:04Z,REF-PAY_A6B2A226
PAY_D6F582DD,ORD_9BCB60B1,MERCH_003,216800,INR,CAPTURED,2026-08-24T22:51:04Z,REF-PAY_A6B2A226
PAY_C7843A2B,ORD_BF74FB4B,MERCH_022,1074600,INR,CAPTURED,2026-07-05T17:03:49Z,REF-PAY_C7843A2B
PAY_E580CF32,ORD_AA0338D1,MERCH_043,1634100,INR,CAPTURED,2026-07-21T18:33:37Z,REF-PAY_E580CF32
PAY_7A52F13A,ORD_064C2C2F,MERCH_026,1530100,INR,CAPTURED,2026-08-17T11:26:37Z,REF-PAY_7A52F13A
PAY_9A2F0961,ORD_4AE67990,MERCH_006,39900,INR,CAPTURED,2026-07-14T12:59:46Z,REF-PAY_9A2F0961
PAY_FF633366,ORD_28CE4EAF,MERCH_023,1389200,INR,CAPTURED,2026-07-29T20:20:26Z,REF-PAY_FF633366
PAY_B818C419,ORD_2D9BF5EC,MERCH_041,1076500,INR,CAPTURED,2026-08-16T13:07:04Z,REF-PAY_B818C419
PAY_98FD5757,ORD_069195D6,MERCH_028,60800,INR,CAPTURED,2026-08-15T07:19:18Z,REF-PAY_98FD5757
PAY_6A55BB36,ORD_32780BF4,MERCH_043,441700,INR,CAPTURED,2026-08-12T08:28:52Z,REF-PAY_6A55BB36
PAY_51032D2A,ORD_5B120A97,MERCH_029,852700,INR,CAPTURED,2026-08-12T00:56:18Z,REF-PAY_51032D2A
PAY_94A80A4C,ORD_08DD8BD6,MERCH_014,1215600,INR,CAPTURED,2026-07-16T11:55:32Z,REF-PAY_94A80A4C
PAY_2EA89BAD,ORD_777608BA,MERCH_044,1522100,INR,CAPTURED,2026-07-05T13:19:21Z,REF-PAY_2EA89BAD
PAY_E2FD25AE,ORD_91E88144,MERCH_041,73900,INR,CAPTURED,2026-07-13T19:20:38Z,REF-PAY_E2FD25AE
PAY_854A2793,ORD_EFD25B87,MERCH_026,1136800,INR,CAPTURED,2026-07-02T14:29:20Z,REF-PAY_854A2793
PAY_33954D56,ORD_6FC2875A,MERCH_026,1183900,INR,CAPTURED,2026-08-27T22:20:51Z,REF-PAY_33954D56
PAY_3590FD2F,ORD_FC4BAB96,MERCH_002,178900,INR,CAPTURED,2026-08-14T05:17:26Z,REF-PAY_3590FD2F
PAY_8BD58E2B,ORD_AF2C9829,MERCH_038,60000000,INR,CAPTURED,2026-07-02T15:36:03Z,REF-PAY_8BD58E2B
PAY_F85D03B6,ORD_9B9C111E,MERCH_031,1871000,INR,CAPTURED,2026-07-03T05:21:37Z,REF-PAY_F85D03B6
PAY_DE9E8BAA,ORD_2586A6C6,MERCH_038,1708800,INR,CAPTURED,2026-08-12T09:13:27Z,REF-PAY_DE9E8BAA
PAY_80277237,ORD_712C9334,MERCH_019,679500,INR,CAPTURED,2026-07-13T10:41:31Z,REF-PAY_80277237
PAY_2ACA4472,ORD_60CAF5DE,MERCH_023,1507700,INR,CAPTURED,2026-07-22T00:57:15Z,REF-PAY_2ACA4472
PAY_3B1F43DD,ORD_A0AABF3A,MERCH_001,123700,INR,CAPTURED,2026-07-12T03:45:06Z,REF-PAY_3B1F43DD
PAY_7619AD39,ORD_1639DA2D,MERCH_036,540700,INR,CAPTURED,2026-07-21T20:45:43Z,REF-PAY_7619AD39
PAY_BE02E235,ORD_60103EBA,MERCH_031,1573600,INR,CAPTURED,2026-08-29T06:47:56Z,REF-PAY_BE02E235
PAY_2E6C8213,ORD_CF3CADC2,MERCH_020,126100,INR,CAPTURED,2026-08-21T20:10:11Z,REF-PAY_2E6C8213
PAY_4384757A,ORD_AF572885,MERCH_043,165400,INR,CAPTURED,2026-08-14T01:52:37Z,REF-PAY_4384757A
PAY_474663CA,ORD_1FC443F2,MERCH_002,471100,INR,CAPTURED,2026-07-17T17:56:30Z,REF-PAY_474663CA
PAY_12411E80,ORD_C2ACA9B1,MERCH_039,1290100,INR,CAPTURED,2026-08-19T00:42:39Z,REF-PAY_12411E80
PAY_6C7BC9C1,ORD_C2ACA9B1,MERCH_039,1290100,INR,CAPTURED,2026-08-19T00:42:39Z,REF-PAY_12411E80
PAY_CA6814AD,ORD_35B97AAE,MERCH_021,1271000,INR,CAPTURED,2026-08-16T14:55:54Z,REF-PAY_CA6814AD
PAY_F5D628CD,ORD_C6D5F51A,MERCH_040,929900,INR,CAPTURED,2026-07-07T18:20:57Z,REF-PAY_F5D628CD
PAY_5645E43D,ORD_E45CC11A,MERCH_030,41300,INR,CAPTURED,2026-07-19T13:59:27Z,REF-PAY_5645E43D
PAY_87D4F3CD,ORD_E45CC11A,MERCH_030,41300,INR,CAPTURED,2026-07-19T13:59:27Z,REF-PAY_5645E43D
PAY_0E81AC78,ORD_4E3D67E0,MERCH_005,1495900,INR,CAPTURED,2026-07-08T15:03:36Z,REF-PAY_0E81AC78
PAY_EB5C88C0,ORD_D92129C0,MERCH_017,1181500,INR,CAPTURED,2026-08-03T02:43:51Z,REF-PAY_EB5C88C0
PAY_971CBD92,ORD_CF6881C1,MERCH_021,1161400,INR,CAPTURED,2026-08-01T00:38:23Z,REF-PAY_971CBD92
PAY_D1FAE601,ORD_98577CE8,MERCH_006,1968200,INR,CAPTURED,2026-07-16T23:52:47Z,REF-PAY_D1FAE601
PAY_D5643B0D,ORD_3D10EFC8,MERCH_017,808200,INR,CAPTURED,2026-07-31T20:53:57Z,REF-PAY_D5643B0D
PAY_9D8A8493,ORD_9619BD2C,MERCH_031,882000,INR,CAPTURED,2026-08-26T01:14:13Z,REF-PAY_9D8A8493
PAY_F2BEEBF0,ORD_5369B4B3,MERCH_011,1707500,INR,CAPTURED,2026-07-16T11:02:45Z,REF-PAY_F2BEEBF0
PAY_CEFB7064,ORD_5369B4B3,MERCH_011,1707500,INR,CAPTURED,2026-07-16T11:02:45Z,REF-PAY_F2BEEBF0
PAY_4A7AC054,ORD_8E67A92F,MERCH_044,1342500,INR,CAPTURED,2026-08-08T19:22:43Z,REF-PAY_4A7AC054
PAY_D986CD66,ORD_32D0A57B,MERCH_002,979900,INR,CAPTURED,2026-07-21T06:54:29Z,REF-PAY_D986CD66
PAY_B21252BB,ORD_73076433,MERCH_034,673900,INR,CAPTURED,2026-07-28T17:12:29Z,REF-PAY_B21252BB
PAY_59665A1C,ORD_487BDFD6,MERCH_026,1117400,INR,CAPTURED,2026-07-06T18:54:13Z,REF-PAY_59665A1C
PAY_4CFC85EE,ORD_3985636D,MERCH_015,814800,INR,CAPTURED,2026-07-30T16:19:56Z,REF-PAY_4CFC85EE
PAY_51802A84,ORD_3985636D,MERCH_015,814800,INR,CAPTURED,2026-07-30T16:19:56Z,REF-PAY_4CFC85EE
PAY_DDE8D8AB,ORD_EAB33748,MERCH_030,1229700,INR,CAPTURED,2026-08-12T02:18:25Z,REF-PAY_DDE8D8AB
PAY_9625599D,ORD_46934966,MERCH_001,256600,INR,CAPTURED,2026-07-06T07:28:25Z,REF-PAY_9625599D
PAY_73F55627,ORD_1ADE26F5,MERCH_027,63200,INR,CAPTURED,2026-07-23T17:31:46Z,REF-PAY_73F55627
PAY_BE46B54B,ORD_F62619DE,MERCH_035,1400300,INR,CAPTURED,2026-07-02T10:21:24Z,REF-PAY_BE46B54B
PAY_FD6074D4,ORD_FEB21602,MERCH_031,1820500,INR,CAPTURED,2026-08-25T15:26:54Z,REF-PAY_FD6074D4
PAY_9EA11203,ORD_A5AC8375,MERCH_007,140900,INR,CAPTURED,2026-07-04T05:37:01Z,REF-PAY_9EA11203
PAY_C6033858,ORD_2305C242,MERCH_011,546600,INR,CAPTURED,2026-08-15T19:38:18Z,REF-PAY_C6033858
PAY_313DABAD,ORD_F0B39A18,MERCH_013,214900,INR,CAPTURED,2026-08-12T21:50:53Z,REF-PAY_313DABAD
PAY_489DD4B5,ORD_E368048F,MERCH_011,1963900,INR,CAPTURED,2026-08-03T16:21:57Z,REF-PAY_489DD4B5
PAY_2B09FF2E,ORD_6E508818,MERCH_001,1266200,INR,CAPTURED,2026-08-28T10:07:49Z,REF-PAY_2B09FF2E
PAY_8A437890,ORD_6E508818,MERCH_001,1266200,INR,CAPTURED,2026-08-28T10:07:49Z,REF-PAY_2B09FF2E
PAY_803C25C1,ORD_1BB9F33E,MERCH_031,278100,INR,CAPTURED,2026-08-31T23:26:49Z,REF-PAY_803C25C1
PAY_9C4DBD70,ORD_3BB02197,MERCH_048,858300,INR,CAPTURED,2026-08-19T14:07:53Z,REF-PAY_9C4DBD70
PAY_984E6D41,ORD_A869C8D7,MERCH_016,1673200,INR,CAPTURED,2026-08-11T21:04:08Z,REF-PAY_984E6D41
PAY_A1D364B3,ORD_A281ACFD,MERCH_014,1944400,INR,CAPTURED,2026-07-08T05:30:22Z,REF-PAY_A1D364B3
PAY_F6D90C4C,ORD_C2E747A6,MERCH_046,1663800,INR,CAPTURED,2026-07-22T14:03:18Z,REF-PAY_F6D90C4C
PAY_1147E8DB,ORD_DC4E9B37,MERCH_010,34300,INR,CAPTURED,2026-08-17T05:51:45Z,REF-PAY_1147E8DB
PAY_C129909C,ORD_2DA09E75,MERCH_032,89800,INR,CAPTURED,2026-08-03T05:32:10Z,REF-PAY_C129909C
PAY_E66E195C,ORD_6CCEBC55,MERCH_036,1886200,INR,CAPTURED,2026-07-21T15:35:49Z,REF-PAY_E66E195C
PAY_666F435E,ORD_276CFE4F,MERCH_024,5500000,INR,CAPTURED,2026-07-14T21:50:45Z,REF-PAY_666F435E
PAY_66ABFADF,ORD_24C64D63,MERCH_012,1524700,INR,CAPTURED,2026-07-11T18:46:31Z,REF-PAY_66ABFADF
PAY_6AA3486F,ORD_574E6691,MERCH_005,301200,INR,CAPTURED,2026-07-25T07:33:49Z,REF-PAY_6AA3486F
PAY_DF1CF937,ORD_8BF674CD,MERCH_028,1338000,INR,CAPTURED,2026-07-18T08:38:01Z,REF-PAY_DF1CF937
PAY_C6067C79,ORD_396A4AC7,MERCH_033,1269100,INR,CAPTURED,2026-08-27T06:41:35Z,REF-PAY_C6067C79
PAY_C445B807,ORD_CA1E34E9,MERCH_049,1246700,INR,CAPTURED,2026-08-22T10:55:48Z,REF-PAY_C445B807
PAY_AD90347E,ORD_DA2933C3,MERCH_047,1656700,INR,CAPTURED,2026-08-31T17:08:02Z,REF-PAY_AD90347E
PAY_C06859AB,ORD_B6A496E9,MERCH_030,1404300,INR,CAPTURED,2026-08-20T06:14:52Z,REF-PAY_C06859AB
PAY_0207B2EB,ORD_A4155CD3,MERCH_005,1374000,INR,CAPTURED,2026-08-31T01:14:22Z,REF-PAY_0207B2EB
PAY_E35E9EEA,ORD_86BDD273,MERCH_009,665600,INR,CAPTURED,2026-07-25T23:13:30Z,REF-PAY_E35E9EEA
PAY_B5A7512E,ORD_FCB4B217,MERCH_023,527200,INR,CAPTURED,2026-07-03T04:24:50Z,REF-PAY_B5A7512E
PAY_54E6DAC3,ORD_511CCE8E,MERCH_041,657700,INR,CAPTURED,2026-07-09T08:17:38Z,REF-PAY_54E6DAC3
PAY_7C8A0007,ORD_27093710,MERCH_029,1950800,INR,CAPTURED,2026-08-06T05:17:49Z,REF-PAY_7C8A0007
PAY_016AC39A,ORD_57BEEE0D,MERCH_012,733200,INR,CAPTURED,2026-07-01T18:15:48Z,REF-PAY_016AC39A
PAY_A22B4BD2,ORD_301FD2CB,MERCH_004,1760700,INR,CAPTURED,2026-07-30T16:48:03Z,REF-PAY_A22B4BD2
PAY_2797883A,ORD_EE888CC6,MERCH_044,415400,INR,CAPTURED,2026-07-15T07:41:28Z,REF-PAY_2797883A
PAY_6EC2B191,ORD_B2E7D297,MERCH_004,1929800,INR,CAPTURED,2026-08-01T19:53:11Z,REF-PAY_6EC2B191
PAY_D5632BE6,ORD_84836773,MERCH_036,1696300,INR,CAPTURED,2026-07-03T12:48:10Z,REF-PAY_D5632BE6
PAY_07F16420,ORD_DB0ED5B0,MERCH_007,68300,INR,CAPTURED,2026-08-31T14:50:33Z,REF-PAY_07F16420
PAY_2D2D35BC,ORD_DA71AC01,MERCH_038,970800,INR,CAPTURED,2026-07-03T08:38:36Z,REF-PAY_2D2D35BC
PAY_F5D0FA27,ORD_8D4BD771,MERCH_042,742400,INR,CAPTURED,2026-07-21T18:38:21Z,REF-PAY_F5D0FA27
PAY_E5F5C5D2,ORD_C97BADC6,MERCH_028,663000,INR,CAPTURED,2026-07-30T22:07:38Z,REF-PAY_E5F5C5D2
PAY_5F6ADB48,ORD_C033FCA1,MERCH_002,954100,INR,CAPTURED,2026-08-26T05:18:47Z,REF-PAY_5F6ADB48
PAY_3A30707D,ORD_0244ED06,MERCH_043,1114900,INR,CAPTURED,2026-08-05T02:36:54Z,REF-PAY_3A30707D
PAY_C2DAB110,ORD_A9FEEF89,MERCH_046,64300,INR,CAPTURED,2026-08-10T14:07:56Z,REF-PAY_C2DAB110
PAY_67EAADC2,ORD_4FC10620,MERCH_046,254500,INR,CAPTURED,2026-08-21T07:25:48Z,REF-PAY_67EAADC2
PAY_77353F10,ORD_69CB65DD,MERCH_007,260700,INR,CAPTURED,2026-08-21T18:50:18Z,REF-PAY_77353F10
PAY_7F51EAB9,ORD_DFC39ACA,MERCH_008,1661300,INR,CAPTURED,2026-08-30T11:48:35Z,REF-PAY_7F51EAB9
PAY_7FEDCA06,ORD_FA40684B,MERCH_013,196600,INR,CAPTURED,2026-07-15T09:05:06Z,REF-PAY_7FEDCA06
PAY_64ACCE95,ORD_22DFB787,MERCH_043,1236400,INR,CAPTURED,2026-07-03T07:44:05Z,REF-PAY_64ACCE95
PAY_DCE077DE,ORD_2B598E33,MERCH_010,168600,INR,CAPTURED,2026-08-11T00:43:24Z,REF-PAY_DCE077DE
PAY_574F3542,ORD_6A9B2D8E,MERCH_003,1900000,INR,CAPTURED,2026-08-12T00:08:49Z,REF-PAY_574F3542
PAY_E9FE26B3,ORD_1D097754,MERCH_009,1652400,INR,CAPTURED,2026-07-09T00:11:09Z,REF-PAY_E9FE26B3
PAY_BC72C5C1,ORD_39F4A18F,MERCH_036,1843700,INR,CAPTURED,2026-07-03T00:53:25Z,REF-PAY_BC72C5C1
PAY_0F47B944,ORD_39F4A18F,MERCH_036,1843700,INR,CAPTURED,2026-07-03T00:53:25Z,REF-PAY_BC72C5C1
PAY_413BEAE0,ORD_5216F7A1,MERCH_044,425100,INR,CAPTURED,2026-07-06T18:48:42Z,REF-PAY_413BEAE0
PAY_BC1DE263,ORD_CFA17FB8,MERCH_004,1192400,INR,CAPTURED,2026-07-12T17:15:19Z,REF-PAY_BC1DE263
PAY_0A0546B4,ORD_87F9A58D,MERCH_033,392200,INR,CAPTURED,2026-07-28T19:37:36Z,REF-PAY_0A0546B4
PAY_E34DAADE,ORD_FB1FC886,MERCH_001,1956200,INR,CAPTURED,2026-07-11T03:03:26Z,REF-PAY_E34DAADE
PAY_D96E697C,ORD_9B807396,MERCH_006,26200,INR,CAPTURED,2026-08-17T21:11:10Z,REF-PAY_D96E697C
PAY_FC686177,ORD_5E80C733,MERCH_029,1801500,INR,CAPTURED,2026-08-28T09:11:17Z,REF-PAY_FC686177
PAY_992E36A0,ORD_5E80C733,MERCH_029,1801500,INR,CAPTURED,2026-08-28T09:11:17Z,REF-PAY_FC686177
PAY_8BE5CAB1,ORD_6C853E6D,MERCH_043,1927900,INR,CAPTURED,2026-08-29T14:36:19Z,REF-PAY_8BE5CAB1
PAY_FD30910C,ORD_FB8E06E4,MERCH_017,1532100,INR,CAPTURED,2026-07-26T06:28:12Z,REF-PAY_FD30910C
PAY_634A3741,ORD_549A78F0,MERCH_039,849900,INR,CAPTURED,2026-07-14T00:06:08Z,REF-PAY_634A3741
PAY_72288846,ORD_D4F72D87,MERCH_041,770400,INR,CAPTURED,2026-07-15T13:59:09Z,REF-PAY_72288846
PAY_1BD58ED6,ORD_5739233D,MERCH_041,718200,INR,CAPTURED,2026-08-05T22:41:46Z,REF-PAY_1BD58ED6
PAY_ADC6D4B7,ORD_A7D2F985,MERCH_012,203700,INR,CAPTURED,2026-07-17T08:57:34Z,REF-PAY_ADC6D4B7
PAY_9CBEE234,ORD_5D201815,MERCH_019,981200,INR,CAPTURED,2026-07-16T01:39:35Z,REF-PAY_9CBEE234
PAY_648FC38A,ORD_E5BC976A,MERCH_040,272000,INR,CAPTURED,2026-07-05T08:26:29Z,REF-PAY_648FC38A
PAY_57C6F345,ORD_7569CEAA,MERCH_044,834800,INR,CAPTURED,2026-07-02T19:19:03Z,REF-PAY_57C6F345
PAY_D526BB51,ORD_3AC5D8BD,MERCH_030,366000,INR,CAPTURED,2026-08-19T10:18:44Z,REF-PAY_D526BB51
PAY_67F90260,ORD_07677524,MERCH_031,1851400,INR,CAPTURED,2026-08-07T08:41:55Z,REF-PAY_67F90260
PAY_F0D32970,ORD_B90CE959,MERCH_018,15000000,INR,CAPTURED,2026-08-04T20:32:32Z,REF-PAY_F0D32970
PAY_4FE08FC1,ORD_83AE79EA,MERCH_030,823600,INR,CAPTURED,2026-08-10T07:58:30Z,REF-PAY_4FE08FC1
PAY_8BEBAF27,ORD_D0C2CA78,MERCH_045,581600,INR,CAPTURED,2026-07-09T21:26:41Z,REF-PAY_8BEBAF27
PAY_8FA9F396,ORD_434E1D9B,MERCH_005,434100,INR,CAPTURED,2026-08-24T17:55:24Z,REF-PAY_8FA9F396
PAY_F5533AAB,ORD_9E66F78F,MERCH_048,1207200,INR,CAPTURED,2026-07-15T19:18:10Z,REF-PAY_F5533AAB
PAY_C9AF1DA7,ORD_3308F0A9,MERCH_028,1675100,INR,CAPTURED,2026-07-08T01:53:17Z,REF-PAY_C9AF1DA7
PAY_56955A3C,ORD_9D6A89BC,MERCH_046,519000,INR,CAPTURED,2026-08-15T19:28:31Z,REF-PAY_56955A3C
PAY_AFD551C3,ORD_60F3B069,MERCH_006,1866300,INR,CAPTURED,2026-07-10T20:37:24Z,REF-PAY_AFD551C3
PAY_8EC7EDB1,ORD_F4788BC6,MERCH_037,771800,INR,CAPTURED,2026-08-28T18:48:11Z,REF-PAY_8EC7EDB1
PAY_55193554,ORD_E7980501,MERCH_001,731100,INR,CAPTURED,2026-07-09T23:36:22Z,REF-PAY_55193554
PAY_7062E0FD,ORD_9588DAAE,MERCH_028,60000000,INR,CAPTURED,2026-08-06T06:21:31Z,REF-PAY_7062E0FD
PAY_6A28359E,ORD_0AC20369,MERCH_034,1313800,INR,CAPTURED,2026-08-24T16:02:55Z,REF-PAY_6A28359E
PAY_51025988,ORD_50DDC0FA,MERCH_014,60000000,INR,CAPTURED,2026-08-19T10:14:56Z,REF-PAY_51025988
PAY_191C1860,ORD_D916883A,MERCH_045,47600,INR,CAPTURED,2026-07-08T16:29:53Z,REF-PAY_191C1860
PAY_6BC41719,ORD_AD6DF9A2,MERCH_035,1107500,INR,CAPTURED,2026-08-11T16:56:18Z,REF-PAY_6BC41719
PAY_DBBA5AC6,ORD_F89B7802,MERCH_003,423400,INR,CAPTURED,2026-08-02T23:34:03Z,REF-PAY_DBBA5AC6
PAY_8F6FAB27,ORD_097F0E53,MERCH_010,352500,INR,CAPTURED,2026-08-13T05:00:51Z,REF-PAY_8F6FAB27
PAY_EC9E2A59,ORD_60A7305C,MERCH_031,1691400,INR,CAPTURED,2026-08-20T13:29:21Z,REF-PAY_EC9E2A59
PAY_429FF9AF,ORD_DA1EA85E,MERCH_033,477600,INR,CAPTURED,2026-09-01T05:32:01Z,REF-PAY_429FF9AF
PAY_B08B69B5,ORD_77DBB4FE,MERCH_002,1804800,INR,CAPTURED,2026-08-14T02:21:35Z,REF-PAY_B08B69B5
PAY_ADA4A712,ORD_AA0CBF0E,MERCH_027,1258600,INR,CAPTURED,2026-08-05T06:03:39Z,REF-PAY_ADA4A712
PAY_7F222F97,ORD_6D7F6233,MERCH_040,935500,INR,CAPTURED,2026-07-14T02:18:13Z,REF-PAY_7F222F97
PAY_99866C6D,ORD_3FD0AAAB,MERCH_046,266100,INR,CAPTURED,2026-07-07T21:30:41Z,REF-PAY_99866C6D
PAY_AFBEB584,ORD_04AE5361,MERCH_043,1874600,INR,CAPTURED,2026-07-13T23:54:38Z,REF-PAY_AFBEB584
PAY_C87E7EE5,ORD_9DD7B3B0,MERCH_043,1733200,INR,CAPTURED,2026-08-15T18:19:44Z,REF-PAY_C87E7EE5
PAY_A3BB422D,ORD_35BA0615,MERCH_036,257300,INR,CAPTURED,2026-08-20T02:29:09Z,REF-PAY_A3BB422D
PAY_581F3A1D,ORD_35BA0615,MERCH_036,257300,INR,CAPTURED,2026-08-20T02:29:09Z,REF-PAY_A3BB422D
PAY_0EF2233C,ORD_4EA5E283,MERCH_006,1445500,INR,CAPTURED,2026-07-08T00:28:18Z,REF-PAY_0EF2233C
PAY_4FC23503,ORD_5BA2D0FA,MERCH_040,180700,INR,CAPTURED,2026-07-24T12:27:54Z,REF-PAY_4FC23503
PAY_C4EC10BE,ORD_374DCE7C,MERCH_031,699800,INR,CAPTURED,2026-08-28T17:08:27Z,REF-PAY_C4EC10BE
PAY_32BEDC88,ORD_C7857CDF,MERCH_001,403300,INR,CAPTURED,2026-08-18T22:29:11Z,REF-PAY_32BEDC88
PAY_9E0DA450,ORD_A7E3C806,MERCH_004,1704000,INR,CAPTURED,2026-08-04T02:43:45Z,REF-PAY_9E0DA450
PAY_2A540D9B,ORD_61678886,MERCH_028,43800,INR,CAPTURED,2026-07-06T09:15:59Z,REF-PAY_2A540D9B
PAY_A4C86174,ORD_ABD490AE,MERCH_017,311300,INR,CAPTURED,2026-07-22T09:43:04Z,REF-PAY_A4C86174
PAY_A9A404E6,ORD_77BE8FDC,MERCH_013,1276500,INR,CAPTURED,2026-08-01T14:18:47Z,REF-PAY_A9A404E6
PAY_54084F13,ORD_807BDF69,MERCH_029,1225400,INR,CAPTURED,2026-08-31T06:13:49Z,REF-PAY_54084F13
PAY_87EF8204,ORD_77344502,MERCH_041,1631000,INR,CAPTURED,2026-08-06T22:24:32Z,REF-PAY_87EF8204
PAY_5BBF6110,ORD_84A3E414,MERCH_048,1422400,INR,CAPTURED,2026-07-28T12:47:20Z,REF-PAY_5BBF6110
PAY_403F1114,ORD_F2CECB28,MERCH_024,1604800,INR,CAPTURED,2026-08-03T00:17:34Z,REF-PAY_403F1114
PAY_469AF715,ORD_8641F77C,MERCH_036,1906400,INR,CAPTURED,2026-07-29T23:01:25Z,REF-PAY_469AF715
PAY_2F965EEF,ORD_E995B6EE,MERCH_021,700800,INR,CAPTURED,2026-07-25T23:45:17Z,REF-PAY_2F965EEF
PAY_D5A78EAD,ORD_03BA4458,MERCH_004,332200,INR,CAPTURED,2026-07-14T16:29:40Z,REF-PAY_D5A78EAD
PAY_DBF177E0,ORD_114D6865,MERCH_046,813200,INR,CAPTURED,2026-08-22T20:33:51Z,REF-PAY_DBF177E0
PAY_C038F450,ORD_25A44868,MERCH_027,1705200,INR,CAPTURED,2026-09-01T02:08:23Z,REF-PAY_C038F450
PAY_E3AB1B47,ORD_F64A1CB0,MERCH_016,730200,INR,CAPTURED,2026-07-26T13:39:01Z,REF-PAY_E3AB1B47
PAY_925C4F66,ORD_5E813FF9,MERCH_007,1103300,INR,CAPTURED,2026-09-01T12:19:14Z,REF-PAY_925C4F66
PAY_51755DEA,ORD_95B3C93B,MERCH_039,200400,INR,CAPTURED,2026-07-15T08:21:04Z,REF-PAY_51755DEA
PAY_256959F4,ORD_C6ED31BF,MERCH_008,1683800,INR,CAPTURED,2026-07-10T01:16:59Z,REF-PAY_256959F4
PAY_C492A07C,ORD_C6ED31BF,MERCH_008,1683800,INR,CAPTURED,2026-07-10T01:16:59Z,REF-PAY_256959F4
PAY_28A80F62,ORD_7438B6B9,MERCH_029,763900,INR,CAPTURED,2026-08-20T14:15:18Z,REF-PAY_28A80F62
PAY_67BB5CC9,ORD_313E3BC6,MERCH_027,1956200,INR,CAPTURED,2026-08-18T09:14:36Z,REF-PAY_67BB5CC9
PAY_F1555B05,ORD_23DEDF03,MERCH_036,1317100,INR,CAPTURED,2026-07-09T17:20:27Z,REF-PAY_F1555B05
PAY_C41C22FE,ORD_A2973F9D,MERCH_037,1743000,INR,CAPTURED,2026-08-29T03:33:06Z,REF-PAY_C41C22FE
PAY_9A7EDFF6,ORD_4B7E2A0C,MERCH_033,220100,INR,CAPTURED,2026-08-03T02:32:20Z,REF-PAY_9A7EDFF6
PAY_1BBA482B,ORD_3C4C4EFE,MERCH_019,1703900,INR,CAPTURED,2026-07-09T03:17:27Z,REF-PAY_1BBA482B
PAY_16527256,ORD_402F80D2,MERCH_039,483600,INR,CAPTURED,2026-07-22T16:32:52Z,REF-PAY_16527256
PAY_FE541038,ORD_8373F325,MERCH_035,1083200,INR,CAPTURED,2026-08-02T03:25:56Z,REF-PAY_FE541038
PAY_33B59AD3,ORD_3C256A01,MERCH_041,1566600,INR,CAPTURED,2026-07-29T08:55:53Z,REF-PAY_33B59AD3
PAY_A2646393,ORD_EBDF0745,MERCH_013,1171300,INR,CAPTURED,2026-07-25T21:18:18Z,REF-PAY_A2646393
PAY_AF9C3303,ORD_0F686EC1,MERCH_048,616900,INR,CAPTURED,2026-07-18T06:00:44Z,REF-PAY_AF9C3303
PAY_15BBFCC0,ORD_F9522644,MERCH_004,5500000,INR,CAPTURED,2026-07-03T07:56:07Z,REF-PAY_15BBFCC0
PAY_D981D9AA,ORD_D160A717,MERCH_016,1234600,INR,CAPTURED,2026-08-16T07:52:23Z,REF-PAY_D981D9AA
PAY_20E9407A,ORD_442E82D7,MERCH_029,1192000,INR,CAPTURED,2026-07-07T20:51:51Z,REF-PAY_20E9407A
PAY_6137642A,ORD_7B4F5D6B,MERCH_014,802800,INR,CAPTURED,2026-08-01T08:24:12Z,REF-PAY_6137642A
PAY_3082E52F,ORD_55CA8D4D,MERCH_031,1859300,INR,CAPTURED,2026-07-08T08:52:44Z,REF-PAY_3082E52F
PAY_96B3C8DB,ORD_497A4EDF,MERCH_015,926500,INR,CAPTURED,2026-07-07T22:49:53Z,REF-PAY_96B3C8DB
PAY_42CE232D,ORD_D63D6C71,MERCH_004,1763400,INR,CAPTURED,2026-07-21T19:37:03Z,REF-PAY_42CE232D
PAY_7BEEDC95,ORD_9393870C,MERCH_005,668800,INR,CAPTURED,2026-07-02T16:05:09Z,REF-PAY_7BEEDC95
PAY_F13FE9EF,ORD_94F89706,MERCH_041,952500,INR,CAPTURED,2026-07-08T23:13:57Z,REF-PAY_F13FE9EF
PAY_EA377AB5,ORD_4E80D121,MERCH_020,863100,INR,CAPTURED,2026-08-17T07:07:49Z,REF-PAY_EA377AB5
PAY_C2F3B082,ORD_69437EB4,MERCH_048,766900,INR,CAPTURED,2026-07-09T01:01:56Z,REF-PAY_C2F3B082
PAY_B5E009E5,ORD_CE08C24E,MERCH_015,182000,INR,CAPTURED,2026-08-26T23:48:51Z,REF-PAY_B5E009E5
PAY_38782497,ORD_5520B91C,MERCH_034,1674600,INR,CAPTURED,2026-08-05T05:37:45Z,REF-PAY_38782497
PAY_C4D5537A,ORD_594DC1E5,MERCH_018,1191700,INR,CAPTURED,2026-07-13T22:21:27Z,REF-PAY_C4D5537A
PAY_7B3E9C96,ORD_2F858C6F,MERCH_041,1848600,INR,CAPTURED,2026-07-06T06:19:12Z,REF-PAY_7B3E9C96
PAY_E55325B8,ORD_C64292A6,MERCH_037,1764000,INR,CAPTURED,2026-07-20T15:18:00Z,REF-PAY_E55325B8
PAY_6B790A92,ORD_B8F1C03B,MERCH_040,258500,INR,CAPTURED,2026-08-27T08:36:20Z,REF-PAY_6B790A92
PAY_0DD412DE,ORD_B16814B5,MERCH_048,909700,INR,CAPTURED,2026-08-01T18:33:04Z,REF-PAY_0DD412DE
PAY_B2393ED7,ORD_6CA508C3,MERCH_015,339800,INR,CAPTURED,2026-07-14T05:15:14Z,REF-PAY_B2393ED7
PAY_C3D0AD7D,ORD_D481005C,MERCH_012,569800,INR,CAPTURED,2026-08-30T05:10:00Z,REF-PAY_C3D0AD7D
PAY_D820EDCD,ORD_1B6DCAA0,MERCH_038,1792100,INR,CAPTURED,2026-07-24T19:38:03Z,REF-PAY_D820EDCD
PAY_C0523558,ORD_161A40C4,MERCH_023,445700,INR,CAPTURED,2026-07-01T10:19:26Z,REF-PAY_C0523558
PAY_EA0DE284,ORD_A3126139,MERCH_019,1062900,INR,CAPTURED,2026-08-28T21:37:23Z,REF-PAY_EA0DE284
PAY_6CE10A68,ORD_F9A1944A,MERCH_048,1210200,INR,CAPTURED,2026-07-16T13:45:03Z,REF-PAY_6CE10A68
PAY_9129BE6F,ORD_0545B25D,MERCH_048,1313400,INR,CAPTURED,2026-07-23T10:55:34Z,REF-PAY_9129BE6F
PAY_9526C83A,ORD_F5E57A53,MERCH_014,17800,INR,CAPTURED,2026-08-08T09:30:18Z,REF-PAY_9526C83A
PAY_53B595B0,ORD_83F2A924,MERCH_011,1627700,INR,CAPTURED,2026-07-15T14:01:17Z,REF-PAY_53B595B0
PAY_F54135F9,ORD_5B5EA99B,MERCH_045,301100,INR,CAPTURED,2026-08-22T22:33:52Z,REF-PAY_F54135F9
PAY_3B8E0A28,ORD_7CA56AE4,MERCH_040,1942700,INR,CAPTURED,2026-07-22T11:15:01Z,REF-PAY_3B8E0A28
PAY_FE95996C,ORD_7CA56AE4,MERCH_040,1942700,INR,CAPTURED,2026-07-22T11:15:01Z,REF-PAY_3B8E0A28
PAY_75425DE7,ORD_C8E2A1D9,MERCH_023,45600,INR,CAPTURED,2026-08-31T20:51:58Z,REF-PAY_75425DE7
PAY_70F924E8,ORD_D001DD61,MERCH_026,1635500,INR,CAPTURED,2026-08-30T05:45:35Z,REF-PAY_70F924E8
PAY_33318BE7,ORD_65658F9F,MERCH_023,876600,INR,CAPTURED,2026-08-12T09:04:05Z,REF-PAY_33318BE7
PAY_A5DE6583,ORD_772E6C1B,MERCH_005,803700,INR,CAPTURED,2026-08-27T13:05:28Z,REF-PAY_A5DE6583
PAY_AD4DE329,ORD_0EEE8C10,MERCH_020,1983200,INR,CAPTURED,2026-07-07T15:35:17Z,REF-PAY_AD4DE329
PAY_65E74D56,ORD_FCB4F380,MERCH_041,543600,INR,CAPTURED,2026-07-04T23:21:01Z,REF-PAY_65E74D56
PAY_2AD75104,ORD_B0A435D5,MERCH_041,1953100,INR,CAPTURED,2026-07-31T14:26:41Z,REF-PAY_2AD75104
PAY_08772772,ORD_686C8986,MERCH_018,1518000,INR,CAPTURED,2026-07-26T19:24:13Z,REF-PAY_08772772
PAY_56CC8135,ORD_B136D13C,MERCH_012,703000,INR,CAPTURED,2026-09-01T21:40:54Z,REF-PAY_56CC8135
PAY_78F4E738,ORD_B136D13C,MERCH_012,703000,INR,CAPTURED,2026-09-01T21:40:54Z,REF-PAY_56CC8135
PAY_5779AA86,ORD_D78BE0A1,MERCH_007,962500,INR,CAPTURED,2026-07-31T22:32:17Z,REF-PAY_5779AA86
PAY_D49BDABF,ORD_112A5896,MERCH_046,1250100,INR,CAPTURED,2026-08-11T06:45:18Z,REF-PAY_D49BDABF
PAY_EB382866,ORD_6F5E87EB,MERCH_045,1915300,INR,CAPTURED,2026-08-18T11:14:48Z,REF-PAY_EB382866
PAY_05A7025D,ORD_56F32E3B,MERCH_028,176900,INR,CAPTURED,2026-07-03T04:34:02Z,REF-PAY_05A7025D
PAY_76DFD44F,ORD_240F692B,MERCH_004,443400,INR,CAPTURED,2026-08-17T12:25:40Z,REF-PAY_76DFD44F
PAY_4ACABC9B,ORD_92471668,MERCH_049,1177100,INR,CAPTURED,2026-07-23T20:14:18Z,REF-PAY_4ACABC9B
PAY_690781D2,ORD_F82B7DD8,MERCH_041,1999400,INR,CAPTURED,2026-08-21T03:20:53Z,REF-PAY_690781D2
PAY_86BED4CC,ORD_1A7F211D,MERCH_043,1268500,INR,CAPTURED,2026-07-02T02:12:50Z,REF-PAY_86BED4CC
PAY_63EA7239,ORD_3C054B49,MERCH_035,1590100,INR,CAPTURED,2026-07-04T20:32:15Z,REF-PAY_63EA7239
PAY_DB8E625A,ORD_3C054B49,MERCH_035,1590100,INR,CAPTURED,2026-07-04T20:32:15Z,REF-PAY_63EA7239
PAY_5B2C4D30,ORD_7A03CA72,MERCH_023,1425900,INR,CAPTURED,2026-07-27T11:25:34Z,REF-PAY_5B2C4D30
PAY_F2C0F69A,ORD_60CE763E,MERCH_045,1900600,INR,CAPTURED,2026-07-05T13:48:04Z,REF-PAY_F2C0F69A
PAY_25E0597B,ORD_5122153F,MERCH_002,949000,INR,CAPTURED,2026-07-13T09:40:54Z,REF-PAY_25E0597B
PAY_F5F42F4E,ORD_BAE0483D,MERCH_001,1358700,INR,CAPTURED,2026-08-14T10:41:33Z,REF-PAY_F5F42F4E
PAY_76BF3317,ORD_AA794AC6,MERCH_034,1690200,INR,CAPTURED,2026-07-02T17:13:34Z,REF-PAY_76BF3317
PAY_47ADE676,ORD_B4638855,MERCH_036,805300,INR,CAPTURED,2026-08-03T03:15:55Z,REF-PAY_47ADE676
PAY_E551BF98,ORD_C6D8E895,MERCH_045,1565900,INR,CAPTURED,2026-08-08T08:15:54Z,REF-PAY_E551BF98
PAY_DA07911E,ORD_74CF620A,MERCH_028,1415700,INR,CAPTURED,2026-09-01T01:32:11Z,REF-PAY_DA07911E
PAY_C99D488F,ORD_4A562479,MERCH_008,610800,INR,CAPTURED,2026-07-07T06:45:42Z,REF-PAY_C99D488F
PAY_0F88CA1A,ORD_AA616C51,MERCH_006,733700,INR,CAPTURED,2026-07-26T08:38:17Z,REF-PAY_0F88CA1A
PAY_B994D597,ORD_90FFAEFC,MERCH_040,1678600,INR,CAPTURED,2026-08-17T19:23:22Z,REF-PAY_B994D597
PAY_21249F5E,ORD_8EA88607,MERCH_025,1640200,INR,CAPTURED,2026-07-27T19:22:44Z,REF-PAY_21249F5E
PAY_A27DED04,ORD_897F9FE3,MERCH_030,1491400,INR,CAPTURED,2026-08-20T01:25:26Z,REF-PAY_A27DED04
PAY_9572C742,ORD_A2205B61,MERCH_040,597800,INR,CAPTURED,2026-07-20T02:30:47Z,REF-PAY_9572C742
PAY_25593DC7,ORD_8F3463D5,MERCH_026,1296200,INR,CAPTURED,2026-08-23T18:57:57Z,REF-PAY_25593DC7
PAY_54FE85E5,ORD_319EA16C,MERCH_015,109400,INR,CAPTURED,2026-08-02T16:21:27Z,REF-PAY_54FE85E5
PAY_6C37C431,ORD_79F4D33A,MERCH_019,1059900,INR,CAPTURED,2026-08-10T17:31:06Z,REF-PAY_6C37C431
PAY_383FBBE8,ORD_BAF77245,MERCH_036,1095700,INR,CAPTURED,2026-07-27T11:31:01Z,REF-PAY_383FBBE8
PAY_424848DA,ORD_CF4B761F,MERCH_048,61200,INR,CAPTURED,2026-08-30T13:08:23Z,REF-PAY_424848DA
PAY_CE69143F,ORD_39FA9C01,MERCH_047,1412000,INR,CAPTURED,2026-08-17T13:44:49Z,REF-PAY_CE69143F
PAY_B4F7B275,ORD_1D943979,MERCH_016,209600,INR,CAPTURED,2026-07-20T15:39:22Z,REF-PAY_B4F7B275
PAY_1785447F,ORD_4B155E7C,MERCH_025,83000,INR,CAPTURED,2026-08-24T20:20:27Z,REF-PAY_1785447F
PAY_0DA65328,ORD_C04CF25B,MERCH_034,296900,INR,CAPTURED,2026-08-11T19:16:21Z,REF-PAY_0DA65328
PAY_9B1221DB,ORD_63D71C09,MERCH_031,1968700,INR,CAPTURED,2026-08-24T07:08:45Z,REF-PAY_9B1221DB
PAY_E8DD11DD,ORD_D5DA640C,MERCH_036,17200,INR,CAPTURED,2026-07-14T23:28:11Z,REF-PAY_E8DD11DD
PAY_5215A8DE,ORD_F0F1C25D,MERCH_030,922100,INR,CAPTURED,2026-08-25T03:42:18Z,REF-PAY_5215A8DE
PAY_B8A7A340,ORD_52EC0FEC,MERCH_016,1154400,INR,CAPTURED,2026-07-15T17:20:27Z,REF-PAY_B8A7A340
PAY_3FF36337,ORD_03ECF77C,MERCH_016,684000,INR,CAPTURED,2026-08-03T03:35:53Z,REF-PAY_3FF36337
PAY_ECC1C898,ORD_9EB33A37,MERCH_021,1024000,INR,CAPTURED,2026-07-04T15:42:25Z,REF-PAY_ECC1C898
PAY_AAD40E3A,ORD_9EB33A37,MERCH_021,1024000,INR,CAPTURED,2026-07-04T15:42:25Z,REF-PAY_ECC1C898
PAY_B3CA5170,ORD_EFC5703F,MERCH_007,5500000,INR,CAPTURED,2026-08-27T18:43:16Z,REF-PAY_B3CA5170
PAY_CA172139,ORD_48666190,MERCH_046,717900,INR,CAPTURED,2026-07-31T13:54:46Z,REF-PAY_CA172139
PAY_ABF124BC,ORD_70A55CC4,MERCH_020,470500,INR,CAPTURED,2026-07-13T13:29:11Z,REF-PAY_ABF124BC
PAY_7EA61FDE,ORD_025A5DD7,MERCH_013,1403700,INR,CAPTURED,2026-07-30T16:04:54Z,REF-PAY_7EA61FDE
PAY_8E777EC0,ORD_133AD7BB,MERCH_010,30000000,INR,CAPTURED,2026-08-26T18:28:43Z,REF-PAY_8E777EC0
PAY_F57EBE86,ORD_04EE4410,MERCH_016,399100,INR,CAPTURED,2026-07-11T22:08:22Z,REF-PAY_F57EBE86
PAY_39A7B824,ORD_04EE4410,MERCH_016,399100,INR,CAPTURED,2026-07-11T22:08:22Z,REF-PAY_F57EBE86
PAY_80204651,ORD_B16A7D05,MERCH_010,1293100,INR,CAPTURED,2026-07-06T15:56:52Z,REF-PAY_80204651
PAY_13FC463A,ORD_BF2809E5,MERCH_003,1712900,INR,CAPTURED,2026-07-24T21:02:22Z,REF-PAY_13FC463A
PAY_36277FA8,ORD_141F28C5,MERCH_046,596700,INR,CAPTURED,2026-07-25T00:46:02Z,REF-PAY_36277FA8
PAY_E18F2D98,ORD_0FAFAD2C,MERCH_023,396200,INR,CAPTURED,2026-08-10T14:18:40Z,REF-PAY_E18F2D98
PAY_ADBB47EB,ORD_54DA98EA,MERCH_036,1063700,INR,CAPTURED,2026-08-15T00:16:42Z,REF-PAY_ADBB47EB
PAY_9D9B17BF,ORD_8CEBBB88,MERCH_030,1246800,INR,CAPTURED,2026-07-11T04:06:07Z,REF-PAY_9D9B17BF
PAY_C6C157BE,ORD_D2F14139,MERCH_043,739300,INR,CAPTURED,2026-07-12T06:34:49Z,REF-PAY_C6C157BE
PAY_6CC6E1B2,ORD_8067B544,MERCH_003,524000,INR,CAPTURED,2026-07-16T00:26:08Z,REF-PAY_6CC6E1B2
PAY_2C59B10C,ORD_D912CD13,MERCH_001,1218300,INR,CAPTURED,2026-07-31T09:28:45Z,REF-PAY_2C59B10C
PAY_51532889,ORD_94377ACC,MERCH_015,1695700,INR,CAPTURED,2026-07-27T01:52:00Z,REF-PAY_51532889
PAY_4C12DDAC,ORD_AC2963B8,MERCH_038,1751800,INR,CAPTURED,2026-08-19T23:42:43Z,REF-PAY_4C12DDAC
PAY_C51849EC,ORD_A0E398D5,MERCH_042,531700,INR,CAPTURED,2026-08-29T02:21:13Z,REF-PAY_C51849EC
PAY_BE574A8E,ORD_E47A24EB,MERCH_049,448600,INR,CAPTURED,2026-08-30T05:59:28Z,REF-PAY_BE574A8E
PAY_CB7DC984,ORD_19EE30A4,MERCH_018,591900,INR,CAPTURED,2026-07-19T08:10:18Z,REF-PAY_CB7DC984
PAY_EAEA2990,ORD_4686A60F,MERCH_028,1197900,INR,CAPTURED,2026-08-01T03:40:40Z,REF-PAY_EAEA2990
PAY_D9411086,ORD_D4DDF2BF,MERCH_014,419700,INR,CAPTURED,2026-07-03T07:18:19Z,REF-PAY_D9411086
PAY_C92D6E80,ORD_559829DE,MERCH_020,1806800,INR,CAPTURED,2026-08-26T04:43:28Z,REF-PAY_C92D6E80
PAY_557CC137,ORD_325DECEC,MERCH_030,1812800,INR,CAPTURED,2026-08-07T22:13:43Z,REF-PAY_557CC137
PAY_EF93C9F0,ORD_CBB4592E,MERCH_001,587200,INR,CAPTURED,2026-07-05T13:57:01Z,REF-PAY_EF93C9F0
PAY_B6125006,ORD_B5E5C396,MERCH_010,525300,INR,CAPTURED,2026-07-08T01:34:43Z,REF-PAY_B6125006
PAY_F5555C61,ORD_A6CAD664,MERCH_034,1701800,INR,CAPTURED,2026-08-24T17:47:56Z,REF-PAY_F5555C61
PAY_3982BC17,ORD_9B877632,MERCH_025,1856300,INR,CAPTURED,2026-07-24T09:16:03Z,REF-PAY_3982BC17
PAY_29698A57,ORD_539EAECE,MERCH_036,980000,INR,CAPTURED,2026-08-27T20:20:14Z,REF-PAY_29698A57
PAY_52EB0646,ORD_CCE8E2DD,MERCH_040,621300,INR,CAPTURED,2026-08-22T15:11:17Z,REF-PAY_52EB0646
PAY_F421501C,ORD_1CCB77E3,MERCH_025,834600,INR,CAPTURED,2026-09-01T00:34:31Z,REF-PAY_F421501C
PAY_C686ADF2,ORD_32468118,MERCH_003,396000,INR,CAPTURED,2026-08-02T00:26:51Z,REF-PAY_C686ADF2
PAY_F59671A7,ORD_FF6C3498,MERCH_025,1634000,INR,CAPTURED,2026-08-12T09:15:45Z,REF-PAY_F59671A7
PAY_085258A6,ORD_FF6C3498,MERCH_025,1634000,INR,CAPTURED,2026-08-12T09:15:45Z,REF-PAY_F59671A7
PAY_8777A8DA,ORD_B0AE1D9B,MERCH_049,135400,INR,CAPTURED,2026-08-28T21:08:29Z,REF-PAY_8777A8DA
PAY_A3D253ED,ORD_B0AE1D9B,MERCH_049,135400,INR,CAPTURED,2026-08-28T21:08:29Z,REF-PAY_8777A8DA
PAY_D9804009,ORD_7249554F,MERCH_020,1347200,INR,CAPTURED,2026-07-19T00:08:45Z,REF-PAY_D9804009
PAY_EC24EE30,ORD_414A5468,MERCH_020,1798500,INR,CAPTURED,2026-08-21T09:24:31Z,REF-PAY_EC24EE30
PAY_11402A5F,ORD_EF6DC818,MERCH_043,1806300,INR,CAPTURED,2026-07-14T11:15:42Z,REF-PAY_11402A5F
PAY_360409F9,ORD_79475FD5,MERCH_035,689900,INR,CAPTURED,2026-08-19T04:08:29Z,REF-PAY_360409F9
PAY_295529E9,ORD_79475FD5,MERCH_035,689900,INR,CAPTURED,2026-08-19T04:08:29Z,REF-PAY_360409F9
PAY_F7E29559,ORD_4EA00835,MERCH_011,1852800,INR,CAPTURED,2026-07-19T14:38:18Z,REF-PAY_F7E29559
PAY_77AF1E71,ORD_6BDD2C2E,MERCH_008,107400,INR,CAPTURED,2026-07-06T03:29:54Z,REF-PAY_77AF1E71
PAY_DD4BAB86,ORD_5AE9F4C7,MERCH_037,1297000,INR,CAPTURED,2026-07-06T01:55:31Z,REF-PAY_DD4BAB86
PAY_A1CC75DC,ORD_2120D3F2,MERCH_037,508100,INR,CAPTURED,2026-07-27T14:08:25Z,REF-PAY_A1CC75DC
PAY_43591834,ORD_1A0F5695,MERCH_033,695100,INR,CAPTURED,2026-07-30T04:28:30Z,REF-PAY_43591834
PAY_03D14A67,ORD_9180C3C8,MERCH_006,1187700,INR,CAPTURED,2026-07-05T23:49:23Z,REF-PAY_03D14A67
PAY_790EFF3A,ORD_8C824831,MERCH_038,531300,INR,CAPTURED,2026-08-08T10:37:23Z,REF-PAY_790EFF3A
PAY_E83D0B3A,ORD_44590E38,MERCH_021,1612300,INR,CAPTURED,2026-07-19T05:27:47Z,REF-PAY_E83D0B3A
PAY_9C02CCC7,ORD_D0F65694,MERCH_013,555100,INR,CAPTURED,2026-08-13T16:43:26Z,REF-PAY_9C02CCC7
PAY_C183C9A8,ORD_DAEB4C6E,MERCH_026,770500,INR,CAPTURED,2026-07-03T01:10:53Z,REF-PAY_C183C9A8
PAY_B322BEF9,ORD_C08AC660,MERCH_012,1638700,INR,CAPTURED,2026-07-02T22:43:08Z,REF-PAY_B322BEF9
PAY_947B2520,ORD_91DDCF87,MERCH_026,561600,INR,CAPTURED,2026-08-13T03:03:53Z,REF-PAY_947B2520
PAY_D4F870A1,ORD_2B3BE9F4,MERCH_047,288700,INR,CAPTURED,2026-07-27T06:06:58Z,REF-PAY_D4F870A1
PAY_54165853,ORD_BC44DC10,MERCH_045,91700,INR,CAPTURED,2026-07-03T02:39:07Z,REF-PAY_54165853
PAY_8F88FA98,ORD_FED92424,MERCH_046,1571200,INR,CAPTURED,2026-07-01T21:50:00Z,REF-PAY_8F88FA98
PAY_42673BEF,ORD_CDAD8324,MERCH_047,778400,INR,CAPTURED,2026-08-12T04:48:06Z,REF-PAY_42673BEF
PAY_5A087831,ORD_25B2E48D,MERCH_023,980200,INR,CAPTURED,2026-08-25T23:43:03Z,REF-PAY_5A087831
PAY_FD380917,ORD_E36D92BC,MERCH_038,279900,INR,CAPTURED,2026-07-25T13:56:55Z,REF-PAY_FD380917
PAY_55DD201C,ORD_7C1C4F9C,MERCH_019,704800,INR,CAPTURED,2026-08-23T12:44:01Z,REF-PAY_55DD201C
PAY_A9383AC1,ORD_17FABA89,MERCH_031,1788100,INR,CAPTURED,2026-07-08T22:52:41Z,REF-PAY_A9383AC1
PAY_1B65B981,ORD_0A9DD8E7,MERCH_025,1606400,INR,CAPTURED,2026-07-23T05:32:11Z,REF-PAY_1B65B981
PAY_319523DA,ORD_3EEFF227,MERCH_027,1481600,INR,CAPTURED,2026-07-11T07:29:00Z,REF-PAY_319523DA
PAY_EB7912DB,ORD_6F016323,MERCH_021,908100,INR,CAPTURED,2026-07-11T05:12:42Z,REF-PAY_EB7912DB
PAY_519C6035,ORD_E7F2CD50,MERCH_048,141600,INR,CAPTURED,2026-08-02T21:15:56Z,REF-PAY_519C6035
PAY_D5D9FE08,ORD_0C2115BF,MERCH_030,1344400,INR,CAPTURED,2026-08-29T04:20:59Z,REF-PAY_D5D9FE08
PAY_0AE7A9F2,ORD_581310E7,MERCH_042,368200,INR,CAPTURED,2026-08-15T15:46:42Z,REF-PAY_0AE7A9F2
PAY_808949F6,ORD_581310E7,MERCH_042,368200,INR,CAPTURED,2026-08-15T15:46:42Z,REF-PAY_0AE7A9F2
PAY_6AB46C34,ORD_8BBF3576,MERCH_041,1927100,INR,CAPTURED,2026-08-17T00:08:26Z,REF-PAY_6AB46C34
PAY_6D89A680,ORD_737D0230,MERCH_042,1174000,INR,CAPTURED,2026-07-10T18:25:43Z,REF-PAY_6D89A680
PAY_5B08AFA4,ORD_E05C76D7,MERCH_012,1228600,INR,CAPTURED,2026-08-27T11:20:14Z,REF-PAY_5B08AFA4
PAY_9F7069B5,ORD_2C01AFE7,MERCH_031,382400,INR,CAPTURED,2026-08-13T16:38:24Z,REF-PAY_9F7069B5
PAY_4E7F6CCC,ORD_19FDD525,MERCH_025,784400,INR,CAPTURED,2026-07-21T12:29:46Z,REF-PAY_4E7F6CCC
PAY_0E669364,ORD_F6C57BC7,MERCH_039,803800,INR,CAPTURED,2026-07-15T04:30:47Z,REF-PAY_0E669364
PAY_99FC24BF,ORD_F6C57BC7,MERCH_039,803800,INR,CAPTURED,2026-07-15T04:30:47Z,REF-PAY_0E669364
PAY_332A5B45,ORD_2E2F3DEE,MERCH_030,1176600,INR,CAPTURED,2026-07-25T02:10:19Z,REF-PAY_332A5B45
PAY_1783AC4C,ORD_420D35F3,MERCH_034,1908200,INR,CAPTURED,2026-07-11T04:37:52Z,REF-PAY_1783AC4C
PAY_5304DF5E,ORD_420D35F3,MERCH_034,1908200,INR,CAPTURED,2026-07-11T04:37:52Z,REF-PAY_1783AC4C
PAY_C44C4643,ORD_3E37331E,MERCH_006,634600,INR,CAPTURED,2026-08-12T13:51:23Z,REF-PAY_C44C4643
PAY_BFB1E15F,ORD_D9FA7513,MERCH_013,951800,INR,CAPTURED,2026-07-27T13:53:02Z,REF-PAY_BFB1E15F
PAY_2EE39A38,ORD_7F7A9D04,MERCH_025,1028600,INR,CAPTURED,2026-07-18T12:31:05Z,REF-PAY_2EE39A38
PAY_123F390C,ORD_DB513F0B,MERCH_023,1246500,INR,CAPTURED,2026-07-01T00:21:03Z,REF-PAY_123F390C
PAY_1EF01699,ORD_7F63F4F6,MERCH_013,1170400,INR,CAPTURED,2026-07-31T16:18:26Z,REF-PAY_1EF01699
PAY_7DC6F1A9,ORD_18108694,MERCH_010,1093400,INR,CAPTURED,2026-08-28T06:52:54Z,REF-PAY_7DC6F1A9
PAY_7CCADC8A,ORD_18108694,MERCH_010,1093400,INR,CAPTURED,2026-08-28T06:52:54Z,REF-PAY_7DC6F1A9
PAY_B6CE22B8,ORD_709ECF58,MERCH_032,533000,INR,CAPTURED,2026-07-06T18:36:47Z,REF-PAY_B6CE22B8
PAY_F68C57FE,ORD_5B197B43,MERCH_015,1799000,INR,CAPTURED,2026-08-19T16:36:35Z,REF-PAY_F68C57FE
PAY_A6410FD7,ORD_0356EE2F,MERCH_039,1194300,INR,CAPTURED,2026-07-02T15:23:47Z,REF-PAY_A6410FD7
PAY_353DC617,ORD_221DE80A,MERCH_029,1010800,INR,CAPTURED,2026-07-28T11:54:05Z,REF-PAY_353DC617
PAY_853FA974,ORD_09FB6576,MERCH_035,1945600,INR,CAPTURED,2026-07-28T16:52:57Z,REF-PAY_853FA974
PAY_0E295565,ORD_FE3C9BB3,MERCH_016,1731400,INR,CAPTURED,2026-07-27T13:41:59Z,REF-PAY_0E295565
PAY_7508DB08,ORD_7321E3A3,MERCH_009,1341800,INR,CAPTURED,2026-07-18T01:17:26Z,REF-PAY_7508DB08
PAY_D3C593F2,ORD_C3C611AA,MERCH_008,898400,INR,CAPTURED,2026-07-22T02:43:07Z,REF-PAY_D3C593F2
PAY_44A804CE,ORD_03A4892D,MERCH_025,549300,INR,CAPTURED,2026-08-30T03:46:51Z,REF-PAY_44A804CE
PAY_481F6A7B,ORD_2CDF4969,MERCH_034,1301300,INR,CAPTURED,2026-07-26T21:03:35Z,REF-PAY_481F6A7B
PAY_ECA91462,ORD_2CDF4969,MERCH_034,1301300,INR,CAPTURED,2026-07-26T21:03:35Z,REF-PAY_481F6A7B
PAY_4EFF363A,ORD_EAB1E3B7,MERCH_037,1951900,INR,CAPTURED,2026-07-22T23:31:34Z,REF-PAY_4EFF363A
PAY_304A5E11,ORD_38475896,MERCH_033,1194600,INR,CAPTURED,2026-08-04T11:13:11Z,REF-PAY_304A5E11
PAY_93F9E85C,ORD_D5367098,MERCH_009,976500,INR,CAPTURED,2026-07-17T11:44:22Z,REF-PAY_93F9E85C
PAY_CF87AADD,ORD_534DEC7B,MERCH_014,1856600,INR,CAPTURED,2026-08-15T02:12:18Z,REF-PAY_CF87AADD
PAY_62DF598E,ORD_DDB6AD68,MERCH_036,1617800,INR,CAPTURED,2026-07-06T20:48:10Z,REF-PAY_62DF598E
PAY_526B2B80,ORD_3B7AF02F,MERCH_015,213900,INR,CAPTURED,2026-07-05T08:38:19Z,REF-PAY_526B2B80
PAY_5D03C154,ORD_3F42A4C8,MERCH_044,151000,INR,CAPTURED,2026-08-04T06:35:09Z,REF-PAY_5D03C154
PAY_6423B895,ORD_BB62AE1C,MERCH_042,212100,INR,CAPTURED,2026-08-30T02:29:39Z,REF-PAY_6423B895
PAY_AF6F75BB,ORD_6251A0CA,MERCH_048,332600,INR,CAPTURED,2026-08-08T11:25:11Z,REF-PAY_AF6F75BB
PAY_0671DE58,ORD_671BD569,MERCH_023,852500,INR,CAPTURED,2026-08-06T07:46:39Z,REF-PAY_0671DE58
PAY_FD6C1873,ORD_1857BFA4,MERCH_021,1592000,INR,CAPTURED,2026-08-20T06:39:55Z,REF-PAY_FD6C1873
PAY_888BB31C,ORD_1857BFA4,MERCH_021,1592000,INR,CAPTURED,2026-08-20T06:39:55Z,REF-PAY_FD6C1873
PAY_08D16AD1,ORD_6F5853CA,MERCH_013,51800,INR,CAPTURED,2026-07-25T18:49:31Z,REF-PAY_08D16AD1
PAY_8397D44D,ORD_657DA0E2,MERCH_048,1079500,INR,CAPTURED,2026-08-21T19:33:55Z,REF-PAY_8397D44D
PAY_63D4690E,ORD_86B817A7,MERCH_034,1588800,INR,CAPTURED,2026-08-13T21:08:36Z,REF-PAY_63D4690E
PAY_86485C51,ORD_F82DE388,MERCH_018,1359000,INR,CAPTURED,2026-08-17T12:00:37Z,REF-PAY_86485C51
PAY_9ACDB9BF,ORD_C1219AEA,MERCH_049,896400,INR,CAPTURED,2026-08-06T23:31:53Z,REF-PAY_9ACDB9BF
PAY_59820508,ORD_C1219AEA,MERCH_049,896400,INR,CAPTURED,2026-08-06T23:31:53Z,REF-PAY_9ACDB9BF
PAY_628BF22B,ORD_38038FE7,MERCH_004,352300,INR,CAPTURED,2026-07-03T01:54:38Z,REF-PAY_628BF22B
PAY_76A05537,ORD_9D545F17,MERCH_026,1527800,INR,CAPTURED,2026-08-12T06:22:32Z,REF-PAY_76A05537
PAY_C285EBD2,ORD_808858DC,MERCH_017,191200,INR,CAPTURED,2026-07-26T11:50:23Z,REF-PAY_C285EBD2
PAY_8597CA68,ORD_808858DC,MERCH_017,191200,INR,CAPTURED,2026-07-26T11:50:23Z,REF-PAY_C285EBD2
PAY_6413329D,ORD_54143161,MERCH_016,1230100,INR,CAPTURED,2026-07-19T19:16:08Z,REF-PAY_6413329D
PAY_29BDA36C,ORD_C071C3A7,MERCH_014,1064900,INR,CAPTURED,2026-07-23T21:15:49Z,REF-PAY_29BDA36C
PAY_47684E02,ORD_6163E4AE,MERCH_049,853300,INR,CAPTURED,2026-07-12T02:53:42Z,REF-PAY_47684E02
PAY_6C208746,ORD_F298F2C1,MERCH_020,916100,INR,CAPTURED,2026-08-06T07:10:07Z,REF-PAY_6C208746
PAY_63BA34BA,ORD_4E6FD515,MERCH_026,1259500,INR,CAPTURED,2026-07-25T23:37:10Z,REF-PAY_63BA34BA
PAY_6C074090,ORD_2F7606B3,MERCH_033,96900,INR,CAPTURED,2026-07-11T13:34:16Z,REF-PAY_6C074090
PAY_FE2A9017,ORD_AA9E7C60,MERCH_036,539700,INR,CAPTURED,2026-07-17T12:27:25Z,REF-PAY_FE2A9017
PAY_42ADE709,ORD_196C1DA8,MERCH_021,132500,INR,CAPTURED,2026-07-09T03:06:16Z,REF-PAY_42ADE709
PAY_63E2B1B3,ORD_A11D8D57,MERCH_003,1040100,INR,CAPTURED,2026-07-16T20:12:20Z,REF-PAY_63E2B1B3
PAY_AA6307EC,ORD_A11D8D57,MERCH_003,1040100,INR,CAPTURED,2026-07-16T20:12:20Z,REF-PAY_63E2B1B3
PAY_E9F24F1E,ORD_8B0C5287,MERCH_015,1320200,INR,CAPTURED,2026-07-20T07:11:14Z,REF-PAY_E9F24F1E
PAY_26296B6B,ORD_3020F3E1,MERCH_033,1379300,INR,CAPTURED,2026-07-31T03:10:28Z,REF-PAY_26296B6B
PAY_63C54729,ORD_08CF6851,MERCH_005,1629000,INR,CAPTURED,2026-07-23T16:21:56Z,REF-PAY_63C54729
PAY_14F9B3D3,ORD_2D43BF3C,MERCH_034,409000,INR,CAPTURED,2026-08-27T23:15:01Z,REF-PAY_14F9B3D3
PAY_A71674AD,ORD_246A133B,MERCH_036,44200,INR,CAPTURED,2026-08-10T06:00:24Z,REF-PAY_A71674AD
PAY_15563768,ORD_246A133B,MERCH_036,44200,INR,CAPTURED,2026-08-10T06:00:24Z,REF-PAY_A71674AD
PAY_C13D6AC1,ORD_5A3AAFF1,MERCH_009,497600,INR,CAPTURED,2026-08-12T08:24:14Z,REF-PAY_C13D6AC1
PAY_9DAE9AE4,ORD_E168A0EC,MERCH_023,1218500,INR,CAPTURED,2026-07-07T03:09:12Z,REF-PAY_9DAE9AE4
PAY_31DCDC02,ORD_26B2F7DC,MERCH_040,1716500,INR,CAPTURED,2026-07-27T23:13:34Z,REF-PAY_31DCDC02
PAY_AA278A68,ORD_9B47A093,MERCH_010,1989700,INR,CAPTURED,2026-07-15T13:21:56Z,REF-PAY_AA278A68
PAY_ED01BA20,ORD_13543CDB,MERCH_009,1884800,INR,CAPTURED,2026-08-27T11:22:48Z,REF-PAY_ED01BA20
PAY_480C9071,ORD_E95CA1F8,MERCH_010,332500,INR,CAPTURED,2026-08-16T18:24:39Z,REF-PAY_480C9071
PAY_41EE0853,ORD_1D9AE278,MERCH_038,818200,INR,CAPTURED,2026-07-23T22:13:59Z,REF-PAY_41EE0853
PAY_8F6DD3D7,ORD_C1809EFB,MERCH_019,1537600,INR,CAPTURED,2026-07-02T07:13:39Z,REF-PAY_8F6DD3D7
PAY_09AAEB18,ORD_3E614848,MERCH_028,808400,INR,CAPTURED,2026-08-12T16:46:35Z,REF-PAY_09AAEB18
PAY_EB9C9A38,ORD_6A4DA5FB,MERCH_028,53800,INR,CAPTURED,2026-07-17T19:56:05Z,REF-PAY_EB9C9A38
PAY_A2506E69,ORD_961A460A,MERCH_028,1153000,INR,CAPTURED,2026-07-05T16:22:51Z,REF-PAY_A2506E69
PAY_698B7195,ORD_F259FAA0,MERCH_012,789000,INR,CAPTURED,2026-07-13T08:33:51Z,REF-PAY_698B7195
PAY_1ABD01DC,ORD_03292FD1,MERCH_039,1076100,INR,CAPTURED,2026-08-09T18:40:14Z,REF-PAY_1ABD01DC
PAY_FED8929A,ORD_A190ABC1,MERCH_044,30000000,INR,CAPTURED,2026-08-20T10:37:09Z,REF-PAY_FED8929A
PAY_EF27D842,ORD_1E93FC6E,MERCH_042,1512900,INR,CAPTURED,2026-07-20T16:20:52Z,REF-PAY_EF27D842
PAY_A8E60274,ORD_A244BDBB,MERCH_007,831500,INR,CAPTURED,2026-08-06T20:04:40Z,REF-PAY_A8E60274
PAY_FD5D7616,ORD_0B55FA80,MERCH_038,5500000,INR,CAPTURED,2026-08-04T04:33:07Z,REF-PAY_FD5D7616
PAY_EBEB7EA6,ORD_3432B2D9,MERCH_049,499500,INR,CAPTURED,2026-08-21T18:56:19Z,REF-PAY_EBEB7EA6
PAY_5D62B4CD,ORD_5BA59A72,MERCH_003,1997800,INR,CAPTURED,2026-08-29T01:18:43Z,REF-PAY_5D62B4CD
PAY_E129282D,ORD_3DDE6C70,MERCH_038,1301700,INR,CAPTURED,2026-08-28T20:41:13Z,REF-PAY_E129282D
PAY_E27B866A,ORD_3DDE6C70,MERCH_038,1301700,INR,CAPTURED,2026-08-28T20:41:13Z,REF-PAY_E129282D
PAY_4F5775D7,ORD_B0C9B91F,MERCH_001,1261600,INR,CAPTURED,2026-07-25T17:51:46Z,REF-PAY_4F5775D7
PAY_C4067226,ORD_6A060E9D,MERCH_047,1713900,INR,CAPTURED,2026-07-29T09:55:00Z,REF-PAY_C4067226
PAY_26A653F3,ORD_010B254F,MERCH_008,738100,INR,CAPTURED,2026-07-16T05:16:00Z,REF-PAY_26A653F3
PAY_50717622,ORD_2F4E6B10,MERCH_005,806900,INR,CAPTURED,2026-07-30T12:06:08Z,REF-PAY_50717622
PAY_8C77C07B,ORD_44588066,MERCH_045,204300,INR,CAPTURED,2026-07-06T04:03:20Z,REF-PAY_8C77C07B
PAY_006B7DF5,ORD_986C98CA,MERCH_038,1070400,INR,CAPTURED,2026-07-28T16:39:01Z,REF-PAY_006B7DF5
PAY_B9DB0F4C,ORD_932D68E8,MERCH_008,1562900,INR,CAPTURED,2026-07-02T06:27:07Z,REF-PAY_B9DB0F4C
PAY_A2BC26E1,ORD_EC4DD985,MERCH_048,1129800,INR,CAPTURED,2026-07-26T04:04:33Z,REF-PAY_A2BC26E1
PAY_1B8D4FD5,ORD_40EAEF4A,MERCH_030,15000000,INR,CAPTURED,2026-07-11T03:58:24Z,REF-PAY_1B8D4FD5
PAY_AFA20DC0,ORD_C26391E5,MERCH_007,1618400,INR,CAPTURED,2026-07-26T04:35:19Z,REF-PAY_AFA20DC0
PAY_B9ECF87A,ORD_E8495A92,MERCH_044,116800,INR,CAPTURED,2026-07-03T20:58:01Z,REF-PAY_B9ECF87A
PAY_D3D47743,ORD_8CDFD3D7,MERCH_004,1256900,INR,CAPTURED,2026-07-18T07:05:53Z,REF-PAY_D3D47743
PAY_5AA9BAED,ORD_97CEFFC0,MERCH_040,1935800,INR,CAPTURED,2026-07-11T01:06:20Z,REF-PAY_5AA9BAED
PAY_EE289806,ORD_8173E527,MERCH_043,1256800,INR,CAPTURED,2026-07-01T10:21:49Z,REF-PAY_EE289806
PAY_333C319E,ORD_2EAFC457,MERCH_008,225800,INR,CAPTURED,2026-07-07T13:51:04Z,REF-PAY_333C319E
PAY_F720F73F,ORD_F08DD078,MERCH_016,827500,INR,CAPTURED,2026-08-21T23:35:50Z,REF-PAY_F720F73F
PAY_BD34A216,ORD_F08DD078,MERCH_016,827500,INR,CAPTURED,2026-08-21T23:35:50Z,REF-PAY_F720F73F
PAY_27D8152D,ORD_1AEF7B68,MERCH_031,70600,INR,CAPTURED,2026-08-26T19:16:19Z,REF-PAY_27D8152D
PAY_CE66D36C,ORD_419BDB14,MERCH_035,50300,INR,CAPTURED,2026-07-16T00:11:26Z,REF-PAY_CE66D36C
PAY_38FCED60,ORD_7E977AE0,MERCH_003,1755400,INR,CAPTURED,2026-07-14T07:43:57Z,REF-PAY_38FCED60
PAY_D56C0F0B,ORD_988211F1,MERCH_016,1301200,INR,CAPTURED,2026-08-03T17:42:12Z,REF-PAY_D56C0F0B
PAY_253B07D2,ORD_A68790D8,MERCH_018,925800,INR,CAPTURED,2026-07-03T13:30:49Z,REF-PAY_253B07D2
PAY_04EB4E75,ORD_6B60650D,MERCH_003,1829000,INR,CAPTURED,2026-07-13T02:32:54Z,REF-PAY_04EB4E75
PAY_EC7449C0,ORD_C6088AE1,MERCH_013,166100,INR,CAPTURED,2026-08-15T02:16:13Z,REF-PAY_EC7449C0
PAY_60537AEA,ORD_98BD840C,MERCH_011,858500,INR,CAPTURED,2026-08-21T09:27:52Z,REF-PAY_60537AEA
PAY_473CE445,ORD_2D597E68,MERCH_032,1474800,INR,CAPTURED,2026-07-03T12:35:25Z,REF-PAY_473CE445
PAY_B76A196F,ORD_AD7FDC0F,MERCH_022,1901100,INR,CAPTURED,2026-08-21T00:21:57Z,REF-PAY_B76A196F
PAY_A2CA74CC,ORD_BA4D1985,MERCH_034,1802700,INR,CAPTURED,2026-07-14T21:17:19Z,REF-PAY_A2CA74CC
PAY_3EF5C704,ORD_6424C710,MERCH_013,1103100,INR,CAPTURED,2026-08-03T22:00:10Z,REF-PAY_3EF5C704
PAY_D9871014,ORD_C5781BF9,MERCH_030,1147900,INR,CAPTURED,2026-08-01T07:11:06Z,REF-PAY_D9871014
PAY_19670FEC,ORD_43C7B8B1,MERCH_002,1349800,INR,CAPTURED,2026-08-10T17:42:24Z,REF-PAY_19670FEC
PAY_FD9FFC1B,ORD_F98711FA,MERCH_026,1648100,INR,CAPTURED,2026-08-16T14:40:24Z,REF-PAY_FD9FFC1B
PAY_21F9C28B,ORD_36C3E8C9,MERCH_046,1583200,INR,CAPTURED,2026-08-27T07:07:20Z,REF-PAY_21F9C28B
PAY_9B920291,ORD_68CBE32F,MERCH_022,1673300,INR,CAPTURED,2026-08-01T02:20:23Z,REF-PAY_9B920291
PAY_664ACB41,ORD_006741D5,MERCH_007,858500,INR,CAPTURED,2026-07-29T09:32:10Z,REF-PAY_664ACB41
PAY_F0263743,ORD_996FE3F4,MERCH_038,982100,INR,CAPTURED,2026-08-07T20:32:35Z,REF-PAY_F0263743
PAY_67F0001B,ORD_D16485CA,MERCH_042,1358400,INR,CAPTURED,2026-08-13T11:17:58Z,REF-PAY_67F0001B
PAY_2367AFEE,ORD_EB42DF81,MERCH_002,1483000,INR,CAPTURED,2026-07-24T07:30:44Z,REF-PAY_2367AFEE
PAY_799DA4C5,ORD_EA150367,MERCH_008,916300,INR,CAPTURED,2026-08-03T21:18:03Z,REF-PAY_799DA4C5
PAY_C21A6FDD,ORD_3057E1B0,MERCH_032,370200,INR,CAPTURED,2026-07-12T18:12:38Z,REF-PAY_C21A6FDD
PAY_A580A83A,ORD_A09C88F6,MERCH_014,1733800,INR,CAPTURED,2026-08-23T18:22:14Z,REF-PAY_A580A83A
PAY_91EEC189,ORD_BCE99537,MERCH_046,1584900,INR,CAPTURED,2026-07-08T08:43:16Z,REF-PAY_91EEC189
PAY_8CD9E0B9,ORD_55BB70D4,MERCH_011,897100,INR,CAPTURED,2026-08-19T02:08:25Z,REF-PAY_8CD9E0B9
PAY_D7D9AF65,ORD_4D9F2002,MERCH_031,488400,INR,CAPTURED,2026-08-27T23:57:18Z,REF-PAY_D7D9AF65
PAY_A7F31AB6,ORD_3D7CE6A0,MERCH_021,691400,INR,CAPTURED,2026-08-22T20:37:48Z,REF-PAY_A7F31AB6
PAY_AB0BF39F,ORD_92CCC292,MERCH_021,1867300,INR,CAPTURED,2026-07-25T04:17:17Z,REF-PAY_AB0BF39F
PAY_CA488CC7,ORD_2E43BBF5,MERCH_018,1249300,INR,CAPTURED,2026-07-28T08:38:40Z,REF-PAY_CA488CC7
PAY_B16E5DB1,ORD_3E5D79C5,MERCH_009,1465600,INR,CAPTURED,2026-08-16T23:08:45Z,REF-PAY_B16E5DB1
PAY_41ED1E73,ORD_48A9BA6E,MERCH_030,297100,INR,CAPTURED,2026-07-14T00:03:05Z,REF-PAY_41ED1E73
PAY_6FB2DDAB,ORD_66E0B52F,MERCH_018,544700,INR,CAPTURED,2026-08-12T13:12:18Z,REF-PAY_6FB2DDAB
PAY_4B127E42,ORD_A6B24779,MERCH_047,1764900,INR,CAPTURED,2026-07-02T23:53:10Z,REF-PAY_4B127E42
PAY_A65469EA,ORD_A1D87B05,MERCH_018,1179400,INR,CAPTURED,2026-07-19T23:30:48Z,REF-PAY_A65469EA
PAY_17E4AE85,ORD_3E66DC2A,MERCH_015,708900,INR,CAPTURED,2026-07-15T12:49:47Z,REF-PAY_17E4AE85
PAY_11C215C9,ORD_EE05ADAB,MERCH_038,936600,INR,CAPTURED,2026-08-16T12:16:49Z,REF-PAY_11C215C9
PAY_CEA1CD12,ORD_5EFF43AA,MERCH_006,1715600,INR,CAPTURED,2026-07-14T04:46:03Z,REF-PAY_CEA1CD12
PAY_6DF3B6AB,ORD_77A875A4,MERCH_013,1643200,INR,CAPTURED,2026-07-24T10:18:47Z,REF-PAY_6DF3B6AB
PAY_218438D8,ORD_4AE0CA2F,MERCH_034,1412100,INR,CAPTURED,2026-08-24T01:35:42Z,REF-PAY_218438D8
PAY_A9E656D9,ORD_D74D619B,MERCH_004,285700,INR,CAPTURED,2026-07-28T18:49:20Z,REF-PAY_A9E656D9
PAY_56C0563E,ORD_A6BE06FE,MERCH_003,737200,INR,CAPTURED,2026-08-31T04:09:43Z,REF-PAY_56C0563E
PAY_E819F367,ORD_17418E97,MERCH_025,742700,INR,CAPTURED,2026-08-01T10:34:01Z,REF-PAY_E819F367
PAY_F27DD178,ORD_DAB84A0F,MERCH_009,290800,INR,CAPTURED,2026-07-21T16:22:16Z,REF-PAY_F27DD178
PAY_1D07031F,ORD_A294663A,MERCH_016,385500,INR,CAPTURED,2026-07-20T11:13:33Z,REF-PAY_1D07031F
PAY_77D6942A,ORD_BDC94430,MERCH_030,1927400,INR,CAPTURED,2026-08-10T19:59:33Z,REF-PAY_77D6942A
PAY_32B2280E,ORD_EB4F5F3E,MERCH_044,1336900,INR,CAPTURED,2026-08-09T07:13:03Z,REF-PAY_32B2280E
PAY_6EB70C01,ORD_19C1208C,MERCH_006,545100,INR,CAPTURED,2026-07-09T16:58:57Z,REF-PAY_6EB70C01
PAY_71A65308,ORD_7D3BF138,MERCH_031,524500,INR,CAPTURED,2026-08-22T10:28:37Z,REF-PAY_71A65308
PAY_2555F940,ORD_727A30B4,MERCH_043,760800,INR,CAPTURED,2026-08-27T17:34:51Z,REF-PAY_2555F940
PAY_9A4370B4,ORD_ADAA6927,MERCH_005,24200,INR,CAPTURED,2026-07-14T23:27:03Z,REF-PAY_9A4370B4
PAY_8B8291EB,ORD_05BAF059,MERCH_047,267200,INR,CAPTURED,2026-08-25T22:07:18Z,REF-PAY_8B8291EB
PAY_037CBE2F,ORD_7973A24D,MERCH_033,354600,INR,CAPTURED,2026-07-12T20:46:54Z,REF-PAY_037CBE2F
PAY_3E94629E,ORD_967E1A8F,MERCH_025,334700,INR,CAPTURED,2026-08-24T20:17:35Z,REF-PAY_3E94629E
PAY_BABE1B7C,ORD_A54BB07B,MERCH_027,1614700,INR,CAPTURED,2026-07-28T05:50:36Z,REF-PAY_BABE1B7C
PAY_F2C9DB8D,ORD_4DA7B981,MERCH_019,190200,INR,CAPTURED,2026-08-04T09:48:43Z,REF-PAY_F2C9DB8D
PAY_F060A78D,ORD_0DDBD72A,MERCH_010,505200,INR,CAPTURED,2026-08-09T04:51:51Z,REF-PAY_F060A78D
PAY_FA41B642,ORD_AD6A1421,MERCH_044,1212700,INR,CAPTURED,2026-07-31T23:41:59Z,REF-PAY_FA41B642
PAY_644CA81C,ORD_BCE7BF73,MERCH_022,903700,INR,CAPTURED,2026-07-11T09:08:25Z,REF-PAY_644CA81C
PAY_E3890AAF,ORD_93A17331,MERCH_029,1283300,INR,CAPTURED,2026-07-23T15:49:52Z,REF-PAY_E3890AAF
PAY_75F142AD,ORD_DF8241BB,MERCH_017,471600,INR,CAPTURED,2026-08-05T11:51:00Z,REF-PAY_75F142AD
PAY_7F4149B6,ORD_872DE517,MERCH_047,1953200,INR,CAPTURED,2026-08-13T19:11:10Z,REF-PAY_7F4149B6
PAY_16633499,ORD_24499E5C,MERCH_047,10500,INR,CAPTURED,2026-08-04T12:00:06Z,REF-PAY_16633499
PAY_40AEF11C,ORD_1BD5C999,MERCH_026,873100,INR,CAPTURED,2026-08-04T12:24:19Z,REF-PAY_40AEF11C
PAY_7DA2D2D9,ORD_C1DEE6D8,MERCH_006,1871900,INR,CAPTURED,2026-08-01T00:03:01Z,REF-PAY_7DA2D2D9
PAY_6DA79AB4,ORD_CFEED636,MERCH_016,514200,INR,CAPTURED,2026-08-22T09:41:52Z,REF-PAY_6DA79AB4
PAY_0B3CBD3D,ORD_BD23EA1B,MERCH_044,1899000,INR,CAPTURED,2026-08-06T07:45:40Z,REF-PAY_0B3CBD3D
PAY_CE7C9506,ORD_E8BA312F,MERCH_043,1036100,INR,CAPTURED,2026-08-31T12:17:16Z,REF-PAY_CE7C9506
PAY_4FC36636,ORD_080BE248,MERCH_013,1016900,INR,CAPTURED,2026-07-14T01:11:29Z,REF-PAY_4FC36636
PAY_022B704C,ORD_ACC51A09,MERCH_015,1073800,INR,CAPTURED,2026-07-27T17:38:59Z,REF-PAY_022B704C
PAY_22D45372,ORD_5A034AAB,MERCH_035,1270900,INR,CAPTURED,2026-08-22T19:34:30Z,REF-PAY_22D45372
PAY_5B8702C1,ORD_85BCF5F1,MERCH_002,458000,INR,CAPTURED,2026-08-29T13:54:28Z,REF-PAY_5B8702C1
PAY_D0DC89F7,ORD_DD9B967B,MERCH_006,1394900,INR,CAPTURED,2026-07-13T03:25:52Z,REF-PAY_D0DC89F7
PAY_B662BB29,ORD_87A63DB2,MERCH_028,428000,INR,CAPTURED,2026-08-08T23:17:35Z,REF-PAY_B662BB29
PAY_5DB105A7,ORD_F929B8A3,MERCH_025,15000000,INR,CAPTURED,2026-07-22T23:50:55Z,REF-PAY_5DB105A7
PAY_8C5B5259,ORD_166C62EB,MERCH_033,1172600,INR,CAPTURED,2026-08-01T04:41:13Z,REF-PAY_8C5B5259
PAY_FF911312,ORD_E7DD2E9B,MERCH_035,355000,INR,CAPTURED,2026-08-29T05:43:23Z,REF-PAY_FF911312
PAY_555DEA61,ORD_A3643507,MERCH_038,1906600,INR,CAPTURED,2026-08-11T04:55:58Z,REF-PAY_555DEA61
PAY_8FE4BA17,ORD_6741FD1D,MERCH_009,654100,INR,CAPTURED,2026-08-10T10:58:32Z,REF-PAY_8FE4BA17
PAY_4E585D60,ORD_6741FD1D,MERCH_009,654100,INR,CAPTURED,2026-08-10T10:58:32Z,REF-PAY_8FE4BA17
PAY_90463F09,ORD_FA6AED8A,MERCH_034,953600,INR,CAPTURED,2026-07-06T13:13:08Z,REF-PAY_90463F09
PAY_93CAB346,ORD_07C78A4F,MERCH_027,1124800,INR,CAPTURED,2026-07-05T10:10:07Z,REF-PAY_93CAB346
PAY_1202ADB8,ORD_07C78A4F,MERCH_027,1124800,INR,CAPTURED,2026-07-05T10:10:07Z,REF-PAY_93CAB346
PAY_50D84C31,ORD_BF8B69E7,MERCH_024,516300,INR,CAPTURED,2026-07-04T05:17:01Z,REF-PAY_50D84C31
PAY_D2CEA8D9,ORD_A3EB948C,MERCH_040,1258500,INR,CAPTURED,2026-07-16T04:10:46Z,REF-PAY_D2CEA8D9
PAY_71D19C02,ORD_978CC5CD,MERCH_031,173600,INR,CAPTURED,2026-07-14T21:08:15Z,REF-PAY_71D19C02
PAY_99B76B3D,ORD_E1D3D010,MERCH_017,1848700,INR,CAPTURED,2026-08-29T00:09:20Z,REF-PAY_99B76B3D
PAY_E941248C,ORD_9B4D7446,MERCH_005,1897900,INR,CAPTURED,2026-07-08T12:09:23Z,REF-PAY_E941248C
PAY_E260940C,ORD_A78F9331,MERCH_042,190400,INR,CAPTURED,2026-08-16T18:59:30Z,REF-PAY_E260940C
PAY_E3C48B6A,ORD_404C52E6,MERCH_021,681500,INR,CAPTURED,2026-07-01T13:47:21Z,REF-PAY_E3C48B6A
PAY_FFF366C0,ORD_288EE772,MERCH_015,889800,INR,CAPTURED,2026-08-29T18:10:23Z,REF-PAY_FFF366C0
PAY_67F66FD1,ORD_C97D302C,MERCH_025,881600,INR,CAPTURED,2026-08-04T09:45:41Z,REF-PAY_67F66FD1
PAY_7C8FA53F,ORD_41F76C6B,MERCH_033,1026300,INR,CAPTURED,2026-07-26T03:20:22Z,REF-PAY_7C8FA53F
PAY_34F8C606,ORD_140FB382,MERCH_011,956800,INR,CAPTURED,2026-08-13T14:27:44Z,REF-PAY_34F8C606
PAY_5F35D11F,ORD_42D68E6F,MERCH_023,251200,INR,CAPTURED,2026-08-19T02:17:37Z,REF-PAY_5F35D11F
PAY_A37EA6E6,ORD_5E6D25B6,MERCH_014,690200,INR,CAPTURED,2026-07-15T05:52:25Z,REF-PAY_A37EA6E6
PAY_8501FE4E,ORD_90A8ED17,MERCH_025,1586200,INR,CAPTURED,2026-08-23T23:54:34Z,REF-PAY_8501FE4E
PAY_5E65BF5E,ORD_8A5E7553,MERCH_040,1883400,INR,CAPTURED,2026-08-26T15:40:48Z,REF-PAY_5E65BF5E
PAY_EA78A5B4,ORD_1825CEC9,MERCH_031,1891700,INR,CAPTURED,2026-08-14T23:28:30Z,REF-PAY_EA78A5B4
PAY_C04182E3,ORD_806FEFB6,MERCH_022,356900,INR,CAPTURED,2026-07-03T02:02:58Z,REF-PAY_C04182E3
PAY_55DFBE54,ORD_CCF832BE,MERCH_008,1717100,INR,CAPTURED,2026-07-19T22:13:55Z,REF-PAY_55DFBE54
PAY_A762B4DC,ORD_3D2079B1,MERCH_030,826700,INR,CAPTURED,2026-08-17T10:41:41Z,REF-PAY_A762B4DC
PAY_82E216DA,ORD_61498AE1,MERCH_001,1900700,INR,CAPTURED,2026-08-29T04:18:18Z,REF-PAY_82E216DA
PAY_AD13162E,ORD_EB92E028,MERCH_017,596700,INR,CAPTURED,2026-07-07T11:27:42Z,REF-PAY_AD13162E
PAY_AA25E498,ORD_CC3A4F43,MERCH_009,521200,INR,CAPTURED,2026-07-14T23:27:47Z,REF-PAY_AA25E498
PAY_77D7AEB7,ORD_7B293DA6,MERCH_019,735300,INR,CAPTURED,2026-07-21T21:40:17Z,REF-PAY_77D7AEB7
PAY_2E15F038,ORD_3447857B,MERCH_029,1070300,INR,CAPTURED,2026-07-06T20:45:39Z,REF-PAY_2E15F038
PAY_E2580AD2,ORD_2461A0D4,MERCH_026,210300,INR,CAPTURED,2026-08-02T00:55:14Z,REF-PAY_E2580AD2
PAY_A1D944C4,ORD_9E7447DF,MERCH_005,1711600,INR,CAPTURED,2026-07-27T14:14:06Z,REF-PAY_A1D944C4
PAY_AC241D7A,ORD_50D8BCED,MERCH_023,892000,INR,CAPTURED,2026-08-07T21:48:28Z,REF-PAY_AC241D7A
PAY_AF7CDEB9,ORD_50D8BCED,MERCH_023,892000,INR,CAPTURED,2026-08-07T21:48:28Z,REF-PAY_AC241D7A
PAY_D1EF63B5,ORD_AA29C42C,MERCH_003,975100,INR,CAPTURED,2026-07-13T05:17:40Z,REF-PAY_D1EF63B5
PAY_6147C9B0,ORD_9F4CC484,MERCH_049,1456100,INR,CAPTURED,2026-08-17T20:48:49Z,REF-PAY_6147C9B0
PAY_3AE497B9,ORD_4BDA1316,MERCH_019,60000000,INR,CAPTURED,2026-07-02T06:09:05Z,REF-PAY_3AE497B9
PAY_B40A3613,ORD_CBE3C2F5,MERCH_046,323300,INR,CAPTURED,2026-08-16T04:09:39Z,REF-PAY_B40A3613
PAY_43C4B01F,ORD_FD2297A7,MERCH_018,1582100,INR,CAPTURED,2026-08-01T13:33:32Z,REF-PAY_43C4B01F
PAY_3E5C6782,ORD_D30DB8D9,MERCH_010,631600,INR,CAPTURED,2026-08-29T04:21:39Z,REF-PAY_3E5C6782
PAY_A08364F6,ORD_D30DB8D9,MERCH_010,631600,INR,CAPTURED,2026-08-29T04:21:39Z,REF-PAY_3E5C6782
PAY_89E86F0E,ORD_A5302FBB,MERCH_040,896300,INR,CAPTURED,2026-08-01T23:52:54Z,REF-PAY_89E86F0E
PAY_DAC06330,ORD_7ACDA88E,MERCH_004,301500,INR,CAPTURED,2026-08-24T20:44:27Z,REF-PAY_DAC06330
PAY_5996190A,ORD_2436793D,MERCH_017,1408200,INR,CAPTURED,2026-08-17T09:56:32Z,REF-PAY_5996190A
PAY_22E85865,ORD_B66F1895,MERCH_003,182900,INR,CAPTURED,2026-07-05T15:58:44Z,REF-PAY_22E85865
PAY_6C8A15C6,ORD_86ABE69B,MERCH_032,695700,INR,CAPTURED,2026-07-18T00:25:48Z,REF-PAY_6C8A15C6
PAY_D83836F1,ORD_A94983CB,MERCH_017,1643400,INR,CAPTURED,2026-08-02T13:47:06Z,REF-PAY_D83836F1
PAY_F5E4F9BB,ORD_CA40E194,MERCH_016,1869800,INR,CAPTURED,2026-08-06T11:13:07Z,REF-PAY_F5E4F9BB
PAY_A85ADFA4,ORD_821EACFA,MERCH_048,1974400,INR,CAPTURED,2026-08-14T18:25:48Z,REF-PAY_A85ADFA4
PAY_ED4DA979,ORD_6B2EA0BD,MERCH_007,1535800,INR,CAPTURED,2026-08-13T04:23:22Z,REF-PAY_ED4DA979
PAY_7AEE7CD0,ORD_FDB3AC21,MERCH_012,1734600,INR,CAPTURED,2026-07-19T08:24:40Z,REF-PAY_7AEE7CD0
PAY_2E04E952,ORD_403E2AD4,MERCH_045,1155700,INR,CAPTURED,2026-07-09T21:59:10Z,REF-PAY_2E04E952
PAY_3339F04F,ORD_7759E638,MERCH_037,547600,INR,CAPTURED,2026-07-24T19:14:43Z,REF-PAY_3339F04F
PAY_C8E2E601,ORD_710DFE39,MERCH_046,102300,INR,CAPTURED,2026-08-16T14:35:00Z,REF-PAY_C8E2E601
PAY_C7EDEB28,ORD_858DDFE7,MERCH_014,351600,INR,CAPTURED,2026-07-27T12:37:44Z,REF-PAY_C7EDEB28
PAY_D0AB6A1A,ORD_BEEF78D8,MERCH_031,608700,INR,CAPTURED,2026-08-25T02:35:45Z,REF-PAY_D0AB6A1A
PAY_7F5F36C4,ORD_1E34F4DF,MERCH_040,682800,INR,CAPTURED,2026-08-11T03:14:21Z,REF-PAY_7F5F36C4
PAY_C7BD820E,ORD_47C845A3,MERCH_026,1907200,INR,CAPTURED,2026-07-09T14:50:44Z,REF-PAY_C7BD820E
PAY_00CB4DB7,ORD_7A2B8CB0,MERCH_023,24400,INR,CAPTURED,2026-08-29T21:17:49Z,REF-PAY_00CB4DB7
PAY_9F2D6B32,ORD_84C5B9DF,MERCH_026,1752900,INR,CAPTURED,2026-08-13T20:26:05Z,REF-PAY_9F2D6B32
PAY_DC280C91,ORD_817915DD,MERCH_029,1785300,INR,CAPTURED,2026-07-01T17:19:06Z,REF-PAY_DC280C91
PAY_BD8B394E,ORD_52F61185,MERCH_008,63300,INR,CAPTURED,2026-07-20T20:33:02Z,REF-PAY_BD8B394E
PAY_EBF9C1BC,ORD_8F3BB986,MERCH_032,1112100,INR,CAPTURED,2026-07-17T12:25:09Z,REF-PAY_EBF9C1BC
PAY_C02BB8BD,ORD_FA58A805,MERCH_016,1591700,INR,CAPTURED,2026-07-12T10:30:45Z,REF-PAY_C02BB8BD
PAY_AA6D7292,ORD_36DDF0AF,MERCH_038,754200,INR,CAPTURED,2026-08-25T03:10:20Z,REF-PAY_AA6D7292
PAY_C561DB87,ORD_4D35B568,MERCH_024,930500,INR,CAPTURED,2026-08-06T10:28:58Z,REF-PAY_C561DB87
PAY_3968A81B,ORD_FB31CFFC,MERCH_008,1838400,INR,CAPTURED,2026-07-12T20:11:39Z,REF-PAY_3968A81B
PAY_95E7AA08,ORD_F29434CA,MERCH_002,1522200,INR,CAPTURED,2026-07-26T16:17:47Z,REF-PAY_95E7AA08
PAY_3CE73A05,ORD_0F0EB9F3,MERCH_006,545100,INR,CAPTURED,2026-07-09T06:38:38Z,REF-PAY_3CE73A05
PAY_B4389FC6,ORD_B8D9ACC5,MERCH_006,1368800,INR,CAPTURED,2026-07-10T03:29:34Z,REF-PAY_B4389FC6
PAY_7717A828,ORD_99A6216E,MERCH_020,625200,INR,CAPTURED,2026-07-16T16:56:13Z,REF-PAY_7717A828
PAY_8F0A1F52,ORD_F97A3D0A,MERCH_044,1824600,INR,CAPTURED,2026-08-24T12:54:38Z,REF-PAY_8F0A1F52
PAY_168C267E,ORD_0964A1D0,MERCH_049,1764700,INR,CAPTURED,2026-07-08T09:33:00Z,REF-PAY_168C267E
PAY_0F004E27,ORD_5545CC48,MERCH_016,1480500,INR,CAPTURED,2026-07-21T00:06:36Z,REF-PAY_0F004E27
PAY_E2CB69B2,ORD_AA44003A,MERCH_005,111500,INR,CAPTURED,2026-07-29T20:08:12Z,REF-PAY_E2CB69B2
PAY_00A14C08,ORD_6C3F35FF,MERCH_006,229000,INR,CAPTURED,2026-08-04T08:54:48Z,REF-PAY_00A14C08
PAY_41FE2F66,ORD_A8FC5047,MERCH_014,635800,INR,CAPTURED,2026-08-16T01:18:04Z,REF-PAY_41FE2F66
PAY_49322174,ORD_CAF8C1A3,MERCH_013,523400,INR,CAPTURED,2026-08-31T13:38:08Z,REF-PAY_49322174
PAY_4CD76C86,ORD_49FC6A02,MERCH_013,82000,INR,CAPTURED,2026-08-28T01:55:09Z,REF-PAY_4CD76C86
PAY_40B50A16,ORD_0A673D73,MERCH_017,457900,INR,CAPTURED,2026-08-21T00:04:12Z,REF-PAY_40B50A16
PAY_594A1C5C,ORD_35C02A7B,MERCH_009,802000,INR,CAPTURED,2026-08-16T00:05:16Z,REF-PAY_594A1C5C
PAY_AD0A7202,ORD_4E4377D7,MERCH_039,948900,INR,CAPTURED,2026-07-28T20:25:46Z,REF-PAY_AD0A7202
PAY_7395CEF1,ORD_3C9532C4,MERCH_047,179400,INR,CAPTURED,2026-07-22T19:35:04Z,REF-PAY_7395CEF1
PAY_427DCBC0,ORD_720CFD11,MERCH_037,1239800,INR,CAPTURED,2026-07-27T17:32:32Z,REF-PAY_427DCBC0
PAY_D8F2CE31,ORD_94C49B37,MERCH_022,1339500,INR,CAPTURED,2026-07-06T20:16:51Z,REF-PAY_D8F2CE31
PAY_AB84B6E3,ORD_DD64EA64,MERCH_027,1325300,INR,CAPTURED,2026-08-19T08:28:42Z,REF-PAY_AB84B6E3
PAY_D6CEC218,ORD_5B9F05DF,MERCH_046,924600,INR,CAPTURED,2026-08-05T15:54:20Z,REF-PAY_D6CEC218
PAY_C324B314,ORD_FB0503D1,MERCH_043,1305100,INR,CAPTURED,2026-09-01T14:49:43Z,REF-PAY_C324B314
PAY_0611EF08,ORD_6C2D4482,MERCH_014,62000,INR,CAPTURED,2026-08-12T14:24:58Z,REF-PAY_0611EF08
PAY_5BF3F2AA,ORD_A5F0EA28,MERCH_046,1493300,INR,CAPTURED,2026-07-08T05:34:20Z,REF-PAY_5BF3F2AA
PAY_C43554DD,ORD_A5F0EA28,MERCH_046,1493300,INR,CAPTURED,2026-07-08T05:34:20Z,REF-PAY_5BF3F2AA
PAY_9A583E52,ORD_29C84CE8,MERCH_021,1753200,INR,CAPTURED,2026-08-03T18:09:15Z,REF-PAY_9A583E52
PAY_E8966CB5,ORD_29C84CE8,MERCH_021,1753200,INR,CAPTURED,2026-08-03T18:09:15Z,REF-PAY_9A583E52
PAY_710B48F0,ORD_634F382B,MERCH_047,921300,INR,CAPTURED,2026-08-04T03:42:08Z,REF-PAY_710B48F0
PAY_976B0765,ORD_BBEA48A4,MERCH_012,1022200,INR,CAPTURED,2026-08-09T16:05:06Z,REF-PAY_976B0765
PAY_DAE38DB9,ORD_3751E22D,MERCH_024,1277700,INR,CAPTURED,2026-07-19T10:20:32Z,REF-PAY_DAE38DB9
PAY_C31820FE,ORD_604B72F2,MERCH_019,407900,INR,CAPTURED,2026-08-25T03:36:55Z,REF-PAY_C31820FE
PAY_4C224864,ORD_07D2274C,MERCH_018,1608100,INR,CAPTURED,2026-08-12T22:31:28Z,REF-PAY_4C224864
PAY_40F864FF,ORD_A9BFA2D6,MERCH_042,1307100,INR,CAPTURED,2026-08-11T01:55:21Z,REF-PAY_40F864FF
PAY_7F79DF66,ORD_2F0B5848,MERCH_026,423400,INR,CAPTURED,2026-08-21T14:56:45Z,REF-PAY_7F79DF66
PAY_1BA9EE85,ORD_3D43600E,MERCH_022,1008200,INR,CAPTURED,2026-08-23T06:50:35Z,REF-PAY_1BA9EE85
PAY_7DAFBD25,ORD_36DE5B99,MERCH_006,574000,INR,CAPTURED,2026-07-12T01:10:47Z,REF-PAY_7DAFBD25
PAY_329BD0BB,ORD_C6573E9C,MERCH_025,1125400,INR,CAPTURED,2026-08-26T18:06:33Z,REF-PAY_329BD0BB
PAY_824AA0EF,ORD_63A2396E,MERCH_004,61700,INR,CAPTURED,2026-08-01T03:02:24Z,REF-PAY_824AA0EF
PAY_263FA78A,ORD_08E58180,MERCH_036,1067700,INR,CAPTURED,2026-08-07T20:04:57Z,REF-PAY_263FA78A
PAY_BACC3F1F,ORD_EA1FB3C0,MERCH_038,124100,INR,CAPTURED,2026-07-22T12:52:04Z,REF-PAY_BACC3F1F
PAY_E7921039,ORD_282ED3AF,MERCH_001,1388700,INR,CAPTURED,2026-09-01T23:40:09Z,REF-PAY_E7921039
PAY_F74EA359,ORD_618008DD,MERCH_011,63000,INR,CAPTURED,2026-08-13T01:39:52Z,REF-PAY_F74EA359
PAY_AFC17372,ORD_4F03A543,MERCH_019,912300,INR,CAPTURED,2026-08-19T17:58:24Z,REF-PAY_AFC17372
PAY_A9B09503,ORD_24F7231F,MERCH_041,933700,INR,CAPTURED,2026-07-23T19:24:11Z,REF-PAY_A9B09503
PAY_EC764F54,ORD_5768D17D,MERCH_005,1051900,INR,CAPTURED,2026-07-25T13:19:27Z,REF-PAY_EC764F54
PAY_599C6CAC,ORD_BE2DBA8A,MERCH_011,621300,INR,CAPTURED,2026-07-01T12:08:54Z,REF-PAY_599C6CAC
PAY_CDF34433,ORD_DE7A2EEC,MERCH_018,833500,INR,CAPTURED,2026-07-18T20:31:13Z,REF-PAY_CDF34433
PAY_417DD242,ORD_DEF12055,MERCH_028,521300,INR,CAPTURED,2026-07-31T10:52:28Z,REF-PAY_417DD242
PAY_0158270D,ORD_9572C4E1,MERCH_033,129600,INR,CAPTURED,2026-08-19T17:32:29Z,REF-PAY_0158270D
PAY_AE7ED45A,ORD_82FDC190,MERCH_005,802800,INR,CAPTURED,2026-07-29T00:17:02Z,REF-PAY_AE7ED45A
PAY_92DDE4F9,ORD_6C8BDD62,MERCH_008,722500,INR,CAPTURED,2026-07-20T14:18:08Z,REF-PAY_92DDE4F9
PAY_5F8FA1AE,ORD_7FEB3096,MERCH_010,1614300,INR,CAPTURED,2026-07-17T06:01:32Z,REF-PAY_5F8FA1AE
PAY_F662743D,ORD_7FEB3096,MERCH_010,1614300,INR,CAPTURED,2026-07-17T06:01:32Z,REF-PAY_5F8FA1AE
PAY_A503D236,ORD_1E3EC301,MERCH_043,1151100,INR,CAPTURED,2026-07-29T23:22:05Z,REF-PAY_A503D236
PAY_F43DA764,ORD_10EDFC66,MERCH_009,1611900,INR,CAPTURED,2026-08-26T13:30:35Z,REF-PAY_F43DA764
PAY_719D2651,ORD_19A0DCE8,MERCH_043,1348100,INR,CAPTURED,2026-08-16T20:31:12Z,REF-PAY_719D2651
PAY_514F0DB2,ORD_19A0DCE8,MERCH_043,1348100,INR,CAPTURED,2026-08-16T20:31:12Z,REF-PAY_719D2651
PAY_AD5A9AB4,ORD_28DBB387,MERCH_011,1651500,INR,CAPTURED,2026-08-10T04:02:04Z,REF-PAY_AD5A9AB4
PAY_E69DFBE0,ORD_822F724A,MERCH_044,275100,INR,CAPTURED,2026-07-23T13:57:51Z,REF-PAY_E69DFBE0
PAY_A30298F3,ORD_12741993,MERCH_025,1776600,INR,CAPTURED,2026-08-18T07:41:21Z,REF-PAY_A30298F3
PAY_0695F2BF,ORD_9680861B,MERCH_011,985900,INR,CAPTURED,2026-07-29T08:14:25Z,REF-PAY_0695F2BF
PAY_C13F8DDB,ORD_3FCFED2F,MERCH_015,1324000,INR,CAPTURED,2026-07-20T16:48:57Z,REF-PAY_C13F8DDB
PAY_EAFE5180,ORD_52F7523A,MERCH_032,704600,INR,CAPTURED,2026-07-31T10:03:31Z,REF-PAY_EAFE5180
PAY_F10D8A57,ORD_7A9E7CCB,MERCH_008,559400,INR,CAPTURED,2026-07-23T12:08:49Z,REF-PAY_F10D8A57
PAY_C20991F8,ORD_B8C0D4E6,MERCH_014,959700,INR,CAPTURED,2026-08-10T07:26:34Z,REF-PAY_C20991F8
PAY_92ABAD0F,ORD_1BA0A3F6,MERCH_035,772000,INR,CAPTURED,2026-08-15T14:04:33Z,REF-PAY_92ABAD0F
PAY_85C990FD,ORD_AE615454,MERCH_032,1711800,INR,CAPTURED,2026-07-18T10:13:01Z,REF-PAY_85C990FD
PAY_9DC070B6,ORD_A95CFD70,MERCH_048,1867900,INR,CAPTURED,2026-07-03T03:50:53Z,REF-PAY_9DC070B6
PAY_01274D71,ORD_F80FF74B,MERCH_011,15000000,INR,CAPTURED,2026-07-03T12:30:02Z,REF-PAY_01274D71
PAY_4623EF10,ORD_C52BDD3C,MERCH_007,856400,INR,CAPTURED,2026-08-09T23:55:17Z,REF-PAY_4623EF10
PAY_3CDD05D3,ORD_37135A0E,MERCH_011,521400,INR,CAPTURED,2026-07-29T21:08:31Z,REF-PAY_3CDD05D3
PAY_D787907F,ORD_4AC77E38,MERCH_018,1866500,INR,CAPTURED,2026-08-26T07:54:23Z,REF-PAY_D787907F
PAY_D699D95C,ORD_B0A41552,MERCH_004,527500,INR,CAPTURED,2026-08-29T21:46:01Z,REF-PAY_D699D95C
PAY_B5A905C3,ORD_66844E6B,MERCH_030,1478900,INR,CAPTURED,2026-08-26T09:34:51Z,REF-PAY_B5A905C3
PAY_0B3A186C,ORD_B3DB5309,MERCH_002,1442300,INR,CAPTURED,2026-08-28T08:20:14Z,REF-PAY_0B3A186C
PAY_CAB4E416,ORD_A7A5EE2C,MERCH_024,759000,INR,CAPTURED,2026-09-01T01:11:40Z,REF-PAY_CAB4E416
PAY_E90238A1,ORD_11619863,MERCH_002,1783600,INR,CAPTURED,2026-07-22T09:22:19Z,REF-PAY_E90238A1
PAY_AE79C450,ORD_C0827948,MERCH_004,1245200,INR,CAPTURED,2026-07-29T01:40:26Z,REF-PAY_AE79C450
PAY_3972E252,ORD_EEFAB329,MERCH_019,560600,INR,CAPTURED,2026-08-12T20:13:54Z,REF-PAY_3972E252
PAY_7E607145,ORD_3CE00B36,MERCH_038,1560900,INR,CAPTURED,2026-07-29T14:06:31Z,REF-PAY_7E607145
PAY_EDADB38A,ORD_744ECB9E,MERCH_018,157100,INR,CAPTURED,2026-07-24T03:33:40Z,REF-PAY_EDADB38A
PAY_7A776210,ORD_387769E0,MERCH_040,879300,INR,CAPTURED,2026-08-18T12:11:55Z,REF-PAY_7A776210
PAY_FC0E8D7C,ORD_705121D1,MERCH_018,1008200,INR,CAPTURED,2026-07-19T13:41:03Z,REF-PAY_FC0E8D7C
PAY_9B49A1C5,ORD_19645D1F,MERCH_002,1917100,INR,CAPTURED,2026-08-01T10:34:10Z,REF-PAY_9B49A1C5
PAY_7679C572,ORD_98E136C3,MERCH_049,66500,INR,CAPTURED,2026-07-22T18:30:55Z,REF-PAY_7679C572
PAY_623E517B,ORD_1411E56D,MERCH_005,758400,INR,CAPTURED,2026-07-05T10:09:58Z,REF-PAY_623E517B
PAY_DE6AE2EE,ORD_BD02A5FB,MERCH_023,286800,INR,CAPTURED,2026-07-12T18:16:40Z,REF-PAY_DE6AE2EE
PAY_C0CC6B31,ORD_6486E0C7,MERCH_020,200800,INR,CAPTURED,2026-08-29T00:58:16Z,REF-PAY_C0CC6B31
PAY_EA469746,ORD_FE07EAB9,MERCH_025,1221900,INR,CAPTURED,2026-07-03T18:34:14Z,REF-PAY_EA469746
PAY_0F52555D,ORD_FC063EE7,MERCH_031,1046500,INR,CAPTURED,2026-07-25T00:19:51Z,REF-PAY_0F52555D
PAY_3CD4B0A0,ORD_9689A838,MERCH_013,586900,INR,CAPTURED,2026-07-23T04:04:21Z,REF-PAY_3CD4B0A0
PAY_84427ED9,ORD_4B104024,MERCH_019,1530300,INR,CAPTURED,2026-08-20T12:05:48Z,REF-PAY_84427ED9
PAY_9B3FA636,ORD_4B104024,MERCH_019,1530300,INR,CAPTURED,2026-08-20T12:05:48Z,REF-PAY_84427ED9
PAY_EDF6A870,ORD_F86206DD,MERCH_037,1189500,INR,CAPTURED,2026-08-30T10:47:33Z,REF-PAY_EDF6A870
PAY_A8A945A2,ORD_3304BB67,MERCH_031,1246700,INR,CAPTURED,2026-07-19T11:48:20Z,REF-PAY_A8A945A2
PAY_9418C7A8,ORD_3304BB67,MERCH_031,1246700,INR,CAPTURED,2026-07-19T11:48:20Z,REF-PAY_A8A945A2
PAY_0708712E,ORD_9818E653,MERCH_018,43200,INR,CAPTURED,2026-08-15T00:26:58Z,REF-PAY_0708712E
PAY_C719471E,ORD_81A147A3,MERCH_024,707000,INR,CAPTURED,2026-07-02T21:02:32Z,REF-PAY_C719471E
PAY_8CD5E9B9,ORD_35ABE7DA,MERCH_007,1961000,INR,CAPTURED,2026-08-16T04:56:32Z,REF-PAY_8CD5E9B9
PAY_53A7886A,ORD_053C9B65,MERCH_015,426500,INR,CAPTURED,2026-07-21T14:17:51Z,REF-PAY_53A7886A
PAY_D482DCC9,ORD_89AA7DDE,MERCH_036,1886900,INR,CAPTURED,2026-07-22T02:20:35Z,REF-PAY_D482DCC9
PAY_D4D79365,ORD_EAF184B9,MERCH_016,347700,INR,CAPTURED,2026-08-26T17:48:43Z,REF-PAY_D4D79365
PAY_43FA5FE8,ORD_CC5A2D99,MERCH_048,90300,INR,CAPTURED,2026-08-21T16:29:27Z,REF-PAY_43FA5FE8
PAY_F6B344A4,ORD_A83B688E,MERCH_016,1772400,INR,CAPTURED,2026-08-21T15:38:52Z,REF-PAY_F6B344A4
PAY_879391E7,ORD_20888467,MERCH_034,577900,INR,CAPTURED,2026-08-29T12:12:44Z,REF-PAY_879391E7
PAY_B17D72AB,ORD_4010A755,MERCH_034,1541500,INR,CAPTURED,2026-07-06T08:50:04Z,REF-PAY_B17D72AB
PAY_4550611B,ORD_BE077879,MERCH_022,1950400,INR,CAPTURED,2026-07-27T21:49:23Z,REF-PAY_4550611B
PAY_C327670C,ORD_357256D2,MERCH_047,1359200,INR,CAPTURED,2026-08-22T05:26:30Z,REF-PAY_C327670C
PAY_26EB8E64,ORD_FCEA667E,MERCH_013,537600,INR,CAPTURED,2026-07-24T02:27:32Z,REF-PAY_26EB8E64
PAY_96845583,ORD_4C9C91EE,MERCH_007,747300,INR,CAPTURED,2026-07-27T21:35:20Z,REF-PAY_96845583
PAY_75B5B7D4,ORD_D134B4A3,MERCH_038,973500,INR,CAPTURED,2026-07-08T22:05:20Z,REF-PAY_75B5B7D4
PAY_D97A0DBA,ORD_2622B205,MERCH_009,67700,INR,CAPTURED,2026-07-03T13:14:53Z,REF-PAY_D97A0DBA
PAY_6441E527,ORD_25C92B6B,MERCH_041,269500,INR,CAPTURED,2026-08-23T16:43:40Z,REF-PAY_6441E527
PAY_8049C24A,ORD_C9F049C2,MERCH_029,550100,INR,CAPTURED,2026-07-23T02:43:18Z,REF-PAY_8049C24A
PAY_BAD3BA94,ORD_CB1A9FF1,MERCH_002,1769400,INR,CAPTURED,2026-07-04T17:50:16Z,REF-PAY_BAD3BA94
PAY_73B4AB28,ORD_CB1A9FF1,MERCH_002,1769400,INR,CAPTURED,2026-07-04T17:50:16Z,REF-PAY_BAD3BA94
PAY_F88D0E27,ORD_2CE2AC1D,MERCH_043,1629200,INR,CAPTURED,2026-08-18T21:54:08Z,REF-PAY_F88D0E27
PAY_8111BA54,ORD_A17806DB,MERCH_012,706800,INR,CAPTURED,2026-07-10T09:23:56Z,REF-PAY_8111BA54
PAY_4B50E38A,ORD_C6309325,MERCH_018,900300,INR,CAPTURED,2026-08-07T05:11:30Z,REF-PAY_4B50E38A
PAY_3E3ADDA0,ORD_05FC7739,MERCH_015,657200,INR,CAPTURED,2026-07-26T06:09:55Z,REF-PAY_3E3ADDA0
PAY_24314225,ORD_C7DFE191,MERCH_034,330100,INR,CAPTURED,2026-08-15T02:21:56Z,REF-PAY_24314225
PAY_2EAC03D4,ORD_06E015D1,MERCH_024,872800,INR,CAPTURED,2026-08-11T09:46:40Z,REF-PAY_2EAC03D4
PAY_4641C468,ORD_0EDEFCC6,MERCH_004,1759200,INR,CAPTURED,2026-08-19T05:29:19Z,REF-PAY_4641C468
PAY_4499FC2A,ORD_8F6E99A1,MERCH_028,275200,INR,CAPTURED,2026-08-18T19:48:57Z,REF-PAY_4499FC2A
PAY_14C77B4B,ORD_8F6E99A1,MERCH_028,275200,INR,CAPTURED,2026-08-18T19:48:57Z,REF-PAY_4499FC2A
PAY_27D4F5CF,ORD_1C50B482,MERCH_016,985400,INR,CAPTURED,2026-08-19T12:10:48Z,REF-PAY_27D4F5CF
PAY_E6588D77,ORD_7BE87516,MERCH_024,5500000,INR,CAPTURED,2026-07-05T01:02:58Z,REF-PAY_E6588D77
PAY_6D4F96AE,ORD_909558DF,MERCH_025,1122500,INR,CAPTURED,2026-07-30T06:28:13Z,REF-PAY_6D4F96AE
PAY_366FF58C,ORD_DBC74C14,MERCH_011,562400,INR,CAPTURED,2026-08-04T15:23:39Z,REF-PAY_366FF58C
PAY_B6260009,ORD_71B4CF70,MERCH_035,1757500,INR,CAPTURED,2026-07-11T12:11:35Z,REF-PAY_B6260009
PAY_392A4654,ORD_FF0C8DD2,MERCH_039,130800,INR,CAPTURED,2026-07-22T21:17:48Z,REF-PAY_392A4654
PAY_EF753C5D,ORD_5D0EBEF6,MERCH_030,574800,INR,CAPTURED,2026-07-27T09:23:15Z,REF-PAY_EF753C5D
PAY_E64791E5,ORD_D3356E82,MERCH_025,280100,INR,CAPTURED,2026-08-27T06:05:28Z,REF-PAY_E64791E5
PAY_C536332E,ORD_27F72B94,MERCH_028,1676400,INR,CAPTURED,2026-08-09T15:11:02Z,REF-PAY_C536332E
PAY_66772B22,ORD_8615A7B5,MERCH_036,580400,INR,CAPTURED,2026-08-29T09:29:40Z,REF-PAY_66772B22
PAY_18E5C3E5,ORD_7A4812F2,MERCH_040,501300,INR,CAPTURED,2026-08-26T18:35:58Z,REF-PAY_18E5C3E5
PAY_DD574624,ORD_B48B1DB9,MERCH_012,1244000,INR,CAPTURED,2026-07-06T05:40:18Z,REF-PAY_DD574624
PAY_BAAD7DF3,ORD_54D3175A,MERCH_027,576900,INR,CAPTURED,2026-07-21T22:41:45Z,REF-PAY_BAAD7DF3
PAY_2C36C3B9,ORD_50E16EBA,MERCH_034,1496700,INR,CAPTURED,2026-07-14T04:20:41Z,REF-PAY_2C36C3B9
PAY_F7C264D9,ORD_78756FA8,MERCH_001,99000,INR,CAPTURED,2026-07-07T12:18:34Z,REF-PAY_F7C264D9
PAY_C9C2C426,ORD_4AE410B4,MERCH_033,1281400,INR,CAPTURED,2026-08-03T18:40:41Z,REF-PAY_C9C2C426
PAY_37A87AF3,ORD_E0F39824,MERCH_045,105800,INR,CAPTURED,2026-07-06T22:23:34Z,REF-PAY_37A87AF3
PAY_94509FE3,ORD_86AF937F,MERCH_022,1024200,INR,CAPTURED,2026-08-04T06:15:25Z,REF-PAY_94509FE3
PAY_D5187027,ORD_B0893CCE,MERCH_026,1415800,INR,CAPTURED,2026-07-31T15:30:58Z,REF-PAY_D5187027
PAY_AD07DC7A,ORD_F3B55761,MERCH_004,1767600,INR,CAPTURED,2026-07-02T00:02:59Z,REF-PAY_AD07DC7A
PAY_1D28AF1F,ORD_FE1D3DF8,MERCH_005,932500,INR,CAPTURED,2026-07-05T06:30:53Z,REF-PAY_1D28AF1F
PAY_C2FC9C49,ORD_1CD4C92A,MERCH_045,429500,INR,CAPTURED,2026-08-07T03:44:06Z,REF-PAY_C2FC9C49
PAY_0A168297,ORD_9F88CB65,MERCH_009,54700,INR,CAPTURED,2026-07-30T02:03:51Z,REF-PAY_0A168297
PAY_26761C0D,ORD_A77922F7,MERCH_024,1721100,INR,CAPTURED,2026-07-15T13:06:44Z,REF-PAY_26761C0D
PAY_A7947887,ORD_AE0A525E,MERCH_028,1830500,INR,CAPTURED,2026-08-13T14:09:45Z,REF-PAY_A7947887
PAY_72EA8C26,ORD_56B935AA,MERCH_031,1166100,INR,CAPTURED,2026-07-02T01:00:14Z,REF-PAY_72EA8C26
PAY_CA1D227C,ORD_A244687F,MERCH_002,1989600,INR,CAPTURED,2026-07-02T17:41:56Z,REF-PAY_CA1D227C
PAY_B336256D,ORD_7B22A22B,MERCH_011,1569900,INR,CAPTURED,2026-08-17T06:09:53Z,REF-PAY_B336256D
PAY_E9F87934,ORD_A12DBFAA,MERCH_025,1413100,INR,CAPTURED,2026-08-31T03:40:09Z,REF-PAY_E9F87934
PAY_AC99911C,ORD_604E61B3,MERCH_024,1271200,INR,CAPTURED,2026-07-18T07:00:57Z,REF-PAY_AC99911C
PAY_147277D6,ORD_A269AD10,MERCH_020,1801200,INR,CAPTURED,2026-08-26T02:43:11Z,REF-PAY_147277D6
PAY_E901E76A,ORD_80B95718,MERCH_008,1882800,INR,CAPTURED,2026-07-10T17:31:47Z,REF-PAY_E901E76A
PAY_759AADA0,ORD_81F9CC5A,MERCH_046,521400,INR,CAPTURED,2026-08-19T15:58:07Z,REF-PAY_759AADA0
PAY_54207940,ORD_538F11FD,MERCH_019,1411700,INR,CAPTURED,2026-07-03T19:54:53Z,REF-PAY_54207940
PAY_17D1B874,ORD_E9071A59,MERCH_040,1706000,INR,CAPTURED,2026-07-05T23:37:03Z,REF-PAY_17D1B874
PAY_1F295963,ORD_08EF90FB,MERCH_015,798900,INR,CAPTURED,2026-08-18T17:01:11Z,REF-PAY_1F295963
PAY_8C63C965,ORD_905DCB87,MERCH_017,982700,INR,CAPTURED,2026-08-25T07:40:54Z,REF-PAY_8C63C965
PAY_F95B3C5B,ORD_269E8475,MERCH_027,1963400,INR,CAPTURED,2026-07-01T18:40:17Z,REF-PAY_F95B3C5B
PAY_1FEEC3A9,ORD_EC0CC60D,MERCH_020,569300,INR,CAPTURED,2026-08-20T16:30:25Z,REF-PAY_1FEEC3A9
PAY_C013A811,ORD_D0DE5C92,MERCH_018,1381500,INR,CAPTURED,2026-08-10T05:56:17Z,REF-PAY_C013A811
PAY_E98F5193,ORD_AA863C58,MERCH_032,761000,INR,CAPTURED,2026-07-10T13:58:55Z,REF-PAY_E98F5193
PAY_2CB2CFAD,ORD_54B66A4E,MERCH_022,661400,INR,CAPTURED,2026-07-28T16:55:48Z,REF-PAY_2CB2CFAD
PAY_D57DE1B9,ORD_54615C9A,MERCH_006,127200,INR,CAPTURED,2026-08-02T15:23:40Z,REF-PAY_D57DE1B9
PAY_B0721D77,ORD_A1534527,MERCH_013,1667100,INR,CAPTURED,2026-08-04T16:18:21Z,REF-PAY_B0721D77
PAY_57228AEE,ORD_B4C0A855,MERCH_020,341900,INR,CAPTURED,2026-08-25T16:06:42Z,REF-PAY_57228AEE
PAY_384690B7,ORD_7617DCDD,MERCH_010,1685000,INR,CAPTURED,2026-08-17T21:23:58Z,REF-PAY_384690B7
PAY_F991784B,ORD_F033A367,MERCH_006,577700,INR,CAPTURED,2026-07-11T22:51:34Z,REF-PAY_F991784B
PAY_3FA4D10A,ORD_ABB83763,MERCH_044,352700,INR,CAPTURED,2026-07-01T06:21:00Z,REF-PAY_3FA4D10A
PAY_E384AFC1,ORD_03B0FCEE,MERCH_025,176700,INR,CAPTURED,2026-08-17T07:49:45Z,REF-PAY_E384AFC1
PAY_61009723,ORD_FDC769FA,MERCH_045,861200,INR,CAPTURED,2026-08-02T20:19:49Z,REF-PAY_61009723
PAY_C6123FF8,ORD_C1B2E8F7,MERCH_034,685500,INR,CAPTURED,2026-07-22T21:42:38Z,REF-PAY_C6123FF8
PAY_83B66505,ORD_5BE003B1,MERCH_033,1490300,INR,CAPTURED,2026-08-04T01:10:27Z,REF-PAY_83B66505
PAY_E9C616C5,ORD_E58CE784,MERCH_013,1592500,INR,CAPTURED,2026-07-01T08:29:41Z,REF-PAY_E9C616C5
PAY_3660094F,ORD_5F57B95A,MERCH_031,421800,INR,CAPTURED,2026-07-22T02:45:18Z,REF-PAY_3660094F
PAY_CA9026D6,ORD_7CEF609F,MERCH_049,1136600,INR,CAPTURED,2026-07-17T14:48:48Z,REF-PAY_CA9026D6
PAY_D685D736,ORD_768B9F8E,MERCH_048,711500,INR,CAPTURED,2026-07-11T03:10:11Z,REF-PAY_D685D736
PAY_445DED0E,ORD_2A1F86F3,MERCH_009,712400,INR,CAPTURED,2026-08-08T00:28:30Z,REF-PAY_445DED0E
PAY_E5D278D4,ORD_6AE6055A,MERCH_018,1037000,INR,CAPTURED,2026-07-01T07:19:11Z,REF-PAY_E5D278D4
PAY_EF4097BF,ORD_22106146,MERCH_022,101900,INR,CAPTURED,2026-08-16T19:27:02Z,REF-PAY_EF4097BF
PAY_E60D998C,ORD_57D0A459,MERCH_005,399100,INR,CAPTURED,2026-07-20T20:12:44Z,REF-PAY_E60D998C
PAY_C635D5DD,ORD_4C274403,MERCH_031,393600,INR,CAPTURED,2026-08-04T03:07:40Z,REF-PAY_C635D5DD
PAY_DE07C9D1,ORD_7F31E000,MERCH_023,658900,INR,CAPTURED,2026-08-19T11:37:40Z,REF-PAY_DE07C9D1
PAY_5A537EE4,ORD_C83BFE92,MERCH_031,568900,INR,CAPTURED,2026-07-12T02:41:04Z,REF-PAY_5A537EE4
PAY_0A95C845,ORD_C83BFE92,MERCH_031,568900,INR,CAPTURED,2026-07-12T02:41:04Z,REF-PAY_5A537EE4
PAY_6F89D1B1,ORD_71DFD64B,MERCH_003,695600,INR,CAPTURED,2026-07-30T06:32:59Z,REF-PAY_6F89D1B1
PAY_A9D318FE,ORD_0AF99528,MERCH_035,1261600,INR,CAPTURED,2026-07-03T02:14:29Z,REF-PAY_A9D318FE
PAY_936633CB,ORD_B4A7E59C,MERCH_045,1782500,INR,CAPTURED,2026-07-23T22:27:51Z,REF-PAY_936633CB
PAY_82B33D37,ORD_EF4F91A8,MERCH_049,35600,INR,CAPTURED,2026-08-11T18:44:43Z,REF-PAY_82B33D37
PAY_1A42753F,ORD_B8DD9ACC,MERCH_047,1514800,INR,CAPTURED,2026-08-08T17:09:47Z,REF-PAY_1A42753F
PAY_7B97F032,ORD_A4F18732,MERCH_037,259400,INR,CAPTURED,2026-07-01T18:33:29Z,REF-PAY_7B97F032
PAY_EC1C9ABC,ORD_C0FB42E0,MERCH_014,1119100,INR,CAPTURED,2026-08-27T23:51:01Z,REF-PAY_EC1C9ABC
PAY_F09A1810,ORD_D66CBACF,MERCH_011,1820100,INR,CAPTURED,2026-07-30T16:35:14Z,REF-PAY_F09A1810
PAY_84A93FB5,ORD_18F2DB91,MERCH_036,24300,INR,CAPTURED,2026-07-25T11:54:40Z,REF-PAY_84A93FB5
PAY_6D771450,ORD_475A2FDD,MERCH_016,463000,INR,CAPTURED,2026-07-17T05:47:17Z,REF-PAY_6D771450
PAY_E5EB89F1,ORD_3E08882F,MERCH_023,1111400,INR,CAPTURED,2026-07-15T14:22:12Z,REF-PAY_E5EB89F1
PAY_8438DA34,ORD_75E9CB8A,MERCH_010,511600,INR,CAPTURED,2026-07-26T16:35:50Z,REF-PAY_8438DA34
PAY_567FCA47,ORD_40F0A2FE,MERCH_043,63000,INR,CAPTURED,2026-07-26T17:43:42Z,REF-PAY_567FCA47
PAY_A13CADD5,ORD_482915D0,MERCH_010,1711000,INR,CAPTURED,2026-07-10T00:09:30Z,REF-PAY_A13CADD5
PAY_B74BEA6E,ORD_651F41CC,MERCH_048,60000000,INR,CAPTURED,2026-08-18T09:54:02Z,REF-PAY_B74BEA6E
PAY_1AFC058A,ORD_5EB287A9,MERCH_040,1845000,INR,CAPTURED,2026-07-06T12:20:15Z,REF-PAY_1AFC058A
PAY_4C46BABF,ORD_D1088E7A,MERCH_013,1777900,INR,CAPTURED,2026-07-06T07:29:22Z,REF-PAY_4C46BABF
PAY_14E2767B,ORD_5881B83A,MERCH_039,1967600,INR,CAPTURED,2026-08-27T21:59:35Z,REF-PAY_14E2767B
PAY_5CDB94EA,ORD_676206DE,MERCH_047,1892600,INR,CAPTURED,2026-07-23T22:47:10Z,REF-PAY_5CDB94EA
PAY_6A8B0306,ORD_723BB45B,MERCH_020,1284300,INR,CAPTURED,2026-08-29T17:02:34Z,REF-PAY_6A8B0306
PAY_192F4153,ORD_8122DB2C,MERCH_040,1512100,INR,CAPTURED,2026-08-20T00:35:22Z,REF-PAY_192F4153
PAY_AA032CEE,ORD_7BF4E5A0,MERCH_011,1030200,INR,CAPTURED,2026-08-17T22:35:33Z,REF-PAY_AA032CEE
PAY_61979180,ORD_3319DDE1,MERCH_003,1982100,INR,CAPTURED,2026-07-18T15:59:39Z,REF-PAY_61979180
PAY_DD3F6867,ORD_7DEA2F4A,MERCH_045,1879100,INR,CAPTURED,2026-08-09T15:36:58Z,REF-PAY_DD3F6867
PAY_FC4E59BE,ORD_67A7DEF3,MERCH_038,987600,INR,CAPTURED,2026-08-11T08:20:45Z,REF-PAY_FC4E59BE
PAY_91CA1080,ORD_99C20D54,MERCH_042,558100,INR,CAPTURED,2026-08-05T20:50:15Z,REF-PAY_91CA1080
PAY_5AEDD1E3,ORD_1E14E409,MERCH_001,662200,INR,CAPTURED,2026-07-29T00:51:17Z,REF-PAY_5AEDD1E3
PAY_48C46389,ORD_980A579D,MERCH_038,1976900,INR,CAPTURED,2026-08-10T01:07:29Z,REF-PAY_48C46389
PAY_98FBE8B6,ORD_F0EAA918,MERCH_033,809800,INR,CAPTURED,2026-07-24T12:43:58Z,REF-PAY_98FBE8B6
PAY_A99F9266,ORD_0B8077DD,MERCH_005,982800,INR,CAPTURED,2026-07-11T20:23:32Z,REF-PAY_A99F9266
PAY_3D1E79D4,ORD_5209CE12,MERCH_016,1463900,INR,CAPTURED,2026-08-11T22:08:06Z,REF-PAY_3D1E79D4
PAY_7C30B173,ORD_8CD9128D,MERCH_042,218400,INR,CAPTURED,2026-08-04T13:46:43Z,REF-PAY_7C30B173
PAY_524A9377,ORD_60DBACD8,MERCH_004,1347200,INR,CAPTURED,2026-08-03T09:58:10Z,REF-PAY_524A9377
PAY_5F1EAAC4,ORD_0379B848,MERCH_021,758600,INR,CAPTURED,2026-07-02T05:00:39Z,REF-PAY_5F1EAAC4
PAY_B53D124C,ORD_0BFF5CA1,MERCH_044,1507500,INR,CAPTURED,2026-08-22T20:44:30Z,REF-PAY_B53D124C
PAY_24A434C5,ORD_425B8B63,MERCH_042,294800,INR,CAPTURED,2026-07-23T21:06:18Z,REF-PAY_24A434C5
PAY_EFC46042,ORD_F5DFED69,MERCH_022,29800,INR,CAPTURED,2026-08-12T17:10:30Z,REF-PAY_EFC46042
PAY_22F6372D,ORD_C83F445E,MERCH_008,1073200,INR,CAPTURED,2026-07-19T05:26:55Z,REF-PAY_22F6372D
PAY_D00255CB,ORD_ADBC9A51,MERCH_018,539000,INR,CAPTURED,2026-07-28T03:45:43Z,REF-PAY_D00255CB
PAY_CB1341EE,ORD_583CB5FA,MERCH_033,1165200,INR,CAPTURED,2026-08-22T13:06:03Z,REF-PAY_CB1341EE
PAY_EDA51D61,ORD_C4F45C18,MERCH_021,1564700,INR,CAPTURED,2026-08-07T23:26:38Z,REF-PAY_EDA51D61
PAY_1D135C11,ORD_512B9D45,MERCH_031,149700,INR,CAPTURED,2026-08-13T13:00:00Z,REF-PAY_1D135C11
PAY_A2666CB7,ORD_1CDC76F8,MERCH_039,30000000,INR,CAPTURED,2026-08-08T22:11:58Z,REF-PAY_A2666CB7
PAY_68640134,ORD_7177DDBD,MERCH_040,401400,INR,CAPTURED,2026-08-31T09:54:26Z,REF-PAY_68640134
PAY_D7CC9FA4,ORD_CBDA4FBD,MERCH_043,1406700,INR,CAPTURED,2026-08-29T00:43:49Z,REF-PAY_D7CC9FA4
PAY_EB1FAE9C,ORD_7254D9BB,MERCH_045,374000,INR,CAPTURED,2026-08-25T06:35:57Z,REF-PAY_EB1FAE9C
PAY_5778AB02,ORD_7254D9BB,MERCH_045,374000,INR,CAPTURED,2026-08-25T06:35:57Z,REF-PAY_EB1FAE9C
PAY_37FD6F5F,ORD_E4B64623,MERCH_002,1867900,INR,CAPTURED,2026-08-21T17:58:26Z,REF-PAY_37FD6F5F
PAY_7ECB34BE,ORD_CE85F01C,MERCH_046,1208800,INR,CAPTURED,2026-07-18T06:32:39Z,REF-PAY_7ECB34BE
PAY_AF7C4B7A,ORD_8DDEAE7A,MERCH_007,365100,INR,CAPTURED,2026-08-06T01:22:42Z,REF-PAY_AF7C4B7A
PAY_B8AA3A86,ORD_31E55D39,MERCH_032,1630200,INR,CAPTURED,2026-08-12T10:26:05Z,REF-PAY_B8AA3A86
PAY_6DA184C8,ORD_2FE575E0,MERCH_042,1468500,INR,CAPTURED,2026-08-08T20:15:31Z,REF-PAY_6DA184C8
PAY_62432EF5,ORD_F2607A6D,MERCH_010,639800,INR,CAPTURED,2026-07-11T16:25:31Z,REF-PAY_62432EF5
PAY_CDD91046,ORD_073C2DA3,MERCH_016,488400,INR,CAPTURED,2026-07-04T02:56:46Z,REF-PAY_CDD91046
PAY_7811915B,ORD_3BE3E01E,MERCH_048,255100,INR,CAPTURED,2026-07-04T11:26:49Z,REF-PAY_7811915B
PAY_DF1C1502,ORD_5A5BA3CE,MERCH_044,1801800,INR,CAPTURED,2026-07-25T05:09:47Z,REF-PAY_DF1C1502
PAY_B23C2021,ORD_DB53AFC5,MERCH_010,585400,INR,CAPTURED,2026-07-12T04:00:02Z,REF-PAY_B23C2021
PAY_F4875AF6,ORD_4D472DFC,MERCH_038,683500,INR,CAPTURED,2026-08-24T20:02:10Z,REF-PAY_F4875AF6
PAY_153DC3F7,ORD_A12EEC4A,MERCH_025,352900,INR,CAPTURED,2026-08-18T03:21:40Z,REF-PAY_153DC3F7
PAY_BE72A924,ORD_32835326,MERCH_028,1347900,INR,CAPTURED,2026-08-29T17:07:58Z,REF-PAY_BE72A924
PAY_895D4813,ORD_B556FB23,MERCH_045,1756900,INR,CAPTURED,2026-08-27T00:57:35Z,REF-PAY_895D4813
PAY_22039EEE,ORD_6D3796B7,MERCH_010,1359100,INR,CAPTURED,2026-07-20T23:09:43Z,REF-PAY_22039EEE
PAY_45CBD4B3,ORD_15A589C6,MERCH_025,1202000,INR,CAPTURED,2026-08-09T22:04:47Z,REF-PAY_45CBD4B3
PAY_6D900469,ORD_CF52D69F,MERCH_031,1659600,INR,CAPTURED,2026-08-31T03:32:22Z,REF-PAY_6D900469
PAY_AAB4C3C1,ORD_6119C428,MERCH_042,1096200,INR,CAPTURED,2026-08-12T22:36:06Z,REF-PAY_AAB4C3C1
PAY_B2195326,ORD_D156CC99,MERCH_012,508300,INR,CAPTURED,2026-07-30T21:43:36Z,REF-PAY_B2195326
PAY_8B7E68E2,ORD_BFF235CA,MERCH_030,371600,INR,CAPTURED,2026-08-15T05:45:40Z,REF-PAY_8B7E68E2
PAY_465644EC,ORD_9669ACFC,MERCH_018,1481000,INR,CAPTURED,2026-07-08T17:29:23Z,REF-PAY_465644EC
PAY_8A2CD53F,ORD_B79B4F9E,MERCH_007,1197600,INR,CAPTURED,2026-08-06T18:27:04Z,REF-PAY_8A2CD53F
PAY_4FA026F6,ORD_5C360E5B,MERCH_004,1535400,INR,CAPTURED,2026-07-25T15:02:45Z,REF-PAY_4FA026F6
PAY_26D5C7BF,ORD_4F747B76,MERCH_010,834600,INR,CAPTURED,2026-07-19T09:33:17Z,REF-PAY_26D5C7BF
PAY_5C1A71E4,ORD_1D0F8FB3,MERCH_037,1592400,INR,CAPTURED,2026-09-01T23:59:13Z,REF-PAY_5C1A71E4
PAY_DE3DD240,ORD_41EDC1D6,MERCH_045,624200,INR,CAPTURED,2026-08-29T15:57:09Z,REF-PAY_DE3DD240
PAY_6B71FEF0,ORD_305AD4A8,MERCH_041,633100,INR,CAPTURED,2026-08-18T20:24:45Z,REF-PAY_6B71FEF0
PAY_6B006ECF,ORD_FE8F9933,MERCH_006,1228400,INR,CAPTURED,2026-08-04T04:00:51Z,REF-PAY_6B006ECF
PAY_7B5F7B04,ORD_2146C694,MERCH_004,1714400,INR,CAPTURED,2026-08-26T02:50:48Z,REF-PAY_7B5F7B04
PAY_871C319C,ORD_D6E6D36A,MERCH_016,696600,INR,CAPTURED,2026-08-11T12:30:58Z,REF-PAY_871C319C
PAY_D3B828F5,ORD_36402312,MERCH_020,672100,INR,CAPTURED,2026-07-09T12:26:26Z,REF-PAY_D3B828F5
PAY_F7324F15,ORD_20FC58F6,MERCH_044,1547600,INR,CAPTURED,2026-08-15T16:54:41Z,REF-PAY_F7324F15
PAY_9C14FE6E,ORD_4AA61E93,MERCH_041,425500,INR,CAPTURED,2026-08-25T09:46:06Z,REF-PAY_9C14FE6E
PAY_21AA3F20,ORD_B84EC195,MERCH_032,342800,INR,CAPTURED,2026-08-17T14:45:40Z,REF-PAY_21AA3F20
PAY_1B8A68EA,ORD_5A5BFA6D,MERCH_047,1211500,INR,CAPTURED,2026-07-09T01:16:24Z,REF-PAY_1B8A68EA
PAY_6B1D6835,ORD_FF2BA7BA,MERCH_030,1012800,INR,CAPTURED,2026-08-17T09:55:39Z,REF-PAY_6B1D6835
PAY_91CDE31F,ORD_0AA973FA,MERCH_024,1930900,INR,CAPTURED,2026-07-01T02:17:03Z,REF-PAY_91CDE31F
PAY_9854EAB7,ORD_79803286,MERCH_002,1481900,INR,CAPTURED,2026-07-29T09:22:45Z,REF-PAY_9854EAB7
PAY_CA5BF5AB,ORD_A6FF9A96,MERCH_023,711000,INR,CAPTURED,2026-08-13T20:03:27Z,REF-PAY_CA5BF5AB
PAY_600F9A34,ORD_1A11E7FC,MERCH_030,396400,INR,CAPTURED,2026-07-15T03:28:50Z,REF-PAY_600F9A34
PAY_E6C15681,ORD_18747682,MERCH_028,1070900,INR,CAPTURED,2026-09-01T01:48:54Z,REF-PAY_E6C15681
PAY_FCCC24B1,ORD_0F5A8D0B,MERCH_044,124700,INR,CAPTURED,2026-07-22T14:11:42Z,REF-PAY_FCCC24B1
PAY_27D4F00C,ORD_1AE6C66A,MERCH_047,1853300,INR,CAPTURED,2026-08-06T01:26:19Z,REF-PAY_27D4F00C
PAY_991FEAF0,ORD_F4A3047B,MERCH_007,1438600,INR,CAPTURED,2026-08-03T10:13:52Z,REF-PAY_991FEAF0
PAY_2FA695D5,ORD_CD255BE3,MERCH_041,713200,INR,CAPTURED,2026-08-11T19:41:44Z,REF-PAY_2FA695D5
PAY_5F7B7DA0,ORD_722107F2,MERCH_023,267200,INR,CAPTURED,2026-07-18T02:59:51Z,REF-PAY_5F7B7DA0
PAY_BD24043C,ORD_5428CA35,MERCH_035,15000000,INR,CAPTURED,2026-07-28T08:16:02Z,REF-PAY_BD24043C
PAY_AFE8814D,ORD_B0A8B01F,MERCH_023,1435200,INR,CAPTURED,2026-07-04T13:40:58Z,REF-PAY_AFE8814D
PAY_D17F5D7B,ORD_B0A8B01F,MERCH_023,1435200,INR,CAPTURED,2026-07-04T13:40:58Z,REF-PAY_AFE8814D
PAY_4B4F4DD2,ORD_48C13466,MERCH_036,196600,INR,CAPTURED,2026-07-26T02:48:58Z,REF-PAY_4B4F4DD2
PAY_0F8EB1AA,ORD_1BD75538,MERCH_007,917300,INR,CAPTURED,2026-07-20T21:07:49Z,REF-PAY_0F8EB1AA
PAY_F889FB17,ORD_8D2E7C07,MERCH_031,1728400,INR,CAPTURED,2026-07-22T03:29:11Z,REF-PAY_F889FB17
PAY_2FD50A62,ORD_59635ECA,MERCH_029,1752900,INR,CAPTURED,2026-07-10T15:24:40Z,REF-PAY_2FD50A62
PAY_F893FB89,ORD_72E3DFFE,MERCH_044,1422400,INR,CAPTURED,2026-07-11T00:11:21Z,REF-PAY_F893FB89
PAY_F9C525C1,ORD_FEEB8130,MERCH_006,889800,INR,CAPTURED,2026-07-30T04:43:37Z,REF-PAY_F9C525C1
PAY_2ECE6922,ORD_FCF89C78,MERCH_035,753000,INR,CAPTURED,2026-08-21T16:40:51Z,REF-PAY_2ECE6922
PAY_D45207B9,ORD_D1B135FB,MERCH_016,1106900,INR,CAPTURED,2026-08-31T20:22:54Z,REF-PAY_D45207B9
PAY_B2F2EDE0,ORD_2013D211,MERCH_014,455600,INR,CAPTURED,2026-07-30T19:16:17Z,REF-PAY_B2F2EDE0
PAY_1F031F99,ORD_2013D211,MERCH_014,455600,INR,CAPTURED,2026-07-30T19:16:17Z,REF-PAY_B2F2EDE0
PAY_D3AE2B50,ORD_299602C0,MERCH_022,553900,INR,CAPTURED,2026-07-06T19:10:30Z,REF-PAY_D3AE2B50
PAY_6643239B,ORD_A070F99B,MERCH_046,1202300,INR,CAPTURED,2026-07-06T17:32:52Z,REF-PAY_6643239B
PAY_96643797,ORD_995238A0,MERCH_025,1633700,INR,CAPTURED,2026-07-23T00:51:49Z,REF-PAY_96643797
PAY_8F5406F2,ORD_466A192C,MERCH_004,1394700,INR,CAPTURED,2026-07-09T01:55:50Z,REF-PAY_8F5406F2
PAY_EF80CD9E,ORD_02734C55,MERCH_002,891900,INR,CAPTURED,2026-09-01T07:59:30Z,REF-PAY_EF80CD9E
PAY_DA628A58,ORD_CC7B4B77,MERCH_002,1010700,INR,CAPTURED,2026-07-11T07:00:22Z,REF-PAY_DA628A58
PAY_90712978,ORD_7EEB4E53,MERCH_011,1851100,INR,CAPTURED,2026-08-11T18:19:46Z,REF-PAY_90712978
PAY_5B3D07BB,ORD_5BF7E332,MERCH_001,887400,INR,CAPTURED,2026-08-30T17:12:14Z,REF-PAY_5B3D07BB
PAY_6A1455B0,ORD_7DCB792F,MERCH_027,386800,INR,CAPTURED,2026-07-12T13:56:39Z,REF-PAY_6A1455B0
PAY_177C6BBE,ORD_78849651,MERCH_032,1318700,INR,CAPTURED,2026-07-07T01:50:22Z,REF-PAY_177C6BBE
PAY_2E4356B0,ORD_CD4B2D4B,MERCH_018,436200,INR,CAPTURED,2026-07-09T01:46:34Z,REF-PAY_2E4356B0
PAY_C8ACDC6D,ORD_E9DC26E4,MERCH_017,164200,INR,CAPTURED,2026-08-26T07:36:49Z,REF-PAY_C8ACDC6D
PAY_AE6BFB67,ORD_C5B8565A,MERCH_005,1664900,INR,CAPTURED,2026-07-13T10:37:47Z,REF-PAY_AE6BFB67
PAY_F45D162B,ORD_6E50D992,MERCH_004,1835800,INR,CAPTURED,2026-08-12T15:42:03Z,REF-PAY_F45D162B
PAY_1E00C9D1,ORD_6A758CAB,MERCH_033,1430300,INR,CAPTURED,2026-08-21T11:35:02Z,REF-PAY_1E00C9D1
PAY_634C7FAE,ORD_250F2775,MERCH_004,545200,INR,CAPTURED,2026-07-14T05:23:47Z,REF-PAY_634C7FAE
PAY_F9E51618,ORD_832B90C1,MERCH_018,610400,INR,CAPTURED,2026-08-09T17:21:07Z,REF-PAY_F9E51618
PAY_D41E73C5,ORD_82451BFC,MERCH_034,181700,INR,CAPTURED,2026-07-04T11:00:42Z,REF-PAY_D41E73C5
PAY_43F9D771,ORD_B2FC5C36,MERCH_029,240100,INR,CAPTURED,2026-07-20T12:30:12Z,REF-PAY_43F9D771
PAY_EA6AB58D,ORD_8BD29779,MERCH_046,581600,INR,CAPTURED,2026-08-03T08:13:15Z,REF-PAY_EA6AB58D
PAY_6A80A59E,ORD_49E94CDE,MERCH_038,1438100,INR,CAPTURED,2026-07-03T20:05:01Z,REF-PAY_6A80A59E
PAY_FE8E6058,ORD_A0DC9AA8,MERCH_001,1006600,INR,CAPTURED,2026-07-05T02:07:53Z,REF-PAY_FE8E6058
PAY_578B5ECB,ORD_6EEFA0DB,MERCH_034,91500,INR,CAPTURED,2026-07-20T00:16:40Z,REF-PAY_578B5ECB
PAY_1A531D69,ORD_FC4F4722,MERCH_009,1375400,INR,CAPTURED,2026-07-08T00:23:52Z,REF-PAY_1A531D69
PAY_50129DA4,ORD_4EA9D598,MERCH_015,1707200,INR,CAPTURED,2026-07-28T22:52:36Z,REF-PAY_50129DA4
PAY_86315469,ORD_1DC06A25,MERCH_024,1183300,INR,CAPTURED,2026-07-28T11:11:24Z,REF-PAY_86315469
PAY_D5939A88,ORD_0FBAFA5E,MERCH_017,1128000,INR,CAPTURED,2026-07-02T18:25:32Z,REF-PAY_D5939A88
PAY_0ABE5F3B,ORD_AFDAEF66,MERCH_027,1585500,INR,CAPTURED,2026-07-31T21:06:47Z,REF-PAY_0ABE5F3B
PAY_A7BE53B4,ORD_816B99F0,MERCH_021,964100,INR,CAPTURED,2026-08-12T09:55:18Z,REF-PAY_A7BE53B4
PAY_70D4FDB6,ORD_3FAF7DA6,MERCH_001,810900,INR,CAPTURED,2026-08-04T05:59:13Z,REF-PAY_70D4FDB6
PAY_A320D6C3,ORD_F7B9C7D9,MERCH_026,896200,INR,CAPTURED,2026-08-16T09:52:52Z,REF-PAY_A320D6C3
PAY_A603EFC7,ORD_02E809AB,MERCH_021,761000,INR,CAPTURED,2026-08-10T05:37:28Z,REF-PAY_A603EFC7
PAY_E608F7BC,ORD_C22FFCF6,MERCH_017,1511500,INR,CAPTURED,2026-08-01T11:04:53Z,REF-PAY_E608F7BC
PAY_5E9F1B0E,ORD_A963B65C,MERCH_022,1279300,INR,CAPTURED,2026-08-06T03:26:08Z,REF-PAY_5E9F1B0E
PAY_46B2F129,ORD_6BC4724A,MERCH_024,50600,INR,CAPTURED,2026-08-12T09:35:08Z,REF-PAY_46B2F129
PAY_E2B46116,ORD_7396F99A,MERCH_029,272900,INR,CAPTURED,2026-07-31T00:26:58Z,REF-PAY_E2B46116
PAY_CB74F3A6,ORD_90124B00,MERCH_036,1425400,INR,CAPTURED,2026-08-17T11:37:06Z,REF-PAY_CB74F3A6
PAY_18368429,ORD_5D85538B,MERCH_006,1822900,INR,CAPTURED,2026-07-03T21:18:35Z,REF-PAY_18368429
PAY_4FE0DA87,ORD_79E9CB37,MERCH_002,398600,INR,CAPTURED,2026-07-06T02:40:05Z,REF-PAY_4FE0DA87
PAY_EE96B6DC,ORD_D30EA9C5,MERCH_004,1107500,INR,CAPTURED,2026-07-27T06:51:56Z,REF-PAY_EE96B6DC
PAY_F0621320,ORD_D01E52BC,MERCH_014,1789400,INR,CAPTURED,2026-08-04T01:37:43Z,REF-PAY_F0621320
PAY_9507A27A,ORD_1C315BF8,MERCH_016,1735400,INR,CAPTURED,2026-07-16T19:56:00Z,REF-PAY_9507A27A
PAY_9E56E179,ORD_BA24A7A2,MERCH_042,1051800,INR,CAPTURED,2026-07-30T19:02:04Z,REF-PAY_9E56E179
PAY_C7CB7C3C,ORD_C3206F91,MERCH_046,283800,INR,CAPTURED,2026-07-17T00:11:45Z,REF-PAY_C7CB7C3C
PAY_9C939C4D,ORD_40FCC5ED,MERCH_028,1109700,INR,CAPTURED,2026-08-25T09:54:43Z,REF-PAY_9C939C4D
PAY_1F25CAD9,ORD_1DC78C70,MERCH_024,592700,INR,CAPTURED,2026-07-10T02:40:58Z,REF-PAY_1F25CAD9
PAY_59D65B1C,ORD_1DC78C70,MERCH_024,592700,INR,CAPTURED,2026-07-10T02:40:58Z,REF-PAY_1F25CAD9
PAY_301DEEC8,ORD_949D4219,MERCH_012,1019200,INR,CAPTURED,2026-07-01T05:04:38Z,REF-PAY_301DEEC8
PAY_4B37D473,ORD_2DD5DE38,MERCH_017,254900,INR,CAPTURED,2026-08-26T19:32:55Z,REF-PAY_4B37D473
PAY_685C5156,ORD_2B182C89,MERCH_011,657300,INR,CAPTURED,2026-08-27T20:01:32Z,REF-PAY_685C5156
PAY_52E85747,ORD_6BF5127E,MERCH_018,1598800,INR,CAPTURED,2026-07-02T03:03:20Z,REF-PAY_52E85747
PAY_E5408A78,ORD_FFF3B610,MERCH_045,226300,INR,CAPTURED,2026-07-06T14:31:32Z,REF-PAY_E5408A78
PAY_5F7D2D13,ORD_BD6B475D,MERCH_040,1027200,INR,CAPTURED,2026-07-28T20:45:25Z,REF-PAY_5F7D2D13
PAY_76212ACB,ORD_C78A9499,MERCH_034,1008800,INR,CAPTURED,2026-07-21T02:40:03Z,REF-PAY_76212ACB
PAY_A04E8E23,ORD_559EE64D,MERCH_006,738200,INR,CAPTURED,2026-08-28T09:19:43Z,REF-PAY_A04E8E23
PAY_AFD0E891,ORD_4068C9D4,MERCH_036,1973300,INR,CAPTURED,2026-08-03T17:28:22Z,REF-PAY_AFD0E891
PAY_74C8F9A5,ORD_71B2B920,MERCH_002,1333200,INR,CAPTURED,2026-08-06T00:19:59Z,REF-PAY_74C8F9A5
PAY_214E43EF,ORD_EF108397,MERCH_016,1629700,INR,CAPTURED,2026-07-29T14:34:01Z,REF-PAY_214E43EF
PAY_B5E40B2A,ORD_7C572065,MERCH_037,1036000,INR,CAPTURED,2026-08-17T23:18:38Z,REF-PAY_B5E40B2A
PAY_0C47A434,ORD_D4AF5AEA,MERCH_009,1118300,INR,CAPTURED,2026-08-07T13:04:00Z,REF-PAY_0C47A434
PAY_6F590938,ORD_A92731D1,MERCH_043,1007600,INR,CAPTURED,2026-08-20T19:40:27Z,REF-PAY_6F590938
PAY_B035DD97,ORD_A92731D1,MERCH_043,1007600,INR,CAPTURED,2026-08-20T19:40:27Z,REF-PAY_6F590938
PAY_E2EB4CBA,ORD_8AD505CD,MERCH_041,1389900,INR,CAPTURED,2026-08-20T18:44:51Z,REF-PAY_E2EB4CBA
PAY_619C8D1A,ORD_55372541,MERCH_041,30000000,INR,CAPTURED,2026-07-16T07:03:19Z,REF-PAY_619C8D1A
PAY_88A4A00D,ORD_B1F3C7BA,MERCH_015,654200,INR,CAPTURED,2026-07-23T02:26:35Z,REF-PAY_88A4A00D
PAY_6CFFC4BF,ORD_F8CA834D,MERCH_037,1718600,INR,CAPTURED,2026-08-11T23:42:05Z,REF-PAY_6CFFC4BF
PAY_D0631190,ORD_F54B4795,MERCH_025,915000,INR,CAPTURED,2026-08-19T23:45:17Z,REF-PAY_D0631190
PAY_7620EA21,ORD_CB591217,MERCH_036,370000,INR,CAPTURED,2026-08-14T11:26:43Z,REF-PAY_7620EA21
PAY_9EF8E1AA,ORD_0025D608,MERCH_047,648500,INR,CAPTURED,2026-08-10T12:37:57Z,REF-PAY_9EF8E1AA
PAY_327CC5C8,ORD_2A8DE514,MERCH_034,501500,INR,CAPTURED,2026-07-13T07:32:16Z,REF-PAY_327CC5C8
PAY_D65F7504,ORD_2A8DE514,MERCH_034,501500,INR,CAPTURED,2026-07-13T07:32:16Z,REF-PAY_327CC5C8
PAY_4CFC9716,ORD_B828DE73,MERCH_007,1445700,INR,CAPTURED,2026-08-17T10:46:07Z,REF-PAY_4CFC9716
PAY_6D4BD26C,ORD_61CC5805,MERCH_031,30000000,INR,CAPTURED,2026-08-06T00:08:21Z,REF-PAY_6D4BD26C
PAY_B18808E7,ORD_FE73287A,MERCH_037,1949400,INR,CAPTURED,2026-07-30T03:55:58Z,REF-PAY_B18808E7
PAY_FFF3C3F3,ORD_40DD5720,MERCH_039,830900,INR,CAPTURED,2026-09-01T05:32:25Z,REF-PAY_FFF3C3F3
PAY_67ABA007,ORD_299D6D38,MERCH_043,571800,INR,CAPTURED,2026-08-24T04:53:49Z,REF-PAY_67ABA007
PAY_D142E8D8,ORD_1CCDB218,MERCH_034,1890500,INR,CAPTURED,2026-07-01T16:04:44Z,REF-PAY_D142E8D8
PAY_C36FBD0A,ORD_FA2503AE,MERCH_018,138100,INR,CAPTURED,2026-07-19T05:56:44Z,REF-PAY_C36FBD0A
PAY_62BE97F1,ORD_1C0C67B8,MERCH_040,1370000,INR,CAPTURED,2026-07-25T15:56:31Z,REF-PAY_62BE97F1
PAY_949EB383,ORD_873D04DF,MERCH_012,468900,INR,CAPTURED,2026-07-06T15:03:40Z,REF-PAY_949EB383
PAY_C81C830D,ORD_F5874206,MERCH_019,1004500,INR,CAPTURED,2026-07-23T11:59:30Z,REF-PAY_C81C830D
PAY_348F79B3,ORD_0E7630F9,MERCH_043,1717800,INR,CAPTURED,2026-08-06T07:55:49Z,REF-PAY_348F79B3
PAY_BB39E7AA,ORD_0BEF316D,MERCH_046,175700,INR,CAPTURED,2026-07-09T06:02:33Z,REF-PAY_BB39E7AA
PAY_9CC8FC2D,ORD_7F8D8505,MERCH_029,1804900,INR,CAPTURED,2026-08-10T07:55:55Z,REF-PAY_9CC8FC2D
PAY_88F14A6B,ORD_A767D8A7,MERCH_020,806100,INR,CAPTURED,2026-08-07T13:03:21Z,REF-PAY_88F14A6B
PAY_6690317F,ORD_7F910EE5,MERCH_002,1445400,INR,CAPTURED,2026-07-10T20:10:58Z,REF-PAY_6690317F
PAY_4766A878,ORD_7941C3C9,MERCH_018,1380200,INR,CAPTURED,2026-08-30T01:39:50Z,REF-PAY_4766A878
PAY_D2D54B83,ORD_7941C3C9,MERCH_018,1380200,INR,CAPTURED,2026-08-30T01:39:50Z,REF-PAY_4766A878
PAY_644B9A6B,ORD_736BA785,MERCH_048,1579600,INR,CAPTURED,2026-08-30T01:44:38Z,REF-PAY_644B9A6B
PAY_349B400A,ORD_5353CD94,MERCH_033,222000,INR,CAPTURED,2026-07-22T08:45:13Z,REF-PAY_349B400A
PAY_1C9DA2FF,ORD_77DFD0F5,MERCH_025,1549100,INR,CAPTURED,2026-08-24T17:23:56Z,REF-PAY_1C9DA2FF
PAY_1D7902CD,ORD_A56C6C27,MERCH_036,176700,INR,CAPTURED,2026-07-18T14:47:09Z,REF-PAY_1D7902CD
PAY_7A8A341E,ORD_568CA14A,MERCH_047,1829700,INR,CAPTURED,2026-07-13T20:23:11Z,REF-PAY_7A8A341E
PAY_81BD824E,ORD_02088984,MERCH_008,416900,INR,CAPTURED,2026-08-21T22:57:32Z,REF-PAY_81BD824E
PAY_C8E04D8A,ORD_F015CD99,MERCH_031,66600,INR,CAPTURED,2026-08-14T10:25:35Z,REF-PAY_C8E04D8A
PAY_0D0B3186,ORD_DEA21C8A,MERCH_023,398300,INR,CAPTURED,2026-08-11T11:01:51Z,REF-PAY_0D0B3186
PAY_64AC2F76,ORD_64A7720A,MERCH_016,1927500,INR,CAPTURED,2026-07-09T20:53:26Z,REF-PAY_64AC2F76
PAY_746410DB,ORD_521854A2,MERCH_022,626200,INR,CAPTURED,2026-07-15T01:11:15Z,REF-PAY_746410DB
PAY_4F031291,ORD_B91D83DA,MERCH_013,1421100,INR,CAPTURED,2026-07-28T06:22:19Z,REF-PAY_4F031291
PAY_A72AB3FD,ORD_1F49D31B,MERCH_025,403500,INR,CAPTURED,2026-08-08T02:52:30Z,REF-PAY_A72AB3FD
PAY_8C032054,ORD_013AC57F,MERCH_027,636300,INR,CAPTURED,2026-08-04T16:55:10Z,REF-PAY_8C032054
PAY_BCC0802D,ORD_A5FBD835,MERCH_031,224800,INR,CAPTURED,2026-08-18T21:55:17Z,REF-PAY_BCC0802D
PAY_3080E00F,ORD_A3E75368,MERCH_033,1101800,INR,CAPTURED,2026-08-01T19:07:52Z,REF-PAY_3080E00F
PAY_96A6F927,ORD_92373CEB,MERCH_042,795700,INR,CAPTURED,2026-07-20T05:33:33Z,REF-PAY_96A6F927
PAY_867F7520,ORD_7CD0C729,MERCH_024,377600,INR,CAPTURED,2026-08-17T03:11:01Z,REF-PAY_867F7520
PAY_BBF92B37,ORD_653E6DCD,MERCH_010,60000000,INR,CAPTURED,2026-08-05T08:40:03Z,REF-PAY_BBF92B37
PAY_49220038,ORD_ED9E267E,MERCH_044,721900,INR,CAPTURED,2026-07-09T03:17:22Z,REF-PAY_49220038
PAY_DC97B299,ORD_CAA7CACC,MERCH_003,1928500,INR,CAPTURED,2026-08-13T00:40:50Z,REF-PAY_DC97B299
PAY_613BEF4D,ORD_D9B7E914,MERCH_005,1152700,INR,CAPTURED,2026-07-01T20:51:50Z,REF-PAY_613BEF4D
PAY_0DC03C4C,ORD_464923FF,MERCH_048,911400,INR,CAPTURED,2026-08-18T20:28:10Z,REF-PAY_0DC03C4C
PAY_35629056,ORD_74CC7D32,MERCH_036,1717600,INR,CAPTURED,2026-08-12T09:47:32Z,REF-PAY_35629056
PAY_D8374BB9,ORD_777665DF,MERCH_019,174800,INR,CAPTURED,2026-08-03T07:08:45Z,REF-PAY_D8374BB9
PAY_7505C1A8,ORD_B4F6A781,MERCH_008,1908700,INR,CAPTURED,2026-07-24T23:45:49Z,REF-PAY_7505C1A8
PAY_B22F525F,ORD_7357EF3F,MERCH_028,281500,INR,CAPTURED,2026-08-17T02:34:15Z,REF-PAY_B22F525F
PAY_D7DCA115,ORD_7772D1D1,MERCH_014,1900200,INR,CAPTURED,2026-07-27T15:52:17Z,REF-PAY_D7DCA115
PAY_164A7D4D,ORD_F5C05451,MERCH_027,1134500,INR,CAPTURED,2026-07-12T07:16:53Z,REF-PAY_164A7D4D
PAY_2687FAE1,ORD_7A13C383,MERCH_006,320100,INR,CAPTURED,2026-09-01T04:23:03Z,REF-PAY_2687FAE1
PAY_8509D2FE,ORD_ED3DF838,MERCH_005,1597500,INR,CAPTURED,2026-08-01T08:00:22Z,REF-PAY_8509D2FE
PAY_8A6EA470,ORD_699EF96E,MERCH_034,1448600,INR,CAPTURED,2026-08-17T21:00:28Z,REF-PAY_8A6EA470
PAY_93734506,ORD_7A2C896F,MERCH_034,1109000,INR,CAPTURED,2026-08-20T19:41:21Z,REF-PAY_93734506
PAY_12903B86,ORD_E254A963,MERCH_001,1950000,INR,CAPTURED,2026-07-31T09:15:50Z,REF-PAY_12903B86
PAY_D8A450C2,ORD_0B7B8894,MERCH_042,1243600,INR,CAPTURED,2026-08-24T15:30:03Z,REF-PAY_D8A450C2
PAY_557DCAC5,ORD_886BB2FA,MERCH_032,894800,INR,CAPTURED,2026-07-05T22:19:28Z,REF-PAY_557DCAC5
PAY_EF022C97,ORD_7370DB52,MERCH_035,770600,INR,CAPTURED,2026-08-10T22:24:23Z,REF-PAY_EF022C97
PAY_41D9E41C,ORD_B584C4CD,MERCH_004,60000000,INR,CAPTURED,2026-07-31T21:53:00Z,REF-PAY_41D9E41C
PAY_0FB8B4E0,ORD_33037067,MERCH_030,174700,INR,CAPTURED,2026-07-02T23:56:13Z,REF-PAY_0FB8B4E0
PAY_19FA309D,ORD_A67E0DD8,MERCH_035,549300,INR,CAPTURED,2026-08-11T07:54:13Z,REF-PAY_19FA309D
PAY_CAFCE795,ORD_0284FF15,MERCH_029,1529100,INR,CAPTURED,2026-08-15T03:30:33Z,REF-PAY_CAFCE795
PAY_10953131,ORD_0EEEE5EF,MERCH_004,1776200,INR,CAPTURED,2026-07-28T12:59:20Z,REF-PAY_10953131
PAY_E272E22A,ORD_B1BAE506,MERCH_039,83100,INR,CAPTURED,2026-07-12T04:57:19Z,REF-PAY_E272E22A
PAY_7B89A30C,ORD_0285F546,MERCH_027,1965200,INR,CAPTURED,2026-08-10T23:44:15Z,REF-PAY_7B89A30C
PAY_D205A2B1,ORD_AD4D22A5,MERCH_021,1427800,INR,CAPTURED,2026-07-10T17:03:59Z,REF-PAY_D205A2B1
PAY_707E9FD1,ORD_DC9B17F3,MERCH_006,1846900,INR,CAPTURED,2026-07-24T07:24:49Z,REF-PAY_707E9FD1
PAY_C473FE5C,ORD_B893C50F,MERCH_038,318200,INR,CAPTURED,2026-07-28T06:25:04Z,REF-PAY_C473FE5C
PAY_B7C79FFF,ORD_CCE5C7C6,MERCH_003,1752500,INR,CAPTURED,2026-08-28T02:30:29Z,REF-PAY_B7C79FFF
PAY_8859B9AB,ORD_E0BF9827,MERCH_020,1670200,INR,CAPTURED,2026-07-03T10:44:51Z,REF-PAY_8859B9AB
PAY_41A61892,ORD_EFD9BC03,MERCH_003,1808900,INR,CAPTURED,2026-07-08T05:11:22Z,REF-PAY_41A61892
PAY_C7DA8208,ORD_7A38E928,MERCH_046,764100,INR,CAPTURED,2026-08-31T19:46:34Z,REF-PAY_C7DA8208
PAY_CFC50270,ORD_475C0AE3,MERCH_042,1625800,INR,CAPTURED,2026-08-16T20:10:46Z,REF-PAY_CFC50270
PAY_4792ABE7,ORD_ABAEF062,MERCH_036,288500,INR,CAPTURED,2026-08-13T08:07:32Z,REF-PAY_4792ABE7
PAY_BE475801,ORD_B2C7CBDD,MERCH_042,304500,INR,CAPTURED,2026-08-22T16:40:44Z,REF-PAY_BE475801
PAY_DAD18008,ORD_1C130696,MERCH_036,622500,INR,CAPTURED,2026-07-25T02:58:14Z,REF-PAY_DAD18008
PAY_168B277C,ORD_FFFA4A48,MERCH_033,1554600,INR,CAPTURED,2026-07-26T22:33:09Z,REF-PAY_168B277C
PAY_EAD78AB5,ORD_BD32E440,MERCH_037,1391800,INR,CAPTURED,2026-07-27T01:21:18Z,REF-PAY_EAD78AB5
PAY_D9858F7B,ORD_FB421938,MERCH_043,1948600,INR,CAPTURED,2026-08-27T16:40:42Z,REF-PAY_D9858F7B
PAY_7D797C19,ORD_FB421938,MERCH_043,1948600,INR,CAPTURED,2026-08-27T16:40:42Z,REF-PAY_D9858F7B
PAY_0309D396,ORD_B6CEA389,MERCH_009,247400,INR,CAPTURED,2026-08-30T22:49:56Z,REF-PAY_0309D396
PAY_056C06AA,ORD_DC028769,MERCH_001,123700,INR,CAPTURED,2026-08-29T22:01:52Z,REF-PAY_056C06AA
PAY_059CFF8F,ORD_7657C82A,MERCH_011,1964200,INR,CAPTURED,2026-09-01T11:01:30Z,REF-PAY_059CFF8F
PAY_48071A0F,ORD_8F098E54,MERCH_007,678600,INR,CAPTURED,2026-07-12T12:02:54Z,REF-PAY_48071A0F
PAY_B5472105,ORD_7AE8126F,MERCH_038,1045600,INR,CAPTURED,2026-08-23T23:22:59Z,REF-PAY_B5472105
PAY_4E3F8DB7,ORD_06A9EED1,MERCH_046,1034600,INR,CAPTURED,2026-07-27T16:31:06Z,REF-PAY_4E3F8DB7
PAY_BF8A45A1,ORD_1EC2B88F,MERCH_008,1719900,INR,CAPTURED,2026-07-04T03:47:00Z,REF-PAY_BF8A45A1
PAY_6C3B8120,ORD_81F8E332,MERCH_026,1662800,INR,CAPTURED,2026-08-24T16:53:27Z,REF-PAY_6C3B8120
PAY_1C76169B,ORD_28ED9563,MERCH_018,966400,INR,CAPTURED,2026-08-28T18:19:01Z,REF-PAY_1C76169B
PAY_752C19EF,ORD_BFE622B4,MERCH_047,661000,INR,CAPTURED,2026-07-14T07:16:24Z,REF-PAY_752C19EF
PAY_A376FA10,ORD_4A32052E,MERCH_027,503500,INR,CAPTURED,2026-08-07T02:22:53Z,REF-PAY_A376FA10
PAY_57BB66F2,ORD_458F25BA,MERCH_047,1169000,INR,CAPTURED,2026-08-25T17:04:30Z,REF-PAY_57BB66F2
PAY_7CA2A8FF,ORD_20467CA8,MERCH_034,270500,INR,CAPTURED,2026-08-17T20:45:24Z,REF-PAY_7CA2A8FF
PAY_3F3D023B,ORD_006B9638,MERCH_047,791000,INR,CAPTURED,2026-07-12T06:29:02Z,REF-PAY_3F3D023B
PAY_578A868E,ORD_F9171342,MERCH_015,1613200,INR,CAPTURED,2026-08-28T07:08:52Z,REF-PAY_578A868E
PAY_BC8E1809,ORD_31C07862,MERCH_043,660900,INR,CAPTURED,2026-08-20T22:55:21Z,REF-PAY_BC8E1809
PAY_80B9E64B,ORD_F683AC06,MERCH_029,1686700,INR,CAPTURED,2026-08-03T05:59:44Z,REF-PAY_80B9E64B
PAY_1CE9E0E0,ORD_7AE81957,MERCH_030,1386000,INR,CAPTURED,2026-08-18T06:49:02Z,REF-PAY_1CE9E0E0
PAY_43BCA674,ORD_797CDB58,MERCH_047,1529400,INR,CAPTURED,2026-08-28T08:30:35Z,REF-PAY_43BCA674
PAY_A30C4847,ORD_BA018178,MERCH_031,587200,INR,CAPTURED,2026-07-29T04:02:38Z,REF-PAY_A30C4847
PAY_AF09376C,ORD_06A7477A,MERCH_010,1644100,INR,CAPTURED,2026-08-25T05:22:21Z,REF-PAY_AF09376C
PAY_494E3FF4,ORD_B6FAB7C9,MERCH_002,82900,INR,CAPTURED,2026-08-24T06:50:12Z,REF-PAY_494E3FF4
PAY_FE6356D7,ORD_DBBFD22C,MERCH_014,579900,INR,CAPTURED,2026-07-13T08:39:31Z,REF-PAY_FE6356D7
PAY_0AC2CCEF,ORD_742A92DB,MERCH_035,675100,INR,CAPTURED,2026-07-28T14:09:10Z,REF-PAY_0AC2CCEF
PAY_C125D9CA,ORD_A2ED59FE,MERCH_028,1626100,INR,CAPTURED,2026-07-04T02:26:34Z,REF-PAY_C125D9CA
PAY_00B80168,ORD_6D2EAD12,MERCH_011,173900,INR,CAPTURED,2026-07-19T22:17:21Z,REF-PAY_00B80168
PAY_E82FF072,ORD_8514A802,MERCH_021,1839000,INR,CAPTURED,2026-08-30T03:50:33Z,REF-PAY_E82FF072
PAY_0A977607,ORD_34A51068,MERCH_013,701200,INR,CAPTURED,2026-07-17T09:11:45Z,REF-PAY_0A977607
PAY_F6C58FB9,ORD_A826FA17,MERCH_030,60000000,INR,CAPTURED,2026-08-25T05:05:37Z,REF-PAY_F6C58FB9
PAY_9DEF5AC5,ORD_3739B0C0,MERCH_042,1112400,INR,CAPTURED,2026-08-27T14:53:26Z,REF-PAY_9DEF5AC5
PAY_AFB417B3,ORD_EE5FF247,MERCH_009,1037300,INR,CAPTURED,2026-08-03T04:14:13Z,REF-PAY_AFB417B3
PAY_DFD6D67F,ORD_8B9D1ADB,MERCH_014,1160100,INR,CAPTURED,2026-07-18T23:09:55Z,REF-PAY_DFD6D67F
PAY_B72B2B31,ORD_03E45217,MERCH_024,276600,INR,CAPTURED,2026-07-10T23:15:22Z,REF-PAY_B72B2B31
PAY_16A0184D,ORD_41DEE9F8,MERCH_041,1454200,INR,CAPTURED,2026-08-02T02:29:01Z,REF-PAY_16A0184D
PAY_7B5388D6,ORD_34920510,MERCH_028,571700,INR,CAPTURED,2026-07-04T13:45:07Z,REF-PAY_7B5388D6
PAY_0D1B45D5,ORD_12E4213E,MERCH_007,1630600,INR,CAPTURED,2026-08-14T21:02:23Z,REF-PAY_0D1B45D5
PAY_1BDC2A95,ORD_2640DCC7,MERCH_005,876300,INR,CAPTURED,2026-08-13T09:38:52Z,REF-PAY_1BDC2A95
PAY_66F9D0BD,ORD_BB5688C7,MERCH_046,1524800,INR,CAPTURED,2026-07-09T00:25:09Z,REF-PAY_66F9D0BD
PAY_8BE6FC6C,ORD_FCF67C85,MERCH_013,15000000,INR,CAPTURED,2026-08-30T14:59:57Z,REF-PAY_8BE6FC6C
PAY_0E04E098,ORD_C2BAACB0,MERCH_042,1859800,INR,CAPTURED,2026-08-23T02:40:28Z,REF-PAY_0E04E098
PAY_7DB860DF,ORD_7B8115E0,MERCH_016,1618000,INR,CAPTURED,2026-07-11T04:29:01Z,REF-PAY_7DB860DF
PAY_C46221DA,ORD_66B287AA,MERCH_042,1949400,INR,CAPTURED,2026-07-26T04:33:57Z,REF-PAY_C46221DA
PAY_4F8519D5,ORD_DE36C1AD,MERCH_036,97800,INR,CAPTURED,2026-07-19T03:33:04Z,REF-PAY_4F8519D5
PAY_D20DCC33,ORD_D13DF8F5,MERCH_008,1830800,INR,CAPTURED,2026-07-19T16:54:37Z,REF-PAY_D20DCC33
PAY_175A1D0B,ORD_51194603,MERCH_002,34800,INR,CAPTURED,2026-07-03T22:24:23Z,REF-PAY_175A1D0B
PAY_5EF8529F,ORD_9EED337F,MERCH_024,1719200,INR,CAPTURED,2026-08-01T03:18:53Z,REF-PAY_5EF8529F
PAY_468F4828,ORD_0F4A1D6C,MERCH_036,1369800,INR,CAPTURED,2026-07-12T18:31:25Z,REF-PAY_468F4828
PAY_F38AE81A,ORD_1CDD8A57,MERCH_019,928000,INR,CAPTURED,2026-08-26T03:03:04Z,REF-PAY_F38AE81A
PAY_85A69825,ORD_E509815C,MERCH_027,832000,INR,CAPTURED,2026-08-10T01:12:50Z,REF-PAY_85A69825
PAY_CCE5EF7A,ORD_01A6B1C7,MERCH_046,1034500,INR,CAPTURED,2026-08-27T08:05:06Z,REF-PAY_CCE5EF7A
PAY_3B105A15,ORD_8B645F2C,MERCH_037,531900,INR,CAPTURED,2026-08-23T15:56:45Z,REF-PAY_3B105A15
PAY_B85A109F,ORD_5D81C2F0,MERCH_018,1231300,INR,CAPTURED,2026-08-21T03:47:25Z,REF-PAY_B85A109F
PAY_31FD68BB,ORD_FFFE4FCB,MERCH_004,381500,INR,CAPTURED,2026-07-06T06:35:46Z,REF-PAY_31FD68BB
PAY_2D0BE71A,ORD_8A5403A7,MERCH_005,173700,INR,CAPTURED,2026-07-05T14:30:26Z,REF-PAY_2D0BE71A
PAY_784C3E4E,ORD_EEF9C8D5,MERCH_020,97700,INR,CAPTURED,2026-08-31T08:24:55Z,REF-PAY_784C3E4E
PAY_FDDCBBE3,ORD_2EE47BEF,MERCH_044,1147100,INR,CAPTURED,2026-08-07T03:50:48Z,REF-PAY_FDDCBBE3
PAY_70CCA87E,ORD_DAE5F91A,MERCH_014,445100,INR,CAPTURED,2026-07-20T03:21:31Z,REF-PAY_70CCA87E
PAY_A8697832,ORD_842141AF,MERCH_027,1417000,INR,CAPTURED,2026-09-01T01:12:53Z,REF-PAY_A8697832
PAY_26601B49,ORD_62786C3A,MERCH_014,1252300,INR,CAPTURED,2026-08-15T13:06:39Z,REF-PAY_26601B49
PAY_5AD1AC45,ORD_67949FC9,MERCH_033,1175600,INR,CAPTURED,2026-07-15T03:17:51Z,REF-PAY_5AD1AC45
PAY_613EB29A,ORD_02587A37,MERCH_014,139200,INR,CAPTURED,2026-07-02T15:38:12Z,REF-PAY_613EB29A
PAY_B0CE41D3,ORD_915F2151,MERCH_024,329600,INR,CAPTURED,2026-07-19T22:07:49Z,REF-PAY_B0CE41D3
PAY_0C74F3FC,ORD_6EC914E5,MERCH_008,1112000,INR,CAPTURED,2026-07-26T03:51:44Z,REF-PAY_0C74F3FC
PAY_D5B85C71,ORD_D2E6DE2C,MERCH_006,999500,INR,CAPTURED,2026-07-26T23:33:42Z,REF-PAY_D5B85C71
PAY_FB5B08D3,ORD_63C3124E,MERCH_030,1678800,INR,CAPTURED,2026-07-30T09:55:20Z,REF-PAY_FB5B08D3
PAY_446DD79F,ORD_B063588A,MERCH_020,357500,INR,CAPTURED,2026-08-28T04:58:25Z,REF-PAY_446DD79F
PAY_4EA51A30,ORD_AA5354F2,MERCH_034,267100,INR,CAPTURED,2026-08-16T08:58:21Z,REF-PAY_4EA51A30
PAY_3BB65EA1,ORD_22E3FEDB,MERCH_015,1576300,INR,CAPTURED,2026-07-02T11:23:00Z,REF-PAY_3BB65EA1
PAY_DA752FF0,ORD_713A4193,MERCH_019,1029300,INR,CAPTURED,2026-07-28T00:55:37Z,REF-PAY_DA752FF0
PAY_852C932A,ORD_2A5C87D4,MERCH_023,1327700,INR,CAPTURED,2026-07-11T07:08:28Z,REF-PAY_852C932A
PAY_1BF48A07,ORD_A0B52B13,MERCH_018,561700,INR,CAPTURED,2026-08-30T00:06:03Z,REF-PAY_1BF48A07
PAY_15AC3469,ORD_F68A9850,MERCH_004,1621400,INR,CAPTURED,2026-08-12T00:36:22Z,REF-PAY_15AC3469
PAY_B6311BBE,ORD_E057FB91,MERCH_045,1310700,INR,CAPTURED,2026-08-18T18:45:28Z,REF-PAY_B6311BBE
PAY_4FA3084D,ORD_1F0CC0F4,MERCH_020,1540600,INR,CAPTURED,2026-07-25T10:29:00Z,REF-PAY_4FA3084D
PAY_E1111C90,ORD_576BB9B8,MERCH_032,1732000,INR,CAPTURED,2026-07-19T10:00:22Z,REF-PAY_E1111C90
PAY_E294BE0D,ORD_FDBFFFB8,MERCH_025,1129100,INR,CAPTURED,2026-07-19T01:12:40Z,REF-PAY_E294BE0D
PAY_1BDC79F9,ORD_041A2FE4,MERCH_016,1006500,INR,CAPTURED,2026-07-22T22:05:34Z,REF-PAY_1BDC79F9
PAY_ADD8B519,ORD_CA7B39E2,MERCH_030,1430100,INR,CAPTURED,2026-08-06T10:04:56Z,REF-PAY_ADD8B519
PAY_6629E5A3,ORD_DE985DE5,MERCH_006,457400,INR,CAPTURED,2026-07-07T21:24:34Z,REF-PAY_6629E5A3
PAY_61D5C12C,ORD_4A42F251,MERCH_007,43900,INR,CAPTURED,2026-08-24T06:03:00Z,REF-PAY_61D5C12C
PAY_0125B43B,ORD_B1B82FEF,MERCH_040,96900,INR,CAPTURED,2026-07-14T13:14:30Z,REF-PAY_0125B43B
PAY_23A4270E,ORD_DBB5E351,MERCH_026,353600,INR,CAPTURED,2026-08-04T17:38:39Z,REF-PAY_23A4270E
PAY_4BD80F6E,ORD_9A9765A8,MERCH_046,515500,INR,CAPTURED,2026-08-05T00:22:37Z,REF-PAY_4BD80F6E
PAY_770914A2,ORD_01B808F1,MERCH_043,376600,INR,CAPTURED,2026-08-25T17:18:54Z,REF-PAY_770914A2
PAY_E11F9A59,ORD_8B0F0C33,MERCH_014,1793100,INR,CAPTURED,2026-07-08T18:49:14Z,REF-PAY_E11F9A59
PAY_883C4BB3,ORD_FFD2CD83,MERCH_048,1866800,INR,CAPTURED,2026-08-06T22:52:13Z,REF-PAY_883C4BB3
PAY_D320FB8D,ORD_DDCABC05,MERCH_011,1374600,INR,CAPTURED,2026-07-11T22:25:10Z,REF-PAY_D320FB8D
PAY_9AA237A9,ORD_DDCABC05,MERCH_011,1374600,INR,CAPTURED,2026-07-11T22:25:10Z,REF-PAY_D320FB8D
PAY_25F4ADDC,ORD_2D2467AB,MERCH_019,1768300,INR,CAPTURED,2026-07-10T02:57:07Z,REF-PAY_25F4ADDC
PAY_3B1D512B,ORD_ED1C443B,MERCH_019,1812700,INR,CAPTURED,2026-07-04T02:49:38Z,REF-PAY_3B1D512B
PAY_49121F63,ORD_D2013F1C,MERCH_031,1306300,INR,CAPTURED,2026-08-14T13:12:38Z,REF-PAY_49121F63
PAY_FA648F7B,ORD_F9FBDB61,MERCH_004,587800,INR,CAPTURED,2026-08-23T21:15:50Z,REF-PAY_FA648F7B
PAY_9D2F39D5,ORD_493E68B3,MERCH_028,1978000,INR,CAPTURED,2026-07-13T05:54:53Z,REF-PAY_9D2F39D5
PAY_DB9F0178,ORD_64D27C94,MERCH_044,1744100,INR,CAPTURED,2026-07-01T02:45:10Z,REF-PAY_DB9F0178
PAY_8CD2713E,ORD_05D6C786,MERCH_010,1353000,INR,CAPTURED,2026-08-27T11:01:47Z,REF-PAY_8CD2713E
PAY_9E3A4540,ORD_6004F213,MERCH_020,1057000,INR,CAPTURED,2026-08-04T06:23:10Z,REF-PAY_9E3A4540
PAY_0606D235,ORD_6004F213,MERCH_020,1057000,INR,CAPTURED,2026-08-04T06:23:10Z,REF-PAY_9E3A4540
PAY_9F4C72E7,ORD_5DF5E0AB,MERCH_030,1720200,INR,CAPTURED,2026-07-21T15:05:29Z,REF-PAY_9F4C72E7
PAY_A3899452,ORD_01BFFE22,MERCH_011,1203900,INR,CAPTURED,2026-07-05T00:25:20Z,REF-PAY_A3899452
PAY_B944F8C7,ORD_91C60807,MERCH_010,1568900,INR,CAPTURED,2026-07-14T14:26:40Z,REF-PAY_B944F8C7
PAY_D199AD3A,ORD_F31B67B5,MERCH_018,245400,INR,CAPTURED,2026-07-10T11:16:08Z,REF-PAY_D199AD3A
PAY_9203986A,ORD_2E37ED38,MERCH_040,545900,INR,CAPTURED,2026-08-25T23:51:55Z,REF-PAY_9203986A
PAY_E2C462E0,ORD_DB0B79EF,MERCH_008,928200,INR,CAPTURED,2026-08-05T02:05:40Z,REF-PAY_E2C462E0
PAY_3A53120F,ORD_07A9631D,MERCH_043,1126700,INR,CAPTURED,2026-07-26T12:49:25Z,REF-PAY_3A53120F
PAY_C406E206,ORD_12D991F3,MERCH_037,34400,INR,CAPTURED,2026-07-18T17:53:28Z,REF-PAY_C406E206
PAY_89D006B1,ORD_DFD24279,MERCH_044,1479600,INR,CAPTURED,2026-08-16T19:49:33Z,REF-PAY_89D006B1
PAY_ECA498F9,ORD_44E73319,MERCH_015,1127900,INR,CAPTURED,2026-08-11T07:59:19Z,REF-PAY_ECA498F9
PAY_EE17FCD3,ORD_39F094A9,MERCH_030,1309400,INR,CAPTURED,2026-07-04T08:47:00Z,REF-PAY_EE17FCD3
PAY_40D82040,ORD_7813ACB5,MERCH_042,290500,INR,CAPTURED,2026-07-01T05:22:52Z,REF-PAY_40D82040
PAY_C6B7A5E1,ORD_9B7D35D5,MERCH_018,238900,INR,CAPTURED,2026-07-08T03:30:12Z,REF-PAY_C6B7A5E1
PAY_A0C09746,ORD_4A2697C6,MERCH_012,1739700,INR,CAPTURED,2026-08-09T05:49:31Z,REF-PAY_A0C09746
PAY_B7145B5D,ORD_5F8EE8D3,MERCH_001,901000,INR,CAPTURED,2026-08-03T11:50:52Z,REF-PAY_B7145B5D
PAY_95E63CBF,ORD_6F7E6052,MERCH_005,838600,INR,CAPTURED,2026-07-24T01:13:36Z,REF-PAY_95E63CBF
PAY_EC2EC716,ORD_646B00F0,MERCH_041,210700,INR,CAPTURED,2026-08-16T21:19:10Z,REF-PAY_EC2EC716
PAY_84EA4B75,ORD_0ACAA1A0,MERCH_047,1065000,INR,CAPTURED,2026-08-26T04:26:28Z,REF-PAY_84EA4B75
PAY_92A5B900,ORD_F193A57F,MERCH_016,1673700,INR,CAPTURED,2026-08-09T05:32:25Z,REF-PAY_92A5B900
PAY_10B15751,ORD_C770D3AB,MERCH_006,793100,INR,CAPTURED,2026-08-20T01:57:41Z,REF-PAY_10B15751
PAY_3ED888C6,ORD_9B57536C,MERCH_049,521400,INR,CAPTURED,2026-07-16T18:41:11Z,REF-PAY_3ED888C6
PAY_B5A2B5AC,ORD_0BC0C105,MERCH_033,1875000,INR,CAPTURED,2026-08-26T06:23:58Z,REF-PAY_B5A2B5AC
PAY_88B68995,ORD_86E71CE7,MERCH_035,181000,INR,CAPTURED,2026-07-16T02:34:00Z,REF-PAY_88B68995
PAY_41E8C765,ORD_52A50F75,MERCH_034,879400,INR,CAPTURED,2026-08-15T05:52:28Z,REF-PAY_41E8C765
PAY_79087A24,ORD_E3203D3F,MERCH_035,920100,INR,CAPTURED,2026-08-14T11:05:38Z,REF-PAY_79087A24
PAY_2ED3A49C,ORD_4A594B2B,MERCH_011,426100,INR,CAPTURED,2026-07-25T00:31:13Z,REF-PAY_2ED3A49C
PAY_94672A8E,ORD_A707BCC3,MERCH_009,204800,INR,CAPTURED,2026-08-15T05:51:56Z,REF-PAY_94672A8E
PAY_8C3924B0,ORD_304AA746,MERCH_027,26800,INR,CAPTURED,2026-07-08T08:07:09Z,REF-PAY_8C3924B0
PAY_BFDA5819,ORD_57879BB2,MERCH_013,1614000,INR,CAPTURED,2026-08-14T01:56:39Z,REF-PAY_BFDA5819
PAY_8E50AB58,ORD_9F5737A2,MERCH_037,1326900,INR,CAPTURED,2026-08-23T20:27:18Z,REF-PAY_8E50AB58
PAY_2810748B,ORD_06129C16,MERCH_004,764900,INR,CAPTURED,2026-07-19T07:22:05Z,REF-PAY_2810748B
PAY_65D22358,ORD_7513BC88,MERCH_016,866700,INR,CAPTURED,2026-08-02T20:25:15Z,REF-PAY_65D22358
PAY_85E82C58,ORD_CBB62DE8,MERCH_001,1258000,INR,CAPTURED,2026-08-01T13:33:05Z,REF-PAY_85E82C58
PAY_A1337A73,ORD_0BE406BC,MERCH_019,1826700,INR,CAPTURED,2026-07-08T10:19:46Z,REF-PAY_A1337A73
PAY_31933BDF,ORD_8A6FB1B6,MERCH_036,1492200,INR,CAPTURED,2026-08-27T20:00:44Z,REF-PAY_31933BDF
PAY_9E040FD6,ORD_2257DBDB,MERCH_028,1856000,INR,CAPTURED,2026-07-23T20:46:27Z,REF-PAY_9E040FD6
PAY_4273B3F2,ORD_2257DBDB,MERCH_028,1856000,INR,CAPTURED,2026-07-23T20:46:27Z,REF-PAY_9E040FD6
PAY_09FDAC6E,ORD_705F1830,MERCH_009,808400,INR,CAPTURED,2026-07-04T05:29:32Z,REF-PAY_09FDAC6E
PAY_1D88B2A7,ORD_AAB42F84,MERCH_033,1107400,INR,CAPTURED,2026-08-24T00:17:34Z,REF-PAY_1D88B2A7
PAY_571DF94E,ORD_0909680D,MERCH_048,1885700,INR,CAPTURED,2026-07-06T14:28:54Z,REF-PAY_571DF94E
PAY_0CC493E6,ORD_69E777A9,MERCH_017,779700,INR,CAPTURED,2026-08-22T21:41:04Z,REF-PAY_0CC493E6
PAY_47D31D65,ORD_F95A5AC1,MERCH_001,1100500,INR,CAPTURED,2026-07-24T06:16:25Z,REF-PAY_47D31D65
PAY_16BBD379,ORD_F95A5AC1,MERCH_001,1100500,INR,CAPTURED,2026-07-24T06:16:25Z,REF-PAY_47D31D65
PAY_8CBC8723,ORD_DB0C5AB6,MERCH_023,1466000,INR,CAPTURED,2026-07-09T18:30:06Z,REF-PAY_8CBC8723
PAY_F96D1469,ORD_47736963,MERCH_012,1866000,INR,CAPTURED,2026-08-11T14:18:09Z,REF-PAY_F96D1469
PAY_2141BBA3,ORD_6E1064E0,MERCH_012,221700,INR,CAPTURED,2026-07-15T21:21:50Z,REF-PAY_2141BBA3
PAY_B712EC73,ORD_B1771517,MERCH_020,1418500,INR,CAPTURED,2026-07-05T13:18:53Z,REF-PAY_B712EC73
PAY_7BB2D68E,ORD_05DB51AA,MERCH_009,1609300,INR,CAPTURED,2026-07-29T12:03:06Z,REF-PAY_7BB2D68E
PAY_E11E3A15,ORD_4ECFFF0E,MERCH_021,1547000,INR,CAPTURED,2026-08-09T14:39:29Z,REF-PAY_E11E3A15
PAY_43E430B5,ORD_015A8F67,MERCH_043,871200,INR,CAPTURED,2026-07-23T18:33:50Z,REF-PAY_43E430B5
PAY_AAD29671,ORD_A72F9486,MERCH_037,1962400,INR,CAPTURED,2026-07-23T16:56:23Z,REF-PAY_AAD29671
PAY_FA039A60,ORD_6224F4B7,MERCH_001,1416900,INR,CAPTURED,2026-07-05T14:04:19Z,REF-PAY_FA039A60
PAY_DD385F96,ORD_EEF27861,MERCH_013,498400,INR,CAPTURED,2026-08-30T20:46:10Z,REF-PAY_DD385F96
PAY_03166212,ORD_A07F9467,MERCH_049,323500,INR,CAPTURED,2026-08-01T18:40:24Z,REF-PAY_03166212
PAY_1CE73770,ORD_F201E637,MERCH_023,1235900,INR,CAPTURED,2026-08-01T21:31:04Z,REF-PAY_1CE73770
PAY_4F568CBC,ORD_282DA6FD,MERCH_010,1150300,INR,CAPTURED,2026-07-21T17:00:24Z,REF-PAY_4F568CBC
PAY_A0C1F194,ORD_672B7993,MERCH_022,1162000,INR,CAPTURED,2026-07-11T15:31:16Z,REF-PAY_A0C1F194
PAY_8A059FAA,ORD_98F4D1A0,MERCH_045,367900,INR,CAPTURED,2026-07-05T05:33:35Z,REF-PAY_8A059FAA
PAY_F9D8170D,ORD_A2CCC4C7,MERCH_044,1802500,INR,CAPTURED,2026-07-10T18:52:51Z,REF-PAY_F9D8170D
PAY_2EF5490E,ORD_1066BA9E,MERCH_035,888500,INR,CAPTURED,2026-07-26T06:14:21Z,REF-PAY_2EF5490E
PAY_56F33618,ORD_1066BA9E,MERCH_035,888500,INR,CAPTURED,2026-07-26T06:14:21Z,REF-PAY_2EF5490E
PAY_40CC38BF,ORD_CD4F6618,MERCH_042,30000000,INR,CAPTURED,2026-07-20T07:31:28Z,REF-PAY_40CC38BF
PAY_4728D933,ORD_BFA6A32A,MERCH_040,558800,INR,CAPTURED,2026-07-11T17:48:21Z,REF-PAY_4728D933
PAY_CD13593F,ORD_3E05D616,MERCH_044,1209200,INR,CAPTURED,2026-07-18T12:19:04Z,REF-PAY_CD13593F
PAY_A57EDD1E,ORD_3E05D616,MERCH_044,1209200,INR,CAPTURED,2026-07-18T12:19:04Z,REF-PAY_CD13593F
PAY_70EFBB77,ORD_96A80713,MERCH_039,1125700,INR,CAPTURED,2026-07-05T19:33:10Z,REF-PAY_70EFBB77
PAY_9901B49B,ORD_F84CEA28,MERCH_033,1326000,INR,CAPTURED,2026-08-18T00:04:40Z,REF-PAY_9901B49B
PAY_2CBD31AF,ORD_6B055EA3,MERCH_011,240700,INR,CAPTURED,2026-08-05T18:38:11Z,REF-PAY_2CBD31AF
PAY_5F034FDD,ORD_EBE25653,MERCH_022,1365800,INR,CAPTURED,2026-09-01T17:36:51Z,REF-PAY_5F034FDD
PAY_0E69DDA4,ORD_8FD15B3F,MERCH_021,1969100,INR,CAPTURED,2026-07-14T19:15:47Z,REF-PAY_0E69DDA4
PAY_EF54A927,ORD_15F2C05F,MERCH_003,1400700,INR,CAPTURED,2026-07-22T17:17:29Z,REF-PAY_EF54A927
PAY_F57EA66D,ORD_835FA9FA,MERCH_029,1876800,INR,CAPTURED,2026-07-24T11:45:06Z,REF-PAY_F57EA66D
PAY_FFADB456,ORD_32A79465,MERCH_006,1184700,INR,CAPTURED,2026-08-19T03:26:28Z,REF-PAY_FFADB456
PAY_12027AE1,ORD_32A79465,MERCH_006,1184700,INR,CAPTURED,2026-08-19T03:26:28Z,REF-PAY_FFADB456
PAY_5AE5E4F1,ORD_2C6C050B,MERCH_014,690300,INR,CAPTURED,2026-08-08T21:37:24Z,REF-PAY_5AE5E4F1
PAY_E31C64FA,ORD_11BA7EE2,MERCH_011,1742100,INR,CAPTURED,2026-07-11T13:35:15Z,REF-PAY_E31C64FA
PAY_87F3681E,ORD_1BD38ABD,MERCH_041,1794700,INR,CAPTURED,2026-07-06T21:12:48Z,REF-PAY_87F3681E
PAY_181D7751,ORD_A0E96C5A,MERCH_002,60000000,INR,CAPTURED,2026-08-30T23:50:38Z,REF-PAY_181D7751
PAY_F1A50A78,ORD_1E782775,MERCH_024,63100,INR,CAPTURED,2026-08-26T00:21:23Z,REF-PAY_F1A50A78
PAY_6587F34E,ORD_0F763402,MERCH_041,42200,INR,CAPTURED,2026-08-03T05:43:02Z,REF-PAY_6587F34E
PAY_DA03804E,ORD_511C5FB6,MERCH_028,1837600,INR,CAPTURED,2026-07-20T11:06:16Z,REF-PAY_DA03804E
PAY_2032B759,ORD_EE21E476,MERCH_037,1005200,INR,CAPTURED,2026-07-16T09:59:16Z,REF-PAY_2032B759
PAY_32CEDDCA,ORD_1EDC5E75,MERCH_046,96700,INR,CAPTURED,2026-08-29T09:26:58Z,REF-PAY_32CEDDCA
PAY_6848630F,ORD_9F72DE85,MERCH_044,497500,INR,CAPTURED,2026-07-06T05:59:07Z,REF-PAY_6848630F
PAY_7513EE7F,ORD_E98DA04D,MERCH_044,1457200,INR,CAPTURED,2026-08-14T01:56:53Z,REF-PAY_7513EE7F
PAY_2FCDF97B,ORD_09CD6630,MERCH_037,1256500,INR,CAPTURED,2026-08-19T23:14:57Z,REF-PAY_2FCDF97B
PAY_26D9F4FF,ORD_FF7BE1A9,MERCH_021,1925400,INR,CAPTURED,2026-07-26T05:51:31Z,REF-PAY_26D9F4FF
PAY_3C3524C3,ORD_A2AAA66A,MERCH_009,1789900,INR,CAPTURED,2026-08-31T09:34:46Z,REF-PAY_3C3524C3
PAY_C32EAE92,ORD_C5E10F30,MERCH_018,511000,INR,CAPTURED,2026-08-07T20:43:15Z,REF-PAY_C32EAE92
PAY_2E34669C,ORD_31452E19,MERCH_035,80600,INR,CAPTURED,2026-08-25T22:25:34Z,REF-PAY_2E34669C
PAY_7C2C4E74,ORD_1484A1FA,MERCH_027,513000,INR,CAPTURED,2026-07-12T01:29:47Z,REF-PAY_7C2C4E74
PAY_1095E71D,ORD_7DA654B4,MERCH_029,1260000,INR,CAPTURED,2026-08-07T12:28:34Z,REF-PAY_1095E71D
PAY_E910D1B1,ORD_42291930,MERCH_040,1325100,INR,CAPTURED,2026-08-08T02:07:56Z,REF-PAY_E910D1B1
PAY_AEF77499,ORD_BB550733,MERCH_040,1418800,INR,CAPTURED,2026-08-28T13:22:11Z,REF-PAY_AEF77499
PAY_D5DDB2CB,ORD_52EA8181,MERCH_006,283200,INR,CAPTURED,2026-07-25T12:24:13Z,REF-PAY_D5DDB2CB
PAY_BD7072FC,ORD_1B9765A8,MERCH_034,893600,INR,CAPTURED,2026-08-20T22:50:35Z,REF-PAY_BD7072FC
PAY_9D3F33AF,ORD_5D41F17B,MERCH_030,1454000,INR,CAPTURED,2026-07-23T19:15:05Z,REF-PAY_9D3F33AF
PAY_7C526E43,ORD_4BF86C20,MERCH_019,1549400,INR,CAPTURED,2026-07-08T14:02:05Z,REF-PAY_7C526E43
PAY_7B1F8A68,ORD_4BF86C20,MERCH_019,1549400,INR,CAPTURED,2026-07-08T14:02:05Z,REF-PAY_7C526E43
PAY_6C5D59B4,ORD_8EE67240,MERCH_003,446200,INR,CAPTURED,2026-08-28T18:12:23Z,REF-PAY_6C5D59B4
PAY_2B1F448E,ORD_E2E518E1,MERCH_039,96100,INR,CAPTURED,2026-08-18T13:42:11Z,REF-PAY_2B1F448E
PAY_132DEE92,ORD_E2E518E1,MERCH_039,96100,INR,CAPTURED,2026-08-18T13:42:11Z,REF-PAY_2B1F448E
PAY_836E7937,ORD_523B07F5,MERCH_011,1947300,INR,CAPTURED,2026-08-20T09:05:16Z,REF-PAY_836E7937
PAY_33E220F8,ORD_89A2863D,MERCH_008,15000000,INR,CAPTURED,2026-07-16T00:47:28Z,REF-PAY_33E220F8
PAY_27007DE2,ORD_FD64CD13,MERCH_038,1343800,INR,CAPTURED,2026-08-25T08:26:15Z,REF-PAY_27007DE2
PAY_4C82610F,ORD_F630FD5F,MERCH_029,1072400,INR,CAPTURED,2026-08-17T13:39:11Z,REF-PAY_4C82610F
PAY_3BCA8D2A,ORD_B621CA57,MERCH_035,1507500,INR,CAPTURED,2026-07-12T07:23:07Z,REF-PAY_3BCA8D2A
PAY_3AD4BF17,ORD_BDD6F7B6,MERCH_036,812000,INR,CAPTURED,2026-07-16T14:05:14Z,REF-PAY_3AD4BF17
PAY_7C593A02,ORD_75A3B50A,MERCH_020,125500,INR,CAPTURED,2026-07-03T02:48:51Z,REF-PAY_7C593A02
PAY_C32D59F4,ORD_5F38D41B,MERCH_016,1681900,INR,CAPTURED,2026-08-06T10:34:03Z,REF-PAY_C32D59F4
PAY_D0A19927,ORD_8E0A0351,MERCH_028,1904800,INR,CAPTURED,2026-08-16T09:47:19Z,REF-PAY_D0A19927
PAY_F5809A79,ORD_D9FA3786,MERCH_027,433800,INR,CAPTURED,2026-07-23T11:04:38Z,REF-PAY_F5809A79
PAY_1141F4D9,ORD_6EA25F4E,MERCH_012,30000000,INR,CAPTURED,2026-08-09T05:35:01Z,REF-PAY_1141F4D9
PAY_EF6D244B,ORD_0E65F4BE,MERCH_039,1068000,INR,CAPTURED,2026-09-01T09:45:50Z,REF-PAY_EF6D244B
PAY_F5CD5397,ORD_7EC8E9CB,MERCH_014,504300,INR,CAPTURED,2026-07-10T07:09:29Z,REF-PAY_F5CD5397
PAY_D749A7F1,ORD_71614C5F,MERCH_033,735400,INR,CAPTURED,2026-07-02T11:38:23Z,REF-PAY_D749A7F1
PAY_8182E260,ORD_F0299514,MERCH_026,478600,INR,CAPTURED,2026-08-04T01:12:41Z,REF-PAY_8182E260
PAY_625DA1B3,ORD_9126E0F7,MERCH_018,693700,INR,CAPTURED,2026-07-25T11:32:18Z,REF-PAY_625DA1B3
PAY_3404E3A5,ORD_247A2F06,MERCH_011,497900,INR,CAPTURED,2026-08-03T12:17:13Z,REF-PAY_3404E3A5
PAY_7A56CA71,ORD_33852C29,MERCH_023,1612400,INR,CAPTURED,2026-08-31T09:49:16Z,REF-PAY_7A56CA71
PAY_A9268118,ORD_3AC28248,MERCH_012,853900,INR,CAPTURED,2026-08-03T20:16:12Z,REF-PAY_A9268118
PAY_7D8FC18E,ORD_9C6B564F,MERCH_039,343400,INR,CAPTURED,2026-08-22T07:55:41Z,REF-PAY_7D8FC18E
PAY_D0E2D53D,ORD_4272A6C4,MERCH_024,28700,INR,CAPTURED,2026-07-29T04:48:42Z,REF-PAY_D0E2D53D
PAY_08145D44,ORD_DB744303,MERCH_035,736000,INR,CAPTURED,2026-07-26T07:26:32Z,REF-PAY_08145D44
PAY_58E6F170,ORD_5DF16F3C,MERCH_045,1583500,INR,CAPTURED,2026-08-19T00:11:08Z,REF-PAY_58E6F170
PAY_1886F783,ORD_7920BBBE,MERCH_014,958700,INR,CAPTURED,2026-07-17T15:53:13Z,REF-PAY_1886F783
PAY_DFE320E1,ORD_4001AC9B,MERCH_028,124700,INR,CAPTURED,2026-08-30T09:20:47Z,REF-PAY_DFE320E1
PAY_01851DCA,ORD_7EA3CEC0,MERCH_034,727800,INR,CAPTURED,2026-08-18T04:09:30Z,REF-PAY_01851DCA
PAY_7EC8A279,ORD_7B1A2C89,MERCH_022,1837400,INR,CAPTURED,2026-07-03T04:53:46Z,REF-PAY_7EC8A279
PAY_C711CEB9,ORD_6AC5EBC0,MERCH_042,624800,INR,CAPTURED,2026-07-08T06:07:00Z,REF-PAY_C711CEB9
PAY_0BE5EA71,ORD_DA43F3F8,MERCH_010,264000,INR,CAPTURED,2026-07-03T04:45:34Z,REF-PAY_0BE5EA71
PAY_AECC88BA,ORD_AF9E263A,MERCH_042,945700,INR,CAPTURED,2026-08-24T03:36:34Z,REF-PAY_AECC88BA
PAY_1E0BA622,ORD_067CD582,MERCH_045,1012200,INR,CAPTURED,2026-08-20T00:28:04Z,REF-PAY_1E0BA622
PAY_651835E8,ORD_D14F6E8F,MERCH_006,582500,INR,CAPTURED,2026-07-08T20:05:24Z,REF-PAY_651835E8
PAY_E6D7034B,ORD_D14F6E8F,MERCH_006,582500,INR,CAPTURED,2026-07-08T20:05:24Z,REF-PAY_651835E8
PAY_4E5C682A,ORD_6E4DD269,MERCH_021,1652600,INR,CAPTURED,2026-08-22T23:53:05Z,REF-PAY_4E5C682A
PAY_84029D7E,ORD_037014A3,MERCH_022,168400,INR,CAPTURED,2026-08-05T09:28:40Z,REF-PAY_84029D7E
PAY_44770C51,ORD_EBC6F567,MERCH_028,1693200,INR,CAPTURED,2026-07-12T08:32:07Z,REF-PAY_44770C51
PAY_9CB9A4A3,ORD_44C73037,MERCH_027,1488100,INR,CAPTURED,2026-08-08T07:54:48Z,REF-PAY_9CB9A4A3
PAY_2D7AD648,ORD_9E9FAB0B,MERCH_008,601900,INR,CAPTURED,2026-07-02T07:33:32Z,REF-PAY_2D7AD648
PAY_2D295A05,ORD_9E9FAB0B,MERCH_008,601900,INR,CAPTURED,2026-07-02T07:33:32Z,REF-PAY_2D7AD648
PAY_50B2C1F8,ORD_2264EB80,MERCH_038,1013300,INR,CAPTURED,2026-07-20T21:38:04Z,REF-PAY_50B2C1F8
PAY_4A5E77C9,ORD_2A6FD2E7,MERCH_017,956900,INR,CAPTURED,2026-08-09T16:41:14Z,REF-PAY_4A5E77C9
PAY_1B530595,ORD_E2D3F93F,MERCH_042,560600,INR,CAPTURED,2026-08-08T19:36:33Z,REF-PAY_1B530595
PAY_36EAAAFC,ORD_B3EC8AD5,MERCH_046,295400,INR,CAPTURED,2026-07-18T20:26:34Z,REF-PAY_36EAAAFC
PAY_F9BC5989,ORD_E21CCFEA,MERCH_038,1089500,INR,CAPTURED,2026-07-04T18:34:14Z,REF-PAY_F9BC5989
PAY_112A5C27,ORD_DB898267,MERCH_035,1054800,INR,CAPTURED,2026-07-01T09:42:28Z,REF-PAY_112A5C27
PAY_EF15BACC,ORD_08E25266,MERCH_021,664300,INR,CAPTURED,2026-08-06T17:23:33Z,REF-PAY_EF15BACC
PAY_9E713893,ORD_70F179DF,MERCH_017,1963800,INR,CAPTURED,2026-07-20T13:15:56Z,REF-PAY_9E713893
PAY_2FB42A3D,ORD_15E3854E,MERCH_041,274300,INR,CAPTURED,2026-08-25T02:18:40Z,REF-PAY_2FB42A3D
PAY_51F3CAF3,ORD_81A3D0B0,MERCH_045,694900,INR,CAPTURED,2026-07-24T13:25:09Z,REF-PAY_51F3CAF3
PAY_16773898,ORD_0F951080,MERCH_010,1155300,INR,CAPTURED,2026-07-31T05:43:21Z,REF-PAY_16773898
PAY_6D5EE3A2,ORD_A6B19B1E,MERCH_027,738400,INR,CAPTURED,2026-08-08T07:43:16Z,REF-PAY_6D5EE3A2
PAY_F8F8978F,ORD_608568F0,MERCH_042,63700,INR,CAPTURED,2026-08-02T19:46:49Z,REF-PAY_F8F8978F
PAY_54BD3072,ORD_4F7987BA,MERCH_038,1598500,INR,CAPTURED,2026-08-16T09:08:58Z,REF-PAY_54BD3072
PAY_BCA42E0F,ORD_37A9747F,MERCH_015,340900,INR,CAPTURED,2026-07-15T07:48:34Z,REF-PAY_BCA42E0F
PAY_6BFA8752,ORD_2A227E83,MERCH_036,798600,INR,CAPTURED,2026-08-29T12:32:59Z,REF-PAY_6BFA8752
PAY_9BE61EA0,ORD_96C0D828,MERCH_049,1416200,INR,CAPTURED,2026-08-29T05:38:17Z,REF-PAY_9BE61EA0
PAY_E90DE378,ORD_3B627152,MERCH_037,1409200,INR,CAPTURED,2026-07-21T07:58:56Z,REF-PAY_E90DE378
PAY_76B92834,ORD_FB214E24,MERCH_011,388000,INR,CAPTURED,2026-07-18T14:17:33Z,REF-PAY_76B92834
PAY_D968B4D2,ORD_DFCAA162,MERCH_016,436800,INR,CAPTURED,2026-08-23T17:22:22Z,REF-PAY_D968B4D2
PAY_434DCFAD,ORD_E4CF83A3,MERCH_038,1746600,INR,CAPTURED,2026-08-14T08:29:59Z,REF-PAY_434DCFAD
PAY_C39BC468,ORD_F128BFB8,MERCH_040,1593100,INR,CAPTURED,2026-07-13T14:58:27Z,REF-PAY_C39BC468
PAY_7B32C8F7,ORD_18BFB442,MERCH_042,1115900,INR,CAPTURED,2026-08-26T00:21:08Z,REF-PAY_7B32C8F7
PAY_743636ED,ORD_D7FF050C,MERCH_016,679000,INR,CAPTURED,2026-08-06T21:44:17Z,REF-PAY_743636ED
PAY_86FBACC3,ORD_ECFBD47D,MERCH_036,1630200,INR,CAPTURED,2026-08-23T08:17:59Z,REF-PAY_86FBACC3
PAY_DA625D08,ORD_D4026A24,MERCH_018,1843100,INR,CAPTURED,2026-07-14T02:11:15Z,REF-PAY_DA625D08
PAY_FEAB03B2,ORD_56AEF4B4,MERCH_023,917700,INR,CAPTURED,2026-07-29T11:25:19Z,REF-PAY_FEAB03B2
PAY_B261AF5B,ORD_43F3F172,MERCH_024,1391600,INR,CAPTURED,2026-08-07T02:03:56Z,REF-PAY_B261AF5B
PAY_FA5E27C4,ORD_494AA50A,MERCH_044,797700,INR,CAPTURED,2026-08-09T16:29:40Z,REF-PAY_FA5E27C4
PAY_6ECED4C8,ORD_07E5CE3C,MERCH_041,1875100,INR,CAPTURED,2026-07-30T16:14:15Z,REF-PAY_6ECED4C8
PAY_799032B1,ORD_07E5CE3C,MERCH_041,1875100,INR,CAPTURED,2026-07-30T16:14:15Z,REF-PAY_6ECED4C8
PAY_46B8F49B,ORD_C5698893,MERCH_033,533800,INR,CAPTURED,2026-07-23T03:08:05Z,REF-PAY_46B8F49B
PAY_79315059,ORD_6CCDE281,MERCH_039,1653800,INR,CAPTURED,2026-08-20T06:00:44Z,REF-PAY_79315059
PAY_C10F8DFC,ORD_B579475B,MERCH_035,1979200,INR,CAPTURED,2026-09-01T08:18:53Z,REF-PAY_C10F8DFC
PAY_A206D2AF,ORD_BEFEFDE9,MERCH_028,46700,INR,CAPTURED,2026-08-08T00:55:59Z,REF-PAY_A206D2AF
PAY_EA792535,ORD_3002E183,MERCH_019,1974900,INR,CAPTURED,2026-07-20T05:22:40Z,REF-PAY_EA792535
PAY_4DB689FE,ORD_1A1F1729,MERCH_002,461500,INR,CAPTURED,2026-08-17T16:06:25Z,REF-PAY_4DB689FE
PAY_8B332D8E,ORD_062AC5C9,MERCH_046,1772700,INR,CAPTURED,2026-08-22T23:59:09Z,REF-PAY_8B332D8E
PAY_C6B33EBD,ORD_7E46ABBD,MERCH_037,1363300,INR,CAPTURED,2026-08-24T08:23:33Z,REF-PAY_C6B33EBD
PAY_5140B5BA,ORD_C1196F5B,MERCH_002,148800,INR,CAPTURED,2026-07-09T03:50:32Z,REF-PAY_5140B5BA
PAY_FA523A5C,ORD_A48171E0,MERCH_005,480300,INR,CAPTURED,2026-07-28T12:35:36Z,REF-PAY_FA523A5C
PAY_E0701E5F,ORD_F889874B,MERCH_033,563700,INR,CAPTURED,2026-08-19T22:36:32Z,REF-PAY_E0701E5F
PAY_F8AB97DD,ORD_125DD36D,MERCH_031,1419900,INR,CAPTURED,2026-07-24T00:54:24Z,REF-PAY_F8AB97DD
PAY_5364FAF9,ORD_DE1B3754,MERCH_012,1002500,INR,CAPTURED,2026-08-24T10:42:55Z,REF-PAY_5364FAF9
PAY_68BB6FE9,ORD_CC1D10FB,MERCH_011,1423300,INR,CAPTURED,2026-07-23T21:15:28Z,REF-PAY_68BB6FE9
PAY_FDF215D7,ORD_CF165B9F,MERCH_034,506200,INR,CAPTURED,2026-07-27T02:07:07Z,REF-PAY_FDF215D7
PAY_42538253,ORD_1E0EB37C,MERCH_011,5500000,INR,CAPTURED,2026-07-05T06:02:00Z,REF-PAY_42538253
PAY_D29DF46B,ORD_16FD9056,MERCH_043,701800,INR,CAPTURED,2026-08-12T02:57:52Z,REF-PAY_D29DF46B
PAY_9BEED9E9,ORD_FFFF8B89,MERCH_030,445700,INR,CAPTURED,2026-08-19T22:38:01Z,REF-PAY_9BEED9E9
PAY_660C9686,ORD_8850A912,MERCH_011,1296100,INR,CAPTURED,2026-08-03T05:49:02Z,REF-PAY_660C9686
PAY_C96CFB9B,ORD_8850A912,MERCH_011,1296100,INR,CAPTURED,2026-08-03T05:49:02Z,REF-PAY_660C9686
PAY_3C4AECBC,ORD_6579AA0D,MERCH_010,1692900,INR,CAPTURED,2026-07-07T15:51:58Z,REF-PAY_3C4AECBC
PAY_626A103D,ORD_9A5B2315,MERCH_009,1015300,INR,CAPTURED,2026-07-05T02:56:47Z,REF-PAY_626A103D
PAY_125E180C,ORD_C74DE6A7,MERCH_044,1104500,INR,CAPTURED,2026-07-08T17:07:45Z,REF-PAY_125E180C
PAY_8F769246,ORD_1AF2E1BF,MERCH_022,1680300,INR,CAPTURED,2026-08-26T00:49:07Z,REF-PAY_8F769246
PAY_95C31FC6,ORD_4ADF3BD3,MERCH_023,1299600,INR,CAPTURED,2026-07-30T19:17:59Z,REF-PAY_95C31FC6
PAY_203D4F27,ORD_2C7D06E4,MERCH_020,1610500,INR,CAPTURED,2026-07-29T18:25:48Z,REF-PAY_203D4F27
PAY_B7E8C6C4,ORD_63CE8F7A,MERCH_031,38800,INR,CAPTURED,2026-08-26T06:04:17Z,REF-PAY_B7E8C6C4
PAY_D861003D,ORD_740ACF3C,MERCH_042,1459200,INR,CAPTURED,2026-08-01T05:42:27Z,REF-PAY_D861003D
PAY_92F2F93B,ORD_D151FA8A,MERCH_046,1342900,INR,CAPTURED,2026-07-04T04:31:46Z,REF-PAY_92F2F93B
PAY_5099FF82,ORD_CDE45324,MERCH_045,572900,INR,CAPTURED,2026-08-21T06:13:45Z,REF-PAY_5099FF82
PAY_EFACF07E,ORD_3C8EC5A6,MERCH_011,650900,INR,CAPTURED,2026-07-23T03:26:15Z,REF-PAY_EFACF07E
PAY_DC28131E,ORD_3C8EC5A6,MERCH_011,650900,INR,CAPTURED,2026-07-23T03:26:15Z,REF-PAY_EFACF07E
PAY_BC047F75,ORD_9B640827,MERCH_014,1271900,INR,CAPTURED,2026-07-28T16:38:14Z,REF-PAY_BC047F75
PAY_7FDB22EE,ORD_D923C4F9,MERCH_019,1528600,INR,CAPTURED,2026-07-27T02:22:58Z,REF-PAY_7FDB22EE
PAY_A49ADC3C,ORD_BE2A67DD,MERCH_044,562600,INR,CAPTURED,2026-07-21T07:02:12Z,REF-PAY_A49ADC3C
PAY_C161093C,ORD_DB4322CA,MERCH_044,248800,INR,CAPTURED,2026-07-01T21:00:15Z,REF-PAY_C161093C
PAY_139F7643,ORD_D59F1220,MERCH_015,1885000,INR,CAPTURED,2026-08-19T19:08:57Z,REF-PAY_139F7643
PAY_376DA40E,ORD_57EA49D1,MERCH_027,1853900,INR,CAPTURED,2026-07-18T18:20:47Z,REF-PAY_376DA40E
PAY_C2E4B8E3,ORD_33A20A36,MERCH_007,30000000,INR,CAPTURED,2026-07-04T06:29:41Z,REF-PAY_C2E4B8E3
PAY_D462F439,ORD_F4F38BB6,MERCH_003,1421000,INR,CAPTURED,2026-07-28T23:10:19Z,REF-PAY_D462F439
PAY_87470F30,ORD_0FD20E1A,MERCH_027,1954700,INR,CAPTURED,2026-08-30T09:24:22Z,REF-PAY_87470F30
PAY_09A51048,ORD_3BE10EF2,MERCH_029,1079100,INR,CAPTURED,2026-08-16T00:25:06Z,REF-PAY_09A51048
PAY_070C9089,ORD_99824AC4,MERCH_013,1211200,INR,CAPTURED,2026-07-12T11:45:14Z,REF-PAY_070C9089
PAY_EBD06CA2,ORD_A321508E,MERCH_007,1271400,INR,CAPTURED,2026-07-05T10:23:05Z,REF-PAY_EBD06CA2
PAY_2C3C7DCC,ORD_E2F17683,MERCH_026,175100,INR,CAPTURED,2026-07-31T07:30:44Z,REF-PAY_2C3C7DCC
PAY_9E5E6126,ORD_436607C3,MERCH_029,5500000,INR,CAPTURED,2026-07-10T12:51:09Z,REF-PAY_9E5E6126
PAY_B95D0241,ORD_F21257C3,MERCH_010,992400,INR,CAPTURED,2026-08-17T14:54:14Z,REF-PAY_B95D0241
PAY_EFAD32B9,ORD_4F6C247E,MERCH_030,1362200,INR,CAPTURED,2026-08-03T10:47:58Z,REF-PAY_EFAD32B9
PAY_37ED1892,ORD_4F6C247E,MERCH_030,1362200,INR,CAPTURED,2026-08-03T10:47:58Z,REF-PAY_EFAD32B9
PAY_3D6D7444,ORD_A0F4AE92,MERCH_044,1603000,INR,CAPTURED,2026-07-02T18:34:14Z,REF-PAY_3D6D7444
PAY_2EF42582,ORD_5A352D52,MERCH_007,1749100,INR,CAPTURED,2026-07-04T06:53:49Z,REF-PAY_2EF42582
PAY_C0568E8C,ORD_0FFB9B3D,MERCH_049,40600,INR,CAPTURED,2026-08-01T18:38:26Z,REF-PAY_C0568E8C
PAY_C4CEFF31,ORD_62D46DB3,MERCH_028,683300,INR,CAPTURED,2026-08-11T22:56:09Z,REF-PAY_C4CEFF31
PAY_057355D4,ORD_64DBD78B,MERCH_030,1727600,INR,CAPTURED,2026-07-19T06:59:54Z,REF-PAY_057355D4
PAY_4903A1A2,ORD_A2694BCE,MERCH_026,987100,INR,CAPTURED,2026-08-31T17:42:49Z,REF-PAY_4903A1A2
PAY_D1064AB5,ORD_B5D0F3BC,MERCH_045,558000,INR,CAPTURED,2026-07-25T21:20:20Z,REF-PAY_D1064AB5
PAY_FB33F81A,ORD_E03E1619,MERCH_013,1039100,INR,CAPTURED,2026-08-02T15:58:44Z,REF-PAY_FB33F81A
PAY_400042C1,ORD_12436BCB,MERCH_049,412400,INR,CAPTURED,2026-07-02T07:57:59Z,REF-PAY_400042C1
PAY_3FEE2A3F,ORD_E7F156B8,MERCH_006,1010200,INR,CAPTURED,2026-07-07T09:34:19Z,REF-PAY_3FEE2A3F
PAY_E7A46088,ORD_94C213AD,MERCH_048,440300,INR,CAPTURED,2026-07-07T05:24:00Z,REF-PAY_E7A46088
PAY_5B544FEC,ORD_5ABC7C76,MERCH_027,1167200,INR,CAPTURED,2026-08-20T12:37:18Z,REF-PAY_5B544FEC
PAY_B7AD602A,ORD_5ABC7C76,MERCH_027,1167200,INR,CAPTURED,2026-08-20T12:37:18Z,REF-PAY_5B544FEC
PAY_A135E50D,ORD_A0528140,MERCH_011,1452700,INR,CAPTURED,2026-07-14T13:56:47Z,REF-PAY_A135E50D
PAY_EACC57A6,ORD_05277AA1,MERCH_019,1265600,INR,CAPTURED,2026-07-15T04:03:20Z,REF-PAY_EACC57A6
PAY_2FC36804,ORD_81B1DD5D,MERCH_030,15000000,INR,CAPTURED,2026-08-05T09:42:08Z,REF-PAY_2FC36804
PAY_D42522CF,ORD_16D66AC4,MERCH_037,986700,INR,CAPTURED,2026-08-11T21:34:31Z,REF-PAY_D42522CF
PAY_A8D61125,ORD_DFF5D5A8,MERCH_042,1530700,INR,CAPTURED,2026-07-27T21:04:10Z,REF-PAY_A8D61125
PAY_F87BC52D,ORD_6A11BB63,MERCH_027,1878500,INR,CAPTURED,2026-08-19T12:48:19Z,REF-PAY_F87BC52D
PAY_60DDFAED,ORD_A541F8D2,MERCH_048,586300,INR,CAPTURED,2026-07-11T16:45:34Z,REF-PAY_60DDFAED
PAY_41021FAC,ORD_BB437887,MERCH_013,1680100,INR,CAPTURED,2026-08-04T13:13:46Z,REF-PAY_41021FAC
PAY_337077F5,ORD_C1F012D7,MERCH_033,733400,INR,CAPTURED,2026-08-06T14:00:33Z,REF-PAY_337077F5
PAY_1A31F637,ORD_1A4E9246,MERCH_049,1141400,INR,CAPTURED,2026-08-03T06:58:45Z,REF-PAY_1A31F637
PAY_FD9FCE13,ORD_903B11CF,MERCH_027,166100,INR,CAPTURED,2026-07-27T05:56:36Z,REF-PAY_FD9FCE13
PAY_11EEC564,ORD_6BC14B16,MERCH_005,1260900,INR,CAPTURED,2026-08-05T11:49:24Z,REF-PAY_11EEC564
PAY_28F55532,ORD_3C1BD9C2,MERCH_003,1254700,INR,CAPTURED,2026-08-14T04:54:45Z,REF-PAY_28F55532
PAY_0FC04A60,ORD_0BA2F733,MERCH_046,1072800,INR,CAPTURED,2026-08-23T17:16:37Z,REF-PAY_0FC04A60
PAY_0A1A45F9,ORD_246DA0FE,MERCH_046,1329700,INR,CAPTURED,2026-07-22T21:22:10Z,REF-PAY_0A1A45F9
PAY_82EAB03B,ORD_11F1A218,MERCH_001,15000000,INR,CAPTURED,2026-08-08T21:27:31Z,REF-PAY_82EAB03B
PAY_6EE4474C,ORD_8851D638,MERCH_014,1304500,INR,CAPTURED,2026-07-30T10:53:36Z,REF-PAY_6EE4474C
PAY_FE979EFC,ORD_97FF19B9,MERCH_045,319100,INR,CAPTURED,2026-08-20T15:33:06Z,REF-PAY_FE979EFC
PAY_6D1DA28C,ORD_DBA5BC70,MERCH_016,1623400,INR,CAPTURED,2026-09-01T17:55:08Z,REF-PAY_6D1DA28C
PAY_2789D31E,ORD_F2A7FF04,MERCH_030,1385900,INR,CAPTURED,2026-08-01T05:19:06Z,REF-PAY_2789D31E
PAY_8D7D0EED,ORD_4E815E89,MERCH_011,1267900,INR,CAPTURED,2026-08-29T00:12:35Z,REF-PAY_8D7D0EED
PAY_7F2E87B2,ORD_D0643B1A,MERCH_033,679200,INR,CAPTURED,2026-08-07T06:36:33Z,REF-PAY_7F2E87B2
PAY_D1708FE2,ORD_8A8A52A5,MERCH_037,162400,INR,CAPTURED,2026-07-29T08:13:21Z,REF-PAY_D1708FE2
PAY_7157521D,ORD_3A5B18C4,MERCH_032,1723200,INR,CAPTURED,2026-07-09T16:40:13Z,REF-PAY_7157521D
PAY_3E361544,ORD_DE4BC31C,MERCH_031,446500,INR,CAPTURED,2026-07-24T14:08:12Z,REF-PAY_3E361544
PAY_58AFFE27,ORD_0D35E784,MERCH_033,514600,INR,CAPTURED,2026-08-02T19:35:22Z,REF-PAY_58AFFE27
PAY_76E19BD7,ORD_2D73F605,MERCH_004,1985800,INR,CAPTURED,2026-07-30T17:33:11Z,REF-PAY_76E19BD7
PAY_939F03DE,ORD_30042C25,MERCH_011,1567200,INR,CAPTURED,2026-08-04T04:30:11Z,REF-PAY_939F03DE
PAY_7A17EFEB,ORD_3E02983B,MERCH_015,638200,INR,CAPTURED,2026-07-27T21:48:05Z,REF-PAY_7A17EFEB
PAY_C42DC791,ORD_53F4566B,MERCH_009,519500,INR,CAPTURED,2026-07-01T09:52:20Z,REF-PAY_C42DC791
PAY_6EDCB944,ORD_4BD985D8,MERCH_049,1031600,INR,CAPTURED,2026-07-23T20:44:02Z,REF-PAY_6EDCB944
PAY_16BD526E,ORD_0C90D637,MERCH_026,1707400,INR,CAPTURED,2026-07-16T02:25:57Z,REF-PAY_16BD526E
PAY_A02E3BFB,ORD_A8C8BF0E,MERCH_016,1749800,INR,CAPTURED,2026-07-29T22:30:16Z,REF-PAY_A02E3BFB
PAY_765A96E2,ORD_93847BBF,MERCH_039,324400,INR,CAPTURED,2026-07-06T17:57:14Z,REF-PAY_765A96E2
PAY_1F6DCDFE,ORD_AF4EC57D,MERCH_039,1405800,INR,CAPTURED,2026-08-16T04:50:15Z,REF-PAY_1F6DCDFE
PAY_4625E64E,ORD_502D24AD,MERCH_045,104700,INR,CAPTURED,2026-07-02T14:47:50Z,REF-PAY_4625E64E
PAY_A43933BB,ORD_AD8846AB,MERCH_004,1013000,INR,CAPTURED,2026-07-30T01:03:50Z,REF-PAY_A43933BB
PAY_B7856A36,ORD_E6EA149E,MERCH_011,111500,INR,CAPTURED,2026-08-06T19:06:26Z,REF-PAY_B7856A36
PAY_612086A0,ORD_15C3BAAB,MERCH_022,485300,INR,CAPTURED,2026-07-17T21:40:15Z,REF-PAY_612086A0
PAY_D4E9D37B,ORD_0CD13B44,MERCH_021,1181100,INR,CAPTURED,2026-08-17T02:57:37Z,REF-PAY_D4E9D37B
PAY_E228C0BC,ORD_3101A5CD,MERCH_007,875500,INR,CAPTURED,2026-07-01T10:11:23Z,REF-PAY_E228C0BC
PAY_86D48C4A,ORD_589E09AF,MERCH_045,296400,INR,CAPTURED,2026-08-13T14:10:27Z,REF-PAY_86D48C4A
PAY_F6753F92,ORD_794F9B4B,MERCH_035,1736700,INR,CAPTURED,2026-08-19T08:54:42Z,REF-PAY_F6753F92
PAY_95D1FA37,ORD_EDD4F9F2,MERCH_040,823700,INR,CAPTURED,2026-07-16T17:48:24Z,REF-PAY_95D1FA37
PAY_52B0870F,ORD_97F4DBCF,MERCH_020,356000,INR,CAPTURED,2026-07-26T23:54:17Z,REF-PAY_52B0870F
PAY_819CCDB7,ORD_83824DE9,MERCH_049,227200,INR,CAPTURED,2026-08-15T22:18:54Z,REF-PAY_819CCDB7
PAY_0CA16C73,ORD_5A648723,MERCH_049,1992600,INR,CAPTURED,2026-08-08T17:47:25Z,REF-PAY_0CA16C73
PAY_29017DCB,ORD_E09F4057,MERCH_037,1856400,INR,CAPTURED,2026-08-06T15:57:21Z,REF-PAY_29017DCB
PAY_7B09D119,ORD_B2EC3F06,MERCH_022,1936700,INR,CAPTURED,2026-07-21T07:47:38Z,REF-PAY_7B09D119
PAY_F3F22C23,ORD_6C6ED563,MERCH_009,1315300,INR,CAPTURED,2026-08-21T05:16:05Z,REF-PAY_F3F22C23
PAY_1CBD56BF,ORD_76D7A4E6,MERCH_047,311500,INR,CAPTURED,2026-07-03T08:46:54Z,REF-PAY_1CBD56BF
PAY_96816874,ORD_F2E90264,MERCH_036,25700,INR,CAPTURED,2026-08-11T13:24:45Z,REF-PAY_96816874
PAY_C2E3C846,ORD_3B617AD5,MERCH_042,1889300,INR,CAPTURED,2026-08-11T23:28:16Z,REF-PAY_C2E3C846
PAY_267660ED,ORD_479CECE7,MERCH_017,1424900,INR,CAPTURED,2026-08-20T14:04:53Z,REF-PAY_267660ED
PAY_75FF95F5,ORD_B56776B7,MERCH_036,60000000,INR,CAPTURED,2026-08-11T01:45:05Z,REF-PAY_75FF95F5
PAY_0F6829B1,ORD_82E2B740,MERCH_034,14100,INR,CAPTURED,2026-08-14T18:46:35Z,REF-PAY_0F6829B1
PAY_A6BB0398,ORD_82E2B740,MERCH_034,14100,INR,CAPTURED,2026-08-14T18:46:35Z,REF-PAY_0F6829B1
PAY_BCCECC0F,ORD_F1D2AF13,MERCH_036,966800,INR,CAPTURED,2026-08-10T09:38:37Z,REF-PAY_BCCECC0F
PAY_405453F7,ORD_1AD50872,MERCH_028,921600,INR,CAPTURED,2026-08-08T22:18:40Z,REF-PAY_405453F7
PAY_E7A69E17,ORD_8B84D417,MERCH_018,1194900,INR,CAPTURED,2026-08-25T09:49:03Z,REF-PAY_E7A69E17
PAY_F6B934FE,ORD_7C9B44A2,MERCH_048,159800,INR,CAPTURED,2026-08-30T05:24:49Z,REF-PAY_F6B934FE
PAY_5E857446,ORD_5481A7CE,MERCH_030,1653600,INR,CAPTURED,2026-08-31T07:30:52Z,REF-PAY_5E857446
PAY_348C6D4F,ORD_67F27A5F,MERCH_027,308600,INR,CAPTURED,2026-08-27T09:45:19Z,REF-PAY_348C6D4F
PAY_D6B15D9B,ORD_92B57153,MERCH_033,1183900,INR,CAPTURED,2026-07-19T14:16:12Z,REF-PAY_D6B15D9B
PAY_B114900E,ORD_91049370,MERCH_027,1087000,INR,CAPTURED,2026-08-02T13:48:30Z,REF-PAY_B114900E
PAY_48EA3B1D,ORD_31EAD811,MERCH_007,520700,INR,CAPTURED,2026-07-04T02:58:54Z,REF-PAY_48EA3B1D
PAY_981A151B,ORD_6E930D50,MERCH_001,129200,INR,CAPTURED,2026-08-22T03:32:49Z,REF-PAY_981A151B
PAY_C45F0B72,ORD_F1FDBA83,MERCH_047,1038000,INR,CAPTURED,2026-07-15T13:33:59Z,REF-PAY_C45F0B72
PAY_7E72203D,ORD_7B19A300,MERCH_027,1674700,INR,CAPTURED,2026-07-02T18:53:44Z,REF-PAY_7E72203D
PAY_ED41B838,ORD_AEE13A76,MERCH_027,395000,INR,CAPTURED,2026-07-11T18:52:29Z,REF-PAY_ED41B838
PAY_D0E348DC,ORD_11BC9259,MERCH_047,1736800,INR,CAPTURED,2026-07-28T06:18:49Z,REF-PAY_D0E348DC
PAY_96A0C7EC,ORD_C2E323A9,MERCH_009,1088800,INR,CAPTURED,2026-07-21T18:33:51Z,REF-PAY_96A0C7EC
PAY_B1F122C7,ORD_A2318D72,MERCH_017,629000,INR,CAPTURED,2026-08-07T06:40:20Z,REF-PAY_B1F122C7
PAY_76FD93DD,ORD_BC3CB9F9,MERCH_041,1778600,INR,CAPTURED,2026-07-06T18:02:06Z,REF-PAY_76FD93DD
PAY_3A8758D1,ORD_00BF910F,MERCH_036,1817300,INR,CAPTURED,2026-08-16T14:49:29Z,REF-PAY_3A8758D1
PAY_7FB40075,ORD_80695710,MERCH_013,190400,INR,CAPTURED,2026-07-16T00:07:39Z,REF-PAY_7FB40075
PAY_07C79B91,ORD_D5FE3D4A,MERCH_031,1444500,INR,CAPTURED,2026-09-01T05:43:43Z,REF-PAY_07C79B91
PAY_D73EE4B9,ORD_D5FE3D4A,MERCH_031,1444500,INR,CAPTURED,2026-09-01T05:43:43Z,REF-PAY_07C79B91
PAY_92306918,ORD_68F01099,MERCH_041,399700,INR,CAPTURED,2026-08-31T11:42:03Z,REF-PAY_92306918
PAY_673AAFC2,ORD_68F01099,MERCH_041,399700,INR,CAPTURED,2026-08-31T11:42:03Z,REF-PAY_92306918
PAY_45EC1633,ORD_F1A7F7EC,MERCH_015,465500,INR,CAPTURED,2026-08-30T01:07:29Z,REF-PAY_45EC1633
PAY_AE97B48D,ORD_53C03159,MERCH_016,1579200,INR,CAPTURED,2026-07-07T15:42:57Z,REF-PAY_AE97B48D
PAY_97B8ACE3,ORD_628ECF76,MERCH_014,1812700,INR,CAPTURED,2026-08-29T08:14:07Z,REF-PAY_97B8ACE3
PAY_5F25921F,ORD_7016DA44,MERCH_003,1321500,INR,CAPTURED,2026-08-09T17:41:07Z,REF-PAY_5F25921F
PAY_9BE8DA6B,ORD_7A3E1925,MERCH_020,1778800,INR,CAPTURED,2026-08-05T05:11:25Z,REF-PAY_9BE8DA6B
PAY_E92F76B3,ORD_7A3E1925,MERCH_020,1778800,INR,CAPTURED,2026-08-05T05:11:25Z,REF-PAY_9BE8DA6B
PAY_F3D7039F,ORD_51B04518,MERCH_015,451800,INR,CAPTURED,2026-08-22T00:30:56Z,REF-PAY_F3D7039F
PAY_F7B793D6,ORD_51B04518,MERCH_015,451800,INR,CAPTURED,2026-08-22T00:30:56Z,REF-PAY_F3D7039F
PAY_AD4FCB4D,ORD_BF131E32,MERCH_027,1592200,INR,CAPTURED,2026-07-06T22:33:21Z,REF-PAY_AD4FCB4D
PAY_98BE2D4A,ORD_BF131E32,MERCH_027,1592200,INR,CAPTURED,2026-07-06T22:33:21Z,REF-PAY_AD4FCB4D
PAY_ABB8EF2D,ORD_1E13C3AD,MERCH_040,263300,INR,CAPTURED,2026-07-30T15:45:35Z,REF-PAY_ABB8EF2D
PAY_7BEEDE30,ORD_0407D7EB,MERCH_035,381300,INR,CAPTURED,2026-08-23T14:31:50Z,REF-PAY_7BEEDE30
PAY_A85ABBB6,ORD_208569EF,MERCH_033,1304200,INR,CAPTURED,2026-08-14T15:01:31Z,REF-PAY_A85ABBB6
PAY_0D14024C,ORD_6454FBAF,MERCH_026,517800,INR,CAPTURED,2026-08-11T12:03:44Z,REF-PAY_0D14024C
PAY_066C484E,ORD_DCFD98B4,MERCH_016,1124900,INR,CAPTURED,2026-07-10T20:29:15Z,REF-PAY_066C484E
PAY_B854BDC8,ORD_350B8A10,MERCH_042,1027100,INR,CAPTURED,2026-07-03T19:29:29Z,REF-PAY_B854BDC8
PAY_7AC54A84,ORD_F6096D2B,MERCH_040,708000,INR,CAPTURED,2026-08-16T23:56:15Z,REF-PAY_7AC54A84
PAY_D0900E27,ORD_22D15FFF,MERCH_029,1574600,INR,CAPTURED,2026-07-04T05:28:20Z,REF-PAY_D0900E27
PAY_34BCD1B9,ORD_ECF9A400,MERCH_033,232100,INR,CAPTURED,2026-07-13T17:37:26Z,REF-PAY_34BCD1B9
PAY_67AF9D2D,ORD_23FFFC37,MERCH_022,156300,INR,CAPTURED,2026-08-28T05:46:10Z,REF-PAY_67AF9D2D
PAY_5E81F602,ORD_EBCE10E7,MERCH_014,809800,INR,CAPTURED,2026-07-09T17:04:10Z,REF-PAY_5E81F602
PAY_AD7C9E71,ORD_ABA98B1B,MERCH_014,1188500,INR,CAPTURED,2026-07-08T01:00:30Z,REF-PAY_AD7C9E71
PAY_A5352057,ORD_01C93B9E,MERCH_043,1720500,INR,CAPTURED,2026-08-15T23:18:04Z,REF-PAY_A5352057
PAY_F12854AB,ORD_64E5D960,MERCH_037,1585600,INR,CAPTURED,2026-07-12T05:14:15Z,REF-PAY_F12854AB
PAY_505B673E,ORD_1C7E80C6,MERCH_016,700600,INR,CAPTURED,2026-07-17T20:08:46Z,REF-PAY_505B673E
PAY_ECFF961A,ORD_F1ED366F,MERCH_034,1741200,INR,CAPTURED,2026-07-16T15:38:31Z,REF-PAY_ECFF961A
PAY_8603F2C8,ORD_393DFAD8,MERCH_001,296900,INR,CAPTURED,2026-07-28T16:03:03Z,REF-PAY_8603F2C8
PAY_0EB3D0D8,ORD_5E7EA986,MERCH_013,1071900,INR,CAPTURED,2026-07-07T08:13:34Z,REF-PAY_0EB3D0D8
PAY_D88BFB30,ORD_5E7EA986,MERCH_013,1071900,INR,CAPTURED,2026-07-07T08:13:34Z,REF-PAY_0EB3D0D8
PAY_3BCA4963,ORD_6C595E3A,MERCH_030,1264100,INR,CAPTURED,2026-07-27T01:53:24Z,REF-PAY_3BCA4963
PAY_71A3A3C8,ORD_D7F9B47F,MERCH_036,288400,INR,CAPTURED,2026-07-03T15:09:03Z,REF-PAY_71A3A3C8
PAY_B2300723,ORD_5E0A7413,MERCH_016,1279500,INR,CAPTURED,2026-07-19T05:12:17Z,REF-PAY_B2300723
PAY_E19B58BF,ORD_B908EC24,MERCH_033,1904000,INR,CAPTURED,2026-07-29T19:34:18Z,REF-PAY_E19B58BF
PAY_65F29B7F,ORD_A838FA52,MERCH_035,1640800,INR,CAPTURED,2026-07-23T10:34:20Z,REF-PAY_65F29B7F
PAY_CF75F199,ORD_10ABA2C9,MERCH_007,1823000,INR,CAPTURED,2026-07-19T01:22:47Z,REF-PAY_CF75F199
PAY_8B3C062B,ORD_90993CE7,MERCH_025,336600,INR,CAPTURED,2026-08-10T09:07:52Z,REF-PAY_8B3C062B
PAY_49131096,ORD_309F39DD,MERCH_023,1776000,INR,CAPTURED,2026-08-08T06:22:12Z,REF-PAY_49131096
PAY_4224D528,ORD_8A6E9CC8,MERCH_037,1948800,INR,CAPTURED,2026-07-22T12:58:05Z,REF-PAY_4224D528
PAY_B5BD7161,ORD_830EA1A0,MERCH_035,1697400,INR,CAPTURED,2026-07-15T02:44:38Z,REF-PAY_B5BD7161
PAY_6B909CC7,ORD_21E6A46C,MERCH_049,1691400,INR,CAPTURED,2026-07-30T20:48:16Z,REF-PAY_6B909CC7
PAY_907AFABA,ORD_C8EB62B0,MERCH_010,1272100,INR,CAPTURED,2026-08-21T18:26:01Z,REF-PAY_907AFABA
PAY_EA947730,ORD_449AC93A,MERCH_038,1737600,INR,CAPTURED,2026-08-15T21:44:52Z,REF-PAY_EA947730
PAY_5E8BFE05,ORD_9652A00B,MERCH_005,1056700,INR,CAPTURED,2026-09-01T05:05:58Z,REF-PAY_5E8BFE05
PAY_D18573C1,ORD_9B61B913,MERCH_043,5500000,INR,CAPTURED,2026-08-08T20:42:11Z,REF-PAY_D18573C1
PAY_26C03C74,ORD_0A1A0AFE,MERCH_004,1984500,INR,CAPTURED,2026-08-26T20:07:15Z,REF-PAY_26C03C74
PAY_944663B3,ORD_486DF76B,MERCH_046,952500,INR,CAPTURED,2026-08-22T16:52:09Z,REF-PAY_944663B3
PAY_78DE314B,ORD_0E2611DB,MERCH_024,185500,INR,CAPTURED,2026-08-27T07:45:59Z,REF-PAY_78DE314B
PAY_C4082600,ORD_80DAD0EE,MERCH_036,1893100,INR,CAPTURED,2026-08-07T18:41:56Z,REF-PAY_C4082600
PAY_B410294F,ORD_3E820878,MERCH_034,953500,INR,CAPTURED,2026-07-10T01:00:34Z,REF-PAY_B410294F
PAY_B412B1ED,ORD_2F5C0D69,MERCH_009,1212900,INR,CAPTURED,2026-07-10T00:28:17Z,REF-PAY_B412B1ED
PAY_215DBBBF,ORD_F0C3C0D2,MERCH_020,637400,INR,CAPTURED,2026-08-26T19:40:14Z,REF-PAY_215DBBBF
PAY_65DB6E3A,ORD_382483FF,MERCH_037,1136400,INR,CAPTURED,2026-07-19T04:38:52Z,REF-PAY_65DB6E3A
PAY_D389E171,ORD_3117E31E,MERCH_034,172400,INR,CAPTURED,2026-07-01T21:56:32Z,REF-PAY_D389E171
PAY_8A3C8D84,ORD_40ECDE4F,MERCH_032,106900,INR,CAPTURED,2026-08-05T00:04:07Z,REF-PAY_8A3C8D84
PAY_7895D72C,ORD_0F5CF253,MERCH_008,952100,INR,CAPTURED,2026-08-31T21:44:44Z,REF-PAY_7895D72C
PAY_A0DC076C,ORD_C4AB7ACA,MERCH_023,1372500,INR,CAPTURED,2026-09-01T16:24:49Z,REF-PAY_A0DC076C
PAY_EC1C6144,ORD_E4AD70B2,MERCH_041,1356600,INR,CAPTURED,2026-07-29T21:13:56Z,REF-PAY_EC1C6144
PAY_88A6D836,ORD_9B9DBAD7,MERCH_010,893800,INR,CAPTURED,2026-07-12T10:06:01Z,REF-PAY_88A6D836
PAY_2C8EDE03,ORD_7C8B94F2,MERCH_028,914300,INR,CAPTURED,2026-08-20T13:20:48Z,REF-PAY_2C8EDE03
PAY_5A3DDA3A,ORD_0C07871C,MERCH_016,15000000,INR,CAPTURED,2026-07-26T11:50:59Z,REF-PAY_5A3DDA3A
PAY_90AAB4CD,ORD_EC513A59,MERCH_044,488600,INR,CAPTURED,2026-08-10T19:05:16Z,REF-PAY_90AAB4CD
PAY_64A69838,ORD_17805561,MERCH_023,1989500,INR,CAPTURED,2026-07-15T17:46:18Z,REF-PAY_64A69838
PAY_63C636DA,ORD_8BC8A396,MERCH_020,1397400,INR,CAPTURED,2026-08-23T10:33:45Z,REF-PAY_63C636DA
PAY_2036F7B3,ORD_843B45D0,MERCH_020,635200,INR,CAPTURED,2026-08-12T05:03:32Z,REF-PAY_2036F7B3
PAY_BA4FF1AD,ORD_CD30EBD3,MERCH_020,884800,INR,CAPTURED,2026-07-09T17:11:32Z,REF-PAY_BA4FF1AD
PAY_C09ABA18,ORD_81923BE0,MERCH_036,1991200,INR,CAPTURED,2026-08-02T17:43:08Z,REF-PAY_C09ABA18
PAY_40110F7E,ORD_D507B692,MERCH_047,1367500,INR,CAPTURED,2026-07-08T03:36:18Z,REF-PAY_40110F7E
PAY_285133F3,ORD_766907A1,MERCH_013,654100,INR,CAPTURED,2026-07-31T19:51:45Z,REF-PAY_285133F3
PAY_EAD4D636,ORD_A527947A,MERCH_016,1215900,INR,CAPTURED,2026-07-10T06:57:23Z,REF-PAY_EAD4D636
PAY_CD0D0B5B,ORD_EBFDBB4B,MERCH_039,1129800,INR,CAPTURED,2026-08-14T07:41:12Z,REF-PAY_CD0D0B5B
PAY_5E5901C4,ORD_173EC6DD,MERCH_035,1821800,INR,CAPTURED,2026-07-13T22:41:54Z,REF-PAY_5E5901C4
PAY_21195F33,ORD_B5E64FAE,MERCH_038,975900,INR,CAPTURED,2026-08-28T09:27:37Z,REF-PAY_21195F33
PAY_A7105B75,ORD_C3312D28,MERCH_017,771400,INR,CAPTURED,2026-08-15T04:37:44Z,REF-PAY_A7105B75
PAY_535A18EE,ORD_A186195E,MERCH_004,237000,INR,CAPTURED,2026-07-27T23:39:14Z,REF-PAY_535A18EE
PAY_703FD4F9,ORD_A33D9BC6,MERCH_047,176100,INR,CAPTURED,2026-08-15T05:29:47Z,REF-PAY_703FD4F9
PAY_A611FCDE,ORD_863B35AA,MERCH_010,973500,INR,CAPTURED,2026-08-13T07:34:07Z,REF-PAY_A611FCDE
PAY_A08EC779,ORD_6DB03F88,MERCH_013,1925700,INR,CAPTURED,2026-08-29T21:36:50Z,REF-PAY_A08EC779
PAY_D8395B15,ORD_3E8100AC,MERCH_007,1035600,INR,CAPTURED,2026-08-30T02:31:05Z,REF-PAY_D8395B15
PAY_E7C1EB72,ORD_E307480B,MERCH_009,868500,INR,CAPTURED,2026-07-22T23:38:47Z,REF-PAY_E7C1EB72
PAY_C57FB34A,ORD_33EB3E92,MERCH_015,439400,INR,CAPTURED,2026-08-05T12:14:47Z,REF-PAY_C57FB34A
PAY_E9C40E9A,ORD_33EB3E92,MERCH_015,439400,INR,CAPTURED,2026-08-05T12:14:47Z,REF-PAY_C57FB34A
PAY_2D6FC563,ORD_317A82BC,MERCH_012,1981600,INR,CAPTURED,2026-08-24T11:06:07Z,REF-PAY_2D6FC563
PAY_CAFCF525,ORD_8B05C244,MERCH_037,874000,INR,CAPTURED,2026-08-02T02:26:23Z,REF-PAY_CAFCF525
PAY_0DD19F62,ORD_C57275F7,MERCH_003,751600,INR,CAPTURED,2026-08-23T08:19:30Z,REF-PAY_0DD19F62
PAY_FCBF2398,ORD_3E4F6D3D,MERCH_013,438600,INR,CAPTURED,2026-08-20T20:01:05Z,REF-PAY_FCBF2398
PAY_80CAD7A0,ORD_6018A012,MERCH_031,1199200,INR,CAPTURED,2026-08-22T17:19:02Z,REF-PAY_80CAD7A0
PAY_2144EB81,ORD_595EEB00,MERCH_026,1090400,INR,CAPTURED,2026-07-11T03:11:14Z,REF-PAY_2144EB81
PAY_29055E78,ORD_AD8C84EB,MERCH_041,99100,INR,CAPTURED,2026-07-02T04:00:48Z,REF-PAY_29055E78
PAY_106EA486,ORD_C32DB452,MERCH_040,1722900,INR,CAPTURED,2026-07-12T04:17:04Z,REF-PAY_106EA486
PAY_42BB82CA,ORD_8C8B95AC,MERCH_035,909600,INR,CAPTURED,2026-07-29T22:07:33Z,REF-PAY_42BB82CA
PAY_61FDEB50,ORD_22175B46,MERCH_005,255100,INR,CAPTURED,2026-08-04T10:53:46Z,REF-PAY_61FDEB50
PAY_A90194AD,ORD_0C57E4FA,MERCH_032,1197700,INR,CAPTURED,2026-08-23T16:06:50Z,REF-PAY_A90194AD
PAY_A7CD5895,ORD_6C05E355,MERCH_007,477200,INR,CAPTURED,2026-08-05T11:39:11Z,REF-PAY_A7CD5895
PAY_9EFB145C,ORD_BE5E2765,MERCH_015,550600,INR,CAPTURED,2026-07-20T07:15:18Z,REF-PAY_9EFB145C
PAY_C47E3531,ORD_06F78D59,MERCH_027,709000,INR,CAPTURED,2026-08-17T01:21:00Z,REF-PAY_C47E3531
PAY_181B0329,ORD_5D7296D4,MERCH_048,1491700,INR,CAPTURED,2026-07-07T00:46:20Z,REF-PAY_181B0329
PAY_B9AF8526,ORD_D5162DEC,MERCH_028,214800,INR,CAPTURED,2026-07-14T23:12:35Z,REF-PAY_B9AF8526
PAY_F92D9F97,ORD_82FC1860,MERCH_026,1400700,INR,CAPTURED,2026-08-28T10:25:52Z,REF-PAY_F92D9F97
PAY_BD9C3DFF,ORD_4A2A12AD,MERCH_036,852700,INR,CAPTURED,2026-07-05T02:08:49Z,REF-PAY_BD9C3DFF
PAY_A4752CDF,ORD_38A30A80,MERCH_019,115300,INR,CAPTURED,2026-07-09T13:58:35Z,REF-PAY_A4752CDF
PAY_00049282,ORD_265C8D89,MERCH_047,364400,INR,CAPTURED,2026-07-15T06:55:46Z,REF-PAY_00049282
PAY_75927854,ORD_22BA0D98,MERCH_009,282200,INR,CAPTURED,2026-08-25T17:49:47Z,REF-PAY_75927854
PAY_AD122936,ORD_3A12BDA4,MERCH_048,901200,INR,CAPTURED,2026-08-07T02:35:29Z,REF-PAY_AD122936
PAY_239A5BE0,ORD_480404FE,MERCH_032,1466600,INR,CAPTURED,2026-08-27T12:57:55Z,REF-PAY_239A5BE0
PAY_0B2275DA,ORD_22ADFCE4,MERCH_048,1459900,INR,CAPTURED,2026-08-11T16:07:53Z,REF-PAY_0B2275DA
PAY_FE9A18E1,ORD_1C08ED5D,MERCH_028,141700,INR,CAPTURED,2026-08-03T10:47:09Z,REF-PAY_FE9A18E1
PAY_012BEF13,ORD_DE2BC884,MERCH_049,741500,INR,CAPTURED,2026-08-30T04:58:58Z,REF-PAY_012BEF13
PAY_737DCC4C,ORD_59C8DB75,MERCH_003,1015800,INR,CAPTURED,2026-07-06T22:52:59Z,REF-PAY_737DCC4C
PAY_86FC394E,ORD_E10CEA2A,MERCH_030,147100,INR,CAPTURED,2026-08-03T20:31:59Z,REF-PAY_86FC394E
PAY_E5C7A019,ORD_F0564C9A,MERCH_040,1988200,INR,CAPTURED,2026-08-23T03:13:49Z,REF-PAY_E5C7A019
PAY_86192A17,ORD_1D784613,MERCH_036,360000,INR,CAPTURED,2026-07-13T17:56:19Z,REF-PAY_86192A17
PAY_ED6E50E0,ORD_E781B30A,MERCH_003,836200,INR,CAPTURED,2026-07-28T08:26:51Z,REF-PAY_ED6E50E0
PAY_8E823FF4,ORD_17E17709,MERCH_027,744900,INR,CAPTURED,2026-08-26T09:40:23Z,REF-PAY_8E823FF4
PAY_279985F5,ORD_2CADF93B,MERCH_012,80600,INR,CAPTURED,2026-07-20T18:52:38Z,REF-PAY_279985F5
PAY_14FD4910,ORD_2CADF93B,MERCH_012,80600,INR,CAPTURED,2026-07-20T18:52:38Z,REF-PAY_279985F5
PAY_1CE13458,ORD_67002782,MERCH_039,1960600,INR,CAPTURED,2026-08-10T17:35:08Z,REF-PAY_1CE13458
PAY_2F369507,ORD_46550A3A,MERCH_013,1906500,INR,CAPTURED,2026-07-02T20:33:52Z,REF-PAY_2F369507
PAY_E9841B1F,ORD_60073369,MERCH_015,369000,INR,CAPTURED,2026-07-23T18:24:16Z,REF-PAY_E9841B1F
PAY_6414C5B4,ORD_C59415B1,MERCH_037,1183600,INR,CAPTURED,2026-07-17T17:34:56Z,REF-PAY_6414C5B4
PAY_D127F3A4,ORD_203981C7,MERCH_038,484500,INR,CAPTURED,2026-07-06T17:38:00Z,REF-PAY_D127F3A4
PAY_3C7DD93D,ORD_91B1694C,MERCH_010,635200,INR,CAPTURED,2026-07-07T23:10:54Z,REF-PAY_3C7DD93D
PAY_193FEA43,ORD_688447FC,MERCH_017,799200,INR,CAPTURED,2026-07-20T19:04:45Z,REF-PAY_193FEA43
PAY_4A536C0E,ORD_6B7AF5EC,MERCH_026,953200,INR,CAPTURED,2026-08-31T00:01:28Z,REF-PAY_4A536C0E
PAY_DECA2FFD,ORD_397ABF23,MERCH_015,560700,INR,CAPTURED,2026-09-01T10:27:16Z,REF-PAY_DECA2FFD
PAY_DF9DD955,ORD_2B2EB2AA,MERCH_011,15000000,INR,CAPTURED,2026-07-28T14:56:30Z,REF-PAY_DF9DD955
PAY_33A22C3D,ORD_84259986,MERCH_044,1640800,INR,CAPTURED,2026-07-10T03:48:41Z,REF-PAY_33A22C3D
PAY_35073B49,ORD_A1925BB8,MERCH_001,77100,INR,CAPTURED,2026-07-09T06:53:59Z,REF-PAY_35073B49
PAY_2D11AAEC,ORD_CFDB921F,MERCH_020,15700,INR,CAPTURED,2026-08-30T19:39:20Z,REF-PAY_2D11AAEC
PAY_321796E6,ORD_CAE2CC6C,MERCH_010,1561000,INR,CAPTURED,2026-07-03T20:29:57Z,REF-PAY_321796E6
PAY_ACF7919B,ORD_B1417B35,MERCH_023,1300400,INR,CAPTURED,2026-08-29T02:29:14Z,REF-PAY_ACF7919B
PAY_C1D4B3C6,ORD_82EDD372,MERCH_047,339000,INR,CAPTURED,2026-08-02T18:53:55Z,REF-PAY_C1D4B3C6
PAY_B3B36FCA,ORD_535DC90A,MERCH_013,510500,INR,CAPTURED,2026-07-16T19:55:47Z,REF-PAY_B3B36FCA
PAY_B86955F2,ORD_A46681E3,MERCH_036,641600,INR,CAPTURED,2026-08-04T12:15:30Z,REF-PAY_B86955F2
PAY_DAD02030,ORD_2759E934,MERCH_003,1075700,INR,CAPTURED,2026-07-20T04:14:28Z,REF-PAY_DAD02030
PAY_A2883E2E,ORD_079F9810,MERCH_001,1060000,INR,CAPTURED,2026-07-26T11:05:26Z,REF-PAY_A2883E2E
PAY_79011D7A,ORD_DB61CD94,MERCH_036,1340700,INR,CAPTURED,2026-08-09T17:20:52Z,REF-PAY_79011D7A
PAY_E56FE5BC,ORD_86CF5C4C,MERCH_009,150100,INR,CAPTURED,2026-08-18T16:26:48Z,REF-PAY_E56FE5BC
PAY_B19EDCD5,ORD_BF9EBA54,MERCH_043,958600,INR,CAPTURED,2026-08-28T00:19:04Z,REF-PAY_B19EDCD5
PAY_9181BEC0,ORD_BEDF1B04,MERCH_026,773200,INR,CAPTURED,2026-07-05T11:06:57Z,REF-PAY_9181BEC0
PAY_61ECA3E5,ORD_710D4EEF,MERCH_038,1671300,INR,CAPTURED,2026-07-28T18:33:26Z,REF-PAY_61ECA3E5
PAY_44468294,ORD_2A6C3237,MERCH_032,983700,INR,CAPTURED,2026-08-25T10:21:35Z,REF-PAY_44468294
PAY_D7CCD016,ORD_9EE87E51,MERCH_026,1120400,INR,CAPTURED,2026-08-01T04:17:55Z,REF-PAY_D7CCD016
PAY_87FDD26C,ORD_D89EA943,MERCH_022,898200,INR,CAPTURED,2026-07-25T07:11:45Z,REF-PAY_87FDD26C
PAY_4EFBA0B5,ORD_9BEB9357,MERCH_016,1191300,INR,CAPTURED,2026-07-08T09:38:16Z,REF-PAY_4EFBA0B5
PAY_FE513D7B,ORD_211C6C8A,MERCH_035,15000000,INR,CAPTURED,2026-08-19T15:30:49Z,REF-PAY_FE513D7B
PAY_0A271587,ORD_3A62E3D8,MERCH_037,1339100,INR,CAPTURED,2026-07-07T10:28:12Z,REF-PAY_0A271587
PAY_1AEF52AC,ORD_3A62E3D8,MERCH_037,1339100,INR,CAPTURED,2026-07-07T10:28:12Z,REF-PAY_0A271587
PAY_8418DA60,ORD_FB3A3F19,MERCH_011,516200,INR,CAPTURED,2026-07-17T06:14:16Z,REF-PAY_8418DA60
PAY_00AC6FC7,ORD_990356BF,MERCH_006,500500,INR,CAPTURED,2026-08-08T01:16:50Z,REF-PAY_00AC6FC7
PAY_45C9A47A,ORD_B43C54DF,MERCH_035,1515400,INR,CAPTURED,2026-08-03T22:02:27Z,REF-PAY_45C9A47A
PAY_0BF47CF1,ORD_D76BF726,MERCH_049,1158500,INR,CAPTURED,2026-07-13T23:29:53Z,REF-PAY_0BF47CF1
PAY_B4CCABE3,ORD_106FC858,MERCH_020,285300,INR,CAPTURED,2026-07-24T10:55:50Z,REF-PAY_B4CCABE3
PAY_B70482CB,ORD_98FF1018,MERCH_039,57200,INR,CAPTURED,2026-07-17T05:18:51Z,REF-PAY_B70482CB
PAY_C7015E87,ORD_9B60F3E0,MERCH_029,1125300,INR,CAPTURED,2026-07-31T07:27:32Z,REF-PAY_C7015E87
PAY_2847AC20,ORD_7CA2A2CD,MERCH_028,489000,INR,CAPTURED,2026-07-28T01:44:47Z,REF-PAY_2847AC20
PAY_22AEE998,ORD_54423538,MERCH_002,1543500,INR,CAPTURED,2026-07-21T02:10:05Z,REF-PAY_22AEE998
PAY_A6980F1C,ORD_D8A555AA,MERCH_037,52800,INR,CAPTURED,2026-08-19T15:09:56Z,REF-PAY_A6980F1C
PAY_AEA01387,ORD_BF175670,MERCH_022,380800,INR,CAPTURED,2026-07-06T22:32:33Z,REF-PAY_AEA01387
PAY_515051E9,ORD_C6AA27A3,MERCH_033,411500,INR,CAPTURED,2026-08-20T01:25:17Z,REF-PAY_515051E9
PAY_5D2818A8,ORD_405A452F,MERCH_020,885900,INR,CAPTURED,2026-08-28T09:38:42Z,REF-PAY_5D2818A8
PAY_D6AE3441,ORD_2BCB4F12,MERCH_014,1002100,INR,CAPTURED,2026-08-04T05:29:04Z,REF-PAY_D6AE3441
PAY_1D724C88,ORD_37189A07,MERCH_049,1546000,INR,CAPTURED,2026-08-05T23:34:07Z,REF-PAY_1D724C88
PAY_371EC2E5,ORD_D76403C8,MERCH_011,430300,INR,CAPTURED,2026-08-02T04:27:07Z,REF-PAY_371EC2E5
PAY_C681B85C,ORD_72A1D7F4,MERCH_022,513600,INR,CAPTURED,2026-08-15T07:47:33Z,REF-PAY_C681B85C
PAY_7B6971A9,ORD_BD53D88F,MERCH_004,944900,INR,CAPTURED,2026-08-16T04:20:25Z,REF-PAY_7B6971A9
PAY_40D72AAF,ORD_5B3C605F,MERCH_017,1804900,INR,CAPTURED,2026-07-12T10:10:36Z,REF-PAY_40D72AAF
PAY_C2B3C3C5,ORD_00BA6ED7,MERCH_032,860700,INR,CAPTURED,2026-07-12T15:37:08Z,REF-PAY_C2B3C3C5
PAY_A6A0EC23,ORD_00BA6ED7,MERCH_032,860700,INR,CAPTURED,2026-07-12T15:37:08Z,REF-PAY_C2B3C3C5
PAY_BF7A6CF2,ORD_7BC71100,MERCH_011,412600,INR,CAPTURED,2026-08-20T10:11:53Z,REF-PAY_BF7A6CF2
PAY_47B9F3D1,ORD_CEE9967B,MERCH_036,354400,INR,CAPTURED,2026-07-28T03:42:25Z,REF-PAY_47B9F3D1
PAY_7DF2D92F,ORD_6FAB2042,MERCH_039,945300,INR,CAPTURED,2026-07-06T14:52:04Z,REF-PAY_7DF2D92F
PAY_1581E156,ORD_A27E3169,MERCH_027,540000,INR,CAPTURED,2026-07-25T22:27:52Z,REF-PAY_1581E156
PAY_F5BA0B55,ORD_71BE0897,MERCH_001,1834700,INR,CAPTURED,2026-08-06T19:08:23Z,REF-PAY_F5BA0B55
PAY_02D09072,ORD_BFEDCAB0,MERCH_003,197500,INR,CAPTURED,2026-07-04T17:47:50Z,REF-PAY_02D09072
PAY_B16FEDB9,ORD_5C21815B,MERCH_035,1032000,INR,CAPTURED,2026-07-03T21:09:18Z,REF-PAY_B16FEDB9
PAY_42090785,ORD_B4099A1E,MERCH_006,1868400,INR,CAPTURED,2026-07-20T02:00:47Z,REF-PAY_42090785
PAY_8A501520,ORD_3FC8ADB9,MERCH_008,95700,INR,CAPTURED,2026-07-19T23:31:35Z,REF-PAY_8A501520
PAY_C2385972,ORD_89F2AAAE,MERCH_015,866400,INR,CAPTURED,2026-07-11T14:59:20Z,REF-PAY_C2385972
PAY_60AD616B,ORD_CA89BA75,MERCH_038,1339700,INR,CAPTURED,2026-08-20T14:21:43Z,REF-PAY_60AD616B
PAY_64C627B5,ORD_A06C9AC9,MERCH_049,1204800,INR,CAPTURED,2026-07-17T04:27:45Z,REF-PAY_64C627B5
PAY_11B65085,ORD_6A642C1B,MERCH_033,148200,INR,CAPTURED,2026-08-26T19:45:40Z,REF-PAY_11B65085
PAY_C3B4016E,ORD_74E83D60,MERCH_026,201500,INR,CAPTURED,2026-08-01T06:05:28Z,REF-PAY_C3B4016E
PAY_D66F984E,ORD_6130B50A,MERCH_032,1778400,INR,CAPTURED,2026-08-10T13:43:43Z,REF-PAY_D66F984E
PAY_94B35BB1,ORD_32FA642E,MERCH_012,1669100,INR,CAPTURED,2026-07-26T13:11:34Z,REF-PAY_94B35BB1
PAY_7A9AFF53,ORD_B8105FFE,MERCH_013,1711800,INR,CAPTURED,2026-07-02T12:59:04Z,REF-PAY_7A9AFF53
PAY_24BEBF0C,ORD_AB6996F3,MERCH_042,1736400,INR,CAPTURED,2026-08-19T13:06:05Z,REF-PAY_24BEBF0C
PAY_AE8F0998,ORD_AB6996F3,MERCH_042,1736400,INR,CAPTURED,2026-08-19T13:06:05Z,REF-PAY_24BEBF0C
PAY_9C028499,ORD_BD00D7E3,MERCH_042,380400,INR,CAPTURED,2026-07-30T16:23:02Z,REF-PAY_9C028499
PAY_66C2B943,ORD_010BC18B,MERCH_035,328800,INR,CAPTURED,2026-08-12T07:01:40Z,REF-PAY_66C2B943
PAY_9A19F4CA,ORD_8CFD77F1,MERCH_011,619600,INR,CAPTURED,2026-07-16T11:36:47Z,REF-PAY_9A19F4CA
PAY_185A74F2,ORD_3AB6F9FE,MERCH_030,919900,INR,CAPTURED,2026-09-01T00:20:36Z,REF-PAY_185A74F2
PAY_8544932A,ORD_CC0A1DB2,MERCH_046,1565400,INR,CAPTURED,2026-08-12T00:45:27Z,REF-PAY_8544932A
PAY_2067FFD7,ORD_308644E0,MERCH_046,19200,INR,CAPTURED,2026-07-05T23:51:36Z,REF-PAY_2067FFD7
PAY_017467FB,ORD_21FB4538,MERCH_007,1727300,INR,CAPTURED,2026-07-29T05:09:52Z,REF-PAY_017467FB
PAY_16BE3E68,ORD_D65050F9,MERCH_049,1520800,INR,CAPTURED,2026-07-17T23:33:50Z,REF-PAY_16BE3E68
PAY_E9092CC4,ORD_306B4429,MERCH_017,251700,INR,CAPTURED,2026-07-06T15:33:48Z,REF-PAY_E9092CC4
PAY_B9775F70,ORD_306B4429,MERCH_017,251700,INR,CAPTURED,2026-07-06T15:33:48Z,REF-PAY_E9092CC4
PAY_E3FE0AD2,ORD_585AAC1F,MERCH_038,732700,INR,CAPTURED,2026-07-18T06:39:19Z,REF-PAY_E3FE0AD2
PAY_30E07B79,ORD_453CFF69,MERCH_044,1615500,INR,CAPTURED,2026-07-22T07:43:54Z,REF-PAY_30E07B79
PAY_4B1482EC,ORD_240EE3D6,MERCH_045,983700,INR,CAPTURED,2026-07-16T05:52:16Z,REF-PAY_4B1482EC
PAY_48C5BE01,ORD_D2A21CA4,MERCH_041,1599600,INR,CAPTURED,2026-07-05T01:55:39Z,REF-PAY_48C5BE01
PAY_F65E602D,ORD_0BF90385,MERCH_017,1816900,INR,CAPTURED,2026-08-16T18:38:25Z,REF-PAY_F65E602D
PAY_06B6528D,ORD_E333ABA1,MERCH_039,1677100,INR,CAPTURED,2026-07-21T04:23:39Z,REF-PAY_06B6528D
PAY_3FA544EE,ORD_BF9E6775,MERCH_008,371100,INR,CAPTURED,2026-07-24T05:19:57Z,REF-PAY_3FA544EE
PAY_A81B04D2,ORD_F1DA4F4C,MERCH_021,1619600,INR,CAPTURED,2026-08-05T19:33:46Z,REF-PAY_A81B04D2
PAY_96C0B6AC,ORD_9643E980,MERCH_002,1388300,INR,CAPTURED,2026-08-07T23:00:02Z,REF-PAY_96C0B6AC
PAY_FBF64777,ORD_83DE71F6,MERCH_002,1347400,INR,CAPTURED,2026-08-04T23:35:23Z,REF-PAY_FBF64777
PAY_65DECD95,ORD_A52FD01C,MERCH_012,1677900,INR,CAPTURED,2026-08-17T03:08:35Z,REF-PAY_65DECD95
PAY_BC4EA215,ORD_85822F59,MERCH_014,1300300,INR,CAPTURED,2026-08-31T03:50:51Z,REF-PAY_BC4EA215
PAY_45B39B5C,ORD_373E166E,MERCH_047,887200,INR,CAPTURED,2026-07-27T20:35:42Z,REF-PAY_45B39B5C
PAY_68DE3719,ORD_A6A89F4E,MERCH_003,978400,INR,CAPTURED,2026-07-15T17:39:16Z,REF-PAY_68DE3719
PAY_BCEC57B1,ORD_EC2D5DA7,MERCH_002,234100,INR,CAPTURED,2026-08-10T20:52:45Z,REF-PAY_BCEC57B1
PAY_F5EE589E,ORD_F4A68574,MERCH_037,636100,INR,CAPTURED,2026-07-16T00:05:17Z,REF-PAY_F5EE589E
PAY_F4C053CC,ORD_321882A8,MERCH_025,177800,INR,CAPTURED,2026-07-31T02:17:07Z,REF-PAY_F4C053CC
PAY_E429D455,ORD_A09DFC73,MERCH_003,1104400,INR,CAPTURED,2026-08-09T18:11:39Z,REF-PAY_E429D455
PAY_FE0C7601,ORD_45FC1054,MERCH_044,817200,INR,CAPTURED,2026-09-01T11:18:57Z,REF-PAY_FE0C7601
PAY_36A8ADB6,ORD_91C86341,MERCH_027,925800,INR,CAPTURED,2026-08-23T18:05:52Z,REF-PAY_36A8ADB6
PAY_774E39D9,ORD_82BCF37E,MERCH_041,1217900,INR,CAPTURED,2026-07-22T21:31:46Z,REF-PAY_774E39D9
PAY_42D1B88A,ORD_86C0A0BA,MERCH_020,599500,INR,CAPTURED,2026-07-18T00:21:30Z,REF-PAY_42D1B88A
PAY_0DA35C0F,ORD_267A77E3,MERCH_036,378600,INR,CAPTURED,2026-07-14T09:21:58Z,REF-PAY_0DA35C0F
PAY_B965056D,ORD_D7DD6310,MERCH_049,627400,INR,CAPTURED,2026-07-07T09:49:59Z,REF-PAY_B965056D
PAY_99D0E2B2,ORD_C9224916,MERCH_037,957500,INR,CAPTURED,2026-07-06T12:41:29Z,REF-PAY_99D0E2B2
PAY_FBCE3C53,ORD_3AF9BB05,MERCH_003,1807400,INR,CAPTURED,2026-08-18T22:51:49Z,REF-PAY_FBCE3C53
PAY_420115B1,ORD_2906CAC4,MERCH_048,555200,INR,CAPTURED,2026-07-17T12:31:03Z,REF-PAY_420115B1
PAY_79697867,ORD_7978C224,MERCH_019,1781700,INR,CAPTURED,2026-08-30T17:29:40Z,REF-PAY_79697867
PAY_BFB59F45,ORD_E4496523,MERCH_019,1287800,INR,CAPTURED,2026-07-01T04:44:41Z,REF-PAY_BFB59F45
PAY_DCB35A0D,ORD_E389F665,MERCH_026,1775700,INR,CAPTURED,2026-08-23T06:29:24Z,REF-PAY_DCB35A0D
PAY_CB1094B6,ORD_B36667A5,MERCH_042,840600,INR,CAPTURED,2026-08-27T23:59:02Z,REF-PAY_CB1094B6
PAY_871F7714,ORD_3C0781E1,MERCH_045,736100,INR,CAPTURED,2026-08-07T14:36:43Z,REF-PAY_871F7714
PAY_56BB5185,ORD_A846D739,MERCH_016,1186300,INR,CAPTURED,2026-07-15T11:57:01Z,REF-PAY_56BB5185
PAY_768C305F,ORD_E68E6DD3,MERCH_019,963100,INR,CAPTURED,2026-07-15T08:45:05Z,REF-PAY_768C305F
PAY_87727A5F,ORD_27111BF6,MERCH_032,912600,INR,CAPTURED,2026-08-09T06:38:56Z,REF-PAY_87727A5F
PAY_C5674C85,ORD_0489F2D0,MERCH_042,592300,INR,CAPTURED,2026-07-04T19:44:20Z,REF-PAY_C5674C85
PAY_25EAD8BE,ORD_DD26D43E,MERCH_043,46900,INR,CAPTURED,2026-08-28T23:32:22Z,REF-PAY_25EAD8BE
PAY_956B5BCE,ORD_7FF4EF33,MERCH_040,80300,INR,CAPTURED,2026-07-13T16:38:42Z,REF-PAY_956B5BCE
PAY_2BB454F4,ORD_4988CBF6,MERCH_007,655000,INR,CAPTURED,2026-07-06T11:46:44Z,REF-PAY_2BB454F4
PAY_F0DCE41C,ORD_0F466E42,MERCH_009,1416500,INR,CAPTURED,2026-09-01T02:09:24Z,REF-PAY_F0DCE41C
PAY_232453E7,ORD_B91C38B3,MERCH_034,885400,INR,CAPTURED,2026-08-01T21:42:19Z,REF-PAY_232453E7
PAY_0F37C4C5,ORD_B91C38B3,MERCH_034,885400,INR,CAPTURED,2026-08-01T21:42:19Z,REF-PAY_232453E7
PAY_A38695DC,ORD_02BEB2EE,MERCH_037,400600,INR,CAPTURED,2026-08-28T02:52:09Z,REF-PAY_A38695DC
PAY_25C0F636,ORD_181E4B29,MERCH_004,1042400,INR,CAPTURED,2026-07-21T07:03:36Z,REF-PAY_25C0F636
PAY_4F8003ED,ORD_C354D50C,MERCH_002,334100,INR,CAPTURED,2026-08-03T23:44:49Z,REF-PAY_4F8003ED
PAY_6A09F1C8,ORD_60FA218A,MERCH_008,313400,INR,CAPTURED,2026-08-15T13:36:08Z,REF-PAY_6A09F1C8
PAY_09719B91,ORD_2B77B680,MERCH_019,1642300,INR,CAPTURED,2026-07-13T23:24:46Z,REF-PAY_09719B91
PAY_C7199F58,ORD_F19E9241,MERCH_013,1945800,INR,CAPTURED,2026-08-13T07:13:15Z,REF-PAY_C7199F58
PAY_710BB631,ORD_A347D945,MERCH_011,571700,INR,CAPTURED,2026-08-10T18:35:13Z,REF-PAY_710BB631
PAY_BBF7ED73,ORD_60F2D6ED,MERCH_035,571400,INR,CAPTURED,2026-08-30T02:19:35Z,REF-PAY_BBF7ED73
PAY_E13C8EC2,ORD_7CE612DD,MERCH_011,162900,INR,CAPTURED,2026-08-09T16:41:30Z,REF-PAY_E13C8EC2
PAY_0D61577B,ORD_9AB6F5FE,MERCH_024,1614900,INR,CAPTURED,2026-08-11T23:27:53Z,REF-PAY_0D61577B
PAY_171CEF4A,ORD_9AB6F5FE,MERCH_024,1614900,INR,CAPTURED,2026-08-11T23:27:53Z,REF-PAY_0D61577B
PAY_2B9A4D5B,ORD_5B37624E,MERCH_048,1477300,INR,CAPTURED,2026-07-31T18:01:59Z,REF-PAY_2B9A4D5B
PAY_3F1A6D7E,ORD_C7758D05,MERCH_011,1391500,INR,CAPTURED,2026-08-19T16:26:06Z,REF-PAY_3F1A6D7E
PAY_1FDA40B4,ORD_92DF698C,MERCH_012,532800,INR,CAPTURED,2026-07-28T06:44:10Z,REF-PAY_1FDA40B4
PAY_D28515B2,ORD_1926BCF2,MERCH_036,1152800,INR,CAPTURED,2026-07-26T15:01:20Z,REF-PAY_D28515B2
PAY_BA112386,ORD_617F6F21,MERCH_001,1897700,INR,CAPTURED,2026-07-06T14:43:10Z,REF-PAY_BA112386
PAY_E69DE9FB,ORD_70244C26,MERCH_047,442200,INR,CAPTURED,2026-08-23T15:57:58Z,REF-PAY_E69DE9FB
PAY_FA8384E0,ORD_F91B843D,MERCH_006,30000000,INR,CAPTURED,2026-07-23T00:11:44Z,REF-PAY_FA8384E0
PAY_1682329F,ORD_01936528,MERCH_024,45100,INR,CAPTURED,2026-07-20T01:45:27Z,REF-PAY_1682329F
PAY_532E0A28,ORD_C98ED451,MERCH_042,532800,INR,CAPTURED,2026-08-15T16:10:05Z,REF-PAY_532E0A28
PAY_FE971660,ORD_C98ED451,MERCH_042,532800,INR,CAPTURED,2026-08-15T16:10:05Z,REF-PAY_532E0A28
PAY_D47CCF68,ORD_8B53F059,MERCH_045,1150900,INR,CAPTURED,2026-08-06T01:33:38Z,REF-PAY_D47CCF68
PAY_A9A29558,ORD_34F5FE5B,MERCH_022,1019400,INR,CAPTURED,2026-08-09T06:42:08Z,REF-PAY_A9A29558
PAY_C90360AA,ORD_09D4EA99,MERCH_014,1265700,INR,CAPTURED,2026-08-13T23:21:27Z,REF-PAY_C90360AA
PAY_3F968219,ORD_15FF079D,MERCH_038,726400,INR,CAPTURED,2026-08-12T00:42:05Z,REF-PAY_3F968219
PAY_414105A5,ORD_885E0FA6,MERCH_012,1820900,INR,CAPTURED,2026-07-04T23:43:42Z,REF-PAY_414105A5
PAY_2CD3EF5F,ORD_1392BFFA,MERCH_041,1200900,INR,CAPTURED,2026-07-12T07:13:55Z,REF-PAY_2CD3EF5F
PAY_B8B58E8D,ORD_F0C5138E,MERCH_027,465800,INR,CAPTURED,2026-07-20T16:19:37Z,REF-PAY_B8B58E8D
PAY_7F492358,ORD_D4521DAD,MERCH_046,1574600,INR,CAPTURED,2026-07-23T14:44:35Z,REF-PAY_7F492358
PAY_41D1FD49,ORD_8675F49D,MERCH_041,367500,INR,CAPTURED,2026-08-14T12:46:48Z,REF-PAY_41D1FD49
PAY_7A9FEFC6,ORD_34425779,MERCH_021,416500,INR,CAPTURED,2026-08-23T06:14:42Z,REF-PAY_7A9FEFC6
PAY_4E96A6EE,ORD_F882BCA8,MERCH_040,1070100,INR,CAPTURED,2026-07-20T03:51:23Z,REF-PAY_4E96A6EE
PAY_4C07EB40,ORD_AD7707CA,MERCH_031,1038100,INR,CAPTURED,2026-07-05T08:06:30Z,REF-PAY_4C07EB40
PAY_5BA0AF3F,ORD_02AB0951,MERCH_047,833100,INR,CAPTURED,2026-08-13T05:01:06Z,REF-PAY_5BA0AF3F
PAY_5C4808FC,ORD_DC218DC3,MERCH_046,1007500,INR,CAPTURED,2026-08-08T11:02:46Z,REF-PAY_5C4808FC
PAY_71881C80,ORD_E20E9815,MERCH_001,1133700,INR,CAPTURED,2026-08-01T23:34:01Z,REF-PAY_71881C80
PAY_E428202A,ORD_1E0B9F69,MERCH_002,847300,INR,CAPTURED,2026-07-17T22:13:32Z,REF-PAY_E428202A
PAY_BE412E34,ORD_B5BA3D81,MERCH_031,15400,INR,CAPTURED,2026-08-20T21:55:39Z,REF-PAY_BE412E34
PAY_4EFE49F7,ORD_40111A07,MERCH_004,484800,INR,CAPTURED,2026-08-24T21:42:19Z,REF-PAY_4EFE49F7
PAY_B9C56A7E,ORD_96ABD98F,MERCH_039,1005800,INR,CAPTURED,2026-08-28T14:58:40Z,REF-PAY_B9C56A7E
PAY_1E651962,ORD_EADCEC4B,MERCH_015,1647000,INR,CAPTURED,2026-08-20T13:28:52Z,REF-PAY_1E651962
PAY_547CBB6D,ORD_73C38059,MERCH_026,1816800,INR,CAPTURED,2026-08-15T05:09:54Z,REF-PAY_547CBB6D
PAY_F43F2CDF,ORD_21234FA1,MERCH_040,1089700,INR,CAPTURED,2026-07-04T21:02:03Z,REF-PAY_F43F2CDF
PAY_3B7054CE,ORD_EFD47314,MERCH_024,1789000,INR,CAPTURED,2026-08-25T05:27:14Z,REF-PAY_3B7054CE
PAY_C716EF2B,ORD_50A9CB6B,MERCH_031,1696000,INR,CAPTURED,2026-07-07T01:53:42Z,REF-PAY_C716EF2B
PAY_7B9F2292,ORD_C04CE2A7,MERCH_013,469200,INR,CAPTURED,2026-07-04T08:34:33Z,REF-PAY_7B9F2292
PAY_EF4BC572,ORD_C04CE2A7,MERCH_013,469200,INR,CAPTURED,2026-07-04T08:34:33Z,REF-PAY_7B9F2292
PAY_E308FE3C,ORD_6103D5F0,MERCH_006,661400,INR,CAPTURED,2026-08-26T22:30:46Z,REF-PAY_E308FE3C
PAY_D8C6842D,ORD_F9A3552E,MERCH_031,255300,INR,CAPTURED,2026-07-28T12:24:16Z,REF-PAY_D8C6842D
PAY_1A9E24E5,ORD_ADB814F4,MERCH_043,1644200,INR,CAPTURED,2026-07-24T11:50:20Z,REF-PAY_1A9E24E5
PAY_2BD4DA4E,ORD_7CB22D0F,MERCH_035,1140400,INR,CAPTURED,2026-08-23T07:25:39Z,REF-PAY_2BD4DA4E
PAY_F1A83786,ORD_90C51293,MERCH_045,308800,INR,CAPTURED,2026-07-14T17:23:56Z,REF-PAY_F1A83786
PAY_63593635,ORD_E28C64C2,MERCH_037,1784300,INR,CAPTURED,2026-07-25T03:50:14Z,REF-PAY_63593635
PAY_0EE4356E,ORD_7B739857,MERCH_026,220400,INR,CAPTURED,2026-07-22T13:59:59Z,REF-PAY_0EE4356E
PAY_D5B93542,ORD_B4706906,MERCH_031,1592600,INR,CAPTURED,2026-07-05T15:54:39Z,REF-PAY_D5B93542
PAY_2F9C46B5,ORD_AD76BB2C,MERCH_009,1182500,INR,CAPTURED,2026-08-14T20:04:12Z,REF-PAY_2F9C46B5
PAY_43F30DF4,ORD_A7C0A242,MERCH_011,1133200,INR,CAPTURED,2026-08-13T23:57:43Z,REF-PAY_43F30DF4
PAY_5ABE4D09,ORD_77770871,MERCH_036,1468500,INR,CAPTURED,2026-08-17T08:54:50Z,REF-PAY_5ABE4D09
PAY_92113D87,ORD_88DADD8F,MERCH_044,922900,INR,CAPTURED,2026-07-21T04:08:12Z,REF-PAY_92113D87
PAY_CFB87B50,ORD_88A58CE2,MERCH_033,1280900,INR,CAPTURED,2026-07-30T09:06:09Z,REF-PAY_CFB87B50
PAY_FB529C1B,ORD_E0C593F8,MERCH_032,1281500,INR,CAPTURED,2026-07-05T16:34:23Z,REF-PAY_FB529C1B
PAY_7A2B2459,ORD_F1AE6BDC,MERCH_035,558300,INR,CAPTURED,2026-09-01T05:42:19Z,REF-PAY_7A2B2459
PAY_E1DA40B4,ORD_80EE17ED,MERCH_013,32100,INR,CAPTURED,2026-07-09T16:55:18Z,REF-PAY_E1DA40B4
PAY_36AEC91B,ORD_D6F21470,MERCH_003,962200,INR,CAPTURED,2026-07-15T17:29:50Z,REF-PAY_36AEC91B
PAY_77102769,ORD_5AD33A93,MERCH_031,1894600,INR,CAPTURED,2026-07-08T00:59:40Z,REF-PAY_77102769
PAY_C0BB183C,ORD_46BCAAF4,MERCH_049,278900,INR,CAPTURED,2026-07-08T05:47:52Z,REF-PAY_C0BB183C
PAY_DF2883B8,ORD_763201ED,MERCH_013,331200,INR,CAPTURED,2026-08-10T22:13:36Z,REF-PAY_DF2883B8
PAY_73EB5BD7,ORD_FF6C8D36,MERCH_030,59800,INR,CAPTURED,2026-09-01T14:10:09Z,REF-PAY_73EB5BD7
PAY_9392D186,ORD_16198592,MERCH_014,712400,INR,CAPTURED,2026-07-22T12:53:56Z,REF-PAY_9392D186
PAY_617E74AB,ORD_28CF2400,MERCH_016,615800,INR,CAPTURED,2026-08-27T07:06:51Z,REF-PAY_617E74AB
PAY_6204AD17,ORD_0F52CABE,MERCH_006,1260700,INR,CAPTURED,2026-07-09T05:20:08Z,REF-PAY_6204AD17
PAY_7C7CDBF2,ORD_D13EBA4C,MERCH_042,1304300,INR,CAPTURED,2026-07-11T22:33:36Z,REF-PAY_7C7CDBF2
PAY_8EFFB2B8,ORD_74D9A78C,MERCH_044,1183400,INR,CAPTURED,2026-08-02T13:21:04Z,REF-PAY_8EFFB2B8
PAY_594EF907,ORD_BCFCF6FD,MERCH_012,1478200,INR,CAPTURED,2026-08-11T11:13:13Z,REF-PAY_594EF907
PAY_A1CD6184,ORD_BB2A6239,MERCH_012,762400,INR,CAPTURED,2026-08-20T23:29:52Z,REF-PAY_A1CD6184
PAY_52B3F452,ORD_C11348A6,MERCH_014,1349300,INR,CAPTURED,2026-08-06T06:14:01Z,REF-PAY_52B3F452
PAY_8D70B8BE,ORD_FBD15001,MERCH_014,271200,INR,CAPTURED,2026-09-01T03:36:27Z,REF-PAY_8D70B8BE
PAY_F57B9F4C,ORD_963801E7,MERCH_030,1688500,INR,CAPTURED,2026-08-02T01:42:47Z,REF-PAY_F57B9F4C
PAY_59A02CDE,ORD_A16D64EF,MERCH_009,1856900,INR,CAPTURED,2026-07-28T10:02:12Z,REF-PAY_59A02CDE
PAY_4A2582DE,ORD_758988A9,MERCH_043,1794600,INR,CAPTURED,2026-07-06T23:38:32Z,REF-PAY_4A2582DE
PAY_3746D731,ORD_68CCAA41,MERCH_015,466300,INR,CAPTURED,2026-08-10T12:31:28Z,REF-PAY_3746D731
PAY_3E27D94E,ORD_8B09708D,MERCH_020,760800,INR,CAPTURED,2026-08-01T05:32:36Z,REF-PAY_3E27D94E
PAY_7F5C2BEB,ORD_123E8E14,MERCH_010,381500,INR,CAPTURED,2026-07-06T05:17:08Z,REF-PAY_7F5C2BEB
PAY_FDDC74BC,ORD_CAC79525,MERCH_032,1690500,INR,CAPTURED,2026-08-15T22:22:44Z,REF-PAY_FDDC74BC
PAY_F62140DD,ORD_D184BF31,MERCH_019,1348800,INR,CAPTURED,2026-08-17T07:26:27Z,REF-PAY_F62140DD
PAY_FA8A9908,ORD_96EDCE35,MERCH_035,377200,INR,CAPTURED,2026-07-11T18:24:33Z,REF-PAY_FA8A9908
PAY_6CC3716C,ORD_D9C8007F,MERCH_016,115100,INR,CAPTURED,2026-07-27T01:18:13Z,REF-PAY_6CC3716C
PAY_47206F47,ORD_9A5F383D,MERCH_009,737900,INR,CAPTURED,2026-07-24T02:00:22Z,REF-PAY_47206F47
PAY_BF6CD61F,ORD_FDAD671C,MERCH_020,1810600,INR,CAPTURED,2026-07-20T22:32:08Z,REF-PAY_BF6CD61F
PAY_96D3A37C,ORD_3449E2B6,MERCH_011,1773200,INR,CAPTURED,2026-07-23T17:03:52Z,REF-PAY_96D3A37C
PAY_843BEFB8,ORD_63C108A5,MERCH_033,627500,INR,CAPTURED,2026-08-28T17:27:20Z,REF-PAY_843BEFB8
PAY_7F74E32A,ORD_808069E3,MERCH_018,1176200,INR,CAPTURED,2026-07-24T01:25:56Z,REF-PAY_7F74E32A
PAY_C5483194,ORD_C8E93FC3,MERCH_010,887300,INR,CAPTURED,2026-08-28T08:25:12Z,REF-PAY_C5483194
PAY_0BAE41FE,ORD_B0B74E6C,MERCH_040,802000,INR,CAPTURED,2026-07-12T10:20:20Z,REF-PAY_0BAE41FE
PAY_41EFC83B,ORD_2BB3AE74,MERCH_024,1748700,INR,CAPTURED,2026-08-07T20:07:26Z,REF-PAY_41EFC83B
PAY_635F7130,ORD_9F6FD564,MERCH_023,50800,INR,CAPTURED,2026-07-26T06:54:25Z,REF-PAY_635F7130
PAY_89D3B2B0,ORD_69E7D272,MERCH_013,952000,INR,CAPTURED,2026-07-03T16:23:18Z,REF-PAY_89D3B2B0
PAY_5C1299C0,ORD_18B16FF5,MERCH_047,1891300,INR,CAPTURED,2026-08-24T09:41:23Z,REF-PAY_5C1299C0
PAY_B0A000C7,ORD_246BC2DA,MERCH_039,241200,INR,CAPTURED,2026-07-20T09:56:05Z,REF-PAY_B0A000C7
PAY_C9576487,ORD_5CA487FD,MERCH_036,80900,INR,CAPTURED,2026-08-08T03:53:45Z,REF-PAY_C9576487
PAY_BE99D021,ORD_C132B3F1,MERCH_027,1620100,INR,CAPTURED,2026-08-25T03:51:09Z,REF-PAY_BE99D021
PAY_6E57551D,ORD_DBF8E4FB,MERCH_048,1408000,INR,CAPTURED,2026-07-21T12:55:31Z,REF-PAY_6E57551D
PAY_1CF5C7C4,ORD_E93815C8,MERCH_046,92100,INR,CAPTURED,2026-08-30T12:39:22Z,REF-PAY_1CF5C7C4
PAY_9FB714A0,ORD_603A0A3C,MERCH_006,1134200,INR,CAPTURED,2026-07-27T06:37:43Z,REF-PAY_9FB714A0
PAY_7DEF3F64,ORD_1D966F33,MERCH_023,957700,INR,CAPTURED,2026-07-03T23:28:24Z,REF-PAY_7DEF3F64
PAY_B24311EE,ORD_1D966F33,MERCH_023,957700,INR,CAPTURED,2026-07-03T23:28:24Z,REF-PAY_7DEF3F64
PAY_EE306153,ORD_B5D1321F,MERCH_016,675800,INR,CAPTURED,2026-07-26T23:06:22Z,REF-PAY_EE306153
PAY_6915C056,ORD_CAE24A5E,MERCH_007,1064500,INR,CAPTURED,2026-07-27T23:33:01Z,REF-PAY_6915C056
PAY_D3828C2A,ORD_3AEF2747,MERCH_015,777700,INR,CAPTURED,2026-07-09T20:21:59Z,REF-PAY_D3828C2A
PAY_323DC6D3,ORD_3AEF2747,MERCH_015,777700,INR,CAPTURED,2026-07-09T20:21:59Z,REF-PAY_D3828C2A
PAY_4E61C16E,ORD_3FD3F9BA,MERCH_046,959500,INR,CAPTURED,2026-08-13T22:57:47Z,REF-PAY_4E61C16E
PAY_C596D88F,ORD_F03F2D62,MERCH_029,1768500,INR,CAPTURED,2026-07-12T21:50:46Z,REF-PAY_C596D88F
PAY_C45AA454,ORD_5BCDC5D6,MERCH_026,1824800,INR,CAPTURED,2026-07-19T22:22:18Z,REF-PAY_C45AA454
PAY_5E5BAB17,ORD_4B5FB6AA,MERCH_030,15000000,INR,CAPTURED,2026-07-06T18:45:38Z,REF-PAY_5E5BAB17
PAY_E9575C95,ORD_17F6A60A,MERCH_037,224200,INR,CAPTURED,2026-08-16T02:25:56Z,REF-PAY_E9575C95
PAY_83ADC4F1,ORD_17F6A60A,MERCH_037,224200,INR,CAPTURED,2026-08-16T02:25:56Z,REF-PAY_E9575C95
PAY_0DB49162,ORD_947976F7,MERCH_036,481800,INR,CAPTURED,2026-07-17T15:22:06Z,REF-PAY_0DB49162
PAY_C6831CEA,ORD_B65E2E3F,MERCH_046,385500,INR,CAPTURED,2026-07-20T19:09:31Z,REF-PAY_C6831CEA
PAY_6E1D929C,ORD_1280D5DF,MERCH_045,637100,INR,CAPTURED,2026-08-19T08:54:47Z,REF-PAY_6E1D929C
PAY_9D85EA5E,ORD_1280D5DF,MERCH_045,637100,INR,CAPTURED,2026-08-19T08:54:47Z,REF-PAY_6E1D929C
PAY_1CED3BE5,ORD_EC917E90,MERCH_047,685900,INR,CAPTURED,2026-08-04T12:55:02Z,REF-PAY_1CED3BE5
PAY_F683B26E,ORD_52F00EB3,MERCH_006,1687400,INR,CAPTURED,2026-08-10T01:46:33Z,REF-PAY_F683B26E
PAY_C1E7E008,ORD_7A1ED92A,MERCH_014,1157600,INR,CAPTURED,2026-07-10T18:48:59Z,REF-PAY_C1E7E008
PAY_D27E98D6,ORD_7A1ED92A,MERCH_014,1157600,INR,CAPTURED,2026-07-10T18:48:59Z,REF-PAY_C1E7E008
