settlement_id,merchant_id,gross_amount,fees,tax,refunds,chargebacks,adjustments,net_amount,currency,status,created_at,payment_reference
SET_47F4422D,MERCH_002,1196400,23928,4307,0,0,0,1168165,INR,PROCESSED,2026-08-26T15:07:46Z,REF-PAY_26840E16
SET_D378E6FB,MERCH_023,1774300,35486,6387,0,0,0,1732427,INR,PROCESSED,2026-07-04T14:59:06Z,REF-PAY_7C23BCB7
SET_28224AF9,MERCH_043,1476600,29532,5315,0,0,0,1441653,INR,PROCESSED,2026-08-17T21:35:28Z,REF-PAY_9A75B68F
SET_E2642D8D,MERCH_020,1498700,29974,5395,0,0,0,1463331,INR,PROCESSED,2026-08-30T02:04:07Z,REF-PAY_9377FA4D
SET_C6D5705E,MERCH_011,1913600,38272,6888,0,0,0,1868440,INR,PROCESSED,2026-08-23T02:54:49Z,REF-PAY_914D6552
SET_E92A5F7D,MERCH_003,222500,4450,801,0,0,0,217249,INR,PROCESSED,2026-07-21T23:42:24Z,REF-PAY_40CFB7F8
SET_E0AC0582,MERCH_025,1134300,22686,4083,0,0,0,1066331,INR,PROCESSED,2026-08-08T16:35:08Z,REF-PAY_B2424129
SET_A831C3B8,MERCH_043,1963000,39260,7066,0,0,0,1916674,INR,PROCESSED,2026-07-29T20:40:31Z,REF-PAY_AABCA194
SET_8BD0C1B1,MERCH_016,1030500,20610,3709,0,0,0,1006181,INR,PROCESSED,2026-08-02T16:11:38Z,REF-PAY_09DBAE7D
SET_3656F79E,MERCH_024,340400,6808,1225,0,0,0,332367,INR,PROCESSED,2026-09-01T18:06:41Z,SETTLE-MERCH_024-BULK
SET_1786B757,MERCH_028,586100,11722,2109,0,0,0,572269,INR,PROCESSED,2026-08-27T20:28:33Z,REF-PAY_A5CDF18C
SET_A2F702F3,MERCH_026,684200,13684,2463,0,0,0,668053,INR,PROCESSED,2026-07-31T20:46:32Z,REF-PAY_02968BB7
SET_A76CDA84,MERCH_012,702300,14046,2528,0,0,0,685776,INR,PROCESSED,2026-07-06T15:14:17Z,REF-PAY_81DD87C6
SET_A7351B5E,MERCH_011,190300,3806,685,0,0,0,185809,INR,PROCESSED,2026-08-31T03:54:17Z,REF-PAY_8BD58030-TYPO
SET_8B52FDFF,MERCH_034,1885100,37702,6786,0,0,0,1840612,INR,PROCESSED,2026-08-27T05:13:19Z,REF-PAY_0DF54C97
SET_2399E0E9,MERCH_042,1892400,37848,6812,0,0,0,1847740,INR,PROCESSED,2026-08-25T13:51:50Z,REF-PAY_80917E9F
SET_298A8CBB,MERCH_011,546300,10926,1966,0,0,0,533408,INR,PROCESSED,2026-07-30T23:45:39Z,REF-PAY_1750D0A2
SET_9BA8ECD5,MERCH_009,1356100,27122,4881,0,0,0,1324097,INR,PROCESSED,2026-08-19T01:39:47Z,REF-PAY_93988520
SET_15F3B3A9,MERCH_020,733400,14668,2640,0,0,0,716092,INR,PROCESSED,2026-07-03T04:10:52Z,REF-PAY_DAB257AC
SET_BE7BC29A,MERCH_018,235700,4714,848,0,0,0,230138,INR,PROCESSED,2026-08-31T06:38:24Z,REF-PAY_278E6FA2
SET_594A3E06,MERCH_036,1212300,24246,4364,0,0,0,1183690,INR,PROCESSED,2026-08-26T01:48:07Z,REF-PAY_7F766190
SET_4CE95559,MERCH_030,1035600,20712,3728,0,0,0,1011160,INR,PROCESSED,2026-07-30T16:02:39Z,REF-PAY_316A163F
SET_CE38DD35,MERCH_038,725900,14518,2613,0,0,0,708669,INR,PROCESSED,2026-07-03T01:40:33Z,REF-PAY_BBBFD806
SET_410A132D,MERCH_032,1738500,34770,6258,0,1738500,0,-41028,INR,PROCESSED,2026-08-10T10:42:59Z,REF-PAY_18969029
SET_439639AC,MERCH_049,40300,806,145,0,0,0,39349,INR,PROCESSED,2026-07-25T18:18:19Z,REF-PAY_EF312A92-TYPO
SET_BA4F3447,MERCH_008,124400,2488,447,0,0,0,121465,INR,PROCESSED,2026-08-20T03:54:07Z,REF-PAY_3E2E8B42
SET_D6D023BD,MERCH_034,279300,5586,1005,0,0,0,272709,INR,PROCESSED,2026-07-15T01:51:55Z,REF-PAY_BBB2AF68
SET_3E1708F2,MERCH_001,835400,16708,3007,0,0,0,815685,INR,PROCESSED,2026-08-29T08:09:45Z,REF-PAY_D3574B18
SET_D8F8B8D2,MERCH_022,1670600,33412,6014,0,0,0,1631074,INR,PROCESSED,2026-07-21T19:00:17Z,REF-PAY_710195DC
SET_38DE3615,MERCH_002,1734300,34686,6243,0,0,0,1671971,INR,PROCESSED,2026-08-27T23:49:50Z,REF-PAY_DBE27323
SET_EAB16EFE,MERCH_031,1572900,31458,5662,0,0,0,1535780,INR,PROCESSED,2026-08-19T20:47:57Z,REF-PAY_AAF16CA9-TYPO
SET_3966DE33,MERCH_002,427800,8556,1540,0,427800,0,-10096,INR,PROCESSED,2026-08-15T18:18:58Z,REF-PAY_1C168E6E
SET_346CD5DB,MERCH_046,1550000,31000,5580,0,0,0,1513420,INR,PROCESSED,2026-08-02T07:16:08Z,REF-PAY_47F179EA
SET_3DDE3305,MERCH_024,427800,8556,1540,0,0,0,417704,INR,PROCESSED,2026-07-04T06:46:58Z,REF-PAY_5895706C
SET_7EBC2D1E,MERCH_009,916700,18334,3300,0,0,0,895066,INR,PROCESSED,2026-07-27T18:50:22Z,REF-PAY_ACCB35E2
SET_2F7D3478,MERCH_014,255100,5102,918,0,0,0,249080,INR,PROCESSED,2026-07-19T22:46:41Z,REF-PAY_4FCC85D7
SET_60144504,MERCH_047,1964100,39282,7070,982050,0,0,935698,INR,PROCESSED,2026-08-27T11:58:14Z,REF-PAY_F505E5F0
SET_ED06A29E,MERCH_030,295000,5900,1062,0,0,0,288038,INR,PROCESSED,2026-08-09T12:57:12Z,REF-PAY_861DCD6D
SET_80A81883,MERCH_040,30000000,600000,108000,0,0,0,29292000,INR,PROCESSED,2026-08-03T22:27:59Z,SETTLE-MERCH_040-HV
SET_5671C6F1,MERCH_030,1233200,24664,4439,0,0,0,1204097,INR,PROCESSED,2026-07-25T06:45:10Z,REF-PAY_7E36025E
SET_916EAAB0,MERCH_025,1853300,37066,6671,0,0,0,1809563,INR,PROCESSED,2026-08-30T20:52:39Z,REF-PAY_65D42357
SET_88429CDE,MERCH_022,1626300,32526,5854,0,0,0,1587920,INR,PROCESSED,2026-08-12T14:22:47Z,REF-PAY_BA1BA703
SET_BDC7FA87,MERCH_048,1970500,39410,7093,0,0,0,1923997,INR,PROCESSED,2026-07-03T13:07:11Z,REF-PAY_9A231A75-TYPO
SET_A83B4035,MERCH_031,1344700,26894,4840,0,0,0,1312966,INR,PROCESSED,2026-07-18T16:01:42Z,REF-PAY_A011A2C9
SET_27016739,MERCH_047,473100,9462,1703,0,0,0,461935,INR,PROCESSED,2026-07-26T08:33:28Z,REF-PAY_A42FAC93
SET_DF5BF244,MERCH_014,1538200,30764,5537,0,0,0,1501899,INR,PROCESSED,2026-08-16T11:48:27Z,REF-PAY_0862452D
SET_F24E4D27,MERCH_049,1310000,26200,4716,0,0,0,1279084,INR,PROCESSED,2026-08-09T20:05:07Z,REF-PAY_7E1C7BA9
SET_8C026CBC,MERCH_008,1349500,26990,4858,0,0,0,1317652,INR,PROCESSED,2026-08-22T00:21:14Z,REF-PAY_4FE294B1
SET_86459E7C,MERCH_004,1393900,27878,5018,0,0,0,1361004,INR,PROCESSED,2026-07-04T06:44:48Z,REF-PAY_F0CB3755
SET_83FD2B2A,MERCH_049,571600,11432,2057,285800,0,0,272311,INR,PROCESSED,2026-08-20T06:37:15Z,REF-PAY_B4C92F87
SET_ACD2ACA6,MERCH_010,162900,3258,586,0,0,0,159056,INR,PROCESSED,2026-08-31T15:38:44Z,REF-PAY_5E4878A0
SET_6311DC92,MERCH_012,60000000,1200000,216000,0,0,0,58584000,INR,PROCESSED,2026-08-31T21:08:15Z,SETTLE-MERCH_012-HV
SET_6C90CB95,MERCH_010,730900,14618,2631,0,0,0,713651,INR,PROCESSED,2026-08-20T18:19:29Z,REF-PAY_A7604DAF
SET_2391BDB4,MERCH_024,1356200,27124,4882,0,0,0,1324194,INR,PROCESSED,2026-09-03T06:26:54Z,REF-PAY_2A2251B7
SET_6461B0A8,MERCH_048,689900,13798,2483,0,0,0,673619,INR,PROCESSED,2026-08-21T03:56:27Z,REF-PAY_0E8DE81E
SET_F3B95DE5,MERCH_013,1526600,30532,5495,0,1526600,0,-36027,INR,PROCESSED,2026-08-16T07:29:28Z,REF-PAY_A96FFECE
SET_B2DBE54C,MERCH_016,991700,19834,3570,0,0,0,968196,INR,PROCESSED,2026-08-13T17:08:23Z,REF-PAY_D25D667E
SET_A8680C70,MERCH_015,220500,4410,793,0,0,0,215297,INR,PROCESSED,2026-07-12T10:53:57Z,REF-PAY_168FE321
SET_E388B554,MERCH_011,380800,7616,1370,0,0,0,371814,INR,PROCESSED,2026-07-27T14:26:28Z,REF-PAY_70C3377E
SET_55F7A56E,MERCH_008,1949500,38990,7018,0,0,0,1903492,INR,PROCESSED,2026-07-26T04:45:47Z,REF-PAY_7B539325
SET_B094399E,MERCH_004,1770100,35402,6372,0,0,0,1728326,INR,PROCESSED,2026-07-03T17:23:51Z,REF-PAY_AE36AB42
SET_63AF5641,MERCH_031,833700,16674,3001,0,0,0,814075,INR,PROCESSED,2026-08-13T06:59:03Z,REF-PAY_0671F73B
SET_D06BE0D3,MERCH_049,295400,5908,1063,0,0,0,288429,INR,PROCESSED,2026-08-23T03:42:42Z,REF-PAY_9301ECB7
SET_CDDB5023,MERCH_016,729100,14582,2624,0,0,0,711894,INR,PROCESSED,2026-09-03T02:05:56Z,REF-PAY_EF9B86B4
SET_465CE16C,MERCH_019,532100,10642,1915,0,532100,0,-12557,INR,PROCESSED,2026-07-24T11:06:19Z,REF-PAY_E4020035
SET_E8D9BD4E,MERCH_038,627800,12556,2260,0,0,0,612884,INR,PROCESSED,2026-07-29T23:12:23Z,REF-PAY_FAA4CC3D
SET_9D85EC9B,MERCH_043,892200,17844,3211,0,0,0,871145,INR,PROCESSED,2026-07-12T10:31:22Z,REF-PAY_90258050
SET_E632695C,MERCH_019,1066700,21334,3840,0,0,0,1041526,INR,PROCESSED,2026-08-15T15:51:11Z,REF-PAY_A1F277D7
SET_ADF53236,MERCH_049,125800,2516,452,0,0,0,122832,INR,PROCESSED,2026-07-21T12:22:00Z,REF-PAY_980F64FB
SET_6708FD03,MERCH_049,1874400,37488,6747,0,0,0,1830165,INR,PROCESSED,2026-07-25T10:48:02Z,REF-PAY_F1BF39C8
SET_452AF827,MERCH_025,1570900,31418,5655,0,0,0,1533827,INR,PROCESSED,2026-08-21T02:05:02Z,REF-PAY_568504D8
SET_CE7188EB,MERCH_020,1766500,35330,6359,883250,0,0,841561,INR,PROCESSED,2026-07-17T23:12:23Z,REF-PAY_8AC1FD38
SET_EAB55EA2,MERCH_017,504900,10098,1817,0,504900,0,-11915,INR,PROCESSED,2026-07-29T20:36:00Z,REF-PAY_731678BD
SET_115A9E4C,MERCH_047,677800,13556,2440,0,0,0,661704,INR,PROCESSED,2026-08-12T00:19:37Z,REF-PAY_5E3CFA6F
SET_1D7B3ED8,MERCH_021,1005000,20100,3618,0,0,0,981282,INR,PROCESSED,2026-07-31T23:22:58Z,REF-PAY_1569D87F
SET_B030ECD9,MERCH_025,1628300,32566,5861,0,0,0,1589873,INR,PROCESSED,2026-08-08T09:12:01Z,REF-PAY_605A00C3
SET_2B176276,MERCH_037,285600,5712,1028,0,0,0,278860,INR,PROCESSED,2026-08-24T09:39:06Z,REF-PAY_F72B7D5A
SET_A613B1F5,MERCH_019,1391500,27830,5009,0,0,0,1358561,INR,PROCESSED,2026-07-05T09:53:12Z,REF-PAY_7F4F31C2
SET_3E2AE4CA,MERCH_026,1008600,20172,3630,0,0,0,946698,INR,PROCESSED,2026-08-18T16:55:19Z,REF-PAY_65BA6516
SET_719DA37E,MERCH_017,1303800,26076,4693,0,0,0,1273031,INR,PROCESSED,2026-07-21T08:33:12Z,REF-PAY_83AE05A6
SET_698592C0,MERCH_048,1266100,25322,4557,0,0,0,1236221,INR,PROCESSED,2026-08-07T06:47:01Z,REF-PAY_9F3E21A0
SET_AF9F8051,MERCH_019,30000000,600000,108000,0,0,0,29292000,INR,PROCESSED,2026-07-25T15:10:12Z,SETTLE-MERCH_019-HV
SET_DAD6BBD5,MERCH_049,284900,5698,1025,0,0,0,278177,INR,PROCESSED,2026-08-23T13:02:05Z,REF-PAY_59F239EC
SET_32FAE30E,MERCH_025,781800,15636,2814,0,0,0,763350,INR,PROCESSED,2026-08-13T15:33:52Z,REF-PAY_8C1FC9B5
SET_B5E7B3EE,MERCH_010,1773700,35474,6385,0,0,0,1731841,INR,PROCESSED,2026-08-02T14:26:05Z,REF-PAY_AB74B137
SET_EA3F97EE,MERCH_048,425500,8510,1531,0,425500,0,-10041,INR,PROCESSED,2026-07-03T09:21:07Z,REF-PAY_CFA71C92
SET_04AC6DEC,MERCH_017,269000,5380,968,134500,0,0,128152,INR,PROCESSED,2026-07-23T22:13:48Z,REF-PAY_512DAAF5
SET_44BB3F01,MERCH_033,1060900,21218,3819,0,0,0,1035763,INR,PROCESSED,2026-08-15T13:37:41Z,REF-PAY_951B552C
SET_95A0BEE3,MERCH_017,480700,9614,1730,0,0,0,469356,INR,PROCESSED,2026-08-27T21:35:59Z,REF-PAY_7DB0D480
SET_0102F524,MERCH_016,1186900,23738,4272,0,0,0,1158890,INR,PROCESSED,2026-09-03T17:30:23Z,REF-PAY_EE07161D
SET_F64BB082,MERCH_040,1077700,21554,3879,538850,0,0,513417,INR,PROCESSED,2026-07-13T02:02:30Z,REF-PAY_845F2801
SET_6DBF62F3,MERCH_047,1957600,39152,7047,0,0,0,1911401,INR,PROCESSED,2026-08-07T11:20:29Z,REF-PAY_E87E251A
SET_1E3ECFD6,MERCH_012,1215800,24316,4376,0,0,0,1187108,INR,PROCESSED,2026-07-14T15:33:51Z,REF-PAY_D3E8D5FF-TYPO
SET_7AE85427,MERCH_016,111100,2222,399,0,0,0,108479,INR,PROCESSED,2026-07-25T08:22:16Z,SETTLE-MERCH_016-BULK
SET_0D14A5C0,MERCH_011,306900,6138,1104,0,0,0,299658,INR,PROCESSED,2026-07-24T00:52:01Z,REF-PAY_B3B240DF
SET_1EC973E1,MERCH_040,1025300,20506,3691,0,0,0,1001103,INR,PROCESSED,2026-07-29T18:04:07Z,REF-PAY_012B2F21
SET_C2474503,MERCH_011,1833900,36678,6602,0,0,0,1790620,INR,PROCESSED,2026-08-05T06:37:27Z,REF-PAY_F6AAA636-TYPO
SET_B5E53F36,MERCH_026,512500,10250,1845,0,0,0,474605,INR,PROCESSED,2026-08-31T01:37:48Z,REF-PAY_FEB4C78A
SET_E27A7EDF,MERCH_015,1649400,32988,5937,824700,0,0,785775,INR,PROCESSED,2026-08-27T14:05:17Z,REF-PAY_93BAF51E
SET_7B85D6E8,MERCH_039,975700,19514,3512,0,0,0,952674,INR,PROCESSED,2026-08-29T17:16:32Z,SETTLE-MERCH_039-BULK
SET_329A102B,MERCH_032,128000,2560,460,0,0,0,124980,INR,PROCESSED,2026-08-13T04:42:38Z,REF-PAY_AA4E8624
SET_158F3112,MERCH_038,279800,5596,1007,139900,0,0,133297,INR,PROCESSED,2026-08-11T01:15:04Z,REF-PAY_F4EB2343
SET_BECE11BF,MERCH_018,1592300,31846,5732,0,0,0,1554722,INR,PROCESSED,2026-08-16T00:43:07Z,REF-PAY_9669422E
SET_A7F5B786,MERCH_005,1934100,38682,6962,0,0,0,1888456,INR,PROCESSED,2026-07-07T07:12:01Z,REF-PAY_ABE8395E
SET_1321EBB0,MERCH_008,289400,5788,1041,0,0,0,282571,INR,PROCESSED,2026-07-23T18:05:50Z,REF-PAY_571C10BC
SET_A3BCCAAE,MERCH_042,1851000,37020,6663,0,0,0,1807317,INR,PROCESSED,2026-07-15T08:14:50Z,REF-PAY_91866A5A
SET_557935C9,MERCH_004,955700,19114,3440,0,0,0,933146,INR,PROCESSED,2026-07-18T18:19:40Z,REF-PAY_6DE44FA2
SET_98CC217A,MERCH_007,361300,7226,1300,0,0,0,352774,INR,PROCESSED,2026-07-20T11:34:01Z,REF-PAY_5EA12F5E
SET_7239DA2C,MERCH_023,1434700,28694,5164,0,0,0,1400842,INR,PROCESSED,2026-07-08T13:24:18Z,REF-PAY_2DCF54B6
SET_50E274D9,MERCH_033,673600,13472,2424,0,0,0,657704,INR,PROCESSED,2026-08-11T01:51:24Z,SETTLE-MERCH_033-BULK
SET_9A1A8CF0,MERCH_043,42800,856,154,0,0,0,41790,INR,PROCESSED,2026-08-22T05:08:42Z,REF-PAY_F2C0B71B
SET_80B395C1,MERCH_035,1358400,27168,4890,0,0,0,1326242,INR,PROCESSED,2026-07-13T15:12:07Z,REF-PAY_B5CBFD8D
SET_746EE6AE,MERCH_012,1065000,21300,3834,0,0,0,992366,INR,PROCESSED,2026-09-03T17:31:21Z,REF-PAY_005F1AB3
SET_2B7D21C7,MERCH_043,975100,19502,3510,0,0,0,952088,INR,PROCESSED,2026-07-28T11:15:41Z,REF-PAY_7028FAC1
SET_96E540A8,MERCH_034,953300,19066,3431,0,0,0,930803,INR,PROCESSED,2026-07-18T11:41:27Z,REF-PAY_210A3291
SET_35B3DB28,MERCH_007,738200,14764,2657,0,0,0,720779,INR,PROCESSED,2026-08-10T00:47:43Z,SETTLE-MERCH_007-BULK
SET_C27CDF45,MERCH_008,1666700,33334,6000,0,0,0,1627366,INR,PROCESSED,2026-08-22T10:14:22Z,REF-PAY_87EA6A76
SET_FD081A99,MERCH_042,851100,17022,3063,0,0,0,831015,INR,PROCESSED,2026-08-02T22:08:44Z,REF-PAY_B3BA1850
SET_60FAA38E,MERCH_002,989700,19794,3562,0,0,0,966344,INR,PROCESSED,2026-07-14T06:49:17Z,REF-PAY_03EF2E4C
SET_65BD8148,MERCH_001,1755800,35116,6320,877900,0,0,836464,INR,PROCESSED,2026-08-02T05:06:17Z,REF-PAY_C7B1C286
SET_8D33BF97,MERCH_027,1497800,29956,5392,0,0,0,1462452,INR,PROCESSED,2026-07-11T04:30:24Z,REF-PAY_2CD4C6F0
SET_D708C119,MERCH_026,1098600,21972,3954,0,0,0,1072674,INR,PROCESSED,2026-08-09T14:21:28Z,REF-PAY_970DEDCF
SET_8326E710,MERCH_035,615000,12300,2214,0,0,0,600386,INR,PROCESSED,2026-08-02T15:07:58Z,REF-PAY_27894EF1
SET_14375653,MERCH_003,224500,4490,808,0,0,0,219202,INR,PROCESSED,2026-07-18T06:26:55Z,REF-PAY_31DBD9BE
SET_454CDD64,MERCH_016,889600,17792,3202,0,0,0,868656,INR,PROCESSED,2026-07-17T02:47:54Z,REF-PAY_C3B0DC64
SET_46D9F7F6,MERCH_018,1697000,33940,6109,848500,0,0,808451,INR,PROCESSED,2026-07-13T16:32:34Z,REF-PAY_3A4D4E05
SET_59A9503C,MERCH_016,1997300,39946,7190,0,0,0,1950164,INR,PROCESSED,2026-08-03T11:34:21Z,REF-PAY_CBF78245
SET_CEDF2EBC,MERCH_032,1910600,38212,6878,0,0,0,1865510,INR,PROCESSED,2026-08-19T08:48:59Z,REF-PAY_6B4B15E2
SET_B4F86986,MERCH_012,1435700,28714,5168,0,0,0,1401818,INR,PROCESSED,2026-08-04T01:36:17Z,REF-PAY_16118BF3
SET_41A6CC54,MERCH_013,1833900,36678,6602,0,0,0,1790620,INR,PROCESSED,2026-07-15T00:15:25Z,REF-PAY_DC282B8A
SET_4A694678,MERCH_030,170300,3406,613,0,0,0,166281,INR,PROCESSED,2026-07-07T14:01:18Z,REF-PAY_375B3E28
SET_679208BC,MERCH_035,471200,9424,1696,0,0,0,459980,INR,PROCESSED,2026-07-18T10:56:37Z,REF-PAY_09B6DDD9
SET_374AAD1A,MERCH_048,1693900,33878,6098,0,0,0,1653924,INR,PROCESSED,2026-08-24T11:51:43Z,REF-PAY_259946B1
SET_DDE92D77,MERCH_028,83800,1676,301,41900,0,0,39923,INR,PROCESSED,2026-07-07T03:29:14Z,REF-PAY_80D4729E
SET_824CD0E8,MERCH_008,1521800,30436,5478,760900,0,0,724986,INR,PROCESSED,2026-07-29T21:51:39Z,REF-PAY_47A8B830
SET_E2999DB6,MERCH_027,57400,1148,206,0,0,0,56046,INR,PROCESSED,2026-08-11T08:52:58Z,REF-PAY_F0C2FCAF
SET_2E292EAA,MERCH_043,88200,1764,317,0,0,0,86119,INR,PROCESSED,2026-08-16T02:44:33Z,REF-PAY_EC5B442E
SET_29DE2EB0,MERCH_009,543200,10864,1955,0,0,0,530381,INR,PROCESSED,2026-07-21T08:15:12Z,REF-PAY_5126EA68-TYPO
SET_3295A7CB,MERCH_031,30000000,600000,108000,0,0,0,29292000,INR,PROCESSED,2026-07-28T18:24:02Z,SETTLE-MERCH_031-HV
SET_2B52E3BA,MERCH_010,1611800,32236,5802,0,0,0,1573762,INR,PROCESSED,2026-08-29T02:57:18Z,REF-PAY_06C9A682
SET_CFB77330,MERCH_017,488200,9764,1757,0,0,0,476679,INR,PROCESSED,2026-08-17T04:11:16Z,REF-PAY_9FDE5C38
SET_A860AD61,MERCH_003,1157100,23142,4165,0,0,0,1129793,INR,PROCESSED,2026-08-06T03:06:16Z,REF-PAY_237DD0EE
SET_CF20815F,MERCH_040,1173900,23478,4226,0,0,0,1146196,INR,PROCESSED,2026-07-17T01:33:24Z,REF-PAY_D45F0CA9
SET_4806EDC3,MERCH_040,557000,11140,2005,0,0,0,543855,INR,PROCESSED,2026-08-29T07:37:47Z,REF-PAY_86BFD7E4
SET_1322C86B,MERCH_017,1449800,28996,5219,0,1449800,0,-34215,INR,PROCESSED,2026-08-22T02:03:20Z,REF-PAY_521C40EF
SET_4F9DDD33,MERCH_024,624300,12486,2247,0,0,0,609567,INR,PROCESSED,2026-08-01T23:56:49Z,REF-PAY_900C3EC6
SET_14D2D2E7,MERCH_022,1551800,31036,5586,0,0,0,1515178,INR,PROCESSED,2026-08-25T11:18:21Z,REF-PAY_27CA04F2
SET_1618B7C8,MERCH_029,30000000,600000,108000,0,0,0,29292000,INR,PROCESSED,2026-07-08T16:19:34Z,SETTLE-MERCH_029-HV
SET_DF122403,MERCH_044,645500,12910,2323,0,0,0,630267,INR,PROCESSED,2026-08-28T17:28:00Z,REF-PAY_A4A9DE16
SET_C775EC62,MERCH_037,30000000,600000,108000,0,0,0,29292000,INR,PROCESSED,2026-07-12T22:10:48Z,SETTLE-MERCH_037-HV
SET_C6FC1624,MERCH_045,1171000,23420,4215,0,0,0,1143365,INR,PROCESSED,2026-07-14T04:49:53Z,REF-PAY_98D72297
SET_81E01358,MERCH_016,902000,18040,3247,0,0,0,880713,INR,PROCESSED,2026-07-09T05:22:12Z,REF-PAY_57A4DEE9
SET_1BCBEB1F,MERCH_041,15000000,300000,54000,0,0,0,14646000,INR,PROCESSED,2026-09-03T00:07:12Z,SETTLE-MERCH_041-HV
SET_A2ABC452,MERCH_028,1034400,20688,3723,0,0,0,1009989,INR,PROCESSED,2026-08-23T08:30:22Z,REF-PAY_9313ADFC
SET_8EC2F5DD,MERCH_032,516100,10322,1857,0,0,0,503821,INR,PROCESSED,2026-07-06T13:06:40Z,REF-PAY_78965C4F
SET_30AA6C57,MERCH_023,5500000,110000,19800,0,0,0,5370200,INR,PROCESSED,2026-07-14T23:27:54Z,SETTLE-MERCH_023-HV
SET_22B70AFB,MERCH_011,933700,18674,3361,0,0,0,911665,INR,PROCESSED,2026-08-29T10:58:12Z,REF-PAY_2BDCE56A
SET_422A9C1C,MERCH_018,1978500,39570,7122,0,0,0,1931808,INR,PROCESSED,2026-08-28T17:15:08Z,REF-PAY_6985C443
SET_65A459D1,MERCH_044,1206800,24136,4344,0,0,0,1178220,INR,PROCESSED,2026-08-31T05:56:08Z,REF-PAY_EAE9FD23
SET_27C51805,MERCH_042,1952900,39058,7030,0,0,0,1906812,INR,PROCESSED,2026-08-28T09:54:57Z,REF-PAY_A2BA5166
SET_6D74C44B,MERCH_045,748600,14972,2694,0,0,0,730934,INR,PROCESSED,2026-09-01T14:17:19Z,REF-PAY_B54FD1FA-TYPO
SET_AF7347C1,MERCH_018,512600,10252,1845,0,0,0,500503,INR,PROCESSED,2026-07-24T13:55:34Z,REF-PAY_7818B4FA
SET_ABDFDC82,MERCH_005,485600,9712,1748,242800,0,0,231340,INR,PROCESSED,2026-09-03T09:39:14Z,REF-PAY_86B1422F
SET_6BE15C47,MERCH_028,966300,19326,3478,0,0,0,943496,INR,PROCESSED,2026-08-21T21:31:58Z,REF-PAY_0A095F5C
SET_C8958A97,MERCH_028,1688500,33770,6078,0,0,0,1648552,INR,PROCESSED,2026-08-28T04:25:49Z,REF-PAY_34B28C87
SET_D97D9CA7,MERCH_007,411200,8224,1480,0,0,0,401496,INR,PROCESSED,2026-08-06T00:27:35Z,REF-PAY_6232BAA5
SET_13A4A85B,MERCH_032,278400,5568,1002,0,0,0,271830,INR,PROCESSED,2026-07-17T06:19:46Z,REF-PAY_3428FA34
SET_55955AF5,MERCH_044,193100,3862,695,0,0,0,158543,INR,PROCESSED,2026-08-16T18:38:01Z,REF-PAY_4368F2FB
SET_DBD90E06,MERCH_011,1478000,29560,5320,0,0,0,1443120,INR,PROCESSED,2026-07-31T21:05:48Z,REF-PAY_49C3B406
SET_8247A7FD,MERCH_037,301300,6026,1084,0,0,0,294190,INR,PROCESSED,2026-08-13T17:26:25Z,REF-PAY_8DEE962C
SET_71F85446,MERCH_039,477800,9556,1720,0,0,0,466524,INR,PROCESSED,2026-08-05T06:06:15Z,REF-PAY_30663AEB
SET_C00B3246,MERCH_029,686400,13728,2471,0,0,0,670201,INR,PROCESSED,2026-08-26T18:04:16Z,REF-PAY_B51EA5CB
SET_245EEA1C,MERCH_049,208300,4166,749,0,0,0,203385,INR,PROCESSED,2026-07-22T16:24:27Z,REF-PAY_523E32C0
SET_5D4FBF9B,MERCH_043,574600,11492,2068,0,0,0,521740,INR,PROCESSED,2026-08-20T19:56:11Z,REF-PAY_460976CE
SET_F1920C89,MERCH_021,1513300,30266,5447,0,0,0,1477587,INR,PROCESSED,2026-08-06T17:11:50Z,REF-PAY_F47D7049
SET_5DBFFFEF,MERCH_026,850700,17014,3062,0,0,0,830624,INR,PROCESSED,2026-07-04T10:07:43Z,REF-PAY_17B502FE
SET_E2249275,MERCH_012,691700,13834,2490,0,0,0,642176,INR,PROCESSED,2026-07-03T03:37:46Z,REF-PAY_F6BEBDAA
SET_FE17AAE5,MERCH_031,1744100,34882,6278,0,0,0,1702940,INR,PROCESSED,2026-08-15T09:12:33Z,REF-PAY_1414A4C7-TYPO
SET_8001A60E,MERCH_028,1680800,33616,6050,0,0,0,1641034,INR,PROCESSED,2026-07-05T17:38:55Z,REF-PAY_2A165BDC
SET_2D6DB4F5,MERCH_018,1172400,23448,4220,0,0,0,1144632,INR,PROCESSED,2026-07-20T12:45:37Z,REF-PAY_F658B058
SET_71EE878E,MERCH_036,36700,734,132,0,0,0,35834,INR,PROCESSED,2026-08-07T03:03:27Z,SETTLE-MERCH_036-BULK
SET_B40AB433,MERCH_048,895100,17902,3222,0,0,0,873976,INR,PROCESSED,2026-08-06T15:50:58Z,REF-PAY_D56A0532
SET_DCF42B4E,MERCH_015,1954200,39084,7035,0,0,0,1908081,INR,PROCESSED,2026-07-12T22:49:49Z,REF-PAY_EE3513BF
SET_D1B71249,MERCH_003,1757900,35158,6328,0,0,0,1716414,INR,PROCESSED,2026-08-09T19:26:09Z,REF-PAY_6791816B
SET_BE92E3F3,MERCH_046,15000000,300000,54000,0,0,0,14646000,INR,PROCESSED,2026-07-19T20:18:59Z,SETTLE-MERCH_046-HV
SET_A2EF8E3B,MERCH_023,524300,10486,1887,0,0,0,511927,INR,PROCESSED,2026-07-28T20:58:02Z,REF-PAY_2423C0DD
SET_8B801138,MERCH_044,713700,14274,2569,0,0,0,696857,INR,PROCESSED,2026-08-24T00:24:25Z,REF-PAY_AE080AFF
SET_B3303594,MERCH_005,1856900,37138,6684,0,0,0,1813078,INR,PROCESSED,2026-07-24T19:59:50Z,REF-PAY_086E2E07
SET_66697BC8,MERCH_017,792900,15858,2854,0,0,0,774188,INR,PROCESSED,2026-08-19T07:47:16Z,REF-PAY_2CBC1342
SET_7882D95A,MERCH_035,72400,1448,260,0,72400,0,-1708,INR,PROCESSED,2026-07-12T20:56:03Z,REF-PAY_0BFF0F02
SET_39167E2B,MERCH_015,1965800,39316,7076,0,0,0,1919408,INR,PROCESSED,2026-08-10T12:20:59Z,REF-PAY_D0E25F1E
SET_541D07C6,MERCH_022,350500,7010,1261,0,0,0,342229,INR,PROCESSED,2026-09-03T00:22:14Z,REF-PAY_C33DEB55-TYPO
SET_109EBBC8,MERCH_015,1746700,34934,6288,0,0,0,1705478,INR,PROCESSED,2026-09-03T16:35:08Z,REF-PAY_D88C3E62
SET_B8671288,MERCH_011,1545300,30906,5563,0,0,0,1508831,INR,PROCESSED,2026-08-29T03:09:43Z,REF-PAY_192C6094
SET_89A1097F,MERCH_048,1792800,35856,6454,0,0,0,1750490,INR,PROCESSED,2026-08-17T22:41:23Z,REF-PAY_C0BA10E8
SET_CE5AF3F2,MERCH_003,457200,9144,1645,0,0,0,446411,INR,PROCESSED,2026-07-26T18:56:24Z,REF-PAY_67D461C3
SET_880D1C49,MERCH_010,1757100,35142,6325,878550,0,0,837083,INR,PROCESSED,2026-08-19T18:55:38Z,REF-PAY_3B7025A0
SET_F75B0804,MERCH_021,1573900,31478,5666,0,1573900,0,-37144,INR,PROCESSED,2026-08-19T04:31:54Z,REF-PAY_F98F5BC2
SET_DE5412FD,MERCH_011,1433600,28672,5160,0,0,0,1399768,INR,PROCESSED,2026-07-21T18:03:50Z,REF-PAY_F8C4021A-TYPO
SET_6C2C9A06,MERCH_006,496200,9924,1786,0,0,0,484390,INR,PROCESSED,2026-08-19T03:46:02Z,REF-PAY_EE44B4C1
SET_C35A07A6,MERCH_041,82500,1650,297,0,0,0,80553,INR,PROCESSED,2026-08-08T06:19:39Z,REF-PAY_F514AFA5
SET_9DC2CA36,MERCH_012,903300,18066,3251,0,0,0,881983,INR,PROCESSED,2026-09-03T07:35:35Z,REF-PAY_D3FBC4C0
SET_D46F514B,MERCH_032,15000000,300000,54000,0,0,0,14646000,INR,PROCESSED,2026-08-28T17:28:22Z,SETTLE-MERCH_032-HV
SET_D2E6A88A,MERCH_027,503700,10074,1813,0,0,0,491813,INR,PROCESSED,2026-07-31T22:54:26Z,REF-PAY_97AA2C6D
SET_4CC0B0A1,MERCH_006,809000,16180,2912,0,0,0,789908,INR,PROCESSED,2026-08-21T13:16:42Z,REF-PAY_2148786E
SET_9AB1E2F0,MERCH_009,1143600,22872,4116,0,1143600,0,-26988,INR,PROCESSED,2026-08-05T21:33:37Z,REF-PAY_069C2068
SET_FD2CBE12,MERCH_044,970800,19416,3494,0,0,0,947890,INR,PROCESSED,2026-07-27T11:39:18Z,REF-PAY_1075A0FE
SET_D54ED9A8,MERCH_042,208000,4160,748,0,0,0,203092,INR,PROCESSED,2026-08-19T20:49:39Z,REF-PAY_0608DD81
SET_1E85447F,MERCH_042,492600,9852,1773,0,0,0,442975,INR,PROCESSED,2026-08-09T22:37:57Z,REF-PAY_63E21DDA
SET_9BBD801C,MERCH_021,256900,5138,924,0,0,0,250838,INR,PROCESSED,2026-08-15T01:56:58Z,REF-PAY_5172FA9D
SET_63CEDA24,MERCH_030,1430800,28616,5150,715400,0,0,681634,INR,PROCESSED,2026-08-16T10:45:35Z,REF-PAY_7CC3C540
SET_909B74F8,MERCH_010,830400,16608,2989,0,0,0,810803,INR,PROCESSED,2026-08-08T08:08:15Z,REF-PAY_736E43A9
SET_AC0F3ADC,MERCH_040,1822000,36440,6559,0,0,0,1779001,INR,PROCESSED,2026-08-26T07:00:36Z,REF-PAY_C8DDA744
SET_A7CA5C0C,MERCH_020,711400,14228,2561,0,0,0,694611,INR,PROCESSED,2026-07-11T08:54:00Z,REF-PAY_8788303A
SET_19990608,MERCH_038,67000,1340,241,0,0,0,65419,INR,PROCESSED,2026-07-18T07:11:47Z,REF-PAY_E7A281BB
SET_D3392AD3,MERCH_030,1704100,34082,6134,0,0,0,1663884,INR,PROCESSED,2026-08-30T12:03:18Z,REF-PAY_6B55094E
SET_07C68CB9,MERCH_043,189000,3780,680,0,0,0,184540,INR,PROCESSED,2026-08-16T09:51:43Z,REF-PAY_75C80EF6-TYPO
SET_04A3DC35,MERCH_043,704400,14088,2535,0,0,0,687777,INR,PROCESSED,2026-08-10T04:42:35Z,REF-PAY_25B1859D
SET_C7DEA1AF,MERCH_041,660400,13208,2377,0,0,0,644815,INR,PROCESSED,2026-07-22T01:22:54Z,REF-PAY_A645DCF9
SET_41EACECF,MERCH_048,175200,3504,630,0,0,0,171066,INR,PROCESSED,2026-08-23T16:35:45Z,REF-PAY_AD9ACDDD
SET_16F76250,MERCH_002,1670900,33418,6015,0,0,0,1631517,INR,PROCESSED,2026-08-18T09:55:49Z,REF-PAY_BEDEF7EC
SET_0253B868,MERCH_015,1122300,22446,4040,0,0,0,1095814,INR,PROCESSED,2026-08-10T04:27:42Z,REF-PAY_55DE200B
SET_AE7F3808,MERCH_029,948900,18978,3416,0,0,0,926506,INR,PROCESSED,2026-08-14T04:38:27Z,REF-PAY_419A7359
SET_310E36E7,MERCH_005,1407800,28156,5068,0,0,0,1374576,INR,PROCESSED,2026-08-11T13:46:37Z,REF-PAY_2533C048
SET_584EF31A,MERCH_025,60000000,1200000,216000,0,0,0,58584000,INR,PROCESSED,2026-08-27T14:01:54Z,SETTLE-MERCH_025-HV
SET_28C4477C,MERCH_043,1966400,39328,7079,0,0,0,1919993,INR,PROCESSED,2026-07-05T06:01:45Z,REF-PAY_48FA1AE1
SET_5488D34B,MERCH_014,1971500,39430,7097,0,0,0,1907173,INR,PROCESSED,2026-08-08T16:55:04Z,REF-PAY_4FBF0B91
SET_D5A55CB9,MERCH_033,1568200,31364,5645,0,0,0,1531191,INR,PROCESSED,2026-08-13T01:34:13Z,REF-PAY_8EB5B5B7
SET_AD15BC91,MERCH_024,1228900,24578,4424,0,0,0,1199898,INR,PROCESSED,2026-08-08T10:51:11Z,REF-PAY_9A814712
SET_9302FE1C,MERCH_041,1620900,32418,5835,0,0,0,1582647,INR,PROCESSED,2026-08-09T10:42:42Z,REF-PAY_5274F264
SET_B3B66D2E,MERCH_018,1127000,22540,4057,0,0,0,1100403,INR,PROCESSED,2026-08-30T12:58:25Z,REF-PAY_F7421E47
SET_2E14565F,MERCH_008,272200,5444,979,0,0,0,265777,INR,PROCESSED,2026-08-20T03:01:24Z,REF-PAY_6CCAA037-TYPO
SET_44BE48B6,MERCH_009,70600,1412,254,0,0,0,68934,INR,PROCESSED,2026-07-04T02:55:37Z,REF-PAY_E49FD83A
SET_39B185F1,MERCH_002,1604900,32098,5777,0,0,0,1567025,INR,PROCESSED,2026-07-17T14:48:27Z,REF-PAY_8729197B
SET_573CA9D5,MERCH_029,406400,8128,1463,0,0,0,396709,INR,PROCESSED,2026-08-09T08:34:22Z,REF-PAY_574AE6CE
SET_D98862AF,MERCH_033,271500,5430,977,0,0,0,265093,INR,PROCESSED,2026-07-31T23:39:51Z,REF-PAY_8313F292
SET_95D4EA81,MERCH_006,1900800,38016,6842,0,0,0,1855942,INR,PROCESSED,2026-07-04T20:52:57Z,REF-PAY_9BCF9EDE
SET_CDCC1510,MERCH_032,934700,18694,3364,0,0,0,912642,INR,PROCESSED,2026-08-11T23:29:51Z,REF-PAY_55ACB2E0
SET_641E81F7,MERCH_031,1233200,24664,4439,0,0,0,1204097,INR,PROCESSED,2026-07-16T19:22:08Z,REF-PAY_D8AE4534
SET_428040D0,MERCH_006,1847800,36956,6652,0,0,0,1804192,INR,PROCESSED,2026-08-03T17:24:38Z,REF-PAY_F983CD3F
SET_F312EDC3,MERCH_006,1866800,37336,6720,0,0,0,1822744,INR,PROCESSED,2026-08-17T21:30:38Z,REF-PAY_37A47FEA
SET_FB6809B4,MERCH_025,290700,5814,1046,0,0,0,283840,INR,PROCESSED,2026-07-29T00:14:01Z,REF-PAY_A7F1497D
SET_CCD1E76A,MERCH_012,662400,13248,2384,0,0,0,646768,INR,PROCESSED,2026-08-13T02:39:34Z,REF-PAY_3172325D
SET_ED80F2BB,MERCH_025,1095100,21902,3942,0,0,0,1069256,INR,PROCESSED,2026-07-30T08:35:29Z,REF-PAY_C3A84B54
SET_9B85C189,MERCH_003,60000000,1200000,216000,0,0,0,58584000,INR,PROCESSED,2026-07-11T08:31:10Z,SETTLE-MERCH_003-HV
SET_E2DBAAC8,MERCH_006,241800,4836,870,0,0,0,236094,INR,PROCESSED,2026-07-24T23:06:27Z,REF-PAY_C431C133-TYPO
SET_9F7493E0,MERCH_023,1242000,24840,4471,0,0,0,1212689,INR,PROCESSED,2026-07-23T01:07:32Z,REF-PAY_7B5D2413
SET_D555E59B,MERCH_027,1377000,27540,4957,0,0,0,1344503,INR,PROCESSED,2026-07-18T09:26:25Z,REF-PAY_608B8750
SET_73F01EB9,MERCH_004,755300,15106,2719,0,0,0,721875,INR,PROCESSED,2026-08-29T14:34:09Z,REF-PAY_01CB6B4F
SET_D0F66026,MERCH_044,1604000,32080,5774,0,0,0,1566146,INR,PROCESSED,2026-07-23T11:17:29Z,REF-PAY_DF8EB429
SET_E2653F16,MERCH_031,321400,6428,1157,0,0,0,313815,INR,PROCESSED,2026-08-18T17:09:30Z,REF-PAY_3BF3AC73
SET_EB16E46E,MERCH_008,1395200,27904,5022,0,0,0,1362274,INR,PROCESSED,2026-07-31T10:09:45Z,REF-PAY_474420AA
SET_F6AAC620,MERCH_001,902000,18040,3247,0,0,0,880613,INR,PROCESSED,2026-08-24T00:52:43Z,REF-PAY_7D035B33
SET_6E7A565D,MERCH_017,358200,7164,1289,0,0,0,349747,INR,PROCESSED,2026-09-02T20:04:30Z,REF-PAY_A4340460
SET_44B20464,MERCH_030,1182000,23640,4255,0,0,0,1154005,INR,PROCESSED,2026-08-28T22:56:23Z,REF-PAY_71C2024A
SET_9AE7CF04,MERCH_039,947400,18948,3410,0,0,0,925042,INR,PROCESSED,2026-08-25T06:55:33Z,REF-PAY_079A87C0-TYPO
SET_1B5DE569,MERCH_043,1680100,33602,6048,0,0,0,1640450,INR,PROCESSED,2026-07-05T12:49:00Z,REF-PAY_4FEB515B
SET_1D127190,MERCH_044,235500,4710,847,0,0,0,229943,INR,PROCESSED,2026-07-17T00:10:00Z,REF-PAY_13AD3683
SET_781B25FF,MERCH_040,1159100,23182,4172,0,0,0,1131746,INR,PROCESSED,2026-07-26T00:23:56Z,REF-PAY_D4969941
SET_03E641CD,MERCH_003,361100,7222,1299,0,0,0,352579,INR,PROCESSED,2026-08-07T15:47:28Z,REF-PAY_68D93A16
SET_CF243626,MERCH_005,223900,4478,806,0,0,0,218616,INR,PROCESSED,2026-08-23T14:32:54Z,REF-PAY_226B8C76-TYPO
SET_98CD9229,MERCH_031,950600,19012,3422,0,0,0,928166,INR,PROCESSED,2026-07-22T20:45:44Z,REF-PAY_29C7F26B
SET_D60FF3A4,MERCH_026,1963800,39276,7069,0,0,0,1917505,INR,PROCESSED,2026-08-31T22:35:56Z,REF-PAY_44160638
SET_41BF7C08,MERCH_037,20000,400,72,0,0,0,19528,INR,PROCESSED,2026-08-16T23:42:54Z,REF-PAY_7CE7E17C
SET_DEC75C70,MERCH_040,12200,244,43,0,0,0,11813,INR,PROCESSED,2026-07-09T01:44:21Z,REF-PAY_852B7E4E
SET_5788E0A0,MERCH_001,177200,3544,637,0,0,0,173019,INR,PROCESSED,2026-07-03T03:18:31Z,REF-PAY_5163CE21
SET_E3640D7A,MERCH_013,608200,12164,2189,0,0,0,593847,INR,PROCESSED,2026-08-03T08:16:37Z,REF-PAY_D8AF2077
SET_68A6B651,MERCH_013,1330300,26606,4789,0,0,0,1298905,INR,PROCESSED,2026-07-19T17:11:07Z,SETTLE-MERCH_013-BULK
SET_C0364681,MERCH_049,115300,2306,415,0,0,0,112579,INR,PROCESSED,2026-08-29T05:58:43Z,REF-PAY_AB9FED40-TYPO
SET_26D332E2,MERCH_021,30000000,600000,108000,0,0,0,29292000,INR,PROCESSED,2026-08-23T07:50:47Z,SETTLE-MERCH_021-HV
SET_9F227B8D,MERCH_042,1315100,26302,4734,0,0,0,1284064,INR,PROCESSED,2026-07-31T17:25:11Z,REF-PAY_B78B1B9C
SET_CBF9D88A,MERCH_009,60000000,1200000,216000,0,0,0,58584000,INR,PROCESSED,2026-08-03T10:58:26Z,SETTLE-MERCH_009-HV
SET_D609B2B1,MERCH_003,1761900,35238,6342,0,0,0,1720320,INR,PROCESSED,2026-08-16T22:26:56Z,REF-PAY_C9ABD89D-TYPO
SET_7B8E80E1,MERCH_039,414700,8294,1492,0,0,0,404914,INR,PROCESSED,2026-08-12T17:05:03Z,REF-PAY_BEDED22D
SET_A8BD71FB,MERCH_007,95000,1900,342,0,0,0,92758,INR,PROCESSED,2026-08-27T16:45:42Z,REF-PAY_A92FE96C
SET_C8B5BCEA,MERCH_040,954100,19082,3434,0,0,0,931584,INR,PROCESSED,2026-09-03T08:15:19Z,REF-PAY_CAB7E03D
SET_7FA3F065,MERCH_018,1295000,25900,4662,0,0,0,1241638,INR,PROCESSED,2026-08-05T23:57:50Z,REF-PAY_9E2BB730
SET_201799FB,MERCH_004,1751700,35034,6306,875850,0,0,834510,INR,PROCESSED,2026-07-07T13:43:14Z,REF-PAY_77CC0351
SET_39D26FF3,MERCH_023,62300,1246,224,0,0,0,60830,INR,PROCESSED,2026-08-20T22:40:53Z,REF-PAY_762EC6FA
SET_D8AB8C2F,MERCH_039,593400,11868,2136,0,0,0,579396,INR,PROCESSED,2026-08-20T20:55:05Z,REF-PAY_17E0A563-TYPO
SET_3248C486,MERCH_031,495400,9908,1783,0,0,0,483709,INR,PROCESSED,2026-07-24T19:21:07Z,REF-PAY_D7DE2ED5
SET_62355B91,MERCH_026,137500,2750,495,0,0,0,134255,INR,PROCESSED,2026-07-17T04:53:48Z,REF-PAY_77C661B0
SET_D6D43A8F,MERCH_003,1783400,35668,6420,0,0,0,1741312,INR,PROCESSED,2026-07-11T01:32:49Z,REF-PAY_5AF6865F
SET_E68DA7EB,MERCH_016,704600,14092,2536,0,0,0,687972,INR,PROCESSED,2026-09-01T06:56:10Z,REF-PAY_CEA69EDF
SET_41645919,MERCH_038,1635700,32714,5888,0,0,0,1597098,INR,PROCESSED,2026-08-22T23:42:53Z,REF-PAY_43E490C5
SET_CC494AF6,MERCH_001,1816000,36320,6537,0,0,0,1773143,INR,PROCESSED,2026-07-22T02:23:21Z,REF-PAY_EC65DA94
SET_1C8E3EFC,MERCH_005,956600,19132,3443,0,956600,0,-22575,INR,PROCESSED,2026-08-19T22:10:45Z,REF-PAY_A776DA96
SET_6FFA2999,MERCH_007,1971300,39426,7096,0,0,0,1891878,INR,PROCESSED,2026-08-31T18:55:35Z,REF-PAY_932195B3
SET_95F3AA1B,MERCH_023,697400,13948,2510,0,0,0,680942,INR,PROCESSED,2026-07-15T03:00:27Z,REF-PAY_B2CE2B6E
SET_9FF81FC1,MERCH_019,943000,18860,3394,0,0,0,920746,INR,PROCESSED,2026-07-09T13:53:23Z,REF-PAY_BC56CDDD
SET_54F9F7FE,MERCH_003,176000,3520,633,0,176000,0,-4153,INR,PROCESSED,2026-07-12T09:08:38Z,REF-PAY_39A9D518
SET_85D1BFA8,MERCH_049,1444000,28880,5198,0,0,0,1409972,INR,PROCESSED,2026-08-12T11:01:29Z,REF-PAY_82B8C44B
SET_E461947E,MERCH_045,575800,11516,2072,287900,0,0,274312,INR,PROCESSED,2026-07-26T08:55:43Z,REF-PAY_BB3634DC
SET_0632D2AE,MERCH_043,1888300,37766,6797,0,0,0,1841637,INR,PROCESSED,2026-08-27T07:41:01Z,REF-PAY_F576109E
SET_13170565,MERCH_005,850500,17010,3061,0,0,0,830429,INR,PROCESSED,2026-07-28T07:02:52Z,REF-PAY_200E8B7E
SET_583DCE15,MERCH_042,469400,9388,1689,0,0,0,458323,INR,PROCESSED,2026-08-13T22:26:14Z,REF-PAY_7D9D9077
SET_4DE0FF09,MERCH_029,123200,2464,443,0,0,0,120293,INR,PROCESSED,2026-08-13T00:42:46Z,REF-PAY_80BAA2B9-TYPO
SET_D77EE0AD,MERCH_033,1824600,36492,6568,0,0,0,1781540,INR,PROCESSED,2026-07-17T10:31:34Z,REF-PAY_7B98E29F
SET_61C25326,MERCH_026,1308200,26164,4709,0,0,0,1277327,INR,PROCESSED,2026-07-11T00:07:55Z,REF-PAY_4F3053D9
SET_CF95AC59,MERCH_015,1753500,35070,6312,0,0,0,1712118,INR,PROCESSED,2026-08-15T04:11:15Z,REF-PAY_FBAC9F8F
SET_F1617167,MERCH_016,1023200,20464,3683,0,0,0,999053,INR,PROCESSED,2026-07-09T04:04:48Z,SETTLE-MERCH_016-BULK
SET_FA6C2E0C,MERCH_008,1186200,23724,4270,0,0,0,1158206,INR,PROCESSED,2026-07-15T23:18:38Z,REF-PAY_566BE416
SET_81F15435,MERCH_047,864300,17286,3111,0,0,0,843903,INR,PROCESSED,2026-07-22T01:22:48Z,REF-PAY_A7ECA6D5
SET_B27E21FE,MERCH_035,480400,9608,1729,240200,0,0,228863,INR,PROCESSED,2026-08-08T01:31:47Z,REF-PAY_4B4F8E33
SET_26430C7D,MERCH_037,891900,17838,3210,0,0,0,870852,INR,PROCESSED,2026-08-15T22:28:50Z,REF-PAY_4930AC17
SET_3546FF7C,MERCH_012,456300,9126,1642,0,0,0,445582,INR,PROCESSED,2026-08-08T05:33:57Z,REF-PAY_EB1FCD09
SET_FAA8F2F8,MERCH_001,1871100,37422,6735,0,0,0,1826943,INR,PROCESSED,2026-08-08T03:08:28Z,REF-PAY_33BF2586
SET_08D6C949,MERCH_040,5500000,110000,19800,0,0,0,5370200,INR,PROCESSED,2026-08-26T10:47:03Z,SETTLE-MERCH_040-HV
SET_3CAA6EB6,MERCH_022,502900,10058,1810,0,0,0,491082,INR,PROCESSED,2026-07-10T01:14:35Z,REF-PAY_16F3B71E
SET_7C05846E,MERCH_001,1928000,38560,6940,0,0,0,1882500,INR,PROCESSED,2026-09-03T06:44:05Z,REF-PAY_D71FE9FF
SET_8DDCA648,MERCH_022,513700,10274,1849,0,513700,0,-12123,INR,PROCESSED,2026-08-21T19:42:39Z,REF-PAY_0B7C8820
SET_BAF304BC,MERCH_034,1493000,29860,5374,0,0,0,1457766,INR,PROCESSED,2026-07-20T15:07:06Z,REF-PAY_B5F84E29-TYPO
SET_6E6F81EE,MERCH_023,1428700,28574,5143,0,0,0,1394983,INR,PROCESSED,2026-07-13T21:35:08Z,REF-PAY_AC6589D1
SET_244B5487,MERCH_016,262600,5252,945,0,0,0,256403,INR,PROCESSED,2026-07-17T17:27:12Z,REF-PAY_48A60AAF
SET_06B0660C,MERCH_020,978600,19572,3522,0,0,0,955506,INR,PROCESSED,2026-08-04T08:22:10Z,REF-PAY_8B4D3BE7
SET_87EE1B68,MERCH_031,264300,5286,951,0,0,0,258063,INR,PROCESSED,2026-07-04T03:51:13Z,REF-PAY_CFA65A51
SET_F5AF6DF9,MERCH_048,1638400,32768,5898,0,0,0,1570334,INR,PROCESSED,2026-07-04T07:59:25Z,REF-PAY_C0F3994E
SET_1AEC7392,MERCH_024,473800,9476,1705,0,473800,0,-11181,INR,PROCESSED,2026-08-03T21:13:18Z,REF-PAY_1DB486C7
SET_3CB9EEEE,MERCH_006,123300,2466,443,0,0,0,101391,INR,PROCESSED,2026-08-26T08:06:47Z,REF-PAY_7030D43F
SET_9A0136AF,MERCH_047,231000,4620,831,0,231000,0,-5451,INR,PROCESSED,2026-07-22T23:02:54Z,REF-PAY_D8815CFF
SET_29EA6477,MERCH_041,1570000,31400,5652,0,0,0,1532848,INR,PROCESSED,2026-07-31T04:55:06Z,REF-PAY_E014DFB8
SET_E06F801C,MERCH_044,432700,8654,1557,0,0,0,422489,INR,PROCESSED,2026-08-23T00:03:53Z,REF-PAY_192ADE81
SET_C6AB6298,MERCH_015,753500,15070,2712,376750,0,0,358968,INR,PROCESSED,2026-08-07T05:56:17Z,REF-PAY_7738DA38
SET_5F122784,MERCH_010,1087100,21742,3913,0,0,0,1061445,INR,PROCESSED,2026-07-10T14:18:51Z,REF-PAY_D5D7553A
SET_6012E481,MERCH_034,395100,7902,1422,0,0,0,385776,INR,PROCESSED,2026-08-07T00:21:06Z,REF-PAY_FA5493F8
SET_821E3001,MERCH_018,378500,7570,1362,0,0,0,369568,INR,PROCESSED,2026-08-03T19:41:57Z,REF-PAY_41D02767
SET_1EEBE6DE,MERCH_023,108100,2162,389,0,0,0,105549,INR,PROCESSED,2026-07-06T19:57:41Z,REF-PAY_11B52405
SET_01BD9CEA,MERCH_034,1441700,28834,5190,0,0,0,1407676,INR,PROCESSED,2026-07-03T12:48:13Z,REF-PAY_8270E53D
SET_0494B4A1,MERCH_048,787900,15758,2836,0,0,0,769356,INR,PROCESSED,2026-08-25T14:13:22Z,REF-PAY_8DB3B0B6
SET_D4C73349,MERCH_008,1847100,36942,6649,0,0,0,1803509,INR,PROCESSED,2026-07-18T23:16:25Z,REF-PAY_CBB3C826
SET_A0434ECF,MERCH_019,1807500,36150,6507,0,0,0,1764843,INR,PROCESSED,2026-09-02T23:12:31Z,REF-PAY_30280147-TYPO
SET_2B9A12B0,MERCH_042,961600,19232,3461,0,0,0,938907,INR,PROCESSED,2026-08-23T07:05:55Z,REF-PAY_824283B1
SET_1ECC5C58,MERCH_049,136100,2722,489,0,0,0,132889,INR,PROCESSED,2026-07-28T02:34:37Z,REF-PAY_621CB622
SET_6EE99112,MERCH_017,1023000,20460,3682,0,0,0,998858,INR,PROCESSED,2026-08-22T10:23:29Z,SETTLE-MERCH_017-BULK
SET_11D16A70,MERCH_037,296300,5926,1066,0,0,0,289308,INR,PROCESSED,2026-07-19T23:00:28Z,REF-PAY_2003954A
SET_98824D7A,MERCH_017,1655300,33106,5959,0,0,0,1616235,INR,PROCESSED,2026-08-05T17:09:29Z,REF-PAY_CE49CA5D
SET_E6714000,MERCH_020,1344100,26882,4838,0,0,0,1312380,INR,PROCESSED,2026-07-29T20:29:08Z,REF-PAY_3D528C38-TYPO
SET_B507584A,MERCH_040,332800,6656,1198,0,0,0,324846,INR,PROCESSED,2026-07-30T11:35:05Z,REF-PAY_1C476ED3
SET_5FE1C6D8,MERCH_011,1328300,26566,4781,0,0,0,1297003,INR,PROCESSED,2026-08-18T23:18:07Z,REF-PAY_F34F3A2D
SET_B991D7F4,MERCH_011,197700,3954,711,0,0,0,193035,INR,PROCESSED,2026-07-16T18:42:35Z,REF-PAY_31B9AC05
SET_531EBC39,MERCH_015,1954600,39092,7036,0,0,0,1908472,INR,PROCESSED,2026-07-29T06:35:27Z,REF-PAY_EB586876
SET_804E5DD4,MERCH_046,1312500,26250,4725,0,0,0,1281525,INR,PROCESSED,2026-07-10T09:17:00Z,REF-PAY_E21679B1
SET_AFB8F9DA,MERCH_020,1674300,33486,6027,0,0,0,1594687,INR,PROCESSED,2026-07-18T00:09:08Z,REF-PAY_B1D93EB4
SET_B3698390,MERCH_014,306300,6126,1102,0,306300,0,-7228,INR,PROCESSED,2026-08-19T02:35:27Z,REF-PAY_3B35CAD2
SET_6A574E3A,MERCH_030,823400,16468,2964,0,0,0,803968,INR,PROCESSED,2026-09-03T02:08:25Z,REF-PAY_C53045E5
SET_8A6D790D,MERCH_022,667400,13348,2402,0,0,0,651650,INR,PROCESSED,2026-08-02T15:27:09Z,REF-PAY_75BEC21D
SET_9F945C09,MERCH_029,1131500,22630,4073,0,0,0,1104797,INR,PROCESSED,2026-07-23T20:28:38Z,REF-PAY_8B0B4AEC
SET_18BCCA3A,MERCH_003,1487200,29744,5353,0,0,0,1452103,INR,PROCESSED,2026-07-14T17:46:00Z,REF-PAY_7BFF07C1
SET_36B3E106,MERCH_033,1296200,25924,4666,0,0,0,1265610,INR,PROCESSED,2026-08-02T18:11:07Z,REF-PAY_FCC21E8E-TYPO
SET_209F21C3,MERCH_038,88200,1764,317,0,88200,0,-2081,INR,PROCESSED,2026-07-25T07:27:25Z,REF-PAY_9331E639
SET_61C86EE1,MERCH_048,5500000,110000,19800,0,0,0,5370200,INR,PROCESSED,2026-07-24T02:03:36Z,SETTLE-MERCH_048-HV
SET_7A66471B,MERCH_040,1180800,23616,4250,0,0,0,1152934,INR,PROCESSED,2026-08-01T18:02:27Z,REF-PAY_5E911251
SET_9673EF26,MERCH_039,908100,18162,3269,0,0,0,886669,INR,PROCESSED,2026-08-12T16:34:33Z,REF-PAY_00A9FBD2
SET_D3A46BA2,MERCH_046,37100,742,133,0,0,0,36275,INR,PROCESSED,2026-08-09T23:47:02Z,REF-PAY_C3ABD928
SET_3B0DACE3,MERCH_018,414000,8280,1490,0,0,0,404230,INR,PROCESSED,2026-08-22T07:44:55Z,REF-PAY_8B23A470
SET_DAC6EAF4,MERCH_002,1475200,29504,5310,0,0,0,1440386,INR,PROCESSED,2026-08-30T21:05:30Z,REF-PAY_0DA5C589
SET_4F3986EF,MERCH_006,435500,8710,1567,0,0,0,425123,INR,PROCESSED,2026-08-08T12:52:44Z,REF-PAY_6698D72F
SET_E107B654,MERCH_018,1423900,28478,5126,0,0,0,1390296,INR,PROCESSED,2026-08-19T23:39:32Z,REF-PAY_5098D24D
SET_537245D3,MERCH_036,1403200,28064,5051,0,0,0,1370085,INR,PROCESSED,2026-07-13T00:42:49Z,REF-PAY_889DBF63
SET_003D5DD3,MERCH_043,1168500,23370,4206,0,0,0,1140924,INR,PROCESSED,2026-08-27T14:41:58Z,REF-PAY_5AE14FDE
SET_A123FED6,MERCH_046,974100,19482,3506,0,0,0,951112,INR,PROCESSED,2026-07-20T20:37:37Z,REF-PAY_ED9205AF-TYPO
SET_48DB018F,MERCH_019,522300,10446,1880,0,0,0,509974,INR,PROCESSED,2026-08-29T01:18:41Z,REF-PAY_D61AB822
SET_CBA66971,MERCH_011,248700,4974,895,0,0,0,242831,INR,PROCESSED,2026-08-18T06:50:56Z,REF-PAY_37E7FCB6
SET_8BD4DF4C,MERCH_044,882700,17654,3177,0,0,0,861869,INR,PROCESSED,2026-07-07T18:35:34Z,REF-PAY_15639D44
SET_C1E4FC4A,MERCH_049,696600,13932,2507,0,0,0,680161,INR,PROCESSED,2026-07-15T09:59:51Z,REF-PAY_B238D521
SET_6CF3D4A6,MERCH_046,1940100,38802,6984,0,0,0,1894314,INR,PROCESSED,2026-08-12T10:53:00Z,REF-PAY_16E08B41
SET_90B46F91,MERCH_027,1654800,33096,5957,0,0,0,1603047,INR,PROCESSED,2026-09-01T14:22:26Z,REF-PAY_783CD930
SET_74302DC6,MERCH_015,818800,16376,2947,0,0,0,799477,INR,PROCESSED,2026-08-21T21:11:33Z,REF-PAY_C9803E01
SET_3E7EBCA6,MERCH_007,1413000,28260,5086,0,0,0,1379654,INR,PROCESSED,2026-08-12T07:36:45Z,REF-PAY_7148337A
SET_5117B21E,MERCH_043,1454500,29090,5236,0,0,0,1384874,INR,PROCESSED,2026-07-29T21:34:42Z,REF-PAY_7F84638D
SET_6D1CB190,MERCH_008,638600,12772,2298,0,0,0,623530,INR,PROCESSED,2026-07-25T14:19:59Z,REF-PAY_CE955AF9
SET_B382127B,MERCH_026,1017200,20344,3661,0,0,0,993195,INR,PROCESSED,2026-08-07T04:23:50Z,REF-PAY_7EA1103A
SET_D6DD998F,MERCH_020,1250600,25012,4502,0,0,0,1221086,INR,PROCESSED,2026-07-25T11:42:33Z,REF-PAY_D180D294
SET_DE089079,MERCH_018,257200,5144,925,0,0,0,251131,INR,PROCESSED,2026-08-15T09:18:20Z,REF-PAY_BA840DBB
SET_BB8B5C7A,MERCH_006,359100,7182,1292,0,0,0,350626,INR,PROCESSED,2026-07-12T03:54:20Z,SETTLE-MERCH_006-BULK
SET_93321849,MERCH_016,544500,10890,1960,0,0,0,531650,INR,PROCESSED,2026-07-19T06:57:08Z,REF-PAY_EEF119FF
SET_B0704C1B,MERCH_039,1645900,32918,5925,0,0,0,1606957,INR,PROCESSED,2026-08-02T17:01:19Z,REF-PAY_199D2579
SET_B87B0128,MERCH_040,22100,442,79,0,0,0,21579,INR,PROCESSED,2026-07-31T13:18:36Z,REF-PAY_B90F6C23
SET_C4C43D91,MERCH_028,513400,10268,1848,256700,0,0,244584,INR,PROCESSED,2026-07-16T17:20:13Z,REF-PAY_22E96B32
SET_5F8BE65B,MERCH_045,1149200,22984,4137,0,1149200,0,-27121,INR,PROCESSED,2026-08-16T14:43:40Z,REF-PAY_0D7CC82B
SET_4A9A6A5F,MERCH_047,1297000,25940,4669,0,0,0,1266391,INR,PROCESSED,2026-07-05T23:01:16Z,REF-PAY_4D58BA74
SET_507E6768,MERCH_024,855100,17102,3078,0,855100,0,-20180,INR,PROCESSED,2026-08-13T21:25:11Z,REF-PAY_6678EDB6
SET_5105FC4C,MERCH_025,246300,4926,886,0,0,0,240388,INR,PROCESSED,2026-09-03T14:33:46Z,REF-PAY_D46AC9F0
SET_15C2B7E8,MERCH_031,853400,17068,3072,0,0,0,833260,INR,PROCESSED,2026-07-08T06:33:23Z,REF-PAY_6DEB4A21
SET_B2B09B57,MERCH_043,1814700,36294,6532,0,0,0,1771874,INR,PROCESSED,2026-07-21T04:27:33Z,REF-PAY_98DDF0BC
SET_933D446D,MERCH_004,725000,14500,2610,0,725000,0,-17110,INR,PROCESSED,2026-07-11T02:45:40Z,REF-PAY_1B10A9A3
SET_764A85B6,MERCH_017,1655900,33118,5961,0,0,0,1616821,INR,PROCESSED,2026-07-28T06:02:01Z,REF-PAY_856FA478
SET_1E73D32D,MERCH_003,424700,8494,1528,0,0,0,414678,INR,PROCESSED,2026-07-12T08:24:53Z,REF-PAY_FDDCAE42
SET_3516B253,MERCH_013,658300,13166,2369,0,0,0,642815,INR,PROCESSED,2026-08-26T01:31:39Z,REF-PAY_51B93A46
SET_8B8A0D00,MERCH_016,185500,3710,667,0,0,0,181173,INR,PROCESSED,2026-08-05T23:12:09Z,REF-PAY_B782256E
SET_47D1387B,MERCH_029,1257400,25148,4526,0,0,0,1227726,INR,PROCESSED,2026-08-29T13:11:36Z,REF-PAY_1E6C4C0E
SET_118877BC,MERCH_010,913000,18260,3286,0,913000,0,-21546,INR,PROCESSED,2026-07-27T18:18:02Z,REF-PAY_7B9180DF
SET_06F329DB,MERCH_037,30000000,600000,108000,0,0,0,29292000,INR,PROCESSED,2026-08-22T03:54:14Z,SETTLE-MERCH_037-HV
SET_5EDE9B2C,MERCH_047,716800,14336,2580,0,0,0,676384,INR,PROCESSED,2026-08-22T02:22:19Z,REF-PAY_98E6C645
SET_E2BA8E59,MERCH_011,1758100,35162,6329,879050,0,0,837559,INR,PROCESSED,2026-08-17T16:57:18Z,REF-PAY_D4057AEA
SET_B911A820,MERCH_039,1436900,28738,5172,0,1436900,0,-33910,INR,PROCESSED,2026-07-18T15:45:29Z,REF-PAY_DDD9DB17
SET_DB584967,MERCH_024,596800,11936,2148,0,0,0,582716,INR,PROCESSED,2026-08-21T09:08:23Z,REF-PAY_07433079-TYPO
SET_1530E7FF,MERCH_031,1853900,37078,6674,0,0,0,1810198,INR,PROCESSED,2026-08-07T15:35:29Z,REF-PAY_C7666025
SET_B95D05B2,MERCH_026,1115600,22312,4016,0,0,0,1089272,INR,PROCESSED,2026-08-03T11:24:11Z,REF-PAY_95E5D7DA
SET_FA987862,MERCH_029,1953600,39072,7032,0,0,0,1882896,INR,PROCESSED,2026-07-25T16:37:35Z,REF-PAY_FFD656CE
SET_CAEBA8F8,MERCH_046,657600,13152,2367,0,0,0,642081,INR,PROCESSED,2026-07-28T14:28:28Z,REF-PAY_127FDD2F
SET_B8057A53,MERCH_043,1491400,29828,5369,0,0,0,1456203,INR,PROCESSED,2026-07-24T01:43:41Z,REF-PAY_FCE4B685
SET_18E78E7E,MERCH_004,312700,6254,1125,0,312700,0,-7379,INR,PROCESSED,2026-07-26T04:33:34Z,REF-PAY_00E345F0
SET_8A0B2F5B,MERCH_032,1990500,39810,7165,0,0,0,1943525,INR,PROCESSED,2026-08-15T00:33:42Z,REF-PAY_CA36BAD0
SET_4945C986,MERCH_047,1454300,29086,5235,0,0,0,1419979,INR,PROCESSED,2026-07-18T05:39:06Z,REF-PAY_DB62082A
SET_4DDB6DFB,MERCH_025,403600,8072,1452,0,0,0,378376,INR,PROCESSED,2026-07-08T10:49:03Z,REF-PAY_C1CB9123
SET_CB43F111,MERCH_017,1304500,26090,4696,0,0,0,1273714,INR,PROCESSED,2026-08-16T04:25:02Z,REF-PAY_29760013
SET_8F1BB2EF,MERCH_032,1615500,32310,5815,0,0,0,1577275,INR,PROCESSED,2026-08-16T01:46:55Z,REF-PAY_2C2F51EE
SET_39BA4A38,MERCH_045,206000,4120,741,0,0,0,201139,INR,PROCESSED,2026-07-09T15:52:37Z,REF-PAY_F53E0102
SET_BEB65EF9,MERCH_019,30000000,600000,108000,0,0,0,29292000,INR,PROCESSED,2026-08-12T00:46:22Z,SETTLE-MERCH_019-HV
SET_16A9CE4C,MERCH_029,618000,12360,2224,0,0,0,603316,INR,PROCESSED,2026-08-31T01:30:23Z,REF-PAY_77B04DF4
SET_B95E0D56,MERCH_008,778900,15578,2804,0,0,0,760518,INR,PROCESSED,2026-07-28T05:54:54Z,REF-PAY_5C908A7B-TYPO
SET_B9E63686,MERCH_031,1800000,36000,6480,900000,0,0,857520,INR,PROCESSED,2026-07-29T06:32:08Z,REF-PAY_9ACE3E4B
SET_690DBACA,MERCH_003,714600,14292,2572,0,0,0,697736,INR,PROCESSED,2026-07-12T11:53:05Z,REF-PAY_AF808040
SET_DAD64B4A,MERCH_014,1754700,35094,6316,0,0,0,1668790,INR,PROCESSED,2026-08-31T13:20:03Z,REF-PAY_E67CC691
SET_E8270009,MERCH_049,922600,18452,3321,0,0,0,900827,INR,PROCESSED,2026-09-01T13:52:28Z,REF-PAY_8EE64646
SET_81D02F89,MERCH_049,984900,19698,3545,0,0,0,961657,INR,PROCESSED,2026-07-22T22:07:14Z,REF-PAY_29F475AF
SET_361F4E89,MERCH_002,1866200,37324,6718,0,0,0,1822158,INR,PROCESSED,2026-08-03T06:02:50Z,REF-PAY_037DB285
SET_0E16F21C,MERCH_013,1909100,38182,6872,954550,0,0,909496,INR,PROCESSED,2026-07-29T04:10:19Z,REF-PAY_957EF3B2
SET_6F2DF295,MERCH_022,61700,1234,222,0,61700,0,-1456,INR,PROCESSED,2026-07-12T13:10:11Z,REF-PAY_29E97033
SET_B25D0E9C,MERCH_012,1227700,24554,4419,0,0,0,1198727,INR,PROCESSED,2026-08-31T22:24:30Z,REF-PAY_A94180D7
SET_62E764CC,MERCH_018,1292600,25852,4653,646300,0,0,615795,INR,PROCESSED,2026-09-03T18:47:43Z,REF-PAY_6E361377
SET_873DB841,MERCH_032,362700,7254,1305,0,0,0,354041,INR,PROCESSED,2026-08-15T12:49:01Z,REF-PAY_F9755373
SET_58847343,MERCH_044,1430200,28604,5148,0,1430200,0,-33752,INR,PROCESSED,2026-08-29T19:26:13Z,REF-PAY_AAE422AE
SET_2C74C2D0,MERCH_008,1194800,23896,4301,0,0,0,1166603,INR,PROCESSED,2026-07-24T04:37:37Z,SETTLE-MERCH_008-BULK
SET_3B1037DB,MERCH_014,455600,9112,1640,0,0,0,444848,INR,PROCESSED,2026-07-31T07:24:42Z,REF-PAY_D85EBE03
SET_E6ECC351,MERCH_045,280600,5612,1010,0,0,0,273978,INR,PROCESSED,2026-07-24T04:40:09Z,REF-PAY_7A499B33
SET_93DEE3D1,MERCH_012,1563000,31260,5626,0,0,0,1526114,INR,PROCESSED,2026-07-28T04:08:06Z,REF-PAY_C45158B3
SET_533A5614,MERCH_002,338300,6766,1217,0,0,0,330317,INR,PROCESSED,2026-07-31T00:44:22Z,REF-PAY_47764637
SET_860D3174,MERCH_032,1069000,21380,3848,0,0,0,1043772,INR,PROCESSED,2026-07-18T04:11:04Z,REF-PAY_F3BA5200
SET_B6BED96A,MERCH_049,1577300,31546,5678,0,0,0,1540076,INR,PROCESSED,2026-08-25T18:38:29Z,REF-PAY_4B666FD1
SET_9FF0C91F,MERCH_036,980000,19600,3528,0,0,0,956872,INR,PROCESSED,2026-07-11T05:16:34Z,REF-PAY_0D87511D
SET_B4A11733,MERCH_019,1898900,37978,6836,0,0,0,1854086,INR,PROCESSED,2026-07-20T07:13:00Z,REF-PAY_1CCDC243
SET_68A836C5,MERCH_048,276200,5524,994,0,0,0,266282,INR,PROCESSED,2026-08-14T18:14:22Z,REF-PAY_83893174
SET_68D517DF,MERCH_033,127900,2558,460,0,0,0,124882,INR,PROCESSED,2026-07-14T23:58:32Z,REF-PAY_74D8822A
SET_ADBE22F7,MERCH_044,1688700,33774,6079,844350,0,0,804497,INR,PROCESSED,2026-08-21T18:04:57Z,REF-PAY_0DE901B9
SET_76F5A018,MERCH_024,1228800,24576,4423,0,0,0,1199851,INR,PROCESSED,2026-08-09T16:19:03Z,REF-PAY_7BE35DDD
SET_837F0809,MERCH_041,537300,10746,1934,268650,0,0,255970,INR,PROCESSED,2026-08-27T01:15:06Z,REF-PAY_15368842
SET_69D3E7BF,MERCH_008,858700,17174,3091,0,0,0,838435,INR,PROCESSED,2026-08-03T09:19:48Z,REF-PAY_E86D658C
SET_C4B80B10,MERCH_039,1937000,38740,6973,0,0,0,1891287,INR,PROCESSED,2026-08-01T11:02:33Z,REF-PAY_C430CE14
SET_F164BA5C,MERCH_030,1379700,27594,4966,0,0,0,1347140,INR,PROCESSED,2026-07-27T21:03:10Z,REF-PAY_7356DBD1
SET_1EE087FF,MERCH_031,345000,6900,1242,0,0,0,336858,INR,PROCESSED,2026-08-18T09:26:21Z,REF-PAY_05DA55F5-TYPO
SET_90159B6E,MERCH_028,1417900,28358,5104,0,0,0,1384488,INR,PROCESSED,2026-07-25T20:15:47Z,REF-PAY_81A23391
SET_4D6C49AA,MERCH_008,891600,17832,3209,0,0,0,870559,INR,PROCESSED,2026-08-02T16:41:08Z,REF-PAY_56BE70A8
SET_7E232247,MERCH_041,286800,5736,1032,0,0,0,279932,INR,PROCESSED,2026-08-30T18:55:06Z,REF-PAY_36D408E2
SET_1B5EC59E,MERCH_035,1477400,29548,5318,0,0,0,1442534,INR,PROCESSED,2026-08-19T00:44:08Z,REF-PAY_64C98540
SET_7121F609,MERCH_028,1361700,27234,4902,0,0,0,1329564,INR,PROCESSED,2026-08-20T08:24:31Z,REF-PAY_EF2710AA
SET_9A29CFED,MERCH_023,1515300,30306,5455,0,0,0,1479539,INR,PROCESSED,2026-08-17T12:10:21Z,REF-PAY_05E4BDB1
SET_36C0B55E,MERCH_042,1581600,31632,5693,0,0,0,1544275,INR,PROCESSED,2026-07-03T21:28:26Z,REF-PAY_3BA05184
SET_81EA46E0,MERCH_022,1878200,37564,6761,0,0,0,1833775,INR,PROCESSED,2026-07-28T07:11:22Z,REF-PAY_98C43E14
SET_DD7B5BF7,MERCH_015,954700,19094,3436,0,0,0,932170,INR,PROCESSED,2026-08-15T22:16:52Z,REF-PAY_A707016B
SET_0071E217,MERCH_045,632500,12650,2277,0,0,0,617573,INR,PROCESSED,2026-07-15T23:30:52Z,REF-PAY_FA38EF39
SET_8C880BB2,MERCH_047,483100,9662,1739,0,0,0,471699,INR,PROCESSED,2026-08-12T07:22:53Z,REF-PAY_26141C66
SET_A1E0D9A3,MERCH_029,841800,16836,3030,0,0,0,821934,INR,PROCESSED,2026-08-17T12:46:59Z,REF-PAY_28F93EBF
SET_4E0EA690,MERCH_007,708000,14160,2548,0,0,0,691292,INR,PROCESSED,2026-08-09T03:27:46Z,REF-PAY_B651D58E
SET_392169B4,MERCH_045,1955800,39116,7040,0,0,0,1909644,INR,PROCESSED,2026-08-27T22:25:14Z,REF-PAY_352CF32E-TYPO
SET_8F8139DD,MERCH_005,1681300,33626,6052,0,0,0,1641622,INR,PROCESSED,2026-08-14T08:53:53Z,REF-PAY_5B5F2C94
SET_D68F62CD,MERCH_013,1436700,28734,5172,0,0,0,1402794,INR,PROCESSED,2026-07-16T14:18:00Z,REF-PAY_D759909D
SET_927416A4,MERCH_009,276400,5528,995,0,276400,0,-6523,INR,PROCESSED,2026-07-14T16:55:19Z,REF-PAY_892AD138
SET_0DD6B292,MERCH_038,757400,15148,2726,0,0,0,739526,INR,PROCESSED,2026-07-28T23:41:27Z,REF-PAY_479EF691
SET_252190D8,MERCH_025,245100,4902,882,0,0,0,239316,INR,PROCESSED,2026-07-20T09:51:56Z,REF-PAY_9BCE49EC
SET_A70420A0,MERCH_038,1728900,34578,6224,0,0,0,1688148,INR,PROCESSED,2026-08-17T09:42:56Z,REF-PAY_60B3B441
SET_C2BEB2E8,MERCH_046,1510400,30208,5437,0,0,0,1474755,INR,PROCESSED,2026-08-02T16:49:05Z,REF-PAY_7DA52800
SET_E2F8091C,MERCH_030,1293000,25860,4654,0,0,0,1262486,INR,PROCESSED,2026-08-12T08:54:47Z,REF-PAY_03AF0104
SET_841EEA20,MERCH_031,1134100,22682,4082,0,0,0,1107336,INR,PROCESSED,2026-08-08T04:27:59Z,REF-PAY_9A539638
SET_D5DC44BA,MERCH_046,364000,7280,1310,0,0,0,355410,INR,PROCESSED,2026-08-12T05:18:10Z,REF-PAY_25902FD7
SET_D67F7A23,MERCH_039,1619500,32390,5830,0,0,0,1581280,INR,PROCESSED,2026-07-28T05:21:15Z,REF-PAY_46832167
SET_63A40722,MERCH_027,1200800,24016,4322,0,0,0,1172462,INR,PROCESSED,2026-07-24T02:45:54Z,REF-PAY_A2840050
SET_A65C657C,MERCH_003,1689800,33796,6083,0,0,0,1649921,INR,PROCESSED,2026-07-10T11:56:56Z,REF-PAY_2185ABB9
SET_D24F4654,MERCH_030,1429800,28596,5147,0,0,0,1396057,INR,PROCESSED,2026-08-13T22:36:08Z,REF-PAY_A6726141
SET_2E058510,MERCH_019,596100,11922,2145,0,0,0,582033,INR,PROCESSED,2026-07-13T10:20:43Z,REF-PAY_62C2F507
SET_8061969D,MERCH_017,1904300,38086,6855,952150,0,0,907209,INR,PROCESSED,2026-08-20T02:39:12Z,REF-PAY_BE9EE212
SET_64493ECF,MERCH_025,1182700,23654,4257,591350,0,0,563439,INR,PROCESSED,2026-08-14T00:55:23Z,REF-PAY_188D4A15
SET_811D511F,MERCH_022,1191700,23834,4290,0,0,0,1163576,INR,PROCESSED,2026-08-31T23:03:10Z,SETTLE-MERCH_022-BULK
SET_DB6F6E64,MERCH_047,313800,6276,1129,0,0,0,306395,INR,PROCESSED,2026-07-08T04:09:23Z,REF-PAY_56A3BFEC
SET_365A3BE6,MERCH_031,656900,13138,2364,0,0,0,641398,INR,PROCESSED,2026-08-05T22:42:17Z,REF-PAY_DE9912BD-TYPO
SET_9E2F361E,MERCH_008,284100,5682,1022,0,0,0,277396,INR,PROCESSED,2026-08-17T19:35:46Z,REF-PAY_3F1C5680
SET_A05CF1FE,MERCH_002,1496100,29922,5385,0,0,0,1460793,INR,PROCESSED,2026-07-16T03:53:10Z,REF-PAY_28A6AB13
SET_5515892D,MERCH_015,305200,6104,1098,0,0,0,297998,INR,PROCESSED,2026-08-05T13:27:39Z,REF-PAY_AADFAC68
SET_E42FA3E6,MERCH_024,1457500,29150,5247,0,0,0,1423103,INR,PROCESSED,2026-08-21T00:08:39Z,REF-PAY_66390289
SET_F1E73E51,MERCH_012,252500,5050,909,126250,0,0,120291,INR,PROCESSED,2026-08-21T13:09:07Z,REF-PAY_E983722F
SET_340ECFD0,MERCH_011,60000000,1200000,216000,0,0,0,58584000,INR,PROCESSED,2026-08-13T23:23:19Z,SETTLE-MERCH_011-HV
SET_80C78FE7,MERCH_008,272900,5458,982,0,0,0,266460,INR,PROCESSED,2026-07-20T01:13:38Z,REF-PAY_21850853
SET_F34F256C,MERCH_022,1178600,23572,4242,0,0,0,1150786,INR,PROCESSED,2026-08-22T19:28:15Z,REF-PAY_C1A1490A
SET_C8A10A15,MERCH_040,266000,5320,957,0,0,0,259723,INR,PROCESSED,2026-07-22T10:42:17Z,REF-PAY_28E57756
SET_69CF49DC,MERCH_014,62300,1246,224,0,0,0,60830,INR,PROCESSED,2026-08-17T10:36:51Z,REF-PAY_AB55499B
SET_D2904753,MERCH_026,175500,3510,631,0,0,0,171359,INR,PROCESSED,2026-07-27T09:25:40Z,REF-PAY_C878EF3E
SET_CF30EB9D,MERCH_032,883900,17678,3182,0,0,0,863040,INR,PROCESSED,2026-08-13T15:43:16Z,REF-PAY_A45DB429
SET_0AD53F93,MERCH_006,1380600,27612,4970,0,0,0,1348018,INR,PROCESSED,2026-07-25T08:51:35Z,REF-PAY_D44D7940
SET_8357E70A,MERCH_020,317900,6358,1144,0,0,0,310398,INR,PROCESSED,2026-07-15T14:02:37Z,REF-PAY_77874AE5
SET_8471A87F,MERCH_032,1925500,38510,6931,0,0,0,1880059,INR,PROCESSED,2026-07-21T21:17:40Z,REF-PAY_89309844
SET_3FFA7A6E,MERCH_009,1290000,25800,4644,0,0,0,1259556,INR,PROCESSED,2026-07-21T17:43:59Z,REF-PAY_21ACA136
SET_8259ACF3,MERCH_033,1044600,20892,3760,0,0,0,1008348,INR,PROCESSED,2026-08-11T01:56:03Z,REF-PAY_5E3555FF
SET_60764CCD,MERCH_008,1783700,35674,6421,0,0,0,1741605,INR,PROCESSED,2026-07-16T21:25:10Z,REF-PAY_BCE12B54
SET_C550C400,MERCH_028,1096900,21938,3948,0,0,0,1071014,INR,PROCESSED,2026-07-13T21:06:08Z,REF-PAY_ACCF9582
SET_EBC308C0,MERCH_030,1849100,36982,6656,0,0,0,1805462,INR,PROCESSED,2026-08-11T03:59:34Z,REF-PAY_B17C6912
SET_DB81B71E,MERCH_005,513900,10278,1850,0,0,0,501772,INR,PROCESSED,2026-08-12T16:33:24Z,REF-PAY_E243A0B9
SET_29085D01,MERCH_023,1062300,21246,3824,0,0,0,1037230,INR,PROCESSED,2026-07-30T06:28:36Z,REF-PAY_390FA430
SET_CB4DA021,MERCH_016,1116200,22324,4018,0,0,0,1089858,INR,PROCESSED,2026-07-20T21:40:38Z,REF-PAY_A975F66B
SET_133A4964,MERCH_029,1338200,26764,4817,0,0,0,1306619,INR,PROCESSED,2026-08-28T03:27:57Z,REF-PAY_DBC5FB0B
SET_15C924B7,MERCH_001,750600,15012,2702,0,0,0,732936,INR,PROCESSED,2026-07-04T12:43:34Z,REF-PAY_3C1A7DEE
SET_AE228CF8,MERCH_031,1912100,38242,6883,0,0,0,1866975,INR,PROCESSED,2026-08-04T11:34:29Z,REF-PAY_3AFBB2C7
SET_028D0758,MERCH_032,194800,3896,701,0,0,0,190203,INR,PROCESSED,2026-07-15T09:37:39Z,REF-PAY_56981D97
SET_99B78B10,MERCH_013,1035000,20700,3726,0,0,0,1010574,INR,PROCESSED,2026-08-17T11:12:30Z,REF-PAY_4F7A5B88
SET_1B7DEFFB,MERCH_024,1227000,24540,4417,0,0,0,1198043,INR,PROCESSED,2026-08-09T19:31:29Z,REF-PAY_782CE4E6
SET_57BCFDC1,MERCH_047,372100,7442,1339,0,0,0,363319,INR,PROCESSED,2026-07-04T06:48:58Z,REF-PAY_E8351BDF
SET_F184D9E8,MERCH_009,1827400,36548,6578,0,0,0,1784274,INR,PROCESSED,2026-07-30T11:29:03Z,REF-PAY_CA07FD6F
SET_A0C36CD4,MERCH_017,1656800,33136,5964,0,0,0,1617700,INR,PROCESSED,2026-07-21T21:55:04Z,REF-PAY_3CFA2096-TYPO
SET_96AB8AED,MERCH_034,1504100,30082,5414,0,0,0,1468504,INR,PROCESSED,2026-08-14T16:07:51Z,REF-PAY_169CFB4C
SET_A18F748E,MERCH_028,579200,11584,2085,0,0,0,565531,INR,PROCESSED,2026-08-10T02:07:40Z,REF-PAY_39114866
SET_E8054B99,MERCH_032,162700,3254,585,0,0,0,158911,INR,PROCESSED,2026-07-30T02:55:09Z,REF-PAY_D1270B3B
SET_91E95705,MERCH_019,510000,10200,1836,0,0,0,497964,INR,PROCESSED,2026-07-12T00:58:01Z,REF-PAY_6D69B9E5
SET_8DFCFC76,MERCH_025,129800,2596,467,0,0,0,126737,INR,PROCESSED,2026-08-28T01:14:57Z,REF-PAY_932509E6
SET_1B6A7F7F,MERCH_033,883000,17660,3178,0,0,0,862162,INR,PROCESSED,2026-09-03T22:21:43Z,REF-PAY_92988067
SET_C2C9C169,MERCH_023,924700,18494,3328,0,0,0,853178,INR,PROCESSED,2026-07-25T03:35:21Z,REF-PAY_2FC34FB5
SET_0A61692A,MERCH_044,513700,10274,1849,0,0,0,501577,INR,PROCESSED,2026-08-13T23:00:04Z,REF-PAY_F8D1D5F3
SET_8AD835CE,MERCH_048,1372300,27446,4940,0,0,0,1305714,INR,PROCESSED,2026-08-19T04:31:38Z,REF-PAY_3EA96D3C
SET_5A5FB881,MERCH_021,1148000,22960,4132,0,0,0,1120908,INR,PROCESSED,2026-07-17T22:37:16Z,REF-PAY_26262D42
SET_EF6C2B3E,MERCH_014,15000000,300000,54000,0,0,0,14646000,INR,PROCESSED,2026-07-20T02:10:02Z,SETTLE-MERCH_014-HV
SET_71840FC8,MERCH_010,1799100,35982,6476,0,1799100,0,-42458,INR,PROCESSED,2026-07-05T21:59:28Z,REF-PAY_067FC006
SET_9D7B5C47,MERCH_048,325200,6504,1170,0,0,0,297126,INR,PROCESSED,2026-07-05T22:27:05Z,REF-PAY_CF29918C
SET_63CD0F12,MERCH_011,1878500,37570,6762,0,0,0,1820968,INR,PROCESSED,2026-07-28T03:15:16Z,REF-PAY_E2C5BE26
SET_4C0CAF63,MERCH_013,1816100,36322,6537,0,0,0,1773241,INR,PROCESSED,2026-08-16T22:20:01Z,REF-PAY_3ADBE738
SET_69FAF7C2,MERCH_011,1143300,22866,4115,0,0,0,1116319,INR,PROCESSED,2026-08-07T13:59:50Z,REF-PAY_FB657F5E
SET_15FB3A33,MERCH_016,348800,6976,1255,0,0,0,340569,INR,PROCESSED,2026-08-09T04:46:31Z,REF-PAY_78BE5081
SET_9621A3A4,MERCH_007,342700,6854,1233,0,0,0,304313,INR,PROCESSED,2026-07-13T15:31:14Z,REF-PAY_1FFC698F
SET_0E02B332,MERCH_021,125500,2510,451,0,0,0,122539,INR,PROCESSED,2026-07-03T15:07:16Z,REF-PAY_729F2671
SET_FACC3F05,MERCH_014,276900,5538,996,0,0,0,238266,INR,PROCESSED,2026-07-08T08:44:52Z,REF-PAY_736B7E38
SET_67D8A8A8,MERCH_006,177400,3548,638,0,0,0,173214,INR,PROCESSED,2026-07-31T19:13:20Z,REF-PAY_C94FC588
SET_0D1A8439,MERCH_014,673300,13466,2423,0,0,0,657411,INR,PROCESSED,2026-08-18T21:36:44Z,REF-PAY_4D990236-TYPO
SET_63033013,MERCH_019,731200,14624,2632,0,0,0,713944,INR,PROCESSED,2026-08-02T02:53:02Z,REF-PAY_7C695975
SET_DA1E1312,MERCH_049,1469300,29386,5289,0,0,0,1434625,INR,PROCESSED,2026-09-02T01:45:08Z,REF-PAY_8C63932A
SET_916A6805,MERCH_019,509200,10184,1833,0,0,0,497183,INR,PROCESSED,2026-07-30T11:37:45Z,REF-PAY_BE8049F0
SET_4637EAA3,MERCH_028,610400,12208,2197,0,0,0,595995,INR,PROCESSED,2026-07-21T06:43:07Z,REF-PAY_A9113311
SET_029C3127,MERCH_045,93600,1872,336,0,0,0,58392,INR,PROCESSED,2026-08-15T11:05:05Z,REF-PAY_45CC7A70
SET_2BDCD916,MERCH_004,1859800,37196,6695,0,0,0,1815909,INR,PROCESSED,2026-08-07T15:59:02Z,REF-PAY_5DBD4468
SET_282A4924,MERCH_025,1056200,21124,3802,0,0,0,1031324,INR,PROCESSED,2026-07-23T03:00:24Z,REF-PAY_318164E8
SET_93F97C77,MERCH_011,1683500,33670,6060,0,0,0,1643770,INR,PROCESSED,2026-08-23T10:50:31Z,REF-PAY_2D097E98
SET_C491ECDA,MERCH_035,1868600,37372,6726,0,0,0,1824502,INR,PROCESSED,2026-07-30T16:22:02Z,REF-PAY_55B8FFBE
SET_2DF0E3E3,MERCH_012,32500,650,117,0,0,0,31783,INR,PROCESSED,2026-08-06T01:31:26Z,REF-PAY_2CC51EF4
SET_6BD354A6,MERCH_029,1258700,25174,4531,0,0,0,1228995,INR,PROCESSED,2026-08-31T05:16:26Z,REF-PAY_82A07D17
SET_370B38C2,MERCH_028,1246500,24930,4487,0,0,0,1217083,INR,PROCESSED,2026-07-18T20:46:08Z,REF-PAY_3E9C3B93
SET_C5C15FCE,MERCH_043,1480600,29612,5330,0,0,0,1445558,INR,PROCESSED,2026-07-20T05:22:31Z,REF-PAY_AC85C926
SET_60C168F6,MERCH_037,1689200,33784,6081,0,0,0,1649335,INR,PROCESSED,2026-07-26T10:29:04Z,SETTLE-MERCH_037-BULK
SET_DCD448E0,MERCH_029,1770300,35406,6373,0,0,0,1728521,INR,PROCESSED,2026-08-19T20:52:44Z,REF-PAY_0FDB43C0
SET_6F481BFA,MERCH_019,468800,9376,1687,0,0,0,457737,INR,PROCESSED,2026-07-21T16:38:43Z,REF-PAY_FFEE2406
SET_D7FB30C9,MERCH_010,1911200,38224,6880,0,0,0,1866096,INR,PROCESSED,2026-07-21T20:09:51Z,REF-PAY_B107044B
SET_B4EF0811,MERCH_020,1114300,22286,4011,0,0,0,1087903,INR,PROCESSED,2026-07-22T15:04:40Z,REF-PAY_7F314C50
SET_1C7B645E,MERCH_001,486300,9726,1750,0,0,0,474824,INR,PROCESSED,2026-07-30T22:59:05Z,REF-PAY_443A0D39
SET_7C967851,MERCH_014,325700,6514,1172,0,0,0,294514,INR,PROCESSED,2026-08-06T14:22:47Z,REF-PAY_34EE30E1
SET_5D36A965,MERCH_045,1960400,39208,7057,0,0,0,1914135,INR,PROCESSED,2026-08-12T17:30:39Z,REF-PAY_3D43C5C1-TYPO
SET_37DDA487,MERCH_018,182700,3654,657,0,0,0,178389,INR,PROCESSED,2026-09-01T15:28:28Z,REF-PAY_D996B919
SET_F812F7D2,MERCH_005,364000,7280,1310,0,0,0,355410,INR,PROCESSED,2026-07-07T15:50:49Z,REF-PAY_C947AD38
SET_0F714C89,MERCH_032,793800,15876,2857,0,0,0,775067,INR,PROCESSED,2026-07-30T09:45:01Z,REF-PAY_9BB321D6
SET_E5BF99CF,MERCH_040,1135600,22712,4088,0,0,0,1108800,INR,PROCESSED,2026-08-30T01:20:11Z,REF-PAY_4338F64E
SET_88E6FD7D,MERCH_004,1107100,22142,3985,0,0,0,1080973,INR,PROCESSED,2026-08-30T17:35:46Z,REF-PAY_DAF86D5F
SET_797BDDCC,MERCH_042,1614400,32288,5811,0,0,0,1576351,INR,PROCESSED,2026-07-26T20:06:40Z,REF-PAY_23DFAD5F
SET_CCB39881,MERCH_046,1964000,39280,7070,0,0,0,1917650,INR,PROCESSED,2026-08-12T14:06:55Z,REF-PAY_CF25F0A6
SET_8FAE1E2E,MERCH_027,1748700,34974,6295,0,0,0,1707431,INR,PROCESSED,2026-08-11T18:48:57Z,REF-PAY_51E7850C
SET_BB3855DD,MERCH_003,532500,10650,1917,0,0,0,519933,INR,PROCESSED,2026-07-24T04:01:54Z,REF-PAY_5EB558AC-TYPO
SET_E156B503,MERCH_047,1997800,39956,7192,0,0,0,1950652,INR,PROCESSED,2026-08-04T07:01:48Z,REF-PAY_1DE342CA
SET_48F0DF0A,MERCH_032,1193400,23868,4296,0,0,0,1165236,INR,PROCESSED,2026-08-13T20:46:18Z,REF-PAY_3E935B71
SET_D4CC086B,MERCH_026,1818600,36372,6546,0,0,0,1775682,INR,PROCESSED,2026-07-20T07:30:54Z,REF-PAY_5ACE4322
SET_DB9C50C2,MERCH_019,677200,13544,2437,0,0,0,661219,INR,PROCESSED,2026-07-14T04:21:55Z,REF-PAY_EB598A1B
SET_CB281767,MERCH_002,100500,2010,361,0,0,0,98129,INR,PROCESSED,2026-08-09T06:32:17Z,REF-PAY_737D92CE
SET_0C382229,MERCH_044,1011800,20236,3642,0,0,0,987922,INR,PROCESSED,2026-07-08T13:43:09Z,REF-PAY_1BBE7EDF
SET_76CAFF51,MERCH_026,487300,9746,1754,0,0,0,475800,INR,PROCESSED,2026-07-07T06:12:26Z,REF-PAY_9CF459AE
SET_E8B67E6C,MERCH_014,1493400,29868,5376,0,0,0,1458156,INR,PROCESSED,2026-08-02T11:31:00Z,REF-PAY_66FBF96B
SET_DEEF93F9,MERCH_017,1927000,38540,6937,0,0,0,1881523,INR,PROCESSED,2026-07-31T03:44:25Z,REF-PAY_E9517E4D-TYPO
SET_DEDF4182,MERCH_045,919400,18388,3309,0,919400,0,-21697,INR,PROCESSED,2026-07-07T06:50:59Z,REF-PAY_C4A5639E
SET_C9B4B46E,MERCH_035,1625200,32504,5850,0,0,0,1586846,INR,PROCESSED,2026-07-06T06:46:58Z,REF-PAY_A99B6830
SET_4182B6FE,MERCH_035,423200,8464,1523,0,0,0,413213,INR,PROCESSED,2026-09-02T04:08:00Z,REF-PAY_FF065C45
SET_A231426F,MERCH_044,589500,11790,2122,0,0,0,575588,INR,PROCESSED,2026-08-23T18:36:52Z,REF-PAY_E628314C
SET_6C1AB767,MERCH_029,553800,11076,1993,0,0,0,540731,INR,PROCESSED,2026-07-20T08:24:13Z,SETTLE-MERCH_029-BULK
SET_84046021,MERCH_021,787600,15752,2835,0,0,0,769013,INR,PROCESSED,2026-08-08T11:51:49Z,REF-PAY_EBF370FB
SET_2E37B152,MERCH_027,289000,5780,1040,0,0,0,282080,INR,PROCESSED,2026-07-30T01:23:10Z,REF-PAY_D0C056E3
SET_1E938067,MERCH_045,1475300,29506,5311,0,0,0,1440483,INR,PROCESSED,2026-08-24T01:05:05Z,REF-PAY_16CA1F99
SET_EA6FC4CE,MERCH_012,1549400,30988,5577,0,0,0,1512835,INR,PROCESSED,2026-08-14T18:23:14Z,REF-PAY_63F7974D
SET_C3761B97,MERCH_009,482800,9656,1738,0,0,0,471406,INR,PROCESSED,2026-08-27T16:02:46Z,REF-PAY_99B26D95-TYPO
SET_A714B7CE,MERCH_034,1066000,21320,3837,0,0,0,1040843,INR,PROCESSED,2026-07-17T09:17:36Z,REF-PAY_EC130933
SET_294B8B7A,MERCH_047,1143700,22874,4117,0,0,0,1116709,INR,PROCESSED,2026-07-08T17:23:32Z,SETTLE-MERCH_047-BULK
SET_523D4E44,MERCH_045,233800,4676,841,0,0,0,228283,INR,PROCESSED,2026-07-31T08:46:56Z,REF-PAY_30A40943
SET_5E94619F,MERCH_037,265700,5314,956,0,0,0,259430,INR,PROCESSED,2026-08-15T14:36:29Z,REF-PAY_D689B8E8
SET_EAC2143D,MERCH_006,475800,9516,1712,0,0,0,464572,INR,PROCESSED,2026-08-03T17:50:27Z,REF-PAY_CAFA616C
SET_BC3A3AAB,MERCH_032,1953000,39060,7030,0,0,0,1906910,INR,PROCESSED,2026-08-04T13:22:45Z,REF-PAY_4DF0A92C
SET_8D35F645,MERCH_049,226400,4528,815,113200,0,0,107857,INR,PROCESSED,2026-08-14T17:59:35Z,REF-PAY_FBFE4BA7
SET_7AFE0748,MERCH_007,1710700,34214,6158,0,0,0,1670328,INR,PROCESSED,2026-08-22T16:45:45Z,REF-PAY_6030BE06
SET_56C3A93D,MERCH_005,845100,16902,3042,0,0,0,825156,INR,PROCESSED,2026-07-03T03:12:14Z,REF-PAY_D02B2FDA
SET_1E1234E1,MERCH_005,1142900,22858,4114,0,0,0,1115928,INR,PROCESSED,2026-07-31T13:42:14Z,REF-PAY_2B219604
SET_381A8F5A,MERCH_013,1401500,28030,5045,0,0,0,1368425,INR,PROCESSED,2026-07-30T19:10:25Z,REF-PAY_40497611-TYPO
SET_D319A9A4,MERCH_020,974300,19486,3507,0,0,0,951307,INR,PROCESSED,2026-07-09T01:42:14Z,REF-PAY_AD229E8D
SET_0CF8290C,MERCH_008,1844100,36882,6638,0,0,0,1800580,INR,PROCESSED,2026-08-19T16:02:22Z,REF-PAY_41A1B8F2
SET_EC4890FB,MERCH_045,373000,7460,1342,0,0,0,364198,INR,PROCESSED,2026-08-01T02:58:55Z,REF-PAY_0104A8B3
SET_F69F4E4A,MERCH_045,593600,11872,2136,0,0,0,579592,INR,PROCESSED,2026-07-09T19:54:06Z,REF-PAY_94068C3B
SET_7FEE6527,MERCH_015,30000000,600000,108000,0,0,0,29292000,INR,PROCESSED,2026-07-11T21:58:35Z,SETTLE-MERCH_015-HV
SET_16408C0D,MERCH_034,289300,5786,1041,0,0,0,276773,INR,PROCESSED,2026-08-09T16:56:36Z,REF-PAY_7FA02AD0
SET_6295406B,MERCH_037,644300,12886,2319,0,0,0,629095,INR,PROCESSED,2026-07-19T02:21:31Z,REF-PAY_45F7289F
SET_E609905B,MERCH_022,706900,14138,2544,353450,0,0,336768,INR,PROCESSED,2026-07-24T12:29:18Z,REF-PAY_F9CFE575
SET_362D4FC3,MERCH_013,1027900,20558,3700,513950,0,0,489692,INR,PROCESSED,2026-08-17T13:34:19Z,REF-PAY_271AF1DA
SET_6F2D09D2,MERCH_042,1252800,25056,4510,0,0,0,1223234,INR,PROCESSED,2026-08-11T07:20:31Z,REF-PAY_E886C85C
SET_E8F41252,MERCH_008,827400,16548,2978,0,0,0,807874,INR,PROCESSED,2026-08-31T13:02:33Z,REF-PAY_CD76C69F
SET_376F44B0,MERCH_004,1155900,23118,4161,0,0,0,1128671,INR,PROCESSED,2026-07-20T08:41:41Z,REF-PAY_67030857
SET_6B99F6AF,MERCH_033,812800,16256,2926,0,0,0,793618,INR,PROCESSED,2026-08-06T13:22:18Z,REF-PAY_77A4A48A
SET_7CCDB31F,MERCH_036,1630600,32612,5870,0,0,0,1592118,INR,PROCESSED,2026-08-11T07:03:00Z,REF-PAY_E8671A4B-TYPO
SET_4CACAE17,MERCH_048,1844500,36890,6640,0,0,0,1801020,INR,PROCESSED,2026-07-16T20:42:53Z,REF-PAY_6CD90873
SET_864AF6CC,MERCH_014,899400,17988,3237,0,0,0,878175,INR,PROCESSED,2026-08-03T07:14:40Z,REF-PAY_F8A27919
SET_168AEE10,MERCH_012,30000000,600000,108000,0,0,0,29292000,INR,PROCESSED,2026-08-01T10:22:26Z,SETTLE-MERCH_012-HV
SET_18B7A489,MERCH_042,679900,13598,2447,0,0,0,663855,INR,PROCESSED,2026-08-19T03:44:59Z,REF-PAY_82344999
SET_7DE7AB67,MERCH_024,605000,12100,2178,0,0,0,590722,INR,PROCESSED,2026-07-31T03:07:57Z,REF-PAY_13908A50
SET_66A674D8,MERCH_023,395700,7914,1424,0,0,0,386412,INR,PROCESSED,2026-08-21T18:28:14Z,REF-PAY_5FAF2EAB
SET_43759968,MERCH_028,249500,4990,898,0,0,0,243612,INR,PROCESSED,2026-08-31T01:37:20Z,REF-PAY_86D8190B
SET_49CD09D3,MERCH_001,399000,7980,1436,0,0,0,389584,INR,PROCESSED,2026-08-19T22:37:44Z,REF-PAY_BA580C3E
SET_559E8B95,MERCH_039,1464900,29298,5273,0,0,0,1430329,INR,PROCESSED,2026-07-05T03:09:52Z,REF-PAY_9CEDCF63
SET_05F36B74,MERCH_021,60000000,1200000,216000,0,0,0,58584000,INR,PROCESSED,2026-08-22T21:52:53Z,SETTLE-MERCH_021-HV
SET_752D6E2D,MERCH_033,504700,10094,1816,0,0,0,492790,INR,PROCESSED,2026-08-24T02:49:11Z,REF-PAY_A8A46C2B
SET_AC215417,MERCH_011,1431900,28638,5154,0,0,0,1398008,INR,PROCESSED,2026-08-14T16:04:51Z,REF-PAY_0649FE0A
SET_DC7E739C,MERCH_003,1574600,31492,5668,0,0,0,1537440,INR,PROCESSED,2026-07-15T22:26:35Z,REF-PAY_77953F0C
SET_F0C29CA8,MERCH_042,1703000,34060,6130,0,0,0,1662710,INR,PROCESSED,2026-08-23T18:39:13Z,REF-PAY_008B5740
SET_8784E2D0,MERCH_043,1213500,24270,4368,0,0,0,1184862,INR,PROCESSED,2026-08-21T09:09:23Z,REF-PAY_3B42B7DC-TYPO
SET_E874272D,MERCH_033,1974700,39494,7108,0,0,0,1928098,INR,PROCESSED,2026-08-13T08:25:05Z,REF-PAY_3B6121CC
SET_7D1162A5,MERCH_021,952400,19048,3428,0,0,0,929924,INR,PROCESSED,2026-08-24T13:18:04Z,REF-PAY_C4EF1D99
SET_A55A132D,MERCH_032,789100,15782,2840,0,0,0,770478,INR,PROCESSED,2026-07-09T15:28:55Z,SETTLE-MERCH_032-BULK
SET_866D399C,MERCH_026,891800,17836,3210,0,0,0,870754,INR,PROCESSED,2026-08-04T23:51:13Z,REF-PAY_4588D12E
SET_D0897956,MERCH_008,1940400,38808,6985,0,0,0,1894607,INR,PROCESSED,2026-07-26T07:56:15Z,REF-PAY_655FE19F
SET_0E5AEFB1,MERCH_034,769800,15396,2771,0,0,0,751633,INR,PROCESSED,2026-07-16T13:08:38Z,REF-PAY_6A6F0DF8-TYPO
SET_ADD9183F,MERCH_033,1456900,29138,5244,0,0,0,1422568,INR,PROCESSED,2026-07-14T05:34:25Z,REF-PAY_67787DFC
SET_700284BE,MERCH_034,984200,19684,3543,0,0,0,960973,INR,PROCESSED,2026-08-14T06:48:03Z,REF-PAY_DDD16D95
SET_8D069E3F,MERCH_024,20200,404,72,0,0,0,19724,INR,PROCESSED,2026-08-22T13:08:41Z,REF-PAY_37689394
SET_E3C6DA17,MERCH_008,891000,17820,3207,445500,0,0,424473,INR,PROCESSED,2026-07-05T21:31:02Z,REF-PAY_3B39EF7E
SET_B40C57A9,MERCH_008,372000,7440,1339,0,0,0,352721,INR,PROCESSED,2026-08-21T17:44:06Z,REF-PAY_E03BA1DE
SET_055D6F5D,MERCH_013,1809200,36184,6513,0,1809200,0,-42697,INR,PROCESSED,2026-07-31T05:00:52Z,REF-PAY_C6B2FB87
SET_EFAC7F92,MERCH_017,942800,18856,3394,0,0,0,920450,INR,PROCESSED,2026-08-28T10:36:37Z,REF-PAY_2E8FAB5D
SET_49785A30,MERCH_023,1304300,26086,4695,652150,0,0,621369,INR,PROCESSED,2026-08-12T22:59:39Z,REF-PAY_99A70578
SET_1CDABCC3,MERCH_049,1352400,27048,4868,0,0,0,1320484,INR,PROCESSED,2026-07-05T08:38:22Z,SETTLE-MERCH_049-BULK
SET_D9ECB2A3,MERCH_048,1227600,24552,4419,0,0,0,1198629,INR,PROCESSED,2026-08-31T19:21:49Z,REF-PAY_2CBDAB85
SET_5AEC3F9E,MERCH_041,1582400,31648,5696,0,0,0,1545056,INR,PROCESSED,2026-08-22T22:15:20Z,REF-PAY_58F42D30
SET_EECEEF00,MERCH_027,196200,3924,706,0,0,0,191570,INR,PROCESSED,2026-07-21T06:58:04Z,REF-PAY_0658578E
SET_E994E276,MERCH_002,1246300,24926,4486,0,0,0,1216888,INR,PROCESSED,2026-07-26T20:31:13Z,REF-PAY_223B602E
SET_A3EE4BFD,MERCH_028,1437200,28744,5173,0,0,0,1403283,INR,PROCESSED,2026-07-08T15:49:06Z,REF-PAY_B2360787
SET_C40D5A6F,MERCH_013,651400,13028,2345,0,0,0,636027,INR,PROCESSED,2026-07-04T19:17:30Z,REF-PAY_6ED4079E
SET_D140BC70,MERCH_031,687000,13740,2473,0,0,0,670787,INR,PROCESSED,2026-09-02T13:05:52Z,REF-PAY_42BB81DB
SET_ADABB48F,MERCH_047,1872500,37450,6741,0,0,0,1828309,INR,PROCESSED,2026-08-06T08:49:18Z,REF-PAY_4095781E
SET_C7EADE67,MERCH_026,499000,9980,1796,0,0,0,487224,INR,PROCESSED,2026-07-18T07:45:43Z,REF-PAY_B7BF119A
SET_0FFD6408,MERCH_027,1821400,36428,6557,0,0,0,1778415,INR,PROCESSED,2026-08-23T17:07:52Z,REF-PAY_B7B34024
SET_EF03B3A3,MERCH_009,1486700,29734,5352,0,0,0,1451614,INR,PROCESSED,2026-08-06T03:50:26Z,REF-PAY_0C268FD7
SET_3D968349,MERCH_010,1485000,29700,5346,0,0,0,1449954,INR,PROCESSED,2026-08-05T22:06:21Z,REF-PAY_5973DB67-TYPO
SET_70903A2B,MERCH_048,841900,16838,3030,0,0,0,822032,INR,PROCESSED,2026-07-20T09:54:30Z,REF-PAY_B9D23104-TYPO
SET_DC55F189,MERCH_045,994900,19898,3581,0,0,0,953821,INR,PROCESSED,2026-08-16T06:33:23Z,REF-PAY_B8DE8CDF
SET_A5B7A95A,MERCH_044,1141600,22832,4109,0,0,0,1114659,INR,PROCESSED,2026-08-04T20:16:23Z,REF-PAY_93E05BC6
SET_C1E16C68,MERCH_033,715900,14318,2577,0,0,0,699005,INR,PROCESSED,2026-07-26T15:12:18Z,REF-PAY_0A1CA60F
SET_6BADA8A7,MERCH_044,1738700,34774,6259,0,0,0,1697717,INR,PROCESSED,2026-08-17T08:17:18Z,REF-PAY_F3FF991F
SET_127BFFCB,MERCH_036,827100,16542,2977,0,0,0,759681,INR,PROCESSED,2026-07-14T06:42:43Z,REF-PAY_995CF3A7
SET_76E5A4CB,MERCH_024,372400,7448,1340,0,0,0,363612,INR,PROCESSED,2026-07-13T02:02:19Z,REF-PAY_CD32F342
SET_3B980021,MERCH_021,1266200,25324,4558,0,0,0,1236318,INR,PROCESSED,2026-07-24T15:31:08Z,REF-PAY_BA746282
SET_A806DE59,MERCH_032,1217100,24342,4381,0,0,0,1188377,INR,PROCESSED,2026-07-07T07:55:16Z,REF-PAY_8533644F
SET_902E0D54,MERCH_017,516700,10334,1860,0,0,0,504506,INR,PROCESSED,2026-08-30T02:04:53Z,REF-PAY_0B45E883
SET_B43295DB,MERCH_047,1368700,27374,4927,0,1368700,0,-32301,INR,PROCESSED,2026-08-27T19:23:30Z,REF-PAY_52C0EA47
SET_086BCD9D,MERCH_033,369300,7386,1329,0,0,0,360585,INR,PROCESSED,2026-07-08T16:40:41Z,REF-PAY_8E1CA84A
SET_8FF7AFE1,MERCH_044,1736500,34730,6251,0,0,0,1695519,INR,PROCESSED,2026-07-08T18:08:47Z,REF-PAY_660E6D75
SET_44C22B13,MERCH_011,1441200,28824,5188,0,0,0,1407188,INR,PROCESSED,2026-08-27T09:37:19Z,REF-PAY_164BE712
SET_A7D1D2B6,MERCH_041,102500,2050,369,0,0,0,100081,INR,PROCESSED,2026-08-31T13:35:20Z,REF-PAY_1BAC6C2A
SET_AB0A76C7,MERCH_018,533600,10672,1920,0,0,0,521008,INR,PROCESSED,2026-08-15T06:02:08Z,REF-PAY_BE12A67B
SET_FD771EE4,MERCH_042,15000000,300000,54000,0,0,0,14646000,INR,PROCESSED,2026-08-13T15:22:22Z,SETTLE-MERCH_042-HV
SET_D54BC3A6,MERCH_035,729700,14594,2626,0,0,0,712480,INR,PROCESSED,2026-08-23T21:08:44Z,REF-PAY_77EC94A8-TYPO
SET_120BF194,MERCH_035,1366700,27334,4920,0,0,0,1334446,INR,PROCESSED,2026-08-01T15:06:37Z,REF-PAY_38429ADB
SET_2B8E38E5,MERCH_013,758200,15164,2729,0,0,0,740307,INR,PROCESSED,2026-08-14T07:12:20Z,REF-PAY_60C6D0C2
SET_DA87A7AB,MERCH_022,140700,2814,506,0,0,0,93680,INR,PROCESSED,2026-07-09T16:49:19Z,REF-PAY_607160BE
SET_8259D5E5,MERCH_029,597300,11946,2150,298650,0,0,284554,INR,PROCESSED,2026-08-12T18:08:10Z,REF-PAY_B4F567C6
SET_04B12528,MERCH_037,1722800,34456,6202,0,0,0,1682142,INR,PROCESSED,2026-07-29T17:42:57Z,REF-PAY_05828F4A
SET_109C6A99,MERCH_028,138300,2766,497,0,0,0,135037,INR,PROCESSED,2026-08-22T06:49:36Z,REF-PAY_A0C76427
SET_CDEA883F,MERCH_028,731800,14636,2634,0,0,0,714530,INR,PROCESSED,2026-08-27T18:19:43Z,REF-PAY_3DBFC99A
SET_3B7E35C1,MERCH_005,1966500,39330,7079,0,0,0,1920091,INR,PROCESSED,2026-08-19T14:17:13Z,REF-PAY_165960A5
SET_17E031A3,MERCH_004,1239800,24796,4463,0,0,0,1210541,INR,PROCESSED,2026-09-08T02:25:46Z,REF-PAY_41C75C4C
SET_5A1F16F2,MERCH_049,60000000,1200000,216000,0,0,0,58584000,INR,PROCESSED,2026-08-19T12:14:47Z,SETTLE-MERCH_049-HV
SET_E9CD13CA,MERCH_018,573100,11462,2063,0,0,0,559575,INR,PROCESSED,2026-07-15T05:03:45Z,REF-PAY_4E6A70EE
SET_8B98A4E2,MERCH_028,1857800,37156,6688,0,0,0,1813856,INR,PROCESSED,2026-07-23T17:34:03Z,REF-PAY_D16867B1
SET_6FE717B1,MERCH_029,1590100,31802,5724,0,0,0,1552574,INR,PROCESSED,2026-08-24T22:18:29Z,REF-PAY_305995DF
SET_6D441703,MERCH_014,261000,5220,939,0,0,0,254891,INR,PROCESSED,2026-07-15T07:31:28Z,REF-PAY_ED1DF275
SET_ABA96DCA,MERCH_002,1306300,26126,4702,0,0,0,1275472,INR,PROCESSED,2026-08-10T02:18:24Z,REF-PAY_40776D51
SET_7D4E9DA9,MERCH_027,1817900,36358,6544,0,0,0,1750998,INR,PROCESSED,2026-07-13T09:55:34Z,REF-PAY_74CDD3C1
SET_20A2359A,MERCH_028,733900,14678,2642,0,0,0,716580,INR,PROCESSED,2026-07-22T16:34:09Z,REF-PAY_13484701
SET_7E08CDBF,MERCH_041,284700,5694,1024,0,284700,0,-6718,INR,PROCESSED,2026-07-15T17:55:10Z,REF-PAY_252C5D13
SET_DD33E593,MERCH_031,1400600,28012,5042,0,0,0,1367546,INR,PROCESSED,2026-08-20T03:02:00Z,REF-PAY_443E3218
SET_77BAC247,MERCH_036,487500,9750,1755,0,0,0,476045,INR,PROCESSED,2026-08-01T01:57:38Z,REF-PAY_385E43A8
SET_75F1654A,MERCH_021,1753000,35060,6310,0,0,0,1672730,INR,PROCESSED,2026-08-22T16:21:56Z,REF-PAY_A5B519C6
SET_0D51262F,MERCH_025,789500,15790,2842,0,0,0,770868,INR,PROCESSED,2026-07-13T03:10:22Z,REF-PAY_D737AE7B
SET_5F9A7D7D,MERCH_029,1328600,26572,4782,0,0,0,1297246,INR,PROCESSED,2026-07-12T00:46:45Z,REF-PAY_189E853B
SET_AB18493E,MERCH_042,289600,5792,1042,0,0,0,282766,INR,PROCESSED,2026-07-09T16:50:06Z,REF-PAY_28968DF2
SET_B47A57A7,MERCH_045,377200,7544,1357,0,0,0,368299,INR,PROCESSED,2026-07-11T23:30:34Z,REF-PAY_4A89AC49
SET_31AD47D5,MERCH_029,1420200,28404,5112,0,0,0,1386684,INR,PROCESSED,2026-08-25T17:18:33Z,REF-PAY_7689F18C
SET_445D173C,MERCH_004,1188300,23766,4277,0,0,0,1160257,INR,PROCESSED,2026-08-15T06:27:20Z,REF-PAY_2EEEED02
SET_C20AE2AD,MERCH_026,868000,17360,3124,0,0,0,847516,INR,PROCESSED,2026-08-21T14:51:59Z,REF-PAY_F634C41B
SET_BB48F89E,MERCH_013,753200,15064,2711,0,0,0,735425,INR,PROCESSED,2026-08-14T01:23:43Z,REF-PAY_233F1F43
SET_2710BF6A,MERCH_004,1120900,22418,4035,0,1120900,0,-26453,INR,PROCESSED,2026-07-30T05:10:57Z,REF-PAY_83A08629
SET_3C545941,MERCH_006,611200,12224,2200,0,0,0,596776,INR,PROCESSED,2026-08-24T04:16:08Z,REF-PAY_E0F90D86
SET_A4312483,MERCH_021,1254800,25096,4517,0,0,0,1225187,INR,PROCESSED,2026-07-20T01:20:05Z,REF-PAY_66D81090
SET_C6DB9E27,MERCH_029,1841400,36828,6629,0,0,0,1797943,INR,PROCESSED,2026-07-27T16:37:09Z,REF-PAY_3CCE5B86
SET_69AA528D,MERCH_035,423400,8468,1524,0,0,0,413408,INR,PROCESSED,2026-07-20T21:27:22Z,REF-PAY_9FB0ECEB
SET_A44697F8,MERCH_020,1323200,26464,4763,0,0,0,1291973,INR,PROCESSED,2026-08-08T18:18:58Z,SETTLE-MERCH_020-BULK
SET_ABC5FAD8,MERCH_024,1342500,26850,4833,0,0,0,1310817,INR,PROCESSED,2026-07-11T14:11:21Z,REF-PAY_81733970
SET_FDBE8A52,MERCH_044,1536300,30726,5530,0,0,0,1500044,INR,PROCESSED,2026-07-04T08:05:44Z,REF-PAY_E5499359-TYPO
SET_01CE0966,MERCH_006,1572100,31442,5659,0,0,0,1534999,INR,PROCESSED,2026-07-06T21:14:43Z,REF-PAY_2A3BF1DC
SET_3A5F65B9,MERCH_018,1495600,29912,5384,0,0,0,1460204,INR,PROCESSED,2026-07-08T19:05:03Z,REF-PAY_B62B03AD
SET_0DCFECFE,MERCH_019,1637000,32740,5893,0,0,0,1598367,INR,PROCESSED,2026-08-18T13:04:43Z,REF-PAY_78D49C5B
SET_C7C43D1C,MERCH_036,1135800,22716,4088,0,0,0,1108996,INR,PROCESSED,2026-09-01T16:31:49Z,SETTLE-MERCH_036-BULK
SET_81A0FD01,MERCH_032,967600,19352,3483,0,967600,0,-22835,INR,PROCESSED,2026-08-18T21:31:11Z,REF-PAY_DC96754D
SET_A22B8FE7,MERCH_025,1625300,32506,5851,0,0,0,1586943,INR,PROCESSED,2026-08-12T09:05:45Z,REF-PAY_FCB4503E
SET_59E5D1C1,MERCH_003,1744200,34884,6279,0,0,0,1703037,INR,PROCESSED,2026-08-23T07:32:13Z,REF-PAY_A0AEBCF7
SET_DDADD845,MERCH_023,685500,13710,2467,0,0,0,669373,INR,PROCESSED,2026-08-13T12:01:21Z,REF-PAY_B18E1AF0
SET_6371C356,MERCH_017,1962300,39246,7064,0,0,0,1915990,INR,PROCESSED,2026-08-04T23:38:13Z,REF-PAY_65BA2FAE
SET_3E962099,MERCH_028,1720300,34406,6193,0,0,0,1679701,INR,PROCESSED,2026-07-31T10:07:05Z,REF-PAY_7A76F0E3
SET_295F2A2B,MERCH_027,5500000,110000,19800,0,0,0,5370200,INR,PROCESSED,2026-08-15T08:00:38Z,SETTLE-MERCH_027-HV
SET_55D3EEC7,MERCH_005,943900,18878,3398,0,0,0,921624,INR,PROCESSED,2026-07-25T16:03:54Z,REF-PAY_5C3DE50F
SET_C1E1E052,MERCH_034,146100,2922,525,0,0,0,142653,INR,PROCESSED,2026-08-19T03:29:14Z,REF-PAY_A918CDEF
SET_3217E4ED,MERCH_035,1718500,34370,6186,0,0,0,1677944,INR,PROCESSED,2026-08-01T11:53:58Z,REF-PAY_1F30B4F3
SET_EB1F7F72,MERCH_026,1944200,38884,6999,0,0,0,1898317,INR,PROCESSED,2026-07-21T13:06:44Z,REF-PAY_318DA342
SET_511B0364,MERCH_036,134800,2696,485,0,0,0,131619,INR,PROCESSED,2026-08-20T20:40:44Z,REF-PAY_BA155752
SET_47BCBFF7,MERCH_039,1793800,35876,6457,0,0,0,1751467,INR,PROCESSED,2026-09-02T22:59:59Z,REF-PAY_C0674C0A
SET_1759723D,MERCH_036,1895800,37916,6824,0,0,0,1851060,INR,PROCESSED,2026-07-27T21:08:23Z,REF-PAY_6582B3E3-TYPO
SET_C3757191,MERCH_016,1350500,27010,4861,0,0,0,1318629,INR,PROCESSED,2026-08-01T04:10:59Z,REF-PAY_8BCAF6A9
SET_97486D89,MERCH_036,100700,2014,362,0,0,0,98324,INR,PROCESSED,2026-07-19T15:18:07Z,REF-PAY_2280EFF8
SET_52866722,MERCH_014,1678600,33572,6042,0,0,0,1638986,INR,PROCESSED,2026-07-25T14:45:27Z,REF-PAY_C183CC29
SET_4F145E84,MERCH_011,514300,10286,1851,0,0,0,502163,INR,PROCESSED,2026-08-10T00:24:51Z,REF-PAY_F6CC535D
SET_EAE77F56,MERCH_042,1070200,21404,3852,0,0,0,1044944,INR,PROCESSED,2026-08-24T21:29:07Z,REF-PAY_B2793633
SET_CC9A1D8A,MERCH_038,1293900,25878,4658,0,0,0,1263364,INR,PROCESSED,2026-08-12T11:01:34Z,REF-PAY_152EFEB6
SET_B7872981,MERCH_044,1546400,30928,5567,0,0,0,1509905,INR,PROCESSED,2026-07-08T03:12:42Z,REF-PAY_7630239B
SET_FF0EE93A,MERCH_014,1318000,26360,4744,0,0,0,1286896,INR,PROCESSED,2026-07-06T15:05:11Z,SETTLE-MERCH_014-BULK
SET_92649131,MERCH_042,65600,1312,236,0,0,0,64052,INR,PROCESSED,2026-08-07T03:38:44Z,REF-PAY_56672CCC
SET_590A8CE2,MERCH_015,1547800,30956,5572,0,0,0,1511322,INR,PROCESSED,2026-07-09T06:15:20Z,REF-PAY_66AE2E1F
SET_4AC17B53,MERCH_023,1782300,35646,6416,0,0,0,1740238,INR,PROCESSED,2026-08-11T17:48:50Z,REF-PAY_26681F96
SET_78201689,MERCH_031,252200,5044,907,126100,0,0,120149,INR,PROCESSED,2026-08-04T02:11:13Z,REF-PAY_D2163E30
SET_2DAD5799,MERCH_013,489700,9794,1762,0,0,0,478144,INR,PROCESSED,2026-07-05T11:48:21Z,REF-PAY_5764100B
SET_5B7048FA,MERCH_027,1647400,32948,5930,0,0,0,1608522,INR,PROCESSED,2026-08-06T16:15:21Z,REF-PAY_EEE3CC99
SET_549BB50E,MERCH_042,411900,8238,1482,0,0,0,402180,INR,PROCESSED,2026-07-15T04:34:22Z,REF-PAY_9FC5C57D
SET_5A316BE8,MERCH_008,1327700,26554,4779,0,0,0,1273667,INR,PROCESSED,2026-09-03T16:33:34Z,REF-PAY_A09793EF
SET_9C1326EF,MERCH_047,1721900,34438,6198,0,0,0,1681264,INR,PROCESSED,2026-08-27T11:18:26Z,REF-PAY_775895CA-TYPO
SET_3E3323DA,MERCH_040,1252900,25058,4510,0,0,0,1223382,INR,PROCESSED,2026-07-04T20:38:57Z,REF-PAY_C7DFD6EB
SET_7511189A,MERCH_033,433000,8660,1558,0,0,0,422782,INR,PROCESSED,2026-08-27T10:24:59Z,REF-PAY_B520D337-TYPO
SET_C293D58A,MERCH_014,684200,13684,2463,342100,0,0,325953,INR,PROCESSED,2026-07-05T11:02:39Z,REF-PAY_EF09BB0C
SET_99375624,MERCH_014,878700,17574,3163,0,0,0,826363,INR,PROCESSED,2026-08-26T21:03:16Z,REF-PAY_C86D0179
SET_DAA52026,MERCH_014,1029400,20588,3705,0,1029400,0,-24293,INR,PROCESSED,2026-07-17T00:47:50Z,REF-PAY_5F79E13B
SET_FAFABCA3,MERCH_041,904000,18080,3254,0,0,0,882666,INR,PROCESSED,2026-08-22T20:25:18Z,REF-PAY_6EAD9FD8
SET_BE8B1DA2,MERCH_036,343800,6876,1237,0,0,0,335687,INR,PROCESSED,2026-08-08T14:45:54Z,REF-PAY_00F80AB5
SET_14FE4AE6,MERCH_049,626600,12532,2255,0,0,0,611813,INR,PROCESSED,2026-07-09T20:44:49Z,REF-PAY_94D75824
SET_CDAC0AFA,MERCH_034,1382200,27644,4975,0,0,0,1349481,INR,PROCESSED,2026-08-16T13:21:53Z,REF-PAY_87DFCD44
SET_47E85B61,MERCH_008,1308800,26176,4711,0,0,0,1277913,INR,PROCESSED,2026-07-27T15:05:40Z,REF-PAY_778A5B85
SET_1C9F38AF,MERCH_009,1151800,23036,4146,0,0,0,1124618,INR,PROCESSED,2026-07-17T21:20:56Z,REF-PAY_CAE7900E
SET_F7AFE0EC,MERCH_039,701000,14020,2523,0,701000,0,-16543,INR,PROCESSED,2026-07-30T01:43:53Z,REF-PAY_B70BFDCA
SET_0D1BA8F7,MERCH_034,1814600,36292,6532,0,0,0,1771776,INR,PROCESSED,2026-08-08T15:19:40Z,REF-PAY_D9DF7049
SET_D42478D9,MERCH_025,345300,6906,1243,0,0,0,312351,INR,PROCESSED,2026-07-17T07:04:10Z,REF-PAY_93F10F75
SET_87122301,MERCH_008,358900,7178,1292,0,0,0,350430,INR,PROCESSED,2026-08-20T20:05:39Z,REF-PAY_435AE19E
SET_6E8EE472,MERCH_020,1775300,35506,6391,0,0,0,1733403,INR,PROCESSED,2026-08-27T20:35:43Z,REF-PAY_73E3F3FC-TYPO
SET_3CFAD17B,MERCH_044,30000000,600000,108000,0,0,0,29292000,INR,PROCESSED,2026-08-22T23:47:31Z,SETTLE-MERCH_044-HV
SET_F62BA67D,MERCH_033,23600,472,84,0,0,0,23044,INR,PROCESSED,2026-08-17T16:58:09Z,REF-PAY_2A63BDC7
SET_71F7A851,MERCH_039,581500,11630,2093,0,0,0,567777,INR,PROCESSED,2026-07-17T22:53:47Z,REF-PAY_E5B9C3FE
SET_3F0C8FB1,MERCH_047,913400,18268,3288,0,0,0,870344,INR,PROCESSED,2026-07-31T14:59:55Z,REF-PAY_0EDE9F67
SET_A9957048,MERCH_036,1537500,30750,5535,0,0,0,1501215,INR,PROCESSED,2026-07-20T04:57:07Z,REF-PAY_C9A123DA
SET_4AE8E167,MERCH_045,1926100,38522,6933,0,0,0,1880645,INR,PROCESSED,2026-08-03T04:09:25Z,REF-PAY_A67430D0
SET_A467620B,MERCH_022,1150400,23008,4141,0,0,0,1123251,INR,PROCESSED,2026-09-03T04:15:39Z,REF-PAY_27E7206A
SET_B4387873,MERCH_045,1304500,26090,4696,0,0,0,1273714,INR,PROCESSED,2026-07-14T04:50:41Z,REF-PAY_1A1953AE
SET_2220F09F,MERCH_037,359400,7188,1293,0,0,0,350919,INR,PROCESSED,2026-08-20T06:55:35Z,REF-PAY_6CC0754B
SET_A423B18B,MERCH_008,1001400,20028,3605,0,0,0,977767,INR,PROCESSED,2026-08-29T10:07:43Z,REF-PAY_752E8D96
SET_A80E70D1,MERCH_048,5500000,110000,19800,0,0,0,5370200,INR,PROCESSED,2026-08-16T01:31:14Z,SETTLE-MERCH_048-HV
SET_3690CA9E,MERCH_035,1408200,28164,5069,0,0,0,1374967,INR,PROCESSED,2026-09-01T07:02:32Z,REF-PAY_C23D1652
SET_728C8C8C,MERCH_035,666800,13336,2400,0,0,0,651064,INR,PROCESSED,2026-09-06T14:14:11Z,REF-PAY_7CE5F6F8
SET_6D9E9A34,MERCH_009,863600,17272,3108,0,0,0,843220,INR,PROCESSED,2026-08-03T14:04:06Z,REF-PAY_C990508C-TYPO
SET_0B210CAE,MERCH_032,377400,7548,1358,0,0,0,368494,INR,PROCESSED,2026-07-30T07:59:12Z,REF-PAY_C0958693
SET_7611DCC8,MERCH_003,637400,12748,2294,0,0,0,622358,INR,PROCESSED,2026-09-03T02:35:41Z,REF-PAY_A399D0F1
SET_52F583AD,MERCH_018,196400,3928,707,0,0,0,191765,INR,PROCESSED,2026-07-14T08:42:50Z,REF-PAY_607BBC65
SET_0BAC27DD,MERCH_019,1820800,36416,6554,0,0,0,1777830,INR,PROCESSED,2026-07-21T04:14:16Z,REF-PAY_3AF3C6A8
SET_4B828EE7,MERCH_046,60000000,1200000,216000,0,0,0,58584000,INR,PROCESSED,2026-07-31T08:55:39Z,SETTLE-MERCH_046-HV
SET_853BDEEA,MERCH_019,798700,15974,2875,0,0,0,779751,INR,PROCESSED,2026-07-12T05:50:49Z,REF-PAY_04F1A57E
SET_A5F4B354,MERCH_007,1118200,22364,4025,0,0,0,1091811,INR,PROCESSED,2026-08-01T03:03:31Z,REF-PAY_D2EC2EFA
SET_D5F26AE1,MERCH_039,711000,14220,2559,0,0,0,694221,INR,PROCESSED,2026-07-24T08:09:59Z,REF-PAY_71E100E8
SET_1DE15BD6,MERCH_033,273100,5462,983,0,0,0,266555,INR,PROCESSED,2026-08-24T09:59:01Z,REF-PAY_CC31D739
SET_4A8D0558,MERCH_040,656800,13136,2364,0,0,0,641300,INR,PROCESSED,2026-07-31T17:22:30Z,REF-PAY_F22EF38A
SET_EA83840C,MERCH_049,1741100,34822,6267,0,0,0,1700011,INR,PROCESSED,2026-08-17T06:16:58Z,REF-PAY_380CDD66
SET_E3AA4AB2,MERCH_023,977700,19554,3519,0,0,0,954627,INR,PROCESSED,2026-08-02T20:57:39Z,REF-PAY_1C8CD14E-TYPO
SET_332C83C8,MERCH_018,854400,17088,3075,0,0,0,834237,INR,PROCESSED,2026-08-30T12:30:46Z,REF-PAY_C4CB75EF
SET_6CD17C4C,MERCH_046,1041000,20820,3747,0,0,0,1016433,INR,PROCESSED,2026-07-03T00:10:54Z,REF-PAY_1CCCE486
SET_62F01C36,MERCH_033,15000000,300000,54000,0,0,0,14646000,INR,PROCESSED,2026-07-20T20:40:35Z,SETTLE-MERCH_033-HV
SET_ABD8A2A5,MERCH_022,1899400,37988,6837,0,0,0,1854575,INR,PROCESSED,2026-07-05T12:35:49Z,REF-PAY_1F786106
SET_E85C6284,MERCH_007,1933900,38678,6962,0,0,0,1888260,INR,PROCESSED,2026-07-20T18:12:44Z,REF-PAY_DA765205
SET_16969F51,MERCH_001,1914600,38292,6892,0,0,0,1869416,INR,PROCESSED,2026-07-06T21:55:05Z,REF-PAY_AD59B68C
SET_85410D6D,MERCH_032,775600,15512,2792,0,0,0,757196,INR,PROCESSED,2026-07-19T12:16:07Z,REF-PAY_937AEE1C
SET_647A8EBF,MERCH_011,1814600,36292,6532,0,0,0,1771776,INR,PROCESSED,2026-08-07T07:37:30Z,REF-PAY_2C069B32
SET_3EB7FFB3,MERCH_009,1640000,32800,5904,0,0,0,1601296,INR,PROCESSED,2026-08-22T13:43:11Z,REF-PAY_1011C57F
SET_41023EA2,MERCH_010,1711000,34220,6159,0,0,0,1670621,INR,PROCESSED,2026-09-01T12:31:30Z,REF-PAY_1399C945
SET_CDF931BB,MERCH_048,1059900,21198,3815,0,0,0,1034787,INR,PROCESSED,2026-07-03T05:56:45Z,REF-PAY_8E31D6C7
SET_E2831DC5,MERCH_038,141000,2820,507,0,0,0,137673,INR,PROCESSED,2026-08-30T05:02:27Z,REF-PAY_AEDAB914
SET_921FC1C4,MERCH_048,1299700,25994,4678,0,0,0,1269028,INR,PROCESSED,2026-07-24T03:51:26Z,REF-PAY_C9AB67E2
SET_281A6D08,MERCH_012,131300,2626,472,0,0,0,128202,INR,PROCESSED,2026-08-11T19:49:22Z,REF-PAY_CB722A17
SET_17258C58,MERCH_022,1012600,20252,3645,0,0,0,988703,INR,PROCESSED,2026-07-03T09:27:35Z,REF-PAY_0A10C0CE
SET_D999907C,MERCH_005,1518600,30372,5466,0,0,0,1482762,INR,PROCESSED,2026-08-21T10:20:37Z,REF-PAY_A7623073
SET_24CD4F5C,MERCH_027,1574700,31494,5668,0,0,0,1537538,INR,PROCESSED,2026-08-23T10:04:52Z,REF-PAY_E82B4A0B
SET_AE8DC30A,MERCH_006,1885600,37712,6788,0,0,0,1841100,INR,PROCESSED,2026-07-29T00:16:50Z,REF-PAY_777217DF
SET_A55A65D4,MERCH_011,74800,1496,269,0,0,0,73035,INR,PROCESSED,2026-08-12T06:23:54Z,REF-PAY_8C21269D
SET_30DCC502,MERCH_039,1366900,27338,4920,0,0,0,1334692,INR,PROCESSED,2026-07-10T19:17:17Z,REF-PAY_E30C3C9C
SET_39FAD99D,MERCH_032,91500,1830,329,0,0,0,89341,INR,PROCESSED,2026-09-07T04:01:29Z,REF-PAY_56E66C87
SET_ED590A87,MERCH_017,714500,14290,2572,0,0,0,697538,INR,PROCESSED,2026-09-01T12:49:17Z,REF-PAY_1A6DBB86
SET_59CC5258,MERCH_016,823400,16468,2964,0,0,0,803968,INR,PROCESSED,2026-07-29T02:02:27Z,SETTLE-MERCH_016-BULK
SET_8421D4F1,MERCH_018,208100,4162,749,0,0,0,203189,INR,PROCESSED,2026-07-28T16:34:27Z,REF-PAY_3CDD0966
SET_E04B282D,MERCH_014,879800,17596,3167,0,0,0,814437,INR,PROCESSED,2026-09-02T00:11:46Z,REF-PAY_5DC9A633
SET_E0D7023B,MERCH_023,1498600,29972,5394,0,0,0,1463234,INR,PROCESSED,2026-08-23T06:38:01Z,REF-PAY_EA5BDC9E
SET_D0056C12,MERCH_026,1068000,21360,3844,0,0,0,1042796,INR,PROCESSED,2026-07-04T07:27:33Z,REF-PAY_D6631C02
SET_BBCB5079,MERCH_024,507900,10158,1828,253950,0,0,241964,INR,PROCESSED,2026-09-01T22:53:23Z,REF-PAY_A7F72117
SET_770BD033,MERCH_036,1988900,39778,7160,0,0,0,1941962,INR,PROCESSED,2026-07-26T08:56:54Z,REF-PAY_3996918C
SET_6744859B,MERCH_015,1048600,20972,3774,0,0,0,1023854,INR,PROCESSED,2026-08-11T11:04:36Z,REF-PAY_75C48329-TYPO
SET_7756D479,MERCH_037,1627100,32542,5857,0,0,0,1588601,INR,PROCESSED,2026-07-16T16:19:19Z,REF-PAY_3D12B154
SET_1D09F6E2,MERCH_035,310700,6214,1118,0,0,0,303368,INR,PROCESSED,2026-07-22T20:57:18Z,REF-PAY_890A24AB
SET_137F7464,MERCH_005,1061000,21220,3819,0,0,0,1035961,INR,PROCESSED,2026-08-31T11:11:11Z,REF-PAY_C42B5990-TYPO
SET_2B7E0314,MERCH_014,569200,11384,2049,0,0,0,555767,INR,PROCESSED,2026-08-19T10:43:08Z,REF-PAY_9744E7CE
SET_400C053E,MERCH_036,1147200,22944,4129,0,0,0,1120127,INR,PROCESSED,2026-07-19T07:36:10Z,REF-PAY_3CC93C1F
SET_8DC6B9E6,MERCH_021,747900,14958,2692,0,0,0,730250,INR,PROCESSED,2026-08-12T19:44:49Z,REF-PAY_3FB94908
SET_82B5C077,MERCH_003,944700,18894,3400,0,0,0,922406,INR,PROCESSED,2026-07-17T13:51:57Z,REF-PAY_1BB3EAC2
SET_B6370D69,MERCH_036,223200,4464,803,0,0,0,217933,INR,PROCESSED,2026-08-26T16:29:48Z,REF-PAY_65CA503E
SET_7C8F7FAD,MERCH_003,396600,7932,1427,198300,0,0,188941,INR,PROCESSED,2026-08-31T17:07:35Z,REF-PAY_B1025BB7
SET_7848D7CF,MERCH_025,1290200,25804,4644,0,0,0,1250252,INR,PROCESSED,2026-07-17T13:24:04Z,REF-PAY_A84204AF
SET_C1DABEEB,MERCH_022,1120300,22406,4033,0,0,0,1093861,INR,PROCESSED,2026-08-28T05:10:23Z,REF-PAY_BD07A068
SET_127E52B6,MERCH_029,138000,2760,496,0,0,0,134744,INR,PROCESSED,2026-07-15T01:05:08Z,REF-PAY_3EADA608
SET_D779B707,MERCH_040,1179800,23596,4247,0,0,0,1151957,INR,PROCESSED,2026-08-12T20:08:26Z,REF-PAY_CF6613EF
SET_7464A7EE,MERCH_026,1156800,23136,4164,0,0,0,1129500,INR,PROCESSED,2026-07-04T01:41:24Z,REF-PAY_73ECEC61
SET_E5214912,MERCH_011,423400,8468,1524,0,0,0,413408,INR,PROCESSED,2026-07-25T03:12:06Z,REF-PAY_9694EB0C
SET_539EDADB,MERCH_011,1072600,21452,3861,0,0,0,1047287,INR,PROCESSED,2026-07-16T06:13:04Z,SETTLE-MERCH_011-BULK
SET_A6E684E9,MERCH_024,1667400,33348,6002,0,0,0,1627950,INR,PROCESSED,2026-08-27T13:50:53Z,REF-PAY_C7C7F499
SET_6BB35016,MERCH_036,579800,11596,2087,0,0,0,566167,INR,PROCESSED,2026-08-06T15:44:59Z,REF-PAY_BB77E15D
SET_B33155A1,MERCH_006,435600,8712,1568,0,0,0,425370,INR,PROCESSED,2026-07-16T23:43:35Z,REF-PAY_06F0571E
SET_EFD01D34,MERCH_018,145900,2918,525,0,0,0,142457,INR,PROCESSED,2026-07-20T16:52:34Z,REF-PAY_99AFD9AA
SET_4E7BEF2A,MERCH_047,1028500,20570,3702,0,0,0,1004228,INR,PROCESSED,2026-08-17T08:14:16Z,REF-PAY_F9B975AD
SET_A7581A32,MERCH_045,1556600,31132,5603,0,0,0,1519865,INR,PROCESSED,2026-07-25T11:01:33Z,REF-PAY_BEC4F933
SET_AE775792,MERCH_028,908200,18164,3269,0,908200,0,-21433,INR,PROCESSED,2026-07-12T06:28:50Z,REF-PAY_351838C3
SET_0959A9D0,MERCH_016,1623700,32474,5845,0,0,0,1585381,INR,PROCESSED,2026-08-30T19:39:07Z,REF-PAY_D2C7488F-TYPO
SET_2FC9D439,MERCH_019,1993100,39862,7175,0,0,0,1935163,INR,PROCESSED,2026-07-16T19:16:38Z,REF-PAY_6EF0F738
SET_0A818D48,MERCH_049,1898500,37970,6834,0,0,0,1853696,INR,PROCESSED,2026-08-26T13:09:52Z,REF-PAY_94205C19
SET_247BAD98,MERCH_037,240400,4808,865,0,0,0,234777,INR,PROCESSED,2026-07-08T08:22:19Z,REF-PAY_78B62412
SET_478CB493,MERCH_007,1706300,34126,6142,0,1706300,0,-40268,INR,PROCESSED,2026-07-19T08:21:39Z,REF-PAY_BEB5F561
SET_7B1D2FF2,MERCH_035,1105200,22104,3978,0,1105200,0,-26082,INR,PROCESSED,2026-08-10T20:34:35Z,REF-PAY_A60BE76D
SET_97B89D5F,MERCH_012,1108000,22160,3988,0,0,0,1081852,INR,PROCESSED,2026-08-26T14:42:47Z,REF-PAY_1EF16A8B
SET_A9838507,MERCH_021,1619000,32380,5828,0,0,0,1580792,INR,PROCESSED,2026-09-02T14:54:29Z,SETTLE-MERCH_021-BULK
SET_1192BCBB,MERCH_009,437400,8748,1574,0,0,0,426978,INR,PROCESSED,2026-07-17T03:35:42Z,REF-PAY_300E6631
SET_25D4E900,MERCH_038,1187800,23756,4276,0,0,0,1159768,INR,PROCESSED,2026-08-21T11:23:21Z,REF-PAY_A6CB798E
SET_7FBBA725,MERCH_046,1945900,38918,7005,0,0,0,1900027,INR,PROCESSED,2026-08-04T11:37:29Z,REF-PAY_55481C81
SET_6860F287,MERCH_022,1462200,29244,5263,0,0,0,1383193,INR,PROCESSED,2026-07-17T03:36:29Z,REF-PAY_4D95AC68
SET_D13232FF,MERCH_029,1966700,39334,7080,0,0,0,1920286,INR,PROCESSED,2026-07-15T08:33:13Z,REF-PAY_E32C3010
SET_CD13E1F2,MERCH_009,922700,18454,3321,0,0,0,900925,INR,PROCESSED,2026-07-27T11:34:35Z,REF-PAY_24C54B56
SET_74C99A96,MERCH_036,418400,8368,1506,0,0,0,393526,INR,PROCESSED,2026-08-03T09:36:39Z,REF-PAY_3F404514
SET_9A069AD4,MERCH_010,1098800,21976,3955,0,0,0,1072869,INR,PROCESSED,2026-08-20T06:08:34Z,REF-PAY_5155E1C7
SET_4A6880EE,MERCH_034,737900,14758,2656,0,0,0,720486,INR,PROCESSED,2026-08-17T01:36:59Z,REF-PAY_C6DFCC61
SET_D973BB15,MERCH_023,828000,16560,2980,0,0,0,803160,INR,PROCESSED,2026-08-07T12:00:09Z,REF-PAY_3A95393B
SET_E566CE48,MERCH_008,230800,4616,830,0,0,0,225354,INR,PROCESSED,2026-08-21T03:22:43Z,REF-PAY_A8C9D320
SET_63BA8562,MERCH_039,789400,15788,2841,0,0,0,770771,INR,PROCESSED,2026-08-13T13:26:44Z,REF-PAY_0548BC71
SET_36318819,MERCH_021,11000,220,39,0,0,0,10741,INR,PROCESSED,2026-08-07T21:23:44Z,REF-PAY_94B19AC9
SET_A33B6ADB,MERCH_040,756700,15134,2724,0,0,0,738842,INR,PROCESSED,2026-08-04T18:24:54Z,REF-PAY_9B61A168
SET_52C6E623,MERCH_042,179600,3592,646,0,0,0,175362,INR,PROCESSED,2026-08-27T14:21:49Z,REF-PAY_1AF6508B
SET_39C590C9,MERCH_037,1807800,36156,6508,0,0,0,1765136,INR,PROCESSED,2026-08-12T06:50:08Z,REF-PAY_5C14D562
SET_AC46C7B9,MERCH_003,1287400,25748,4634,0,0,0,1257018,INR,PROCESSED,2026-07-11T06:14:40Z,REF-PAY_372F5F50
SET_899D0C5F,MERCH_036,1741600,34832,6269,0,0,0,1700499,INR,PROCESSED,2026-07-20T02:26:54Z,REF-PAY_BC3058E8
SET_CEEDFC0D,MERCH_019,345300,6906,1243,0,0,0,337151,INR,PROCESSED,2026-07-23T21:17:23Z,REF-PAY_7A3B3200-TYPO
SET_5B51D16F,MERCH_019,1155300,23106,4159,0,1155300,0,-27265,INR,PROCESSED,2026-08-26T02:58:54Z,REF-PAY_E4CE50C7
SET_6570EB66,MERCH_026,1311000,26220,4719,0,0,0,1280061,INR,PROCESSED,2026-07-03T06:59:48Z,REF-PAY_2182EC9D
SET_A6041330,MERCH_044,918500,18370,3306,459250,0,0,437574,INR,PROCESSED,2026-07-24T19:50:43Z,REF-PAY_0DB678DE
SET_877EA85E,MERCH_017,693300,13866,2495,0,0,0,676939,INR,PROCESSED,2026-08-09T20:26:32Z,REF-PAY_ED077C61-TYPO
SET_FDE67576,MERCH_037,693700,13874,2497,0,0,0,677329,INR,PROCESSED,2026-07-03T00:57:10Z,REF-PAY_ACF14806
SET_2D2A0182,MERCH_018,176400,3528,635,0,0,0,172237,INR,PROCESSED,2026-08-25T08:22:20Z,REF-PAY_32A2077B
SET_1181F76F,MERCH_033,717500,14350,2583,0,0,0,700567,INR,PROCESSED,2026-07-24T20:16:53Z,REF-PAY_DE47CFFE
SET_63A3CD5B,MERCH_030,760900,15218,2739,0,0,0,742943,INR,PROCESSED,2026-08-09T03:26:40Z,REF-PAY_A9FBF7A3
SET_EE0EAA70,MERCH_026,63100,1262,227,0,0,0,12311,INR,PROCESSED,2026-08-04T19:21:49Z,REF-PAY_0CC9BFBD
SET_F18FBF1B,MERCH_033,1260200,25204,4536,0,0,0,1230460,INR,PROCESSED,2026-07-09T07:51:10Z,REF-PAY_1C9BF3AE
SET_CE9746D0,MERCH_011,1006000,20120,3621,0,0,0,982259,INR,PROCESSED,2026-07-13T17:46:00Z,REF-PAY_64EA4005
SET_60075DF6,MERCH_009,509200,10184,1833,0,0,0,497183,INR,PROCESSED,2026-08-10T12:52:18Z,REF-PAY_3A9A962F
SET_63A98187,MERCH_009,179900,3598,647,0,0,0,175655,INR,PROCESSED,2026-07-29T18:43:35Z,REF-PAY_E882325E
SET_49429995,MERCH_037,514300,10286,1851,0,0,0,502163,INR,PROCESSED,2026-07-22T09:23:26Z,REF-PAY_B4F3FA38
SET_97D4934D,MERCH_039,1677200,33544,6037,0,0,0,1637619,INR,PROCESSED,2026-08-08T00:03:34Z,REF-PAY_655FBFF3
SET_E48B2A4F,MERCH_026,1856200,37124,6682,0,0,0,1812394,INR,PROCESSED,2026-08-14T08:37:29Z,REF-PAY_3AE471F5
SET_D4BDE1A8,MERCH_047,1561400,31228,5621,0,0,0,1524551,INR,PROCESSED,2026-07-26T16:48:13Z,REF-PAY_44E92CD7
SET_8D5A3E8C,MERCH_040,1811700,36234,6522,0,0,0,1768944,INR,PROCESSED,2026-08-21T22:21:21Z,REF-PAY_6F9C5619
SET_8F8F7627,MERCH_045,1840000,36800,6624,0,0,0,1796576,INR,PROCESSED,2026-08-29T19:16:57Z,REF-PAY_DEC2E9DF-TYPO
SET_E7EFFD54,MERCH_029,414300,8286,1491,0,0,0,404523,INR,PROCESSED,2026-07-21T21:56:40Z,REF-PAY_AFDF9334
SET_EE28D37B,MERCH_014,311600,6232,1121,0,0,0,304247,INR,PROCESSED,2026-07-08T11:07:40Z,REF-PAY_73520B64
SET_8DE4E6F6,MERCH_030,79300,1586,285,0,79300,0,-1871,INR,PROCESSED,2026-08-02T16:46:20Z,REF-PAY_616B06FC
SET_B47CBD9D,MERCH_033,1322500,26450,4761,0,0,0,1291289,INR,PROCESSED,2026-08-24T09:28:31Z,REF-PAY_818CCE7B
SET_DAA1BE17,MERCH_044,622500,12450,2241,0,0,0,607809,INR,PROCESSED,2026-07-20T07:20:06Z,REF-PAY_E986CC70
SET_6CB71F47,MERCH_024,737600,14752,2655,0,0,0,720193,INR,PROCESSED,2026-08-19T20:23:16Z,REF-PAY_4F584757
SET_FB73D070,MERCH_003,86800,1736,312,0,0,0,50452,INR,PROCESSED,2026-08-17T16:00:07Z,REF-PAY_0B43D898
SET_24D66BDB,MERCH_010,1068900,21378,3848,0,0,0,1043674,INR,PROCESSED,2026-07-11T22:01:14Z,REF-PAY_5D2194C2
SET_3D850077,MERCH_039,1805900,36118,6501,0,0,0,1763281,INR,PROCESSED,2026-07-24T00:38:53Z,REF-PAY_BF34E735
SET_B4CB01B8,MERCH_036,84900,1698,305,0,0,0,82897,INR,PROCESSED,2026-08-11T20:53:54Z,REF-PAY_D424CAAA
SET_19567CCD,MERCH_037,1833200,36664,6599,0,0,0,1789937,INR,PROCESSED,2026-08-10T06:33:53Z,REF-PAY_C45435DD-TYPO
SET_D2D058E9,MERCH_036,552200,11044,1987,0,0,0,539069,INR,PROCESSED,2026-08-05T14:06:51Z,REF-PAY_25A0CE1C
SET_6EC4FA37,MERCH_004,224300,4486,807,0,0,0,219007,INR,PROCESSED,2026-08-14T14:43:36Z,REF-PAY_1050B39F
SET_5BC23967,MERCH_028,1336600,26732,4811,0,0,0,1305057,INR,PROCESSED,2026-08-11T21:42:54Z,REF-PAY_06F2725D
SET_22B86B2D,MERCH_024,304200,6084,1095,0,0,0,297021,INR,PROCESSED,2026-07-09T16:41:00Z,REF-PAY_ED2A1461
SET_1957F662,MERCH_015,400800,8016,1442,0,0,0,391342,INR,PROCESSED,2026-08-13T17:03:38Z,REF-PAY_70119FB3
SET_E9533C09,MERCH_011,706000,14120,2541,0,0,0,689389,INR,PROCESSED,2026-07-30T05:57:08Z,REF-PAY_8CF6E7F0
SET_5822E518,MERCH_040,1486400,29728,5351,0,1486400,0,-35079,INR,PROCESSED,2026-07-23T11:43:50Z,REF-PAY_85762D36
SET_D2040C64,MERCH_023,1277000,25540,4597,0,0,0,1246863,INR,PROCESSED,2026-08-25T08:24:49Z,REF-PAY_FF419BA0
SET_DE187F28,MERCH_034,1250800,25016,4502,625400,0,0,595882,INR,PROCESSED,2026-09-01T10:23:54Z,REF-PAY_8933EFFF
SET_3F066042,MERCH_004,537700,10754,1935,0,0,0,524911,INR,PROCESSED,2026-08-24T10:17:52Z,REF-PAY_44DA2139
SET_F13573CB,MERCH_043,351800,7036,1266,0,0,0,343498,INR,PROCESSED,2026-08-31T08:48:12Z,SETTLE-MERCH_043-BULK
SET_8620F37C,MERCH_005,1692100,33842,6091,0,0,0,1652217,INR,PROCESSED,2026-07-27T14:33:53Z,REF-PAY_ECA48CE5
SET_73D33D82,MERCH_033,260800,5216,938,0,0,0,214246,INR,PROCESSED,2026-08-27T02:06:36Z,REF-PAY_F3C5FC13
SET_5E78ED26,MERCH_022,1693800,33876,6097,0,0,0,1653727,INR,PROCESSED,2026-07-31T02:22:05Z,REF-PAY_03C17A5A
SET_1039EBA4,MERCH_049,586400,11728,2111,0,0,0,572561,INR,PROCESSED,2026-08-22T10:52:04Z,REF-PAY_244CC307
SET_BD07FAC8,MERCH_015,167300,3346,602,0,0,0,163352,INR,PROCESSED,2026-08-10T04:20:36Z,REF-PAY_C909FDCA
SET_C31F415B,MERCH_036,1285600,25712,4628,0,0,0,1255260,INR,PROCESSED,2026-08-10T23:06:54Z,REF-PAY_8BCE7667
SET_818C23E0,MERCH_018,1866100,37322,6717,0,0,0,1822061,INR,PROCESSED,2026-07-31T17:22:22Z,REF-PAY_171D56DB
SET_AE196137,MERCH_012,46900,938,168,0,0,0,45694,INR,PROCESSED,2026-09-02T03:48:14Z,REF-PAY_D474ABD6
SET_5E99C5BF,MERCH_041,378800,7576,1363,0,0,0,369911,INR,PROCESSED,2026-07-13T06:46:20Z,REF-PAY_5D6FC2DF
SET_B780B312,MERCH_011,26000,520,93,0,0,0,25387,INR,PROCESSED,2026-08-04T14:15:56Z,REF-PAY_C0DE6B38
SET_D5EDC810,MERCH_008,1489800,29796,5363,0,0,0,1454641,INR,PROCESSED,2026-09-03T08:44:12Z,REF-PAY_9ED063BF
SET_7FF73CD2,MERCH_029,842700,16854,3033,0,842700,0,-19887,INR,PROCESSED,2026-08-15T10:08:10Z,REF-PAY_E30896C7
SET_B0266052,MERCH_036,1633800,32676,5881,0,0,0,1595243,INR,PROCESSED,2026-07-03T07:04:53Z,REF-PAY_26CA18A1
SET_463DC5EC,MERCH_021,1597600,31952,5751,0,1597600,0,-37703,INR,PROCESSED,2026-08-09T00:00:37Z,REF-PAY_2AE3B684
SET_CF0CF2AB,MERCH_022,1773700,35474,6385,0,0,0,1731841,INR,PROCESSED,2026-08-21T17:00:46Z,REF-PAY_F624F34B
SET_A4D693E2,MERCH_047,1337200,26744,4813,0,0,0,1257043,INR,PROCESSED,2026-07-18T04:46:18Z,REF-PAY_C817F232
SET_26C36458,MERCH_042,616400,12328,2219,0,0,0,601903,INR,PROCESSED,2026-07-11T01:52:22Z,REF-PAY_63D05C34
SET_B46BF1A6,MERCH_037,1650800,33016,5942,0,0,0,1611842,INR,PROCESSED,2026-07-12T18:11:38Z,REF-PAY_758C7AE6
SET_47809C9D,MERCH_014,1534700,30694,5524,0,0,0,1498482,INR,PROCESSED,2026-08-03T14:42:24Z,REF-PAY_683EEAF7
SET_C7EC4A99,MERCH_011,407500,8150,1467,0,0,0,397883,INR,PROCESSED,2026-07-05T12:34:22Z,REF-PAY_6EB6F211
SET_E72CC43E,MERCH_040,926000,18520,3333,0,0,0,904197,INR,PROCESSED,2026-07-14T15:20:43Z,REF-PAY_72C59413
SET_F96C6578,MERCH_031,514000,10280,1850,0,0,0,501870,INR,PROCESSED,2026-08-12T01:33:01Z,REF-PAY_F7B2C13E
SET_0588575E,MERCH_024,410300,8206,1477,0,0,0,400617,INR,PROCESSED,2026-08-29T18:39:04Z,REF-PAY_5755021E
SET_BF8DBF8F,MERCH_031,249600,4992,898,0,0,0,243710,INR,PROCESSED,2026-08-01T14:33:42Z,REF-PAY_A8D3E4B4
SET_B13D41CB,MERCH_033,500400,10008,1801,0,0,0,488641,INR,PROCESSED,2026-08-19T03:42:16Z,REF-PAY_EDF7E825
SET_363F3065,MERCH_011,1477200,29544,5317,0,0,0,1442339,INR,PROCESSED,2026-08-29T16:06:57Z,REF-PAY_0AF57D76
SET_1B8DD929,MERCH_009,1178600,23572,4242,0,0,0,1150786,INR,PROCESSED,2026-08-10T23:41:51Z,REF-PAY_18BD1C17
SET_CE332EB3,MERCH_032,940300,18806,3385,0,0,0,918109,INR,PROCESSED,2026-09-01T11:27:56Z,REF-PAY_6FF9D773
SET_47CDFCA7,MERCH_017,1117600,22352,4023,0,0,0,1046025,INR,PROCESSED,2026-07-17T12:17:33Z,REF-PAY_D0FF8EF9
SET_79F9A76B,MERCH_019,826400,16528,2975,0,0,0,806947,INR,PROCESSED,2026-08-29T22:29:49Z,REF-PAY_9E915665
SET_28550694,MERCH_031,1153400,23068,4152,0,0,0,1126180,INR,PROCESSED,2026-08-06T18:39:21Z,REF-PAY_FB1AF2A3
SET_5FE01670,MERCH_011,24300,486,87,0,24300,0,-573,INR,PROCESSED,2026-08-26T04:41:40Z,REF-PAY_5909CE57
SET_FABF27BE,MERCH_021,562900,11258,2026,0,0,0,549666,INR,PROCESSED,2026-07-03T06:44:30Z,REF-PAY_BE81E740
SET_A899E352,MERCH_016,344000,6880,1238,0,0,0,335882,INR,PROCESSED,2026-07-04T21:10:34Z,REF-PAY_61043A0D-TYPO
SET_FFADE3F9,MERCH_031,1920500,38410,6913,0,0,0,1875227,INR,PROCESSED,2026-07-13T21:47:40Z,REF-PAY_EBC8FCDC
SET_371F7E08,MERCH_040,668200,13364,2405,0,668200,0,-15769,INR,PROCESSED,2026-08-17T11:38:20Z,REF-PAY_F65FCF42
SET_00B04A6D,MERCH_040,1100700,22014,3962,0,0,0,1074624,INR,PROCESSED,2026-09-03T18:14:50Z,REF-PAY_8B3B74A2
SET_9B75ECBB,MERCH_034,733900,14678,2642,0,0,0,716580,INR,PROCESSED,2026-07-25T10:14:34Z,SETTLE-MERCH_034-BULK
SET_4F5EA834,MERCH_002,1019100,20382,3668,0,0,0,995050,INR,PROCESSED,2026-07-03T05:03:16Z,REF-PAY_F5C6E703
SET_B0305036,MERCH_039,1368000,27360,4924,0,1368000,0,-32284,INR,PROCESSED,2026-07-08T09:43:03Z,REF-PAY_4F46C66F
SET_9B186BBC,MERCH_041,199200,3984,717,0,0,0,194499,INR,PROCESSED,2026-07-16T13:32:34Z,REF-PAY_26FEED20
SET_B376B9BC,MERCH_003,498000,9960,1792,0,0,0,486248,INR,PROCESSED,2026-08-15T01:52:33Z,REF-PAY_AF5F8E4E
SET_53757D27,MERCH_046,1912000,38240,6883,0,0,0,1866927,INR,PROCESSED,2026-08-08T15:10:29Z,REF-PAY_2D673A3B
SET_38BA40F6,MERCH_002,130800,2616,470,0,0,0,127614,INR,PROCESSED,2026-08-10T00:14:17Z,REF-PAY_65F07A40
SET_8A290D07,MERCH_005,324200,6484,1167,0,0,0,316549,INR,PROCESSED,2026-08-14T22:36:43Z,REF-PAY_120CB503
SET_762DF219,MERCH_029,889100,17782,3200,0,0,0,868118,INR,PROCESSED,2026-08-27T12:08:40Z,REF-PAY_7CC480CC
SET_C0F2CB70,MERCH_014,1850100,37002,6660,0,0,0,1806338,INR,PROCESSED,2026-08-04T21:38:26Z,REF-PAY_D46BD4B4
SET_3713EA5F,MERCH_015,109700,2194,394,0,0,0,107112,INR,PROCESSED,2026-08-22T09:51:21Z,REF-PAY_56EEE4D3
SET_223F85A3,MERCH_045,1169700,23394,4210,0,0,0,1142096,INR,PROCESSED,2026-08-02T22:40:27Z,REF-PAY_F189DC23
SET_80E11536,MERCH_030,1012600,20252,3645,0,1012600,0,-23897,INR,PROCESSED,2026-08-11T12:58:55Z,REF-PAY_184B9F01
SET_DAA2D48B,MERCH_033,635700,12714,2288,0,0,0,620698,INR,PROCESSED,2026-07-04T23:03:10Z,REF-PAY_70E0B0F3
SET_5DA76BF2,MERCH_043,206200,4124,742,0,0,0,201334,INR,PROCESSED,2026-07-27T22:50:42Z,REF-PAY_B34B26A6
SET_931B4C90,MERCH_036,1221300,24426,4396,0,0,0,1192478,INR,PROCESSED,2026-07-18T18:40:15Z,REF-PAY_634F6442-TYPO
SET_7113F281,MERCH_024,1151500,23030,4145,0,0,0,1124325,INR,PROCESSED,2026-07-06T05:57:10Z,REF-PAY_9C595616-TYPO
SET_B7F56530,MERCH_033,1007000,20140,3625,0,0,0,983235,INR,PROCESSED,2026-08-15T10:56:59Z,REF-PAY_DDD88D68
SET_7556ACA7,MERCH_020,1390100,27802,5004,695050,0,0,662244,INR,PROCESSED,2026-08-11T05:50:02Z,REF-PAY_52189497
SET_7DCD398E,MERCH_020,1454100,29082,5234,0,0,0,1419784,INR,PROCESSED,2026-08-15T21:23:11Z,REF-PAY_9373E911
SET_2E8D4078,MERCH_022,1886800,37736,6792,0,0,0,1842272,INR,PROCESSED,2026-08-01T02:15:18Z,REF-PAY_62F13022
SET_9D99B2B6,MERCH_023,362900,7258,1306,0,0,0,354336,INR,PROCESSED,2026-08-24T13:44:12Z,REF-PAY_E1778F16
SET_EB3AC0D4,MERCH_006,187800,3756,676,0,0,0,183368,INR,PROCESSED,2026-08-15T08:31:36Z,REF-PAY_4E9A3467
SET_801E9AA3,MERCH_024,183300,3666,659,0,0,0,179025,INR,PROCESSED,2026-07-29T11:18:20Z,REF-PAY_0F9BA376
SET_12990ADD,MERCH_049,1100900,22018,3963,0,0,0,1074919,INR,PROCESSED,2026-07-14T11:10:25Z,REF-PAY_A952D70F
SET_2AA64B08,MERCH_030,1882000,37640,6775,0,0,0,1837585,INR,PROCESSED,2026-08-17T17:38:18Z,REF-PAY_04D248EE-TYPO
SET_324B6FC1,MERCH_011,1509000,30180,5432,0,0,0,1473388,INR,PROCESSED,2026-08-29T18:39:48Z,REF-PAY_00318747
SET_1A6F6FAA,MERCH_012,598800,11976,2155,0,0,0,584669,INR,PROCESSED,2026-08-27T02:20:45Z,REF-PAY_31266114
SET_80350637,MERCH_020,481100,9622,1731,0,0,0,469747,INR,PROCESSED,2026-07-07T03:39:27Z,REF-PAY_D9BE7C53
SET_8C70F867,MERCH_003,1402800,28056,5050,0,0,0,1369694,INR,PROCESSED,2026-07-04T21:22:25Z,REF-PAY_E8DF9A16
SET_45AA6C95,MERCH_044,1330300,26606,4789,0,0,0,1298905,INR,PROCESSED,2026-07-19T15:13:40Z,REF-PAY_D4356BBE
SET_0C96299C,MERCH_005,1298500,25970,4674,0,0,0,1267856,INR,PROCESSED,2026-07-17T17:28:30Z,REF-PAY_FE909AE8
SET_DC5B3B9E,MERCH_043,30000000,600000,108000,0,0,0,29292000,INR,PROCESSED,2026-07-25T03:51:38Z,SETTLE-MERCH_043-HV
SET_2402BEF9,MERCH_041,790100,15802,2844,395050,0,0,376404,INR,PROCESSED,2026-08-28T14:32:25Z,REF-PAY_87965BEF
SET_F19E7809,MERCH_007,1732000,34640,6235,0,0,0,1691125,INR,PROCESSED,2026-07-22T07:35:28Z,REF-PAY_60A94ED9
SET_B1BE8474,MERCH_012,1509400,30188,5433,0,0,0,1473779,INR,PROCESSED,2026-07-09T11:21:54Z,REF-PAY_173BCD7C
SET_A2B87FE8,MERCH_024,493200,9864,1775,0,0,0,481561,INR,PROCESSED,2026-07-19T01:19:34Z,REF-PAY_84C6A220
SET_4001E5B6,MERCH_047,1971700,39434,7098,0,0,0,1925168,INR,PROCESSED,2026-08-01T00:54:46Z,REF-PAY_0416A2A8
SET_40EEE997,MERCH_004,295200,5904,1062,0,0,0,250334,INR,PROCESSED,2026-07-07T21:22:40Z,REF-PAY_D20D9345
SET_00E228B8,MERCH_017,1973300,39466,7103,0,0,0,1926731,INR,PROCESSED,2026-08-26T11:46:09Z,REF-PAY_61916E08
SET_00A6B98B,MERCH_020,675900,13518,2433,0,675900,0,-15951,INR,PROCESSED,2026-07-26T14:45:00Z,REF-PAY_B6B89C0E
SET_A593C865,MERCH_044,882000,17640,3175,0,0,0,861185,INR,PROCESSED,2026-07-03T05:08:44Z,REF-PAY_3ADD2837
SET_8A00E9C2,MERCH_031,1405800,28116,5060,0,0,0,1372624,INR,PROCESSED,2026-07-09T14:39:44Z,REF-PAY_2E0848BF
SET_EB509693,MERCH_016,67200,1344,241,33600,0,0,32015,INR,PROCESSED,2026-08-23T03:47:56Z,REF-PAY_9678D497
SET_B01C9DEC,MERCH_037,37300,746,134,0,0,0,36420,INR,PROCESSED,2026-08-24T00:08:13Z,REF-PAY_9359ED12
SET_EF9F0DF3,MERCH_034,940900,18818,3387,0,0,0,918695,INR,PROCESSED,2026-08-31T21:44:11Z,REF-PAY_3C723E0F
SET_4854F2E7,MERCH_045,629000,12580,2264,0,0,0,614156,INR,PROCESSED,2026-07-21T04:25:37Z,REF-PAY_FC902D57
SET_BAAB60C6,MERCH_009,1747400,34948,6290,0,0,0,1700362,INR,PROCESSED,2026-08-22T20:55:47Z,REF-PAY_5E878E8F
SET_04E738F5,MERCH_029,453500,9070,1632,0,0,0,442798,INR,PROCESSED,2026-09-03T08:32:19Z,REF-PAY_54B5FF1B
SET_BA9E24AA,MERCH_027,1874000,37480,6746,0,0,0,1829824,INR,PROCESSED,2026-09-02T15:52:57Z,REF-PAY_2AE79BC7
SET_B92FE868,MERCH_048,989800,19796,3563,0,0,0,966441,INR,PROCESSED,2026-08-15T04:26:45Z,REF-PAY_8891B4E1
SET_5DF96FE6,MERCH_017,1587400,31748,5714,0,0,0,1549938,INR,PROCESSED,2026-07-08T12:44:42Z,REF-PAY_54714A50
SET_432AB091,MERCH_033,194000,3880,698,0,0,0,189422,INR,PROCESSED,2026-07-10T17:59:50Z,REF-PAY_6E5BDA99
SET_BCDB38A5,MERCH_026,800400,16008,2881,0,0,0,781511,INR,PROCESSED,2026-08-10T23:03:36Z,REF-PAY_D306CF79
SET_B641AE1B,MERCH_037,1410300,28206,5077,0,0,0,1348517,INR,PROCESSED,2026-08-13T01:20:03Z,REF-PAY_D0C6B58E
SET_E9B60504,MERCH_035,1999100,39982,7196,0,0,0,1951922,INR,PROCESSED,2026-07-28T17:41:24Z,REF-PAY_7C1790B2
SET_DDEE8EEE,MERCH_020,1727600,34552,6219,0,0,0,1686829,INR,PROCESSED,2026-07-05T01:01:48Z,REF-PAY_99295BD4
SET_90713C41,MERCH_043,905000,18100,3258,0,0,0,883642,INR,PROCESSED,2026-07-14T23:14:57Z,REF-PAY_C47047CB
SET_CDBACD90,MERCH_018,1958600,39172,7050,0,0,0,1912378,INR,PROCESSED,2026-08-09T19:19:47Z,REF-PAY_7538E3B0
SET_DFECFCAC,MERCH_007,1383600,27672,4980,0,0,0,1350948,INR,PROCESSED,2026-07-07T19:09:47Z,REF-PAY_4682BE3E
SET_061B6721,MERCH_007,1780100,35602,6408,0,0,0,1737990,INR,PROCESSED,2026-08-04T02:22:11Z,REF-PAY_BAA63509
SET_5E23AC8E,MERCH_017,1197700,23954,4311,0,0,0,1169435,INR,PROCESSED,2026-08-24T20:05:53Z,REF-PAY_8FBE2DF4
SET_852236B0,MERCH_040,864300,17286,3111,0,0,0,843903,INR,PROCESSED,2026-08-13T16:10:58Z,REF-PAY_5D2A4F50
SET_B8155D23,MERCH_028,1442600,28852,5193,0,0,0,1408555,INR,PROCESSED,2026-07-10T10:38:06Z,REF-PAY_7276F02A
SET_4F7F7151,MERCH_024,1386600,27732,4991,0,0,0,1353877,INR,PROCESSED,2026-07-27T07:59:26Z,REF-PAY_47F3A6BA
SET_78B80ECA,MERCH_012,132100,2642,475,0,0,0,128983,INR,PROCESSED,2026-07-24T17:29:27Z,REF-PAY_5CF172B9
SET_F88707D0,MERCH_004,895800,17916,3224,0,0,0,874660,INR,PROCESSED,2026-08-04T00:09:14Z,REF-PAY_454207E4
SET_F953C1E7,MERCH_032,1633300,32666,5879,0,0,0,1594755,INR,PROCESSED,2026-08-02T00:52:45Z,REF-PAY_EBE35026
SET_7A42716D,MERCH_035,479900,9598,1727,239950,0,0,228625,INR,PROCESSED,2026-08-06T16:38:27Z,REF-PAY_26E372C1
SET_B686BE19,MERCH_034,1138600,22772,4098,0,0,0,1111730,INR,PROCESSED,2026-07-31T00:11:22Z,SETTLE-MERCH_034-BULK
SET_1CFC1164,MERCH_038,1288900,25778,4640,0,0,0,1258482,INR,PROCESSED,2026-07-10T07:50:31Z,REF-PAY_F408DFBE
SET_56388718,MERCH_027,1843300,36866,6635,0,0,0,1799799,INR,PROCESSED,2026-07-21T21:21:09Z,REF-PAY_2EF0240E
SET_59E322B3,MERCH_016,305700,6114,1100,0,0,0,298486,INR,PROCESSED,2026-07-04T03:18:05Z,REF-PAY_D748C01E
SET_7BC65BEF,MERCH_021,476800,9536,1716,0,0,0,465548,INR,PROCESSED,2026-08-22T00:23:07Z,REF-PAY_7EB3CB10
SET_E9BBDFF1,MERCH_013,1923000,38460,6922,0,0,0,1877618,INR,PROCESSED,2026-08-23T05:35:13Z,SETTLE-MERCH_013-BULK
SET_3D6EF887,MERCH_017,517200,10344,1861,0,0,0,504995,INR,PROCESSED,2026-08-04T13:17:12Z,REF-PAY_B5530C49
SET_9CFE0D62,MERCH_045,1005100,20102,3618,0,0,0,981380,INR,PROCESSED,2026-08-23T23:06:05Z,REF-PAY_318332BF
SET_B7F74E9A,MERCH_009,137400,2748,494,0,0,0,134158,INR,PROCESSED,2026-08-22T00:08:47Z,REF-PAY_91F112B3
SET_19926DC8,MERCH_019,596500,11930,2147,0,0,0,582423,INR,PROCESSED,2026-08-29T00:51:37Z,REF-PAY_2387E11C
SET_2612FFE6,MERCH_038,1039300,20786,3741,0,0,0,1014773,INR,PROCESSED,2026-08-24T02:15:28Z,REF-PAY_F0AACB4F
SET_71575E23,MERCH_023,865200,17304,3114,0,0,0,844782,INR,PROCESSED,2026-08-22T08:54:05Z,REF-PAY_E7AFA2EC-TYPO
SET_0A22FE15,MERCH_015,1032800,20656,3718,0,0,0,1008426,INR,PROCESSED,2026-08-14T18:17:10Z,REF-PAY_44E52EA7
SET_E3FA6101,MERCH_004,655100,13102,2358,0,0,0,639640,INR,PROCESSED,2026-07-30T04:32:23Z,REF-PAY_DA7EEB48
SET_1A467074,MERCH_036,340600,6812,1226,0,0,0,332562,INR,PROCESSED,2026-08-13T16:46:44Z,REF-PAY_8B8C2800
SET_AA21B41C,MERCH_003,1023000,20460,3682,0,0,0,998858,INR,PROCESSED,2026-08-20T04:16:08Z,REF-PAY_1E60D7B8
SET_959C4DFA,MERCH_029,424800,8496,1529,0,0,0,414775,INR,PROCESSED,2026-07-09T02:43:38Z,REF-PAY_09887E20
SET_99391C33,MERCH_037,175100,3502,630,0,0,0,170968,INR,PROCESSED,2026-08-24T19:47:15Z,SETTLE-MERCH_037-BULK
SET_B5D05AE0,MERCH_043,1815300,36306,6535,0,0,0,1772459,INR,PROCESSED,2026-08-21T02:48:00Z,REF-PAY_F382E458
SET_214ECD6C,MERCH_038,629100,12582,2264,0,629100,0,-14846,INR,PROCESSED,2026-07-15T16:00:14Z,REF-PAY_BEC9E136
SET_76B75623,MERCH_026,1871700,37434,6738,935850,0,0,891678,INR,PROCESSED,2026-08-09T11:58:25Z,REF-PAY_7DDD7D3C
SET_CCF967EB,MERCH_029,992100,19842,3571,0,0,0,968687,INR,PROCESSED,2026-07-19T21:06:25Z,REF-PAY_2F64CB69
SET_8B4F9AF5,MERCH_006,28400,568,102,0,0,0,27730,INR,PROCESSED,2026-08-31T07:01:23Z,SETTLE-MERCH_006-BULK
SET_DAEA7C01,MERCH_037,1143100,22862,4115,0,0,0,1116123,INR,PROCESSED,2026-07-04T15:06:33Z,REF-PAY_7E93510D
SET_626E25C7,MERCH_030,1825800,36516,6572,0,0,0,1782712,INR,PROCESSED,2026-08-04T03:13:13Z,REF-PAY_D8F755F0
SET_3295A854,MERCH_028,1774300,35486,6387,0,0,0,1732427,INR,PROCESSED,2026-07-27T05:59:49Z,REF-PAY_6DFB360D
SET_C281A46C,MERCH_011,1552500,31050,5589,0,0,0,1515861,INR,PROCESSED,2026-08-18T03:38:59Z,REF-PAY_9B7B9ED9
SET_7A114F61,MERCH_011,1800100,36002,6480,900050,0,0,857568,INR,PROCESSED,2026-09-01T10:29:27Z,REF-PAY_D64C5C2D
SET_D0804144,MERCH_036,1256400,25128,4523,0,0,0,1226749,INR,PROCESSED,2026-08-28T18:16:54Z,REF-PAY_FE78923D
SET_728E01B1,MERCH_017,393300,7866,1415,0,0,0,384019,INR,PROCESSED,2026-08-14T07:07:02Z,REF-PAY_CDC94E3A
SET_0BF0AA70,MERCH_028,1674200,33484,6027,0,0,0,1634689,INR,PROCESSED,2026-08-14T03:26:34Z,REF-PAY_25A98C74
SET_F4BA1114,MERCH_019,616200,12324,2218,0,0,0,601658,INR,PROCESSED,2026-07-16T06:01:10Z,REF-PAY_FE46B31F
SET_8A715E0F,MERCH_019,1880300,37606,6769,0,0,0,1835925,INR,PROCESSED,2026-08-30T08:21:31Z,REF-PAY_16FAFEF2
SET_FB740C81,MERCH_027,1282900,25658,4618,0,0,0,1252624,INR,PROCESSED,2026-07-23T17:16:27Z,REF-PAY_7C365E78
SET_FB76B723,MERCH_042,767000,15340,2761,0,767000,0,-18101,INR,PROCESSED,2026-07-19T11:47:32Z,REF-PAY_CB0FF026
SET_DE043B5B,MERCH_022,353000,7060,1270,0,0,0,344670,INR,PROCESSED,2026-07-21T06:43:51Z,REF-PAY_30A56588
SET_DB17718B,MERCH_025,1736600,34732,6251,0,0,0,1695617,INR,PROCESSED,2026-08-05T06:56:13Z,REF-PAY_A26B438F
SET_FD0EE4CD,MERCH_040,1536300,30726,5530,0,0,0,1470444,INR,PROCESSED,2026-07-08T16:08:28Z,REF-PAY_7ED8FC28
SET_BCD51F10,MERCH_049,301200,6024,1084,0,0,0,294092,INR,PROCESSED,2026-08-25T23:03:58Z,SETTLE-MERCH_049-BULK
SET_47344AA9,MERCH_007,1447300,28946,5210,0,0,0,1413144,INR,PROCESSED,2026-07-21T04:32:57Z,REF-PAY_8D7AFF5B
SET_274975B0,MERCH_003,837900,16758,3016,0,837900,0,-19774,INR,PROCESSED,2026-08-25T22:23:41Z,REF-PAY_E54060C0
SET_CB7AEB1B,MERCH_026,654000,13080,2354,0,0,0,638566,INR,PROCESSED,2026-08-31T18:37:39Z,REF-PAY_834D9DFA
SET_88662974,MERCH_010,34900,698,125,0,0,0,34077,INR,PROCESSED,2026-07-08T04:38:41Z,REF-PAY_58E59511
SET_CA2C2D12,MERCH_042,741300,14826,2668,0,0,0,723806,INR,PROCESSED,2026-08-19T19:44:15Z,REF-PAY_A9BECEE6
SET_CE9DEB2B,MERCH_028,1720000,34400,6192,0,0,0,1636508,INR,PROCESSED,2026-08-08T15:30:18Z,REF-PAY_724983D1
SET_07985A41,MERCH_007,187500,3750,675,0,0,0,183075,INR,PROCESSED,2026-08-15T06:27:21Z,REF-PAY_02E3552D
SET_E6348827,MERCH_010,141000,2820,507,0,0,0,137673,INR,PROCESSED,2026-09-03T17:03:30Z,REF-PAY_BB85376B-TYPO
SET_FD3A0C73,MERCH_014,1355900,27118,4881,0,0,0,1323901,INR,PROCESSED,2026-08-23T01:29:13Z,REF-PAY_3831D38C
SET_26AA2D41,MERCH_005,447000,8940,1609,0,447000,0,-10549,INR,PROCESSED,2026-08-17T04:28:58Z,REF-PAY_F3710EAC
SET_BA5D4C1C,MERCH_023,1110100,22202,3996,0,0,0,1083902,INR,PROCESSED,2026-07-03T01:31:39Z,REF-PAY_72F66F74
SET_D99214CD,MERCH_007,1558400,31168,5610,0,0,0,1521622,INR,PROCESSED,2026-08-21T16:29:16Z,REF-PAY_3DD82DC8
SET_E82F77E7,MERCH_008,1528600,30572,5502,0,0,0,1492526,INR,PROCESSED,2026-07-23T18:29:54Z,REF-PAY_B22489B2
SET_F96AA238,MERCH_034,77300,1546,278,38650,0,0,36826,INR,PROCESSED,2026-08-06T06:39:49Z,REF-PAY_86C48898
SET_5DB71CF4,MERCH_015,1245000,24900,4482,0,0,0,1215618,INR,PROCESSED,2026-07-16T12:06:49Z,REF-PAY_4B757A8A
SET_0E9BFA0F,MERCH_013,1054800,21096,3797,0,1054800,0,-24893,INR,PROCESSED,2026-07-08T13:18:44Z,REF-PAY_27681C9F
SET_4292C2CA,MERCH_038,629700,12594,2266,0,0,0,614840,INR,PROCESSED,2026-08-31T21:14:50Z,REF-PAY_8296FD58
SET_0E98A8D5,MERCH_046,598000,11960,2152,0,0,0,583888,INR,PROCESSED,2026-08-05T18:46:33Z,REF-PAY_FFD24A4C
SET_814C8E98,MERCH_046,1493700,29874,5377,0,0,0,1458449,INR,PROCESSED,2026-08-15T04:39:21Z,REF-PAY_2C6C5966
SET_2D9B7265,MERCH_037,940200,18804,3384,470100,0,0,447912,INR,PROCESSED,2026-08-31T15:18:00Z,REF-PAY_27547EF7
SET_9C229DC4,MERCH_044,1000000,20000,3600,0,0,0,976400,INR,PROCESSED,2026-08-02T04:49:43Z,REF-PAY_40C36ECC
SET_BD31A5FD,MERCH_027,1958700,39174,7051,0,0,0,1912475,INR,PROCESSED,2026-08-08T13:13:47Z,REF-PAY_7F6E2E38
SET_44409D14,MERCH_045,1133300,22666,4079,0,0,0,1106555,INR,PROCESSED,2026-08-30T22:48:07Z,REF-PAY_398C857E
SET_6BD1FAAF,MERCH_041,563500,11270,2028,0,563500,0,-13298,INR,PROCESSED,2026-08-19T15:08:03Z,REF-PAY_D921DDB8
SET_20B796A3,MERCH_028,86500,1730,311,0,0,0,84509,INR,PROCESSED,2026-07-22T08:52:49Z,REF-PAY_71D4B28D
SET_42797CF7,MERCH_002,1902500,38050,6849,0,0,0,1857501,INR,PROCESSED,2026-08-21T01:11:53Z,REF-PAY_81C3E2EE
SET_EE7FB707,MERCH_045,557800,11156,2008,0,0,0,544636,INR,PROCESSED,2026-07-17T06:34:28Z,REF-PAY_15E29CFC
SET_62E62C14,MERCH_036,1286300,25726,4630,0,1286300,0,-30356,INR,PROCESSED,2026-09-02T10:56:16Z,REF-PAY_E761BF30
SET_5F913A16,MERCH_031,146300,2926,526,73150,0,0,69698,INR,PROCESSED,2026-08-02T22:26:44Z,REF-PAY_6717EB49
SET_4C444E47,MERCH_030,432300,8646,1556,216150,0,0,205948,INR,PROCESSED,2026-08-02T09:05:06Z,REF-PAY_19B2ED68
SET_AC434172,MERCH_006,895100,17902,3222,0,0,0,873976,INR,PROCESSED,2026-07-24T03:56:06Z,REF-PAY_573B3B9D
SET_7C64DA6E,MERCH_039,466600,9332,1679,0,0,0,455589,INR,PROCESSED,2026-08-26T13:21:20Z,SETTLE-MERCH_039-BULK
SET_243C9A33,MERCH_016,60000000,1200000,216000,0,0,0,58584000,INR,PROCESSED,2026-08-26T09:18:42Z,SETTLE-MERCH_016-HV
SET_E71798B3,MERCH_042,1837200,36744,6613,0,0,0,1793843,INR,PROCESSED,2026-07-27T10:29:03Z,REF-PAY_BBFE216A
SET_39694CAE,MERCH_020,803600,16072,2892,0,0,0,784636,INR,PROCESSED,2026-07-20T20:37:00Z,REF-PAY_2D11EA0F
SET_6E8F5A67,MERCH_016,1663700,33274,5989,0,0,0,1624437,INR,PROCESSED,2026-07-11T01:00:26Z,REF-PAY_C1698720
SET_A1C9C4F6,MERCH_017,997700,19954,3591,0,0,0,974055,INR,PROCESSED,2026-07-15T10:31:22Z,REF-PAY_C397403B
SET_DA1750F2,MERCH_013,1717700,34354,6183,0,1717700,0,-40537,INR,PROCESSED,2026-07-23T16:55:42Z,REF-PAY_74132967
SET_23E7D25E,MERCH_018,1078600,21572,3882,0,0,0,1053046,INR,PROCESSED,2026-08-13T16:56:03Z,REF-PAY_8C4FDCEC
SET_01B40581,MERCH_001,739500,14790,2662,0,0,0,722048,INR,PROCESSED,2026-07-07T11:42:54Z,REF-PAY_6C996C90
SET_6F4117B6,MERCH_010,1294500,25890,4660,0,0,0,1263950,INR,PROCESSED,2026-09-01T20:35:19Z,REF-PAY_6FE689F3
SET_101DE793,MERCH_012,1048800,20976,3775,0,0,0,1024049,INR,PROCESSED,2026-08-31T08:34:05Z,REF-PAY_360515A9
SET_A688CF04,MERCH_013,472300,9446,1700,0,0,0,461154,INR,PROCESSED,2026-08-18T06:31:07Z,REF-PAY_F2EE4D5F
SET_DD22C3D3,MERCH_038,777500,15550,2799,0,0,0,759151,INR,PROCESSED,2026-07-25T22:35:41Z,REF-PAY_949831A5-TYPO
SET_9AD43912,MERCH_024,517000,10340,1861,0,0,0,504799,INR,PROCESSED,2026-09-02T19:52:47Z,REF-PAY_E5F49543
SET_C219122B,MERCH_042,725400,14508,2611,0,0,0,708281,INR,PROCESSED,2026-08-12T04:42:03Z,REF-PAY_677245AA
SET_B921C1B9,MERCH_043,132100,2642,475,0,0,0,128983,INR,PROCESSED,2026-08-31T15:27:43Z,REF-PAY_19FBFD5F
SET_D5222932,MERCH_039,1541300,30826,5548,0,0,0,1504926,INR,PROCESSED,2026-08-25T12:14:35Z,REF-PAY_435FB517
SET_721509BB,MERCH_030,1045000,20900,3762,0,0,0,1020338,INR,PROCESSED,2026-09-03T04:53:47Z,REF-PAY_6E49B1F7
SET_DDFD60A2,MERCH_048,748800,14976,2695,0,0,0,731129,INR,PROCESSED,2026-07-18T10:03:02Z,REF-PAY_7097A328
SET_51708E29,MERCH_024,1267900,25358,4564,0,0,0,1237978,INR,PROCESSED,2026-08-19T21:36:01Z,REF-PAY_1382C65D
SET_B2B99340,MERCH_018,409900,8198,1475,0,0,0,400227,INR,PROCESSED,2026-07-08T00:16:11Z,REF-PAY_CF1ED84B
SET_C27CB1B5,MERCH_005,1555200,31104,5598,0,0,0,1518498,INR,PROCESSED,2026-07-10T07:55:59Z,REF-PAY_E09E799D
SET_9F3A3687,MERCH_018,718300,14366,2585,0,0,0,701349,INR,PROCESSED,2026-08-13T01:28:27Z,REF-PAY_CE33550C
SET_4A8B1C9F,MERCH_030,1608400,32168,5790,0,0,0,1570442,INR,PROCESSED,2026-07-05T18:52:31Z,REF-PAY_89FA143B
SET_60620D41,MERCH_030,1576200,31524,5674,0,0,0,1539002,INR,PROCESSED,2026-08-25T23:14:21Z,REF-PAY_3E7C44B3
SET_650050B7,MERCH_016,1067600,21352,3843,0,0,0,1042405,INR,PROCESSED,2026-07-29T12:39:11Z,REF-PAY_5854BE44-TYPO
SET_50F65C5A,MERCH_020,855000,17100,3078,0,0,0,834822,INR,PROCESSED,2026-08-10T07:09:43Z,REF-PAY_FDEEB259
SET_890BF9ED,MERCH_041,1033300,20666,3719,0,0,0,1008815,INR,PROCESSED,2026-07-17T07:36:34Z,REF-PAY_C9179BA6
SET_101F4664,MERCH_039,879200,17584,3165,0,0,0,858451,INR,PROCESSED,2026-08-26T11:03:22Z,REF-PAY_8E10D825-TYPO
SET_A9BBF3D3,MERCH_011,1825400,36508,6571,0,0,0,1782321,INR,PROCESSED,2026-07-10T07:05:35Z,REF-PAY_4E66D81E
SET_45607EC6,MERCH_011,233900,4678,842,0,0,0,228380,INR,PROCESSED,2026-08-20T19:21:39Z,REF-PAY_A105F1E7-TYPO
SET_FFDC6513,MERCH_003,882000,17640,3175,0,0,0,861185,INR,PROCESSED,2026-09-03T06:13:33Z,REF-PAY_268F485C
SET_B28FA735,MERCH_001,746000,14920,2685,0,0,0,728395,INR,PROCESSED,2026-07-31T21:55:17Z,REF-PAY_EAAD358B
SET_2AA4FF19,MERCH_026,1696300,33926,6106,0,0,0,1656268,INR,PROCESSED,2026-08-10T07:34:41Z,REF-PAY_E989DF57
SET_B1983C7A,MERCH_036,368500,7370,1326,0,0,0,344204,INR,PROCESSED,2026-08-24T18:40:52Z,REF-PAY_BDB06469
SET_8453B639,MERCH_009,1018500,20370,3666,509250,0,0,485214,INR,PROCESSED,2026-07-07T00:42:19Z,REF-PAY_CF1AD89A
SET_68D8FFDF,MERCH_003,707900,14158,2548,0,0,0,691194,INR,PROCESSED,2026-09-02T05:01:40Z,REF-PAY_7AC40788
SET_5702EF94,MERCH_002,168400,3368,606,84200,0,0,80226,INR,PROCESSED,2026-08-05T20:09:00Z,REF-PAY_52DAD67D
SET_2F186034,MERCH_013,292800,5856,1054,0,0,0,285890,INR,PROCESSED,2026-07-31T16:41:03Z,REF-PAY_F990E887
SET_8572C1C7,MERCH_019,1112100,22242,4003,0,0,0,1085855,INR,PROCESSED,2026-08-09T15:19:54Z,REF-PAY_3C925A1A
SET_FDDDEFDD,MERCH_020,1598100,31962,5753,0,0,0,1560385,INR,PROCESSED,2026-08-14T22:18:26Z,REF-PAY_FDA94504-TYPO
SET_4E3C0095,MERCH_006,1322300,26446,4760,0,0,0,1291094,INR,PROCESSED,2026-08-30T03:28:42Z,REF-PAY_97606530
SET_8E48C4F6,MERCH_001,1782200,35644,6415,0,0,0,1740141,INR,PROCESSED,2026-09-03T13:40:46Z,REF-PAY_D80DD77A
SET_3C70F869,MERCH_031,1145400,22908,4123,0,0,0,1118369,INR,PROCESSED,2026-08-30T07:34:57Z,REF-PAY_45903648
SET_86B69E50,MERCH_034,287100,5742,1033,0,0,0,280325,INR,PROCESSED,2026-08-20T19:06:04Z,REF-PAY_A2EA5D62
SET_C781D247,MERCH_010,1492800,29856,5374,0,0,0,1457570,INR,PROCESSED,2026-07-17T06:59:08Z,REF-PAY_717CBE8E
SET_2C06EAB1,MERCH_043,1475500,29510,5311,0,0,0,1440679,INR,PROCESSED,2026-07-06T18:14:16Z,REF-PAY_C6325A7F
SET_3E35EA8B,MERCH_002,783500,15670,2820,0,783500,0,-18490,INR,PROCESSED,2026-09-01T20:57:53Z,REF-PAY_102E07FC
SET_70A86E77,MERCH_043,346200,6924,1246,0,0,0,338030,INR,PROCESSED,2026-08-24T03:31:44Z,REF-PAY_C967B62E
SET_F5948663,MERCH_020,1568800,31376,5647,0,0,0,1531777,INR,PROCESSED,2026-08-29T22:34:45Z,REF-PAY_647014A0
SET_248AD07A,MERCH_014,567300,11346,2042,0,0,0,553912,INR,PROCESSED,2026-07-24T15:07:49Z,REF-PAY_72B80E95
SET_636F0B52,MERCH_036,1771400,35428,6377,0,0,0,1729595,INR,PROCESSED,2026-08-25T14:48:09Z,REF-PAY_872BDA01
SET_0C2767BA,MERCH_049,1275200,25504,4590,0,1275200,0,-30094,INR,PROCESSED,2026-07-11T19:34:58Z,REF-PAY_3589C54A
SET_4A5A0F60,MERCH_003,833400,16668,3000,0,0,0,813732,INR,PROCESSED,2026-07-29T02:04:25Z,REF-PAY_0D4E7519
SET_A3A2B173,MERCH_039,1206400,24128,4343,0,0,0,1177979,INR,PROCESSED,2026-08-29T08:15:20Z,REF-PAY_F55E9BF0
SET_D31623B0,MERCH_013,1915200,38304,6894,0,0,0,1870002,INR,PROCESSED,2026-08-13T05:39:10Z,REF-PAY_64FA63AE
SET_C18DB9AE,MERCH_002,230800,4616,830,0,0,0,225354,INR,PROCESSED,2026-08-28T13:35:14Z,REF-PAY_D409A187-TYPO
SET_E79FE54B,MERCH_008,1600200,32004,5760,0,0,0,1541336,INR,PROCESSED,2026-07-25T20:37:48Z,REF-PAY_27D133F6
SET_1A199467,MERCH_038,162300,3246,584,0,0,0,158470,INR,PROCESSED,2026-08-18T06:07:00Z,REF-PAY_02775C39
SET_65C51F7D,MERCH_009,755400,15108,2719,0,0,0,737473,INR,PROCESSED,2026-07-10T15:58:56Z,REF-PAY_A3C916C5
SET_90B3D17E,MERCH_009,1742500,34850,6273,0,0,0,1701377,INR,PROCESSED,2026-08-06T08:32:04Z,REF-PAY_1ACB2534
SET_FBD77B42,MERCH_006,113300,2266,407,0,0,0,110627,INR,PROCESSED,2026-07-25T06:09:04Z,REF-PAY_F2FEED4C
SET_35E088C8,MERCH_013,658100,13162,2369,0,0,0,642569,INR,PROCESSED,2026-09-01T11:23:55Z,REF-PAY_2A350BAB
SET_E2BFC4B5,MERCH_036,154300,3086,555,0,0,0,150659,INR,PROCESSED,2026-07-07T23:53:07Z,REF-PAY_DBFCBA8A
SET_70EBA1CE,MERCH_013,1753100,35062,6311,0,0,0,1696727,INR,PROCESSED,2026-08-11T20:53:47Z,REF-PAY_CCE78881
SET_DCD82D17,MERCH_008,1651000,33020,5943,0,0,0,1612037,INR,PROCESSED,2026-07-21T16:58:21Z,REF-PAY_FBFBE1F8
SET_6D65D969,MERCH_021,1925800,38516,6932,0,0,0,1880352,INR,PROCESSED,2026-07-12T15:01:44Z,REF-PAY_6930058F
SET_54864906,MERCH_011,1290900,25818,4647,0,0,0,1260335,INR,PROCESSED,2026-07-22T02:36:54Z,REF-PAY_56FEA075
SET_6C89F3D2,MERCH_014,1883000,37660,6778,0,0,0,1838562,INR,PROCESSED,2026-07-26T09:51:10Z,REF-PAY_1AD2B2EA
SET_9CBA6533,MERCH_017,1017300,20346,3662,0,0,0,993292,INR,PROCESSED,2026-07-15T20:49:41Z,REF-PAY_368B2CE1
SET_8B934D7C,MERCH_006,557300,11146,2006,278650,0,0,265498,INR,PROCESSED,2026-08-09T01:06:08Z,REF-PAY_A6335188
SET_71713DCF,MERCH_049,1794900,35898,6461,0,0,0,1752541,INR,PROCESSED,2026-07-27T07:59:21Z,REF-PAY_E49A6FE8
SET_444E74BD,MERCH_029,1016200,20324,3658,0,0,0,992218,INR,PROCESSED,2026-08-29T02:39:43Z,REF-PAY_2FEC6768
SET_663BB08E,MERCH_041,1130700,22614,4070,0,0,0,1104016,INR,PROCESSED,2026-07-22T21:02:54Z,REF-PAY_422068D7
SET_82DE66DF,MERCH_031,1519300,30386,5469,0,0,0,1463445,INR,PROCESSED,2026-08-30T12:40:04Z,REF-PAY_634149F4
SET_27B78458,MERCH_044,1529000,30580,5504,0,0,0,1492916,INR,PROCESSED,2026-07-14T09:01:27Z,REF-PAY_194E2FF7-TYPO
SET_AC4FB503,MERCH_038,1675400,33508,6031,0,0,0,1635861,INR,PROCESSED,2026-07-27T03:56:43Z,REF-PAY_A78C3FFD
SET_F4B5CDBC,MERCH_048,585700,11714,2108,292850,0,0,279028,INR,PROCESSED,2026-07-09T22:52:14Z,REF-PAY_21B6D852
SET_C1A9CC86,MERCH_006,775600,15512,2792,0,0,0,757346,INR,PROCESSED,2026-08-27T11:40:02Z,REF-PAY_2BEF8096
SET_305543D1,MERCH_023,1976800,39536,7116,0,0,0,1930148,INR,PROCESSED,2026-07-03T03:43:20Z,REF-PAY_349D0BF1
SET_59E75CD6,MERCH_009,1830000,36600,6588,0,0,0,1786812,INR,PROCESSED,2026-07-04T13:30:23Z,REF-PAY_153EA167-TYPO
SET_F81C6EE5,MERCH_018,186700,3734,672,0,0,0,182294,INR,PROCESSED,2026-08-27T18:03:09Z,REF-PAY_69AEB14F
SET_E0E64B31,MERCH_030,517800,10356,1864,0,0,0,505630,INR,PROCESSED,2026-08-20T15:31:38Z,REF-PAY_04639DCE
SET_ABF14066,MERCH_007,1566700,31334,5640,0,0,0,1529726,INR,PROCESSED,2026-08-18T21:37:23Z,REF-PAY_A11FB614
SET_4F3151D2,MERCH_036,545600,10912,1964,0,0,0,532724,INR,PROCESSED,2026-07-12T00:38:13Z,REF-PAY_20CDD0CE
SET_E52FC9A7,MERCH_031,672000,13440,2419,0,0,0,656141,INR,PROCESSED,2026-08-15T02:52:50Z,REF-PAY_4FC50C9F
SET_4257509D,MERCH_018,633400,12668,2280,0,0,0,618452,INR,PROCESSED,2026-07-14T01:45:18Z,REF-PAY_67F4854F
SET_E27957A9,MERCH_045,1129600,22592,4066,564800,0,0,538142,INR,PROCESSED,2026-07-17T02:10:24Z,REF-PAY_D7AA86E5
SET_5011E38B,MERCH_048,875300,17506,3151,0,0,0,854643,INR,PROCESSED,2026-08-15T02:01:08Z,REF-PAY_3F2041B9
SET_9BE9ED97,MERCH_046,447200,8944,1609,0,0,0,436647,INR,PROCESSED,2026-07-31T14:04:40Z,REF-PAY_F1CF89F3
SET_62F3D463,MERCH_010,1036900,20738,3732,0,0,0,1012430,INR,PROCESSED,2026-07-10T20:34:36Z,REF-PAY_1A784CD6
SET_7B7B68EC,MERCH_037,1538700,30774,5539,0,0,0,1502387,INR,PROCESSED,2026-08-06T06:18:08Z,REF-PAY_3272CBFD
SET_00ABBF37,MERCH_021,1674300,33486,6027,0,0,0,1634787,INR,PROCESSED,2026-07-17T16:51:48Z,REF-PAY_91AFFFDC
SET_51FF6F84,MERCH_002,1883700,37674,6781,0,0,0,1839245,INR,PROCESSED,2026-07-06T15:51:07Z,REF-PAY_874DA6B2
SET_77F02901,MERCH_032,434800,8696,1565,0,0,0,424589,INR,PROCESSED,2026-08-21T22:17:17Z,REF-PAY_CAC618AF
SET_6E83D556,MERCH_029,273600,5472,984,0,0,0,267144,INR,PROCESSED,2026-07-28T13:56:43Z,REF-PAY_F67CB7E6
SET_E560E725,MERCH_037,669700,13394,2410,0,0,0,653896,INR,PROCESSED,2026-08-12T13:26:31Z,REF-PAY_01A596DE
SET_0D36A643,MERCH_008,710700,14214,2558,0,0,0,693928,INR,PROCESSED,2026-08-09T06:31:35Z,REF-PAY_4E66EDF0
SET_9169AEE0,MERCH_009,164900,3298,593,0,164900,0,-3891,INR,PROCESSED,2026-08-27T14:02:53Z,REF-PAY_DA4C34D7
SET_195A2724,MERCH_021,492600,9852,1773,246300,0,0,234675,INR,PROCESSED,2026-07-08T16:12:56Z,REF-PAY_EE60C5F8
SET_260F5F7C,MERCH_045,40800,816,146,0,0,0,39838,INR,PROCESSED,2026-07-08T03:51:06Z,REF-PAY_2BF5834B
SET_5560361E,MERCH_042,235800,4716,848,0,0,0,214936,INR,PROCESSED,2026-08-09T09:24:58Z,REF-PAY_79A77D96
SET_20F66668,MERCH_041,703600,14072,2532,0,0,0,686996,INR,PROCESSED,2026-08-01T13:00:51Z,SETTLE-MERCH_041-BULK
SET_90E03452,MERCH_006,1012700,20254,3645,0,0,0,988801,INR,PROCESSED,2026-08-20T01:46:11Z,REF-PAY_0A2CE49A
SET_4A00C9F8,MERCH_014,1074600,21492,3868,0,0,0,1049140,INR,PROCESSED,2026-07-29T21:37:47Z,REF-PAY_88D1DEED
SET_F2BDAE71,MERCH_014,299700,5994,1078,0,0,0,292628,INR,PROCESSED,2026-07-03T01:01:45Z,REF-PAY_8A5ACC98
SET_C26EFF8E,MERCH_039,1782800,35656,6418,0,0,0,1740726,INR,PROCESSED,2026-08-25T01:46:15Z,REF-PAY_9DF47D80
SET_C3473640,MERCH_010,1422600,28452,5121,0,0,0,1389027,INR,PROCESSED,2026-07-16T04:58:46Z,REF-PAY_83217839
SET_2C64168A,MERCH_020,280500,5610,1009,0,0,0,273881,INR,PROCESSED,2026-07-16T13:53:17Z,REF-PAY_971D3B0E
SET_4494C78C,MERCH_024,1247600,24952,4491,0,0,0,1218157,INR,PROCESSED,2026-07-06T11:01:55Z,REF-PAY_EAF6D867
SET_AD900073,MERCH_032,1035100,20702,3726,0,0,0,1010672,INR,PROCESSED,2026-08-26T10:33:06Z,REF-PAY_F154009E-TYPO
SET_1C79DA9A,MERCH_023,1478600,29572,5322,0,1478600,0,-34894,INR,PROCESSED,2026-07-23T14:04:40Z,REF-PAY_C403B2D7
SET_8D3A5E1B,MERCH_045,1628000,32560,5860,0,0,0,1589580,INR,PROCESSED,2026-07-12T20:49:36Z,REF-PAY_019A85B1
SET_362668B6,MERCH_005,1814900,36298,6533,0,0,0,1772069,INR,PROCESSED,2026-08-19T15:44:31Z,REF-PAY_F7AFB637
SET_F58C81BC,MERCH_029,969500,19390,3490,0,0,0,946620,INR,PROCESSED,2026-07-28T03:56:10Z,SETTLE-MERCH_029-BULK
SET_47E3AB37,MERCH_021,995900,19918,3585,0,0,0,972297,INR,PROCESSED,2026-08-08T01:06:19Z,REF-PAY_69B98090
SET_06C33AFE,MERCH_046,1253200,25064,4511,0,0,0,1223625,INR,PROCESSED,2026-08-30T23:00:34Z,REF-PAY_4AAB3EA6
SET_E1CF939A,MERCH_032,57600,1152,207,0,0,0,56241,INR,PROCESSED,2026-08-06T18:34:51Z,REF-PAY_4768A12B
SET_BCFB8EF4,MERCH_015,1657900,33158,5968,0,1657900,0,-39126,INR,PROCESSED,2026-07-14T12:54:55Z,REF-PAY_9D200047
SET_3290BABF,MERCH_014,259200,5184,933,0,0,0,253083,INR,PROCESSED,2026-08-21T03:25:41Z,REF-PAY_B2D70A9C-TYPO
SET_D138376B,MERCH_026,1915300,38306,6895,0,0,0,1870099,INR,PROCESSED,2026-08-22T14:49:06Z,REF-PAY_0FC29EE8
SET_CF0BD242,MERCH_029,337200,6744,1213,0,0,0,329243,INR,PROCESSED,2026-08-30T22:20:21Z,REF-PAY_D8DA71C8
SET_0E282DC8,MERCH_002,1344400,26888,4839,672200,0,0,640473,INR,PROCESSED,2026-08-20T03:24:21Z,REF-PAY_5880E49B
SET_869170B3,MERCH_029,245200,4904,882,0,245200,0,-5786,INR,PROCESSED,2026-08-15T07:01:20Z,REF-PAY_DD5531F6
SET_C28A2C84,MERCH_024,1889700,37794,6802,0,0,0,1845104,INR,PROCESSED,2026-08-17T00:03:27Z,REF-PAY_EB2F5708
SET_1E8B0F45,MERCH_011,567700,11354,2043,0,0,0,554303,INR,PROCESSED,2026-07-18T04:26:41Z,REF-PAY_D9EF300B
SET_1ED68366,MERCH_042,1222100,24442,4399,0,0,0,1151059,INR,PROCESSED,2026-08-18T18:02:41Z,REF-PAY_14F81113
SET_DC97F5B1,MERCH_024,657900,13158,2368,0,0,0,642374,INR,PROCESSED,2026-08-24T17:36:18Z,REF-PAY_2A175150
SET_C6A89ED3,MERCH_034,638300,12766,2297,0,0,0,623237,INR,PROCESSED,2026-08-25T19:11:00Z,REF-PAY_6FAB7928
SET_C6FF4086,MERCH_030,1427200,28544,5137,0,0,0,1393519,INR,PROCESSED,2026-08-22T06:17:52Z,REF-PAY_10029B91
SET_31AF3438,MERCH_003,1265000,25300,4554,0,1265000,0,-29854,INR,PROCESSED,2026-08-01T09:17:37Z,REF-PAY_7CE7487E
SET_79E3E0B5,MERCH_039,5500000,110000,19800,0,0,0,5370200,INR,PROCESSED,2026-08-27T12:42:50Z,SETTLE-MERCH_039-HV
SET_F292C0B0,MERCH_038,715300,14306,2575,0,0,0,698419,INR,PROCESSED,2026-07-05T01:27:33Z,REF-PAY_2D4BCA7C
SET_8F3236EF,MERCH_026,1747000,34940,6289,0,0,0,1705771,INR,PROCESSED,2026-08-28T09:20:24Z,REF-PAY_844AD01D
SET_059CB2B5,MERCH_049,718800,14376,2587,0,0,0,701837,INR,PROCESSED,2026-07-25T21:55:53Z,REF-PAY_FEB06229
SET_24201DF0,MERCH_008,503100,10062,1811,0,0,0,491227,INR,PROCESSED,2026-08-19T18:43:58Z,REF-PAY_7F7ACB2C
SET_ADB8701D,MERCH_039,1905300,38106,6859,0,0,0,1860335,INR,PROCESSED,2026-08-09T02:27:04Z,REF-PAY_1DC04C9E
SET_4637BAAD,MERCH_016,1652000,33040,5947,0,0,0,1592213,INR,PROCESSED,2026-08-05T21:55:28Z,REF-PAY_2631E542
SET_3A86F196,MERCH_031,1997700,39954,7191,0,0,0,1950555,INR,PROCESSED,2026-07-31T10:21:47Z,REF-PAY_E484AE76
SET_46F87EC3,MERCH_017,1657700,33154,5967,0,0,0,1618579,INR,PROCESSED,2026-07-23T21:14:43Z,REF-PAY_6F98FC32
SET_11263E09,MERCH_001,415500,8310,1495,0,0,0,405695,INR,PROCESSED,2026-07-22T20:10:34Z,REF-PAY_3A25BA16
SET_E7DC235C,MERCH_045,1546000,30920,5565,0,0,0,1509515,INR,PROCESSED,2026-07-13T04:51:15Z,REF-PAY_F070064D-TYPO
SET_77F42814,MERCH_035,1403000,28060,5050,0,0,0,1369890,INR,PROCESSED,2026-07-16T05:07:09Z,REF-PAY_45DBE363
SET_68A8591F,MERCH_012,533200,10664,1919,0,0,0,510317,INR,PROCESSED,2026-07-11T08:50:47Z,REF-PAY_CF75059E
SET_5D609767,MERCH_001,1934700,38694,6964,0,0,0,1889042,INR,PROCESSED,2026-08-13T22:02:41Z,REF-PAY_02415892
SET_FD081FE7,MERCH_004,1788200,35764,6437,0,0,0,1745999,INR,PROCESSED,2026-07-12T02:25:40Z,REF-PAY_6AC3BBA6
SET_0FAAFD8E,MERCH_011,1105000,22100,3978,0,0,0,1078922,INR,PROCESSED,2026-08-23T21:49:44Z,SETTLE-MERCH_011-BULK
SET_D6342CFE,MERCH_026,248800,4976,895,0,0,0,242829,INR,PROCESSED,2026-08-13T01:50:15Z,REF-PAY_F023499A
SET_ABDCB1A0,MERCH_013,1323800,26476,4765,661900,0,0,630659,INR,PROCESSED,2026-07-20T17:36:40Z,REF-PAY_F8D2A667
SET_7DAB3A59,MERCH_015,5500000,110000,19800,0,0,0,5370200,INR,PROCESSED,2026-08-06T19:16:26Z,SETTLE-MERCH_015-HV
SET_F4840DEF,MERCH_027,1059800,21196,3815,0,0,0,1034789,INR,PROCESSED,2026-07-11T03:53:21Z,REF-PAY_D444F81E
SET_49574ACB,MERCH_043,163300,3266,587,0,0,0,159447,INR,PROCESSED,2026-08-29T14:47:48Z,REF-PAY_C245EDB1
SET_A9F4BF74,MERCH_026,1428400,28568,5142,0,0,0,1394740,INR,PROCESSED,2026-07-03T21:19:29Z,REF-PAY_21490F8D
SET_FFA50F0B,MERCH_027,622200,12444,2239,0,622200,0,-14683,INR,PROCESSED,2026-07-13T11:03:13Z,REF-PAY_C67F88D2
SET_7048CCF5,MERCH_043,736400,14728,2651,0,0,0,705421,INR,PROCESSED,2026-07-13T11:52:41Z,REF-PAY_216D114D
SET_1B5F9E60,MERCH_015,812800,16256,2926,0,0,0,793618,INR,PROCESSED,2026-08-04T09:27:34Z,REF-PAY_9621F5CB
SET_6705AE55,MERCH_017,449100,8982,1616,0,0,0,438502,INR,PROCESSED,2026-09-02T16:00:01Z,REF-PAY_BDE18D9B
SET_200D1912,MERCH_019,365500,7310,1315,0,0,0,356875,INR,PROCESSED,2026-07-04T12:38:08Z,REF-PAY_57FC6183
SET_79D16FBB,MERCH_039,1615300,32306,5815,0,0,0,1577179,INR,PROCESSED,2026-07-21T10:04:40Z,REF-PAY_D0259389
SET_F6384715,MERCH_016,1655400,33108,5959,0,0,0,1616333,INR,PROCESSED,2026-07-03T07:16:22Z,REF-PAY_764D4AFA
SET_5B5584C8,MERCH_030,15000000,300000,54000,0,0,0,14646000,INR,PROCESSED,2026-07-11T00:32:04Z,SETTLE-MERCH_030-HV
SET_A07DA1D7,MERCH_032,391100,7822,1407,0,0,0,381871,INR,PROCESSED,2026-08-31T01:07:45Z,REF-PAY_F24C73A8
SET_336C259B,MERCH_029,555900,11118,2001,0,0,0,542781,INR,PROCESSED,2026-08-15T17:41:50Z,REF-PAY_80DBEECA
SET_2542696F,MERCH_001,542100,10842,1951,0,0,0,529307,INR,PROCESSED,2026-08-31T17:57:47Z,REF-PAY_7D177649
SET_A423674C,MERCH_047,948300,18966,3413,0,0,0,925921,INR,PROCESSED,2026-08-13T07:21:50Z,REF-PAY_49E9B8F7
SET_A5B08CC2,MERCH_048,138700,2774,499,0,0,0,135327,INR,PROCESSED,2026-07-03T20:52:32Z,REF-PAY_344E539C
SET_0FE6EF9D,MERCH_007,555600,11112,2000,0,0,0,542488,INR,PROCESSED,2026-08-26T12:11:36Z,REF-PAY_3244F700
SET_86359580,MERCH_011,1539700,30794,5542,0,0,0,1503364,INR,PROCESSED,2026-08-24T06:07:51Z,REF-PAY_C52C9AD1
SET_000F08E9,MERCH_004,647400,12948,2330,0,647400,0,-15278,INR,PROCESSED,2026-08-07T13:03:10Z,REF-PAY_54088E32
SET_AF4053C4,MERCH_022,1514400,30288,5451,0,1514400,0,-35739,INR,PROCESSED,2026-07-13T19:11:31Z,REF-PAY_B773FA67
SET_D2C61832,MERCH_009,1606300,32126,5782,0,0,0,1568292,INR,PROCESSED,2026-09-03T23:34:25Z,REF-PAY_8CD90B71
SET_C5DDF560,MERCH_021,279000,5580,1004,0,0,0,272416,INR,PROCESSED,2026-08-30T16:01:24Z,REF-PAY_80FDFF20-TYPO
SET_F450D278,MERCH_030,1281700,25634,4614,0,0,0,1251452,INR,PROCESSED,2026-08-29T17:11:23Z,REF-PAY_56DB2BB5
SET_51DB78E3,MERCH_026,1027800,20556,3700,0,0,0,1003544,INR,PROCESSED,2026-08-04T07:01:11Z,REF-PAY_731E6977
SET_DC03A954,MERCH_021,395000,7900,1422,0,0,0,385678,INR,PROCESSED,2026-07-26T21:21:05Z,REF-PAY_B668F67D
SET_B98E12AB,MERCH_014,294100,5882,1058,0,0,0,287160,INR,PROCESSED,2026-08-16T19:44:13Z,REF-PAY_B6939D49
SET_B72CFAA7,MERCH_025,304100,6082,1094,0,0,0,296924,INR,PROCESSED,2026-08-24T02:04:44Z,REF-PAY_B31554AE
SET_19BBDD6F,MERCH_030,69400,1388,249,0,0,0,67763,INR,PROCESSED,2026-09-01T15:30:56Z,REF-PAY_BB3867B8
SET_C4BD62AD,MERCH_047,308700,6174,1111,0,0,0,301415,INR,PROCESSED,2026-07-23T18:26:06Z,REF-PAY_241ADB90
SET_D9EFD97D,MERCH_011,15000000,300000,54000,0,0,0,14646000,INR,PROCESSED,2026-07-25T08:38:40Z,SETTLE-MERCH_011-HV
SET_6D7952C1,MERCH_033,386300,7726,1390,0,0,0,377184,INR,PROCESSED,2026-08-15T18:50:29Z,REF-PAY_50D4B395
SET_58402C70,MERCH_010,1551000,31020,5583,0,0,0,1514397,INR,PROCESSED,2026-08-01T03:20:41Z,REF-PAY_18936AD6
SET_A3703D3E,MERCH_026,143000,2860,514,0,0,0,139626,INR,PROCESSED,2026-08-21T17:56:22Z,REF-PAY_8C4A2EE0
SET_A4E51C8C,MERCH_028,513300,10266,1847,0,0,0,501187,INR,PROCESSED,2026-08-15T23:25:01Z,REF-PAY_AAC19BD9
SET_6CDFF14C,MERCH_019,278500,5570,1002,0,0,0,271978,INR,PROCESSED,2026-07-09T11:43:43Z,REF-PAY_D974AC15
SET_A4FFF87E,MERCH_033,1655600,33112,5960,0,0,0,1616528,INR,PROCESSED,2026-08-27T02:47:24Z,REF-PAY_B865B7F6
SET_29E00E2C,MERCH_024,1222800,24456,4402,0,0,0,1193942,INR,PROCESSED,2026-08-16T15:41:19Z,REF-PAY_A066E4FC
SET_483082FD,MERCH_020,1531800,30636,5514,0,0,0,1495650,INR,PROCESSED,2026-08-02T23:55:28Z,REF-PAY_63D82B17
SET_3241B33D,MERCH_042,1488800,29776,5359,0,0,0,1453665,INR,PROCESSED,2026-08-01T03:09:22Z,REF-PAY_77E8CCC5
SET_3004D4A8,MERCH_017,1539300,30786,5541,0,0,0,1502973,INR,PROCESSED,2026-07-13T19:05:11Z,REF-PAY_24E8AA91
SET_4242F299,MERCH_011,1120600,22412,4034,0,0,0,1094154,INR,PROCESSED,2026-08-13T18:52:21Z,REF-PAY_75C0D563
SET_205E15CF,MERCH_025,832800,16656,2998,0,0,0,813146,INR,PROCESSED,2026-08-30T09:39:51Z,REF-PAY_FC789CA8
SET_919BF412,MERCH_018,1901000,38020,6843,0,0,0,1856137,INR,PROCESSED,2026-07-27T04:55:41Z,REF-PAY_2AC9B6D5
SET_27676D35,MERCH_029,911900,18238,3282,0,0,0,890380,INR,PROCESSED,2026-07-08T19:48:09Z,REF-PAY_94DD06A8
SET_7F0343C4,MERCH_003,829800,16596,2987,0,0,0,810217,INR,PROCESSED,2026-08-29T08:42:35Z,REF-PAY_EF162B68
SET_B36E550F,MERCH_019,1636500,32730,5891,0,0,0,1597879,INR,PROCESSED,2026-08-30T19:16:10Z,REF-PAY_9F1B9E5C
SET_70E13393,MERCH_014,340900,6818,1227,170450,0,0,162405,INR,PROCESSED,2026-08-17T21:42:55Z,REF-PAY_D27C74AD
SET_6AF6B0D8,MERCH_017,1026900,20538,3696,0,0,0,1002666,INR,PROCESSED,2026-07-16T23:13:45Z,REF-PAY_3766F4CC
SET_829CC3F0,MERCH_006,1141800,22836,4110,0,0,0,1114904,INR,PROCESSED,2026-07-23T02:39:35Z,REF-PAY_997A4EA3
SET_17661445,MERCH_021,1902200,38044,6847,0,0,0,1857309,INR,PROCESSED,2026-08-23T07:05:13Z,SETTLE-MERCH_021-BULK
SET_9BAC8B20,MERCH_007,1768000,35360,6364,0,0,0,1726276,INR,PROCESSED,2026-08-17T21:45:48Z,REF-PAY_F5A6A836
SET_4F9CD9D2,MERCH_005,1110600,22212,3998,0,0,0,1084440,INR,PROCESSED,2026-07-28T18:55:10Z,REF-PAY_C30C3ABA
SET_088188F3,MERCH_023,1968400,39368,7086,984200,0,0,937746,INR,PROCESSED,2026-07-25T02:01:11Z,REF-PAY_BDAA7DA9
SET_C6A454E8,MERCH_016,1080800,21616,3890,540400,0,0,514894,INR,PROCESSED,2026-07-28T17:28:40Z,REF-PAY_C12B3AF6
SET_79AEF5E6,MERCH_017,1706400,34128,6143,0,0,0,1666129,INR,PROCESSED,2026-08-03T23:44:27Z,REF-PAY_CC39C110
SET_0B631A1D,MERCH_049,1557200,31144,5605,0,0,0,1520451,INR,PROCESSED,2026-07-27T17:54:54Z,REF-PAY_DD7DFAA1
SET_46B1C0FD,MERCH_007,555400,11108,1999,277700,0,0,264593,INR,PROCESSED,2026-09-03T00:15:54Z,REF-PAY_F0341DCC
SET_BD838330,MERCH_037,1116100,22322,4017,0,0,0,1089761,INR,PROCESSED,2026-07-22T11:27:04Z,REF-PAY_37B9A63F
SET_77CFFB54,MERCH_003,1916900,38338,6900,0,0,0,1871662,INR,PROCESSED,2026-08-20T17:01:30Z,REF-PAY_BF895959
SET_D7D61ADC,MERCH_007,1779300,35586,6405,0,0,0,1737309,INR,PROCESSED,2026-08-13T01:00:36Z,REF-PAY_F656AB7F
SET_D5BF380D,MERCH_010,551900,11038,1986,0,551900,0,-13024,INR,PROCESSED,2026-08-06T03:26:44Z,REF-PAY_544FA466
SET_96597F2A,MERCH_024,1025000,20500,3690,0,0,0,1000810,INR,PROCESSED,2026-09-01T21:25:27Z,REF-PAY_87C78F7C
SET_A9731955,MERCH_002,75400,1508,271,0,0,0,73621,INR,PROCESSED,2026-08-06T18:38:08Z,REF-PAY_C89342E3-TYPO
SET_DE8658E1,MERCH_001,927500,18550,3339,0,0,0,905611,INR,PROCESSED,2026-08-11T13:16:28Z,REF-PAY_8190ED4F
SET_24DD2895,MERCH_012,1204100,24082,4334,0,0,0,1175684,INR,PROCESSED,2026-08-06T10:06:29Z,REF-PAY_58D78DFC
SET_F8448603,MERCH_033,399500,7990,1438,0,0,0,390072,INR,PROCESSED,2026-07-26T09:10:22Z,REF-PAY_4F640DE2
SET_6C1EA57B,MERCH_040,1653000,33060,5950,0,1653000,0,-39010,INR,PROCESSED,2026-07-08T15:53:16Z,REF-PAY_C30DA1F4
SET_6EF103C3,MERCH_011,1825900,36518,6573,0,0,0,1782809,INR,PROCESSED,2026-09-02T21:02:21Z,REF-PAY_D8244172
SET_A3DAB26E,MERCH_021,1850400,37008,6661,0,0,0,1806731,INR,PROCESSED,2026-07-25T02:30:16Z,REF-PAY_AB124BD6
SET_05D410A9,MERCH_025,201400,4028,725,0,0,0,196647,INR,PROCESSED,2026-08-23T20:02:15Z,REF-PAY_37FF0CF1
SET_722A232C,MERCH_027,288700,5774,1039,0,0,0,281887,INR,PROCESSED,2026-08-17T01:17:08Z,REF-PAY_B6D45DE2
SET_6D10892C,MERCH_017,346800,6936,1248,0,0,0,338616,INR,PROCESSED,2026-09-02T08:46:54Z,REF-PAY_D8A23975
SET_76102F37,MERCH_025,65400,1308,235,0,0,0,63857,INR,PROCESSED,2026-08-29T04:12:28Z,REF-PAY_050CAEDE
SET_F25722D9,MERCH_037,259200,5184,933,0,0,0,253083,INR,PROCESSED,2026-07-07T15:02:56Z,REF-PAY_862E14A1
SET_9AFE2048,MERCH_009,76000,1520,273,0,0,0,74207,INR,PROCESSED,2026-07-16T23:20:24Z,REF-PAY_AA14466E
SET_C523C158,MERCH_010,690400,13808,2485,0,0,0,674107,INR,PROCESSED,2026-07-13T00:23:41Z,REF-PAY_2D95ED1A
SET_6F389CB3,MERCH_049,148600,2972,534,0,0,0,145094,INR,PROCESSED,2026-07-17T22:02:17Z,REF-PAY_DAD2D4B5
SET_FAFD38D3,MERCH_011,607200,12144,2185,0,0,0,592871,INR,PROCESSED,2026-09-03T14:25:59Z,REF-PAY_0B57B49C
SET_26FB37E2,MERCH_034,737900,14758,2656,0,0,0,720486,INR,PROCESSED,2026-08-31T10:07:11Z,SETTLE-MERCH_034-BULK
SET_BA1684A3,MERCH_014,1573700,31474,5665,0,0,0,1536561,INR,PROCESSED,2026-09-03T11:42:44Z,REF-PAY_5358A75E
SET_2289C359,MERCH_044,1464800,29296,5273,0,0,0,1430231,INR,PROCESSED,2026-09-01T15:07:04Z,REF-PAY_3F340397
SET_35E83B7E,MERCH_044,1091100,21822,3927,0,0,0,1065351,INR,PROCESSED,2026-07-27T04:15:57Z,REF-PAY_5FB5BC26
SET_807F1FE8,MERCH_033,54900,1098,197,0,0,0,53605,INR,PROCESSED,2026-08-17T14:33:31Z,REF-PAY_B57FA039-TYPO
SET_313AF387,MERCH_026,1013000,20260,3646,0,0,0,989094,INR,PROCESSED,2026-08-07T16:18:24Z,REF-PAY_1757CA47
SET_023589B7,MERCH_042,1601900,32038,5766,0,0,0,1564096,INR,PROCESSED,2026-08-21T23:52:05Z,REF-PAY_F1DA4FDC-TYPO
SET_6E3ADF95,MERCH_002,314600,6292,1132,0,0,0,307176,INR,PROCESSED,2026-07-29T15:13:21Z,REF-PAY_C8938464
SET_CA01584C,MERCH_022,549700,10994,1978,0,0,0,536728,INR,PROCESSED,2026-08-14T01:06:43Z,REF-PAY_483D5654
SET_FEDBC475,MERCH_004,1323100,26462,4763,0,0,0,1291875,INR,PROCESSED,2026-07-03T02:36:06Z,REF-PAY_78F24EF1
SET_9FAB4239,MERCH_049,1482300,29646,5336,0,0,0,1447318,INR,PROCESSED,2026-08-07T18:12:24Z,REF-PAY_8768C787
SET_DAD013CF,MERCH_048,1199300,23986,4317,0,0,0,1170997,INR,PROCESSED,2026-08-07T12:08:27Z,REF-PAY_6FC06D44
SET_34997753,MERCH_013,1106400,22128,3983,0,0,0,1080289,INR,PROCESSED,2026-08-10T11:50:39Z,REF-PAY_C981A622
SET_72BEEFEE,MERCH_038,687500,13750,2475,0,0,0,671275,INR,PROCESSED,2026-07-10T15:19:38Z,REF-PAY_6E7A8658
SET_D3AFBC90,MERCH_020,713600,14272,2568,0,0,0,696760,INR,PROCESSED,2026-07-12T06:38:17Z,REF-PAY_F0395674
SET_8FA0E2B1,MERCH_039,415700,8314,1496,0,0,0,405890,INR,PROCESSED,2026-07-31T03:25:29Z,REF-PAY_4CB96DA3
SET_8776DB0B,MERCH_026,495800,9916,1784,0,0,0,484100,INR,PROCESSED,2026-08-09T03:30:42Z,REF-PAY_3E1D4B51
SET_38A82428,MERCH_048,290700,5814,1046,0,0,0,283840,INR,PROCESSED,2026-08-25T13:40:09Z,REF-PAY_44F1BEC7
SET_B6188E15,MERCH_021,932400,18648,3356,0,0,0,910396,INR,PROCESSED,2026-07-06T16:50:27Z,REF-PAY_281B10FF
SET_76A6632E,MERCH_028,490800,9816,1766,0,0,0,479218,INR,PROCESSED,2026-08-19T22:12:36Z,REF-PAY_E07F2079
SET_B524BD3B,MERCH_048,804100,16082,2894,0,0,0,785124,INR,PROCESSED,2026-09-03T07:41:50Z,REF-PAY_38A33572-TYPO
SET_7C908025,MERCH_033,56400,1128,203,0,0,0,55119,INR,PROCESSED,2026-07-21T09:03:57Z,REF-PAY_10D9880C
SET_E9D3791C,MERCH_023,896600,17932,3227,0,0,0,851441,INR,PROCESSED,2026-07-03T10:58:41Z,REF-PAY_44A47E9A
SET_3CEFF212,MERCH_027,1529800,30596,5507,0,1529800,0,-36103,INR,PROCESSED,2026-07-24T14:40:50Z,REF-PAY_ED1BA9F5
SET_F5A9D65D,MERCH_002,666600,13332,2399,0,0,0,650869,INR,PROCESSED,2026-08-09T14:04:58Z,REF-PAY_4C627581
SET_BDCF5CFE,MERCH_006,80800,1616,290,0,0,0,78794,INR,PROCESSED,2026-08-22T21:31:33Z,REF-PAY_31235C08
SET_7443B2F2,MERCH_041,340000,6800,1224,0,0,0,331976,INR,PROCESSED,2026-08-01T17:53:21Z,REF-PAY_97B4162F
SET_B9D00B2C,MERCH_047,409200,8184,1473,0,0,0,399543,INR,PROCESSED,2026-08-07T15:18:37Z,REF-PAY_DE2201E6-TYPO
SET_A0EE2EAF,MERCH_010,332600,6652,1197,0,0,0,324751,INR,PROCESSED,2026-08-14T00:07:29Z,REF-PAY_3C6E3411
SET_CCD677B5,MERCH_038,1498300,29966,5393,0,0,0,1462941,INR,PROCESSED,2026-08-20T09:46:46Z,REF-PAY_47C5B93B
SET_31B22A8E,MERCH_018,315500,6310,1135,0,0,0,308055,INR,PROCESSED,2026-07-12T13:22:42Z,REF-PAY_66165243
SET_97BA45A2,MERCH_008,130900,2618,471,0,0,0,127811,INR,PROCESSED,2026-08-23T16:34:19Z,REF-PAY_509DC783
SET_7EC43F6B,MERCH_040,753700,15074,2713,376850,0,0,359063,INR,PROCESSED,2026-08-12T00:24:55Z,REF-PAY_749DA559
SET_1CBB0D9E,MERCH_032,1266200,25324,4558,0,1266200,0,-29882,INR,PROCESSED,2026-07-26T07:45:49Z,REF-PAY_91EA62A9
SET_1745CA7F,MERCH_017,1460200,29204,5256,0,0,0,1425740,INR,PROCESSED,2026-08-21T05:36:11Z,REF-PAY_38C1E1AE
SET_94742C6D,MERCH_007,1820200,36404,6552,0,0,0,1777244,INR,PROCESSED,2026-09-01T13:01:51Z,REF-PAY_79C7730D
SET_195C8952,MERCH_015,72000,1440,259,0,0,0,70301,INR,PROCESSED,2026-07-26T22:01:21Z,REF-PAY_02FA41A2
SET_28F268E9,MERCH_034,1332000,26640,4795,0,0,0,1300565,INR,PROCESSED,2026-08-12T00:50:57Z,REF-PAY_D4B12B65
SET_C5D5969A,MERCH_034,1312900,26258,4726,0,0,0,1281916,INR,PROCESSED,2026-08-21T15:04:11Z,REF-PAY_B0DE8D3A
SET_FBB8356C,MERCH_016,788500,15770,2838,0,0,0,769892,INR,PROCESSED,2026-08-14T12:14:43Z,REF-PAY_1B239562
SET_EA9B6922,MERCH_015,1071100,21422,3855,0,0,0,1045823,INR,PROCESSED,2026-08-01T14:03:59Z,REF-PAY_29D2AE77
SET_9F9FC76B,MERCH_039,887900,17758,3196,443950,0,0,422996,INR,PROCESSED,2026-07-23T14:30:42Z,REF-PAY_48D81EFE
SET_6D2AF363,MERCH_029,432400,8648,1556,0,0,0,422196,INR,PROCESSED,2026-09-03T00:20:13Z,REF-PAY_88BD7245
SET_024E77CC,MERCH_042,1759600,35192,6334,0,0,0,1718074,INR,PROCESSED,2026-07-09T12:50:14Z,REF-PAY_BE28D5FA
SET_70AD96B1,MERCH_014,1463100,29262,5267,0,0,0,1428571,INR,PROCESSED,2026-08-25T18:54:00Z,SETTLE-MERCH_014-BULK
SET_B642C727,MERCH_002,1330000,26600,4788,0,0,0,1259512,INR,PROCESSED,2026-07-18T22:07:51Z,REF-PAY_3DD7A825
SET_49677220,MERCH_003,1169600,23392,4210,0,0,0,1141998,INR,PROCESSED,2026-07-15T03:49:32Z,REF-PAY_9D485BA1
SET_9014B3BF,MERCH_045,60000,1200,216,0,0,0,58584,INR,PROCESSED,2026-07-16T17:43:37Z,REF-PAY_6FFEC2CD
SET_F46C870D,MERCH_039,1734900,34698,6245,0,0,0,1693957,INR,PROCESSED,2026-08-21T00:35:43Z,REF-PAY_296C63C9
SET_DFC26BAB,MERCH_006,1658700,33174,5971,0,0,0,1619555,INR,PROCESSED,2026-08-13T19:34:03Z,REF-PAY_BB3C5C6B
SET_DEEC1868,MERCH_045,40300,806,145,0,0,0,36049,INR,PROCESSED,2026-07-21T00:23:57Z,REF-PAY_9D231FA8
SET_71322C87,MERCH_035,50000,1000,180,0,0,0,48820,INR,PROCESSED,2026-09-02T10:57:30Z,REF-PAY_1D56A388
SET_DCB4DB5E,MERCH_035,697500,13950,2511,0,0,0,681039,INR,PROCESSED,2026-07-04T23:18:33Z,REF-PAY_6D801A6A
SET_E7D457B6,MERCH_043,824300,16486,2967,0,0,0,804847,INR,PROCESSED,2026-07-27T03:26:13Z,REF-PAY_B106D7EF
SET_E5573B75,MERCH_025,760600,15212,2738,0,0,0,742650,INR,PROCESSED,2026-07-26T13:52:31Z,REF-PAY_30A7FB3E
SET_0504446F,MERCH_024,1953100,39062,7031,0,0,0,1907007,INR,PROCESSED,2026-07-28T03:25:19Z,REF-PAY_25F1FF63
SET_60860658,MERCH_004,310600,6212,1118,0,0,0,303270,INR,PROCESSED,2026-07-31T01:07:05Z,REF-PAY_FD233DF3
SET_DF0C8F21,MERCH_046,142200,2844,511,0,0,0,138845,INR,PROCESSED,2026-08-23T13:12:41Z,REF-PAY_0D4318FB
SET_5582F1BD,MERCH_041,651000,13020,2343,0,0,0,635637,INR,PROCESSED,2026-07-23T16:27:24Z,REF-PAY_70E2B648
SET_FA5F7A25,MERCH_009,1468600,29372,5286,0,1468600,0,-34658,INR,PROCESSED,2026-08-12T00:50:42Z,REF-PAY_A5A3880B
SET_A1EA4A72,MERCH_029,989700,19794,3562,0,0,0,966344,INR,PROCESSED,2026-08-04T01:57:35Z,REF-PAY_42E7A768
SET_A15DA5F2,MERCH_042,815200,16304,2934,0,0,0,795962,INR,PROCESSED,2026-08-27T19:09:13Z,REF-PAY_8D84AEA7
SET_92F8697D,MERCH_040,758400,15168,2730,0,0,0,740502,INR,PROCESSED,2026-07-09T13:10:03Z,REF-PAY_DE131EF9
SET_4AB2962E,MERCH_003,660000,13200,2376,0,0,0,644474,INR,PROCESSED,2026-07-09T01:14:02Z,REF-PAY_5C6AF948
SET_9F9217C8,MERCH_037,1447500,28950,5211,0,0,0,1413339,INR,PROCESSED,2026-09-02T07:17:13Z,REF-PAY_7B98825C
SET_8C2F90D9,MERCH_041,1992000,39840,7171,0,0,0,1944989,INR,PROCESSED,2026-07-20T20:31:10Z,REF-PAY_6E316804
SET_45EB5326,MERCH_019,240700,4814,866,0,0,0,235020,INR,PROCESSED,2026-07-04T21:43:35Z,REF-PAY_E407311B
SET_BB235615,MERCH_017,633100,12662,2279,0,0,0,618059,INR,PROCESSED,2026-08-30T11:46:16Z,REF-PAY_D565E05A
SET_FA7B0C55,MERCH_030,1537500,30750,5535,0,0,0,1501115,INR,PROCESSED,2026-08-26T06:25:25Z,REF-PAY_626255D8
SET_EC7E650D,MERCH_015,1997800,39956,7192,0,0,0,1950652,INR,PROCESSED,2026-07-16T04:19:53Z,REF-PAY_62688657
SET_BBA34BFF,MERCH_033,1544200,30884,5559,0,0,0,1507757,INR,PROCESSED,2026-07-30T05:43:10Z,REF-PAY_D2555957
SET_B1F06A71,MERCH_011,839800,16796,3023,0,0,0,819981,INR,PROCESSED,2026-07-23T23:50:26Z,REF-PAY_115ABE11
SET_E1361360,MERCH_020,1726900,34538,6216,0,0,0,1686146,INR,PROCESSED,2026-07-12T06:09:56Z,REF-PAY_94510816
SET_85BFD00C,MERCH_048,1288400,25768,4638,0,1288400,0,-30406,INR,PROCESSED,2026-07-04T13:29:45Z,REF-PAY_4605B0B3
SET_5318ADAC,MERCH_035,156300,3126,562,0,0,0,152612,INR,PROCESSED,2026-07-18T23:43:46Z,REF-PAY_1E60D93D
SET_754F9D34,MERCH_008,878100,17562,3161,0,0,0,857377,INR,PROCESSED,2026-07-27T06:49:50Z,REF-PAY_070F74AE
SET_45891A4F,MERCH_012,1844700,36894,6640,0,0,0,1801066,INR,PROCESSED,2026-07-26T19:55:57Z,REF-PAY_13823794
SET_8F3B6E62,MERCH_012,167700,3354,603,0,0,0,163743,INR,PROCESSED,2026-08-10T20:31:38Z,REF-PAY_E26F2B37
SET_6B5C3CB5,MERCH_046,644200,12884,2319,0,0,0,628997,INR,PROCESSED,2026-07-26T14:14:55Z,REF-PAY_32667BE6
SET_344485B6,MERCH_019,1226900,24538,4416,613450,0,0,584496,INR,PROCESSED,2026-08-27T02:43:53Z,REF-PAY_7C5DB4F5
SET_AC542E24,MERCH_004,101400,2028,365,0,0,0,99057,INR,PROCESSED,2026-07-04T09:05:13Z,REF-PAY_51791086
SET_6F1919C9,MERCH_021,1010700,20214,3638,0,0,0,986848,INR,PROCESSED,2026-08-27T01:27:39Z,REF-PAY_18F3AA7E-TYPO
SET_BC60CA2F,MERCH_022,1836200,36724,6610,0,0,0,1792866,INR,PROCESSED,2026-08-16T15:06:21Z,REF-PAY_CF1F7BB9
SET_FFC0778D,MERCH_023,1624100,32482,5846,0,0,0,1585772,INR,PROCESSED,2026-08-06T02:32:31Z,REF-PAY_FB144A05
SET_6EBD493A,MERCH_025,1497800,29956,5392,0,0,0,1462352,INR,PROCESSED,2026-08-01T09:59:00Z,REF-PAY_B1EB2D09
SET_5D1EDE66,MERCH_037,1241800,24836,4470,620900,0,0,591594,INR,PROCESSED,2026-07-10T10:57:53Z,REF-PAY_02121850
SET_6E562D26,MERCH_030,955300,19106,3439,0,0,0,932755,INR,PROCESSED,2026-08-09T01:23:18Z,SETTLE-MERCH_030-BULK
SET_13380128,MERCH_047,1945200,38904,7002,0,0,0,1899294,INR,PROCESSED,2026-08-16T19:20:07Z,REF-PAY_9D306C74
SET_387A1FBC,MERCH_041,278100,5562,1001,0,0,0,271537,INR,PROCESSED,2026-07-19T15:08:46Z,REF-PAY_3BECCA4B-TYPO
SET_22013860,MERCH_034,1825200,36504,6570,0,0,0,1782126,INR,PROCESSED,2026-07-09T01:49:09Z,REF-PAY_A58B9140
SET_1C67E084,MERCH_013,963100,19262,3467,0,0,0,940371,INR,PROCESSED,2026-08-31T03:43:07Z,REF-PAY_24F77D33
SET_40D8945D,MERCH_028,1485200,29704,5346,0,0,0,1450150,INR,PROCESSED,2026-07-03T03:14:00Z,REF-PAY_E2F12313
SET_5B4A2F62,MERCH_043,1515700,30314,5456,0,0,0,1479930,INR,PROCESSED,2026-08-10T00:08:03Z,REF-PAY_EF3B9FAE
SET_56AE7F5F,MERCH_016,690600,13812,2486,0,0,0,674302,INR,PROCESSED,2026-08-22T12:44:35Z,REF-PAY_8D0854A0
SET_28A82842,MERCH_011,716000,14320,2577,0,0,0,699103,INR,PROCESSED,2026-08-04T06:43:50Z,REF-PAY_6BD4D01D
SET_85672208,MERCH_021,414300,8286,1491,0,0,0,404523,INR,PROCESSED,2026-08-10T18:35:19Z,REF-PAY_CCD42D4B
SET_E50DE358,MERCH_002,1390800,27816,5006,0,0,0,1357978,INR,PROCESSED,2026-07-26T04:57:53Z,REF-PAY_5F605937
SET_9E869F68,MERCH_020,476500,9530,1715,0,0,0,465255,INR,PROCESSED,2026-07-13T00:22:16Z,REF-PAY_2A2A0963
SET_49452A75,MERCH_012,750300,15006,2701,0,0,0,684293,INR,PROCESSED,2026-07-03T12:32:31Z,REF-PAY_9492320A
SET_65B825AC,MERCH_029,1793300,35866,6455,0,0,0,1750979,INR,PROCESSED,2026-07-15T02:05:43Z,REF-PAY_02F132F5
SET_D7A96E5C,MERCH_043,1676300,33526,6034,0,0,0,1636740,INR,PROCESSED,2026-07-15T11:47:32Z,SETTLE-MERCH_043-BULK
SET_8D6E216E,MERCH_006,890600,17812,3206,0,0,0,869582,INR,PROCESSED,2026-07-13T20:10:27Z,REF-PAY_11B176B9
SET_99668D00,MERCH_015,1654000,33080,5954,0,0,0,1614966,INR,PROCESSED,2026-07-31T00:17:27Z,REF-PAY_6736FA79
SET_2AF5B3F4,MERCH_002,1993900,39878,7178,0,0,0,1946894,INR,PROCESSED,2026-07-17T05:40:33Z,REF-PAY_7D6E953A
SET_BC5249E4,MERCH_010,627800,12556,2260,0,0,0,612984,INR,PROCESSED,2026-07-27T12:16:57Z,REF-PAY_E01CE59A
SET_C4E14D78,MERCH_035,1150500,23010,4141,0,0,0,1123349,INR,PROCESSED,2026-07-26T15:10:03Z,REF-PAY_70A050A6
SET_CA8E2B75,MERCH_039,1704700,34094,6136,0,0,0,1664470,INR,PROCESSED,2026-07-03T01:57:35Z,SETTLE-MERCH_039-BULK
SET_569E3669,MERCH_038,379900,7598,1367,0,0,0,370935,INR,PROCESSED,2026-08-06T22:53:25Z,REF-PAY_B2694577
SET_5681DAAA,MERCH_028,1669700,33394,6010,0,0,0,1630296,INR,PROCESSED,2026-08-19T11:33:14Z,REF-PAY_FB3F17D0
SET_19B65DF8,MERCH_039,204400,4088,735,0,0,0,171577,INR,PROCESSED,2026-08-26T19:26:16Z,REF-PAY_6F62B54D
SET_D17F7102,MERCH_043,740400,14808,2665,0,0,0,722927,INR,PROCESSED,2026-07-15T14:28:47Z,REF-PAY_59B9FF5A
SET_7F02EB87,MERCH_024,597500,11950,2151,0,0,0,583299,INR,PROCESSED,2026-08-19T06:14:53Z,REF-PAY_02B05699
SET_EFF342A6,MERCH_027,1767900,35358,6364,0,0,0,1726228,INR,PROCESSED,2026-08-16T21:33:37Z,REF-PAY_919A33E8
SET_AD11E12C,MERCH_001,1428900,28578,5144,0,0,0,1395078,INR,PROCESSED,2026-08-09T03:25:29Z,REF-PAY_BE59AAD3
SET_D4E3376A,MERCH_023,320200,6404,1152,0,320200,0,-7556,INR,PROCESSED,2026-07-09T17:22:18Z,REF-PAY_64A3AA71
SET_2DE005C7,MERCH_043,470600,9412,1694,235300,0,0,224194,INR,PROCESSED,2026-09-02T04:24:40Z,REF-PAY_4570F10A
SET_6719262F,MERCH_007,1699700,33994,6118,0,0,0,1655688,INR,PROCESSED,2026-08-22T12:34:01Z,REF-PAY_6282D9E3
SET_E965094E,MERCH_035,845100,16902,3042,0,0,0,825156,INR,PROCESSED,2026-08-06T10:35:13Z,REF-PAY_AC5DA5F6
SET_13FA4B3F,MERCH_047,296000,5920,1065,0,296000,0,-6985,INR,PROCESSED,2026-08-19T11:34:17Z,REF-PAY_BF4CA1E6
SET_0A8FC452,MERCH_049,144900,2898,521,0,144900,0,-3419,INR,PROCESSED,2026-07-12T08:28:41Z,REF-PAY_B70FD651
SET_E05CF2E6,MERCH_003,199900,3998,719,0,0,0,195183,INR,PROCESSED,2026-08-08T20:45:37Z,REF-PAY_99A00BA4
SET_28CD41F3,MERCH_029,1162400,23248,4184,0,1162400,0,-27432,INR,PROCESSED,2026-07-08T13:10:11Z,REF-PAY_C9995DE2
SET_CB6C869D,MERCH_041,637000,12740,2293,0,0,0,621867,INR,PROCESSED,2026-08-11T02:45:31Z,REF-PAY_23FA5B11
SET_EBBE3CAA,MERCH_006,60000000,1200000,216000,0,0,0,58584000,INR,PROCESSED,2026-07-12T19:10:14Z,SETTLE-MERCH_006-HV
SET_B65EA3FD,MERCH_023,1530400,30608,5509,0,0,0,1494283,INR,PROCESSED,2026-08-27T08:42:10Z,REF-PAY_320FC47A
SET_8D845408,MERCH_039,5500000,110000,19800,0,0,0,5370200,INR,PROCESSED,2026-07-09T08:02:19Z,SETTLE-MERCH_039-HV
SET_BC63B685,MERCH_022,1753900,35078,6314,0,0,0,1712558,INR,PROCESSED,2026-08-18T00:11:00Z,REF-PAY_4A5981B7
SET_66919805,MERCH_045,1736100,34722,6249,0,0,0,1695129,INR,PROCESSED,2026-07-13T13:04:29Z,REF-PAY_C2C28C33
SET_A5EABF88,MERCH_045,1105800,22116,3980,0,0,0,1079704,INR,PROCESSED,2026-07-17T10:50:16Z,REF-PAY_91687615-TYPO
SET_7AD86D88,MERCH_016,1075800,21516,3872,0,1075800,0,-25388,INR,PROCESSED,2026-07-24T10:18:21Z,REF-PAY_E5DF9D25
SET_05629DD8,MERCH_007,64700,1294,232,0,0,0,63174,INR,PROCESSED,2026-08-19T11:17:07Z,REF-PAY_022ED30C
SET_78492D48,MERCH_030,140500,2810,505,0,0,0,137185,INR,PROCESSED,2026-07-26T10:29:19Z,REF-PAY_D6D02C30
SET_8EC861AF,MERCH_007,774400,15488,2787,0,0,0,756125,INR,PROCESSED,2026-08-22T15:10:43Z,REF-PAY_C132D136
SET_B128FBED,MERCH_008,622700,12454,2241,311350,0,0,296655,INR,PROCESSED,2026-07-13T14:51:34Z,REF-PAY_3F9EA8B2
SET_C03E296F,MERCH_036,1752300,35046,6308,0,0,0,1710946,INR,PROCESSED,2026-08-25T01:00:13Z,REF-PAY_5ABA2EF2
SET_1078F3E9,MERCH_017,1182900,23658,4258,0,0,0,1154984,INR,PROCESSED,2026-07-11T02:06:03Z,REF-PAY_B60B1074
SET_26E5A90C,MERCH_011,203000,4060,730,0,0,0,198210,INR,PROCESSED,2026-09-03T07:49:12Z,REF-PAY_50BED14F
SET_373327EF,MERCH_015,1480700,29614,5330,0,0,0,1445756,INR,PROCESSED,2026-08-21T01:41:49Z,REF-PAY_23D98184
SET_6AECFF08,MERCH_007,411400,8228,1481,0,0,0,401691,INR,PROCESSED,2026-08-01T23:50:54Z,REF-PAY_F49DB5E5
SET_13F3FB42,MERCH_024,1005800,20116,3620,0,0,0,982064,INR,PROCESSED,2026-08-20T08:49:03Z,REF-PAY_13F14C78
SET_94F7A1FE,MERCH_017,784400,15688,2823,0,0,0,765889,INR,PROCESSED,2026-08-29T20:55:23Z,REF-PAY_3F9E4A98
SET_2B717498,MERCH_049,1932800,38656,6958,0,0,0,1887236,INR,PROCESSED,2026-07-04T08:41:45Z,REF-PAY_5FF9D85A
SET_106B9DCB,MERCH_044,522900,10458,1882,0,0,0,510560,INR,PROCESSED,2026-07-25T19:15:43Z,REF-PAY_5C8A4931
SET_923B0347,MERCH_002,561800,11236,2022,0,0,0,548542,INR,PROCESSED,2026-07-17T16:59:10Z,REF-PAY_D7A5C5EF
SET_1E63B952,MERCH_015,1071700,21434,3858,0,0,0,1046408,INR,PROCESSED,2026-08-07T19:36:23Z,REF-PAY_F771A5F8
SET_814BB2AE,MERCH_023,1025900,20518,3693,0,0,0,1001689,INR,PROCESSED,2026-07-25T05:51:19Z,REF-PAY_B478376B
SET_8A48B7D3,MERCH_025,295700,5914,1064,147850,0,0,140872,INR,PROCESSED,2026-08-02T22:46:17Z,REF-PAY_5478980C
SET_885325AB,MERCH_009,270600,5412,974,0,0,0,264214,INR,PROCESSED,2026-08-02T18:24:19Z,REF-PAY_DBF9693F
SET_5E63BB22,MERCH_037,394400,7888,1419,197200,0,0,187893,INR,PROCESSED,2026-09-01T12:26:41Z,REF-PAY_DB1C5917
SET_ECB39DA2,MERCH_023,106100,2122,381,0,0,0,103647,INR,PROCESSED,2026-07-11T19:37:09Z,REF-PAY_19646438
SET_33FBE5DD,MERCH_045,1971800,39436,7098,0,0,0,1925266,INR,PROCESSED,2026-08-18T10:30:13Z,REF-PAY_94524B5B-TYPO
SET_E7C1EEEF,MERCH_034,1462900,29258,5266,0,0,0,1428376,INR,PROCESSED,2026-07-06T15:07:24Z,REF-PAY_46C7A20E
SET_C56ACDB7,MERCH_018,829900,16598,2987,0,0,0,801115,INR,PROCESSED,2026-07-22T18:11:25Z,REF-PAY_6DDC77DB
SET_7AB15E7F,MERCH_034,565400,11308,2035,0,0,0,552057,INR,PROCESSED,2026-09-02T15:24:31Z,REF-PAY_4548727E
SET_5A4998BF,MERCH_029,1532000,30640,5515,0,0,0,1495745,INR,PROCESSED,2026-07-03T14:21:29Z,REF-PAY_579801B1
SET_BEB6180C,MERCH_041,94600,1892,340,0,94600,0,-2232,INR,PROCESSED,2026-09-01T15:48:04Z,REF-PAY_B4D374C6
SET_313981A3,MERCH_017,1835100,36702,6606,0,0,0,1791692,INR,PROCESSED,2026-07-22T10:43:44Z,REF-PAY_6C7A64AB
SET_DA52C2AD,MERCH_007,381500,7630,1373,0,0,0,372497,INR,PROCESSED,2026-07-09T09:44:50Z,REF-PAY_9ED9A402
SET_4D3646F7,MERCH_009,643600,12872,2316,0,0,0,607112,INR,PROCESSED,2026-07-23T02:33:07Z,REF-PAY_755E9775
SET_3EC42BC7,MERCH_022,1997800,39956,7192,0,0,0,1950552,INR,PROCESSED,2026-08-04T05:50:09Z,REF-PAY_87F914AB
SET_C1FB72BC,MERCH_008,1302400,26048,4688,0,0,0,1271664,INR,PROCESSED,2026-08-19T23:46:33Z,REF-PAY_27F8A440
SET_67517029,MERCH_010,815600,16312,2936,0,0,0,796352,INR,PROCESSED,2026-07-03T13:46:36Z,REF-PAY_1FAD1820
SET_4944955E,MERCH_038,1261400,25228,4541,0,0,0,1202131,INR,PROCESSED,2026-08-05T17:04:34Z,REF-PAY_B9AE38D3
SET_A94F882F,MERCH_047,1896400,37928,6827,0,0,0,1851645,INR,PROCESSED,2026-08-04T11:25:33Z,REF-PAY_F9F03316
SET_7E45BCB4,MERCH_048,607300,12146,2186,0,0,0,592968,INR,PROCESSED,2026-07-26T05:50:17Z,REF-PAY_A7484963
SET_AF79A409,MERCH_018,558700,11174,2011,0,0,0,545515,INR,PROCESSED,2026-07-18T14:19:16Z,REF-PAY_5ABBE083
SET_2CAFFD10,MERCH_035,415000,8300,1494,0,0,0,405206,INR,PROCESSED,2026-08-23T22:37:15Z,REF-PAY_2869427C
SET_9ECE99B9,MERCH_020,190400,3808,685,0,0,0,185907,INR,PROCESSED,2026-07-16T05:12:06Z,REF-PAY_C4CFBFAD
SET_3CE7C386,MERCH_020,1600300,32006,5761,0,0,0,1562533,INR,PROCESSED,2026-08-08T16:55:28Z,REF-PAY_9F4854EB
SET_0B765D5B,MERCH_028,808300,16166,2909,0,0,0,789225,INR,PROCESSED,2026-08-11T17:33:00Z,REF-PAY_62BB48AF-TYPO
SET_A5B26267,MERCH_031,30000000,600000,108000,0,0,0,29292000,INR,PROCESSED,2026-07-17T12:18:45Z,SETTLE-MERCH_031-HV
SET_E17EDC43,MERCH_038,578900,11578,2084,0,0,0,565238,INR,PROCESSED,2026-07-12T13:32:10Z,REF-PAY_9ED9928D
SET_E2001712,MERCH_026,45100,902,162,0,0,0,44036,INR,PROCESSED,2026-08-06T10:40:34Z,REF-PAY_FAE6A373
SET_1ADA2748,MERCH_005,1573500,31470,5664,0,0,0,1536366,INR,PROCESSED,2026-07-08T19:54:33Z,REF-PAY_77AEA9E8
SET_6507695D,MERCH_031,1119400,22388,4029,0,0,0,1092983,INR,PROCESSED,2026-07-29T22:39:05Z,REF-PAY_98593C46
SET_2B9C6A76,MERCH_029,60000000,1200000,216000,0,0,0,58584000,INR,PROCESSED,2026-08-29T19:31:40Z,SETTLE-MERCH_029-HV
SET_EFC87294,MERCH_036,1640500,32810,5905,0,0,0,1601785,INR,PROCESSED,2026-08-31T06:17:00Z,REF-PAY_DAF902F0
SET_C115025C,MERCH_016,377200,7544,1357,0,0,0,368299,INR,PROCESSED,2026-08-22T01:06:02Z,REF-PAY_098E85D0
SET_7CFB86A8,MERCH_039,1411000,28220,5079,0,0,0,1377701,INR,PROCESSED,2026-08-19T07:28:21Z,REF-PAY_B2636C1D
SET_3F371D0E,MERCH_012,1319500,26390,4750,0,0,0,1288360,INR,PROCESSED,2026-07-22T02:58:19Z,REF-PAY_DABFF8E6
SET_93D92A5F,MERCH_002,1818500,36370,6546,0,0,0,1775584,INR,PROCESSED,2026-07-09T14:14:41Z,SETTLE-MERCH_002-BULK
SET_2FC8941C,MERCH_045,694500,13890,2500,0,0,0,678110,INR,PROCESSED,2026-07-25T05:24:38Z,REF-PAY_A226A5EE
SET_E69E9B78,MERCH_023,1295800,25916,4664,0,1295800,0,-30580,INR,PROCESSED,2026-08-20T01:11:05Z,REF-PAY_36D3D155
SET_73499418,MERCH_005,46300,926,166,0,0,0,45208,INR,PROCESSED,2026-08-05T05:44:05Z,REF-PAY_6FB632AA
SET_EEF7B8FA,MERCH_048,1659100,33182,5972,0,0,0,1619946,INR,PROCESSED,2026-07-30T20:34:00Z,REF-PAY_984850BD
SET_0DA73446,MERCH_001,586400,11728,2111,0,0,0,572561,INR,PROCESSED,2026-08-12T17:47:44Z,REF-PAY_AE6094F2-TYPO
SET_D838EAFD,MERCH_021,1490300,29806,5365,745150,0,0,709979,INR,PROCESSED,2026-07-05T09:52:49Z,REF-PAY_364BED69
SET_32C3CF67,MERCH_004,1927800,38556,6940,0,0,0,1882304,INR,PROCESSED,2026-07-16T20:30:15Z,REF-PAY_C74D2F9B
SET_70DD142B,MERCH_014,1761700,35234,6342,0,1761700,0,-41576,INR,PROCESSED,2026-07-30T03:55:20Z,REF-PAY_CA43DEE2
SET_1967A1FA,MERCH_011,1998300,39966,7193,0,0,0,1951191,INR,PROCESSED,2026-08-01T08:40:42Z,REF-PAY_0A42727F
SET_A50AA33F,MERCH_003,1411100,28222,5079,0,0,0,1377799,INR,PROCESSED,2026-07-30T02:31:00Z,REF-PAY_ECC8C833
SET_FD2B261A,MERCH_009,374200,7484,1347,0,0,0,365369,INR,PROCESSED,2026-07-22T09:11:14Z,REF-PAY_E1995685
SET_73C42A1D,MERCH_016,1748400,34968,6294,0,0,0,1707138,INR,PROCESSED,2026-08-24T02:12:26Z,REF-PAY_3497E7CD
SET_5C05DCA3,MERCH_037,945000,18900,3402,0,0,0,922698,INR,PROCESSED,2026-08-26T16:12:52Z,REF-PAY_5DF28C8C
SET_B05572A7,MERCH_017,1880700,37614,6770,0,0,0,1836316,INR,PROCESSED,2026-07-25T01:23:55Z,REF-PAY_64147AA2
SET_E0A37A69,MERCH_045,1267500,25350,4563,0,0,0,1237587,INR,PROCESSED,2026-07-24T12:07:32Z,REF-PAY_852CAB5B
SET_A06E8B61,MERCH_007,909700,18194,3274,0,0,0,888232,INR,PROCESSED,2026-07-11T05:08:25Z,SETTLE-MERCH_007-BULK
SET_CDC3DDBE,MERCH_008,236800,4736,852,0,0,0,231212,INR,PROCESSED,2026-08-25T20:09:08Z,REF-PAY_6D5AADE7
SET_4C6ECCB0,MERCH_015,276100,5522,993,0,0,0,269585,INR,PROCESSED,2026-08-13T18:14:33Z,REF-PAY_C28AE979
SET_1A39C40E,MERCH_036,1219800,24396,4391,0,0,0,1191013,INR,PROCESSED,2026-08-27T08:51:11Z,REF-PAY_E2CF0B66
SET_06E36DB3,MERCH_047,51100,1022,183,0,0,0,49895,INR,PROCESSED,2026-08-30T11:55:49Z,REF-PAY_55E5F30D
SET_1F1A0EA2,MERCH_014,1763200,35264,6347,0,0,0,1721589,INR,PROCESSED,2026-07-10T21:22:06Z,REF-PAY_B589E91F
SET_19C6F90D,MERCH_043,1095400,21908,3943,0,0,0,1069549,INR,PROCESSED,2026-07-17T22:58:52Z,REF-PAY_ED764141
SET_4EBD9081,MERCH_043,296700,5934,1068,0,0,0,289698,INR,PROCESSED,2026-09-03T20:04:25Z,REF-PAY_A69F0C45
SET_8D975D85,MERCH_016,32900,658,118,0,0,0,32124,INR,PROCESSED,2026-08-31T16:37:14Z,REF-PAY_48CE66BF
SET_FA732C8B,MERCH_016,1639700,32794,5902,0,0,0,1601004,INR,PROCESSED,2026-07-12T21:16:43Z,REF-PAY_D3228B5E-TYPO
SET_40E0165E,MERCH_018,1626000,32520,5853,0,0,0,1587627,INR,PROCESSED,2026-08-03T04:11:23Z,REF-PAY_93D50784
SET_D89830BF,MERCH_009,1093100,21862,3935,0,0,0,1067303,INR,PROCESSED,2026-08-06T03:09:21Z,SETTLE-MERCH_009-BULK
SET_A62F01E5,MERCH_004,1959700,39194,7054,0,0,0,1913452,INR,PROCESSED,2026-08-30T16:17:56Z,REF-PAY_D9EE9BAE
SET_CD8209F8,MERCH_018,1623400,32468,5844,0,0,0,1585138,INR,PROCESSED,2026-07-10T05:22:47Z,REF-PAY_9A666B10
SET_6AADCC2D,MERCH_041,1889600,37792,6802,0,0,0,1845006,INR,PROCESSED,2026-08-31T04:47:38Z,REF-PAY_E98B7498
SET_C44BD3BC,MERCH_027,1543100,30862,5555,0,0,0,1506683,INR,PROCESSED,2026-08-20T10:02:39Z,REF-PAY_6B58A96A
SET_FF19F071,MERCH_024,1209500,24190,4354,0,0,0,1180956,INR,PROCESSED,2026-07-22T16:50:32Z,REF-PAY_F02C4F54
SET_A5C6745C,MERCH_039,83000,1660,298,0,0,0,80942,INR,PROCESSED,2026-08-28T16:19:02Z,REF-PAY_D40D7332
SET_3C725FD5,MERCH_009,80900,1618,291,0,0,0,78991,INR,PROCESSED,2026-08-29T03:16:27Z,REF-PAY_19AFBDC8
SET_0FF6FC9F,MERCH_045,1149700,22994,4138,0,1149700,0,-27132,INR,PROCESSED,2026-07-22T10:46:33Z,REF-PAY_338A3BFB
SET_A4AA406F,MERCH_031,1763500,35270,6348,0,0,0,1721782,INR,PROCESSED,2026-07-19T22:39:43Z,REF-PAY_7FE9AF59
SET_DD071853,MERCH_003,800300,16006,2881,0,0,0,781413,INR,PROCESSED,2026-09-03T19:45:38Z,REF-PAY_013EE261
SET_741CD436,MERCH_020,54700,1094,196,0,0,0,53410,INR,PROCESSED,2026-07-19T15:53:22Z,REF-PAY_212030D7
SET_A48A0ADF,MERCH_013,1487700,29754,5355,0,0,0,1452591,INR,PROCESSED,2026-08-10T17:44:06Z,REF-PAY_DCF8C376
SET_2029A850,MERCH_035,228400,4568,822,0,0,0,222910,INR,PROCESSED,2026-07-10T09:48:20Z,REF-PAY_E9CF27B6
SET_FE6655F4,MERCH_038,880200,17604,3168,0,0,0,859428,INR,PROCESSED,2026-08-29T04:57:01Z,REF-PAY_229557D8
SET_ABBC2863,MERCH_023,915500,18310,3295,0,0,0,893895,INR,PROCESSED,2026-08-22T07:44:51Z,REF-PAY_511A89EE
SET_BF19FFF2,MERCH_034,1897600,37952,6831,0,0,0,1848817,INR,PROCESSED,2026-08-11T08:57:49Z,REF-PAY_4CF3599D
SET_1CAB817D,MERCH_021,176200,3524,634,0,0,0,172042,INR,PROCESSED,2026-08-27T15:17:21Z,REF-PAY_EC422FE3
SET_4569A37C,MERCH_011,316000,6320,1137,0,0,0,308543,INR,PROCESSED,2026-07-05T15:10:32Z,REF-PAY_5AB0431C
SET_0285A164,MERCH_019,88200,1764,317,0,0,0,86119,INR,PROCESSED,2026-07-11T08:24:31Z,REF-PAY_7B0CFCD8-TYPO
SET_773F9890,MERCH_049,885400,17708,3187,0,0,0,864505,INR,PROCESSED,2026-07-07T15:16:36Z,SETTLE-MERCH_049-BULK
SET_4034AB64,MERCH_015,1593400,31868,5736,0,0,0,1555796,INR,PROCESSED,2026-08-05T21:57:57Z,REF-PAY_97C5090C
SET_3D4149EE,MERCH_022,658200,13164,2369,0,0,0,642717,INR,PROCESSED,2026-07-26T07:31:57Z,REF-PAY_0F039C7C
SET_3C897EF4,MERCH_022,962800,19256,3466,0,0,0,940078,INR,PROCESSED,2026-07-13T16:59:16Z,REF-PAY_1487FA53-TYPO
SET_88AADCDA,MERCH_046,116700,2334,420,0,0,0,113946,INR,PROCESSED,2026-07-15T02:57:15Z,REF-PAY_7C17CF58
SET_35EA0114,MERCH_032,1689800,33796,6083,0,0,0,1649921,INR,PROCESSED,2026-08-25T22:31:19Z,REF-PAY_6D722087
SET_CD960130,MERCH_034,1449700,28994,5218,0,0,0,1415488,INR,PROCESSED,2026-07-27T20:03:42Z,REF-PAY_36039124
SET_8B12E4AA,MERCH_045,494000,9880,1778,0,0,0,482342,INR,PROCESSED,2026-08-01T19:11:18Z,REF-PAY_642FE7A5
SET_FF88A5A8,MERCH_003,571600,11432,2057,0,0,0,558111,INR,PROCESSED,2026-08-21T13:56:34Z,REF-PAY_EE367982
SET_5D13C742,MERCH_042,1092300,21846,3932,0,0,0,1066522,INR,PROCESSED,2026-07-13T06:26:04Z,REF-PAY_7AB8D16D
SET_DF7EB2D8,MERCH_020,1803300,36066,6491,0,0,0,1760743,INR,PROCESSED,2026-08-07T20:56:49Z,REF-PAY_5EFB6C59
SET_93B1A835,MERCH_030,114800,2296,413,0,0,0,112141,INR,PROCESSED,2026-07-08T20:47:17Z,REF-PAY_A06B36CA
SET_9F0589CD,MERCH_049,1156100,23122,4161,0,0,0,1128717,INR,PROCESSED,2026-07-13T17:32:38Z,REF-PAY_A260DFC6
SET_B5F7FA3D,MERCH_048,143200,2864,515,0,0,0,139821,INR,PROCESSED,2026-07-22T10:50:21Z,REF-PAY_C7AB6169
SET_0ECEBF35,MERCH_039,1703700,34074,6133,0,0,0,1663543,INR,PROCESSED,2026-07-03T13:36:14Z,REF-PAY_6F20CC21
SET_A8F79F4F,MERCH_006,185200,3704,666,0,0,0,180830,INR,PROCESSED,2026-08-20T03:34:03Z,REF-PAY_30DCCCEE
SET_A60CA215,MERCH_018,1148100,22962,4133,0,0,0,1121005,INR,PROCESSED,2026-07-05T08:13:55Z,REF-PAY_867DDB14-TYPO
SET_39EFC9FD,MERCH_011,1109400,22188,3993,0,0,0,1083219,INR,PROCESSED,2026-08-25T05:27:52Z,REF-PAY_7B1EE433
SET_CA3EB9E3,MERCH_009,203400,4068,732,0,0,0,198600,INR,PROCESSED,2026-08-16T09:43:15Z,REF-PAY_BC6AE103
SET_959ECD39,MERCH_041,1115700,22314,4016,0,0,0,1089420,INR,PROCESSED,2026-08-18T15:38:44Z,REF-PAY_7C4685EA
SET_F0DD99CE,MERCH_002,31300,626,112,15650,0,0,14912,INR,PROCESSED,2026-07-22T16:39:30Z,REF-PAY_EBF9228F
SET_0E6175B1,MERCH_006,14700,294,52,0,0,0,14354,INR,PROCESSED,2026-07-10T13:38:59Z,REF-PAY_FFC53BF8-TYPO
SET_3DDD47BB,MERCH_005,1507100,30142,5425,0,0,0,1471533,INR,PROCESSED,2026-07-08T21:05:40Z,REF-PAY_59442B20
SET_E43F0F1C,MERCH_017,868900,17378,3128,0,0,0,848394,INR,PROCESSED,2026-08-27T23:00:30Z,REF-PAY_A972752A
SET_5C308E70,MERCH_040,1258700,25174,4531,629350,0,0,599645,INR,PROCESSED,2026-08-27T14:56:32Z,REF-PAY_940519A8
SET_2BFEEEA3,MERCH_039,984500,19690,3544,0,0,0,961266,INR,PROCESSED,2026-08-17T21:13:45Z,REF-PAY_D2352197
SET_1BB3C698,MERCH_029,937600,18752,3375,0,0,0,915473,INR,PROCESSED,2026-08-29T14:00:34Z,REF-PAY_72EA94E6-TYPO
SET_0EBD03E4,MERCH_005,217500,4350,783,0,0,0,212367,INR,PROCESSED,2026-07-17T11:38:25Z,REF-PAY_CD4B8A8C
SET_F885DDA2,MERCH_038,1472000,29440,5299,0,0,0,1437261,INR,PROCESSED,2026-08-31T13:38:37Z,SETTLE-MERCH_038-BULK
SET_9B095F1F,MERCH_041,1364000,27280,4910,0,0,0,1331810,INR,PROCESSED,2026-08-24T09:49:19Z,REF-PAY_4DF15DBC
SET_DD50BDBE,MERCH_034,770500,15410,2773,0,0,0,752317,INR,PROCESSED,2026-08-29T05:00:37Z,SETTLE-MERCH_034-BULK
SET_ABFE1797,MERCH_041,54600,1092,196,0,0,0,48312,INR,PROCESSED,2026-07-07T22:59:55Z,REF-PAY_B0B1955B
SET_B99422DA,MERCH_039,96100,1922,345,0,0,0,93833,INR,PROCESSED,2026-08-10T02:00:25Z,REF-PAY_2C56DB97-TYPO
SET_C862BF87,MERCH_036,219800,4396,791,0,0,0,214613,INR,PROCESSED,2026-08-09T16:09:26Z,REF-PAY_69A0403F
SET_561DE9D2,MERCH_014,1694400,33888,6099,0,0,0,1654413,INR,PROCESSED,2026-07-18T18:02:54Z,REF-PAY_D7B367F6
SET_FF87676E,MERCH_027,138700,2774,499,0,0,0,135427,INR,PROCESSED,2026-08-25T16:19:17Z,REF-PAY_77F748E8
SET_F8563967,MERCH_024,925700,18514,3332,0,0,0,903854,INR,PROCESSED,2026-08-05T08:33:13Z,REF-PAY_90456BAD
SET_6716CCDE,MERCH_007,1012100,20242,3643,0,0,0,988215,INR,PROCESSED,2026-08-12T00:44:42Z,REF-PAY_CE0CE59C
SET_FE2B55EA,MERCH_019,1584700,31694,5704,0,0,0,1547302,INR,PROCESSED,2026-07-23T15:01:57Z,REF-PAY_97901820
SET_A2E48810,MERCH_008,374300,7486,1347,0,0,0,365467,INR,PROCESSED,2026-08-16T05:16:52Z,REF-PAY_F1E2DD5A
SET_846AB223,MERCH_003,703100,14062,2531,0,0,0,686507,INR,PROCESSED,2026-08-26T16:42:11Z,REF-PAY_C172CE13
SET_187CF125,MERCH_013,468000,9360,1684,0,0,0,456956,INR,PROCESSED,2026-07-07T10:49:43Z,REF-PAY_D407FC5C
SET_C14F1E95,MERCH_015,515200,10304,1854,0,0,0,503042,INR,PROCESSED,2026-08-03T04:54:55Z,SETTLE-MERCH_015-BULK
SET_3B732E1B,MERCH_031,1754600,35092,6316,0,0,0,1713192,INR,PROCESSED,2026-07-24T01:49:47Z,REF-PAY_77CC0FE5
SET_DB241F9B,MERCH_014,570700,11414,2054,0,0,0,526332,INR,PROCESSED,2026-08-22T20:59:29Z,REF-PAY_C5CE3544
SET_B9EEA8CF,MERCH_022,1994300,39886,7179,0,0,0,1947235,INR,PROCESSED,2026-08-20T23:05:40Z,SETTLE-MERCH_022-BULK
SET_EC07491A,MERCH_036,642700,12854,2313,0,0,0,627433,INR,PROCESSED,2026-09-03T11:49:12Z,REF-PAY_30A4F2BD
SET_3F1EE7BE,MERCH_010,898700,17974,3235,0,0,0,877491,INR,PROCESSED,2026-09-03T20:12:46Z,REF-PAY_465CC85D
SET_15B5D494,MERCH_004,1871200,37424,6736,0,0,0,1827040,INR,PROCESSED,2026-08-08T03:33:56Z,SETTLE-MERCH_004-BULK
SET_BC72E6B3,MERCH_013,1733500,34670,6240,0,0,0,1692590,INR,PROCESSED,2026-08-11T20:58:11Z,REF-PAY_01330592
SET_8AF9E0DE,MERCH_027,1899100,37982,6836,0,0,0,1854282,INR,PROCESSED,2026-07-07T05:46:27Z,REF-PAY_A002AECF
SET_A35D2642,MERCH_046,1560900,31218,5619,780450,0,0,743613,INR,PROCESSED,2026-07-11T07:42:15Z,REF-PAY_D227F5FF
SET_34A2E101,MERCH_009,256000,5120,921,0,0,0,249959,INR,PROCESSED,2026-08-11T15:06:31Z,REF-PAY_EA3BDC3F
SET_851315D9,MERCH_043,340800,6816,1226,0,0,0,332758,INR,PROCESSED,2026-07-20T15:07:20Z,REF-PAY_B0448C7E
SET_05C586CF,MERCH_019,253800,5076,913,0,0,0,247811,INR,PROCESSED,2026-09-03T12:39:19Z,REF-PAY_90262EF1
SET_9523258B,MERCH_006,1165000,23300,4194,0,0,0,1137556,INR,PROCESSED,2026-07-25T11:35:17Z,REF-PAY_D237BDBE
SET_6D6C4433,MERCH_041,582100,11642,2095,0,582100,0,-13737,INR,PROCESSED,2026-07-16T06:42:05Z,REF-PAY_61024C0E
SET_C475F1A9,MERCH_044,1259700,25194,4534,0,0,0,1229972,INR,PROCESSED,2026-07-08T11:19:09Z,REF-PAY_8619EEFF
SET_B410B4C3,MERCH_014,1855200,37104,6678,0,0,0,1811418,INR,PROCESSED,2026-07-11T22:35:59Z,REF-PAY_EADEACE3
SET_FEF7CDBA,MERCH_033,314600,6292,1132,0,0,0,307176,INR,PROCESSED,2026-07-10T00:57:05Z,REF-PAY_21D7F584
SET_764CF1DF,MERCH_018,457400,9148,1646,0,0,0,446506,INR,PROCESSED,2026-07-23T00:15:23Z,REF-PAY_F26AFCEE
SET_55D53137,MERCH_045,1808100,36162,6509,0,0,0,1765429,INR,PROCESSED,2026-08-11T10:10:08Z,REF-PAY_AAA848C7
SET_27B268CE,MERCH_038,1116800,22336,4020,0,0,0,1090494,INR,PROCESSED,2026-07-25T21:15:42Z,REF-PAY_11117CB2
SET_D293E7A0,MERCH_011,670600,13412,2414,0,0,0,654774,INR,PROCESSED,2026-08-26T10:49:56Z,REF-PAY_2CD959D6
SET_A3C4497B,MERCH_010,164000,3280,590,0,164000,0,-3870,INR,PROCESSED,2026-08-21T05:18:26Z,REF-PAY_FF3F3A34
SET_04597F56,MERCH_001,394100,7882,1418,0,0,0,384700,INR,PROCESSED,2026-07-27T21:17:25Z,REF-PAY_1551A9C7
SET_ED77AAA7,MERCH_015,1478400,29568,5322,0,0,0,1443510,INR,PROCESSED,2026-07-05T10:14:23Z,REF-PAY_D1747E79
SET_498D5A8F,MERCH_005,486000,9720,1749,0,0,0,474531,INR,PROCESSED,2026-07-08T04:44:17Z,REF-PAY_FFDE0D6A
SET_3E4302B3,MERCH_015,5500000,110000,19800,0,0,0,5370200,INR,PROCESSED,2026-07-11T10:59:47Z,SETTLE-MERCH_015-HV
SET_36CE30B1,MERCH_023,957000,19140,3445,0,0,0,927315,INR,PROCESSED,2026-07-24T05:54:27Z,REF-PAY_FF6231F9
SET_25EC8FD9,MERCH_047,440200,8804,1584,0,0,0,429812,INR,PROCESSED,2026-07-04T00:58:13Z,REF-PAY_159AD7D4-TYPO
SET_B47D6FE6,MERCH_008,256400,5128,923,0,0,0,224049,INR,PROCESSED,2026-08-07T22:08:19Z,REF-PAY_A3E9AC8B
SET_DED82506,MERCH_022,50800,1016,182,0,0,0,49602,INR,PROCESSED,2026-08-21T02:08:17Z,REF-PAY_F0CFE534
SET_07C198AC,MERCH_043,615900,12318,2217,0,0,0,601365,INR,PROCESSED,2026-07-23T15:54:06Z,REF-PAY_3EFA0FE1
SET_E70F135C,MERCH_036,1842400,36848,6632,0,0,0,1798920,INR,PROCESSED,2026-08-13T09:50:44Z,REF-PAY_A278C952
SET_EB89226E,MERCH_015,764700,15294,2752,0,0,0,746654,INR,PROCESSED,2026-07-25T02:56:23Z,REF-PAY_C602BB73
SET_539C425F,MERCH_030,1854800,37096,6677,0,0,0,1811027,INR,PROCESSED,2026-08-30T04:54:02Z,REF-PAY_A3F89495
SET_7695AF8D,MERCH_012,680800,13616,2450,0,0,0,664634,INR,PROCESSED,2026-07-09T11:16:32Z,REF-PAY_B75CC21C
SET_DC793C7B,MERCH_030,1680200,33604,6048,0,0,0,1640548,INR,PROCESSED,2026-09-01T20:07:30Z,REF-PAY_B291502F
SET_F37A3B6F,MERCH_002,614000,12280,2210,0,0,0,577010,INR,PROCESSED,2026-07-19T12:08:18Z,REF-PAY_064E862C
SET_9230BBCA,MERCH_023,1650100,33002,5940,0,0,0,1611158,INR,PROCESSED,2026-08-24T03:22:26Z,REF-PAY_EDC5E68B
SET_2AD4E060,MERCH_032,846900,16938,3048,0,0,0,826914,INR,PROCESSED,2026-09-01T23:34:50Z,REF-PAY_59DA8F25
SET_F9D98B9D,MERCH_023,1691300,33826,6088,0,0,0,1651286,INR,PROCESSED,2026-08-11T15:34:40Z,REF-PAY_E42C849D
SET_99FDC54F,MERCH_046,1668200,33364,6005,0,0,0,1628831,INR,PROCESSED,2026-07-13T23:11:30Z,REF-PAY_85BDE7DF
SET_C087BDF5,MERCH_025,1279400,25588,4605,0,0,0,1249107,INR,PROCESSED,2026-08-08T07:09:30Z,REF-PAY_F951EE07
SET_4DAAC152,MERCH_046,422400,8448,1520,0,0,0,412432,INR,PROCESSED,2026-08-31T14:34:03Z,REF-PAY_4803670B
SET_881D5D95,MERCH_010,869800,17396,3131,0,0,0,849273,INR,PROCESSED,2026-08-25T11:29:53Z,REF-PAY_0F5E636F-TYPO
SET_7A358704,MERCH_012,346800,6936,1248,0,0,0,338666,INR,PROCESSED,2026-09-02T07:00:34Z,REF-PAY_1E1799F6
SET_5442F3C7,MERCH_046,1043800,20876,3757,0,0,0,1019167,INR,PROCESSED,2026-07-08T12:21:10Z,REF-PAY_D4D40B94-TYPO
SET_09FD9C96,MERCH_036,60000000,1200000,216000,0,0,0,58584000,INR,PROCESSED,2026-08-29T04:33:08Z,SETTLE-MERCH_036-HV
SET_6183EA1A,MERCH_042,1965000,39300,7074,0,0,0,1918626,INR,PROCESSED,2026-08-09T07:46:08Z,REF-PAY_38D8699D
SET_9E8E0AD6,MERCH_021,1777800,35556,6400,0,0,0,1735844,INR,PROCESSED,2026-07-21T07:42:00Z,REF-PAY_09369A10
SET_03077BC7,MERCH_025,1915300,38306,6895,0,0,0,1847599,INR,PROCESSED,2026-08-06T16:57:56Z,REF-PAY_67BF3354
SET_9D2C6C81,MERCH_048,1220900,24418,4395,0,0,0,1192087,INR,PROCESSED,2026-07-10T17:03:27Z,REF-PAY_11E031D1
SET_40BBE1DC,MERCH_032,1452700,29054,5229,0,0,0,1418417,INR,PROCESSED,2026-07-10T07:34:01Z,REF-PAY_B4DBC0B2
SET_82FC4402,MERCH_021,201500,4030,725,0,0,0,196645,INR,PROCESSED,2026-08-04T16:15:57Z,REF-PAY_4EC55B30
SET_927906B6,MERCH_037,423900,8478,1526,0,0,0,413896,INR,PROCESSED,2026-08-21T18:17:38Z,REF-PAY_B6C4F22B
SET_40C87FE9,MERCH_033,732500,14650,2637,0,0,0,715213,INR,PROCESSED,2026-08-18T15:35:06Z,REF-PAY_223ADF9C
SET_A9766CC4,MERCH_014,1424000,28480,5126,0,0,0,1390394,INR,PROCESSED,2026-08-29T09:03:32Z,REF-PAY_9BC50810
SET_7AA81244,MERCH_038,1732100,34642,6235,0,1732100,0,-40877,INR,PROCESSED,2026-07-05T13:42:58Z,REF-PAY_B3C82DD0
SET_78620006,MERCH_029,1712000,34240,6163,0,0,0,1671597,INR,PROCESSED,2026-07-18T01:36:36Z,REF-PAY_EA3038BA
SET_1A5C7869,MERCH_018,358400,7168,1290,0,0,0,349942,INR,PROCESSED,2026-09-02T14:01:44Z,REF-PAY_89CBFD24
SET_98ACED1D,MERCH_035,1253400,25068,4512,0,0,0,1223820,INR,PROCESSED,2026-08-21T14:21:19Z,REF-PAY_BEB95BBC
SET_7BDF36B2,MERCH_038,365500,7310,1315,0,0,0,356875,INR,PROCESSED,2026-09-03T09:51:28Z,REF-PAY_33DABF3C
SET_4F7CC395,MERCH_032,77100,1542,277,0,0,0,75331,INR,PROCESSED,2026-08-09T19:42:24Z,REF-PAY_8FDADF67
SET_2A3BA389,MERCH_032,1958300,39166,7049,0,0,0,1912085,INR,PROCESSED,2026-07-24T01:27:42Z,REF-PAY_087C324E
SET_9096F617,MERCH_042,482100,9642,1735,0,0,0,467623,INR,PROCESSED,2026-08-27T09:15:09Z,REF-PAY_219CC9CE
SET_3F177A9B,MERCH_029,165900,3318,597,0,0,0,161985,INR,PROCESSED,2026-07-30T06:00:55Z,REF-PAY_A0B195C3
SET_92F4BA7A,MERCH_036,1480500,29610,5329,0,0,0,1445561,INR,PROCESSED,2026-08-03T04:23:20Z,REF-PAY_C131E194
SET_B9F5884F,MERCH_008,829000,16580,2984,0,0,0,809436,INR,PROCESSED,2026-08-13T09:58:03Z,REF-PAY_DCB4C3D1
SET_0B022ABC,MERCH_026,1503200,30064,5411,751600,0,0,716125,INR,PROCESSED,2026-08-29T16:30:16Z,REF-PAY_E7097DAD
SET_BC01700F,MERCH_025,1791700,35834,6450,0,0,0,1749416,INR,PROCESSED,2026-09-03T15:10:25Z,REF-PAY_4C6B26C9
SET_7F8E78A6,MERCH_040,691500,13830,2489,345750,0,0,329431,INR,PROCESSED,2026-08-23T20:59:47Z,REF-PAY_F1A6F0A3
SET_95162380,MERCH_018,586300,11726,2110,0,0,0,572464,INR,PROCESSED,2026-08-02T09:16:30Z,REF-PAY_2B0B0A87-TYPO
SET_8BE1D59A,MERCH_011,860000,17200,3096,0,860000,0,-20296,INR,PROCESSED,2026-08-16T15:49:30Z,REF-PAY_A589C10D
SET_A35DEE46,MERCH_037,726900,14538,2616,363450,0,0,346296,INR,PROCESSED,2026-07-31T08:29:28Z,REF-PAY_303D738C
SET_77431D08,MERCH_011,1612500,32250,5805,0,0,0,1574445,INR,PROCESSED,2026-08-27T07:46:20Z,REF-PAY_F9E8DD6A
SET_E2B19C2F,MERCH_039,261500,5230,941,0,0,0,255329,INR,PROCESSED,2026-08-12T12:48:05Z,REF-PAY_9F9C8FCF
SET_9D4C9CA7,MERCH_005,320300,6406,1153,0,0,0,312741,INR,PROCESSED,2026-07-04T06:16:43Z,REF-PAY_5B8DC4F8
SET_18D7C639,MERCH_008,1024300,20486,3687,0,0,0,1000127,INR,PROCESSED,2026-07-21T06:25:24Z,REF-PAY_D4A9C4AB
SET_7B62601E,MERCH_024,1572500,31450,5661,0,0,0,1535389,INR,PROCESSED,2026-07-24T16:08:55Z,REF-PAY_B85D2B84
SET_8C8A3E0E,MERCH_021,681300,13626,2452,0,0,0,665222,INR,PROCESSED,2026-07-11T20:30:14Z,REF-PAY_22C997BE
SET_06C87F47,MERCH_034,721900,14438,2598,0,0,0,704864,INR,PROCESSED,2026-08-07T08:21:23Z,SETTLE-MERCH_034-BULK
SET_902E649E,MERCH_042,750900,15018,2703,0,0,0,733179,INR,PROCESSED,2026-08-24T02:49:43Z,REF-PAY_2127BB95
SET_65B692BB,MERCH_015,836200,16724,3010,0,0,0,816466,INR,PROCESSED,2026-07-07T12:58:41Z,REF-PAY_AE895973-TYPO
SET_E5ECE61A,MERCH_017,1299500,25990,4678,0,0,0,1268832,INR,PROCESSED,2026-08-13T13:32:43Z,REF-PAY_44F857CE
SET_048EF8DB,MERCH_036,1529900,30598,5507,0,0,0,1493795,INR,PROCESSED,2026-08-08T20:03:48Z,REF-PAY_39343C4A
SET_96A19A7F,MERCH_046,222200,4444,799,111100,0,0,105857,INR,PROCESSED,2026-07-12T08:27:41Z,REF-PAY_10FF2B86
SET_4E4C9176,MERCH_040,471800,9436,1698,0,0,0,460666,INR,PROCESSED,2026-07-25T16:15:14Z,REF-PAY_3D00DB08
SET_0A8751D6,MERCH_030,126400,2528,455,0,0,0,123417,INR,PROCESSED,2026-08-17T09:47:19Z,REF-PAY_26AE6228-TYPO
SET_7C818CDF,MERCH_015,1261800,25236,4542,0,0,0,1232022,INR,PROCESSED,2026-08-10T05:37:50Z,REF-PAY_6ECBDE90
SET_B386B0D4,MERCH_001,1469400,29388,5289,0,0,0,1434723,INR,PROCESSED,2026-08-11T11:42:56Z,REF-PAY_EBD7ADB5
SET_9DB97F81,MERCH_029,60000000,1200000,216000,0,0,0,58584000,INR,PROCESSED,2026-07-10T11:05:00Z,SETTLE-MERCH_029-HV
SET_81898E91,MERCH_038,820900,16418,2955,0,0,0,801427,INR,PROCESSED,2026-08-25T07:41:58Z,REF-PAY_FE6F98A1
SET_9865CD98,MERCH_039,1568600,31372,5646,0,0,0,1531582,INR,PROCESSED,2026-08-09T23:33:18Z,REF-PAY_2D5A07AD-TYPO
SET_9ADA3884,MERCH_002,170400,3408,613,0,170400,0,-4021,INR,PROCESSED,2026-08-16T03:58:50Z,REF-PAY_D72B5884
SET_C98C7A6F,MERCH_035,1272600,25452,4581,0,0,0,1242567,INR,PROCESSED,2026-08-16T06:43:31Z,REF-PAY_F6055C0E
SET_897CB14E,MERCH_030,990200,19804,3564,0,0,0,966832,INR,PROCESSED,2026-07-19T02:34:24Z,REF-PAY_0F23E65A
SET_3F637200,MERCH_013,798200,15964,2873,0,0,0,779363,INR,PROCESSED,2026-07-21T21:12:47Z,REF-PAY_74C6F7ED
SET_4BCC5B85,MERCH_019,886700,17734,3192,0,0,0,865774,INR,PROCESSED,2026-07-19T23:38:32Z,REF-PAY_BC7205E3
SET_B2087E83,MERCH_016,30000000,600000,108000,0,0,0,29292000,INR,PROCESSED,2026-07-24T12:07:12Z,SETTLE-MERCH_016-HV
SET_D1DEE9F7,MERCH_010,177400,3548,638,0,0,0,173214,INR,PROCESSED,2026-07-07T14:34:55Z,REF-PAY_514515AC
SET_BD7732F2,MERCH_034,435400,8708,1567,0,435400,0,-10275,INR,PROCESSED,2026-08-14T15:42:11Z,REF-PAY_F3E7510F
SET_02DC27E7,MERCH_006,783500,15670,2820,0,0,0,765010,INR,PROCESSED,2026-07-11T06:36:26Z,REF-PAY_75874DBC
SET_3C388CF2,MERCH_011,27700,554,99,0,0,0,27047,INR,PROCESSED,2026-07-29T20:48:58Z,REF-PAY_85721600
SET_0E165F1E,MERCH_025,828200,16564,2981,0,0,0,808655,INR,PROCESSED,2026-07-07T11:21:34Z,REF-PAY_216AF957-TYPO
SET_E60D5530,MERCH_004,531200,10624,1912,265600,0,0,253064,INR,PROCESSED,2026-07-29T17:08:51Z,REF-PAY_3581D5D1
SET_65005305,MERCH_029,69200,1384,249,0,0,0,67567,INR,PROCESSED,2026-07-08T08:06:14Z,REF-PAY_DB1D36A4
SET_6050195C,MERCH_049,467100,9342,1681,0,0,0,456077,INR,PROCESSED,2026-08-22T02:44:22Z,REF-PAY_05616254
SET_26B3F3F1,MERCH_006,1045200,20904,3762,0,0,0,1020584,INR,PROCESSED,2026-07-23T15:58:08Z,REF-PAY_540A7AB2
SET_6B41ED46,MERCH_049,563800,11276,2029,0,0,0,550495,INR,PROCESSED,2026-08-14T08:36:38Z,REF-PAY_34F2C87D
SET_C4AB0F6C,MERCH_044,1466500,29330,5279,733250,0,0,698641,INR,PROCESSED,2026-08-16T03:07:09Z,REF-PAY_D3E8FBF6
SET_78891CC4,MERCH_047,551100,11022,1983,0,0,0,538095,INR,PROCESSED,2026-08-16T23:34:32Z,REF-PAY_3B205B4E
SET_395C2B1E,MERCH_046,1547300,30946,5570,0,0,0,1510784,INR,PROCESSED,2026-08-03T07:27:39Z,REF-PAY_6BF46DCA
SET_FCBA017B,MERCH_039,109200,2184,393,0,0,0,106673,INR,PROCESSED,2026-07-25T12:14:10Z,REF-PAY_82C143C3
SET_39EFC64D,MERCH_029,509200,10184,1833,0,0,0,497183,INR,PROCESSED,2026-09-02T02:20:06Z,REF-PAY_64632EF8
SET_AF9E866B,MERCH_008,1339900,26798,4823,0,0,0,1308279,INR,PROCESSED,2026-08-11T01:07:45Z,REF-PAY_F41BBD3F
SET_02DA6E43,MERCH_030,1147000,22940,4129,0,0,0,1119931,INR,PROCESSED,2026-08-16T01:49:33Z,REF-PAY_18C26BCD
SET_C72D0E80,MERCH_016,1484100,29682,5342,0,0,0,1449076,INR,PROCESSED,2026-07-22T08:12:52Z,REF-PAY_A068E29A
SET_89A30DD2,MERCH_011,694100,13882,2498,0,0,0,677720,INR,PROCESSED,2026-08-20T12:12:11Z,REF-PAY_6BF2C98F
SET_60E9E4F9,MERCH_030,399500,7990,1438,0,0,0,390072,INR,PROCESSED,2026-07-31T19:20:09Z,REF-PAY_68F7458A
SET_96446329,MERCH_048,1592500,31850,5733,0,0,0,1554917,INR,PROCESSED,2026-07-06T10:22:11Z,REF-PAY_FA374A68
SET_D5C1EC4B,MERCH_002,714200,14284,2571,357100,0,0,340245,INR,PROCESSED,2026-07-17T22:26:58Z,REF-PAY_7CE5A2B5
SET_A07AB269,MERCH_013,159300,3186,573,0,0,0,155591,INR,PROCESSED,2026-07-19T14:58:44Z,REF-PAY_3AE87794
SET_664FFF2C,MERCH_007,285800,5716,1028,0,0,0,279056,INR,PROCESSED,2026-07-07T15:31:16Z,REF-PAY_C1031593
SET_B97F9E02,MERCH_009,1414100,28282,5090,0,0,0,1380728,INR,PROCESSED,2026-08-16T02:13:06Z,REF-PAY_0CE6BB01
SET_0FABCF55,MERCH_006,280200,5604,1008,0,0,0,273588,INR,PROCESSED,2026-08-20T14:43:15Z,REF-PAY_7365DF11
SET_F0983E88,MERCH_021,61100,1222,219,0,0,0,57359,INR,PROCESSED,2026-08-10T23:36:31Z,REF-PAY_43ECA019
SET_80434351,MERCH_031,1284700,25694,4624,0,0,0,1254382,INR,PROCESSED,2026-08-01T18:41:46Z,REF-PAY_B71BC11E
SET_06E5A25A,MERCH_031,1603300,32066,5771,0,0,0,1565513,INR,PROCESSED,2026-08-28T03:53:44Z,REF-PAY_027E9448
SET_CD62820C,MERCH_006,498500,9970,1794,0,0,0,486736,INR,PROCESSED,2026-07-17T22:57:27Z,REF-PAY_60F69A9E
SET_4A4C6563,MERCH_022,761900,15238,2742,0,0,0,743920,INR,PROCESSED,2026-08-01T20:36:01Z,REF-PAY_66B34A4C
SET_36F5D117,MERCH_015,1955300,39106,7039,0,1955300,0,-46145,INR,PROCESSED,2026-07-30T20:49:33Z,REF-PAY_FE059661
SET_316A3A16,MERCH_045,527100,10542,1897,0,0,0,514661,INR,PROCESSED,2026-07-21T21:01:39Z,REF-PAY_716B30EB
SET_7763A057,MERCH_037,1527800,30556,5500,763900,0,0,727844,INR,PROCESSED,2026-08-03T05:50:27Z,REF-PAY_C87A6EB9
SET_C15BF076,MERCH_044,1836700,36734,6612,0,0,0,1793354,INR,PROCESSED,2026-08-07T07:36:35Z,REF-PAY_132EE545
SET_4ADA3E62,MERCH_009,210400,4208,757,0,0,0,205435,INR,PROCESSED,2026-08-08T07:51:37Z,REF-PAY_15239BBA
SET_4BD61987,MERCH_010,1158900,23178,4172,0,1158900,0,-27350,INR,PROCESSED,2026-08-19T15:14:39Z,REF-PAY_D4D4BCE5
SET_51809729,MERCH_035,876700,17534,3156,0,0,0,856010,INR,PROCESSED,2026-08-19T22:06:55Z,REF-PAY_7131412F
SET_B3B2ACF1,MERCH_046,269100,5382,968,0,0,0,262750,INR,PROCESSED,2026-09-01T10:38:24Z,REF-PAY_B8A5D3DE
SET_797CB197,MERCH_010,159800,3196,575,0,0,0,155929,INR,PROCESSED,2026-08-29T21:58:03Z,REF-PAY_840BF9F5
SET_3657BF79,MERCH_031,1527200,30544,5497,0,0,0,1491159,INR,PROCESSED,2026-07-12T20:10:35Z,REF-PAY_96514D56
SET_7237B532,MERCH_047,1997600,39952,7191,0,0,0,1903257,INR,PROCESSED,2026-08-23T21:22:17Z,REF-PAY_98F8A6D6
SET_6D80E5C3,MERCH_034,1107200,22144,3985,553600,0,0,527471,INR,PROCESSED,2026-08-14T05:06:02Z,REF-PAY_EF941D73
SET_5799F6DB,MERCH_006,1848400,36968,6654,0,0,0,1804828,INR,PROCESSED,2026-07-24T04:46:38Z,REF-PAY_EA442720
SET_EB766637,MERCH_043,822100,16442,2959,0,0,0,802699,INR,PROCESSED,2026-09-01T04:03:51Z,REF-PAY_CB40FC76
SET_D54DA485,MERCH_006,179900,3598,647,0,0,0,175555,INR,PROCESSED,2026-08-10T07:56:47Z,REF-PAY_72A52067
SET_1895EFCF,MERCH_007,378500,7570,1362,0,0,0,369618,INR,PROCESSED,2026-07-16T12:17:37Z,REF-PAY_D9FB85E7
SET_CF5A9846,MERCH_018,448200,8964,1613,0,0,0,437623,INR,PROCESSED,2026-07-13T23:07:25Z,REF-PAY_47C793B5
SET_D5C6BBB2,MERCH_027,782800,15656,2818,0,0,0,764326,INR,PROCESSED,2026-08-06T11:56:55Z,SETTLE-MERCH_027-BULK
SET_8A9F2FE4,MERCH_041,1588100,31762,5717,0,0,0,1550671,INR,PROCESSED,2026-08-16T19:43:17Z,REF-PAY_3445CE00
SET_84FF2758,MERCH_005,1253100,25062,4511,0,0,0,1223527,INR,PROCESSED,2026-08-01T12:56:24Z,REF-PAY_063367EA
SET_46A59CA7,MERCH_007,597400,11948,2150,0,0,0,583302,INR,PROCESSED,2026-08-28T17:56:31Z,REF-PAY_93AB11AE
SET_0E0B1566,MERCH_047,1925700,38514,6932,0,0,0,1880254,INR,PROCESSED,2026-08-23T00:23:16Z,REF-PAY_F808E345
SET_C3B9C1AB,MERCH_023,293600,5872,1056,0,0,0,286572,INR,PROCESSED,2026-08-08T01:01:50Z,REF-PAY_89D1EE88
SET_C210F72D,MERCH_025,232400,4648,836,116200,0,0,110716,INR,PROCESSED,2026-08-23T19:26:51Z,REF-PAY_7718BB22
SET_24DF4D90,MERCH_032,1147200,22944,4129,0,0,0,1120127,INR,PROCESSED,2026-08-01T16:22:03Z,REF-PAY_1EABCA68
SET_F5E8BE10,MERCH_001,1753000,35060,6310,0,0,0,1711630,INR,PROCESSED,2026-08-04T03:37:14Z,REF-PAY_CEAE2266
SET_6F8C97BB,MERCH_032,1198600,23972,4314,0,0,0,1170214,INR,PROCESSED,2026-08-20T22:15:14Z,REF-PAY_B66CE78B
SET_94E851AE,MERCH_018,1223000,24460,4402,0,0,0,1194138,INR,PROCESSED,2026-08-21T07:23:11Z,REF-PAY_49E0A786
SET_71827CC1,MERCH_017,1829900,36598,6587,914950,0,0,871765,INR,PROCESSED,2026-07-13T04:29:06Z,REF-PAY_BAAD2799
SET_003648DD,MERCH_042,1340200,26804,4824,670100,0,0,638472,INR,PROCESSED,2026-07-07T19:46:53Z,REF-PAY_696D1FE2
SET_9C1D604A,MERCH_014,1490800,29816,5366,0,1490800,0,-35182,INR,PROCESSED,2026-07-13T03:55:38Z,REF-PAY_644C544E
SET_ED3E35E2,MERCH_002,1412000,28240,5083,0,0,0,1378677,INR,PROCESSED,2026-08-30T02:13:34Z,REF-PAY_4D13CF03
SET_795A2BB1,MERCH_023,588500,11770,2118,0,0,0,574612,INR,PROCESSED,2026-08-24T00:06:24Z,REF-PAY_DB2DB649
SET_FD19C1AA,MERCH_047,925400,18508,3331,0,0,0,903561,INR,PROCESSED,2026-08-06T01:39:01Z,SETTLE-MERCH_047-BULK
SET_DB48878C,MERCH_036,812200,16244,2923,0,0,0,793033,INR,PROCESSED,2026-08-05T19:14:58Z,REF-PAY_F2A7CBE5
SET_6A662D0A,MERCH_031,1799700,35994,6478,0,1799700,0,-42472,INR,PROCESSED,2026-07-14T19:04:42Z,REF-PAY_1523A17C
SET_E9F2DFD2,MERCH_033,1475400,29508,5311,737700,0,0,702881,INR,PROCESSED,2026-07-08T06:32:27Z,REF-PAY_2F1463EA
SET_DEA9130E,MERCH_002,316200,6324,1138,0,0,0,304038,INR,PROCESSED,2026-07-21T08:48:10Z,REF-PAY_BB70FE0B
SET_3F8A8320,MERCH_043,1801600,36032,6485,0,0,0,1759083,INR,PROCESSED,2026-08-09T20:51:29Z,REF-PAY_9D1D6092
SET_392B11FA,MERCH_040,1286100,25722,4629,0,0,0,1255749,INR,PROCESSED,2026-07-18T03:25:42Z,REF-PAY_2BE9ED03
SET_3605DAF3,MERCH_032,1764800,35296,6353,0,0,0,1696751,INR,PROCESSED,2026-07-22T18:48:17Z,REF-PAY_E94EA9CE
SET_CD23C729,MERCH_031,1242600,24852,4473,0,0,0,1213275,INR,PROCESSED,2026-07-18T09:03:19Z,SETTLE-MERCH_031-BULK
SET_334F5845,MERCH_044,1817000,36340,6541,0,0,0,1774119,INR,PROCESSED,2026-07-31T22:29:48Z,REF-PAY_3A1D9CF9
SET_23CEE5E3,MERCH_046,1584700,31694,5704,0,0,0,1501302,INR,PROCESSED,2026-07-27T12:47:38Z,REF-PAY_7CBC075F
SET_FB7A7E69,MERCH_039,43200,864,155,0,0,0,42181,INR,PROCESSED,2026-07-12T12:37:48Z,REF-PAY_70C517A9
SET_663C1E21,MERCH_025,1016500,20330,3659,0,0,0,992411,INR,PROCESSED,2026-08-06T09:02:54Z,REF-PAY_4A1F4D1B
SET_E982C73C,MERCH_012,1163400,23268,4188,0,0,0,1135944,INR,PROCESSED,2026-07-22T17:43:10Z,REF-PAY_EEC78625
SET_4AA28020,MERCH_013,334600,6692,1204,0,0,0,326704,INR,PROCESSED,2026-08-04T22:52:40Z,REF-PAY_C09B5ACA
SET_BF1E577D,MERCH_030,1215200,24304,4374,0,0,0,1186522,INR,PROCESSED,2026-08-11T03:25:45Z,REF-PAY_220033C2
SET_B71028F3,MERCH_002,342500,6850,1233,0,0,0,334467,INR,PROCESSED,2026-07-13T09:36:06Z,REF-PAY_4C990B23
SET_29A6F64E,MERCH_009,686100,13722,2469,0,0,0,669809,INR,PROCESSED,2026-08-11T11:59:08Z,REF-PAY_37747A5B
SET_C0A64743,MERCH_029,665700,13314,2396,0,0,0,649990,INR,PROCESSED,2026-08-30T08:53:57Z,REF-PAY_2D0E7EA9
SET_3A4EC2C6,MERCH_020,1094800,21896,3941,0,0,0,1068963,INR,PROCESSED,2026-07-17T23:05:31Z,REF-PAY_BF93AC80
SET_F4E57A1F,MERCH_033,789700,15794,2842,0,0,0,771064,INR,PROCESSED,2026-07-17T14:36:04Z,REF-PAY_0C5FA32A
SET_2ADFDC8B,MERCH_018,256000,5120,921,0,0,0,249959,INR,PROCESSED,2026-07-05T10:53:20Z,REF-PAY_5E205544
SET_60216329,MERCH_037,644100,12882,2318,0,644100,0,-15200,INR,PROCESSED,2026-08-09T08:24:48Z,REF-PAY_495C2B5C
SET_0FC32855,MERCH_039,1385800,27716,4988,0,0,0,1352996,INR,PROCESSED,2026-07-24T00:49:55Z,REF-PAY_F34CAC47
SET_FA48BD71,MERCH_028,1740200,34804,6264,0,0,0,1699132,INR,PROCESSED,2026-08-14T00:31:29Z,REF-PAY_3A7AF9D1
SET_FFDFB5E0,MERCH_024,1701500,34030,6125,0,0,0,1661395,INR,PROCESSED,2026-08-05T13:33:34Z,REF-PAY_EC78083D
SET_A52655BD,MERCH_023,1185600,23712,4268,592800,0,0,564820,INR,PROCESSED,2026-08-02T15:31:23Z,REF-PAY_B7EE4679
SET_3524D49D,MERCH_016,762200,15244,2743,0,0,0,744213,INR,PROCESSED,2026-07-11T23:15:59Z,REF-PAY_D2F6DC4F
SET_6730B608,MERCH_041,254100,5082,914,0,0,0,248104,INR,PROCESSED,2026-08-23T19:43:56Z,REF-PAY_D5F68182-TYPO
SET_E0277A8C,MERCH_048,1817100,36342,6541,0,0,0,1774217,INR,PROCESSED,2026-08-25T04:06:09Z,REF-PAY_2EF2CEAC
SET_EC36FE88,MERCH_044,1941000,38820,6987,0,0,0,1895193,INR,PROCESSED,2026-07-28T22:57:31Z,REF-PAY_D6783967
SET_AB917804,MERCH_033,406300,8126,1462,0,0,0,396712,INR,PROCESSED,2026-07-24T08:08:39Z,REF-PAY_803333B4
SET_9A8A6560,MERCH_017,897100,17942,3229,0,0,0,875929,INR,PROCESSED,2026-08-05T13:45:18Z,REF-PAY_C00476C6
SET_66AB2177,MERCH_048,128500,2570,462,0,0,0,125468,INR,PROCESSED,2026-08-18T19:35:22Z,REF-PAY_3F2C5D1E
SET_A0CEB2EB,MERCH_037,752400,15048,2708,0,0,0,734644,INR,PROCESSED,2026-08-09T13:05:39Z,REF-PAY_B82D3A25
SET_772E352B,MERCH_043,564900,11298,2033,0,0,0,551569,INR,PROCESSED,2026-07-10T20:34:16Z,REF-PAY_773ADBDD
SET_B68D32EE,MERCH_046,632200,12644,2275,0,0,0,617281,INR,PROCESSED,2026-08-03T09:52:56Z,REF-PAY_C259AD10
SET_F66FBE66,MERCH_025,1656900,33138,5964,0,0,0,1617798,INR,PROCESSED,2026-08-18T02:10:32Z,REF-PAY_A09CDBD0
SET_D92CBC1C,MERCH_025,214900,4298,773,0,0,0,209829,INR,PROCESSED,2026-08-06T05:14:19Z,REF-PAY_0F957318
SET_732A3032,MERCH_023,1415500,28310,5095,0,0,0,1382095,INR,PROCESSED,2026-07-18T04:14:39Z,REF-PAY_453CEAC3
SET_64468153,MERCH_037,1243300,24866,4475,0,0,0,1213959,INR,PROCESSED,2026-07-23T00:44:14Z,REF-PAY_2DA5DA2D
SET_71B88623,MERCH_013,1903900,38078,6854,0,0,0,1858968,INR,PROCESSED,2026-08-13T03:21:57Z,REF-PAY_7231E1C9
SET_613A4677,MERCH_033,1172400,23448,4220,0,0,0,1115532,INR,PROCESSED,2026-07-30T10:12:16Z,REF-PAY_299AACFD
SET_1665A746,MERCH_012,1853800,37076,6673,0,0,0,1810051,INR,PROCESSED,2026-09-02T18:32:31Z,REF-PAY_75ED6FA0-TYPO
SET_562565A1,MERCH_006,508200,10164,1829,0,0,0,496207,INR,PROCESSED,2026-08-07T21:40:27Z,REF-PAY_7941A8DF
SET_31D9825C,MERCH_043,276300,5526,994,0,0,0,269780,INR,PROCESSED,2026-07-04T16:37:55Z,REF-PAY_7762AFF1
SET_EB72C26B,MERCH_044,1441900,28838,5190,0,0,0,1407872,INR,PROCESSED,2026-07-08T17:28:18Z,REF-PAY_F1849D26
SET_81166342,MERCH_010,1986500,39730,7151,0,0,0,1935419,INR,PROCESSED,2026-09-03T03:34:40Z,REF-PAY_C0111916
SET_4B44D9E3,MERCH_025,1588700,31774,5719,0,0,0,1551207,INR,PROCESSED,2026-07-06T19:37:35Z,REF-PAY_E14B62C9
SET_51E2C9D8,MERCH_004,1275800,25516,4592,0,0,0,1245692,INR,PROCESSED,2026-07-24T13:46:34Z,REF-PAY_6710D415
SET_94424283,MERCH_004,1797100,35942,6469,0,0,0,1754689,INR,PROCESSED,2026-08-07T16:40:31Z,REF-PAY_1E8AF17A
SET_9EFD2044,MERCH_043,563300,11266,2027,0,0,0,550007,INR,PROCESSED,2026-07-10T05:23:59Z,REF-PAY_7A5918D1
SET_EF1AE9DA,MERCH_028,1363200,27264,4907,0,0,0,1331029,INR,PROCESSED,2026-08-18T06:09:01Z,REF-PAY_BC8B2FBB
SET_6E273F8A,MERCH_019,751100,15022,2703,0,0,0,733375,INR,PROCESSED,2026-07-08T04:22:57Z,REF-PAY_99993A18-TYPO
SET_0242624C,MERCH_042,416700,8334,1500,0,0,0,406866,INR,PROCESSED,2026-08-12T23:07:19Z,REF-PAY_191FFE0D
SET_3C4D2760,MERCH_009,1041200,20824,3748,0,0,0,1016628,INR,PROCESSED,2026-07-11T11:37:04Z,REF-PAY_9795601A
SET_46115D8C,MERCH_002,1225500,24510,4411,0,0,0,1196579,INR,PROCESSED,2026-08-15T04:24:05Z,REF-PAY_8F10BED2
SET_F6342A50,MERCH_021,514600,10292,1852,0,0,0,502456,INR,PROCESSED,2026-07-12T05:53:28Z,REF-PAY_AB7A1D84
SET_F0613885,MERCH_025,269200,5384,969,0,0,0,262847,INR,PROCESSED,2026-08-08T10:52:45Z,REF-PAY_FF10E438
SET_D43EF3FE,MERCH_044,1656700,33134,5964,0,0,0,1617602,INR,PROCESSED,2026-07-27T17:01:39Z,REF-PAY_157A0FE5
SET_68F6F5C2,MERCH_045,1629300,32586,5865,0,0,0,1590849,INR,PROCESSED,2026-08-09T18:46:43Z,REF-PAY_147D71F0
SET_9D6DB2FF,MERCH_036,1953300,39066,7031,0,0,0,1907203,INR,PROCESSED,2026-08-27T06:50:01Z,REF-PAY_4FD57FE9
SET_B17834EB,MERCH_015,66400,1328,239,0,0,0,64833,INR,PROCESSED,2026-07-04T15:45:02Z,REF-PAY_2D7F8001
SET_490CA456,MERCH_015,627100,12542,2257,0,0,0,612301,INR,PROCESSED,2026-07-14T08:38:40Z,REF-PAY_44275E35
SET_94810462,MERCH_044,1340500,26810,4825,0,0,0,1308865,INR,PROCESSED,2026-08-18T08:32:52Z,REF-PAY_354F0FB4
SET_856A5489,MERCH_031,167100,3342,601,0,0,0,163157,INR,PROCESSED,2026-07-14T15:55:28Z,REF-PAY_80C35396
SET_5CE99BD2,MERCH_025,899300,17986,3237,0,0,0,878077,INR,PROCESSED,2026-07-22T15:48:16Z,REF-PAY_0704C4C5
SET_302D5B1A,MERCH_038,715300,14306,2575,0,0,0,698419,INR,PROCESSED,2026-09-03T12:40:57Z,REF-PAY_DE8C4284
SET_049E8494,MERCH_044,1936600,38732,6971,0,0,0,1890897,INR,PROCESSED,2026-08-26T07:17:15Z,REF-PAY_94EAECA8
SET_70490381,MERCH_008,1177400,23548,4238,0,1177400,0,-27786,INR,PROCESSED,2026-08-21T03:37:29Z,REF-PAY_702AF257
SET_859D6843,MERCH_028,221100,4422,795,0,0,0,215883,INR,PROCESSED,2026-07-19T14:55:45Z,REF-PAY_4A67B0FC
SET_5E46D84A,MERCH_015,461500,9230,1661,0,0,0,450609,INR,PROCESSED,2026-07-05T15:53:36Z,REF-PAY_5E6A2CB9
SET_99F7C568,MERCH_023,41200,824,148,0,41200,0,-972,INR,PROCESSED,2026-07-10T00:46:31Z,REF-PAY_269A9866
SET_0027B9B1,MERCH_005,1149700,22994,4138,0,0,0,1122568,INR,PROCESSED,2026-08-19T20:50:38Z,REF-PAY_17E42E46-TYPO
SET_7B0C1722,MERCH_021,60600,1212,218,0,0,0,59170,INR,PROCESSED,2026-07-10T18:26:01Z,REF-PAY_B9902727
SET_346E6A98,MERCH_019,181000,3620,651,0,0,0,176729,INR,PROCESSED,2026-08-01T00:18:09Z,REF-PAY_37551BD9
SET_33ED6483,MERCH_044,1599000,31980,5756,0,0,0,1561264,INR,PROCESSED,2026-07-24T13:54:21Z,REF-PAY_53A93596
SET_6D471C0E,MERCH_048,138400,2768,498,0,0,0,135134,INR,PROCESSED,2026-07-18T06:04:26Z,REF-PAY_52D37C2F
SET_BDA09EA8,MERCH_041,428000,8560,1540,0,0,0,405900,INR,PROCESSED,2026-08-11T23:09:12Z,REF-PAY_9A4461EC
SET_405B217C,MERCH_033,1952700,39054,7029,0,0,0,1857717,INR,PROCESSED,2026-08-08T00:38:02Z,REF-PAY_5A956FD7
SET_9D97F632,MERCH_016,1598700,31974,5755,0,0,0,1560971,INR,PROCESSED,2026-08-16T05:24:49Z,REF-PAY_5870EEFE
SET_0DE6F81F,MERCH_031,192900,3858,694,0,0,0,188348,INR,PROCESSED,2026-07-09T07:26:19Z,REF-PAY_73F011F4
SET_7C018B54,MERCH_013,292700,5854,1053,0,0,0,285793,INR,PROCESSED,2026-08-26T01:29:07Z,REF-PAY_3295C3DA
SET_A446C3A1,MERCH_013,585000,11700,2106,0,0,0,522694,INR,PROCESSED,2026-07-07T20:32:01Z,REF-PAY_43309003
SET_58B0F17F,MERCH_032,945300,18906,3403,0,945300,0,-22309,INR,PROCESSED,2026-08-05T18:48:39Z,REF-PAY_0CAFB863
SET_2C805AF7,MERCH_043,1050200,21004,3780,0,0,0,1025416,INR,PROCESSED,2026-07-24T14:36:32Z,REF-PAY_7E4B73E8
SET_3A5F2150,MERCH_026,803100,16062,2891,401550,0,0,382597,INR,PROCESSED,2026-07-21T20:03:46Z,REF-PAY_D22E4EE3
SET_2CC96F6A,MERCH_012,375400,7508,1351,0,0,0,340841,INR,PROCESSED,2026-08-15T01:58:43Z,REF-PAY_2F243D9A
SET_88D0F388,MERCH_034,1930600,38612,6950,0,0,0,1885038,INR,PROCESSED,2026-08-07T00:28:41Z,REF-PAY_B5E957E9
SET_C21A7F60,MERCH_019,356100,7122,1281,0,0,0,347697,INR,PROCESSED,2026-08-10T03:05:57Z,REF-PAY_333920AE
SET_313EA185,MERCH_015,586900,11738,2112,0,0,0,573050,INR,PROCESSED,2026-07-21T23:00:03Z,REF-PAY_06F15D48
SET_273FDF4A,MERCH_037,1830600,36612,6590,0,0,0,1787398,INR,PROCESSED,2026-07-15T03:38:44Z,REF-PAY_0CD38F5B-TYPO
SET_73FF4C23,MERCH_033,971500,19430,3497,0,0,0,948573,INR,PROCESSED,2026-07-14T07:35:26Z,REF-PAY_BC7572E8
SET_64C2D695,MERCH_028,1221200,24424,4396,0,0,0,1143880,INR,PROCESSED,2026-08-28T08:27:48Z,REF-PAY_487E1407
SET_1FE715E3,MERCH_036,1968400,39368,7086,0,0,0,1910046,INR,PROCESSED,2026-08-15T10:32:44Z,REF-PAY_381873D2
SET_A20331DA,MERCH_016,854600,17092,3076,0,0,0,834482,INR,PROCESSED,2026-07-28T18:42:39Z,REF-PAY_E07DA16A
SET_3E726096,MERCH_038,90600,1812,326,0,0,0,88462,INR,PROCESSED,2026-08-22T14:13:16Z,REF-PAY_E79D364A
SET_268D29A6,MERCH_022,676800,13536,2436,0,0,0,660828,INR,PROCESSED,2026-08-27T17:49:18Z,REF-PAY_B1E98A72
SET_0DCB8478,MERCH_028,1645200,32904,5922,0,0,0,1606374,INR,PROCESSED,2026-07-25T21:56:08Z,REF-PAY_6B6AEBF3
SET_CD019828,MERCH_007,1538700,30774,5539,0,0,0,1502387,INR,PROCESSED,2026-08-19T18:05:07Z,REF-PAY_FDC8B48C
SET_0B026A50,MERCH_017,98100,1962,353,0,0,0,95785,INR,PROCESSED,2026-07-06T15:26:56Z,REF-PAY_0C7B3FF5
SET_71B94689,MERCH_002,880600,17612,3170,0,880600,0,-20782,INR,PROCESSED,2026-08-06T05:20:16Z,REF-PAY_E84FD346
SET_171E3667,MERCH_004,297100,5942,1069,0,0,0,290089,INR,PROCESSED,2026-07-16T19:35:45Z,REF-PAY_BDF0F602
SET_9D2B89C9,MERCH_031,1565700,31314,5636,0,0,0,1528750,INR,PROCESSED,2026-07-29T14:24:07Z,REF-PAY_9EC69C83
SET_F32ADB3E,MERCH_049,606600,12132,2183,0,0,0,592285,INR,PROCESSED,2026-07-21T21:00:35Z,REF-PAY_5CCA6AAC
SET_E10CEA86,MERCH_037,1042100,20842,3751,0,0,0,1017507,INR,PROCESSED,2026-07-31T11:23:26Z,REF-PAY_32C9C818
SET_27AC2BCA,MERCH_048,1208800,24176,4351,0,0,0,1180273,INR,PROCESSED,2026-07-16T10:56:32Z,REF-PAY_951695BD
SET_D4277FBF,MERCH_034,718100,14362,2585,0,0,0,701153,INR,PROCESSED,2026-08-23T21:10:30Z,REF-PAY_C29933B2
SET_CBB6E13D,MERCH_043,1602800,32056,5770,0,0,0,1564974,INR,PROCESSED,2026-07-26T09:20:36Z,REF-PAY_791F51A9
SET_372F1D0F,MERCH_016,1538700,30774,5539,0,0,0,1502387,INR,PROCESSED,2026-07-23T16:32:14Z,REF-PAY_1E13BF41
SET_9479617F,MERCH_005,391700,7834,1410,0,0,0,382456,INR,PROCESSED,2026-07-03T08:03:53Z,REF-PAY_64C4F3E0
SET_A3F27C3A,MERCH_047,320900,6418,1155,0,0,0,313327,INR,PROCESSED,2026-07-03T12:17:22Z,REF-PAY_8357A8B3
SET_41F781F9,MERCH_005,1713200,34264,6167,0,0,0,1672669,INR,PROCESSED,2026-08-14T20:41:44Z,REF-PAY_CCF4C599
SET_4BDECC51,MERCH_002,30000000,600000,108000,0,0,0,29292000,INR,PROCESSED,2026-08-10T22:25:13Z,SETTLE-MERCH_002-HV
SET_4358E4FB,MERCH_007,781000,15620,2811,0,0,0,762569,INR,PROCESSED,2026-07-23T19:00:40Z,REF-PAY_CA744096
SET_8D78B742,MERCH_028,279700,5594,1006,0,279700,0,-6600,INR,PROCESSED,2026-08-15T07:26:32Z,REF-PAY_CC60AE8B
SET_522DF7C0,MERCH_031,1935000,38700,6966,0,0,0,1889334,INR,PROCESSED,2026-08-20T06:50:40Z,REF-PAY_A48336F6-TYPO
SET_EF83024C,MERCH_013,1408500,28170,5070,0,0,0,1375260,INR,PROCESSED,2026-09-01T23:01:58Z,REF-PAY_45D9DA6E
SET_8C5A46E7,MERCH_031,444600,8892,1600,0,0,0,434108,INR,PROCESSED,2026-09-03T03:12:26Z,REF-PAY_6C97001C-TYPO
SET_76E30EAB,MERCH_003,618300,12366,2225,0,0,0,603709,INR,PROCESSED,2026-08-25T01:52:15Z,REF-PAY_19EFE76C
SET_C18A22F3,MERCH_023,1658900,33178,5972,0,0,0,1619750,INR,PROCESSED,2026-07-12T21:01:36Z,REF-PAY_4304E760
SET_2F9997B9,MERCH_031,22600,452,81,0,0,0,22117,INR,PROCESSED,2026-07-07T19:30:37Z,REF-PAY_84D6246F
SET_9857301A,MERCH_022,881900,17638,3174,0,0,0,861088,INR,PROCESSED,2026-07-31T10:06:33Z,REF-PAY_7E5CE5FB-TYPO
SET_F5AE06FA,MERCH_048,30000000,600000,108000,0,0,0,29292000,INR,PROCESSED,2026-07-28T18:28:14Z,SETTLE-MERCH_048-HV
SET_967815D9,MERCH_014,1211800,24236,4362,0,0,0,1183202,INR,PROCESSED,2026-08-05T12:52:33Z,REF-PAY_127FFA28
SET_48473994,MERCH_036,135800,2716,488,0,0,0,132596,INR,PROCESSED,2026-08-26T23:29:04Z,REF-PAY_47FCB91D
SET_8FAB8FD1,MERCH_029,1669700,33394,6010,0,0,0,1630296,INR,PROCESSED,2026-09-01T14:41:23Z,REF-PAY_4BC35939
SET_08AE3484,MERCH_016,601900,12038,2166,0,0,0,558796,INR,PROCESSED,2026-08-19T20:30:14Z,REF-PAY_D91D1289
SET_59E89933,MERCH_032,1490200,29804,5364,0,0,0,1454932,INR,PROCESSED,2026-08-18T17:10:21Z,REF-PAY_612559BB
SET_27D18312,MERCH_045,666000,13320,2397,0,666000,0,-15717,INR,PROCESSED,2026-07-13T00:30:18Z,REF-PAY_235B9A3B
SET_58ED971C,MERCH_012,30100,602,108,0,0,0,29390,INR,PROCESSED,2026-07-17T18:04:29Z,REF-PAY_031592F7
SET_23A182A6,MERCH_019,1618100,32362,5825,0,0,0,1579913,INR,PROCESSED,2026-07-10T10:09:21Z,REF-PAY_33A0E717
SET_77A04CEF,MERCH_033,117600,2352,423,0,0,0,114825,INR,PROCESSED,2026-07-27T03:21:06Z,REF-PAY_39B66073
SET_647BA35D,MERCH_012,564100,11282,2030,0,0,0,550788,INR,PROCESSED,2026-07-15T20:08:52Z,REF-PAY_8585062E
SET_8E661311,MERCH_020,563400,11268,2028,0,0,0,550104,INR,PROCESSED,2026-07-27T13:00:44Z,REF-PAY_E666C52F
SET_E5BE097B,MERCH_010,1877200,37544,6757,938600,0,0,894299,INR,PROCESSED,2026-09-01T13:39:06Z,REF-PAY_6600115C
SET_F3AD80FC,MERCH_039,824100,16482,2966,0,0,0,804652,INR,PROCESSED,2026-07-08T13:58:18Z,REF-PAY_A4174A06-TYPO
SET_CE500EE3,MERCH_032,189300,3786,681,0,0,0,184833,INR,PROCESSED,2026-08-19T19:08:51Z,REF-PAY_1DD3CA71
SET_F120F995,MERCH_010,1938800,38776,6979,0,0,0,1893045,INR,PROCESSED,2026-07-09T17:41:13Z,REF-PAY_A8F3FDCB-TYPO
SET_8BADC5D7,MERCH_010,1886000,37720,6789,0,0,0,1841491,INR,PROCESSED,2026-07-21T05:42:02Z,REF-PAY_D233EF19
SET_5198A027,MERCH_028,1628000,32560,5860,0,0,0,1589580,INR,PROCESSED,2026-08-31T19:30:18Z,REF-PAY_7F54F9E2
SET_E3A52643,MERCH_027,1827600,36552,6579,0,0,0,1784469,INR,PROCESSED,2026-08-08T19:35:28Z,REF-PAY_F1A2685A
SET_579AABD9,MERCH_036,1716800,34336,6180,0,0,0,1630584,INR,PROCESSED,2026-08-13T23:32:33Z,REF-PAY_D6D6BBFB
SET_64E8B9F9,MERCH_014,959200,19184,3453,0,0,0,936563,INR,PROCESSED,2026-07-05T11:46:34Z,REF-PAY_B191A421
SET_6930D4B7,MERCH_006,1666700,33334,6000,0,0,0,1627366,INR,PROCESSED,2026-09-07T18:39:55Z,REF-PAY_C24D543D
SET_64E67222,MERCH_024,351200,7024,1264,0,0,0,342912,INR,PROCESSED,2026-08-09T10:48:34Z,REF-PAY_1A26D4DB
SET_AD974F6F,MERCH_034,1075100,21502,3870,0,0,0,1049728,INR,PROCESSED,2026-07-26T19:59:29Z,REF-PAY_CE7B78D5
SET_5350F4E9,MERCH_037,238900,4778,860,0,0,0,233262,INR,PROCESSED,2026-07-21T06:17:42Z,REF-PAY_F5B32603
SET_D5C9B01D,MERCH_022,911400,18228,3281,0,0,0,889891,INR,PROCESSED,2026-08-27T01:50:26Z,REF-PAY_D8DA8502
SET_5D9D7AB4,MERCH_005,944900,18898,3401,0,0,0,922601,INR,PROCESSED,2026-07-07T20:18:07Z,REF-PAY_26765048
SET_377E02E7,MERCH_025,967900,19358,3484,0,0,0,944958,INR,PROCESSED,2026-07-24T05:38:42Z,REF-PAY_ED59BB97
SET_30A70B4B,MERCH_047,1909700,38194,6874,954850,0,0,909782,INR,PROCESSED,2026-07-09T12:16:41Z,REF-PAY_6D254C78
SET_F0D87446,MERCH_016,605500,12110,2179,0,0,0,591111,INR,PROCESSED,2026-08-07T20:21:56Z,REF-PAY_2A277F71
SET_C7E31247,MERCH_016,47600,952,171,0,0,0,46477,INR,PROCESSED,2026-08-09T15:21:58Z,REF-PAY_7633BA24
SET_1DAB4F75,MERCH_036,1189500,23790,4282,0,0,0,1161328,INR,PROCESSED,2026-08-20T04:31:39Z,REF-PAY_F2E78716
SET_BA4480B7,MERCH_025,1689000,33780,6080,0,0,0,1649140,INR,PROCESSED,2026-08-15T04:46:52Z,REF-PAY_3631E157
SET_E04A72AE,MERCH_037,1961300,39226,7060,0,0,0,1915014,INR,PROCESSED,2026-07-26T11:54:53Z,REF-PAY_97333628
SET_06D3F6BA,MERCH_048,508200,10164,1829,0,0,0,496207,INR,PROCESSED,2026-07-28T15:24:08Z,SETTLE-MERCH_048-BULK
SET_2BA0DC78,MERCH_047,1451400,29028,5225,0,0,0,1417147,INR,PROCESSED,2026-08-21T08:11:30Z,REF-PAY_E3534F71
SET_43C3C38C,MERCH_035,781400,15628,2813,0,0,0,763009,INR,PROCESSED,2026-08-20T01:16:52Z,REF-PAY_5C357BB6
SET_81C1F11B,MERCH_019,728700,14574,2623,0,0,0,711503,INR,PROCESSED,2026-07-20T14:08:15Z,REF-PAY_23C403CF
SET_EBB145AA,MERCH_022,283400,5668,1020,0,0,0,276712,INR,PROCESSED,2026-08-01T06:42:36Z,REF-PAY_72FC71D5
SET_4843241A,MERCH_049,1270700,25414,4574,0,0,0,1240612,INR,PROCESSED,2026-07-25T23:48:25Z,REF-PAY_1DED32E1
SET_8E171199,MERCH_017,865400,17308,3115,0,0,0,834877,INR,PROCESSED,2026-07-27T01:16:28Z,REF-PAY_C8CB20EF
SET_D13806A9,MERCH_039,1272200,25444,4579,0,0,0,1242177,INR,PROCESSED,2026-07-22T09:06:55Z,REF-PAY_31D7B77A
SET_D29C2412,MERCH_007,212800,4256,766,0,0,0,207778,INR,PROCESSED,2026-07-16T05:04:22Z,REF-PAY_3D3D713E
SET_BD89DBC4,MERCH_035,1062700,21254,3825,0,0,0,1037621,INR,PROCESSED,2026-08-07T05:34:10Z,REF-PAY_9E4368DB
SET_089E37BE,MERCH_024,1228400,24568,4422,0,0,0,1199410,INR,PROCESSED,2026-08-09T14:26:16Z,REF-PAY_FDB54F6B
SET_91203D4A,MERCH_001,1652200,33044,5947,826100,0,0,787109,INR,PROCESSED,2026-08-13T01:38:50Z,REF-PAY_C417BD05
SET_A76B9790,MERCH_021,1261400,25228,4541,0,0,0,1231631,INR,PROCESSED,2026-09-01T01:40:08Z,REF-PAY_9582ADD7
SET_7B2898D8,MERCH_030,725100,14502,2610,0,0,0,707988,INR,PROCESSED,2026-08-13T21:43:30Z,REF-PAY_281C2D6F
SET_FE93ADB9,MERCH_031,1244200,24884,4479,0,0,0,1214837,INR,PROCESSED,2026-08-21T16:52:24Z,REF-PAY_B04A0EDA
SET_C015471F,MERCH_036,24900,498,89,0,0,0,24363,INR,PROCESSED,2026-08-30T06:22:04Z,REF-PAY_AF2F820E
SET_E76FF616,MERCH_026,550200,11004,1980,0,0,0,537216,INR,PROCESSED,2026-07-03T03:20:05Z,REF-PAY_E8E40A24
SET_495E43A6,MERCH_003,1104700,22094,3976,0,0,0,1078630,INR,PROCESSED,2026-09-01T12:45:33Z,REF-PAY_7202586A
SET_FDB8B5D6,MERCH_039,1119900,22398,4031,0,0,0,1093471,INR,PROCESSED,2026-07-11T22:32:12Z,REF-PAY_6CB44BEC
SET_D79273A9,MERCH_015,1894100,37882,6818,947050,0,0,902350,INR,PROCESSED,2026-08-22T22:43:04Z,REF-PAY_A7781B83
SET_B24F386C,MERCH_039,896500,17930,3227,0,0,0,875343,INR,PROCESSED,2026-07-07T08:01:16Z,REF-PAY_98FBA54F
SET_EDFF475F,MERCH_015,779500,15590,2806,0,0,0,761104,INR,PROCESSED,2026-07-07T14:11:39Z,REF-PAY_E4FC51EE
SET_42A30147,MERCH_049,1587700,31754,5715,0,0,0,1550231,INR,PROCESSED,2026-08-06T21:25:40Z,REF-PAY_FA043324
SET_B5863267,MERCH_024,881300,17626,3172,0,0,0,860552,INR,PROCESSED,2026-07-18T11:15:50Z,REF-PAY_2E70F6AF
SET_BCA850BA,MERCH_023,1453000,29060,5230,726500,0,0,692210,INR,PROCESSED,2026-08-02T08:54:35Z,REF-PAY_5FF20A79
SET_1823658B,MERCH_001,912700,18254,3285,0,0,0,891161,INR,PROCESSED,2026-08-24T19:08:18Z,REF-PAY_471A2803-TYPO
SET_DD274591,MERCH_027,458300,9166,1649,0,0,0,447485,INR,PROCESSED,2026-08-11T18:26:48Z,REF-PAY_FC5BF19E
SET_350B26D8,MERCH_029,1847000,36940,6649,0,0,0,1803411,INR,PROCESSED,2026-08-24T01:02:24Z,REF-PAY_A071C736
SET_C11BF84B,MERCH_012,337000,6740,1213,0,0,0,329047,INR,PROCESSED,2026-08-31T12:50:57Z,REF-PAY_C1F87759
SET_8A5D4F65,MERCH_044,429500,8590,1546,0,0,0,419364,INR,PROCESSED,2026-07-25T17:43:49Z,REF-PAY_E8E11B64
SET_4EAC4C14,MERCH_049,485200,9704,1746,0,0,0,473750,INR,PROCESSED,2026-07-11T19:52:16Z,REF-PAY_5AA4076D
SET_35ED6E9A,MERCH_004,181700,3634,654,0,0,0,177412,INR,PROCESSED,2026-07-30T07:31:38Z,REF-PAY_5DE46BF1
SET_B358C581,MERCH_045,412000,8240,1483,0,0,0,402277,INR,PROCESSED,2026-08-05T07:35:30Z,REF-PAY_E2EB0573
SET_110C189D,MERCH_042,1591600,31832,5729,0,1591600,0,-37561,INR,PROCESSED,2026-08-17T07:53:52Z,REF-PAY_92CBE63E
SET_065C4DE3,MERCH_034,158400,3168,570,0,0,0,154662,INR,PROCESSED,2026-07-12T01:57:49Z,REF-PAY_AEDC281E
SET_2142A747,MERCH_002,281100,5622,1011,0,0,0,274467,INR,PROCESSED,2026-07-28T08:44:22Z,REF-PAY_AEE7AE6F-TYPO
SET_0773DD3F,MERCH_041,1241800,24836,4470,0,0,0,1212494,INR,PROCESSED,2026-08-26T10:11:36Z,REF-PAY_312F6C58
SET_B72E46BC,MERCH_035,1616200,32324,5818,0,0,0,1578108,INR,PROCESSED,2026-07-16T20:58:36Z,REF-PAY_D017CF95
SET_2E00C8CF,MERCH_018,1209600,24192,4354,0,0,0,1181054,INR,PROCESSED,2026-07-28T13:21:29Z,REF-PAY_4A4780F3
SET_86555EBF,MERCH_032,1504600,30092,5416,0,0,0,1469092,INR,PROCESSED,2026-07-30T18:06:53Z,REF-PAY_AA233D60
SET_7D1C5AE7,MERCH_006,48800,976,175,0,0,0,47649,INR,PROCESSED,2026-07-23T14:01:17Z,REF-PAY_EE31B1B9
SET_012DA0B8,MERCH_021,1865300,37306,6715,0,0,0,1821279,INR,PROCESSED,2026-07-15T16:31:32Z,REF-PAY_F3FCDEAC
SET_89A85203,MERCH_007,1015500,20310,3655,0,0,0,991535,INR,PROCESSED,2026-07-17T07:17:31Z,REF-PAY_DBAA6709
SET_22444D30,MERCH_023,1079000,21580,3884,0,1079000,0,-25464,INR,PROCESSED,2026-08-17T06:31:08Z,REF-PAY_ED4EF117
SET_72EB6047,MERCH_006,1217500,24350,4383,0,0,0,1188767,INR,PROCESSED,2026-07-16T12:06:42Z,REF-PAY_06E59955
SET_AE59A9E3,MERCH_020,1772000,35440,6379,886000,0,0,844181,INR,PROCESSED,2026-07-21T08:17:33Z,REF-PAY_8F002C55
SET_36542F44,MERCH_049,447200,8944,1609,0,0,0,436647,INR,PROCESSED,2026-09-02T18:16:48Z,REF-PAY_DEA11F7C
SET_4EC5FCDA,MERCH_035,1495900,29918,5385,0,1495900,0,-35303,INR,PROCESSED,2026-08-28T22:35:13Z,REF-PAY_D22CBB5C
SET_87439F7A,MERCH_038,324800,6496,1169,0,0,0,317135,INR,PROCESSED,2026-08-20T10:38:31Z,REF-PAY_83E0A144
SET_1C70EBEB,MERCH_047,1424400,28488,5127,0,0,0,1390785,INR,PROCESSED,2026-07-20T13:02:47Z,REF-PAY_500ECF4A
SET_2DA855AA,MERCH_036,97200,1944,349,0,0,0,94907,INR,PROCESSED,2026-08-30T10:52:55Z,REF-PAY_EC72E2FC
SET_48FBF36E,MERCH_044,423600,8472,1524,0,0,0,413604,INR,PROCESSED,2026-07-22T04:08:43Z,REF-PAY_25ACB6DD
SET_ACE27319,MERCH_023,1731800,34636,6234,0,0,0,1678830,INR,PROCESSED,2026-08-22T22:37:18Z,REF-PAY_8DADD7F6
SET_597E08CB,MERCH_035,1834200,36684,6603,0,0,0,1790913,INR,PROCESSED,2026-07-26T22:56:49Z,REF-PAY_C5FEA6F0
SET_AF70C3DC,MERCH_019,649300,12986,2337,0,0,0,633977,INR,PROCESSED,2026-08-24T14:32:56Z,REF-PAY_58CD5777
SET_8EF0510D,MERCH_024,1360300,27206,4897,0,0,0,1328197,INR,PROCESSED,2026-08-19T07:31:05Z,REF-PAY_788C284A
SET_A0E296C1,MERCH_016,142500,2850,513,0,0,0,95237,INR,PROCESSED,2026-07-15T14:40:14Z,REF-PAY_54207665
SET_102CA818,MERCH_045,1712500,34250,6165,0,0,0,1672085,INR,PROCESSED,2026-08-03T23:30:20Z,REF-PAY_2CF73948
SET_191F9852,MERCH_029,978900,19578,3524,0,0,0,955798,INR,PROCESSED,2026-07-22T16:31:41Z,REF-PAY_86183B54
SET_4B29231F,MERCH_011,1795500,35910,6463,0,0,0,1753127,INR,PROCESSED,2026-08-04T09:23:50Z,REF-PAY_1633AC2F
SET_1B404DD5,MERCH_010,1813200,36264,6527,0,0,0,1770409,INR,PROCESSED,2026-08-23T08:38:58Z,REF-PAY_C97F905E
SET_BA0A82E0,MERCH_046,273900,5478,986,0,0,0,267436,INR,PROCESSED,2026-08-20T09:44:54Z,REF-PAY_B7F625F8
SET_E87EF35C,MERCH_001,163500,3270,588,0,0,0,140442,INR,PROCESSED,2026-08-23T16:23:48Z,REF-PAY_E3130593
SET_729D3FA7,MERCH_037,1560100,31202,5616,0,0,0,1523282,INR,PROCESSED,2026-08-28T08:49:31Z,REF-PAY_6008A9C5-TYPO
SET_3364355E,MERCH_012,157300,3146,566,0,0,0,153588,INR,PROCESSED,2026-07-11T14:22:24Z,REF-PAY_BF290909
SET_FA8E296F,MERCH_021,668000,13360,2404,0,0,0,652236,INR,PROCESSED,2026-09-03T12:14:07Z,REF-PAY_9FEA5215
SET_C8E0FE18,MERCH_008,1869300,37386,6729,0,0,0,1825185,INR,PROCESSED,2026-07-30T00:54:09Z,REF-PAY_F435E8FA
SET_E1505A23,MERCH_047,166700,3334,600,0,0,0,162766,INR,PROCESSED,2026-08-07T01:57:17Z,REF-PAY_CC8DEC93
SET_F5A3FAB8,MERCH_029,1593800,31876,5737,0,0,0,1556187,INR,PROCESSED,2026-08-14T05:43:07Z,REF-PAY_FE258032
SET_F782D15D,MERCH_022,1972300,39446,7100,0,0,0,1925754,INR,PROCESSED,2026-07-28T06:53:48Z,REF-PAY_C0C93796
SET_4E5931BB,MERCH_019,975000,19500,3510,0,0,0,924790,INR,PROCESSED,2026-08-10T13:47:00Z,REF-PAY_D40206C5
SET_857F7312,MERCH_032,235100,4702,846,0,0,0,229602,INR,PROCESSED,2026-07-26T13:23:02Z,REF-PAY_005C9410
SET_6E53C1D5,MERCH_029,388600,7772,1398,0,0,0,379430,INR,PROCESSED,2026-09-01T04:53:19Z,REF-PAY_632892D9
SET_980517B1,MERCH_006,1090000,21800,3924,0,0,0,1064276,INR,PROCESSED,2026-07-28T00:25:45Z,SETTLE-MERCH_006-BULK
SET_15EE4820,MERCH_028,307500,6150,1107,0,0,0,300243,INR,PROCESSED,2026-08-10T20:51:43Z,REF-PAY_7597DA20
SET_40B37799,MERCH_043,686700,13734,2472,0,0,0,670494,INR,PROCESSED,2026-07-08T20:45:58Z,REF-PAY_71054632
SET_BCCB55FA,MERCH_001,1303700,26074,4693,0,0,0,1272933,INR,PROCESSED,2026-08-18T06:12:12Z,REF-PAY_5B894A27
SET_FF59104B,MERCH_042,1780000,35600,6408,0,0,0,1737992,INR,PROCESSED,2026-08-16T04:22:46Z,REF-PAY_77E1BE6E
SET_C518DAFD,MERCH_017,1943000,38860,6994,0,0,0,1897046,INR,PROCESSED,2026-07-11T22:03:02Z,REF-PAY_D78E31CA
SET_4E6478A2,MERCH_002,1453100,29062,5231,0,0,0,1418807,INR,PROCESSED,2026-08-13T12:55:20Z,REF-PAY_C0F0C285
SET_F2C3CE1B,MERCH_006,1845500,36910,6643,0,0,0,1801947,INR,PROCESSED,2026-08-01T21:46:16Z,REF-PAY_323D26DA-TYPO
SET_0323879C,MERCH_031,78100,1562,281,0,0,0,42257,INR,PROCESSED,2026-07-18T07:29:42Z,REF-PAY_2D57BA64
SET_E875EF22,MERCH_041,42600,852,153,0,42600,0,-1005,INR,PROCESSED,2026-07-27T02:55:37Z,REF-PAY_8408A93F
SET_277C471E,MERCH_040,1171000,23420,4215,0,0,0,1143365,INR,PROCESSED,2026-07-19T20:52:40Z,REF-PAY_FD10F51D
SET_A99EF935,MERCH_005,219400,4388,789,0,0,0,214123,INR,PROCESSED,2026-08-22T09:40:47Z,REF-PAY_CF99B922
SET_DEBFB40F,MERCH_006,885300,17706,3187,0,0,0,864407,INR,PROCESSED,2026-09-03T06:06:27Z,REF-PAY_BA190253
SET_A33287F6,MERCH_012,447100,8942,1609,0,0,0,436549,INR,PROCESSED,2026-08-29T13:01:59Z,REF-PAY_74EEF0C3
SET_DFA0A378,MERCH_019,1156300,23126,4162,0,0,0,1129012,INR,PROCESSED,2026-09-01T02:28:44Z,REF-PAY_D8ADDA96
SET_2A564579,MERCH_038,719400,14388,2589,0,0,0,702423,INR,PROCESSED,2026-07-21T22:14:57Z,REF-PAY_60A03C70
SET_CE4BA11D,MERCH_037,493300,9866,1775,0,0,0,481659,INR,PROCESSED,2026-07-29T01:54:21Z,REF-PAY_110B7892
SET_923302A3,MERCH_005,1129800,22596,4067,0,0,0,1103137,INR,PROCESSED,2026-07-15T07:16:25Z,REF-PAY_6CAAFE4D
SET_FEC5AAD5,MERCH_040,945700,18914,3404,472850,0,0,450532,INR,PROCESSED,2026-08-20T15:39:54Z,REF-PAY_D2F87EE0
SET_0DA6FEC2,MERCH_027,1436200,28724,5170,0,0,0,1402306,INR,PROCESSED,2026-08-28T18:52:14Z,REF-PAY_75049715
SET_28FC03FF,MERCH_027,377400,7548,1358,0,0,0,368494,INR,PROCESSED,2026-08-10T19:56:39Z,REF-PAY_73BB88D9
SET_B0DF7573,MERCH_040,955800,19116,3440,0,955800,0,-22556,INR,PROCESSED,2026-08-15T06:11:54Z,REF-PAY_1266D026
SET_CD17CF3B,MERCH_002,68100,1362,245,0,0,0,66493,INR,PROCESSED,2026-07-17T15:29:33Z,REF-PAY_B8F573B3
SET_916CEEB5,MERCH_011,617300,12346,2222,0,0,0,602732,INR,PROCESSED,2026-07-10T13:02:38Z,REF-PAY_B8E99219-TYPO
SET_57FCD374,MERCH_012,802000,16040,2887,0,0,0,783073,INR,PROCESSED,2026-08-29T10:07:46Z,REF-PAY_76C754FD
SET_BE6F87E9,MERCH_012,553700,11074,1993,0,0,0,540633,INR,PROCESSED,2026-08-05T09:40:23Z,REF-PAY_F036ADFC
SET_497F8E10,MERCH_025,1929600,38592,6946,0,0,0,1884062,INR,PROCESSED,2026-07-25T02:59:53Z,REF-PAY_C00C8DCB
SET_27D397C4,MERCH_042,1870400,37408,6733,0,0,0,1826259,INR,PROCESSED,2026-07-31T01:38:31Z,REF-PAY_E194EC8E
SET_940A65A4,MERCH_004,235300,4706,847,0,0,0,229747,INR,PROCESSED,2026-08-25T18:08:36Z,SETTLE-MERCH_004-BULK
SET_DB21E4F4,MERCH_020,552500,11050,1989,0,0,0,519261,INR,PROCESSED,2026-07-21T14:42:17Z,REF-PAY_FE6BCE0D
SET_8495C1BF,MERCH_010,1555000,31100,5598,0,0,0,1518302,INR,PROCESSED,2026-08-28T12:03:10Z,REF-PAY_3C9E9420-TYPO
SET_00AA4846,MERCH_032,490600,9812,1766,0,0,0,479022,INR,PROCESSED,2026-08-05T21:19:54Z,REF-PAY_4B0A5584
SET_1741189E,MERCH_037,1425200,28504,5130,0,0,0,1391566,INR,PROCESSED,2026-09-03T12:38:54Z,REF-PAY_256E4ED4
SET_2459AF83,MERCH_049,60300,1206,217,0,0,0,58877,INR,PROCESSED,2026-08-22T00:32:10Z,REF-PAY_07DAB685
SET_029D51C6,MERCH_017,1257400,25148,4526,0,0,0,1202126,INR,PROCESSED,2026-07-03T03:41:15Z,REF-PAY_0315209F
SET_EB68E158,MERCH_029,1587000,31740,5713,0,0,0,1549547,INR,PROCESSED,2026-08-07T21:48:58Z,REF-PAY_C108FFD2
SET_D55EEABB,MERCH_033,687200,13744,2473,0,0,0,670983,INR,PROCESSED,2026-07-14T06:19:25Z,REF-PAY_F136F813
SET_BB309F35,MERCH_044,1517100,30342,5461,0,0,0,1481297,INR,PROCESSED,2026-07-16T18:22:14Z,REF-PAY_E2887573
SET_CF5D3B47,MERCH_012,141400,2828,509,0,0,0,138063,INR,PROCESSED,2026-07-26T14:42:26Z,SETTLE-MERCH_012-BULK
SET_D75E9056,MERCH_037,778600,15572,2802,0,0,0,760226,INR,PROCESSED,2026-08-03T19:55:17Z,REF-PAY_5179C613
SET_4AF85E38,MERCH_014,12200,244,43,0,0,0,11913,INR,PROCESSED,2026-07-04T02:36:03Z,REF-PAY_E8F6923E
SET_46BD18D0,MERCH_040,739500,14790,2662,0,0,0,722048,INR,PROCESSED,2026-08-16T00:36:00Z,REF-PAY_41759750
SET_E82D560D,MERCH_018,362800,7256,1306,0,0,0,354238,INR,PROCESSED,2026-07-24T16:49:12Z,REF-PAY_3AACEC21
SET_B02B87C0,MERCH_024,463000,9260,1666,0,0,0,452074,INR,PROCESSED,2026-07-16T13:19:35Z,REF-PAY_7203A6AA
SET_76A88A2A,MERCH_038,196500,3930,707,0,0,0,191863,INR,PROCESSED,2026-09-01T17:56:20Z,REF-PAY_FF3464A1
SET_DC41FCB9,MERCH_027,230300,4606,829,0,0,0,224865,INR,PROCESSED,2026-08-08T16:57:35Z,REF-PAY_93057378
SET_1E16DF3F,MERCH_035,241400,4828,869,0,0,0,235703,INR,PROCESSED,2026-08-31T12:02:11Z,REF-PAY_61F75865
SET_817FFE7C,MERCH_006,1192300,23846,4292,0,0,0,1164162,INR,PROCESSED,2026-08-02T06:13:51Z,REF-PAY_2A9830FE
SET_B8AF5FE4,MERCH_023,1941200,38824,6988,0,0,0,1895388,INR,PROCESSED,2026-07-28T12:19:14Z,REF-PAY_356BF523
SET_78B21BEA,MERCH_046,1236500,24730,4451,0,0,0,1207219,INR,PROCESSED,2026-08-09T01:18:56Z,REF-PAY_575BD224
SET_D94D424D,MERCH_049,1810600,36212,6518,0,0,0,1767870,INR,PROCESSED,2026-07-05T05:05:46Z,SETTLE-MERCH_049-BULK
SET_54A86C1A,MERCH_013,965000,19300,3474,0,0,0,942226,INR,PROCESSED,2026-07-06T11:00:32Z,REF-PAY_5322E13C
SET_5FA41F34,MERCH_021,992400,19848,3572,0,0,0,968980,INR,PROCESSED,2026-08-27T01:06:38Z,REF-PAY_E4627FDC
SET_97A1CFAC,MERCH_018,278600,5572,1002,0,0,0,272076,INR,PROCESSED,2026-07-14T19:03:04Z,REF-PAY_6C6756BB
SET_9570F669,MERCH_041,1502900,30058,5410,0,0,0,1467432,INR,PROCESSED,2026-08-03T00:28:10Z,REF-PAY_58F85AD4
SET_70B4073E,MERCH_027,529400,10588,1905,0,0,0,516907,INR,PROCESSED,2026-07-06T05:07:22Z,SETTLE-MERCH_027-BULK
SET_31ADC565,MERCH_045,94400,1888,339,0,0,0,92173,INR,PROCESSED,2026-07-17T17:59:09Z,REF-PAY_19022047
SET_01D59E7E,MERCH_018,940600,18812,3386,0,0,0,918402,INR,PROCESSED,2026-07-28T05:31:53Z,REF-PAY_D9C2774D
SET_2170A833,MERCH_001,1376500,27530,4955,0,0,0,1344015,INR,PROCESSED,2026-07-24T12:54:22Z,REF-PAY_2F00C59D-TYPO
SET_F2BAE156,MERCH_014,489100,9782,1760,0,0,0,477558,INR,PROCESSED,2026-09-01T19:43:30Z,REF-PAY_C9F88DF9-TYPO
SET_564BC738,MERCH_003,1551100,31022,5583,0,0,0,1496595,INR,PROCESSED,2026-08-28T09:54:10Z,REF-PAY_6ACB304E
SET_CA01A47F,MERCH_037,284500,5690,1024,0,0,0,277786,INR,PROCESSED,2026-08-08T10:07:20Z,REF-PAY_BF99DA1D
SET_67AFBAF3,MERCH_037,1036100,20722,3729,518050,0,0,493599,INR,PROCESSED,2026-07-26T17:20:57Z,REF-PAY_3E500E9E
SET_28932393,MERCH_037,560000,11200,2016,0,0,0,499784,INR,PROCESSED,2026-07-31T05:57:25Z,REF-PAY_4A1A5054
SET_B7C1B9B5,MERCH_048,1416600,28332,5099,0,0,0,1383169,INR,PROCESSED,2026-08-29T23:19:37Z,REF-PAY_D305A944
SET_69772589,MERCH_017,250600,5012,902,0,0,0,244686,INR,PROCESSED,2026-08-21T04:13:52Z,REF-PAY_15688B8A
SET_7842C7FB,MERCH_018,556100,11122,2001,0,0,0,542977,INR,PROCESSED,2026-08-21T12:35:17Z,SETTLE-MERCH_018-BULK
SET_79784307,MERCH_005,1904000,38080,6854,0,1904000,0,-44934,INR,PROCESSED,2026-08-26T08:18:30Z,REF-PAY_FE518183
SET_25985692,MERCH_020,606100,12122,2181,0,0,0,591797,INR,PROCESSED,2026-08-31T19:37:02Z,SETTLE-MERCH_020-BULK
SET_9E58A821,MERCH_029,1918100,38362,6905,0,0,0,1872883,INR,PROCESSED,2026-07-15T23:34:44Z,REF-PAY_26B78F80
SET_7638F2ED,MERCH_028,326800,6536,1176,0,0,0,319088,INR,PROCESSED,2026-07-26T10:06:15Z,REF-PAY_72C41D57
SET_8A5CA630,MERCH_042,1006500,20130,3623,0,1006500,0,-23753,INR,PROCESSED,2026-08-15T13:50:52Z,REF-PAY_E89059EF
SET_9A5BEFFD,MERCH_011,1520600,30412,5474,0,0,0,1484714,INR,PROCESSED,2026-07-17T16:03:12Z,REF-PAY_7647525D
SET_50BE30F8,MERCH_038,125000,2500,450,0,0,0,122050,INR,PROCESSED,2026-08-05T00:30:55Z,REF-PAY_61CF3468
SET_4C222E36,MERCH_039,422400,8448,1520,0,0,0,412432,INR,PROCESSED,2026-08-12T01:42:43Z,REF-PAY_5CA92A1C
SET_10EA87E5,MERCH_011,1219000,24380,4388,0,0,0,1190232,INR,PROCESSED,2026-07-28T13:14:13Z,REF-PAY_BB4CDA11
SET_221AAA95,MERCH_010,1786900,35738,6432,0,0,0,1744730,INR,PROCESSED,2026-08-20T04:23:22Z,REF-PAY_614ADE5A
SET_BCF945A4,MERCH_009,831800,16636,2994,0,0,0,812170,INR,PROCESSED,2026-08-15T09:41:30Z,REF-PAY_231AF1B6
SET_0DEC08F2,MERCH_049,732000,14640,2635,0,0,0,714725,INR,PROCESSED,2026-08-25T11:53:54Z,REF-PAY_09FACE7A
SET_44BD9F73,MERCH_025,1536700,30734,5532,0,0,0,1500434,INR,PROCESSED,2026-07-30T01:31:17Z,REF-PAY_C18BC63E
SET_CD3F3028,MERCH_046,850800,17016,3062,0,0,0,830722,INR,PROCESSED,2026-07-19T18:57:27Z,REF-PAY_6BFF8AE5
SET_67222E0D,MERCH_013,281700,5634,1014,0,0,0,275052,INR,PROCESSED,2026-07-08T15:19:41Z,REF-PAY_0D445159
SET_33BA2F76,MERCH_008,1921100,38422,6915,0,0,0,1875763,INR,PROCESSED,2026-07-25T14:42:57Z,REF-PAY_3CA6EA4B
SET_EA8841B2,MERCH_025,815300,16306,2935,0,0,0,796059,INR,PROCESSED,2026-07-07T14:39:07Z,REF-PAY_0252C3D6
SET_51B60D60,MERCH_034,1304600,26092,4696,0,1304600,0,-30788,INR,PROCESSED,2026-08-24T19:43:43Z,REF-PAY_A13B1CB0
SET_E426D911,MERCH_009,512700,10254,1845,0,0,0,500601,INR,PROCESSED,2026-08-26T05:50:59Z,REF-PAY_48C7C683
SET_D9448207,MERCH_034,1339800,26796,4823,0,0,0,1308231,INR,PROCESSED,2026-07-11T03:17:33Z,REF-PAY_3C69EA68
SET_4CE9CD1E,MERCH_005,1100400,22008,3961,0,0,0,1074431,INR,PROCESSED,2026-08-03T12:00:45Z,REF-PAY_732E330B
SET_975F2A1B,MERCH_042,334100,6682,1202,0,0,0,326216,INR,PROCESSED,2026-08-20T19:48:54Z,REF-PAY_B4AC002A
SET_3A5ED58D,MERCH_005,1395600,27912,5024,0,0,0,1362664,INR,PROCESSED,2026-07-13T04:50:33Z,REF-PAY_F486F40F
SET_2B072280,MERCH_024,1080900,21618,3891,540450,0,0,514941,INR,PROCESSED,2026-07-31T12:23:56Z,REF-PAY_CFC79D9E
SET_F8D87FED,MERCH_007,385300,7706,1387,0,0,0,376207,INR,PROCESSED,2026-07-10T07:13:34Z,REF-PAY_9C593AD3
SET_5FC8CEAC,MERCH_013,812200,16244,2923,0,0,0,793033,INR,PROCESSED,2026-08-26T05:05:40Z,REF-PAY_2BDEC380
SET_BA73025D,MERCH_017,264600,5292,952,0,0,0,258356,INR,PROCESSED,2026-08-17T18:50:13Z,REF-PAY_A797306F
SET_25573885,MERCH_046,1351900,27038,4866,0,0,0,1299096,INR,PROCESSED,2026-08-31T12:13:10Z,REF-PAY_4ADD9414
SET_0BFD5573,MERCH_001,1329500,26590,4786,0,0,0,1298124,INR,PROCESSED,2026-07-28T10:45:00Z,REF-PAY_D6906AD6
SET_94A8CE76,MERCH_039,386600,7732,1391,0,0,0,377377,INR,PROCESSED,2026-08-25T18:26:28Z,REF-PAY_21EE89EC
SET_338B86D8,MERCH_045,1753800,35076,6313,0,0,0,1712411,INR,PROCESSED,2026-07-14T15:06:18Z,REF-PAY_564017F4
SET_38FE5911,MERCH_022,1771900,35438,6378,0,0,0,1730084,INR,PROCESSED,2026-08-18T20:59:23Z,REF-PAY_E9D06EEC
SET_83F4664F,MERCH_024,60000000,1200000,216000,0,0,0,58584000,INR,PROCESSED,2026-08-26T17:27:25Z,SETTLE-MERCH_024-HV
SET_1D38A2BE,MERCH_031,1991900,39838,7170,0,0,0,1944792,INR,PROCESSED,2026-07-26T07:44:54Z,REF-PAY_9E6A25A3
SET_FA213FA4,MERCH_021,1923600,38472,6924,0,0,0,1878204,INR,PROCESSED,2026-08-22T20:34:09Z,REF-PAY_921934CF
SET_9D1A0185,MERCH_017,15000000,300000,54000,0,0,0,14646000,INR,PROCESSED,2026-07-23T23:48:52Z,SETTLE-MERCH_017-HV
SET_36019973,MERCH_030,1471900,29438,5298,0,0,0,1437164,INR,PROCESSED,2026-08-19T07:01:38Z,REF-PAY_1853800E
SET_AA336DBF,MERCH_046,1106800,22136,3984,0,0,0,1080730,INR,PROCESSED,2026-07-06T00:52:46Z,REF-PAY_6B308923
SET_EC2FEED7,MERCH_012,1492100,29842,5371,0,0,0,1456887,INR,PROCESSED,2026-08-07T05:42:28Z,REF-PAY_921E97C8
SET_160B70B3,MERCH_022,1972900,39458,7102,0,0,0,1878840,INR,PROCESSED,2026-08-18T08:55:17Z,REF-PAY_B7E275B0
SET_B4AFD6C8,MERCH_030,202700,4054,729,0,0,0,186717,INR,PROCESSED,2026-08-24T00:03:39Z,REF-PAY_7BC64C12
SET_588D884D,MERCH_018,289600,5792,1042,0,0,0,282766,INR,PROCESSED,2026-09-03T21:55:13Z,REF-PAY_A343BD48
SET_786BD890,MERCH_006,475000,9500,1710,0,0,0,463790,INR,PROCESSED,2026-08-23T20:32:32Z,REF-PAY_8C429151
SET_0B675E41,MERCH_007,199500,3990,718,0,0,0,160092,INR,PROCESSED,2026-07-15T19:22:02Z,REF-PAY_523749CE
SET_36CCAF7D,MERCH_044,754700,15094,2716,0,0,0,736790,INR,PROCESSED,2026-08-26T15:45:53Z,REF-PAY_509AE2D5
SET_8255BC1F,MERCH_015,1811500,36230,6521,0,0,0,1768749,INR,PROCESSED,2026-08-18T12:48:55Z,REF-PAY_9D2EADAB
SET_8C1F685C,MERCH_027,752200,15044,2707,0,0,0,734449,INR,PROCESSED,2026-07-16T01:21:09Z,REF-PAY_A1D05CD8
SET_2AA255F0,MERCH_022,256300,5126,922,128150,0,0,122102,INR,PROCESSED,2026-08-20T23:16:39Z,REF-PAY_9FC5C7BC
SET_2294AA5A,MERCH_014,1804500,36090,6496,0,0,0,1761914,INR,PROCESSED,2026-07-26T23:03:00Z,REF-PAY_21C9249E
SET_CDADED59,MERCH_032,621600,12432,2237,0,0,0,606931,INR,PROCESSED,2026-08-14T22:05:43Z,REF-PAY_51854C6C
SET_F9BCF39E,MERCH_021,1099000,21980,3956,0,0,0,1045764,INR,PROCESSED,2026-07-26T01:17:52Z,REF-PAY_FA80B010
SET_FFF0AEC7,MERCH_004,516800,10336,1860,0,516800,0,-12196,INR,PROCESSED,2026-07-31T07:32:59Z,REF-PAY_CE0340C6
SET_6705A13D,MERCH_038,1908000,38160,6868,0,0,0,1862972,INR,PROCESSED,2026-08-02T23:13:25Z,REF-PAY_E5C9E59F
SET_B101A87A,MERCH_011,1069600,21392,3850,0,0,0,1044358,INR,PROCESSED,2026-08-25T12:58:30Z,REF-PAY_EA535E8E
SET_F2CB24D4,MERCH_046,880900,17618,3171,0,0,0,860011,INR,PROCESSED,2026-07-19T12:41:23Z,REF-PAY_EC5E193D
SET_2584E50B,MERCH_033,519400,10388,1869,0,0,0,507193,INR,PROCESSED,2026-08-17T16:44:03Z,REF-PAY_C3796665
SET_F9C16F33,MERCH_042,1134800,22696,4085,0,0,0,1108019,INR,PROCESSED,2026-08-08T01:24:45Z,REF-PAY_3466855E
SET_CB96FAE5,MERCH_024,930900,18618,3351,0,0,0,882031,INR,PROCESSED,2026-07-29T10:05:06Z,REF-PAY_0184B8AF
SET_D20B6D2E,MERCH_021,1549100,30982,5576,0,1549100,0,-36558,INR,PROCESSED,2026-07-27T11:48:54Z,REF-PAY_0748DC66
SET_4D6018CE,MERCH_010,1856700,37134,6684,0,0,0,1812882,INR,PROCESSED,2026-07-08T20:44:32Z,REF-PAY_4B14161D
SET_3C2C12CE,MERCH_049,134000,2680,482,0,134000,0,-3162,INR,PROCESSED,2026-07-11T23:40:59Z,REF-PAY_B9531540
SET_2035C76F,MERCH_043,1221700,24434,4398,0,0,0,1192868,INR,PROCESSED,2026-07-23T01:07:32Z,SETTLE-MERCH_043-BULK
SET_689E046E,MERCH_023,1277200,25544,4597,0,0,0,1247059,INR,PROCESSED,2026-09-02T04:09:55Z,REF-PAY_96017849-TYPO
SET_5E956FAB,MERCH_028,1536200,30724,5530,0,0,0,1499946,INR,PROCESSED,2026-08-09T11:49:13Z,REF-PAY_765343A8
SET_78140C4B,MERCH_042,115800,2316,416,0,0,0,113068,INR,PROCESSED,2026-07-11T05:53:49Z,REF-PAY_C29B704F-TYPO
SET_F8951519,MERCH_045,1635000,32700,5886,0,0,0,1596414,INR,PROCESSED,2026-08-26T17:56:12Z,REF-PAY_8C80D62E
SET_C68C505A,MERCH_034,575800,11516,2072,0,0,0,562212,INR,PROCESSED,2026-08-16T15:48:22Z,REF-PAY_E6E88601
SET_BF73C310,MERCH_019,688800,13776,2479,0,0,0,672545,INR,PROCESSED,2026-08-08T04:21:39Z,REF-PAY_21969E60-TYPO
SET_6576CCC9,MERCH_005,870200,17404,3132,0,0,0,803264,INR,PROCESSED,2026-07-17T11:09:26Z,REF-PAY_F9F2C658
SET_C3B94B5E,MERCH_003,217800,4356,784,0,217800,0,-5140,INR,PROCESSED,2026-07-30T19:38:36Z,REF-PAY_2FFE0D10
SET_2BBE912A,MERCH_031,1344600,26892,4840,0,0,0,1292968,INR,PROCESSED,2026-08-12T17:51:45Z,REF-PAY_F644E450
SET_5F85636C,MERCH_045,250000,5000,900,0,0,0,244100,INR,PROCESSED,2026-08-28T12:41:08Z,REF-PAY_4A615C9B
SET_6DD9C331,MERCH_043,154400,3088,555,0,0,0,150757,INR,PROCESSED,2026-07-14T18:14:14Z,REF-PAY_30076DE7
SET_5642202B,MERCH_009,1628700,32574,5863,0,0,0,1590263,INR,PROCESSED,2026-08-15T02:11:15Z,REF-PAY_AF66E276
SET_591D88A8,MERCH_015,476800,9536,1716,0,0,0,465548,INR,PROCESSED,2026-08-22T16:30:34Z,REF-PAY_B3273BE2
SET_A259EDE2,MERCH_019,1607000,32140,5785,0,0,0,1569075,INR,PROCESSED,2026-07-06T17:06:16Z,SETTLE-MERCH_019-BULK
SET_4A9F690D,MERCH_006,863200,17264,3107,0,0,0,841829,INR,PROCESSED,2026-08-05T18:01:35Z,REF-PAY_E9D54706
SET_63660EF7,MERCH_016,1938400,38768,6978,0,0,0,1892704,INR,PROCESSED,2026-08-26T22:48:22Z,REF-PAY_5A5FB737
SET_5A6D469A,MERCH_036,1473700,29474,5305,0,0,0,1438921,INR,PROCESSED,2026-08-20T09:44:11Z,REF-PAY_08B95922-TYPO
SET_71E3DB75,MERCH_043,138100,2762,497,0,0,0,134841,INR,PROCESSED,2026-08-16T09:49:19Z,REF-PAY_EE3E407C
SET_5C8F75F9,MERCH_010,257900,5158,928,0,0,0,251814,INR,PROCESSED,2026-08-09T07:24:06Z,REF-PAY_225B896B
SET_BE6323C6,MERCH_029,1534200,30684,5523,767100,0,0,730893,INR,PROCESSED,2026-08-31T10:42:47Z,REF-PAY_0FA3D9AA
SET_50D014B0,MERCH_012,1226900,24538,4416,0,0,0,1197996,INR,PROCESSED,2026-07-07T17:17:36Z,REF-PAY_3D6842B7
SET_07B1F042,MERCH_024,1562500,31250,5625,0,0,0,1525625,INR,PROCESSED,2026-07-13T04:07:18Z,REF-PAY_8D84E9D0
SET_AF904AF0,MERCH_024,587900,11758,2116,0,0,0,574026,INR,PROCESSED,2026-08-19T09:43:03Z,REF-PAY_13116795
SET_93FA8C67,MERCH_048,1429700,28594,5146,0,0,0,1395960,INR,PROCESSED,2026-08-18T18:06:58Z,REF-PAY_C3AA0C9F
SET_C6851779,MERCH_020,1501000,30020,5403,0,0,0,1465577,INR,PROCESSED,2026-07-10T13:48:13Z,REF-PAY_685F0FA4
SET_C6D65CE1,MERCH_018,1886400,37728,6791,0,0,0,1841881,INR,PROCESSED,2026-08-23T22:31:55Z,REF-PAY_DEF05C1E
SET_90CB3CF6,MERCH_018,1661300,33226,5980,0,0,0,1621994,INR,PROCESSED,2026-08-03T19:50:28Z,REF-PAY_610866C9
SET_CCA6A970,MERCH_036,1835100,36702,6606,0,0,0,1791792,INR,PROCESSED,2026-08-01T04:07:08Z,REF-PAY_2C7C872F
SET_48FECC75,MERCH_040,141900,2838,510,0,0,0,138552,INR,PROCESSED,2026-07-16T07:09:21Z,REF-PAY_FEF94C18
SET_B7027F5A,MERCH_045,265100,5302,954,0,0,0,258844,INR,PROCESSED,2026-08-30T00:53:26Z,REF-PAY_0E565785
SET_33FF2E36,MERCH_049,1931200,38624,6952,0,0,0,1839124,INR,PROCESSED,2026-08-14T06:14:18Z,REF-PAY_217DCAD8
SET_B3BB8AAB,MERCH_039,1887900,37758,6796,0,0,0,1843246,INR,PROCESSED,2026-07-18T00:44:06Z,REF-PAY_8B058D59
SET_32A72E94,MERCH_024,859400,17188,3093,0,0,0,828219,INR,PROCESSED,2026-08-16T04:31:47Z,REF-PAY_1E76692F
SET_0AE3C4C4,MERCH_007,1135700,22714,4088,0,0,0,1108898,INR,PROCESSED,2026-07-08T09:42:17Z,REF-PAY_7C1D94C1
SET_E41E7098,MERCH_027,969300,19386,3489,0,0,0,946425,INR,PROCESSED,2026-07-07T17:57:55Z,REF-PAY_32C450AE
SET_6EDA8265,MERCH_011,1358200,27164,4889,0,0,0,1326147,INR,PROCESSED,2026-08-13T21:44:32Z,REF-PAY_2DB91AB5-TYPO
SET_30E0A094,MERCH_046,363600,7272,1308,0,363600,0,-8580,INR,PROCESSED,2026-08-02T04:52:29Z,REF-PAY_0DA4AB7F
SET_E40A018A,MERCH_037,1795500,35910,6463,0,0,0,1753127,INR,PROCESSED,2026-08-23T13:44:37Z,REF-PAY_6CF0291C
SET_4B7E752C,MERCH_046,1754700,35094,6316,0,0,0,1713290,INR,PROCESSED,2026-09-03T03:56:01Z,REF-PAY_DDFAA4A7
SET_34F6C93C,MERCH_016,1423400,28468,5124,0,0,0,1389808,INR,PROCESSED,2026-08-30T19:45:15Z,REF-PAY_74EEEF90
SET_5C8A2943,MERCH_016,473200,9464,1703,0,0,0,462033,INR,PROCESSED,2026-08-25T06:36:31Z,REF-PAY_6B402771
SET_485213F0,MERCH_006,1966400,39328,7079,0,0,0,1919993,INR,PROCESSED,2026-07-27T16:56:40Z,REF-PAY_2BE17D12
SET_CD6CB72E,MERCH_010,940300,18806,3385,0,0,0,918109,INR,PROCESSED,2026-08-01T03:46:30Z,REF-PAY_226BF071
SET_4C33434B,MERCH_041,1142800,22856,4114,0,0,0,1115880,INR,PROCESSED,2026-08-11T23:34:26Z,REF-PAY_2BF9AF61
SET_3E6B9FB6,MERCH_048,616800,12336,2220,0,0,0,602244,INR,PROCESSED,2026-07-10T08:34:15Z,REF-PAY_C3BDC739
SET_6033C7B8,MERCH_045,1728800,34576,6223,0,0,0,1687901,INR,PROCESSED,2026-08-03T18:05:06Z,REF-PAY_397193E8
SET_09E9FA28,MERCH_038,1358200,27164,4889,0,1358200,0,-32053,INR,PROCESSED,2026-07-29T22:16:47Z,REF-PAY_4E85E15F
SET_AEA6AC88,MERCH_012,1360300,27206,4897,0,1360300,0,-32103,INR,PROCESSED,2026-08-03T13:35:25Z,REF-PAY_5F79AA19
SET_4F838652,MERCH_048,797600,15952,2871,0,797600,0,-18823,INR,PROCESSED,2026-07-28T23:10:13Z,REF-PAY_4C16391C
SET_C886452A,MERCH_038,1753000,35060,6310,0,0,0,1711630,INR,PROCESSED,2026-07-11T17:44:34Z,REF-PAY_E65FBAF9
SET_1872EDA4,MERCH_022,423900,8478,1526,0,0,0,413896,INR,PROCESSED,2026-08-14T08:30:30Z,REF-PAY_2F47EC88
SET_0E9B405A,MERCH_009,58200,1164,209,0,0,0,56827,INR,PROCESSED,2026-07-09T19:54:28Z,REF-PAY_5E0E731F
SET_64D4D315,MERCH_004,371400,7428,1337,0,0,0,362635,INR,PROCESSED,2026-08-02T17:12:07Z,REF-PAY_89CDBC13
SET_EA6E83E0,MERCH_039,151000,3020,543,0,0,0,147437,INR,PROCESSED,2026-07-14T06:05:17Z,REF-PAY_339702A1-TYPO
SET_064E86F1,MERCH_043,60000000,1200000,216000,0,0,0,58584000,INR,PROCESSED,2026-08-03T00:25:15Z,SETTLE-MERCH_043-HV
SET_C8E01C53,MERCH_001,1033100,20662,3719,0,0,0,1008719,INR,PROCESSED,2026-08-29T18:23:53Z,REF-PAY_DD9F9746
SET_A22C204F,MERCH_005,1293400,25868,4656,0,0,0,1262776,INR,PROCESSED,2026-07-22T00:39:32Z,REF-PAY_7E6DED5B
SET_07C2F63B,MERCH_024,698900,13978,2516,0,0,0,682406,INR,PROCESSED,2026-07-25T08:47:22Z,REF-PAY_DED69B2F
SET_0985EB1F,MERCH_036,1691500,33830,6089,0,0,0,1651581,INR,PROCESSED,2026-07-31T17:05:37Z,REF-PAY_D0D2FD6A
SET_D84876C9,MERCH_038,1979800,39596,7127,0,0,0,1933077,INR,PROCESSED,2026-08-02T09:02:58Z,REF-PAY_2C0066A6
SET_40E255FE,MERCH_044,26500,530,95,0,0,0,25875,INR,PROCESSED,2026-08-08T15:02:25Z,REF-PAY_DB8DC47A
SET_6FD3EC2C,MERCH_008,1385900,27718,4989,0,0,0,1353193,INR,PROCESSED,2026-08-02T22:23:02Z,REF-PAY_8F89973D
SET_6932BC93,MERCH_025,827400,16548,2978,0,0,0,807874,INR,PROCESSED,2026-09-02T02:03:36Z,SETTLE-MERCH_025-BULK
SET_7A3EF1CE,MERCH_049,1196700,23934,4308,0,0,0,1168458,INR,PROCESSED,2026-07-22T02:37:12Z,REF-PAY_001BFF69
SET_DE3836E0,MERCH_017,154300,3086,555,0,0,0,150659,INR,PROCESSED,2026-08-03T15:18:26Z,REF-PAY_A80A045C
SET_724BAFB3,MERCH_028,1445000,28900,5202,0,0,0,1410898,INR,PROCESSED,2026-07-12T17:13:06Z,REF-PAY_D0274358
SET_FA7B07F7,MERCH_034,371900,7438,1338,0,0,0,361224,INR,PROCESSED,2026-07-15T04:13:03Z,REF-PAY_7E58B10B
SET_42585600,MERCH_012,961500,19230,3461,0,0,0,938809,INR,PROCESSED,2026-08-18T18:20:13Z,REF-PAY_36EDE9EA-TYPO
SET_180DF68A,MERCH_010,359400,7188,1293,0,0,0,317419,INR,PROCESSED,2026-08-01T23:40:00Z,REF-PAY_6229C43C
SET_5A964A36,MERCH_026,973200,19464,3503,0,0,0,950133,INR,PROCESSED,2026-07-23T12:50:25Z,REF-PAY_3783CDA3
SET_E24B33B5,MERCH_048,595300,11906,2143,0,0,0,577751,INR,PROCESSED,2026-07-16T05:44:24Z,REF-PAY_0C834266
SET_B40E3E50,MERCH_034,18800,376,67,0,0,0,18357,INR,PROCESSED,2026-08-31T01:34:34Z,REF-PAY_C64E117B
SET_CB85B54A,MERCH_031,421500,8430,1517,0,0,0,411553,INR,PROCESSED,2026-07-27T04:43:54Z,REF-PAY_34750ED8
SET_893306E9,MERCH_048,1275800,25516,4592,0,0,0,1245692,INR,PROCESSED,2026-08-12T13:28:23Z,REF-PAY_EA486A9D
SET_0B61377B,MERCH_024,1811500,36230,6521,0,0,0,1768749,INR,PROCESSED,2026-07-24T13:16:31Z,REF-PAY_2C7AB3DC
SET_80EA2EB6,MERCH_007,386600,7732,1391,0,0,0,377477,INR,PROCESSED,2026-07-09T08:02:36Z,REF-PAY_BB7E6D16
SET_18E0B92B,MERCH_022,173600,3472,624,86800,0,0,82704,INR,PROCESSED,2026-08-26T18:16:10Z,REF-PAY_3C4C323C
SET_F11FFFAC,MERCH_027,1275500,25510,4591,0,0,0,1221899,INR,PROCESSED,2026-08-19T05:24:57Z,REF-PAY_B6E959C8
SET_61D6DAE3,MERCH_011,1160200,23204,4176,0,0,0,1109220,INR,PROCESSED,2026-09-03T21:03:59Z,REF-PAY_7798738B
SET_F745F815,MERCH_041,637500,12750,2295,0,0,0,622455,INR,PROCESSED,2026-08-17T12:57:42Z,REF-PAY_E1315909
SET_504DC1B8,MERCH_049,1650400,33008,5941,825200,0,0,786251,INR,PROCESSED,2026-07-31T09:38:07Z,REF-PAY_76A4082C
SET_B1467859,MERCH_010,318700,6374,1147,0,0,0,294879,INR,PROCESSED,2026-08-10T02:57:13Z,REF-PAY_75B81F71
SET_33A9D888,MERCH_035,735200,14704,2646,0,0,0,674050,INR,PROCESSED,2026-07-31T19:48:26Z,REF-PAY_93C256D2
SET_06DF30E3,MERCH_032,988700,19774,3559,0,0,0,965367,INR,PROCESSED,2026-07-28T06:29:57Z,REF-PAY_541D9BD0
SET_66AF5A2F,MERCH_027,181800,3636,654,0,0,0,177510,INR,PROCESSED,2026-07-26T10:35:17Z,REF-PAY_BF6312C8
SET_1BF05902,MERCH_044,1295000,25900,4662,0,0,0,1264438,INR,PROCESSED,2026-08-18T12:49:03Z,REF-PAY_5CC11FEA
SET_618E8BC3,MERCH_033,1219200,24384,4389,0,0,0,1190427,INR,PROCESSED,2026-07-27T18:10:34Z,REF-PAY_DB1CEFC3
SET_ADB4EB20,MERCH_009,594000,11880,2138,0,0,0,579982,INR,PROCESSED,2026-07-28T20:06:20Z,REF-PAY_BF27DC28
SET_D7735193,MERCH_002,1029000,20580,3704,0,0,0,1004716,INR,PROCESSED,2026-08-24T17:08:09Z,REF-PAY_961B751A
SET_6C0468D9,MERCH_040,1424200,28484,5127,0,1424200,0,-33611,INR,PROCESSED,2026-07-11T12:22:45Z,REF-PAY_8D1AD0F5
SET_FC49F723,MERCH_026,996300,19926,3586,0,0,0,972788,INR,PROCESSED,2026-08-23T13:46:39Z,REF-PAY_AA9F0CDC
SET_05BFE77F,MERCH_024,802000,16040,2887,0,0,0,783073,INR,PROCESSED,2026-07-15T20:47:20Z,REF-PAY_412CB313
SET_D9983B53,MERCH_010,372100,7442,1339,0,0,0,363219,INR,PROCESSED,2026-08-21T21:58:26Z,REF-PAY_0D91BD84
SET_3B5FCCDF,MERCH_047,177000,3540,637,0,0,0,172823,INR,PROCESSED,2026-08-02T06:36:12Z,REF-PAY_3BFF9235
SET_52358FAA,MERCH_029,696700,13934,2508,348350,0,0,331908,INR,PROCESSED,2026-07-15T06:23:49Z,REF-PAY_D7A5767F
SET_65A53E55,MERCH_012,1950100,39002,7020,0,0,0,1904078,INR,PROCESSED,2026-08-17T03:51:56Z,REF-PAY_71E09DFE
SET_90348E44,MERCH_027,1516500,30330,5459,0,0,0,1480711,INR,PROCESSED,2026-08-20T16:02:39Z,REF-PAY_D6CE366E
SET_83A21A7D,MERCH_042,796800,15936,2868,0,0,0,777996,INR,PROCESSED,2026-07-08T16:27:23Z,SETTLE-MERCH_042-BULK
SET_EEB36CDE,MERCH_046,546100,10922,1965,0,0,0,533113,INR,PROCESSED,2026-07-22T01:24:21Z,REF-PAY_B9DCAE1B
SET_17CA973F,MERCH_012,513700,10274,1849,0,0,0,495677,INR,PROCESSED,2026-08-04T21:44:44Z,REF-PAY_84643220
SET_247058FA,MERCH_005,1913600,38272,6888,956800,0,0,911640,INR,PROCESSED,2026-07-07T18:32:24Z,REF-PAY_BBE40B34
SET_488D4808,MERCH_024,476900,9538,1716,0,0,0,465646,INR,PROCESSED,2026-07-17T16:03:12Z,REF-PAY_E0234F6B
SET_723E6D4F,MERCH_043,1718300,34366,6185,0,0,0,1646049,INR,PROCESSED,2026-08-24T10:21:46Z,REF-PAY_4C055F82
SET_DF41DB41,MERCH_041,738000,14760,2656,0,0,0,720584,INR,PROCESSED,2026-08-11T00:53:10Z,REF-PAY_E741086F
SET_9529DD09,MERCH_012,1171800,23436,4218,0,0,0,1144146,INR,PROCESSED,2026-08-06T08:16:30Z,REF-PAY_8580F507
SET_FE0DF04E,MERCH_046,146600,2932,527,0,0,0,143141,INR,PROCESSED,2026-07-12T17:13:32Z,REF-PAY_079A4074
SET_7220A724,MERCH_018,1085100,21702,3906,0,0,0,1059492,INR,PROCESSED,2026-07-10T22:24:04Z,REF-PAY_325BEB49
SET_195A273F,MERCH_047,10900,218,39,0,0,0,10643,INR,PROCESSED,2026-08-23T09:30:53Z,REF-PAY_3334661D
SET_95C8652E,MERCH_040,1462200,29244,5263,0,1462200,0,-34507,INR,PROCESSED,2026-07-29T01:06:59Z,REF-PAY_BABF7924
SET_833450D0,MERCH_012,824300,16486,2967,0,0,0,804847,INR,PROCESSED,2026-07-16T18:02:49Z,REF-PAY_A38A9EE9-TYPO
SET_769DCC16,MERCH_010,654800,13096,2357,0,0,0,639347,INR,PROCESSED,2026-08-14T19:22:48Z,REF-PAY_E30AA992
SET_DA2EADA9,MERCH_030,1692100,33842,6091,0,0,0,1652167,INR,PROCESSED,2026-07-17T03:43:35Z,REF-PAY_CECBC332
SET_B731CAC2,MERCH_040,1247100,24942,4489,0,0,0,1217719,INR,PROCESSED,2026-07-28T14:43:11Z,REF-PAY_D982987C
SET_FE01CB58,MERCH_028,754100,15082,2714,0,0,0,736304,INR,PROCESSED,2026-08-25T12:02:10Z,REF-PAY_1A3A2B0B
SET_57AFF3FF,MERCH_039,711300,14226,2560,0,0,0,694514,INR,PROCESSED,2026-08-06T08:12:55Z,REF-PAY_35A82EA9
SET_234258A8,MERCH_025,1617100,32342,5821,0,0,0,1578837,INR,PROCESSED,2026-08-21T14:42:02Z,REF-PAY_5BA97EC4
SET_0559BE11,MERCH_033,481700,9634,1734,0,0,0,470332,INR,PROCESSED,2026-08-15T16:06:26Z,REF-PAY_3B2943FB-TYPO
SET_1536CDA7,MERCH_023,904200,18084,3255,0,0,0,882861,INR,PROCESSED,2026-07-16T10:37:22Z,REF-PAY_04694CE8
SET_C5A6F718,MERCH_009,388400,7768,1398,0,0,0,379134,INR,PROCESSED,2026-07-04T09:19:20Z,REF-PAY_F48513F7
SET_6D2F7560,MERCH_002,738100,14762,2657,0,0,0,720681,INR,PROCESSED,2026-08-15T15:29:33Z,REF-PAY_3F646D1D
SET_679E638C,MERCH_018,686200,13724,2470,0,0,0,670006,INR,PROCESSED,2026-08-02T06:33:36Z,REF-PAY_A0246BC5
SET_E77C55E8,MERCH_033,193200,3864,695,0,0,0,188641,INR,PROCESSED,2026-08-18T20:51:04Z,SETTLE-MERCH_033-BULK
SET_4F9A4425,MERCH_017,1784200,35684,6423,0,0,0,1742093,INR,PROCESSED,2026-07-10T23:59:41Z,REF-PAY_E8C8CA7E
SET_2380E984,MERCH_038,440200,8804,1584,0,0,0,429812,INR,PROCESSED,2026-08-16T07:12:07Z,SETTLE-MERCH_038-BULK
SET_FBB66B3E,MERCH_003,588300,11766,2117,0,0,0,574417,INR,PROCESSED,2026-08-09T17:42:49Z,REF-PAY_9CCE342D
SET_5AB4B150,MERCH_022,1140300,22806,4105,0,0,0,1113289,INR,PROCESSED,2026-07-28T19:23:34Z,REF-PAY_B2BC13CB
SET_E6F601C9,MERCH_017,814400,16288,2931,0,0,0,795181,INR,PROCESSED,2026-08-06T02:09:21Z,REF-PAY_FACD9E51
SET_06EE5341,MERCH_016,1229500,24590,4426,0,0,0,1200484,INR,PROCESSED,2026-08-22T20:41:32Z,REF-PAY_90BB7650
SET_B55EFB78,MERCH_033,144800,2896,521,0,0,0,136883,INR,PROCESSED,2026-08-27T20:54:19Z,REF-PAY_DE132FB3
SET_03D95197,MERCH_036,1234300,24686,4443,0,0,0,1205171,INR,PROCESSED,2026-08-17T14:59:30Z,REF-PAY_BB115B3C
SET_C480A328,MERCH_001,1901800,38036,6846,0,0,0,1856918,INR,PROCESSED,2026-08-30T12:58:30Z,REF-PAY_B3D9522E
SET_5C38CE81,MERCH_003,1416400,28328,5099,0,0,0,1382973,INR,PROCESSED,2026-08-21T21:39:48Z,REF-PAY_00F61A7E
SET_9649F4E3,MERCH_039,30000000,600000,108000,0,0,0,29292000,INR,PROCESSED,2026-07-12T14:05:11Z,SETTLE-MERCH_039-HV
SET_A78E4E31,MERCH_022,1429500,28590,5146,0,0,0,1395764,INR,PROCESSED,2026-08-09T01:47:48Z,REF-PAY_D5C35E2F
SET_DB372831,MERCH_033,769700,15394,2770,0,0,0,751536,INR,PROCESSED,2026-07-31T10:50:29Z,REF-PAY_922D0BA0
SET_8660CD7F,MERCH_012,1887400,37748,6794,0,0,0,1842858,INR,PROCESSED,2026-08-26T05:53:17Z,REF-PAY_6112358F
SET_4F919066,MERCH_042,595100,11902,2142,0,0,0,581056,INR,PROCESSED,2026-08-02T17:31:29Z,REF-PAY_DEF05F5F
SET_4A565E55,MERCH_042,1532800,30656,5518,0,0,0,1491726,INR,PROCESSED,2026-08-03T12:11:35Z,REF-PAY_EB1B943E
SET_3533ECD8,MERCH_047,1804900,36098,6497,0,0,0,1745405,INR,PROCESSED,2026-08-17T18:13:19Z,REF-PAY_CAAB21CD
SET_4CA74980,MERCH_030,1897800,37956,6832,0,0,0,1852912,INR,PROCESSED,2026-07-15T13:11:47Z,REF-PAY_3A1FD18E
SET_92364AB3,MERCH_018,131700,2634,474,0,0,0,128592,INR,PROCESSED,2026-08-22T16:20:12Z,REF-PAY_5C993800
SET_BDDA052B,MERCH_015,1866500,37330,6719,0,1866500,0,-44049,INR,PROCESSED,2026-08-20T04:54:13Z,REF-PAY_EE8BFA87
SET_1334852D,MERCH_030,1011500,20230,3641,0,0,0,987629,INR,PROCESSED,2026-09-03T03:07:12Z,REF-PAY_225AF8D6
SET_19F38E1E,MERCH_013,1728000,34560,6220,864000,0,0,823220,INR,PROCESSED,2026-08-08T01:49:21Z,REF-PAY_B31BB765
SET_F7C42588,MERCH_027,943500,18870,3396,0,0,0,921234,INR,PROCESSED,2026-07-20T02:58:56Z,REF-PAY_ED4BBD30
SET_80731528,MERCH_001,609800,12196,2195,0,0,0,595409,INR,PROCESSED,2026-08-01T16:24:39Z,REF-PAY_62A2DC0C
SET_63012262,MERCH_021,791000,15820,2847,0,0,0,772233,INR,PROCESSED,2026-08-28T15:32:43Z,REF-PAY_16B847B1
SET_D0030514,MERCH_013,460200,9204,1656,0,0,0,449390,INR,PROCESSED,2026-08-14T21:06:52Z,REF-PAY_9C3E7FE4
SET_50E64E83,MERCH_030,1624600,32492,5848,0,0,0,1586260,INR,PROCESSED,2026-08-18T08:41:48Z,REF-PAY_336AA436
SET_81F3F2BC,MERCH_008,1476000,29520,5313,0,0,0,1441167,INR,PROCESSED,2026-07-31T20:18:23Z,REF-PAY_F0BF5DD3
SET_3169C124,MERCH_029,781900,15638,2814,0,0,0,763448,INR,PROCESSED,2026-08-22T09:04:36Z,REF-PAY_FDD1ACE5
SET_249F9C2F,MERCH_024,217200,4344,781,0,0,0,212075,INR,PROCESSED,2026-08-18T04:36:45Z,REF-PAY_B77F633A
SET_8BAACE34,MERCH_044,821000,16420,2955,0,0,0,801625,INR,PROCESSED,2026-08-28T03:52:02Z,REF-PAY_7AD947CA
SET_63821AE1,MERCH_014,825100,16502,2970,0,0,0,805628,INR,PROCESSED,2026-07-12T02:36:36Z,REF-PAY_BF13DD55
SET_669DD1EF,MERCH_015,1566700,31334,5640,0,0,0,1529726,INR,PROCESSED,2026-07-07T03:50:36Z,REF-PAY_54B35BB7
SET_2DA4A116,MERCH_024,253000,5060,910,0,0,0,246930,INR,PROCESSED,2026-08-05T06:25:54Z,REF-PAY_2DD25AAD
SET_82125FD5,MERCH_017,1762700,35254,6345,881350,0,0,839751,INR,PROCESSED,2026-07-13T11:31:54Z,REF-PAY_B80EE1E0
SET_D27259AA,MERCH_027,1191800,23836,4290,0,0,0,1163674,INR,PROCESSED,2026-07-16T19:02:08Z,REF-PAY_F9C99E0F
SET_6E7F634A,MERCH_038,1773700,35474,6385,0,0,0,1731841,INR,PROCESSED,2026-07-12T00:54:51Z,REF-PAY_D6ECCAB8
SET_BDA3550A,MERCH_008,342400,6848,1232,0,0,0,334320,INR,PROCESSED,2026-08-01T17:29:18Z,REF-PAY_CF1EA941
SET_E4EDE150,MERCH_048,1626500,32530,5855,0,0,0,1588115,INR,PROCESSED,2026-08-27T08:59:52Z,REF-PAY_F00AB4FE
SET_F159128F,MERCH_045,1040800,20816,3746,520400,0,0,495838,INR,PROCESSED,2026-08-24T19:48:28Z,REF-PAY_77F60B02
SET_4010F928,MERCH_044,807800,16156,2908,0,0,0,788736,INR,PROCESSED,2026-08-07T10:28:59Z,REF-PAY_0552B3F8
SET_0D428927,MERCH_010,589400,11788,2121,0,0,0,536891,INR,PROCESSED,2026-07-10T20:55:35Z,REF-PAY_752C377B
SET_2C0DC429,MERCH_039,357900,7158,1288,178950,0,0,170504,INR,PROCESSED,2026-08-18T22:24:47Z,REF-PAY_AF5828F0
SET_C28A5D04,MERCH_006,350800,7016,1262,0,0,0,342522,INR,PROCESSED,2026-08-13T00:14:51Z,REF-PAY_556C477A
SET_88F67931,MERCH_039,1412100,28242,5083,0,1412100,0,-33325,INR,PROCESSED,2026-08-07T20:49:49Z,REF-PAY_6DCE90C8
SET_D8DB2049,MERCH_002,1739900,34798,6263,0,0,0,1698839,INR,PROCESSED,2026-07-15T13:46:05Z,REF-PAY_BF5345B4
SET_9614E607,MERCH_013,253400,5068,912,0,0,0,247420,INR,PROCESSED,2026-08-28T14:15:40Z,REF-PAY_3CA0B6AA
SET_6E017ABC,MERCH_020,1043700,20874,3757,0,0,0,1019069,INR,PROCESSED,2026-07-20T12:35:34Z,REF-PAY_B0C5532A
SET_997D23EF,MERCH_007,342800,6856,1234,0,0,0,334710,INR,PROCESSED,2026-08-07T11:37:39Z,REF-PAY_FE387322
SET_1A04D01C,MERCH_030,1978400,39568,7122,0,0,0,1931710,INR,PROCESSED,2026-07-24T09:38:09Z,REF-PAY_B9E04DCB
SET_847525A0,MERCH_022,468900,9378,1688,0,0,0,457834,INR,PROCESSED,2026-08-06T21:36:16Z,REF-PAY_7D488D44
SET_2879D790,MERCH_047,1001300,20026,3604,0,0,0,977670,INR,PROCESSED,2026-07-09T06:53:27Z,REF-PAY_DD50E6BF
SET_7A47C1D6,MERCH_030,1922100,38442,6919,961050,0,0,915689,INR,PROCESSED,2026-08-28T22:46:31Z,REF-PAY_6288C62D
SET_715CD150,MERCH_028,495100,9902,1782,0,0,0,483466,INR,PROCESSED,2026-08-12T15:22:41Z,REF-PAY_AE40E73F
SET_C48F6E96,MERCH_009,866800,17336,3120,0,0,0,846394,INR,PROCESSED,2026-08-09T12:42:18Z,REF-PAY_C1B9F082
SET_A45A3F1C,MERCH_022,36100,722,129,0,0,0,35249,INR,PROCESSED,2026-07-03T05:14:47Z,REF-PAY_24D85BD9
SET_0FF49B23,MERCH_008,1640800,32816,5906,0,0,0,1600978,INR,PROCESSED,2026-07-15T00:04:21Z,REF-PAY_0A668595
SET_8FDA21E5,MERCH_014,318800,6376,1147,0,0,0,311277,INR,PROCESSED,2026-07-28T12:49:18Z,REF-PAY_E8A68C90
SET_01425453,MERCH_018,1588400,31768,5718,0,0,0,1550914,INR,PROCESSED,2026-08-09T23:55:23Z,REF-PAY_30BD1064
SET_C6A3FAA0,MERCH_023,34700,694,124,0,0,0,33882,INR,PROCESSED,2026-08-04T04:36:38Z,REF-PAY_3A185FE4
SET_4F2D8295,MERCH_030,63200,1264,227,0,0,0,61709,INR,PROCESSED,2026-08-27T13:58:41Z,REF-PAY_AC52CA6F
SET_005572E8,MERCH_029,91400,1828,329,0,0,0,89243,INR,PROCESSED,2026-08-27T06:25:10Z,REF-PAY_0F269C9B
SET_17932B6E,MERCH_018,1034300,20686,3723,0,0,0,1009891,INR,PROCESSED,2026-08-24T09:12:56Z,REF-PAY_02A2E5FB
SET_E64537C1,MERCH_035,946000,18920,3405,0,0,0,923675,INR,PROCESSED,2026-07-10T06:11:18Z,REF-PAY_383CA960
SET_335644D5,MERCH_020,1612100,32242,5803,0,0,0,1574055,INR,PROCESSED,2026-08-06T09:17:48Z,REF-PAY_BA466622
SET_F2473926,MERCH_033,747300,14946,2690,0,0,0,729714,INR,PROCESSED,2026-07-22T01:16:02Z,REF-PAY_26A9D3F8
SET_A86286D6,MERCH_027,1572900,31458,5662,0,0,0,1535780,INR,PROCESSED,2026-07-10T21:25:18Z,REF-PAY_151722CA
SET_9C6F9074,MERCH_030,1301500,26030,4685,0,0,0,1270785,INR,PROCESSED,2026-08-19T00:30:01Z,REF-PAY_7DE0A2AF
SET_3A8CA5FB,MERCH_045,356500,7130,1283,0,0,0,348087,INR,PROCESSED,2026-08-24T23:32:29Z,REF-PAY_D6FC5F3E
SET_C422EC0F,MERCH_041,1809100,36182,6512,0,0,0,1766306,INR,PROCESSED,2026-08-19T20:15:27Z,REF-PAY_E9AB15EF
SET_8BC28D76,MERCH_044,1108000,22160,3988,0,0,0,1081852,INR,PROCESSED,2026-09-02T17:38:30Z,REF-PAY_8D888C88
SET_8B3D604D,MERCH_040,1731500,34630,6233,0,0,0,1690637,INR,PROCESSED,2026-07-05T06:09:06Z,REF-PAY_B854889D
SET_CD3E9EDD,MERCH_023,1011400,20228,3641,0,0,0,987531,INR,PROCESSED,2026-08-05T18:14:37Z,REF-PAY_231DC0FC
SET_A4807E0B,MERCH_007,50900,1018,183,0,0,0,49699,INR,PROCESSED,2026-07-06T17:59:17Z,REF-PAY_869657D8
SET_BD292D00,MERCH_031,796400,15928,2867,0,0,0,777605,INR,PROCESSED,2026-07-31T23:44:33Z,REF-PAY_9D4F366F
SET_87A24828,MERCH_044,1886800,37736,6792,0,0,0,1842272,INR,PROCESSED,2026-07-07T14:36:41Z,REF-PAY_6DF8169B
SET_E6F00278,MERCH_016,440400,8808,1585,0,0,0,430007,INR,PROCESSED,2026-09-02T14:18:28Z,SETTLE-MERCH_016-BULK
SET_F5E7D4F3,MERCH_028,1473000,29460,5302,0,0,0,1438238,INR,PROCESSED,2026-08-12T16:55:35Z,REF-PAY_C3896F8E
SET_C5A000DB,MERCH_022,1162000,23240,4183,0,0,0,1134577,INR,PROCESSED,2026-07-30T03:10:44Z,SETTLE-MERCH_022-BULK
SET_692BFCE4,MERCH_047,1249200,24984,4497,0,0,0,1219719,INR,PROCESSED,2026-08-01T23:57:31Z,REF-PAY_B27E1280
SET_B706A7DB,MERCH_035,1519800,30396,5471,0,0,0,1483983,INR,PROCESSED,2026-08-08T10:48:10Z,REF-PAY_E6A07643
SET_7F9EA11C,MERCH_010,908900,18178,3272,0,908900,0,-21450,INR,PROCESSED,2026-08-24T04:59:42Z,REF-PAY_B5026376
SET_C30BE83B,MERCH_048,165700,3314,596,0,0,0,161790,INR,PROCESSED,2026-07-30T14:35:17Z,REF-PAY_5D09DC10
SET_ED991C86,MERCH_048,890400,17808,3205,0,0,0,869387,INR,PROCESSED,2026-07-26T22:28:56Z,REF-PAY_ED9C95FD
SET_4303AA9C,MERCH_027,186900,3738,672,0,0,0,182490,INR,PROCESSED,2026-09-02T14:22:55Z,SETTLE-MERCH_027-BULK
SET_41FC2131,MERCH_028,15000000,300000,54000,0,0,0,14646000,INR,PROCESSED,2026-07-14T09:42:50Z,SETTLE-MERCH_028-HV
SET_47DF0DD3,MERCH_022,284100,5682,1022,142050,0,0,135346,INR,PROCESSED,2026-08-23T07:38:06Z,REF-PAY_B78139C1
SET_69C45B48,MERCH_039,1103600,22072,3972,0,0,0,1077556,INR,PROCESSED,2026-08-01T18:41:56Z,REF-PAY_EFD00A36
SET_9BCB258C,MERCH_024,331800,6636,1194,0,0,0,323970,INR,PROCESSED,2026-08-13T02:21:04Z,REF-PAY_74D7C30E
SET_55E4D1C0,MERCH_015,1491100,29822,5367,0,0,0,1455911,INR,PROCESSED,2026-07-03T05:58:00Z,REF-PAY_B7C7F1C5
SET_A5CEC7BC,MERCH_028,823700,16474,2965,0,0,0,780461,INR,PROCESSED,2026-07-23T03:20:30Z,REF-PAY_77AC07E7
SET_CF6C9F1E,MERCH_035,275500,5510,991,0,0,0,268999,INR,PROCESSED,2026-08-22T20:14:21Z,REF-PAY_1166566D
SET_DF44EB28,MERCH_004,1191100,23822,4287,0,0,0,1162991,INR,PROCESSED,2026-08-16T10:20:38Z,REF-PAY_32FE1E37
SET_65BAE984,MERCH_042,1276500,25530,4595,0,0,0,1246375,INR,PROCESSED,2026-07-07T21:53:18Z,REF-PAY_801582F9-TYPO
SET_B1E7F961,MERCH_039,1295700,25914,4664,0,0,0,1265122,INR,PROCESSED,2026-08-22T15:52:17Z,REF-PAY_885CF5A8
SET_B5FF09BE,MERCH_016,1819800,36396,6551,0,0,0,1776853,INR,PROCESSED,2026-08-28T21:49:52Z,REF-PAY_091BCB52
SET_DFB1FF33,MERCH_040,253300,5066,911,0,0,0,247323,INR,PROCESSED,2026-07-12T22:31:38Z,REF-PAY_ABEC3B29
SET_2562A8B4,MERCH_034,58000,1160,208,0,0,0,56632,INR,PROCESSED,2026-07-18T14:47:03Z,REF-PAY_29B5C4C0-TYPO
SET_052A9420,MERCH_027,1045200,20904,3762,0,0,0,1020534,INR,PROCESSED,2026-07-24T20:07:14Z,REF-PAY_F7EF4925
SET_5DA5794C,MERCH_028,1316400,26328,4739,0,0,0,1285233,INR,PROCESSED,2026-08-01T03:05:39Z,REF-PAY_0199B398
SET_13C60914,MERCH_045,1145800,22916,4124,0,0,0,1118810,INR,PROCESSED,2026-07-08T07:05:24Z,REF-PAY_5494BE4D
SET_F699C9A7,MERCH_018,319600,6392,1150,0,0,0,312058,INR,PROCESSED,2026-07-19T05:48:15Z,REF-PAY_3624C6B9
SET_5FD439BC,MERCH_015,378000,7560,1360,0,0,0,361080,INR,PROCESSED,2026-07-23T15:00:31Z,REF-PAY_6563CC3D
SET_BEE9829A,MERCH_017,1636900,32738,5892,0,0,0,1598270,INR,PROCESSED,2026-08-02T09:52:09Z,REF-PAY_388618C6-TYPO
SET_9FF655D6,MERCH_045,235100,4702,846,0,0,0,229452,INR,PROCESSED,2026-07-12T15:44:22Z,REF-PAY_230082D5
SET_0A77F5E2,MERCH_037,535700,10714,1928,267850,0,0,255208,INR,PROCESSED,2026-08-30T03:00:27Z,REF-PAY_849C676F
SET_F5173650,MERCH_035,225100,4502,810,0,0,0,219788,INR,PROCESSED,2026-07-07T15:14:45Z,REF-PAY_29678FCB
SET_F63F40B5,MERCH_046,19100,382,68,0,0,0,18650,INR,PROCESSED,2026-09-01T17:17:20Z,REF-PAY_ACB1CE8D
SET_74526BC8,MERCH_029,1604100,32082,5774,0,0,0,1566244,INR,PROCESSED,2026-07-06T09:58:00Z,REF-PAY_67B18F06
SET_46B91A2C,MERCH_048,972500,19450,3501,486250,0,0,463299,INR,PROCESSED,2026-07-11T03:16:24Z,REF-PAY_32245293
SET_FB162ED0,MERCH_021,1835900,36718,6609,0,0,0,1792573,INR,PROCESSED,2026-07-13T23:09:06Z,REF-PAY_1E512E88
SET_2F53E2B8,MERCH_046,495900,9918,1785,0,0,0,484197,INR,PROCESSED,2026-07-21T06:45:47Z,REF-PAY_94162D5F
SET_925EBBFE,MERCH_010,196000,3920,705,0,0,0,191375,INR,PROCESSED,2026-07-09T00:40:58Z,REF-PAY_6F786FE4
SET_A82CCBDB,MERCH_010,156200,3124,562,0,0,0,152514,INR,PROCESSED,2026-08-25T10:01:03Z,REF-PAY_31E673E1
SET_BA4953B4,MERCH_045,1947400,38948,7010,0,0,0,1901442,INR,PROCESSED,2026-08-15T19:07:07Z,REF-PAY_DC05E5CB
SET_A6C046DE,MERCH_046,74500,1490,268,0,0,0,72742,INR,PROCESSED,2026-07-30T19:54:44Z,REF-PAY_147E8CEA
SET_B51CD364,MERCH_038,998200,19964,3593,0,0,0,974643,INR,PROCESSED,2026-08-11T01:09:50Z,REF-PAY_D3B95910
SET_6BBCB451,MERCH_046,1362800,27256,4906,0,0,0,1330538,INR,PROCESSED,2026-08-13T04:33:32Z,REF-PAY_D061C5E3
SET_8C10A53B,MERCH_003,1232600,24652,4437,0,0,0,1203511,INR,PROCESSED,2026-09-03T08:04:33Z,REF-PAY_E0ED0401
SET_1D26EDDA,MERCH_038,1125900,22518,4053,0,0,0,1099329,INR,PROCESSED,2026-07-13T07:05:32Z,REF-PAY_0EE1308D
SET_D3FEA27D,MERCH_042,965800,19316,3476,0,0,0,943008,INR,PROCESSED,2026-08-10T06:12:51Z,REF-PAY_FC0B564B
SET_F99F037F,MERCH_006,135800,2716,488,0,0,0,132596,INR,PROCESSED,2026-08-04T07:22:27Z,REF-PAY_30C3175B
SET_DCDAD102,MERCH_047,1509300,30186,5433,0,0,0,1473681,INR,PROCESSED,2026-08-05T22:03:48Z,REF-PAY_28281246
SET_9391389B,MERCH_025,1377100,27542,4957,0,0,0,1344601,INR,PROCESSED,2026-07-26T00:33:27Z,REF-PAY_A80AC99A
SET_A95C4DDB,MERCH_018,1734500,34690,6244,867250,0,0,826316,INR,PROCESSED,2026-08-27T15:47:30Z,REF-PAY_EDB1785D
SET_C17B6FBF,MERCH_039,22400,448,80,0,0,0,21922,INR,PROCESSED,2026-08-07T08:44:51Z,REF-PAY_F89DDB39
SET_AFAE3966,MERCH_024,440200,8804,1584,0,0,0,429712,INR,PROCESSED,2026-08-19T10:56:35Z,REF-PAY_A88976BE
SET_08F2E530,MERCH_033,780200,15604,2808,0,0,0,761788,INR,PROCESSED,2026-08-17T16:41:34Z,REF-PAY_F113FD80
SET_B3B407F5,MERCH_015,1726100,34522,6213,0,0,0,1685365,INR,PROCESSED,2026-08-20T14:01:38Z,REF-PAY_7E972B83
SET_6892141E,MERCH_005,733200,14664,2639,0,0,0,666997,INR,PROCESSED,2026-07-13T17:13:22Z,REF-PAY_1B558391
SET_2D7CCDDC,MERCH_006,601700,12034,2166,0,0,0,587500,INR,PROCESSED,2026-08-22T07:38:53Z,REF-PAY_4EB53CB0
SET_4B5AAA9F,MERCH_014,1594400,31888,5739,0,0,0,1556773,INR,PROCESSED,2026-08-15T11:10:08Z,REF-PAY_16B94144
SET_3B401C8A,MERCH_009,1643300,32866,5915,0,0,0,1604519,INR,PROCESSED,2026-08-30T13:13:02Z,REF-PAY_4234047B
SET_C0F86053,MERCH_022,1628100,32562,5861,0,1628100,0,-38423,INR,PROCESSED,2026-07-28T01:09:50Z,REF-PAY_75636BE3
SET_D20C9C80,MERCH_003,1855200,37104,6678,0,1855200,0,-43782,INR,PROCESSED,2026-08-24T23:18:31Z,REF-PAY_82DB19A5
SET_B0CDDE30,MERCH_029,986400,19728,3551,0,0,0,963121,INR,PROCESSED,2026-07-19T00:57:38Z,REF-PAY_8B6630C0
SET_F4B36BF6,MERCH_016,1159500,23190,4174,0,0,0,1132136,INR,PROCESSED,2026-07-22T20:32:22Z,REF-PAY_FA266017
SET_B1674F65,MERCH_017,1674900,33498,6029,0,0,0,1635373,INR,PROCESSED,2026-07-27T13:07:27Z,REF-PAY_523E767E
SET_32349165,MERCH_018,888500,17770,3198,0,0,0,867532,INR,PROCESSED,2026-07-17T00:43:11Z,REF-PAY_7C9DED9E-TYPO
SET_0FC25EDB,MERCH_001,797600,15952,2871,0,0,0,778777,INR,PROCESSED,2026-07-12T02:05:46Z,REF-PAY_66E585C8
SET_E1BD3380,MERCH_009,1453100,29062,5231,0,0,0,1418807,INR,PROCESSED,2026-07-06T02:08:50Z,REF-PAY_F6A10AA7
SET_B02B2ED2,MERCH_030,15000000,300000,54000,0,0,0,14646000,INR,PROCESSED,2026-08-16T22:20:33Z,SETTLE-MERCH_030-HV
SET_0179D411,MERCH_016,1992700,39854,7173,0,0,0,1945673,INR,PROCESSED,2026-08-09T09:43:59Z,REF-PAY_846A9FD6
SET_9C9A6317,MERCH_019,781300,15626,2812,0,0,0,762862,INR,PROCESSED,2026-08-08T14:02:15Z,REF-PAY_E9E2DB6F
SET_BDC799B6,MERCH_039,60000000,1200000,216000,0,0,0,58584000,INR,PROCESSED,2026-07-24T10:52:55Z,SETTLE-MERCH_039-HV
SET_4D0873B9,MERCH_043,1109100,22182,3992,0,0,0,1082926,INR,PROCESSED,2026-08-11T04:15:04Z,SETTLE-MERCH_043-BULK
SET_8B741A59,MERCH_033,441300,8826,1588,0,441300,0,-10414,INR,PROCESSED,2026-07-07T22:29:07Z,REF-PAY_6BA5B14E
SET_52E6A6E0,MERCH_044,1349000,26980,4856,0,0,0,1317164,INR,PROCESSED,2026-08-21T10:56:41Z,REF-PAY_AA111B0C
SET_D1531981,MERCH_022,595600,11912,2144,0,0,0,581544,INR,PROCESSED,2026-07-31T19:05:41Z,REF-PAY_7870683E
SET_6D4576A8,MERCH_015,1479100,29582,5324,0,0,0,1444194,INR,PROCESSED,2026-08-20T15:07:10Z,REF-PAY_530C523C
SET_677FB9BF,MERCH_041,1042500,20850,3753,521250,0,0,496647,INR,PROCESSED,2026-08-10T08:14:04Z,REF-PAY_94CD96E7
SET_057315FA,MERCH_032,1403400,28068,5052,0,0,0,1321480,INR,PROCESSED,2026-07-13T01:06:35Z,REF-PAY_A5C1FBBE
SET_6830363E,MERCH_010,1197800,23956,4312,598900,0,0,570632,INR,PROCESSED,2026-07-29T18:47:21Z,REF-PAY_F2EEBACD
SET_20D3D723,MERCH_028,1194100,23882,4298,0,1194100,0,-28180,INR,PROCESSED,2026-08-07T20:16:32Z,REF-PAY_75C6187E
SET_2F996CCE,MERCH_020,995600,19912,3584,0,0,0,972104,INR,PROCESSED,2026-07-07T20:41:42Z,REF-PAY_B25E77B7
SET_FD8EB1D4,MERCH_026,1461700,29234,5262,0,0,0,1427204,INR,PROCESSED,2026-08-14T02:37:07Z,REF-PAY_F9A44491
SET_D0C24D47,MERCH_040,1129700,22594,4066,0,0,0,1103040,INR,PROCESSED,2026-07-22T09:10:45Z,SETTLE-MERCH_040-BULK
SET_915C93EE,MERCH_005,305000,6100,1098,0,305000,0,-7198,INR,PROCESSED,2026-08-12T05:16:27Z,REF-PAY_FB9CF4C0
SET_D2FD5723,MERCH_033,1394000,27880,5018,0,0,0,1361102,INR,PROCESSED,2026-08-15T17:28:10Z,REF-PAY_BADEC238
SET_0BE0F602,MERCH_037,874600,17492,3148,0,0,0,853960,INR,PROCESSED,2026-08-17T03:15:00Z,REF-PAY_F338F510
SET_3C9AB6B1,MERCH_024,1015300,20306,3655,0,0,0,991389,INR,PROCESSED,2026-07-20T05:42:53Z,REF-PAY_C5F5F0F1
SET_D6E13675,MERCH_009,374100,7482,1346,0,0,0,365272,INR,PROCESSED,2026-09-03T17:25:25Z,SETTLE-MERCH_009-BULK
SET_46F4E5F7,MERCH_024,981200,19624,3532,0,0,0,958044,INR,PROCESSED,2026-08-17T05:23:17Z,REF-PAY_1206D9B9
SET_71AE59C9,MERCH_041,1241500,24830,4469,620750,0,0,591451,INR,PROCESSED,2026-09-02T04:28:27Z,REF-PAY_F84910A0
SET_59A2A832,MERCH_005,1085100,21702,3906,0,0,0,1059492,INR,PROCESSED,2026-07-24T23:04:10Z,REF-PAY_AC05120B-TYPO
SET_FAE77F02,MERCH_003,927300,18546,3338,0,0,0,876316,INR,PROCESSED,2026-07-17T23:43:08Z,REF-PAY_ED12A743
SET_486A4885,MERCH_046,928700,18574,3343,0,0,0,906783,INR,PROCESSED,2026-07-20T09:54:06Z,REF-PAY_858AEF59
SET_50EB5E33,MERCH_018,943000,18860,3394,0,0,0,920746,INR,PROCESSED,2026-07-13T01:21:04Z,REF-PAY_4DD92F9F-TYPO
SET_A5F9C3AB,MERCH_005,426400,8528,1535,0,426400,0,-10063,INR,PROCESSED,2026-07-04T20:09:59Z,REF-PAY_520E9889
SET_69856E2B,MERCH_016,153700,3074,553,0,0,0,150073,INR,PROCESSED,2026-07-04T22:33:06Z,REF-PAY_9FA8F280
SET_2E6BCD7B,MERCH_015,672400,13448,2420,0,0,0,656532,INR,PROCESSED,2026-08-02T14:02:35Z,REF-PAY_BCE21003
SET_DB15FF99,MERCH_022,1592100,31842,5731,0,0,0,1540427,INR,PROCESSED,2026-09-03T13:11:43Z,REF-PAY_1C2B5D20
SET_627A5EE2,MERCH_032,1150900,23018,4143,0,0,0,1123739,INR,PROCESSED,2026-07-15T07:29:10Z,REF-PAY_911FFC79
SET_02BC106A,MERCH_027,899800,17996,3239,0,0,0,878565,INR,PROCESSED,2026-07-19T13:44:07Z,SETTLE-MERCH_027-BULK
SET_D16FB54F,MERCH_010,458400,9168,1650,0,458400,0,-10818,INR,PROCESSED,2026-09-01T21:14:36Z,REF-PAY_1E0A8656
SET_B0AFF378,MERCH_035,537600,10752,1935,0,0,0,524913,INR,PROCESSED,2026-07-05T10:45:18Z,REF-PAY_BC816A21
SET_56DF8DA6,MERCH_029,1676400,33528,6035,0,0,0,1636837,INR,PROCESSED,2026-07-25T20:38:02Z,REF-PAY_3789C4E3-TYPO
SET_70C5C2FD,MERCH_011,728700,14574,2623,0,0,0,711503,INR,PROCESSED,2026-07-25T15:22:16Z,REF-PAY_41A2A82A
SET_AEC61024,MERCH_032,1709100,34182,6152,0,0,0,1668766,INR,PROCESSED,2026-08-23T06:41:06Z,REF-PAY_142305F5
SET_0B2CA28F,MERCH_044,1381100,27622,4971,0,0,0,1348507,INR,PROCESSED,2026-08-16T16:08:11Z,REF-PAY_0128F946
SET_7978DB65,MERCH_011,1221600,24432,4397,0,0,0,1192771,INR,PROCESSED,2026-07-22T18:01:40Z,SETTLE-MERCH_011-BULK
SET_63C2F8B8,MERCH_029,1744300,34886,6279,0,0,0,1703135,INR,PROCESSED,2026-08-07T01:37:31Z,REF-PAY_B1E8BD5E-TYPO
SET_4841B832,MERCH_048,521000,10420,1875,0,0,0,508705,INR,PROCESSED,2026-08-13T22:36:14Z,REF-PAY_5C1B0D90
SET_7577CDF7,MERCH_035,891300,17826,3208,445650,0,0,424616,INR,PROCESSED,2026-08-15T12:23:43Z,REF-PAY_247962E8
SET_F975E9A3,MERCH_022,575600,11512,2072,0,0,0,521416,INR,PROCESSED,2026-08-01T11:26:51Z,REF-PAY_BA667E38
SET_976F98BA,MERCH_044,1830300,36606,6589,0,0,0,1787005,INR,PROCESSED,2026-08-18T08:19:09Z,REF-PAY_61421ED7
SET_E1E1689E,MERCH_009,430700,8614,1550,0,0,0,420586,INR,PROCESSED,2026-08-07T10:33:02Z,REF-PAY_BD1C0D2E
SET_52B4AEC7,MERCH_041,641000,12820,2307,0,0,0,625773,INR,PROCESSED,2026-08-20T06:45:37Z,REF-PAY_5CE99C0A
SET_ADFA0C64,MERCH_007,633100,12662,2279,0,0,0,618159,INR,PROCESSED,2026-08-08T00:57:08Z,REF-PAY_B93B93D8
SET_8515393B,MERCH_045,683000,13660,2458,0,0,0,624282,INR,PROCESSED,2026-08-02T09:33:07Z,REF-PAY_6A2D1293
SET_137B811E,MERCH_013,207200,4144,745,0,0,0,202311,INR,PROCESSED,2026-07-15T10:39:00Z,REF-PAY_4FC02E0E
SET_F067D2D9,MERCH_010,1060600,21212,3818,0,0,0,1035570,INR,PROCESSED,2026-08-13T00:18:14Z,REF-PAY_104CB602
SET_1B43419C,MERCH_038,764100,15282,2750,382050,0,0,364018,INR,PROCESSED,2026-08-12T04:30:11Z,REF-PAY_E2D82E78
SET_5B5FDAB9,MERCH_008,1753800,35076,6313,0,0,0,1684311,INR,PROCESSED,2026-07-12T05:55:03Z,REF-PAY_BCA07743
SET_ADF5D0BB,MERCH_026,1210400,24208,4357,0,0,0,1181835,INR,PROCESSED,2026-07-17T10:27:37Z,REF-PAY_904B2F44
SET_87C62D64,MERCH_008,738400,14768,2658,0,0,0,720874,INR,PROCESSED,2026-07-31T11:18:40Z,REF-PAY_8B385EB7
SET_5156A32A,MERCH_016,1661200,33224,5980,0,0,0,1621996,INR,PROCESSED,2026-07-18T00:44:32Z,REF-PAY_068E0995
SET_92B1E5AD,MERCH_037,994700,19894,3580,0,0,0,971226,INR,PROCESSED,2026-09-03T16:52:05Z,REF-PAY_77982550
SET_90896F4B,MERCH_044,252400,5048,908,0,252400,0,-5956,INR,PROCESSED,2026-08-10T21:27:39Z,REF-PAY_61DADBC0
SET_21042EDF,MERCH_042,626400,12528,2255,0,0,0,611517,INR,PROCESSED,2026-08-20T12:24:42Z,REF-PAY_962F7014
SET_3453F319,MERCH_043,35800,716,128,0,0,0,34956,INR,PROCESSED,2026-07-28T18:35:39Z,REF-PAY_DEDA3F1D
SET_F7A7F015,MERCH_038,478200,9564,1721,0,0,0,466915,INR,PROCESSED,2026-08-01T20:44:06Z,REF-PAY_0DADAEB5
SET_CDC01E9A,MERCH_007,1544000,30880,5558,0,1544000,0,-36438,INR,PROCESSED,2026-07-09T00:09:35Z,REF-PAY_2777349D
SET_0CD70B68,MERCH_030,1778700,35574,6403,0,0,0,1736723,INR,PROCESSED,2026-07-07T05:02:58Z,REF-PAY_90E4A437
SET_5ED11D05,MERCH_006,1780200,35604,6408,0,0,0,1738188,INR,PROCESSED,2026-08-12T00:42:33Z,REF-PAY_1B58DC14
SET_8C11C971,MERCH_034,1319600,26392,4750,0,1319600,0,-31142,INR,PROCESSED,2026-08-26T22:01:15Z,REF-PAY_86EA5A63
SET_511C006F,MERCH_011,1034500,20690,3724,0,0,0,1010086,INR,PROCESSED,2026-07-07T14:20:02Z,REF-PAY_8660B292
SET_B865FA5E,MERCH_009,1973400,39468,7104,0,0,0,1926828,INR,PROCESSED,2026-08-08T14:41:42Z,REF-PAY_34112552
SET_2D2DD39D,MERCH_026,338400,6768,1218,0,0,0,330314,INR,PROCESSED,2026-07-07T21:22:52Z,REF-PAY_C9AEB3BA
SET_6DD61C37,MERCH_041,1250200,25004,4500,0,0,0,1220696,INR,PROCESSED,2026-08-24T15:55:45Z,REF-PAY_267521F7
SET_13AA6DFB,MERCH_028,1648100,32962,5933,0,0,0,1609205,INR,PROCESSED,2026-08-07T12:31:56Z,REF-PAY_D6AB375A
SET_25CC293C,MERCH_035,448300,8966,1613,0,0,0,437721,INR,PROCESSED,2026-08-19T10:22:31Z,REF-PAY_326B73FE
SET_490E6EB3,MERCH_017,518100,10362,1865,0,0,0,505773,INR,PROCESSED,2026-07-30T22:48:00Z,REF-PAY_23AEA66E
SET_61825C2B,MERCH_002,842900,16858,3034,0,0,0,823008,INR,PROCESSED,2026-08-06T10:57:34Z,REF-PAY_F8943C0A-TYPO
SET_1397F644,MERCH_002,138900,2778,500,0,0,0,135622,INR,PROCESSED,2026-07-28T20:22:20Z,REF-PAY_CA45E022
SET_3486D152,MERCH_038,151900,3038,546,0,0,0,148316,INR,PROCESSED,2026-07-20T10:22:57Z,REF-PAY_9492B0D1
SET_8C15199D,MERCH_018,809000,16180,2912,0,0,0,789908,INR,PROCESSED,2026-07-18T23:38:31Z,REF-PAY_5626F0DA
SET_2F7F313D,MERCH_031,374600,7492,1348,0,0,0,365760,INR,PROCESSED,2026-07-11T22:54:05Z,REF-PAY_7DAFD7AC
SET_9BC31309,MERCH_011,1939800,38796,6983,0,0,0,1894021,INR,PROCESSED,2026-08-12T18:54:27Z,REF-PAY_A188CFFC-TYPO
SET_024B9EFA,MERCH_017,1730300,34606,6229,0,0,0,1689465,INR,PROCESSED,2026-08-23T07:33:02Z,REF-PAY_7C34C3A4
SET_CC39D4EF,MERCH_035,957800,19156,3448,0,0,0,924896,INR,PROCESSED,2026-07-29T18:40:03Z,REF-PAY_7AF403A4
SET_3A9D8DF4,MERCH_043,1281200,25624,4612,0,0,0,1250964,INR,PROCESSED,2026-07-21T01:41:01Z,REF-PAY_5A7CC10E
SET_B240E2DD,MERCH_017,1027600,20552,3699,0,0,0,1003349,INR,PROCESSED,2026-08-08T03:21:41Z,REF-PAY_ACC70383
SET_128EC0DE,MERCH_004,1157600,23152,4167,0,0,0,1130281,INR,PROCESSED,2026-08-21T01:19:01Z,REF-PAY_B3B90249
SET_9DCC747A,MERCH_039,935900,18718,3369,0,0,0,913813,INR,PROCESSED,2026-07-04T06:25:37Z,REF-PAY_84C6D386
SET_7F87EFCE,MERCH_006,70100,1402,252,0,0,0,68446,INR,PROCESSED,2026-07-18T16:41:02Z,REF-PAY_7768FBB0
SET_FB7D150A,MERCH_018,1282800,25656,4618,0,0,0,1252526,INR,PROCESSED,2026-07-28T05:17:24Z,REF-PAY_015A18B3-TYPO
SET_2326B7DB,MERCH_033,1425500,28510,5131,0,0,0,1391859,INR,PROCESSED,2026-07-22T05:54:27Z,REF-PAY_110E7395
SET_580BE961,MERCH_030,1228300,24566,4421,0,0,0,1199313,INR,PROCESSED,2026-08-25T21:41:47Z,REF-PAY_B7C8C020
SET_9A71DC1C,MERCH_011,1309000,26180,4712,0,0,0,1278108,INR,PROCESSED,2026-08-09T11:50:14Z,REF-PAY_DDB382A5
SET_D0A19ECC,MERCH_002,1488300,29766,5357,0,0,0,1453177,INR,PROCESSED,2026-08-24T07:39:06Z,REF-PAY_A931EC5D
SET_527C98B1,MERCH_012,101600,2032,365,50800,0,0,48403,INR,PROCESSED,2026-07-06T22:31:39Z,REF-PAY_C575BC7A
SET_FB2947BD,MERCH_041,1653700,33074,5953,0,0,0,1614673,INR,PROCESSED,2026-07-24T20:26:41Z,SETTLE-MERCH_041-BULK
SET_96E45EE0,MERCH_039,1455200,29104,5238,0,0,0,1420758,INR,PROCESSED,2026-07-18T19:28:55Z,REF-PAY_3D64F4A7
SET_19B3888F,MERCH_011,1193300,23866,4295,0,0,0,1165139,INR,PROCESSED,2026-07-06T15:16:33Z,REF-PAY_744865F6
SET_9ADCDDB9,MERCH_041,1763000,35260,6346,0,0,0,1721394,INR,PROCESSED,2026-08-10T20:46:29Z,REF-PAY_B4FA71C8
SET_D797268F,MERCH_038,1957000,39140,7045,0,0,0,1899815,INR,PROCESSED,2026-07-20T00:52:55Z,REF-PAY_9E188CFC
SET_95179274,MERCH_037,487200,9744,1753,0,0,0,475703,INR,PROCESSED,2026-08-31T11:11:52Z,REF-PAY_7B23AD66
SET_907B1BB6,MERCH_026,317100,6342,1141,0,0,0,309617,INR,PROCESSED,2026-08-13T02:32:38Z,REF-PAY_ADDA13C4
SET_EE612D97,MERCH_035,1921900,38438,6918,0,0,0,1876544,INR,PROCESSED,2026-08-06T13:34:49Z,REF-PAY_A5C7961B
SET_6C7A6DC9,MERCH_007,372800,7456,1342,0,0,0,364002,INR,PROCESSED,2026-07-11T04:31:55Z,REF-PAY_8C1549E8
SET_912C030D,MERCH_041,31400,628,113,0,0,0,5759,INR,PROCESSED,2026-08-22T17:51:51Z,REF-PAY_DC3D2803
SET_205F36BE,MERCH_047,1857000,37140,6685,0,0,0,1813175,INR,PROCESSED,2026-08-07T20:59:27Z,REF-PAY_72F6CBFE-TYPO
SET_2C3C0B77,MERCH_036,174400,3488,627,0,0,0,170285,INR,PROCESSED,2026-08-02T03:11:47Z,REF-PAY_9B0472F1
SET_F629654B,MERCH_004,1778000,35560,6400,0,0,0,1736040,INR,PROCESSED,2026-09-03T14:18:09Z,REF-PAY_AB9D4029-TYPO
SET_E0361ED6,MERCH_025,733900,14678,2642,0,0,0,716580,INR,PROCESSED,2026-07-11T20:06:01Z,REF-PAY_1A97DB50
SET_4194C94E,MERCH_037,481300,9626,1732,0,0,0,469942,INR,PROCESSED,2026-08-25T00:09:49Z,REF-PAY_71EA878F-TYPO
SET_AEE13133,MERCH_046,652100,13042,2347,0,0,0,636611,INR,PROCESSED,2026-07-23T10:53:52Z,REF-PAY_E66BF39C
SET_4DD9A528,MERCH_001,1901400,38028,6845,0,0,0,1856527,INR,PROCESSED,2026-08-21T14:44:20Z,REF-PAY_B70DCDDA
SET_B7A28857,MERCH_024,961400,19228,3461,0,0,0,938711,INR,PROCESSED,2026-07-22T07:40:14Z,REF-PAY_C782FFE7
SET_C195111D,MERCH_010,1134100,22682,4082,0,0,0,1107336,INR,PROCESSED,2026-08-18T13:10:36Z,REF-PAY_18715B41
SET_F01B6D6A,MERCH_044,885100,17702,3186,0,885100,0,-20888,INR,PROCESSED,2026-08-16T20:29:14Z,REF-PAY_F7ED5EF0
SET_9B8A77CA,MERCH_026,1143600,22872,4116,0,1143600,0,-26988,INR,PROCESSED,2026-08-13T15:49:20Z,REF-PAY_DEB1CB81
SET_207655C7,MERCH_022,418200,8364,1505,0,0,0,408331,INR,PROCESSED,2026-07-04T20:55:01Z,REF-PAY_B4B3FB3E
SET_29101B7D,MERCH_015,943800,18876,3397,0,0,0,921527,INR,PROCESSED,2026-08-19T09:31:03Z,REF-PAY_BD767B50
SET_2D04B2B4,MERCH_002,1753400,35068,6312,0,1753400,0,-41380,INR,PROCESSED,2026-09-03T12:42:06Z,REF-PAY_882589B1
SET_16E79898,MERCH_028,223100,4462,803,0,0,0,201335,INR,PROCESSED,2026-07-25T09:45:13Z,REF-PAY_9C19AA71
SET_B8FAA0D1,MERCH_026,1827200,36544,6577,0,0,0,1784079,INR,PROCESSED,2026-07-20T04:00:14Z,REF-PAY_F29EB37B
SET_5AF46DDB,MERCH_049,1226500,24530,4415,0,0,0,1197555,INR,PROCESSED,2026-08-15T10:10:02Z,REF-PAY_991D21D5
SET_9A4E9FD1,MERCH_028,60000000,1200000,216000,0,0,0,58584000,INR,PROCESSED,2026-07-29T23:38:08Z,SETTLE-MERCH_028-HV
SET_F4E66CF2,MERCH_038,55900,1118,201,0,0,0,54581,INR,PROCESSED,2026-07-07T14:59:50Z,REF-PAY_9F73FBD6
SET_EF0E49F7,MERCH_008,1504400,30088,5415,0,0,0,1468797,INR,PROCESSED,2026-07-24T14:50:31Z,REF-PAY_0BCC14A6
SET_507FAA3E,MERCH_024,345900,6918,1245,0,0,0,337787,INR,PROCESSED,2026-07-29T10:25:33Z,REF-PAY_A9EBE385
SET_002492EA,MERCH_015,1829300,36586,6585,0,0,0,1786029,INR,PROCESSED,2026-07-11T23:12:44Z,REF-PAY_3CEAE7EC
SET_06278617,MERCH_036,1682300,33646,6056,0,0,0,1642598,INR,PROCESSED,2026-07-22T23:24:25Z,SETTLE-MERCH_036-BULK
SET_74D46AAF,MERCH_025,1263500,25270,4548,0,0,0,1233682,INR,PROCESSED,2026-07-14T13:33:58Z,REF-PAY_8ADE1A18
SET_4CFE5AAF,MERCH_013,1248000,24960,4492,0,1248000,0,-29452,INR,PROCESSED,2026-07-06T00:36:43Z,REF-PAY_6AD8A438
SET_319D9F1B,MERCH_019,327800,6556,1180,0,0,0,320064,INR,PROCESSED,2026-09-01T05:25:50Z,REF-PAY_0D82A24A
SET_3D4D3E14,MERCH_009,1722900,34458,6202,0,1722900,0,-40660,INR,PROCESSED,2026-07-05T20:00:12Z,REF-PAY_AB1F402A
SET_54B9ACB2,MERCH_023,1370800,27416,4934,0,0,0,1292650,INR,PROCESSED,2026-08-31T12:38:15Z,REF-PAY_9D61AC57
SET_B0731CAB,MERCH_027,864600,17292,3112,0,0,0,844196,INR,PROCESSED,2026-08-13T20:45:31Z,REF-PAY_3BE36F12
SET_04581AC0,MERCH_030,853400,17068,3072,0,0,0,833260,INR,PROCESSED,2026-09-03T00:07:05Z,REF-PAY_05522F60
SET_39F0F064,MERCH_036,106800,2136,384,0,0,0,104330,INR,PROCESSED,2026-07-21T11:05:30Z,REF-PAY_FAD1B754
SET_0E8857A5,MERCH_040,781100,15622,2811,0,0,0,762717,INR,PROCESSED,2026-08-24T12:06:16Z,REF-PAY_F3017F6B
SET_414D37DB,MERCH_041,681400,13628,2453,0,0,0,665319,INR,PROCESSED,2026-08-05T22:30:04Z,REF-PAY_4D527041
SET_00E59CF8,MERCH_021,1637700,32754,5895,0,0,0,1599051,INR,PROCESSED,2026-07-27T18:10:45Z,REF-PAY_31855214
SET_64C90DA2,MERCH_032,125400,2508,451,0,0,0,122441,INR,PROCESSED,2026-08-24T11:20:35Z,REF-PAY_0901ACF1
SET_01733BAE,MERCH_011,1211900,24238,4362,0,0,0,1183300,INR,PROCESSED,2026-08-13T13:55:19Z,REF-PAY_3A81E27C
SET_05E12430,MERCH_008,39900,798,143,0,0,0,38959,INR,PROCESSED,2026-07-30T19:32:02Z,REF-PAY_F4DF0189
SET_3E99C632,MERCH_038,1209300,24186,4353,0,0,0,1180761,INR,PROCESSED,2026-07-19T02:47:10Z,REF-PAY_6A38FC13
SET_50E56C9E,MERCH_046,220100,4402,792,0,0,0,214906,INR,PROCESSED,2026-08-10T01:58:16Z,REF-PAY_FB29D508
SET_30730E6B,MERCH_033,1529300,30586,5505,0,0,0,1493209,INR,PROCESSED,2026-07-30T21:05:46Z,REF-PAY_EDDC3A91
SET_FE10C885,MERCH_026,1019800,20396,3671,0,0,0,995733,INR,PROCESSED,2026-07-31T17:42:54Z,REF-PAY_0A0C59CC
SET_0A42A62C,MERCH_043,1769500,35390,6370,0,0,0,1727740,INR,PROCESSED,2026-08-13T05:00:09Z,REF-PAY_F28735CE
SET_508923B7,MERCH_001,1544300,30886,5559,0,0,0,1507855,INR,PROCESSED,2026-07-09T00:51:50Z,REF-PAY_98817321
SET_E8D128E5,MERCH_038,1849000,36980,6656,0,0,0,1805364,INR,PROCESSED,2026-07-16T00:52:53Z,REF-PAY_ACF9F71A
SET_D9AA7B32,MERCH_039,643000,12860,2314,0,0,0,627826,INR,PROCESSED,2026-07-24T17:19:55Z,REF-PAY_13E65D0B
SET_EC5527F3,MERCH_049,1603900,32078,5774,0,0,0,1566048,INR,PROCESSED,2026-07-19T04:21:37Z,REF-PAY_6B5E907D
SET_82E737D4,MERCH_028,424300,8486,1527,0,0,0,414287,INR,PROCESSED,2026-08-03T02:17:02Z,REF-PAY_3CC4DAF4
SET_16442C25,MERCH_040,836000,16720,3009,0,0,0,796371,INR,PROCESSED,2026-07-31T12:51:18Z,REF-PAY_AB98F58C
SET_42050B3A,MERCH_017,1095200,21904,3942,0,0,0,1069354,INR,PROCESSED,2026-07-24T04:17:31Z,REF-PAY_F4DD11CE
SET_C8BDECDF,MERCH_008,1920600,38412,6914,0,0,0,1875274,INR,PROCESSED,2026-07-21T04:44:45Z,REF-PAY_0A70A1CC
SET_4B7F4EB0,MERCH_011,1437600,28752,5175,0,0,0,1403673,INR,PROCESSED,2026-08-12T17:52:09Z,REF-PAY_C2893970
SET_0865EEBD,MERCH_011,1630400,32608,5869,0,0,0,1591923,INR,PROCESSED,2026-08-09T19:19:50Z,REF-PAY_FE182C63
SET_51F9590A,MERCH_045,1527800,30556,5500,0,0,0,1491744,INR,PROCESSED,2026-08-03T08:58:42Z,REF-PAY_5BBEAF2D
SET_C332829F,MERCH_020,1770300,35406,6373,0,0,0,1728521,INR,PROCESSED,2026-08-08T14:23:13Z,REF-PAY_A21CE8A3
SET_1B837DCD,MERCH_040,1387100,27742,4993,0,0,0,1354365,INR,PROCESSED,2026-07-21T10:11:21Z,REF-PAY_98F99B78
SET_AC0475A1,MERCH_045,572600,11452,2061,0,0,0,558987,INR,PROCESSED,2026-08-15T04:15:31Z,REF-PAY_AC535E68
SET_DAB11147,MERCH_015,649200,12984,2337,0,0,0,633879,INR,PROCESSED,2026-07-17T16:46:23Z,REF-PAY_4A28CD14-TYPO
SET_F2180C4A,MERCH_007,422400,8448,1520,0,0,0,412432,INR,PROCESSED,2026-09-02T09:15:52Z,REF-PAY_7114A61B
SET_83822514,MERCH_030,1410300,28206,5077,0,0,0,1377017,INR,PROCESSED,2026-08-05T07:15:05Z,REF-PAY_9F42EC01
SET_00DED5A2,MERCH_003,517800,10356,1864,0,0,0,505580,INR,PROCESSED,2026-08-18T22:35:00Z,REF-PAY_CA98666A-TYPO
SET_E04BD460,MERCH_039,1859900,37198,6695,0,0,0,1816007,INR,PROCESSED,2026-07-08T01:53:39Z,REF-PAY_95CCBE6D
SET_4BCB1C55,MERCH_041,404900,8098,1457,0,0,0,395345,INR,PROCESSED,2026-07-05T17:00:04Z,REF-PAY_8C5F015D
SET_C3C14D23,MERCH_015,1072600,21452,3861,0,0,0,1004387,INR,PROCESSED,2026-08-11T15:22:38Z,REF-PAY_527BBE41
SET_09102497,MERCH_042,1080200,21604,3888,0,0,0,1054708,INR,PROCESSED,2026-08-27T04:32:04Z,REF-PAY_7F7B09CC
SET_4E19FF1C,MERCH_043,1505200,30104,5418,0,0,0,1469728,INR,PROCESSED,2026-07-11T06:31:43Z,REF-PAY_309ACCE4
SET_3708C4D2,MERCH_018,1771300,35426,6376,0,0,0,1729498,INR,PROCESSED,2026-08-19T21:13:42Z,REF-PAY_8BA19659
SET_3BC5A97F,MERCH_042,986900,19738,3552,0,0,0,963610,INR,PROCESSED,2026-08-07T19:16:32Z,REF-PAY_F9BE4371
SET_0D6D2627,MERCH_038,1419000,28380,5108,0,0,0,1385512,INR,PROCESSED,2026-07-17T22:34:19Z,REF-PAY_145733AB
SET_715B370A,MERCH_034,405600,8112,1460,0,0,0,396028,INR,PROCESSED,2026-08-07T18:57:40Z,REF-PAY_E45A128E
SET_1FAC1166,MERCH_014,1094800,21896,3941,0,0,0,1065363,INR,PROCESSED,2026-08-08T01:51:24Z,REF-PAY_EF7E36D8
SET_A5481558,MERCH_023,1096700,21934,3948,0,0,0,1070818,INR,PROCESSED,2026-07-31T02:34:07Z,REF-PAY_FB4D3FC8
SET_E7B87115,MERCH_044,180400,3608,649,0,0,0,176143,INR,PROCESSED,2026-07-03T23:12:26Z,REF-PAY_7C9425CE
SET_2CD9F583,MERCH_005,1559200,31184,5613,0,0,0,1522403,INR,PROCESSED,2026-08-25T23:21:37Z,REF-PAY_7D5D4E4F
SET_12FCEC01,MERCH_021,1187600,23752,4275,593800,0,0,565773,INR,PROCESSED,2026-08-11T22:27:15Z,REF-PAY_E1ACDE0F
SET_904B39BD,MERCH_015,975900,19518,3513,0,0,0,952869,INR,PROCESSED,2026-08-05T09:36:52Z,REF-PAY_9F15A9BB
SET_D209084E,MERCH_037,1012000,20240,3643,0,0,0,988117,INR,PROCESSED,2026-08-27T03:59:18Z,REF-PAY_481D9376
SET_BCED82BF,MERCH_047,1173700,23474,4225,0,0,0,1146001,INR,PROCESSED,2026-09-02T00:49:21Z,SETTLE-MERCH_047-BULK
SET_7E67E2E4,MERCH_031,1798600,35972,6474,0,0,0,1756154,INR,PROCESSED,2026-08-20T04:52:39Z,REF-PAY_D4E91FC9
SET_7CCFD7E9,MERCH_028,373300,7466,1343,0,0,0,364491,INR,PROCESSED,2026-08-19T02:20:20Z,REF-PAY_C778A6C3
SET_E28FD235,MERCH_014,1227400,24548,4418,0,0,0,1198434,INR,PROCESSED,2026-07-10T14:23:52Z,REF-PAY_414C1585
SET_B61FF35D,MERCH_029,631500,12630,2273,0,0,0,616597,INR,PROCESSED,2026-07-18T06:11:46Z,REF-PAY_FF96CBC7
SET_9E5B96FB,MERCH_032,1670700,33414,6014,0,0,0,1631272,INR,PROCESSED,2026-08-21T04:06:39Z,REF-PAY_454DD87B-TYPO
SET_203A8AA1,MERCH_048,1368200,27364,4925,0,0,0,1335911,INR,PROCESSED,2026-07-08T09:24:58Z,REF-PAY_5D96C638
SET_B08CC6B9,MERCH_010,1766200,35324,6358,0,0,0,1724518,INR,PROCESSED,2026-08-20T05:54:01Z,REF-PAY_62764F4E
SET_63223104,MERCH_036,547700,10954,1971,0,0,0,534775,INR,PROCESSED,2026-09-03T01:52:57Z,REF-PAY_76958863
SET_869ECB1D,MERCH_011,1333000,26660,4798,0,0,0,1301542,INR,PROCESSED,2026-08-14T04:12:05Z,REF-PAY_3A105F6D
SET_15E9379C,MERCH_004,1976400,39528,7115,0,0,0,1929757,INR,PROCESSED,2026-09-01T17:05:39Z,SETTLE-MERCH_004-BULK
SET_7FF9E58F,MERCH_048,617500,12350,2223,0,0,0,602927,INR,PROCESSED,2026-08-03T10:40:07Z,REF-PAY_3C74C0C3
SET_83000D9E,MERCH_024,1532700,30654,5517,0,0,0,1496529,INR,PROCESSED,2026-08-18T22:09:19Z,REF-PAY_B6EFCC71
SET_06700CCC,MERCH_010,1966900,39338,7080,0,0,0,1920382,INR,PROCESSED,2026-08-31T11:34:17Z,REF-PAY_194410F1
SET_0A145DEF,MERCH_035,1156800,23136,4164,0,0,0,1129500,INR,PROCESSED,2026-07-06T18:07:54Z,REF-PAY_766F50AD
SET_5E1CD61A,MERCH_029,1496300,29926,5386,0,0,0,1460988,INR,PROCESSED,2026-07-11T02:17:54Z,REF-PAY_CA101E62
SET_7A70226E,MERCH_024,609100,12182,2192,0,0,0,594726,INR,PROCESSED,2026-08-01T04:29:23Z,REF-PAY_47ED39C8
SET_4F64D72B,MERCH_048,603800,12076,2173,0,0,0,589551,INR,PROCESSED,2026-07-08T12:39:49Z,REF-PAY_3A0CA86A
SET_DDA2E7A9,MERCH_037,77200,1544,277,0,0,0,75379,INR,PROCESSED,2026-08-03T08:10:24Z,REF-PAY_ED92FFB5
SET_41584102,MERCH_019,1985800,39716,7148,0,0,0,1938936,INR,PROCESSED,2026-09-02T19:52:27Z,REF-PAY_28C565EF
SET_E049F5A6,MERCH_020,1644000,32880,5918,0,0,0,1605202,INR,PROCESSED,2026-07-03T23:04:45Z,REF-PAY_CAE4A0F6
SET_E3986E65,MERCH_044,1771800,35436,6378,0,0,0,1729986,INR,PROCESSED,2026-07-05T19:58:51Z,REF-PAY_613CE507
SET_7A4744DD,MERCH_004,1975400,39508,7111,0,0,0,1928781,INR,PROCESSED,2026-07-17T18:28:18Z,REF-PAY_46312F05
SET_8BBAF752,MERCH_044,1433700,28674,5161,0,0,0,1399865,INR,PROCESSED,2026-07-25T03:58:28Z,REF-PAY_0ED5F033
SET_D8F8FE4B,MERCH_048,79800,1596,287,0,0,0,77917,INR,PROCESSED,2026-07-25T23:40:33Z,REF-PAY_DD37F273
SET_C07273F4,MERCH_010,32700,654,117,0,0,0,31929,INR,PROCESSED,2026-08-12T02:50:52Z,REF-PAY_8F8FC715
SET_B0505392,MERCH_032,298300,5966,1073,0,0,0,273561,INR,PROCESSED,2026-09-01T21:43:49Z,REF-PAY_E56A712C
SET_FFF359E5,MERCH_009,861800,17236,3102,0,0,0,841462,INR,PROCESSED,2026-08-24T13:05:49Z,REF-PAY_10D06A97
SET_44FC35CF,MERCH_044,1375300,27506,4951,0,0,0,1342843,INR,PROCESSED,2026-09-03T11:17:49Z,REF-PAY_120AE1FE
SET_5940F9E4,MERCH_010,1008800,20176,3631,0,0,0,984993,INR,PROCESSED,2026-08-16T14:21:00Z,REF-PAY_1C93913B-TYPO
SET_ACF768B6,MERCH_028,913400,18268,3288,0,0,0,891844,INR,PROCESSED,2026-07-26T06:12:05Z,REF-PAY_3AB54FA6
SET_D0F96D07,MERCH_024,1060600,21212,3818,530300,0,0,505270,INR,PROCESSED,2026-08-26T16:42:28Z,REF-PAY_B253AF39
SET_D7BDFAAC,MERCH_013,1572200,31444,5659,786100,0,0,748997,INR,PROCESSED,2026-08-28T03:00:04Z,REF-PAY_CA566C73
SET_B74E659E,MERCH_015,1574800,31496,5669,0,0,0,1537635,INR,PROCESSED,2026-07-29T14:10:46Z,REF-PAY_17D602CB
SET_E706E181,MERCH_005,1274200,25484,4587,0,0,0,1244129,INR,PROCESSED,2026-07-17T02:59:33Z,REF-PAY_10875D93
SET_141B8F4A,MERCH_008,1894000,37880,6818,0,0,0,1849302,INR,PROCESSED,2026-08-12T23:56:50Z,REF-PAY_4B957F0C
SET_FA148DAF,MERCH_032,245700,4914,884,0,0,0,200002,INR,PROCESSED,2026-08-12T22:26:52Z,REF-PAY_AAE42C96
SET_B3536725,MERCH_016,1267900,25358,4564,0,0,0,1237978,INR,PROCESSED,2026-07-21T03:24:23Z,REF-PAY_8E28C7D3
SET_0F675E00,MERCH_021,1009200,20184,3633,0,0,0,985383,INR,PROCESSED,2026-08-31T10:00:17Z,REF-PAY_7B88056E
SET_40D9AD97,MERCH_007,196400,3928,707,0,0,0,191765,INR,PROCESSED,2026-08-14T09:57:35Z,REF-PAY_13F57916
SET_55495DFC,MERCH_042,1491300,29826,5368,0,0,0,1456106,INR,PROCESSED,2026-08-05T04:21:09Z,REF-PAY_C2DDD2B3
SET_0794F165,MERCH_010,436500,8730,1571,0,0,0,426199,INR,PROCESSED,2026-07-08T05:24:46Z,REF-PAY_A081C8DE
SET_E27B49B8,MERCH_044,817400,16348,2942,0,817400,0,-19290,INR,PROCESSED,2026-07-30T13:31:18Z,REF-PAY_02C95EA1
SET_D9B805C5,MERCH_021,1040600,20812,3746,0,0,0,1016042,INR,PROCESSED,2026-08-17T11:51:17Z,REF-PAY_CFD382B2
SET_7777E36C,MERCH_004,841000,16820,3027,0,0,0,821153,INR,PROCESSED,2026-08-25T06:34:22Z,REF-PAY_A9D77566
SET_80CB2D59,MERCH_020,380500,7610,1369,0,0,0,371521,INR,PROCESSED,2026-07-17T19:28:03Z,REF-PAY_6CA2ADDB
SET_7C1C4BFD,MERCH_005,1974000,39480,7106,0,0,0,1927414,INR,PROCESSED,2026-08-28T15:06:03Z,REF-PAY_4E007B0E
SET_3D326AF9,MERCH_028,1937400,38748,6974,0,0,0,1891678,INR,PROCESSED,2026-07-07T16:40:02Z,REF-PAY_7B16036D
SET_42757D57,MERCH_035,865400,17308,3115,0,0,0,845027,INR,PROCESSED,2026-08-19T03:53:42Z,REF-PAY_34E4AFA1
SET_49F27D45,MERCH_034,1477800,29556,5320,0,0,0,1442924,INR,PROCESSED,2026-08-05T13:58:29Z,REF-PAY_9F23FCEE
SET_E37B1DD5,MERCH_011,1976200,39524,7114,0,0,0,1929562,INR,PROCESSED,2026-08-05T05:55:02Z,REF-PAY_95BBBB48
SET_E990F373,MERCH_013,1561000,31220,5619,0,0,0,1524161,INR,PROCESSED,2026-08-24T02:00:55Z,REF-PAY_8BFCAE32
SET_BBAE1257,MERCH_045,1412100,28242,5083,0,0,0,1378775,INR,PROCESSED,2026-07-14T05:13:32Z,REF-PAY_CEC6E2A9
SET_53749CEF,MERCH_002,555700,11114,2000,0,0,0,542586,INR,PROCESSED,2026-08-20T17:39:32Z,REF-PAY_A1AB1113
SET_DD9166CA,MERCH_039,769900,15398,2771,0,0,0,751631,INR,PROCESSED,2026-08-13T21:00:14Z,REF-PAY_B45A8FD5
SET_D06171A7,MERCH_045,441500,8830,1589,0,0,0,431081,INR,PROCESSED,2026-08-12T05:39:41Z,REF-PAY_84F8777A
SET_1A56A4D7,MERCH_005,467300,9346,1682,0,0,0,456272,INR,PROCESSED,2026-08-08T16:48:32Z,REF-PAY_27783BD1
SET_A98A29F4,MERCH_040,1247300,24946,4490,0,0,0,1217764,INR,PROCESSED,2026-08-14T10:53:25Z,REF-PAY_7A6CFA4E
SET_CD2DBD2E,MERCH_044,1308700,26174,4711,0,0,0,1267415,INR,PROCESSED,2026-08-14T09:45:47Z,REF-PAY_8E030A1E
SET_BDFF861F,MERCH_021,168000,3360,604,0,0,0,164036,INR,PROCESSED,2026-08-25T02:14:12Z,REF-PAY_5BF555FB
SET_BFD51261,MERCH_049,503500,10070,1812,0,0,0,491618,INR,PROCESSED,2026-07-03T00:26:11Z,REF-PAY_07A46C8F
SET_2ABF00DD,MERCH_047,1972000,39440,7099,0,0,0,1925461,INR,PROCESSED,2026-08-18T04:28:25Z,REF-PAY_C1D3AC51
SET_DAF43D8B,MERCH_039,1177900,23558,4240,0,0,0,1150102,INR,PROCESSED,2026-08-30T16:49:14Z,SETTLE-MERCH_039-BULK
SET_2B989028,MERCH_034,156500,3130,563,0,0,0,152807,INR,PROCESSED,2026-07-18T09:54:25Z,REF-PAY_8406CAE3
SET_4F113E78,MERCH_044,736200,14724,2650,0,0,0,718826,INR,PROCESSED,2026-07-24T18:50:39Z,REF-PAY_6F292AEB
SET_FCCE9C47,MERCH_039,1684500,33690,6064,842250,0,0,802496,INR,PROCESSED,2026-07-13T22:36:33Z,REF-PAY_B8C0C0C7
SET_A69E725C,MERCH_045,1620100,32402,5832,0,0,0,1581866,INR,PROCESSED,2026-07-03T05:08:32Z,REF-PAY_8A290B9B
SET_C400E68C,MERCH_017,1771400,35428,6377,0,0,0,1729595,INR,PROCESSED,2026-08-09T11:35:30Z,REF-PAY_22871B23
SET_4CE0E2BF,MERCH_024,337400,6748,1214,0,0,0,329438,INR,PROCESSED,2026-07-17T14:42:02Z,REF-PAY_53470CD7
SET_634872E8,MERCH_029,1847000,36940,6649,0,0,0,1803411,INR,PROCESSED,2026-08-07T00:49:42Z,REF-PAY_5F70187C
SET_1D4804AA,MERCH_022,157700,3154,567,0,0,0,153979,INR,PROCESSED,2026-07-21T17:06:53Z,REF-PAY_F13261DB
SET_3ECF7D08,MERCH_045,10400,208,37,0,0,0,10155,INR,PROCESSED,2026-09-02T22:04:56Z,REF-PAY_21B6C5A4
SET_0BF3CF85,MERCH_017,1608800,32176,5791,0,0,0,1570833,INR,PROCESSED,2026-08-17T11:25:33Z,REF-PAY_E76794B8-TYPO
SET_1FA10AF2,MERCH_021,86000,1720,309,0,0,0,83971,INR,PROCESSED,2026-07-24T23:04:21Z,REF-PAY_417A6569
SET_44C25190,MERCH_019,715500,14310,2575,0,0,0,698615,INR,PROCESSED,2026-07-09T11:54:57Z,REF-PAY_A3C9D39F
SET_67361DB4,MERCH_032,704700,14094,2536,0,0,0,687970,INR,PROCESSED,2026-08-05T19:39:42Z,REF-PAY_2B1A7446
SET_804B8712,MERCH_006,418700,8374,1507,0,0,0,408819,INR,PROCESSED,2026-09-03T07:18:45Z,REF-PAY_05BF58D9
SET_54622F0D,MERCH_049,1574700,31494,5668,0,0,0,1537538,INR,PROCESSED,2026-07-24T20:57:11Z,REF-PAY_4A5E6E13-TYPO
SET_B99A2192,MERCH_007,870200,17404,3132,0,0,0,849664,INR,PROCESSED,2026-09-01T22:53:57Z,REF-PAY_3D44BD82
SET_CA33C37D,MERCH_046,1471400,29428,5297,0,0,0,1436675,INR,PROCESSED,2026-08-26T13:26:24Z,REF-PAY_DA6B615D
SET_EA941723,MERCH_003,1347400,26948,4850,0,0,0,1315602,INR,PROCESSED,2026-08-20T06:16:42Z,REF-PAY_4DF71C24
SET_483697E7,MERCH_045,633000,12660,2278,0,0,0,618062,INR,PROCESSED,2026-08-25T13:17:50Z,REF-PAY_CFE94A56
SET_59B1351C,MERCH_011,1073100,21462,3863,0,0,0,1047775,INR,PROCESSED,2026-07-31T15:16:48Z,REF-PAY_CFAF1BC8
SET_DB3FC9DB,MERCH_015,384900,7698,1385,0,0,0,375817,INR,PROCESSED,2026-07-05T19:39:39Z,REF-PAY_DDA4DD65
SET_C05ED954,MERCH_044,282300,5646,1016,0,0,0,275638,INR,PROCESSED,2026-07-14T23:15:47Z,REF-PAY_0C2DB1E9
SET_B7F64AFD,MERCH_038,281600,5632,1013,0,0,0,274955,INR,PROCESSED,2026-08-31T22:07:05Z,REF-PAY_AF64936D
SET_341FEF65,MERCH_039,344000,6880,1238,0,0,0,335882,INR,PROCESSED,2026-08-20T18:04:41Z,REF-PAY_600E50F6
SET_10445B80,MERCH_015,269800,5396,971,0,0,0,263333,INR,PROCESSED,2026-07-13T15:55:56Z,REF-PAY_7E2AF541
SET_8DC43E3D,MERCH_008,1828900,36578,6584,0,0,0,1785738,INR,PROCESSED,2026-07-20T19:56:09Z,REF-PAY_43424CEF
SET_1E7CBB94,MERCH_026,923000,18460,3322,0,0,0,901218,INR,PROCESSED,2026-07-14T03:54:42Z,REF-PAY_D58083C8
SET_DDD06910,MERCH_012,1241500,24830,4469,0,0,0,1212251,INR,PROCESSED,2026-08-20T04:23:44Z,REF-PAY_749D4056
SET_322110FE,MERCH_016,1926000,38520,6933,0,0,0,1880547,INR,PROCESSED,2026-08-29T02:08:09Z,REF-PAY_BEEAC3B0
SET_30A6F727,MERCH_032,1133000,22660,4078,0,0,0,1106262,INR,PROCESSED,2026-07-25T19:57:53Z,REF-PAY_3ADF58B0
SET_87CD614E,MERCH_012,1399100,27982,5036,0,0,0,1366082,INR,PROCESSED,2026-07-23T18:02:12Z,REF-PAY_308BF0A1
SET_CA49F42D,MERCH_002,706700,14134,2544,0,0,0,690022,INR,PROCESSED,2026-08-15T22:20:38Z,REF-PAY_38D7605E
SET_5D5F78C0,MERCH_001,704300,14086,2535,0,0,0,687679,INR,PROCESSED,2026-08-23T02:12:35Z,REF-PAY_BE5B12D1
SET_A30E4EC0,MERCH_035,1170900,23418,4215,0,0,0,1143267,INR,PROCESSED,2026-07-25T01:20:41Z,REF-PAY_F17E843A-TYPO
SET_3C04871B,MERCH_011,1662100,33242,5983,0,0,0,1622875,INR,PROCESSED,2026-07-30T22:30:13Z,REF-PAY_7A23709E
SET_4E05F788,MERCH_038,134200,2684,483,0,0,0,131033,INR,PROCESSED,2026-07-06T08:52:46Z,REF-PAY_3187F348
SET_40BB6F76,MERCH_017,1631900,32638,5874,0,0,0,1567788,INR,PROCESSED,2026-08-09T22:05:05Z,REF-PAY_E9CF4A60
SET_D914CA99,MERCH_027,1535800,30716,5528,0,0,0,1499556,INR,PROCESSED,2026-08-17T21:40:51Z,SETTLE-MERCH_027-BULK
SET_F11156D4,MERCH_025,1000100,20002,3600,0,0,0,976498,INR,PROCESSED,2026-08-07T19:43:33Z,REF-PAY_AF41E357
SET_DD54AA16,MERCH_008,775100,15502,2790,0,0,0,756808,INR,PROCESSED,2026-07-23T09:31:10Z,REF-PAY_ACE45807
SET_B3EC06B9,MERCH_005,1429800,28596,5147,0,0,0,1396057,INR,PROCESSED,2026-08-11T21:27:31Z,REF-PAY_CD9FF717
SET_DA4B6D59,MERCH_024,639400,12788,2301,0,0,0,624311,INR,PROCESSED,2026-08-13T06:05:08Z,REF-PAY_84D0BF2C
SET_259101DB,MERCH_016,1102200,22044,3967,0,0,0,1076189,INR,PROCESSED,2026-07-21T14:34:55Z,REF-PAY_937B3CA5
SET_10CBFDE8,MERCH_032,1595300,31906,5743,0,0,0,1557651,INR,PROCESSED,2026-07-25T21:07:02Z,REF-PAY_0B85A22E
SET_77AFB141,MERCH_031,1261600,25232,4541,0,0,0,1231827,INR,PROCESSED,2026-07-20T14:17:00Z,REF-PAY_F4CBA63E
SET_4316924A,MERCH_023,1317900,26358,4744,0,0,0,1286848,INR,PROCESSED,2026-08-07T21:48:52Z,REF-PAY_FE88769D
SET_EFC23B6C,MERCH_035,1374600,27492,4948,0,0,0,1342160,INR,PROCESSED,2026-08-10T12:26:47Z,REF-PAY_ED7897D6
SET_07EA4EE6,MERCH_010,310900,6218,1119,0,0,0,303563,INR,PROCESSED,2026-08-22T14:04:02Z,REF-PAY_2CC09356
SET_178A8D3D,MERCH_024,1105800,22116,3980,552900,0,0,526804,INR,PROCESSED,2026-07-17T08:57:41Z,REF-PAY_440B7E62
SET_93D4065B,MERCH_046,1165700,23314,4196,0,0,0,1138190,INR,PROCESSED,2026-07-12T13:43:17Z,REF-PAY_C3A97362
SET_F5585CFF,MERCH_010,493500,9870,1776,0,0,0,481754,INR,PROCESSED,2026-08-08T23:55:31Z,REF-PAY_20110662
SET_5945762E,MERCH_027,873600,17472,3144,0,873600,0,-20616,INR,PROCESSED,2026-08-09T13:34:50Z,REF-PAY_EA0B6D08
SET_EFD63AD8,MERCH_048,232500,4650,837,0,0,0,227063,INR,PROCESSED,2026-08-26T07:33:57Z,REF-PAY_AD87E891
SET_91177BC3,MERCH_001,1239600,24792,4462,0,0,0,1210346,INR,PROCESSED,2026-08-13T22:52:32Z,REF-PAY_5355208C
SET_08C1C1E8,MERCH_033,919100,18382,3308,0,0,0,870610,INR,PROCESSED,2026-07-30T15:10:11Z,REF-PAY_BD3839CC
SET_3BCF5676,MERCH_018,1778300,35566,6401,0,0,0,1736333,INR,PROCESSED,2026-07-25T12:36:37Z,REF-PAY_F65D405F
SET_35E7BD9A,MERCH_031,261600,5232,941,0,0,0,255427,INR,PROCESSED,2026-09-03T14:30:15Z,REF-PAY_4B845D6F
SET_A422600E,MERCH_039,129700,2594,466,0,0,0,126640,INR,PROCESSED,2026-08-15T20:24:14Z,REF-PAY_413123DC
SET_79B05E07,MERCH_029,22900,458,82,0,0,0,22360,INR,PROCESSED,2026-07-22T07:49:50Z,REF-PAY_A689EDE8
SET_D3908C33,MERCH_022,1994100,39882,7178,0,0,0,1947040,INR,PROCESSED,2026-07-20T14:37:26Z,REF-PAY_EAB33CEC
SET_E9BE28DA,MERCH_042,1492100,29842,5371,0,0,0,1421887,INR,PROCESSED,2026-07-03T06:49:18Z,REF-PAY_8CDF5D79
SET_95B8BE3C,MERCH_036,1079800,21596,3887,539900,0,0,514417,INR,PROCESSED,2026-07-24T08:42:05Z,REF-PAY_7C428726
SET_C28C619B,MERCH_013,976400,19528,3515,0,0,0,953357,INR,PROCESSED,2026-07-31T19:41:10Z,REF-PAY_9B6553F2
SET_41056E88,MERCH_025,67300,1346,242,0,0,0,65712,INR,PROCESSED,2026-07-15T00:05:16Z,REF-PAY_49C39805
SET_538A9A4E,MERCH_028,1973700,39474,7105,0,0,0,1920021,INR,PROCESSED,2026-07-05T12:07:57Z,REF-PAY_BA8A2E88
SET_F9E8B909,MERCH_001,1657600,33152,5967,0,0,0,1618481,INR,PROCESSED,2026-07-26T07:11:11Z,REF-PAY_23652806
SET_E853C273,MERCH_024,544200,10884,1959,0,0,0,531357,INR,PROCESSED,2026-07-10T04:55:22Z,REF-PAY_DF1A1568
SET_32F80D5E,MERCH_027,1929500,38590,6946,0,0,0,1883964,INR,PROCESSED,2026-08-03T00:09:33Z,REF-PAY_C7D49D1D
SET_618CE5C7,MERCH_040,47000,940,169,0,47000,0,-1109,INR,PROCESSED,2026-07-16T00:03:56Z,REF-PAY_FDF2E548
SET_061E8614,MERCH_035,1367800,27356,4924,0,0,0,1335420,INR,PROCESSED,2026-08-30T17:35:10Z,REF-PAY_761ADBF9
SET_BB8A5D1D,MERCH_013,1510300,30206,5437,0,0,0,1474657,INR,PROCESSED,2026-08-23T22:44:05Z,REF-PAY_2615847D
SET_61264841,MERCH_037,510700,10214,1838,0,0,0,498648,INR,PROCESSED,2026-08-23T11:01:25Z,REF-PAY_A78B5568
SET_D9E0B94E,MERCH_003,949500,18990,3418,0,0,0,927092,INR,PROCESSED,2026-07-29T13:20:49Z,REF-PAY_3A59F21B
SET_511092BA,MERCH_034,1275200,25504,4590,0,0,0,1245106,INR,PROCESSED,2026-07-04T07:46:12Z,REF-PAY_A11923C0
SET_56E3CADC,MERCH_002,199600,3992,718,0,0,0,194890,INR,PROCESSED,2026-07-13T12:32:41Z,REF-PAY_28C9D3B4
SET_2B7A9A3D,MERCH_025,1298100,25962,4673,0,0,0,1267465,INR,PROCESSED,2026-07-28T13:28:19Z,REF-PAY_6A6695E6
SET_484F0394,MERCH_008,1623800,32476,5845,0,0,0,1585479,INR,PROCESSED,2026-07-25T12:56:55Z,REF-PAY_11115C95
SET_891E858F,MERCH_036,500600,10012,1802,0,0,0,488786,INR,PROCESSED,2026-08-05T00:48:24Z,REF-PAY_830FB60C
SET_B63E2D6E,MERCH_001,462900,9258,1666,0,0,0,451976,INR,PROCESSED,2026-09-06T03:45:16Z,REF-PAY_29486218
SET_DDC5376B,MERCH_033,1240700,24814,4466,0,0,0,1211420,INR,PROCESSED,2026-07-13T18:30:33Z,REF-PAY_34DA1F78
SET_E89A2004,MERCH_048,1898300,37966,6833,949150,0,0,904351,INR,PROCESSED,2026-07-27T10:47:15Z,REF-PAY_01B7BBF4
SET_7EE13D56,MERCH_017,1349800,26996,4859,0,0,0,1317945,INR,PROCESSED,2026-08-02T03:58:01Z,REF-PAY_E2C6B605
SET_E44FCDB3,MERCH_043,1858200,37164,6689,0,0,0,1768747,INR,PROCESSED,2026-08-13T21:38:56Z,REF-PAY_92B8D361
SET_6158374A,MERCH_045,1143800,22876,4117,0,0,0,1116807,INR,PROCESSED,2026-07-25T05:48:56Z,REF-PAY_6886B839
SET_3ACF485E,MERCH_011,1030500,20610,3709,0,0,0,1006181,INR,PROCESSED,2026-08-12T10:16:54Z,REF-PAY_F7D659B3
SET_B1C02812,MERCH_047,1254000,25080,4514,0,0,0,1224406,INR,PROCESSED,2026-07-20T03:27:59Z,REF-PAY_C1566A21
SET_82398A70,MERCH_032,5500000,110000,19800,0,0,0,5370200,INR,PROCESSED,2026-08-16T22:54:19Z,SETTLE-MERCH_032-HV
SET_127E206A,MERCH_048,1171500,23430,4217,0,0,0,1143853,INR,PROCESSED,2026-08-27T08:00:26Z,REF-PAY_0982454C
SET_F46574F7,MERCH_002,1316400,26328,4739,0,0,0,1285333,INR,PROCESSED,2026-08-27T23:37:08Z,REF-PAY_79289E1F
SET_AB0BBF67,MERCH_022,57200,1144,205,0,0,0,20651,INR,PROCESSED,2026-08-06T07:26:06Z,REF-PAY_CF310F3F
SET_02E48ABB,MERCH_046,125600,2512,452,0,125600,0,-2964,INR,PROCESSED,2026-08-24T06:09:56Z,REF-PAY_4980F05E
SET_AFD1C55B,MERCH_039,1788700,35774,6439,0,0,0,1746487,INR,PROCESSED,2026-08-16T19:43:47Z,REF-PAY_50537050
SET_C54D28D3,MERCH_029,234000,4680,842,0,0,0,228378,INR,PROCESSED,2026-07-06T18:23:05Z,REF-PAY_F137096E
SET_A3FF9511,MERCH_041,1327200,26544,4777,0,0,0,1295879,INR,PROCESSED,2026-09-05T04:23:46Z,REF-PAY_6636B5D3
SET_86BC7DC8,MERCH_013,1851600,37032,6665,0,0,0,1807903,INR,PROCESSED,2026-08-01T16:56:25Z,REF-PAY_760ADEEB
SET_7577FB3D,MERCH_034,1258600,25172,4530,0,0,0,1228898,INR,PROCESSED,2026-07-03T12:14:26Z,REF-PAY_341E8F7B
SET_8DC1B259,MERCH_022,1664100,33282,5990,0,0,0,1624828,INR,PROCESSED,2026-07-04T05:28:25Z,REF-PAY_8E0F7986-TYPO
SET_B391E046,MERCH_041,619400,12388,2229,0,0,0,604783,INR,PROCESSED,2026-09-02T05:04:44Z,REF-PAY_1B00FCF3
SET_1B386905,MERCH_023,1604100,32082,5774,0,0,0,1566244,INR,PROCESSED,2026-08-18T22:21:58Z,REF-PAY_1030207C
SET_16F36553,MERCH_017,1723700,34474,6205,0,1723700,0,-40679,INR,PROCESSED,2026-07-09T13:56:32Z,REF-PAY_0ABF5D0B
SET_CF07BF8B,MERCH_014,1359600,27192,4894,0,0,0,1327514,INR,PROCESSED,2026-07-24T04:53:06Z,REF-PAY_2A997C19
SET_EBF1E8C7,MERCH_007,496600,9932,1787,0,0,0,484781,INR,PROCESSED,2026-07-15T10:52:07Z,REF-PAY_460DE28C
SET_586DCDBE,MERCH_004,1360400,27208,4897,0,0,0,1328295,INR,PROCESSED,2026-07-14T14:02:58Z,REF-PAY_65481CB3
SET_1F9131A8,MERCH_029,1771600,35432,6377,0,0,0,1729791,INR,PROCESSED,2026-07-13T09:19:14Z,REF-PAY_FBFBEC16
SET_CF4AA234,MERCH_032,792100,15842,2851,0,0,0,773407,INR,PROCESSED,2026-07-13T04:03:35Z,REF-PAY_62802ED9
SET_5B34DE08,MERCH_044,1062100,21242,3823,0,0,0,1036935,INR,PROCESSED,2026-09-01T20:25:40Z,REF-PAY_2966CD46
SET_E0402FA6,MERCH_010,1747900,34958,6292,0,0,0,1678750,INR,PROCESSED,2026-08-23T13:32:44Z,REF-PAY_18451349
SET_A74852C7,MERCH_013,421800,8436,1518,210900,0,0,200946,INR,PROCESSED,2026-08-23T16:26:54Z,REF-PAY_9D5CEC9C
SET_62CCFB44,MERCH_022,385800,7716,1388,0,0,0,376696,INR,PROCESSED,2026-07-04T05:23:28Z,REF-PAY_B0755EC1
SET_67804203,MERCH_020,557100,11142,2005,0,0,0,543953,INR,PROCESSED,2026-08-26T18:03:33Z,REF-PAY_93B02633
SET_E263EC23,MERCH_005,1953300,39066,7031,0,0,0,1907203,INR,PROCESSED,2026-09-02T08:29:09Z,REF-PAY_35657835
SET_0B69C6D1,MERCH_006,253500,5070,912,0,0,0,247518,INR,PROCESSED,2026-07-23T22:56:15Z,REF-PAY_A4A42748
SET_7240B75C,MERCH_045,1300600,26012,4682,0,0,0,1269906,INR,PROCESSED,2026-07-03T03:53:31Z,REF-PAY_2CCD069F
SET_CB278D48,MERCH_028,698700,13974,2515,0,0,0,682211,INR,PROCESSED,2026-07-26T18:16:25Z,REF-PAY_62B21831
SET_C67C58E5,MERCH_010,358600,7172,1290,179300,0,0,170838,INR,PROCESSED,2026-09-03T09:39:31Z,REF-PAY_75BFEE7C
SET_424E7F41,MERCH_021,361400,7228,1301,0,0,0,352871,INR,PROCESSED,2026-07-15T22:29:58Z,REF-PAY_B8C3F81A
SET_4C778BD2,MERCH_024,1403800,28076,5053,0,0,0,1369671,INR,PROCESSED,2026-07-24T01:41:49Z,REF-PAY_D04AAC70
SET_82E0B585,MERCH_028,1552400,31048,5588,0,0,0,1515764,INR,PROCESSED,2026-07-11T08:35:29Z,REF-PAY_6ED7D5FC
SET_F7430F06,MERCH_012,983600,19672,3540,491800,0,0,468588,INR,PROCESSED,2026-08-14T15:06:57Z,REF-PAY_D1EA5F1A
SET_4895ABEE,MERCH_015,953700,19074,3433,0,0,0,931193,INR,PROCESSED,2026-07-03T00:03:05Z,REF-PAY_E5E4ADDA
SET_93D59DF1,MERCH_014,1435800,28716,5168,0,0,0,1401916,INR,PROCESSED,2026-07-18T05:03:38Z,REF-PAY_942F2C9E
SET_918CF3FA,MERCH_032,437500,8750,1575,0,0,0,427175,INR,PROCESSED,2026-08-12T20:05:14Z,REF-PAY_A4D2F0FF
SET_2B69B518,MERCH_008,218600,4372,786,0,0,0,213442,INR,PROCESSED,2026-08-19T03:37:15Z,REF-PAY_182B7793
SET_B106EC5A,MERCH_042,840900,16818,3027,0,0,0,821055,INR,PROCESSED,2026-07-31T21:06:00Z,REF-PAY_F30AC26B
SET_0272F902,MERCH_016,1284500,25690,4624,0,0,0,1254186,INR,PROCESSED,2026-08-12T17:23:34Z,REF-PAY_B7653223
SET_EBA425AC,MERCH_016,418700,8374,1507,0,0,0,408819,INR,PROCESSED,2026-07-05T15:32:06Z,REF-PAY_7901C1B0
SET_B150D93A,MERCH_047,270000,5400,972,0,0,0,263628,INR,PROCESSED,2026-08-18T05:08:04Z,REF-PAY_7CD91E91
SET_09773342,MERCH_006,1213100,24262,4367,0,0,0,1184471,INR,PROCESSED,2026-08-16T11:43:07Z,REF-PAY_737E5FE9
SET_2696D155,MERCH_049,501900,10038,1806,0,0,0,490056,INR,PROCESSED,2026-08-08T09:19:25Z,REF-PAY_1B7B2F62
SET_6D27DC18,MERCH_007,1899900,37998,6839,0,0,0,1855063,INR,PROCESSED,2026-08-14T07:31:47Z,REF-PAY_2E374518
SET_9F9EED15,MERCH_046,1249700,24994,4498,0,0,0,1220208,INR,PROCESSED,2026-07-16T20:48:06Z,REF-PAY_67353659
SET_811836CC,MERCH_029,1297700,25954,4671,0,0,0,1267075,INR,PROCESSED,2026-08-21T09:48:30Z,REF-PAY_162082FA
SET_0706B49D,MERCH_016,569900,11398,2051,0,0,0,556451,INR,PROCESSED,2026-07-15T19:58:10Z,REF-PAY_2645472E
SET_6EC1A657,MERCH_022,1872700,37454,6741,0,1872700,0,-44195,INR,PROCESSED,2026-08-12T01:02:00Z,REF-PAY_C40CC4B7
SET_8957E3D2,MERCH_001,252700,5054,909,0,0,0,246737,INR,PROCESSED,2026-07-28T15:53:26Z,REF-PAY_354DAFC0
SET_BF12063D,MERCH_018,1123000,22460,4042,0,0,0,1096498,INR,PROCESSED,2026-09-01T06:08:22Z,REF-PAY_C5EC4C2E
SET_E3AEE386,MERCH_005,1319100,26382,4748,659550,0,0,628420,INR,PROCESSED,2026-08-23T10:06:37Z,REF-PAY_253F839E
SET_0126CF69,MERCH_005,1535900,30718,5529,0,0,0,1499653,INR,PROCESSED,2026-07-14T18:11:42Z,REF-PAY_657E2FD6
SET_ED23992A,MERCH_006,288000,5760,1036,0,0,0,281204,INR,PROCESSED,2026-07-30T10:11:11Z,REF-PAY_465ECF86
SET_80041A17,MERCH_030,1384900,27698,4985,0,0,0,1347517,INR,PROCESSED,2026-07-15T11:55:11Z,REF-PAY_34893A32
SET_4A79174D,MERCH_029,625800,12516,2252,0,0,0,611032,INR,PROCESSED,2026-07-23T05:05:29Z,REF-PAY_BD0E581D
SET_3620BC10,MERCH_047,195600,3912,704,0,0,0,191034,INR,PROCESSED,2026-07-17T14:30:57Z,REF-PAY_CCC6A722
SET_7B246853,MERCH_046,1097400,21948,3950,0,0,0,1071502,INR,PROCESSED,2026-07-05T10:26:42Z,REF-PAY_E1EC4D3F-TYPO
SET_06A0E9AB,MERCH_003,373200,7464,1343,0,373200,0,-8807,INR,PROCESSED,2026-08-28T11:22:18Z,REF-PAY_B14F212F
SET_9DA99EB4,MERCH_036,326500,6530,1175,0,326500,0,-7705,INR,PROCESSED,2026-08-08T08:00:18Z,REF-PAY_3FF4A80F
SET_FE334122,MERCH_047,1227700,24554,4419,0,0,0,1198727,INR,PROCESSED,2026-08-04T08:24:23Z,REF-PAY_9C417DC2
SET_CFEF8337,MERCH_047,1686300,33726,6070,0,0,0,1646504,INR,PROCESSED,2026-07-05T23:38:30Z,REF-PAY_7AB62887
SET_7F4A7EE2,MERCH_024,811900,16238,2922,0,0,0,792640,INR,PROCESSED,2026-07-04T13:16:03Z,REF-PAY_F6B701C6
SET_50A6132F,MERCH_044,1109800,22196,3995,0,0,0,1083609,INR,PROCESSED,2026-08-29T13:37:52Z,REF-PAY_03844A30
SET_3B292663,MERCH_031,1825500,36510,6571,0,0,0,1782419,INR,PROCESSED,2026-08-14T23:23:37Z,REF-PAY_771E1920-TYPO
SET_3BC5AA81,MERCH_021,331400,6628,1193,0,0,0,323579,INR,PROCESSED,2026-08-29T06:02:02Z,REF-PAY_DBC10264
SET_DDE86F1A,MERCH_024,1793200,35864,6455,0,0,0,1750881,INR,PROCESSED,2026-07-18T14:45:54Z,REF-PAY_5ADB99D1
SET_CA479E69,MERCH_009,737000,14740,2653,0,0,0,719607,INR,PROCESSED,2026-07-14T19:40:43Z,REF-PAY_0B01895E
SET_0CBCE5FF,MERCH_006,276800,5536,996,0,0,0,270268,INR,PROCESSED,2026-08-31T15:21:47Z,REF-PAY_3848521B
SET_0E8C7312,MERCH_044,274500,5490,988,0,0,0,220022,INR,PROCESSED,2026-07-05T00:53:35Z,REF-PAY_56BDC176
SET_5263009C,MERCH_044,1761200,35224,6340,0,0,0,1719636,INR,PROCESSED,2026-07-03T22:35:33Z,REF-PAY_76FA154C
SET_19F332CD,MERCH_036,1951800,39036,7026,0,0,0,1905738,INR,PROCESSED,2026-08-17T18:39:36Z,REF-PAY_B7B1115C
SET_4916318C,MERCH_018,5500000,110000,19800,0,0,0,5370200,INR,PROCESSED,2026-07-14T12:53:16Z,SETTLE-MERCH_018-HV
SET_3C655A72,MERCH_035,947300,18946,3410,0,0,0,924944,INR,PROCESSED,2026-08-18T19:33:14Z,REF-PAY_C31A7283
SET_18E52AA2,MERCH_036,968600,19372,3486,0,0,0,945742,INR,PROCESSED,2026-07-08T22:02:15Z,REF-PAY_57FADE28
SET_AF147A6A,MERCH_038,1212400,24248,4364,0,0,0,1183788,INR,PROCESSED,2026-08-24T11:51:49Z,REF-PAY_EA095B87
SET_E7269BE1,MERCH_041,692900,13858,2494,0,0,0,676548,INR,PROCESSED,2026-08-07T05:12:00Z,SETTLE-MERCH_041-BULK
SET_95D54349,MERCH_024,1063500,21270,3828,0,0,0,1034402,INR,PROCESSED,2026-07-14T23:01:52Z,REF-PAY_B8F3A6BE
SET_A83D3C22,MERCH_019,232700,4654,837,0,0,0,227209,INR,PROCESSED,2026-07-25T19:49:29Z,REF-PAY_820F71A5
SET_6020310D,MERCH_007,982400,19648,3536,0,0,0,959216,INR,PROCESSED,2026-07-27T12:28:23Z,REF-PAY_7AC5A116
SET_04CE67FA,MERCH_022,1045300,20906,3763,0,0,0,1020631,INR,PROCESSED,2026-08-17T10:18:35Z,REF-PAY_4C48A8AE
SET_991C8C70,MERCH_025,1884400,37688,6783,0,0,0,1839929,INR,PROCESSED,2026-08-15T05:52:36Z,REF-PAY_46B85E7D
SET_B37CBD9E,MERCH_022,594700,11894,2140,0,0,0,541166,INR,PROCESSED,2026-08-30T21:36:34Z,REF-PAY_E2EBD60A
SET_126FBC1D,MERCH_047,186700,3734,672,0,0,0,182294,INR,PROCESSED,2026-08-20T09:11:40Z,REF-PAY_EE79945C
SET_9553E3D1,MERCH_006,524500,10490,1888,0,0,0,512122,INR,PROCESSED,2026-08-20T18:38:16Z,REF-PAY_D3358455
SET_A68327E7,MERCH_040,1433900,28678,5162,0,0,0,1400060,INR,PROCESSED,2026-08-30T01:31:27Z,REF-PAY_DEB4C059
SET_6BC525AD,MERCH_046,1268700,25374,4567,0,1268700,0,-29941,INR,PROCESSED,2026-07-05T02:33:46Z,REF-PAY_ED86FE5E
SET_AD9F2AB6,MERCH_045,1916400,38328,6899,0,0,0,1871173,INR,PROCESSED,2026-08-22T11:03:17Z,REF-PAY_9BEE5F3D
SET_F2C606AF,MERCH_001,90200,1804,324,0,0,0,88072,INR,PROCESSED,2026-07-08T01:35:42Z,REF-PAY_4C99FC14
SET_5140FC2D,MERCH_032,825100,16502,2970,0,0,0,805628,INR,PROCESSED,2026-08-09T10:33:03Z,REF-PAY_C1089157
SET_3B9A503E,MERCH_033,492900,9858,1774,0,0,0,481268,INR,PROCESSED,2026-08-11T01:16:18Z,REF-PAY_CBE440BB
SET_1EC51B0B,MERCH_030,478600,9572,1722,0,0,0,467306,INR,PROCESSED,2026-09-01T01:43:32Z,REF-PAY_9A10C407
SET_4E178AEC,MERCH_033,1075400,21508,3871,0,0,0,1050021,INR,PROCESSED,2026-07-22T07:24:05Z,REF-PAY_B138990D
SET_CCF926C2,MERCH_049,330300,6606,1189,0,0,0,322505,INR,PROCESSED,2026-07-29T12:39:46Z,REF-PAY_F710C552
SET_E720F436,MERCH_010,1211400,24228,4361,0,0,0,1182811,INR,PROCESSED,2026-08-05T03:02:31Z,SETTLE-MERCH_010-BULK
SET_41C939B1,MERCH_040,264000,5280,950,0,264000,0,-6230,INR,PROCESSED,2026-08-01T13:59:05Z,REF-PAY_33808748
SET_5CC8D9C1,MERCH_028,1035900,20718,3729,0,0,0,1011503,INR,PROCESSED,2026-08-10T21:02:00Z,REF-PAY_743D33D4
SET_E272673B,MERCH_025,851900,17038,3066,0,0,0,831796,INR,PROCESSED,2026-07-03T01:24:14Z,REF-PAY_9F40ED52
SET_C7694E96,MERCH_009,1833800,36676,6601,0,0,0,1790523,INR,PROCESSED,2026-08-29T05:53:37Z,REF-PAY_84451876
SET_FA803AF0,MERCH_045,302400,6048,1088,0,0,0,245664,INR,PROCESSED,2026-07-05T03:14:25Z,REF-PAY_B831BEC7
SET_153231D9,MERCH_046,730100,14602,2628,0,0,0,712870,INR,PROCESSED,2026-08-29T03:25:04Z,REF-PAY_F8987331
SET_79AC6EE7,MERCH_006,593600,11872,2136,0,0,0,579592,INR,PROCESSED,2026-07-25T03:31:12Z,REF-PAY_66C38E8A
SET_FA48FEC9,MERCH_007,87700,1754,315,0,0,0,85681,INR,PROCESSED,2026-07-17T01:37:21Z,REF-PAY_2D1910FF
SET_EA2E912E,MERCH_013,610300,12206,2197,0,0,0,595897,INR,PROCESSED,2026-09-01T02:38:01Z,REF-PAY_8C11E6C7-TYPO
SET_0617C082,MERCH_005,740000,14800,2664,0,0,0,722536,INR,PROCESSED,2026-08-26T05:22:08Z,REF-PAY_3438A31D
SET_EDC2E5FF,MERCH_042,1629000,32580,5864,0,0,0,1590556,INR,PROCESSED,2026-08-08T06:45:16Z,REF-PAY_0F5603C3
SET_8F08A85D,MERCH_046,970500,19410,3493,0,970500,0,-22903,INR,PROCESSED,2026-08-17T00:00:36Z,REF-PAY_777E8347
SET_DAD0F2BB,MERCH_018,1339000,26780,4820,0,0,0,1293900,INR,PROCESSED,2026-08-27T04:43:17Z,REF-PAY_46138C3B
SET_B5D1BB4A,MERCH_011,1769200,35384,6369,0,0,0,1727497,INR,PROCESSED,2026-08-26T03:07:03Z,REF-PAY_036DFC8D
SET_A7BE7B0D,MERCH_020,977600,19552,3519,0,0,0,954529,INR,PROCESSED,2026-07-18T10:26:39Z,REF-PAY_89BF773D
SET_C96617A3,MERCH_029,1978300,39566,7121,0,0,0,1931613,INR,PROCESSED,2026-07-30T02:19:31Z,REF-PAY_4AE62803
SET_59C91888,MERCH_005,384200,7684,1383,0,0,0,375183,INR,PROCESSED,2026-08-05T21:43:52Z,REF-PAY_222F8974
SET_DA74DCF4,MERCH_032,30000000,600000,108000,0,0,0,29292000,INR,PROCESSED,2026-07-28T14:19:15Z,SETTLE-MERCH_032-HV
SET_0991FD2A,MERCH_040,1404000,28080,5054,0,0,0,1370916,INR,PROCESSED,2026-08-18T00:46:24Z,REF-PAY_D4F08408
SET_A9A9ED9C,MERCH_032,1476000,29520,5313,0,0,0,1441167,INR,PROCESSED,2026-08-31T13:26:55Z,REF-PAY_4745979B
SET_421BB69F,MERCH_029,352300,7046,1268,0,0,0,343986,INR,PROCESSED,2026-08-26T07:40:30Z,REF-PAY_43B4BB7C
SET_26C6FC99,MERCH_009,124300,2486,447,0,0,0,121417,INR,PROCESSED,2026-07-19T10:14:56Z,REF-PAY_FA8659B1
SET_3B63933B,MERCH_003,1904000,38080,6854,0,0,0,1859066,INR,PROCESSED,2026-08-18T14:06:48Z,REF-PAY_DC7E9C5C
SET_2003DC6C,MERCH_038,895700,17914,3224,0,0,0,874562,INR,PROCESSED,2026-08-01T17:24:58Z,REF-PAY_514CC81B
SET_86C34F07,MERCH_028,1246000,24920,4485,0,0,0,1216595,INR,PROCESSED,2026-07-16T15:07:50Z,REF-PAY_C46CA395
SET_0D73DA77,MERCH_001,1109800,22196,3995,0,0,0,1083609,INR,PROCESSED,2026-07-29T05:41:18Z,REF-PAY_B5ACFA98
SET_3BFDFFC6,MERCH_037,1480700,29614,5330,0,0,0,1442556,INR,PROCESSED,2026-08-25T16:29:51Z,REF-PAY_7F1965F2
SET_4CDA533E,MERCH_045,1217700,24354,4383,0,0,0,1188963,INR,PROCESSED,2026-07-24T12:17:36Z,REF-PAY_3F0C9C0E
SET_63907DFC,MERCH_047,38400,768,138,0,0,0,37494,INR,PROCESSED,2026-08-09T12:12:09Z,REF-PAY_5B461A4A
SET_85E83294,MERCH_008,785000,15700,2826,0,0,0,766524,INR,PROCESSED,2026-08-22T06:26:29Z,REF-PAY_493494ED
SET_D851BA4F,MERCH_049,423600,8472,1524,0,0,0,413604,INR,PROCESSED,2026-07-30T22:32:52Z,REF-PAY_C9800408
SET_83738439,MERCH_039,306000,6120,1101,0,0,0,298779,INR,PROCESSED,2026-07-18T02:36:18Z,REF-PAY_38AC4A3E
SET_3B2A27AF,MERCH_024,1722700,34454,6201,861350,0,0,820695,INR,PROCESSED,2026-08-19T19:29:22Z,REF-PAY_193B2E8B
SET_E0F45E29,MERCH_023,554000,11080,1994,0,0,0,540926,INR,PROCESSED,2026-08-05T02:32:36Z,REF-PAY_C76E6EDD
SET_7BB752E2,MERCH_013,861100,17222,3099,0,0,0,840779,INR,PROCESSED,2026-07-07T04:56:02Z,REF-PAY_0324BF5D
SET_7C706459,MERCH_032,90300,1806,325,45150,0,0,43019,INR,PROCESSED,2026-08-05T23:05:01Z,REF-PAY_6E29A1DB
SET_1E97C2BA,MERCH_032,1577500,31550,5679,0,0,0,1540271,INR,PROCESSED,2026-08-07T12:36:44Z,REF-PAY_AE1D9C3F
SET_6EB013E4,MERCH_021,1142300,22846,4112,571150,0,0,544192,INR,PROCESSED,2026-08-13T19:54:34Z,REF-PAY_1D6CDF8D
SET_15BC50D9,MERCH_046,1381400,27628,4973,690700,0,0,658099,INR,PROCESSED,2026-08-18T03:50:21Z,REF-PAY_848AFEB9
SET_C29AB1EB,MERCH_021,1671200,33424,6016,0,0,0,1631660,INR,PROCESSED,2026-07-17T11:17:03Z,REF-PAY_EA38A2E9
SET_DF5AB5F6,MERCH_044,252800,5056,910,0,0,0,246834,INR,PROCESSED,2026-07-16T18:24:21Z,REF-PAY_4D30D652
SET_62E70D92,MERCH_004,352600,7052,1269,0,0,0,315779,INR,PROCESSED,2026-08-02T06:21:26Z,REF-PAY_4346625D
SET_50A5B216,MERCH_047,673700,13474,2425,0,0,0,657701,INR,PROCESSED,2026-07-25T11:40:42Z,REF-PAY_DD3528EA
SET_DC23843B,MERCH_002,398200,7964,1433,0,0,0,388803,INR,PROCESSED,2026-07-11T07:55:58Z,REF-PAY_8C0F1CD8
SET_AED76298,MERCH_033,1548900,30978,5576,0,0,0,1512346,INR,PROCESSED,2026-07-14T15:02:07Z,REF-PAY_EBCDAE7A
SET_F0631B73,MERCH_014,942500,18850,3393,0,0,0,920257,INR,PROCESSED,2026-08-04T14:25:30Z,REF-PAY_9846A282
SET_D7FF1065,MERCH_045,155000,3100,558,0,0,0,136342,INR,PROCESSED,2026-08-01T21:11:34Z,REF-PAY_1760E012
SET_079A194E,MERCH_004,392300,7846,1412,0,0,0,383042,INR,PROCESSED,2026-07-31T11:10:05Z,REF-PAY_8233839E
SET_59CD5184,MERCH_024,1820900,36418,6555,0,0,0,1777927,INR,PROCESSED,2026-08-16T17:44:14Z,REF-PAY_61E7551F
SET_6BB3B920,MERCH_005,180400,3608,649,0,0,0,176143,INR,PROCESSED,2026-08-09T14:00:08Z,REF-PAY_BED7EFE1
SET_F6B60B39,MERCH_033,531900,10638,1914,0,0,0,519348,INR,PROCESSED,2026-08-08T07:00:03Z,REF-PAY_4866F199
SET_C5AAF1E4,MERCH_015,117100,2342,421,0,0,0,114337,INR,PROCESSED,2026-07-25T19:46:33Z,REF-PAY_A23BD49C-TYPO
SET_DD9362F2,MERCH_021,1133400,22668,4080,0,0,0,1106652,INR,PROCESSED,2026-07-24T17:32:26Z,REF-PAY_9A855F26
SET_1FF403A4,MERCH_027,1031000,20620,3711,0,0,0,1006669,INR,PROCESSED,2026-09-06T22:35:35Z,REF-PAY_399B125F
SET_9E66A3C5,MERCH_006,42900,858,154,0,0,0,41788,INR,PROCESSED,2026-08-13T13:14:56Z,REF-PAY_64F019C8
SET_859BA828,MERCH_024,362300,7246,1304,0,0,0,353750,INR,PROCESSED,2026-08-21T00:02:40Z,REF-PAY_9B568E2A
SET_B96886C6,MERCH_046,704800,14096,2537,0,0,0,688167,INR,PROCESSED,2026-07-10T23:19:00Z,REF-PAY_AFB5BA62
SET_F4CD74B1,MERCH_006,148400,2968,534,0,0,0,144898,INR,PROCESSED,2026-07-15T10:22:05Z,REF-PAY_C7F2ED27
SET_CA182969,MERCH_035,1477300,29546,5318,0,0,0,1442436,INR,PROCESSED,2026-07-27T16:41:11Z,REF-PAY_61E630D3
SET_7D59FA3C,MERCH_034,1946600,38932,7007,973300,0,0,927361,INR,PROCESSED,2026-07-27T13:38:09Z,REF-PAY_8CD28F48
SET_4E540F27,MERCH_035,1731700,34634,6234,0,0,0,1690832,INR,PROCESSED,2026-07-20T08:04:00Z,REF-PAY_B649F845
SET_CEBC6E31,MERCH_002,1748000,34960,6292,0,0,0,1706748,INR,PROCESSED,2026-08-09T20:21:17Z,SETTLE-MERCH_002-BULK
SET_C3190D28,MERCH_046,972100,19442,3499,0,0,0,949159,INR,PROCESSED,2026-08-21T08:42:49Z,REF-PAY_4375E9B3
SET_4D0D69C7,MERCH_041,916000,18320,3297,0,0,0,894383,INR,PROCESSED,2026-07-16T09:54:43Z,REF-PAY_FB267E77
SET_EB4ACD89,MERCH_032,1287700,25754,4635,0,0,0,1257311,INR,PROCESSED,2026-08-21T18:05:33Z,REF-PAY_0C3C0771
SET_232FD957,MERCH_008,769500,15390,2770,0,0,0,751340,INR,PROCESSED,2026-07-29T00:25:37Z,REF-PAY_A6D34A4E
SET_F76A2304,MERCH_004,1653500,33070,5952,0,0,0,1614478,INR,PROCESSED,2026-08-08T08:11:22Z,REF-PAY_EAFA2CD5
SET_545B1F08,MERCH_010,196800,3936,708,0,0,0,192156,INR,PROCESSED,2026-08-06T20:38:38Z,REF-PAY_EA3217E7
SET_4F8B4551,MERCH_032,1013200,20264,3647,0,0,0,989289,INR,PROCESSED,2026-08-05T09:48:05Z,REF-PAY_65B8FF99
SET_3BA043E2,MERCH_004,239000,4780,860,0,0,0,233360,INR,PROCESSED,2026-09-03T21:20:14Z,REF-PAY_A732A919-TYPO
SET_B1E53734,MERCH_048,644300,12886,2319,0,0,0,629095,INR,PROCESSED,2026-07-16T07:59:00Z,REF-PAY_BB87D37F
SET_F9C9E881,MERCH_036,1694200,33884,6099,0,0,0,1654217,INR,PROCESSED,2026-07-09T06:02:15Z,REF-PAY_E0EFC996
SET_E8BE9B5F,MERCH_014,1897100,37942,6829,0,0,0,1852329,INR,PROCESSED,2026-07-08T17:24:54Z,REF-PAY_E44F8267
SET_ED6F6877,MERCH_023,225000,4500,810,0,0,0,219690,INR,PROCESSED,2026-07-30T03:23:50Z,REF-PAY_F9819CA1
SET_2E07BAA6,MERCH_017,1653500,33070,5952,0,0,0,1614478,INR,PROCESSED,2026-08-07T02:41:33Z,REF-PAY_101E6AC0
SET_9578D550,MERCH_003,1944800,38896,7001,0,0,0,1898903,INR,PROCESSED,2026-07-22T03:20:16Z,REF-PAY_F5931A09
SET_FDBECC8D,MERCH_041,1003500,20070,3612,0,0,0,979818,INR,PROCESSED,2026-08-10T19:55:45Z,REF-PAY_A286C81C
SET_A0BD2667,MERCH_044,1231400,24628,4433,0,0,0,1202339,INR,PROCESSED,2026-08-27T03:08:35Z,REF-PAY_C5A9F523
SET_126857DA,MERCH_013,1546400,30928,5567,0,0,0,1509905,INR,PROCESSED,2026-08-25T18:36:38Z,REF-PAY_51164BC2
SET_ACAE9D47,MERCH_007,1849800,36996,6659,0,0,0,1806145,INR,PROCESSED,2026-08-27T01:40:29Z,REF-PAY_0EF90E4C
SET_7F99C762,MERCH_048,1743700,34874,6277,0,0,0,1702549,INR,PROCESSED,2026-08-03T23:52:36Z,REF-PAY_EFB562D4
SET_AEC088BA,MERCH_035,467100,9342,1681,0,0,0,456077,INR,PROCESSED,2026-07-23T03:27:18Z,REF-PAY_807FCE38
SET_6A4AF905,MERCH_031,1130400,22608,4069,0,0,0,1084223,INR,PROCESSED,2026-08-18T20:56:23Z,REF-PAY_9894FCBC
SET_832BFC36,MERCH_004,1133200,22664,4079,0,0,0,1106457,INR,PROCESSED,2026-07-29T23:06:08Z,REF-PAY_53BCC3DA-TYPO
SET_46E70B08,MERCH_045,976700,19534,3516,0,0,0,953650,INR,PROCESSED,2026-08-25T04:38:18Z,REF-PAY_613FD76E
SET_83C79D51,MERCH_042,1117700,22354,4023,0,0,0,1091323,INR,PROCESSED,2026-07-08T13:10:02Z,REF-PAY_B5CA49DF
SET_8F9CFBFE,MERCH_043,237900,4758,856,0,0,0,232186,INR,PROCESSED,2026-07-27T02:32:35Z,REF-PAY_C3F940B6
SET_EAABD4EA,MERCH_031,1094500,21890,3940,0,0,0,1068570,INR,PROCESSED,2026-07-18T09:07:08Z,REF-PAY_1A6718FB
SET_ABFA5D65,MERCH_042,110100,2202,396,55050,0,0,52452,INR,PROCESSED,2026-08-13T10:33:47Z,REF-PAY_5C212E22
SET_28B7ACDE,MERCH_041,1903800,38076,6853,0,0,0,1858871,INR,PROCESSED,2026-08-13T03:09:16Z,REF-PAY_628FCEDC
SET_36C082D0,MERCH_027,642500,12850,2313,0,0,0,627337,INR,PROCESSED,2026-07-22T04:31:08Z,REF-PAY_CC2D6EB5
SET_32068C1C,MERCH_013,678200,13564,2441,0,0,0,662195,INR,PROCESSED,2026-08-15T13:28:06Z,REF-PAY_E85F4A84
SET_27C713CF,MERCH_011,1218300,24366,4385,0,0,0,1178349,INR,PROCESSED,2026-08-10T08:02:19Z,REF-PAY_240C6098
SET_BC65C66C,MERCH_003,1466800,29336,5280,0,0,0,1432184,INR,PROCESSED,2026-08-17T10:39:35Z,REF-PAY_4905A43E
SET_321F66F3,MERCH_007,1337600,26752,4815,0,0,0,1306033,INR,PROCESSED,2026-08-25T12:54:38Z,REF-PAY_235D462C-TYPO
SET_4008C376,MERCH_045,248100,4962,893,0,0,0,242245,INR,PROCESSED,2026-07-03T22:10:45Z,REF-PAY_22FCB4D8-TYPO
SET_767701FB,MERCH_018,786500,15730,2831,0,0,0,767939,INR,PROCESSED,2026-07-03T13:51:02Z,REF-PAY_4B51C807
SET_20FFB994,MERCH_046,213600,4272,768,0,0,0,208560,INR,PROCESSED,2026-08-08T07:37:53Z,REF-PAY_F5C5DA56
SET_8C2F4295,MERCH_023,833300,16666,2999,0,0,0,813635,INR,PROCESSED,2026-08-22T18:33:11Z,REF-PAY_54683931
SET_955B520A,MERCH_037,1406600,28132,5063,0,0,0,1373305,INR,PROCESSED,2026-08-31T06:27:30Z,REF-PAY_3C5C0B15
SET_FF5C826E,MERCH_031,674600,13492,2428,0,0,0,658680,INR,PROCESSED,2026-07-22T04:39:03Z,REF-PAY_5DC0798A
SET_BC5A678E,MERCH_002,382700,7654,1377,0,0,0,373669,INR,PROCESSED,2026-07-07T09:47:10Z,REF-PAY_BB2AA0F4
SET_DC2BAAAF,MERCH_048,1921900,38438,6918,0,0,0,1876544,INR,PROCESSED,2026-08-07T07:56:39Z,REF-PAY_B7621F8D
SET_CB46B2A8,MERCH_016,976900,19538,3516,0,0,0,953846,INR,PROCESSED,2026-07-03T19:07:14Z,REF-PAY_8CF64119
SET_CAAFE9EA,MERCH_040,527600,10552,1899,0,527600,0,-12451,INR,PROCESSED,2026-07-15T10:32:41Z,REF-PAY_B3A22A3C
SET_F39EDC7A,MERCH_046,551000,11020,1983,0,0,0,537997,INR,PROCESSED,2026-08-18T11:07:07Z,REF-PAY_5BB3D32F
SET_02558476,MERCH_047,101500,2030,365,0,0,0,99105,INR,PROCESSED,2026-07-05T10:42:49Z,REF-PAY_1F9238C3
SET_C358EE3D,MERCH_014,985400,19708,3547,0,0,0,962195,INR,PROCESSED,2026-08-29T05:10:32Z,REF-PAY_D773C264
SET_D16ADBAD,MERCH_040,807100,16142,2905,403550,0,0,384503,INR,PROCESSED,2026-07-23T07:47:17Z,REF-PAY_B8DEF7F0
SET_E8A21FC8,MERCH_002,1978800,39576,7123,0,0,0,1932101,INR,PROCESSED,2026-09-02T00:45:58Z,REF-PAY_BAB80FB3
SET_254B1EA8,MERCH_001,643500,12870,2316,0,0,0,628314,INR,PROCESSED,2026-08-12T04:34:51Z,REF-PAY_E6B92CEF
SET_5F7AAD85,MERCH_041,219000,4380,788,0,0,0,213832,INR,PROCESSED,2026-08-14T21:37:47Z,REF-PAY_904FBA5E
SET_A3377FBF,MERCH_009,182800,3656,658,0,0,0,178486,INR,PROCESSED,2026-09-02T15:17:13Z,REF-PAY_7DDF9DD3
SET_DA78A180,MERCH_021,1705000,34100,6138,0,0,0,1664662,INR,PROCESSED,2026-07-24T09:55:24Z,REF-PAY_575A9D73
SET_F8FCB4A3,MERCH_013,1419500,28390,5110,0,0,0,1386000,INR,PROCESSED,2026-07-11T23:24:06Z,REF-PAY_0BA43156
SET_E4E2423A,MERCH_031,1567500,31350,5643,0,0,0,1530507,INR,PROCESSED,2026-08-06T06:31:54Z,REF-PAY_D5004C11
SET_2A126E0B,MERCH_026,1302700,26054,4689,0,0,0,1262557,INR,PROCESSED,2026-07-21T10:12:46Z,REF-PAY_309EE700
SET_57D67E18,MERCH_043,1443900,28878,5198,0,0,0,1409824,INR,PROCESSED,2026-07-24T16:18:23Z,REF-PAY_4D150BF5
SET_C6C9EF86,MERCH_021,492000,9840,1771,0,0,0,480289,INR,PROCESSED,2026-08-27T18:31:34Z,REF-PAY_3C5B9C51
SET_470B896A,MERCH_022,232700,4654,837,0,0,0,227209,INR,PROCESSED,2026-08-06T12:20:24Z,REF-PAY_806025DB
SET_AAE0D8F4,MERCH_020,906700,18134,3264,0,0,0,885302,INR,PROCESSED,2026-08-03T16:11:40Z,SETTLE-MERCH_020-BULK
SET_5BDAFC8F,MERCH_011,986500,19730,3551,0,0,0,963219,INR,PROCESSED,2026-08-14T11:08:02Z,REF-PAY_2A97FA86
SET_8F1FFA96,MERCH_044,1614900,32298,5813,0,0,0,1576839,INR,PROCESSED,2026-07-27T16:10:23Z,REF-PAY_CA86BDE4
SET_DE9FA177,MERCH_046,300800,6016,1082,0,0,0,293702,INR,PROCESSED,2026-08-11T01:00:12Z,REF-PAY_6E6CE23F
SET_F322EF6E,MERCH_007,1520500,30410,5473,760250,0,0,724367,INR,PROCESSED,2026-07-23T22:07:00Z,REF-PAY_DB97AB34
SET_7E3916E1,MERCH_026,1691200,33824,6088,0,0,0,1651288,INR,PROCESSED,2026-08-16T01:14:52Z,REF-PAY_96914A3B
SET_6F8E0882,MERCH_014,855000,17100,3078,0,0,0,834822,INR,PROCESSED,2026-07-06T15:51:11Z,REF-PAY_C34F711F
SET_5EEFE944,MERCH_030,1007500,20150,3627,0,0,0,983773,INR,PROCESSED,2026-07-11T19:27:12Z,REF-PAY_DB297545
SET_12532491,MERCH_024,598000,11960,2152,0,0,0,583888,INR,PROCESSED,2026-08-03T02:48:13Z,SETTLE-MERCH_024-BULK
SET_CC1611A5,MERCH_026,1260500,25210,4537,0,0,0,1230803,INR,PROCESSED,2026-08-25T18:27:12Z,REF-PAY_AC7C0F92
SET_96AE5EA5,MERCH_011,1404400,28088,5055,0,0,0,1371257,INR,PROCESSED,2026-07-25T01:05:42Z,REF-PAY_F8FD3A4B
SET_64E155D4,MERCH_003,264500,5290,952,0,0,0,258258,INR,PROCESSED,2026-08-23T09:55:03Z,REF-PAY_44CF8B39
SET_EA0B654A,MERCH_024,654000,13080,2354,0,0,0,638566,INR,PROCESSED,2026-07-24T00:42:18Z,REF-PAY_36CB9F92
SET_C189B5DC,MERCH_001,1742900,34858,6274,0,0,0,1701768,INR,PROCESSED,2026-08-11T17:49:50Z,REF-PAY_B5D25CF5
SET_E9F28EB7,MERCH_026,1406300,28126,5062,0,0,0,1373112,INR,PROCESSED,2026-07-31T09:29:42Z,REF-PAY_3686B3B8
SET_56E16473,MERCH_031,218800,4376,787,109400,0,0,104237,INR,PROCESSED,2026-08-24T06:33:59Z,REF-PAY_BDC5C0B8
SET_4B072BD8,MERCH_034,399700,7994,1438,0,0,0,390268,INR,PROCESSED,2026-07-30T16:05:19Z,REF-PAY_F791DDF8
SET_B3C1788E,MERCH_047,591000,11820,2127,0,0,0,577053,INR,PROCESSED,2026-08-01T19:00:18Z,REF-PAY_B3A4CF94
SET_2AFE000C,MERCH_034,290100,5802,1044,145050,0,0,138204,INR,PROCESSED,2026-07-25T06:59:39Z,REF-PAY_376DE172
SET_22A79487,MERCH_045,1664700,33294,5992,0,0,0,1625414,INR,PROCESSED,2026-08-29T23:22:23Z,REF-PAY_5C6D0C14
SET_D8DC955F,MERCH_013,11200,224,40,0,0,0,10936,INR,PROCESSED,2026-07-03T13:52:53Z,REF-PAY_F2B9FF62
SET_DC697FDE,MERCH_014,235500,4710,847,0,235500,0,-5557,INR,PROCESSED,2026-07-20T22:28:28Z,REF-PAY_6534E6E2
SET_2688D09F,MERCH_021,847600,16952,3051,0,0,0,827497,INR,PROCESSED,2026-08-14T03:42:58Z,REF-PAY_2E0CD833
SET_4CB0178F,MERCH_033,1094500,21890,3940,0,0,0,1068670,INR,PROCESSED,2026-08-10T20:13:12Z,REF-PAY_CD1EF1F7
SET_722D1163,MERCH_037,717400,14348,2582,0,0,0,700470,INR,PROCESSED,2026-08-20T23:52:26Z,REF-PAY_6CF74BA5
SET_7E9F237E,MERCH_030,5500000,110000,19800,0,0,0,5370200,INR,PROCESSED,2026-08-09T11:13:21Z,SETTLE-MERCH_030-HV
SET_22837014,MERCH_009,1160100,23202,4176,0,0,0,1132722,INR,PROCESSED,2026-08-17T13:39:46Z,REF-PAY_A9C6AF63
SET_BD3828CA,MERCH_011,1852100,37042,6667,0,0,0,1808391,INR,PROCESSED,2026-08-19T03:09:06Z,REF-PAY_1F4392D5
SET_1414A6E2,MERCH_013,110600,2212,398,0,0,0,107990,INR,PROCESSED,2026-07-05T19:57:50Z,REF-PAY_66022B0E
SET_977BB209,MERCH_046,967300,19346,3482,0,0,0,944472,INR,PROCESSED,2026-08-06T09:04:45Z,REF-PAY_DFDEFE73
SET_D80FAC05,MERCH_008,692100,13842,2491,0,0,0,675767,INR,PROCESSED,2026-08-12T03:55:45Z,REF-PAY_8204D20E
SET_5FF2ACEC,MERCH_018,462200,9244,1663,0,0,0,451293,INR,PROCESSED,2026-07-15T21:07:49Z,REF-PAY_DF515CCA
SET_B343442C,MERCH_048,1112800,22256,4006,0,0,0,1086538,INR,PROCESSED,2026-08-16T21:41:28Z,REF-PAY_6A6F98C7
SET_D0C1C949,MERCH_036,96400,1928,347,0,0,0,94125,INR,PROCESSED,2026-07-06T17:49:24Z,REF-PAY_964466A8
SET_7C6D0411,MERCH_027,757700,15154,2727,0,0,0,739819,INR,PROCESSED,2026-09-02T04:10:57Z,SETTLE-MERCH_027-BULK
SET_CFA7C180,MERCH_003,985000,19700,3546,0,0,0,961754,INR,PROCESSED,2026-07-24T01:12:19Z,REF-PAY_0D7CAF3E
SET_2097798A,MERCH_048,1787600,35752,6435,0,0,0,1745413,INR,PROCESSED,2026-08-16T16:53:05Z,REF-PAY_7BA3A766
SET_403C90D4,MERCH_033,1851600,37032,6665,0,0,0,1807903,INR,PROCESSED,2026-07-22T21:48:07Z,REF-PAY_DE1DE5FA-TYPO
SET_6392B12E,MERCH_035,1408500,28170,5070,0,0,0,1375260,INR,PROCESSED,2026-07-12T02:23:39Z,REF-PAY_453241D8-TYPO
SET_002E62B5,MERCH_031,888800,17776,3199,0,0,0,867725,INR,PROCESSED,2026-07-24T15:37:34Z,REF-PAY_88181146
SET_60CBF3AB,MERCH_008,1440100,28802,5184,0,0,0,1406014,INR,PROCESSED,2026-07-19T17:56:49Z,REF-PAY_29F122E9
SET_D3E118B3,MERCH_024,20800,416,74,0,0,0,20310,INR,PROCESSED,2026-07-15T05:24:20Z,REF-PAY_D861BCA7
SET_0F9AECB8,MERCH_028,829000,16580,2984,0,0,0,809336,INR,PROCESSED,2026-08-24T05:33:11Z,REF-PAY_A9BA4B39
SET_371F06C3,MERCH_021,995000,19900,3582,0,0,0,971518,INR,PROCESSED,2026-08-04T03:58:01Z,REF-PAY_A29D5631
SET_2E002880,MERCH_025,913000,18260,3286,0,0,0,855554,INR,PROCESSED,2026-08-04T08:54:02Z,REF-PAY_E7BD0CF4
SET_A57FB41A,MERCH_045,600700,12014,2162,300350,0,0,286174,INR,PROCESSED,2026-08-25T06:12:11Z,REF-PAY_0C4E4053
SET_0266AD7E,MERCH_020,536900,10738,1932,0,536900,0,-12670,INR,PROCESSED,2026-07-31T07:23:20Z,REF-PAY_78B703DB
SET_355DC3A4,MERCH_005,1118300,22366,4025,0,0,0,1091909,INR,PROCESSED,2026-07-27T05:47:50Z,REF-PAY_C632EB1B
SET_22636A4D,MERCH_037,1912400,38248,6884,0,0,0,1867268,INR,PROCESSED,2026-08-30T13:26:52Z,REF-PAY_95C2BE60
SET_71918CD8,MERCH_029,237100,4742,853,0,0,0,231405,INR,PROCESSED,2026-08-29T11:08:21Z,REF-PAY_3DEFFDC1
SET_A579C8AD,MERCH_039,634800,12696,2285,0,0,0,619819,INR,PROCESSED,2026-08-20T05:23:45Z,REF-PAY_49CC16BD
SET_581170B1,MERCH_018,1477200,29544,5317,0,0,0,1401339,INR,PROCESSED,2026-08-18T19:12:12Z,REF-PAY_5A0ED28D
SET_CC4D9244,MERCH_008,1758100,35162,6329,0,0,0,1716609,INR,PROCESSED,2026-07-17T01:36:27Z,REF-PAY_99D47858
SET_2CA559F5,MERCH_017,751200,15024,2704,0,0,0,733472,INR,PROCESSED,2026-07-05T07:11:48Z,REF-PAY_ADD1F4EF
SET_6FC4ACC2,MERCH_006,1026500,20530,3695,0,0,0,1002275,INR,PROCESSED,2026-08-03T13:58:01Z,REF-PAY_3F24740E
SET_3BFFFE9B,MERCH_001,378000,7560,1360,189000,0,0,180080,INR,PROCESSED,2026-08-26T19:41:33Z,REF-PAY_07C4688B
SET_2E191E9A,MERCH_010,1788300,35766,6437,0,0,0,1745997,INR,PROCESSED,2026-08-26T03:55:59Z,REF-PAY_AABDE8F1
SET_C3FC6CC2,MERCH_041,111900,2238,402,55950,0,0,53310,INR,PROCESSED,2026-07-29T03:21:22Z,REF-PAY_54D70641
SET_904BE0AD,MERCH_029,1787900,35758,6436,0,0,0,1745706,INR,PROCESSED,2026-09-02T04:12:16Z,REF-PAY_E2ED7F8F
SET_13C71962,MERCH_049,397200,7944,1429,0,0,0,387827,INR,PROCESSED,2026-09-03T16:52:02Z,REF-PAY_97FD6B01
SET_3CED0E42,MERCH_036,1558200,31164,5609,0,0,0,1521427,INR,PROCESSED,2026-07-25T05:34:17Z,SETTLE-MERCH_036-BULK
SET_19B52FEC,MERCH_043,1066500,21330,3839,0,0,0,1041331,INR,PROCESSED,2026-07-21T10:03:08Z,REF-PAY_AC559615
SET_A56D7935,MERCH_010,1964400,39288,7071,0,0,0,1918041,INR,PROCESSED,2026-08-06T15:02:07Z,REF-PAY_8F137FDB
SET_CA8EBD22,MERCH_025,1099300,21986,3957,0,0,0,1073407,INR,PROCESSED,2026-08-05T03:05:41Z,REF-PAY_2A3E0FEB
SET_A6F3E88B,MERCH_039,797500,15950,2871,0,0,0,778679,INR,PROCESSED,2026-08-13T02:23:26Z,REF-PAY_B28DFB30
SET_D91B4A04,MERCH_020,1390300,27806,5005,695150,0,0,662339,INR,PROCESSED,2026-07-09T01:49:10Z,REF-PAY_201D6E52
SET_967C8C62,MERCH_001,5500000,110000,19800,0,0,0,5370200,INR,PROCESSED,2026-08-25T22:35:04Z,SETTLE-MERCH_001-HV
SET_981AAC29,MERCH_034,404900,8098,1457,0,0,0,395345,INR,PROCESSED,2026-08-17T23:09:41Z,REF-PAY_B43C4953-TYPO
SET_923C10DF,MERCH_002,1286700,25734,4632,0,0,0,1256334,INR,PROCESSED,2026-07-21T18:30:49Z,REF-PAY_C62F9927
SET_09BFB4E1,MERCH_021,1871500,37430,6737,0,0,0,1827333,INR,PROCESSED,2026-08-10T10:41:28Z,REF-PAY_A3490FCB
SET_A1FFE4FA,MERCH_042,1597500,31950,5751,0,0,0,1553899,INR,PROCESSED,2026-08-01T13:53:57Z,REF-PAY_776345B1
SET_F8C08953,MERCH_003,1897100,37942,6829,0,0,0,1852329,INR,PROCESSED,2026-07-03T12:28:23Z,REF-PAY_4D69EA93
SET_ED099C35,MERCH_031,544900,10898,1961,0,0,0,532041,INR,PROCESSED,2026-08-17T12:42:41Z,REF-PAY_EAC3C21F
SET_F1B8CCC9,MERCH_034,1610500,32210,5797,0,1610500,0,-38007,INR,PROCESSED,2026-07-19T08:29:38Z,REF-PAY_13241003
SET_335BF774,MERCH_013,1106100,22122,3981,0,0,0,1079997,INR,PROCESSED,2026-08-20T23:44:00Z,REF-PAY_B625DBDF
SET_8E67B962,MERCH_004,438900,8778,1580,0,0,0,428542,INR,PROCESSED,2026-08-27T09:57:30Z,REF-PAY_B33EE1ED
SET_C8FBEFB5,MERCH_021,1262900,25258,4546,0,0,0,1233096,INR,PROCESSED,2026-07-27T08:37:07Z,REF-PAY_12720378
SET_DF8CC31D,MERCH_020,39600,792,142,0,0,0,38666,INR,PROCESSED,2026-08-18T19:22:02Z,REF-PAY_57B4EEEA
SET_EF0ACC0F,MERCH_049,1269000,25380,4568,0,0,0,1192252,INR,PROCESSED,2026-08-16T15:22:33Z,REF-PAY_E16D915F
SET_ABED5A48,MERCH_034,176900,3538,636,0,0,0,172726,INR,PROCESSED,2026-08-04T02:52:40Z,REF-PAY_B548EACD-TYPO
SET_C2F4C090,MERCH_014,1940800,38816,6986,0,0,0,1894998,INR,PROCESSED,2026-07-23T11:45:05Z,REF-PAY_2192C402
SET_CF844296,MERCH_014,1760100,35202,6336,0,0,0,1718562,INR,PROCESSED,2026-08-18T03:53:50Z,REF-PAY_5E8F66BC
SET_A1396174,MERCH_001,27300,546,98,0,0,0,26656,INR,PROCESSED,2026-07-21T13:50:20Z,REF-PAY_7B2D68DE
SET_598F9AAC,MERCH_039,1440900,28818,5187,0,1440900,0,-34005,INR,PROCESSED,2026-07-17T10:49:54Z,REF-PAY_12463A05
SET_E9C03FFF,MERCH_037,1378600,27572,4962,0,0,0,1346066,INR,PROCESSED,2026-08-17T05:44:39Z,REF-PAY_185E40F2
SET_FF69446B,MERCH_034,877900,17558,3160,0,0,0,857182,INR,PROCESSED,2026-07-08T03:13:33Z,REF-PAY_A28534F8
SET_0FE878DC,MERCH_015,15400,308,55,0,0,0,14937,INR,PROCESSED,2026-07-19T03:29:48Z,REF-PAY_D57C8F65
SET_09B9D134,MERCH_028,1145200,22904,4122,0,0,0,1118174,INR,PROCESSED,2026-08-16T07:20:16Z,REF-PAY_5DF4C479
SET_4D56429B,MERCH_022,844300,16886,3039,0,0,0,824375,INR,PROCESSED,2026-07-11T17:17:32Z,REF-PAY_3B109058
SET_57E3DDE0,MERCH_013,1937300,38746,6974,0,0,0,1891580,INR,PROCESSED,2026-07-29T10:17:14Z,REF-PAY_667F89FF
SET_30A52B0B,MERCH_004,789600,15792,2842,0,0,0,770966,INR,PROCESSED,2026-07-23T05:46:32Z,REF-PAY_0671F5F8
SET_84855499,MERCH_043,1413800,28276,5089,0,0,0,1380435,INR,PROCESSED,2026-07-07T00:30:00Z,REF-PAY_38ECD3DA
SET_01679026,MERCH_044,1717300,34346,6182,858650,0,0,818122,INR,PROCESSED,2026-07-14T17:07:29Z,REF-PAY_2B59AEB1
SET_6AADE4D3,MERCH_013,306400,6128,1103,0,0,0,299169,INR,PROCESSED,2026-07-23T17:34:46Z,REF-PAY_4B168024
SET_6EA91CCA,MERCH_021,385500,7710,1387,0,0,0,376303,INR,PROCESSED,2026-07-15T05:28:54Z,REF-PAY_389E6537
SET_A72BFB32,MERCH_004,19800,396,71,0,0,0,19233,INR,PROCESSED,2026-08-09T19:17:51Z,REF-PAY_091C56DD
SET_5B4D8B95,MERCH_031,1075600,21512,3872,0,0,0,1050216,INR,PROCESSED,2026-08-27T05:05:05Z,REF-PAY_6F6AECA6
SET_3B71276D,MERCH_027,1780800,35616,6410,0,0,0,1738774,INR,PROCESSED,2026-07-16T01:12:08Z,REF-PAY_355DC1FD
SET_68DD7970,MERCH_043,1860200,37204,6696,0,0,0,1816300,INR,PROCESSED,2026-07-19T14:52:10Z,REF-PAY_8BD9F609
SET_7E78E13D,MERCH_025,350500,7010,1261,0,0,0,342229,INR,PROCESSED,2026-07-09T17:58:02Z,REF-PAY_F4BD64AF
SET_04D8BEB1,MERCH_023,524100,10482,1886,0,0,0,463232,INR,PROCESSED,2026-07-27T20:54:43Z,REF-PAY_90876AF3
SET_27F5C7E8,MERCH_041,1966700,39334,7080,0,0,0,1920286,INR,PROCESSED,2026-07-31T17:57:03Z,REF-PAY_EBD3A705
SET_7DEE1B1B,MERCH_031,49100,982,176,0,0,0,47942,INR,PROCESSED,2026-08-29T14:53:15Z,REF-PAY_9B81018C
SET_479E14AB,MERCH_033,244100,4882,878,0,0,0,238340,INR,PROCESSED,2026-08-30T20:04:33Z,REF-PAY_6E7D9AED
SET_FFEE4ABA,MERCH_041,927400,18548,3338,0,0,0,905414,INR,PROCESSED,2026-08-12T02:52:08Z,REF-PAY_B9158888
SET_0DBA7EC9,MERCH_023,805400,16108,2899,0,0,0,786393,INR,PROCESSED,2026-07-26T07:11:26Z,REF-PAY_351D7937-TYPO
SET_411B8C31,MERCH_037,146500,2930,527,0,0,0,143043,INR,PROCESSED,2026-07-15T21:51:31Z,REF-PAY_8A4AC0B3-TYPO
SET_A6018630,MERCH_026,911000,18220,3279,0,0,0,889501,INR,PROCESSED,2026-07-07T06:05:00Z,REF-PAY_DF45A870
SET_31C16631,MERCH_017,1383100,27662,4979,0,0,0,1350359,INR,PROCESSED,2026-08-24T06:56:47Z,REF-PAY_83616A9D
SET_EA9AFA4F,MERCH_019,1619700,32394,5830,0,0,0,1581376,INR,PROCESSED,2026-08-12T15:51:26Z,REF-PAY_D61329F7
SET_42F651C5,MERCH_034,649000,12980,2336,0,0,0,633684,INR,PROCESSED,2026-08-26T17:16:03Z,REF-PAY_F45F755D
SET_0DEC06A5,MERCH_042,800600,16012,2882,0,0,0,781706,INR,PROCESSED,2026-08-13T03:53:53Z,REF-PAY_FE785BAE-TYPO
SET_5E57EA33,MERCH_028,1343500,26870,4836,0,0,0,1311794,INR,PROCESSED,2026-07-31T18:23:16Z,REF-PAY_AB8477B9
SET_5B5846A4,MERCH_027,1665900,33318,5997,0,0,0,1626585,INR,PROCESSED,2026-07-23T23:09:39Z,REF-PAY_0B6B2AEE
SET_1DC19E79,MERCH_041,371500,7430,1337,0,0,0,362733,INR,PROCESSED,2026-08-10T20:29:22Z,REF-PAY_C52C260A
SET_AC376CAF,MERCH_014,413400,8268,1488,0,0,0,403644,INR,PROCESSED,2026-07-29T19:25:43Z,REF-PAY_DF396D8F
SET_6FB00358,MERCH_035,352400,7048,1268,0,0,0,344134,INR,PROCESSED,2026-07-14T10:33:46Z,REF-PAY_12EF053D
SET_F6D0E544,MERCH_011,1027000,20540,3697,513500,0,0,489263,INR,PROCESSED,2026-07-24T09:45:16Z,REF-PAY_E34F47E7
SET_B0CDB18D,MERCH_037,1834900,36698,6605,0,1834900,0,-43303,INR,PROCESSED,2026-08-18T13:58:01Z,REF-PAY_7368DA5B
SET_A02C4773,MERCH_044,1594100,31882,5738,0,0,0,1556480,INR,PROCESSED,2026-08-19T08:40:04Z,SETTLE-MERCH_044-BULK
SET_680443C2,MERCH_045,1770200,35404,6372,0,1770200,0,-41776,INR,PROCESSED,2026-07-03T15:45:49Z,REF-PAY_593FD26A
SET_0A827B14,MERCH_020,893200,17864,3215,0,0,0,872171,INR,PROCESSED,2026-08-16T06:55:03Z,REF-PAY_89DA109D
SET_D098A033,MERCH_012,1704900,34098,6137,0,0,0,1664665,INR,PROCESSED,2026-08-16T21:02:09Z,REF-PAY_FD4F5268
SET_24E82636,MERCH_036,1515100,30302,5454,0,1515100,0,-35756,INR,PROCESSED,2026-07-14T18:18:00Z,REF-PAY_D39315E3
SET_930E71BC,MERCH_017,1876500,37530,6755,0,0,0,1832265,INR,PROCESSED,2026-07-18T23:12:57Z,REF-PAY_6ACA3F76
SET_031FE3B3,MERCH_048,1225300,24506,4411,0,0,0,1196383,INR,PROCESSED,2026-08-18T00:40:52Z,REF-PAY_EA6CD0F9
SET_4FDE5B89,MERCH_004,272100,5442,979,0,272100,0,-6421,INR,PROCESSED,2026-07-25T09:32:06Z,REF-PAY_E7890543
SET_032F33AF,MERCH_046,1235700,24714,4448,0,1235700,0,-29162,INR,PROCESSED,2026-08-19T20:53:02Z,REF-PAY_42E4C253
SET_1782207F,MERCH_014,1803400,36068,6492,0,0,0,1760840,INR,PROCESSED,2026-07-18T17:24:01Z,REF-PAY_89E18B04
SET_81B344D2,MERCH_025,432700,8654,1557,0,0,0,422489,INR,PROCESSED,2026-08-27T07:44:54Z,REF-PAY_B90BF07C
SET_4E3F0AAF,MERCH_041,674900,13498,2429,0,0,0,658973,INR,PROCESSED,2026-08-21T20:13:03Z,REF-PAY_1443E26F
SET_6D1212B4,MERCH_046,1895500,37910,6823,0,0,0,1850767,INR,PROCESSED,2026-08-07T04:38:15Z,REF-PAY_39A11104
SET_CBC5659B,MERCH_032,1984300,39686,7143,0,0,0,1937471,INR,PROCESSED,2026-08-14T18:23:46Z,REF-PAY_6952B939
SET_4270CEB0,MERCH_035,146000,2920,525,0,0,0,142555,INR,PROCESSED,2026-08-20T09:59:43Z,REF-PAY_DC5083F9
SET_256DD983,MERCH_042,1161800,23236,4182,0,0,0,1134382,INR,PROCESSED,2026-07-16T21:37:40Z,REF-PAY_7AA4130E
SET_EB343571,MERCH_002,1553100,31062,5591,0,0,0,1516347,INR,PROCESSED,2026-08-08T07:54:46Z,REF-PAY_70E69D82
SET_710D8179,MERCH_024,1856000,37120,6681,0,0,0,1812199,INR,PROCESSED,2026-07-14T22:39:31Z,REF-PAY_7F2409B3
SET_442C2D66,MERCH_031,972600,19452,3501,0,0,0,949647,INR,PROCESSED,2026-08-04T22:29:19Z,REF-PAY_E10D022F
SET_17D9CB88,MERCH_027,456600,9132,1643,0,0,0,445825,INR,PROCESSED,2026-08-27T15:46:29Z,REF-PAY_6604A408
SET_0ED8C8DE,MERCH_046,1910100,38202,6876,0,0,0,1827322,INR,PROCESSED,2026-07-24T19:15:31Z,REF-PAY_D8FA27F5
SET_02823BC8,MERCH_026,358400,7168,1290,0,0,0,349942,INR,PROCESSED,2026-07-10T16:09:29Z,REF-PAY_FD67F82B
SET_8A8607A5,MERCH_006,1434100,28682,5162,0,0,0,1400256,INR,PROCESSED,2026-07-08T21:34:23Z,REF-PAY_2D2E9408
SET_A0E9290F,MERCH_028,568600,11372,2046,0,0,0,555182,INR,PROCESSED,2026-08-14T03:30:32Z,REF-PAY_F218650A
SET_F338F20F,MERCH_034,278400,5568,1002,0,0,0,271830,INR,PROCESSED,2026-08-24T07:08:49Z,SETTLE-MERCH_034-BULK
SET_A3C76BC3,MERCH_025,1841600,36832,6629,0,0,0,1798039,INR,PROCESSED,2026-08-19T02:58:40Z,REF-PAY_BA897D70
SET_EB33DF30,MERCH_012,995000,19900,3582,0,0,0,971518,INR,PROCESSED,2026-07-26T19:30:03Z,SETTLE-MERCH_012-BULK
SET_42DA8E5D,MERCH_007,1201600,24032,4325,0,0,0,1173243,INR,PROCESSED,2026-08-01T00:00:24Z,REF-PAY_3D25B909
SET_D8E0CB3A,MERCH_028,1658000,33160,5968,0,0,0,1618872,INR,PROCESSED,2026-07-17T06:46:57Z,REF-PAY_19C9B4DA
SET_5A334C95,MERCH_014,85200,1704,306,0,0,0,83190,INR,PROCESSED,2026-08-05T13:23:40Z,REF-PAY_78DFCB10
SET_E83E887E,MERCH_002,875600,17512,3152,0,0,0,854936,INR,PROCESSED,2026-07-23T13:37:08Z,REF-PAY_FC6E618C
SET_70BE3D2C,MERCH_047,1331400,26628,4793,0,0,0,1299979,INR,PROCESSED,2026-08-15T21:31:24Z,REF-PAY_781E565E
SET_B9E04570,MERCH_032,1094100,21882,3938,0,0,0,1068330,INR,PROCESSED,2026-07-30T04:08:08Z,REF-PAY_4F31CBE0
SET_6692F205,MERCH_030,1800500,36010,6481,0,0,0,1758009,INR,PROCESSED,2026-08-14T12:19:10Z,REF-PAY_0D59F605
SET_93FBF2E2,MERCH_034,191100,3822,687,0,0,0,181991,INR,PROCESSED,2026-08-15T15:16:40Z,REF-PAY_B70C918C
SET_1B086FED,MERCH_006,1522700,30454,5481,0,0,0,1486765,INR,PROCESSED,2026-08-05T11:38:11Z,SETTLE-MERCH_006-BULK
SET_1E451727,MERCH_015,701100,14022,2523,350550,0,0,334005,INR,PROCESSED,2026-07-17T14:05:47Z,REF-PAY_4F606C9A
SET_5194C2BC,MERCH_007,60000000,1200000,216000,0,0,0,58584000,INR,PROCESSED,2026-08-06T04:18:22Z,SETTLE-MERCH_007-HV
SET_687F8D3F,MERCH_003,15000000,300000,54000,0,0,0,14646000,INR,PROCESSED,2026-08-29T17:47:13Z,SETTLE-MERCH_003-HV
SET_50F3CC6C,MERCH_003,1628600,32572,5862,0,0,0,1590166,INR,PROCESSED,2026-08-15T13:17:20Z,REF-PAY_9F493142
SET_4436E2B4,MERCH_021,1521800,30436,5478,0,0,0,1485936,INR,PROCESSED,2026-08-10T04:41:56Z,REF-PAY_05803A0A
SET_52D11B83,MERCH_028,1990700,39814,7166,0,0,0,1943720,INR,PROCESSED,2026-07-17T11:44:59Z,REF-PAY_FB53E62A
SET_06CE3BC2,MERCH_045,878500,17570,3162,0,878500,0,-20732,INR,PROCESSED,2026-08-28T13:44:43Z,REF-PAY_A7595907
SET_4930FB9F,MERCH_010,5500000,110000,19800,0,0,0,5370200,INR,PROCESSED,2026-09-01T13:39:27Z,SETTLE-MERCH_010-HV
SET_E179A712,MERCH_022,1347900,26958,4852,0,0,0,1316090,INR,PROCESSED,2026-08-30T08:07:06Z,REF-PAY_576F084A
SET_54FF13B7,MERCH_028,1035300,20706,3727,0,0,0,1000867,INR,PROCESSED,2026-07-27T02:37:56Z,REF-PAY_D564AD13
SET_1162DB97,MERCH_001,1437400,28748,5174,0,0,0,1403478,INR,PROCESSED,2026-07-22T10:10:13Z,REF-PAY_098F1552
SET_A0DC350B,MERCH_045,664600,13292,2392,0,0,0,648916,INR,PROCESSED,2026-07-04T00:34:51Z,REF-PAY_CED14AA7
SET_565AC200,MERCH_041,377700,7554,1359,0,0,0,368787,INR,PROCESSED,2026-07-11T02:15:15Z,REF-PAY_B921C2D1
SET_7660260E,MERCH_015,1887700,37754,6795,0,0,0,1843151,INR,PROCESSED,2026-07-30T12:32:45Z,REF-PAY_751C4CEE
SET_52068545,MERCH_021,538500,10770,1938,0,0,0,525792,INR,PROCESSED,2026-08-27T21:52:12Z,REF-PAY_FE4286E4-TYPO
SET_5C7A8A0F,MERCH_023,17100,342,61,0,0,0,-10703,INR,PROCESSED,2026-09-01T03:11:03Z,REF-PAY_2C451BB3
SET_671E212C,MERCH_014,1813700,36274,6529,0,0,0,1770947,INR,PROCESSED,2026-08-23T00:52:20Z,REF-PAY_04152CBC
SET_7197F71E,MERCH_037,1945300,38906,7003,0,0,0,1899391,INR,PROCESSED,2026-09-02T21:55:39Z,REF-PAY_4DC12A15
SET_19828369,MERCH_017,1479900,29598,5327,0,0,0,1444975,INR,PROCESSED,2026-08-20T19:27:54Z,REF-PAY_05A680DF
SET_1361969A,MERCH_004,389600,7792,1402,0,389600,0,-9194,INR,PROCESSED,2026-08-26T21:12:02Z,REF-PAY_599828DF
SET_E809F94A,MERCH_048,201400,4028,725,0,0,0,196647,INR,PROCESSED,2026-07-19T13:45:33Z,REF-PAY_CB7F2764
SET_2D0C8DFA,MERCH_031,1660000,33200,5976,0,0,0,1620824,INR,PROCESSED,2026-07-12T15:10:00Z,REF-PAY_CA8B0C0B
SET_C219D506,MERCH_034,1384100,27682,4982,0,0,0,1351436,INR,PROCESSED,2026-08-11T07:23:08Z,REF-PAY_18C1DB20
SET_42187D32,MERCH_042,1822800,36456,6562,0,0,0,1779782,INR,PROCESSED,2026-07-23T05:57:20Z,REF-PAY_1AF9D501
SET_6C16172D,MERCH_024,1596100,31922,5745,0,0,0,1558433,INR,PROCESSED,2026-08-24T12:55:04Z,REF-PAY_477982C0
SET_2FF21E41,MERCH_045,1352100,27042,4867,0,0,0,1320241,INR,PROCESSED,2026-07-03T22:22:17Z,REF-PAY_73F421CE
SET_7A657435,MERCH_032,55300,1106,199,0,0,0,53995,INR,PROCESSED,2026-07-20T06:11:41Z,REF-PAY_4DC94114
SET_C13EFC24,MERCH_034,928900,18578,3344,0,0,0,906878,INR,PROCESSED,2026-07-27T06:01:55Z,REF-PAY_952AE26C
SET_754986E3,MERCH_034,1651300,33026,5944,0,0,0,1612330,INR,PROCESSED,2026-09-02T12:33:00Z,REF-PAY_06DFF77F
SET_1643C83B,MERCH_004,1792700,35854,6453,0,0,0,1750393,INR,PROCESSED,2026-08-31T03:52:58Z,REF-PAY_6B60B9A9
SET_ACB02FF5,MERCH_010,15000000,300000,54000,0,0,0,14646000,INR,PROCESSED,2026-09-03T21:39:00Z,SETTLE-MERCH_010-HV
SET_0E66BDF2,MERCH_031,1285300,25706,4627,0,0,0,1254967,INR,PROCESSED,2026-08-09T05:46:03Z,REF-PAY_6CF6A7B3
SET_0DFC6813,MERCH_017,1108200,22164,3989,0,0,0,1082047,INR,PROCESSED,2026-07-27T04:39:32Z,REF-PAY_753B6D71
SET_1605E15D,MERCH_024,1664100,33282,5990,0,0,0,1624878,INR,PROCESSED,2026-08-13T12:12:32Z,REF-PAY_0415E978
SET_C54BC97E,MERCH_011,42200,844,151,0,0,0,41205,INR,PROCESSED,2026-07-24T11:37:35Z,REF-PAY_9454DE35
SET_812099E5,MERCH_033,305900,6118,1101,0,305900,0,-7219,INR,PROCESSED,2026-07-24T21:00:05Z,REF-PAY_B3BD60DA
SET_2BBB8E7E,MERCH_027,1151000,23020,4143,0,0,0,1123837,INR,PROCESSED,2026-07-10T22:56:11Z,REF-PAY_37332B35-TYPO
SET_43FC3965,MERCH_010,273100,5462,983,0,0,0,266655,INR,PROCESSED,2026-07-15T18:39:27Z,REF-PAY_E5F78BAC
SET_A460FE7D,MERCH_048,1287300,25746,4634,0,0,0,1256920,INR,PROCESSED,2026-08-05T02:00:01Z,REF-PAY_EF6B0E65
SET_8CED2951,MERCH_027,90900,1818,327,0,0,0,88755,INR,PROCESSED,2026-08-20T00:00:30Z,REF-PAY_0D65A1DF
SET_A27FA9AF,MERCH_016,5500000,110000,19800,0,0,0,5370200,INR,PROCESSED,2026-08-04T08:36:07Z,SETTLE-MERCH_016-HV
SET_0F7021BC,MERCH_021,255100,5102,918,0,0,0,249130,INR,PROCESSED,2026-07-07T18:12:43Z,REF-PAY_29016AA5
SET_68CFBA70,MERCH_019,297300,5946,1070,0,0,0,290334,INR,PROCESSED,2026-08-29T19:39:15Z,REF-PAY_D65C39B7
SET_EDB36DEA,MERCH_039,1496900,29938,5388,0,0,0,1461574,INR,PROCESSED,2026-08-17T20:11:02Z,REF-PAY_36843861
SET_F15FB473,MERCH_044,767900,15358,2764,0,0,0,749828,INR,PROCESSED,2026-07-10T17:07:04Z,REF-PAY_4B172E9C
SET_A40F3A42,MERCH_034,867300,17346,3122,0,0,0,846832,INR,PROCESSED,2026-07-15T15:46:16Z,REF-PAY_6A381FDE
SET_4A0842DA,MERCH_032,112100,2242,403,0,0,0,109455,INR,PROCESSED,2026-08-27T23:24:36Z,SETTLE-MERCH_032-BULK
SET_B9456498,MERCH_026,348100,6962,1253,0,0,0,339885,INR,PROCESSED,2026-08-02T07:01:26Z,REF-PAY_791B502D
SET_F4A9DE0D,MERCH_005,689100,13782,2480,0,0,0,672838,INR,PROCESSED,2026-07-28T01:59:34Z,REF-PAY_E05BCF91
SET_BA361C59,MERCH_013,1972600,39452,7101,0,0,0,1926047,INR,PROCESSED,2026-07-28T06:25:07Z,REF-PAY_11959DFB
SET_C46BBCA9,MERCH_004,1005600,20112,3620,0,0,0,981868,INR,PROCESSED,2026-07-30T01:55:33Z,REF-PAY_893059D7-TYPO
SET_1E60F5D3,MERCH_043,1058900,21178,3812,0,0,0,1033910,INR,PROCESSED,2026-09-06T01:35:35Z,REF-PAY_AE59F642
SET_C525213E,MERCH_040,1376100,27522,4953,0,0,0,1343625,INR,PROCESSED,2026-08-09T04:14:00Z,REF-PAY_69EFEA4C
SET_7DC9D356,MERCH_019,332700,6654,1197,0,0,0,324899,INR,PROCESSED,2026-09-02T09:05:53Z,REF-PAY_9CF46E81
SET_309CEDFA,MERCH_004,1381500,27630,4973,0,0,0,1348897,INR,PROCESSED,2026-08-23T14:22:41Z,REF-PAY_00669A96
SET_0BFA7C05,MERCH_008,30000,600,108,0,0,0,29292,INR,PROCESSED,2026-07-08T12:21:00Z,REF-PAY_FA0A2752-TYPO
SET_932D105A,MERCH_035,1430800,28616,5150,0,0,0,1397034,INR,PROCESSED,2026-08-10T09:52:19Z,REF-PAY_B5AAAF04
SET_FF44C149,MERCH_029,1431600,28632,5153,0,0,0,1397815,INR,PROCESSED,2026-08-10T15:59:45Z,REF-PAY_772284D4
SET_8884FAEB,MERCH_018,566000,11320,2037,0,0,0,552643,INR,PROCESSED,2026-08-21T17:03:59Z,REF-PAY_7323E196
SET_D82AC3CD,MERCH_030,1594100,31882,5738,0,0,0,1556530,INR,PROCESSED,2026-08-03T09:28:07Z,REF-PAY_99C44420
SET_60C60F03,MERCH_030,1552000,31040,5587,0,0,0,1515373,INR,PROCESSED,2026-08-10T16:16:09Z,REF-PAY_700C3207
SET_C7B08100,MERCH_012,1560900,31218,5619,0,0,0,1524063,INR,PROCESSED,2026-08-28T00:30:44Z,REF-PAY_4C05A123
SET_C36D0DAF,MERCH_003,710300,14206,2557,0,0,0,693537,INR,PROCESSED,2026-08-03T18:56:04Z,SETTLE-MERCH_003-BULK
SET_A16251FB,MERCH_037,873400,17468,3144,0,0,0,852788,INR,PROCESSED,2026-08-10T19:14:36Z,REF-PAY_2581355B-TYPO
SET_8A8813D1,MERCH_017,1708500,34170,6150,0,0,0,1668180,INR,PROCESSED,2026-08-15T08:53:49Z,REF-PAY_040DF0B3
SET_9D93E5D6,MERCH_035,756600,15132,2723,0,0,0,738745,INR,PROCESSED,2026-08-22T20:49:25Z,REF-PAY_94AF64FB
SET_8837945D,MERCH_027,371400,7428,1337,0,0,0,362635,INR,PROCESSED,2026-08-08T07:21:25Z,REF-PAY_B4CF369D
SET_175112DB,MERCH_017,693300,13866,2495,0,0,0,676939,INR,PROCESSED,2026-08-28T05:13:04Z,REF-PAY_6E971D51
SET_BDBB572F,MERCH_023,1132800,22656,4078,0,0,0,1106066,INR,PROCESSED,2026-07-26T23:34:50Z,REF-PAY_8E974F20
SET_A58F38D0,MERCH_003,766500,15330,2759,0,0,0,748411,INR,PROCESSED,2026-08-07T17:10:13Z,REF-PAY_0EBDC88F
SET_0FC1AE8D,MERCH_009,1907300,38146,6866,0,0,0,1862288,INR,PROCESSED,2026-08-09T19:28:59Z,REF-PAY_87272030
SET_8116FC51,MERCH_028,1717300,34346,6182,0,0,0,1676772,INR,PROCESSED,2026-07-25T13:24:16Z,REF-PAY_5772B8FF-TYPO
SET_8CE6A02A,MERCH_040,878100,17562,3161,0,0,0,857427,INR,PROCESSED,2026-08-21T16:43:24Z,REF-PAY_9745E8BE
SET_6FE92AE2,MERCH_026,1931300,38626,6952,0,0,0,1885722,INR,PROCESSED,2026-07-27T08:49:44Z,REF-PAY_9769A1BB
SET_F8340004,MERCH_045,507700,10154,1827,0,0,0,495719,INR,PROCESSED,2026-08-09T16:29:59Z,REF-PAY_F38B614C
SET_D3B8B3D1,MERCH_024,1068500,21370,3846,0,0,0,1043284,INR,PROCESSED,2026-08-12T04:39:41Z,REF-PAY_E041E42B
SET_A060CF23,MERCH_039,15000000,300000,54000,0,0,0,14646000,INR,PROCESSED,2026-07-25T13:55:36Z,SETTLE-MERCH_039-HV
SET_2DE97BD7,MERCH_010,500300,10006,1801,0,500300,0,-11807,INR,PROCESSED,2026-07-25T10:01:10Z,REF-PAY_5E1762D2
SET_C5FD105E,MERCH_031,1054300,21086,3795,0,0,0,1029419,INR,PROCESSED,2026-08-03T13:05:45Z,REF-PAY_51DC587A
SET_15CE6DA5,MERCH_015,223200,4464,803,0,0,0,217933,INR,PROCESSED,2026-08-05T21:59:18Z,REF-PAY_88FDEB65
SET_7C6F9FFD,MERCH_018,1929200,38584,6945,0,0,0,1883671,INR,PROCESSED,2026-08-09T07:14:16Z,REF-PAY_53394F56
SET_DC977E65,MERCH_001,1184100,23682,4262,0,0,0,1156056,INR,PROCESSED,2026-07-11T03:03:42Z,REF-PAY_B2A804E0
SET_C4FB5A03,MERCH_024,386100,7722,1389,0,0,0,376989,INR,PROCESSED,2026-07-13T05:12:08Z,REF-PAY_97D7640F
SET_17F4C1E8,MERCH_048,371600,7432,1337,0,0,0,362831,INR,PROCESSED,2026-09-02T14:29:13Z,REF-PAY_B3ED6DDA
SET_A0EEAF18,MERCH_003,1592400,31848,5732,0,0,0,1554820,INR,PROCESSED,2026-08-21T00:48:14Z,REF-PAY_F206B343
SET_2B8196A7,MERCH_007,1870500,37410,6733,0,0,0,1826357,INR,PROCESSED,2026-08-14T11:41:27Z,SETTLE-MERCH_007-BULK
SET_736C2E2B,MERCH_003,216800,4336,780,0,0,0,211684,INR,PROCESSED,2026-08-26T22:51:04Z,REF-PAY_A6B2A226
SET_ED4BFBAF,MERCH_022,1074600,21492,3868,0,1074600,0,-25360,INR,PROCESSED,2026-07-07T17:03:49Z,REF-PAY_C7843A2B
SET_7FE9AF84,MERCH_043,1634100,32682,5882,0,0,0,1595536,INR,PROCESSED,2026-07-23T18:33:37Z,REF-PAY_E580CF32
SET_BCEA7FBB,MERCH_026,1530100,30602,5508,765050,0,0,728940,INR,PROCESSED,2026-08-19T11:26:37Z,REF-PAY_7A52F13A
SET_9806A1CB,MERCH_006,39900,798,143,0,0,0,38959,INR,PROCESSED,2026-07-16T12:59:46Z,REF-PAY_9A2F0961
SET_482491E0,MERCH_023,1389200,27784,5001,0,0,0,1356415,INR,PROCESSED,2026-07-31T20:20:26Z,REF-PAY_FF633366
SET_A035EDDD,MERCH_041,1076500,21530,3875,0,0,0,1051095,INR,PROCESSED,2026-08-18T13:07:04Z,REF-PAY_B818C419
SET_2F34A42A,MERCH_028,60800,1216,218,0,0,0,59366,INR,PROCESSED,2026-08-17T07:19:18Z,REF-PAY_98FD5757
SET_69E45CBD,MERCH_043,441700,8834,1590,0,0,0,431276,INR,PROCESSED,2026-08-14T08:28:52Z,REF-PAY_6A55BB36-TYPO
SET_498AACB7,MERCH_029,852700,17054,3069,0,0,0,832577,INR,PROCESSED,2026-08-14T00:56:18Z,REF-PAY_51032D2A
SET_8B545E28,MERCH_048,1613400,32268,5808,0,0,0,1575324,INR,PROCESSED,2026-07-25T15:33:43Z,REF-PAY_D96D1D4B
SET_12FD0B83,MERCH_014,1215600,24312,4376,0,0,0,1186912,INR,PROCESSED,2026-07-18T11:55:32Z,REF-PAY_94A80A4C
SET_FE0D79A2,MERCH_044,1522100,30442,5479,0,0,0,1486179,INR,PROCESSED,2026-07-07T13:19:21Z,REF-PAY_2EA89BAD
SET_10156766,MERCH_041,73900,1478,266,0,0,0,42756,INR,PROCESSED,2026-07-15T19:20:38Z,REF-PAY_E2FD25AE
SET_B72C0207,MERCH_026,1136800,22736,4092,0,0,0,1109972,INR,PROCESSED,2026-07-04T14:29:20Z,REF-PAY_854A2793
SET_28F4D466,MERCH_002,178900,3578,644,0,0,0,174678,INR,PROCESSED,2026-08-16T05:17:26Z,REF-PAY_3590FD2F
SET_3492A42D,MERCH_038,60000000,1200000,216000,0,0,0,58584000,INR,PROCESSED,2026-07-04T15:36:03Z,SETTLE-MERCH_038-HV
SET_DAA77553,MERCH_031,1871000,37420,6735,0,0,0,1798845,INR,PROCESSED,2026-07-05T05:21:37Z,REF-PAY_F85D03B6
SET_5787FF84,MERCH_038,1708800,34176,6151,0,0,0,1668473,INR,PROCESSED,2026-08-14T09:13:27Z,REF-PAY_DE9E8BAA
SET_25B35B2A,MERCH_019,679500,13590,2446,0,0,0,663464,INR,PROCESSED,2026-07-20T10:41:31Z,REF-PAY_80277237
SET_D61AFBBD,MERCH_023,1507700,30154,5427,0,0,0,1472169,INR,PROCESSED,2026-07-24T00:57:15Z,REF-PAY_2ACA4472
SET_3C799218,MERCH_001,123700,2474,445,0,0,0,120781,INR,PROCESSED,2026-07-14T03:45:06Z,REF-PAY_3B1F43DD
SET_4833E157,MERCH_036,540700,10814,1946,0,0,0,527990,INR,PROCESSED,2026-07-23T20:45:43Z,REF-PAY_7619AD39
SET_1E991C3E,MERCH_031,1573600,31472,5664,0,0,0,1536464,INR,PROCESSED,2026-08-31T06:47:56Z,REF-PAY_BE02E235
SET_CE2D5963,MERCH_020,126100,2522,453,0,0,0,123125,INR,PROCESSED,2026-08-23T20:10:11Z,REF-PAY_2E6C8213-TYPO
SET_4ADDA22F,MERCH_043,165400,3308,595,0,0,0,161497,INR,PROCESSED,2026-08-16T01:52:37Z,SETTLE-MERCH_043-BULK
SET_6A5ADFC7,MERCH_002,471100,9422,1695,0,0,0,459983,INR,PROCESSED,2026-07-19T17:56:30Z,REF-PAY_474663CA
SET_C6DDD6C8,MERCH_039,1290100,25802,4644,0,0,0,1259654,INR,PROCESSED,2026-08-21T00:42:39Z,REF-PAY_12411E80
SET_7FB698B1,MERCH_021,1271000,25420,4575,0,0,0,1241005,INR,PROCESSED,2026-08-18T14:55:54Z,SETTLE-MERCH_021-BULK
SET_801D00EB,MERCH_040,929900,18598,3347,0,929900,0,-21945,INR,PROCESSED,2026-07-09T18:20:57Z,REF-PAY_F5D628CD
SET_7BCF44D4,MERCH_030,41300,826,148,0,0,0,40326,INR,PROCESSED,2026-07-21T13:59:27Z,REF-PAY_5645E43D
SET_468003BC,MERCH_005,1495900,29918,5385,0,0,0,1460647,INR,PROCESSED,2026-07-10T15:03:36Z,REF-PAY_0E81AC78
SET_9DDFCABE,MERCH_017,1181500,23630,4253,0,0,0,1153617,INR,PROCESSED,2026-08-10T02:43:51Z,REF-PAY_EB5C88C0
SET_45A2FA39,MERCH_021,1161400,23228,4181,0,0,0,1133991,INR,PROCESSED,2026-08-08T00:38:23Z,REF-PAY_971CBD92
SET_396C4DAB,MERCH_006,1968200,39364,7085,0,0,0,1921751,INR,PROCESSED,2026-07-18T23:52:47Z,REF-PAY_D1FAE601
SET_7E1BC64E,MERCH_017,808200,16164,2909,0,0,0,789127,INR,PROCESSED,2026-08-02T20:53:57Z,REF-PAY_D5643B0D
SET_F65F71BF,MERCH_031,882000,17640,3175,0,0,0,861185,INR,PROCESSED,2026-08-28T01:14:13Z,REF-PAY_9D8A8493
SET_9F66E5C0,MERCH_028,901200,18024,3244,0,0,0,879932,INR,PROCESSED,2026-07-12T10:32:52Z,REF-PAY_A2B48598
SET_061AF71B,MERCH_011,1707500,34150,6147,0,0,0,1667203,INR,PROCESSED,2026-07-18T11:02:45Z,REF-PAY_F2BEEBF0
SET_8632990B,MERCH_044,1342500,26850,4833,0,0,0,1310817,INR,PROCESSED,2026-08-10T19:22:43Z,REF-PAY_4A7AC054
SET_910D38A4,MERCH_002,979900,19598,3527,0,0,0,956775,INR,PROCESSED,2026-07-23T06:54:29Z,REF-PAY_D986CD66
SET_B59E06E1,MERCH_034,673900,13478,2426,0,0,0,657996,INR,PROCESSED,2026-07-30T17:12:29Z,REF-PAY_B21252BB
SET_764E6DCF,MERCH_026,1117400,22348,4022,0,0,0,1091030,INR,PROCESSED,2026-07-08T18:54:13Z,REF-PAY_59665A1C
SET_38C207D1,MERCH_015,814800,16296,2933,0,0,0,795571,INR,PROCESSED,2026-08-01T16:19:56Z,REF-PAY_4CFC85EE
SET_FC4462A5,MERCH_030,1229700,24594,4426,0,0,0,1200680,INR,PROCESSED,2026-08-14T02:18:25Z,REF-PAY_DDE8D8AB
SET_8A88D2B1,MERCH_001,256600,5132,923,0,0,0,250545,INR,PROCESSED,2026-07-08T07:28:25Z,REF-PAY_9625599D-TYPO
SET_C570CCFC,MERCH_027,63200,1264,227,0,0,0,61709,INR,PROCESSED,2026-07-25T17:31:46Z,REF-PAY_73F55627
SET_66959448,MERCH_035,1400300,28006,5041,0,0,0,1367253,INR,PROCESSED,2026-07-04T10:21:24Z,REF-PAY_BE46B54B
SET_1CE9E582,MERCH_031,1820500,36410,6553,0,0,0,1777537,INR,PROCESSED,2026-08-27T15:26:54Z,REF-PAY_FD6074D4-TYPO
SET_80B0C41A,MERCH_007,140900,2818,507,0,0,0,102175,INR,PROCESSED,2026-07-06T05:37:01Z,REF-PAY_9EA11203
SET_BB237FCF,MERCH_011,546600,10932,1967,0,0,0,533601,INR,PROCESSED,2026-08-17T19:38:18Z,REF-PAY_C6033858
SET_785212DD,MERCH_013,214900,4298,773,0,214900,0,-5071,INR,PROCESSED,2026-08-14T21:50:53Z,REF-PAY_313DABAD
SET_E557E9EB,MERCH_011,1963900,39278,7070,0,0,0,1917552,INR,PROCESSED,2026-08-05T16:21:57Z,REF-PAY_489DD4B5-TYPO
SET_83EDA178,MERCH_001,1266200,25324,4558,0,0,0,1236318,INR,PROCESSED,2026-08-30T10:07:49Z,REF-PAY_2B09FF2E
SET_DFB2E829,MERCH_048,858300,17166,3089,0,0,0,838045,INR,PROCESSED,2026-08-21T14:07:53Z,SETTLE-MERCH_048-BULK
SET_CDB819D7,MERCH_016,1673200,33464,6023,0,0,0,1633713,INR,PROCESSED,2026-08-13T21:04:08Z,REF-PAY_984E6D41
SET_4D3D0057,MERCH_014,1944400,38888,6999,0,0,0,1898513,INR,PROCESSED,2026-07-15T05:30:22Z,REF-PAY_A1D364B3
SET_DB21F9FD,MERCH_046,1663800,33276,5989,0,0,0,1624535,INR,PROCESSED,2026-07-24T14:03:18Z,REF-PAY_F6D90C4C
SET_677AEC84,MERCH_010,34300,686,123,0,0,0,4491,INR,PROCESSED,2026-08-19T05:51:45Z,REF-PAY_1147E8DB
SET_CFCD1802,MERCH_032,89800,1796,323,0,0,0,87731,INR,PROCESSED,2026-08-05T05:32:10Z,REF-PAY_C129909C
SET_A1C9C849,MERCH_036,1886200,37724,6790,0,0,0,1841686,INR,PROCESSED,2026-07-23T15:35:49Z,REF-PAY_E66E195C
SET_ECBE2D72,MERCH_024,5500000,110000,19800,0,0,0,5370200,INR,PROCESSED,2026-07-16T21:50:45Z,SETTLE-MERCH_024-HV
SET_E0B27EFF,MERCH_012,1524700,30494,5488,0,0,0,1488718,INR,PROCESSED,2026-07-13T18:46:31Z,REF-PAY_66ABFADF
SET_CAC0999F,MERCH_005,301200,6024,1084,0,0,0,294092,INR,PROCESSED,2026-07-27T07:33:49Z,REF-PAY_6AA3486F
SET_3466FAEB,MERCH_028,1338000,26760,4816,0,0,0,1306424,INR,PROCESSED,2026-07-20T08:38:01Z,REF-PAY_DF1CF937-TYPO
SET_94E95AF8,MERCH_033,1269100,25382,4568,0,0,0,1239150,INR,PROCESSED,2026-08-29T06:41:35Z,REF-PAY_C6067C79
SET_DAED2888,MERCH_049,1246700,24934,4488,0,0,0,1217278,INR,PROCESSED,2026-08-24T10:55:48Z,REF-PAY_C445B807
SET_2E7F9DF4,MERCH_047,1656700,33134,5964,0,0,0,1617602,INR,PROCESSED,2026-09-02T17:08:02Z,REF-PAY_AD90347E
SET_672E18A3,MERCH_030,1404300,28086,5055,702150,0,0,669009,INR,PROCESSED,2026-08-22T06:14:52Z,REF-PAY_C06859AB
SET_7B44AF99,MERCH_005,1374000,27480,4946,0,0,0,1341574,INR,PROCESSED,2026-09-02T01:14:22Z,REF-PAY_0207B2EB
SET_20AAF511,MERCH_009,665600,13312,2396,0,0,0,649892,INR,PROCESSED,2026-07-27T23:13:30Z,REF-PAY_E35E9EEA
SET_81C38E72,MERCH_023,527200,10544,1897,0,0,0,514659,INR,PROCESSED,2026-07-05T04:24:50Z,REF-PAY_B5A7512E
SET_2E779787,MERCH_041,657700,13154,2367,0,0,0,642179,INR,PROCESSED,2026-07-11T08:17:38Z,REF-PAY_54E6DAC3
SET_F5430A1C,MERCH_029,1950800,39016,7022,0,0,0,1904762,INR,PROCESSED,2026-08-08T05:17:49Z,REF-PAY_7C8A0007
SET_00CA0AAF,MERCH_012,733200,14664,2639,0,0,0,715897,INR,PROCESSED,2026-07-03T18:15:48Z,REF-PAY_016AC39A
SET_6BE29C29,MERCH_004,1760700,35214,6338,0,0,0,1719148,INR,PROCESSED,2026-08-01T16:48:03Z,REF-PAY_A22B4BD2
SET_7A2B2870,MERCH_044,415400,8308,1495,0,0,0,405597,INR,PROCESSED,2026-07-17T07:41:28Z,REF-PAY_2797883A-TYPO
SET_6433EDEB,MERCH_036,1406700,28134,5064,0,0,0,1373502,INR,PROCESSED,2026-08-24T18:38:23Z,REF-PAY_D668EC51
SET_77FFC96A,MERCH_004,1929800,38596,6947,964900,0,0,919357,INR,PROCESSED,2026-08-03T19:53:11Z,REF-PAY_6EC2B191
SET_8B5CF908,MERCH_036,1696300,33926,6106,0,0,0,1656268,INR,PROCESSED,2026-07-05T12:48:10Z,REF-PAY_D5632BE6
SET_E575CF76,MERCH_007,68300,1366,245,0,0,0,66689,INR,PROCESSED,2026-09-02T14:50:33Z,REF-PAY_07F16420
SET_86B450AF,MERCH_038,970800,19416,3494,0,0,0,947890,INR,PROCESSED,2026-07-10T08:38:36Z,REF-PAY_2D2D35BC
SET_361F885B,MERCH_042,742400,14848,2672,0,0,0,724780,INR,PROCESSED,2026-07-23T18:38:21Z,REF-PAY_F5D0FA27
SET_FE6AC9BD,MERCH_028,663000,13260,2386,331500,0,0,315854,INR,PROCESSED,2026-08-01T22:07:38Z,REF-PAY_E5F5C5D2
SET_8B7630E8,MERCH_002,954100,19082,3434,0,0,0,931584,INR,PROCESSED,2026-08-28T05:18:47Z,REF-PAY_5F6ADB48
SET_4C1ADEBC,MERCH_043,1114900,22298,4013,557450,0,0,531139,INR,PROCESSED,2026-08-07T02:36:54Z,REF-PAY_3A30707D
SET_D0702E3A,MERCH_046,64300,1286,231,0,0,0,62783,INR,PROCESSED,2026-08-12T14:07:56Z,REF-PAY_C2DAB110-TYPO
SET_F52D7041,MERCH_046,254500,5090,916,0,254500,0,-6006,INR,PROCESSED,2026-08-23T07:25:48Z,REF-PAY_67EAADC2
SET_64D500B9,MERCH_007,260700,5214,938,0,0,0,254548,INR,PROCESSED,2026-08-23T18:50:18Z,REF-PAY_77353F10
SET_9E8EEFB4,MERCH_008,1661300,33226,5980,0,0,0,1622094,INR,PROCESSED,2026-09-06T11:48:35Z,REF-PAY_7F51EAB9
SET_3DF5C370,MERCH_013,196600,3932,707,0,0,0,191961,INR,PROCESSED,2026-07-17T09:05:06Z,REF-PAY_7FEDCA06
SET_C43F2D3D,MERCH_043,1236400,24728,4451,0,0,0,1207221,INR,PROCESSED,2026-07-05T07:44:05Z,REF-PAY_64ACCE95
SET_9E02D196,MERCH_010,168600,3372,606,0,0,0,164622,INR,PROCESSED,2026-08-18T00:43:24Z,REF-PAY_DCE077DE
SET_2F955F4F,MERCH_003,1900000,38000,6840,0,0,0,1855160,INR,PROCESSED,2026-08-14T00:08:49Z,REF-PAY_574F3542
SET_81F593BD,MERCH_009,1652400,33048,5948,0,0,0,1613404,INR,PROCESSED,2026-07-11T00:11:09Z,REF-PAY_E9FE26B3
SET_47E97778,MERCH_036,1843700,36874,6637,0,0,0,1800189,INR,PROCESSED,2026-07-05T00:53:25Z,REF-PAY_BC72C5C1
SET_1F641A26,MERCH_044,425100,8502,1530,0,0,0,377268,INR,PROCESSED,2026-07-08T18:48:42Z,REF-PAY_413BEAE0
SET_D4D5FE1D,MERCH_004,1192400,23848,4292,0,0,0,1164260,INR,PROCESSED,2026-07-14T17:15:19Z,REF-PAY_BC1DE263
SET_076430B0,MERCH_033,392200,7844,1411,0,0,0,382945,INR,PROCESSED,2026-07-30T19:37:36Z,REF-PAY_0A0546B4
SET_18590A78,MERCH_001,1956200,39124,7042,0,0,0,1910034,INR,PROCESSED,2026-07-13T03:03:26Z,REF-PAY_E34DAADE-TYPO
SET_5963CD20,MERCH_006,26200,524,94,0,26200,0,-618,INR,PROCESSED,2026-08-19T21:11:10Z,REF-PAY_D96E697C
SET_A4BAC401,MERCH_029,1801500,36030,6485,0,0,0,1758985,INR,PROCESSED,2026-08-30T09:11:17Z,REF-PAY_FC686177
SET_434FD307,MERCH_043,1927900,38558,6940,0,0,0,1882402,INR,PROCESSED,2026-08-31T14:36:19Z,REF-PAY_8BE5CAB1
SET_C9C673A2,MERCH_017,1532100,30642,5515,766050,0,0,729893,INR,PROCESSED,2026-07-28T06:28:12Z,REF-PAY_FD30910C
SET_9A9042B4,MERCH_041,770400,15408,2773,0,0,0,752219,INR,PROCESSED,2026-07-17T13:59:09Z,REF-PAY_72288846
SET_73E515E9,MERCH_041,718200,14364,2585,0,0,0,701251,INR,PROCESSED,2026-08-07T22:41:46Z,REF-PAY_1BD58ED6
SET_6E33AE26,MERCH_012,203700,4074,733,0,0,0,198893,INR,PROCESSED,2026-07-19T08:57:34Z,REF-PAY_ADC6D4B7
SET_51BA8A17,MERCH_019,981200,19624,3532,0,0,0,958044,INR,PROCESSED,2026-07-18T01:39:35Z,REF-PAY_9CBEE234
SET_6A6CDD51,MERCH_040,272000,5440,979,0,0,0,265581,INR,PROCESSED,2026-07-07T08:26:29Z,REF-PAY_648FC38A
SET_A1DA0B8B,MERCH_044,834800,16696,3005,0,0,0,815099,INR,PROCESSED,2026-07-04T19:19:03Z,REF-PAY_57C6F345
SET_23EFBB04,MERCH_030,366000,7320,1317,0,0,0,357363,INR,PROCESSED,2026-08-21T10:18:44Z,REF-PAY_D526BB51
SET_8ED7639B,MERCH_031,1851400,37028,6665,0,0,0,1807707,INR,PROCESSED,2026-08-09T08:41:55Z,REF-PAY_67F90260
SET_79FD41BD,MERCH_018,15000000,300000,54000,0,0,0,14646000,INR,PROCESSED,2026-08-06T20:32:32Z,SETTLE-MERCH_018-HV
SET_720164AD,MERCH_030,823600,16472,2964,0,0,0,804064,INR,PROCESSED,2026-08-12T07:58:30Z,REF-PAY_4FE08FC1
SET_5FD6511B,MERCH_045,581600,11632,2093,0,0,0,548275,INR,PROCESSED,2026-07-11T21:26:41Z,REF-PAY_8BEBAF27
SET_8D453AE5,MERCH_043,1902500,38050,6849,0,0,0,1857601,INR,PROCESSED,2026-07-16T17:32:39Z,REF-PAY_DA4A5EE0
SET_79108EA1,MERCH_048,1207200,24144,4345,0,0,0,1178611,INR,PROCESSED,2026-07-17T19:18:10Z,REF-PAY_F5533AAB
SET_D06713E4,MERCH_028,1675100,33502,6030,0,0,0,1635568,INR,PROCESSED,2026-07-10T01:53:17Z,REF-PAY_C9AF1DA7-TYPO
SET_7DAE3709,MERCH_046,519000,10380,1868,0,0,0,506752,INR,PROCESSED,2026-08-17T19:28:31Z,REF-PAY_56955A3C
SET_04F0D999,MERCH_006,1866300,37326,6718,0,0,0,1822256,INR,PROCESSED,2026-07-12T20:37:24Z,REF-PAY_AFD551C3
SET_AE55A26D,MERCH_037,771800,15436,2778,0,0,0,753586,INR,PROCESSED,2026-08-30T18:48:11Z,REF-PAY_8EC7EDB1
SET_8B9CD134,MERCH_001,731100,14622,2631,0,0,0,713847,INR,PROCESSED,2026-07-11T23:36:22Z,REF-PAY_55193554
SET_5E74772B,MERCH_028,60000000,1200000,216000,0,0,0,58584000,INR,PROCESSED,2026-08-08T06:21:31Z,SETTLE-MERCH_028-HV
SET_9C8640C7,MERCH_034,1313800,26276,4729,0,0,0,1282795,INR,PROCESSED,2026-08-31T16:02:55Z,REF-PAY_6A28359E
SET_864125C9,MERCH_014,60000000,1200000,216000,0,0,0,58584000,INR,PROCESSED,2026-08-21T10:14:56Z,SETTLE-MERCH_014-HV
SET_EBBDF11C,MERCH_045,47600,952,171,0,0,0,46477,INR,PROCESSED,2026-07-10T16:29:53Z,REF-PAY_191C1860
SET_FB700C4F,MERCH_010,352500,7050,1269,0,0,0,344181,INR,PROCESSED,2026-08-15T05:00:51Z,REF-PAY_8F6FAB27
SET_465E8173,MERCH_031,1691400,33828,6089,0,0,0,1651483,INR,PROCESSED,2026-08-22T13:29:21Z,REF-PAY_EC9E2A59
SET_18B25B14,MERCH_033,477600,9552,1719,0,0,0,466329,INR,PROCESSED,2026-09-03T05:32:01Z,REF-PAY_429FF9AF
SET_4843D6A8,MERCH_002,1804800,36096,6497,0,0,0,1762207,INR,PROCESSED,2026-08-16T02:21:35Z,REF-PAY_B08B69B5
SET_26A8855D,MERCH_027,1258600,25172,4530,0,0,0,1228898,INR,PROCESSED,2026-08-07T06:03:39Z,SETTLE-MERCH_027-BULK
SET_4B8D2436,MERCH_040,935500,18710,3367,0,0,0,913423,INR,PROCESSED,2026-07-16T02:18:13Z,REF-PAY_7F222F97
SET_DB822020,MERCH_046,266100,5322,957,133050,0,0,126771,INR,PROCESSED,2026-07-09T21:30:41Z,REF-PAY_99866C6D
SET_777F622A,MERCH_043,1874600,37492,6748,0,0,0,1830360,INR,PROCESSED,2026-07-15T23:54:38Z,SETTLE-MERCH_043-BULK
SET_5209B9FE,MERCH_043,1733200,34664,6239,0,0,0,1692297,INR,PROCESSED,2026-08-17T18:19:44Z,REF-PAY_C87E7EE5
SET_BBEDDB01,MERCH_036,257300,5146,926,0,0,0,251228,INR,PROCESSED,2026-08-22T02:29:09Z,REF-PAY_A3BB422D
SET_B91CEDB3,MERCH_006,1445500,28910,5203,0,0,0,1411437,INR,PROCESSED,2026-07-10T00:28:18Z,REF-PAY_0EF2233C
SET_FE4D2BBE,MERCH_040,180700,3614,650,0,0,0,176436,INR,PROCESSED,2026-07-26T12:27:54Z,REF-PAY_4FC23503
SET_525A49C1,MERCH_031,699800,13996,2519,0,0,0,683285,INR,PROCESSED,2026-08-30T17:08:27Z,REF-PAY_C4EC10BE
SET_EBE049C4,MERCH_001,403300,8066,1451,0,0,0,393783,INR,PROCESSED,2026-08-20T22:29:11Z,REF-PAY_32BEDC88
SET_AC7B43F5,MERCH_004,1704000,34080,6134,0,0,0,1663786,INR,PROCESSED,2026-08-06T02:43:45Z,REF-PAY_9E0DA450
SET_1D62CD25,MERCH_028,43800,876,157,0,0,0,42767,INR,PROCESSED,2026-07-08T09:15:59Z,REF-PAY_2A540D9B
SET_5DF3A607,MERCH_017,311300,6226,1120,0,0,0,303854,INR,PROCESSED,2026-07-24T09:43:04Z,REF-PAY_A4C86174
SET_F5C703E3,MERCH_013,1276500,25530,4595,0,0,0,1246375,INR,PROCESSED,2026-08-03T14:18:47Z,REF-PAY_A9A404E6
SET_96D6B0D5,MERCH_029,1225400,24508,4411,0,0,0,1185781,INR,PROCESSED,2026-09-02T06:13:49Z,REF-PAY_54084F13
SET_9777800B,MERCH_041,1631000,32620,5871,0,0,0,1592509,INR,PROCESSED,2026-08-08T22:24:32Z,REF-PAY_87EF8204
SET_5D923C2D,MERCH_048,1422400,28448,5120,0,0,0,1348032,INR,PROCESSED,2026-07-30T12:47:20Z,REF-PAY_5BBF6110
SET_43438D0A,MERCH_024,1604800,32096,5777,802400,0,0,764527,INR,PROCESSED,2026-08-05T00:17:34Z,REF-PAY_403F1114
SET_F2B77442,MERCH_036,1906400,38128,6863,0,0,0,1861309,INR,PROCESSED,2026-07-31T23:01:25Z,REF-PAY_469AF715
SET_D6CF1380,MERCH_021,700800,14016,2522,0,0,0,684312,INR,PROCESSED,2026-07-27T23:45:17Z,REF-PAY_2F965EEF
SET_2AAA6760,MERCH_004,332200,6644,1195,0,0,0,324361,INR,PROCESSED,2026-07-21T16:29:40Z,REF-PAY_D5A78EAD
SET_3D17BB15,MERCH_046,813200,16264,2927,0,0,0,794009,INR,PROCESSED,2026-08-24T20:33:51Z,REF-PAY_DBF177E0
SET_A1A7F64A,MERCH_016,730200,14604,2628,0,0,0,712968,INR,PROCESSED,2026-08-02T13:39:01Z,REF-PAY_E3AB1B47
SET_6B53EB66,MERCH_007,1103300,22066,3971,0,0,0,1077263,INR,PROCESSED,2026-09-08T12:19:14Z,REF-PAY_925C4F66
SET_5AA2965E,MERCH_023,399300,7986,1437,0,0,0,389877,INR,PROCESSED,2026-08-01T05:33:17Z,REF-PAY_74CA819B
SET_201DFA50,MERCH_039,200400,4008,721,0,0,0,195671,INR,PROCESSED,2026-07-17T08:21:04Z,REF-PAY_51755DEA-TYPO
SET_F459940F,MERCH_008,1683800,33676,6061,0,0,0,1644063,INR,PROCESSED,2026-07-12T01:16:59Z,REF-PAY_256959F4
SET_8D3CB819,MERCH_029,763900,15278,2750,381950,0,0,363922,INR,PROCESSED,2026-08-22T14:15:18Z,REF-PAY_28A80F62
SET_8B6B90A9,MERCH_027,1956200,39124,7042,0,0,0,1910034,INR,PROCESSED,2026-08-20T09:14:36Z,REF-PAY_67BB5CC9
SET_85D46567,MERCH_036,1317100,26342,4741,0,0,0,1236817,INR,PROCESSED,2026-07-11T17:20:27Z,REF-PAY_F1555B05
SET_F343CB6B,MERCH_037,1743000,34860,6274,0,0,0,1701866,INR,PROCESSED,2026-08-31T03:33:06Z,SETTLE-MERCH_037-BULK
SET_672EFC80,MERCH_033,220100,4402,792,0,0,0,214906,INR,PROCESSED,2026-08-05T02:32:20Z,REF-PAY_9A7EDFF6-TYPO
SET_B75CA884,MERCH_019,1703900,34078,6134,851950,0,0,811738,INR,PROCESSED,2026-07-11T03:17:27Z,REF-PAY_1BBA482B
SET_F4544A35,MERCH_039,483600,9672,1740,0,0,0,472188,INR,PROCESSED,2026-07-29T16:32:52Z,REF-PAY_16527256
SET_2F3B65EF,MERCH_035,1083200,21664,3899,0,0,0,1053537,INR,PROCESSED,2026-08-04T03:25:56Z,REF-PAY_FE541038
SET_BCBAF188,MERCH_041,1566600,31332,5639,0,0,0,1529629,INR,PROCESSED,2026-07-31T08:55:53Z,REF-PAY_33B59AD3
SET_01779E75,MERCH_013,1171300,23426,4216,0,0,0,1143658,INR,PROCESSED,2026-07-27T21:18:18Z,REF-PAY_A2646393
SET_04163CF0,MERCH_048,616900,12338,2220,0,0,0,602342,INR,PROCESSED,2026-07-20T06:00:44Z,REF-PAY_AF9C3303
SET_7AF959DA,MERCH_004,5500000,110000,19800,0,0,0,5370200,INR,PROCESSED,2026-07-05T07:56:07Z,SETTLE-MERCH_004-HV
SET_06F7A6C0,MERCH_029,1192000,23840,4291,0,0,0,1163869,INR,PROCESSED,2026-07-09T20:51:51Z,REF-PAY_20E9407A-TYPO
SET_B1C42F75,MERCH_014,802800,16056,2890,0,0,0,747254,INR,PROCESSED,2026-08-03T08:24:12Z,REF-PAY_6137642A
SET_2E0FBC91,MERCH_031,1859300,37186,6693,0,0,0,1815421,INR,PROCESSED,2026-07-10T08:52:44Z,REF-PAY_3082E52F
SET_5D1182A8,MERCH_031,357500,7150,1287,0,0,0,349063,INR,PROCESSED,2026-07-20T14:54:42Z,REF-PAY_747FBD1F
SET_228E93CD,MERCH_015,926500,18530,3335,0,0,0,904635,INR,PROCESSED,2026-07-09T22:49:53Z,REF-PAY_96B3C8DB-TYPO
SET_217A6D56,MERCH_004,1763400,35268,6348,0,0,0,1721784,INR,PROCESSED,2026-07-23T19:37:03Z,REF-PAY_42CE232D
SET_A22E17A6,MERCH_005,668800,13376,2407,0,0,0,653017,INR,PROCESSED,2026-07-04T16:05:09Z,REF-PAY_7BEEDC95
SET_240DDC98,MERCH_041,952500,19050,3429,0,0,0,930021,INR,PROCESSED,2026-07-10T23:13:57Z,REF-PAY_F13FE9EF
SET_7AF47236,MERCH_020,863100,17262,3107,0,0,0,801731,INR,PROCESSED,2026-08-19T07:07:49Z,REF-PAY_EA377AB5
SET_368D0B7C,MERCH_048,766900,15338,2760,0,0,0,748802,INR,PROCESSED,2026-07-11T01:01:56Z,REF-PAY_C2F3B082
SET_188DF5AA,MERCH_015,182000,3640,655,0,0,0,177605,INR,PROCESSED,2026-08-28T23:48:51Z,REF-PAY_B5E009E5
SET_142D868C,MERCH_034,1674600,33492,6028,0,0,0,1635080,INR,PROCESSED,2026-08-07T05:37:45Z,REF-PAY_38782497
SET_3819126C,MERCH_018,1191700,23834,4290,0,1191700,0,-28124,INR,PROCESSED,2026-07-15T22:21:27Z,REF-PAY_C4D5537A
SET_A1E19210,MERCH_041,1848600,36972,6654,0,0,0,1804974,INR,PROCESSED,2026-07-08T06:19:12Z,REF-PAY_7B3E9C96
SET_D402DE12,MERCH_037,1764000,35280,6350,0,0,0,1722370,INR,PROCESSED,2026-07-22T15:18:00Z,REF-PAY_E55325B8
SET_961FEC80,MERCH_040,258500,5170,930,0,0,0,252400,INR,PROCESSED,2026-08-29T08:36:20Z,REF-PAY_6B790A92
SET_132CEC14,MERCH_048,909700,18194,3274,0,909700,0,-21468,INR,PROCESSED,2026-08-03T18:33:04Z,REF-PAY_0DD412DE
SET_9C43311D,MERCH_001,1149900,22998,4139,0,0,0,1122763,INR,PROCESSED,2026-08-07T15:49:16Z,REF-PAY_29A22E4C
SET_5CF290CE,MERCH_015,339800,6796,1223,0,0,0,331781,INR,PROCESSED,2026-07-16T05:15:14Z,REF-PAY_B2393ED7
SET_BA02D32D,MERCH_012,569800,11396,2051,0,0,0,556353,INR,PROCESSED,2026-09-01T05:10:00Z,REF-PAY_C3D0AD7D
SET_5C153322,MERCH_038,1792100,35842,6451,0,0,0,1749807,INR,PROCESSED,2026-07-26T19:38:03Z,REF-PAY_D820EDCD
SET_0E9411C3,MERCH_023,445700,8914,1604,0,0,0,435182,INR,PROCESSED,2026-07-03T10:19:26Z,REF-PAY_C0523558-TYPO
SET_8BDD2F46,MERCH_019,1062900,21258,3826,0,0,0,1037866,INR,PROCESSED,2026-08-30T21:37:23Z,REF-PAY_EA0DE284
SET_48A4373F,MERCH_048,1210200,24204,4356,0,1210200,0,-28560,INR,PROCESSED,2026-07-18T13:45:03Z,REF-PAY_6CE10A68
SET_2B39F9BC,MERCH_048,1313400,26268,4728,0,0,0,1282404,INR,PROCESSED,2026-07-25T10:55:34Z,REF-PAY_9129BE6F
SET_F0BB6606,MERCH_014,17800,356,64,0,0,0,17380,INR,PROCESSED,2026-08-10T09:30:18Z,REF-PAY_9526C83A
SET_1577D848,MERCH_011,1627700,32554,5859,0,0,0,1570587,INR,PROCESSED,2026-07-17T14:01:17Z,REF-PAY_53B595B0
SET_258F6A3B,MERCH_045,301100,6022,1083,0,0,0,293995,INR,PROCESSED,2026-08-24T22:33:52Z,SETTLE-MERCH_045-BULK
SET_C9945714,MERCH_040,1942700,38854,6993,0,0,0,1896853,INR,PROCESSED,2026-07-24T11:15:01Z,REF-PAY_3B8E0A28
SET_0D784F8B,MERCH_023,45600,912,164,0,0,0,44524,INR,PROCESSED,2026-09-02T20:51:58Z,REF-PAY_75425DE7
SET_47154FF6,MERCH_026,1635500,32710,5887,817750,0,0,779153,INR,PROCESSED,2026-09-01T05:45:35Z,REF-PAY_70F924E8
SET_9A451743,MERCH_023,876600,17532,3155,0,0,0,855913,INR,PROCESSED,2026-08-14T09:04:05Z,SETTLE-MERCH_023-BULK
SET_798FD5D5,MERCH_005,803700,16074,2893,0,0,0,784733,INR,PROCESSED,2026-09-03T13:05:28Z,REF-PAY_A5DE6583
SET_4D7B506C,MERCH_020,1983200,39664,7139,0,0,0,1936397,INR,PROCESSED,2026-07-09T15:35:17Z,SETTLE-MERCH_020-BULK
SET_33F62F34,MERCH_041,543600,10872,1956,0,543600,0,-12828,INR,PROCESSED,2026-07-06T23:21:01Z,REF-PAY_65E74D56
SET_81E8E786,MERCH_041,1953100,39062,7031,976550,0,0,930457,INR,PROCESSED,2026-08-02T14:26:41Z,REF-PAY_2AD75104
SET_32F49F42,MERCH_018,1518000,30360,5464,0,0,0,1482076,INR,PROCESSED,2026-07-28T19:24:13Z,REF-PAY_08772772
SET_84F4A368,MERCH_012,703000,14060,2530,0,0,0,686410,INR,PROCESSED,2026-09-03T21:40:54Z,REF-PAY_56CC8135
SET_8CF223A4,MERCH_007,962500,19250,3465,0,0,0,939785,INR,PROCESSED,2026-08-02T22:32:17Z,REF-PAY_5779AA86
SET_065ABB60,MERCH_046,1250100,25002,4500,0,0,0,1220598,INR,PROCESSED,2026-08-13T06:45:18Z,REF-PAY_D49BDABF
SET_DC3D08D7,MERCH_045,1915300,38306,6895,0,0,0,1870099,INR,PROCESSED,2026-08-20T11:14:48Z,REF-PAY_EB382866-TYPO
SET_E703F778,MERCH_028,176900,3538,636,88450,0,0,84276,INR,PROCESSED,2026-07-05T04:34:02Z,REF-PAY_05A7025D
SET_4F4F34AA,MERCH_004,443400,8868,1596,0,0,0,432936,INR,PROCESSED,2026-08-19T12:25:40Z,REF-PAY_76DFD44F
SET_15E15B00,MERCH_049,1177100,23542,4237,0,0,0,1149321,INR,PROCESSED,2026-07-25T20:14:18Z,REF-PAY_4ACABC9B
SET_2B075C2F,MERCH_041,1999400,39988,7197,0,0,0,1952215,INR,PROCESSED,2026-08-23T03:20:53Z,REF-PAY_690781D2
SET_0C472FB7,MERCH_043,1268500,25370,4566,0,0,0,1238564,INR,PROCESSED,2026-07-04T02:12:50Z,REF-PAY_86BED4CC
SET_8F94A680,MERCH_035,1590100,31802,5724,0,0,0,1552574,INR,PROCESSED,2026-07-06T20:32:15Z,REF-PAY_63EA7239
SET_DCFC0830,MERCH_023,1425900,28518,5133,0,0,0,1392249,INR,PROCESSED,2026-07-29T11:25:34Z,REF-PAY_5B2C4D30
SET_D255DCBC,MERCH_045,1900600,38012,6842,0,0,0,1855746,INR,PROCESSED,2026-07-07T13:48:04Z,REF-PAY_F2C0F69A
SET_A3190DF4,MERCH_002,949000,18980,3416,0,0,0,926604,INR,PROCESSED,2026-07-15T09:40:54Z,REF-PAY_25E0597B
SET_55C61C89,MERCH_001,1358700,27174,4891,0,0,0,1326635,INR,PROCESSED,2026-08-16T10:41:33Z,REF-PAY_F5F42F4E
SET_A173FC3B,MERCH_036,805300,16106,2899,0,0,0,786295,INR,PROCESSED,2026-08-05T03:15:55Z,SETTLE-MERCH_036-BULK
SET_5CFB3BBC,MERCH_045,1565900,31318,5637,0,0,0,1528945,INR,PROCESSED,2026-08-10T08:15:54Z,REF-PAY_E551BF98
SET_BDA980CF,MERCH_028,1415700,28314,5096,0,0,0,1382290,INR,PROCESSED,2026-09-03T01:32:11Z,REF-PAY_DA07911E
SET_C668B8BF,MERCH_008,610800,12216,2198,0,0,0,596386,INR,PROCESSED,2026-07-09T06:45:42Z,REF-PAY_C99D488F
SET_75EBBDA6,MERCH_035,1559700,31194,5614,0,0,0,1522892,INR,PROCESSED,2026-08-24T01:43:56Z,REF-PAY_B0A242BE
SET_ECEF8C01,MERCH_006,733700,14674,2641,0,0,0,716385,INR,PROCESSED,2026-07-28T08:38:17Z,REF-PAY_0F88CA1A
SET_6F21E4C1,MERCH_040,1678600,33572,6042,0,0,0,1638986,INR,PROCESSED,2026-08-19T19:23:22Z,REF-PAY_B994D597
SET_C5995B26,MERCH_025,1640200,32804,5904,0,0,0,1601392,INR,PROCESSED,2026-07-29T19:22:44Z,REF-PAY_21249F5E
SET_4C7947E3,MERCH_016,379700,7594,1366,0,0,0,370740,INR,PROCESSED,2026-08-14T21:00:16Z,REF-PAY_3C3C50C5
SET_9A0E815B,MERCH_030,1491400,29828,5369,0,0,0,1456253,INR,PROCESSED,2026-08-22T01:25:26Z,REF-PAY_A27DED04
SET_66D049BF,MERCH_040,597800,11956,2152,0,0,0,583692,INR,PROCESSED,2026-07-22T02:30:47Z,REF-PAY_9572C742
SET_11BF5E79,MERCH_026,1296200,25924,4666,0,0,0,1265610,INR,PROCESSED,2026-08-25T18:57:57Z,REF-PAY_25593DC7
SET_C131FAE3,MERCH_015,109400,2188,393,0,0,0,106719,INR,PROCESSED,2026-08-04T16:21:27Z,REF-PAY_54FE85E5
SET_4C607205,MERCH_019,1059900,21198,3815,0,0,0,1034887,INR,PROCESSED,2026-08-12T17:31:06Z,REF-PAY_6C37C431
SET_8D96CDB9,MERCH_036,1095700,21914,3944,0,0,0,1069842,INR,PROCESSED,2026-07-29T11:31:01Z,SETTLE-MERCH_036-BULK
SET_BA671F98,MERCH_048,61200,1224,220,0,61200,0,-1444,INR,PROCESSED,2026-09-01T13:08:23Z,REF-PAY_424848DA
SET_33A1AD6F,MERCH_047,1412000,28240,5083,0,0,0,1378677,INR,PROCESSED,2026-08-19T13:44:49Z,REF-PAY_CE69143F
SET_F111730D,MERCH_016,209600,4192,754,0,0,0,204654,INR,PROCESSED,2026-07-22T15:39:22Z,REF-PAY_B4F7B275
SET_92219F53,MERCH_025,83000,1660,298,0,0,0,81042,INR,PROCESSED,2026-08-26T20:20:27Z,REF-PAY_1785447F-TYPO
SET_D601AF26,MERCH_034,296900,5938,1068,0,0,0,289894,INR,PROCESSED,2026-08-13T19:16:21Z,REF-PAY_0DA65328
SET_76BCED72,MERCH_031,1968700,39374,7087,0,1968700,0,-46461,INR,PROCESSED,2026-08-26T07:08:45Z,REF-PAY_9B1221DB
SET_2C774452,MERCH_036,17200,344,61,0,0,0,1795,INR,PROCESSED,2026-07-16T23:28:11Z,REF-PAY_E8DD11DD
SET_A12F7A8A,MERCH_030,922100,18442,3319,0,0,0,900339,INR,PROCESSED,2026-08-27T03:42:18Z,REF-PAY_5215A8DE
SET_1F103625,MERCH_016,1154400,23088,4155,0,0,0,1127157,INR,PROCESSED,2026-07-17T17:20:27Z,REF-PAY_B8A7A340
SET_E0BF1129,MERCH_016,684000,13680,2462,0,0,0,667858,INR,PROCESSED,2026-08-05T03:35:53Z,REF-PAY_3FF36337
SET_BF9E7FC3,MERCH_021,1024000,20480,3686,0,0,0,999834,INR,PROCESSED,2026-07-06T15:42:25Z,REF-PAY_ECC1C898
SET_2AC161B3,MERCH_007,5500000,110000,19800,0,0,0,5370200,INR,PROCESSED,2026-08-29T18:43:16Z,SETTLE-MERCH_007-HV
SET_6F6463D5,MERCH_046,717900,14358,2584,0,0,0,700958,INR,PROCESSED,2026-08-02T13:54:46Z,REF-PAY_CA172139
SET_58AB1C52,MERCH_013,1403700,28074,5053,0,0,0,1370573,INR,PROCESSED,2026-08-01T16:04:54Z,REF-PAY_7EA61FDE
SET_47ECFE8C,MERCH_010,30000000,600000,108000,0,0,0,29292000,INR,PROCESSED,2026-08-28T18:28:43Z,SETTLE-MERCH_010-HV
SET_AD4624F1,MERCH_016,399100,7982,1436,0,0,0,389682,INR,PROCESSED,2026-07-13T22:08:22Z,REF-PAY_F57EBE86
SET_29C40779,MERCH_010,1293100,25862,4655,0,0,0,1262583,INR,PROCESSED,2026-07-08T15:56:52Z,REF-PAY_80204651
SET_3DFD5C32,MERCH_003,1712900,34258,6166,0,0,0,1672476,INR,PROCESSED,2026-07-26T21:02:22Z,SETTLE-MERCH_003-BULK
SET_57C0CAD2,MERCH_046,596700,11934,2148,0,0,0,582618,INR,PROCESSED,2026-07-27T00:46:02Z,REF-PAY_36277FA8
SET_2A34CDED,MERCH_023,396200,7924,1426,0,0,0,386900,INR,PROCESSED,2026-08-12T14:18:40Z,REF-PAY_E18F2D98
SET_E043EE9A,MERCH_036,1063700,21274,3829,0,0,0,1038647,INR,PROCESSED,2026-08-17T00:16:42Z,REF-PAY_ADBB47EB
SET_EC69F14F,MERCH_030,1246800,24936,4488,0,1246800,0,-29424,INR,PROCESSED,2026-07-13T04:06:07Z,REF-PAY_9D9B17BF
SET_10403395,MERCH_043,739300,14786,2661,0,0,0,721853,INR,PROCESSED,2026-07-19T06:34:49Z,REF-PAY_C6C157BE
SET_2A7C8A24,MERCH_003,524000,10480,1886,0,0,0,511634,INR,PROCESSED,2026-07-18T00:26:08Z,REF-PAY_6CC6E1B2
SET_26FFF18C,MERCH_001,1218300,24366,4385,0,0,0,1189549,INR,PROCESSED,2026-08-02T09:28:45Z,REF-PAY_2C59B10C
SET_8F14039C,MERCH_015,1695700,33914,6104,0,0,0,1655582,INR,PROCESSED,2026-07-29T01:52:00Z,REF-PAY_51532889
SET_C4A129AD,MERCH_038,1751800,35036,6306,0,0,0,1710458,INR,PROCESSED,2026-08-21T23:42:43Z,REF-PAY_4C12DDAC-TYPO
SET_EFDB4B94,MERCH_042,531700,10634,1914,0,0,0,519152,INR,PROCESSED,2026-08-31T02:21:13Z,REF-PAY_C51849EC
SET_FE5523ED,MERCH_049,448600,8972,1614,0,0,0,428814,INR,PROCESSED,2026-09-01T05:59:28Z,REF-PAY_BE574A8E
SET_7258F600,MERCH_018,591900,11838,2130,0,0,0,577932,INR,PROCESSED,2026-07-21T08:10:18Z,REF-PAY_CB7DC984
SET_D19E5F83,MERCH_028,1197900,23958,4312,0,0,0,1169630,INR,PROCESSED,2026-08-03T03:40:40Z,REF-PAY_EAEA2990
SET_273BBD5A,MERCH_014,419700,8394,1510,0,0,0,409796,INR,PROCESSED,2026-07-05T07:18:19Z,REF-PAY_D9411086
SET_82226B81,MERCH_020,1806800,36136,6504,903400,0,0,860760,INR,PROCESSED,2026-08-28T04:43:28Z,REF-PAY_C92D6E80
SET_E83F721B,MERCH_030,1812800,36256,6526,0,0,0,1770018,INR,PROCESSED,2026-08-09T22:13:43Z,REF-PAY_557CC137
SET_2E1C770B,MERCH_039,833900,16678,3002,0,0,0,814220,INR,PROCESSED,2026-08-23T20:52:09Z,REF-PAY_A6ECA355
SET_90032F87,MERCH_001,587200,11744,2113,0,587200,0,-13857,INR,PROCESSED,2026-07-07T13:57:01Z,REF-PAY_EF93C9F0
SET_A0D943B9,MERCH_010,525300,10506,1891,0,0,0,512903,INR,PROCESSED,2026-07-10T01:34:43Z,REF-PAY_B6125006
SET_44D28329,MERCH_034,1701800,34036,6126,0,1701800,0,-40162,INR,PROCESSED,2026-08-26T17:47:56Z,REF-PAY_F5555C61
SET_C87CD4C6,MERCH_036,980000,19600,3528,0,0,0,956872,INR,PROCESSED,2026-08-29T20:20:14Z,REF-PAY_29698A57
SET_CFB2358E,MERCH_040,621300,12426,2236,0,0,0,606638,INR,PROCESSED,2026-08-24T15:11:17Z,REF-PAY_52EB0646
SET_DB2E4620,MERCH_025,834600,16692,3004,0,0,0,778604,INR,PROCESSED,2026-09-03T00:34:31Z,REF-PAY_F421501C
SET_28D0B020,MERCH_003,396000,7920,1425,0,0,0,386655,INR,PROCESSED,2026-08-04T00:26:51Z,REF-PAY_C686ADF2
SET_67716304,MERCH_025,1634000,32680,5882,0,0,0,1595438,INR,PROCESSED,2026-08-14T09:15:45Z,REF-PAY_F59671A7
SET_278F4BB2,MERCH_049,135400,2708,487,0,0,0,132205,INR,PROCESSED,2026-08-30T21:08:29Z,REF-PAY_8777A8DA
SET_1A3D6251,MERCH_020,1347200,26944,4849,0,0,0,1315407,INR,PROCESSED,2026-07-21T00:08:45Z,REF-PAY_D9804009
SET_731B5574,MERCH_020,1798500,35970,6474,0,0,0,1756056,INR,PROCESSED,2026-08-23T09:24:31Z,REF-PAY_EC24EE30-TYPO
SET_F410B67C,MERCH_043,1806300,36126,6502,0,0,0,1730872,INR,PROCESSED,2026-07-16T11:15:42Z,REF-PAY_11402A5F
SET_937C0D5B,MERCH_035,689900,13798,2483,0,0,0,673619,INR,PROCESSED,2026-08-21T04:08:29Z,REF-PAY_360409F9
SET_D60F74BB,MERCH_011,1852800,37056,6670,0,0,0,1809074,INR,PROCESSED,2026-07-26T14:38:18Z,REF-PAY_F7E29559
SET_914607AF,MERCH_008,107400,2148,386,0,0,0,104866,INR,PROCESSED,2026-07-08T03:29:54Z,REF-PAY_77AF1E71-TYPO
SET_5587F219,MERCH_037,1297000,25940,4669,0,0,0,1266391,INR,PROCESSED,2026-07-08T01:55:31Z,REF-PAY_DD4BAB86
SET_31AEEBC7,MERCH_037,508100,10162,1829,0,0,0,496109,INR,PROCESSED,2026-07-29T14:08:25Z,REF-PAY_A1CC75DC
SET_8F95DAA6,MERCH_033,695100,13902,2502,0,0,0,678746,INR,PROCESSED,2026-08-01T04:28:30Z,REF-PAY_43591834
SET_0CF0B808,MERCH_006,1187700,23754,4275,0,0,0,1159571,INR,PROCESSED,2026-07-07T23:49:23Z,REF-PAY_03D14A67
SET_04D17B42,MERCH_038,531300,10626,1912,0,0,0,518762,INR,PROCESSED,2026-08-10T10:37:23Z,REF-PAY_790EFF3A
SET_B2CE946B,MERCH_021,1612300,32246,5804,0,0,0,1574250,INR,PROCESSED,2026-07-21T05:27:47Z,REF-PAY_E83D0B3A-TYPO
SET_D1AEA464,MERCH_013,555100,11102,1998,0,0,0,542000,INR,PROCESSED,2026-08-15T16:43:26Z,REF-PAY_9C02CCC7-TYPO
SET_CF529D92,MERCH_026,770500,15410,2773,0,0,0,752317,INR,PROCESSED,2026-07-05T01:10:53Z,REF-PAY_C183C9A8
SET_A4CF74A8,MERCH_012,1638700,32774,5899,0,0,0,1600027,INR,PROCESSED,2026-07-04T22:43:08Z,REF-PAY_B322BEF9
SET_0983065F,MERCH_043,306900,6138,1104,0,0,0,299658,INR,PROCESSED,2026-08-21T03:36:50Z,REF-PAY_5CC77337
SET_94925608,MERCH_026,561600,11232,2021,0,0,0,548347,INR,PROCESSED,2026-08-15T03:03:53Z,REF-PAY_947B2520
SET_B6120222,MERCH_047,288700,5774,1039,0,0,0,281937,INR,PROCESSED,2026-07-29T06:06:58Z,REF-PAY_D4F870A1
SET_3625F91D,MERCH_045,91700,1834,330,45850,0,0,43686,INR,PROCESSED,2026-07-05T02:39:07Z,REF-PAY_54165853
SET_AB77EDD7,MERCH_047,778400,15568,2802,0,0,0,760030,INR,PROCESSED,2026-08-14T04:48:06Z,REF-PAY_42673BEF
SET_1F214C8A,MERCH_023,980200,19604,3528,0,0,0,957068,INR,PROCESSED,2026-09-01T23:43:03Z,REF-PAY_5A087831
SET_4442560A,MERCH_038,279900,5598,1007,0,0,0,273295,INR,PROCESSED,2026-07-27T13:56:55Z,SETTLE-MERCH_038-BULK
SET_F5DD124C,MERCH_038,1821600,36432,6557,0,0,0,1778611,INR,PROCESSED,2026-07-07T08:49:43Z,REF-PAY_682A586F
SET_CD7B6DC2,MERCH_019,704800,14096,2537,0,0,0,664167,INR,PROCESSED,2026-08-25T12:44:01Z,REF-PAY_55DD201C
SET_E621B39A,MERCH_031,1788100,35762,6437,0,0,0,1745901,INR,PROCESSED,2026-07-15T22:52:41Z,REF-PAY_A9383AC1
SET_5748652C,MERCH_025,1606400,32128,5783,0,0,0,1568489,INR,PROCESSED,2026-07-25T05:32:11Z,REF-PAY_1B65B981
SET_A4064126,MERCH_027,1481600,29632,5333,0,0,0,1446635,INR,PROCESSED,2026-07-13T07:29:00Z,REF-PAY_319523DA
SET_64D3AA41,MERCH_021,908100,18162,3269,0,0,0,840269,INR,PROCESSED,2026-07-13T05:12:42Z,REF-PAY_EB7912DB
SET_6C9F9CA0,MERCH_048,141600,2832,509,0,0,0,138259,INR,PROCESSED,2026-08-04T21:15:56Z,REF-PAY_519C6035
SET_D00B2085,MERCH_023,1684000,33680,6062,0,0,0,1644258,INR,PROCESSED,2026-07-07T19:39:25Z,REF-PAY_A2274DF7
SET_170F3475,MERCH_030,1344400,26888,4839,0,0,0,1312673,INR,PROCESSED,2026-08-31T04:20:59Z,REF-PAY_D5D9FE08
SET_A2280265,MERCH_042,368200,7364,1325,0,0,0,359511,INR,PROCESSED,2026-08-17T15:46:42Z,REF-PAY_0AE7A9F2
SET_20CD5238,MERCH_041,1927100,38542,6937,0,0,0,1881621,INR,PROCESSED,2026-08-19T00:08:26Z,REF-PAY_6AB46C34
SET_FC7FEE88,MERCH_042,1174000,23480,4226,0,0,0,1146294,INR,PROCESSED,2026-07-12T18:25:43Z,REF-PAY_6D89A680
SET_8C1562AD,MERCH_012,1228600,24572,4422,0,0,0,1199606,INR,PROCESSED,2026-08-29T11:20:14Z,REF-PAY_5B08AFA4
SET_C5012D2F,MERCH_031,382400,7648,1376,0,0,0,373376,INR,PROCESSED,2026-08-15T16:38:24Z,REF-PAY_9F7069B5
SET_BE9640CD,MERCH_025,784400,15688,2823,0,0,0,765889,INR,PROCESSED,2026-07-23T12:29:46Z,REF-PAY_4E7F6CCC
SET_9320DB3D,MERCH_039,803800,16076,2893,0,0,0,784831,INR,PROCESSED,2026-07-17T04:30:47Z,REF-PAY_0E669364
SET_45DF1FD2,MERCH_030,1176600,23532,4235,0,0,0,1148833,INR,PROCESSED,2026-07-27T02:10:19Z,REF-PAY_332A5B45
SET_3DEC8F06,MERCH_034,1908200,38164,6869,0,0,0,1863167,INR,PROCESSED,2026-07-13T04:37:52Z,REF-PAY_1783AC4C
SET_CFA15A19,MERCH_036,206300,4126,742,0,0,0,201432,INR,PROCESSED,2026-07-31T01:18:37Z,REF-PAY_1638CC0E
SET_C5CAB6B1,MERCH_006,634600,12692,2284,0,0,0,604824,INR,PROCESSED,2026-08-14T13:51:23Z,REF-PAY_C44C4643
SET_3E8A8AD8,MERCH_013,951800,19036,3426,475900,0,0,453438,INR,PROCESSED,2026-07-29T13:53:02Z,REF-PAY_BFB1E15F
SET_657F85C5,MERCH_025,1028600,20572,3702,0,1028600,0,-24274,INR,PROCESSED,2026-07-20T12:31:05Z,REF-PAY_2EE39A38
SET_2F3FEEC3,MERCH_023,1246500,24930,4487,0,0,0,1217083,INR,PROCESSED,2026-07-08T00:21:03Z,REF-PAY_123F390C
SET_E759AA86,MERCH_013,1170400,23408,4213,0,0,0,1142779,INR,PROCESSED,2026-08-02T16:18:26Z,REF-PAY_1EF01699
SET_02A82D3F,MERCH_010,1093400,21868,3936,0,0,0,1067596,INR,PROCESSED,2026-08-30T06:52:54Z,REF-PAY_7DC6F1A9
SET_E333D035,MERCH_032,533000,10660,1918,0,0,0,520322,INR,PROCESSED,2026-07-08T18:36:47Z,REF-PAY_B6CE22B8
SET_E47AF0CF,MERCH_015,1799000,35980,6476,899500,0,0,857044,INR,PROCESSED,2026-08-21T16:36:35Z,REF-PAY_F68C57FE
SET_4C8E33B2,MERCH_039,1194300,23886,4299,597150,0,0,568965,INR,PROCESSED,2026-07-04T15:23:47Z,REF-PAY_A6410FD7
SET_046EB710,MERCH_029,1010800,20216,3638,0,0,0,986946,INR,PROCESSED,2026-07-30T11:54:05Z,REF-PAY_353DC617
SET_65BAAE8A,MERCH_035,1945600,38912,7004,0,0,0,1899684,INR,PROCESSED,2026-08-04T16:52:57Z,REF-PAY_853FA974
SET_62932413,MERCH_016,1731400,34628,6233,0,0,0,1690539,INR,PROCESSED,2026-07-29T13:41:59Z,REF-PAY_0E295565
SET_01ACDBD3,MERCH_009,1341800,26836,4830,0,0,0,1310134,INR,PROCESSED,2026-07-20T01:17:26Z,REF-PAY_7508DB08
SET_337998A4,MERCH_008,898400,17968,3234,0,898400,0,-21202,INR,PROCESSED,2026-07-24T02:43:07Z,REF-PAY_D3C593F2
SET_7F311792,MERCH_025,549300,10986,1977,0,0,0,536337,INR,PROCESSED,2026-09-01T03:46:51Z,REF-PAY_44A804CE
SET_49A1118A,MERCH_034,1301300,26026,4684,0,0,0,1270590,INR,PROCESSED,2026-07-28T21:03:35Z,REF-PAY_481F6A7B
SET_6B20D651,MERCH_037,1951900,39038,7026,0,0,0,1905886,INR,PROCESSED,2026-07-24T23:31:34Z,REF-PAY_4EFF363A
SET_8C532873,MERCH_033,1194600,23892,4300,0,1194600,0,-28192,INR,PROCESSED,2026-08-06T11:13:11Z,REF-PAY_304A5E11
SET_750EA2CF,MERCH_009,976500,19530,3515,0,0,0,953455,INR,PROCESSED,2026-07-19T11:44:22Z,REF-PAY_93F9E85C
SET_47F9CAAE,MERCH_014,1856600,37132,6683,0,0,0,1812785,INR,PROCESSED,2026-08-17T02:12:18Z,REF-PAY_CF87AADD
SET_8F51B2EC,MERCH_036,1617800,32356,5824,0,0,0,1579620,INR,PROCESSED,2026-07-08T20:48:10Z,REF-PAY_62DF598E
SET_27E8AA45,MERCH_015,213900,4278,770,106950,0,0,101902,INR,PROCESSED,2026-07-07T08:38:19Z,REF-PAY_526B2B80
SET_7F826AEE,MERCH_044,151000,3020,543,0,0,0,122737,INR,PROCESSED,2026-08-06T06:35:09Z,REF-PAY_5D03C154
SET_3ED955C5,MERCH_042,212100,4242,763,0,0,0,207095,INR,PROCESSED,2026-09-01T02:29:39Z,SETTLE-MERCH_042-BULK
SET_397FD9BD,MERCH_048,332600,6652,1197,0,0,0,324751,INR,PROCESSED,2026-08-10T11:25:11Z,REF-PAY_AF6F75BB
SET_20CA7727,MERCH_023,852500,17050,3069,426250,0,0,406131,INR,PROCESSED,2026-08-08T07:46:39Z,REF-PAY_0671DE58
SET_2A29B1CF,MERCH_021,1592000,31840,5731,0,0,0,1554429,INR,PROCESSED,2026-08-22T06:39:55Z,REF-PAY_FD6C1873
SET_4AF011A1,MERCH_013,51800,1036,186,25900,0,0,24678,INR,PROCESSED,2026-07-27T18:49:31Z,REF-PAY_08D16AD1
SET_A4D5BEC2,MERCH_048,1079500,21590,3886,0,0,0,1054024,INR,PROCESSED,2026-08-23T19:33:55Z,REF-PAY_8397D44D
SET_7DCC552E,MERCH_034,1588800,31776,5719,0,0,0,1551305,INR,PROCESSED,2026-08-20T21:08:36Z,REF-PAY_63D4690E
SET_876F3F49,MERCH_018,1359000,27180,4892,0,0,0,1326928,INR,PROCESSED,2026-08-19T12:00:37Z,SETTLE-MERCH_018-BULK
SET_A66F3797,MERCH_049,896400,17928,3227,0,0,0,875245,INR,PROCESSED,2026-08-08T23:31:53Z,REF-PAY_9ACDB9BF
SET_8C502D64,MERCH_004,352300,7046,1268,0,0,0,344036,INR,PROCESSED,2026-07-05T01:54:38Z,REF-PAY_628BF22B
SET_7C820954,MERCH_026,1527800,30556,5500,0,0,0,1491744,INR,PROCESSED,2026-08-14T06:22:32Z,REF-PAY_76A05537
SET_E23B5689,MERCH_017,191200,3824,688,0,0,0,186688,INR,PROCESSED,2026-07-28T11:50:23Z,REF-PAY_C285EBD2
SET_6215CEC7,MERCH_016,1230100,24602,4428,0,0,0,1201070,INR,PROCESSED,2026-07-21T19:16:08Z,REF-PAY_6413329D
SET_D88B874D,MERCH_014,1064900,21298,3833,0,0,0,1039769,INR,PROCESSED,2026-07-25T21:15:49Z,REF-PAY_29BDA36C
SET_074085F3,MERCH_049,853300,17066,3071,0,0,0,833163,INR,PROCESSED,2026-07-14T02:53:42Z,REF-PAY_47684E02
SET_DB27F4D7,MERCH_020,916100,18322,3297,0,0,0,894481,INR,PROCESSED,2026-08-08T07:10:07Z,REF-PAY_6C208746-TYPO
SET_2C544764,MERCH_026,1259500,25190,4534,0,0,0,1229776,INR,PROCESSED,2026-07-27T23:37:10Z,REF-PAY_63BA34BA
SET_5BB1B670,MERCH_049,1794200,35884,6459,0,0,0,1751857,INR,PROCESSED,2026-08-24T02:43:45Z,REF-PAY_8AB169AF
SET_5C3CE131,MERCH_033,96900,1938,348,0,0,0,94614,INR,PROCESSED,2026-07-13T13:34:16Z,REF-PAY_6C074090
SET_B5F8C495,MERCH_036,539700,10794,1942,0,0,0,526964,INR,PROCESSED,2026-07-19T12:27:25Z,REF-PAY_FE2A9017
SET_0990E327,MERCH_021,132500,2650,477,0,0,0,129373,INR,PROCESSED,2026-07-11T03:06:16Z,REF-PAY_42ADE709
SET_2786A0F1,MERCH_003,1040100,20802,3744,0,0,0,1015554,INR,PROCESSED,2026-07-18T20:12:20Z,REF-PAY_63E2B1B3
SET_02210C40,MERCH_015,1320200,26404,4752,0,0,0,1289044,INR,PROCESSED,2026-07-22T07:11:14Z,SETTLE-MERCH_015-BULK
SET_D623286E,MERCH_033,1379300,27586,4965,0,0,0,1346749,INR,PROCESSED,2026-08-07T03:10:28Z,REF-PAY_26296B6B
SET_DD2236F3,MERCH_005,1629000,32580,5864,0,0,0,1590606,INR,PROCESSED,2026-07-25T16:21:56Z,REF-PAY_63C54729
SET_7D1CC3A7,MERCH_034,409000,8180,1472,0,0,0,399348,INR,PROCESSED,2026-08-29T23:15:01Z,REF-PAY_14F9B3D3
SET_5FB58154,MERCH_036,44200,884,159,0,0,0,43157,INR,PROCESSED,2026-08-12T06:00:24Z,REF-PAY_A71674AD
SET_0DFF187F,MERCH_009,497600,9952,1791,0,0,0,485857,INR,PROCESSED,2026-08-14T08:24:14Z,REF-PAY_C13D6AC1
SET_727D324F,MERCH_023,1218500,24370,4386,0,0,0,1189794,INR,PROCESSED,2026-07-09T03:09:12Z,REF-PAY_9DAE9AE4
SET_DA6A1C72,MERCH_040,1716500,34330,6179,0,0,0,1675991,INR,PROCESSED,2026-08-03T23:13:34Z,REF-PAY_31DCDC02
SET_1B444CBE,MERCH_010,1989700,39794,7162,0,0,0,1942744,INR,PROCESSED,2026-07-17T13:21:56Z,REF-PAY_AA278A68
SET_FA26E88A,MERCH_009,1884800,37696,6785,0,0,0,1840319,INR,PROCESSED,2026-08-29T11:22:48Z,REF-PAY_ED01BA20
SET_D61EF13E,MERCH_010,332500,6650,1197,0,0,0,324553,INR,PROCESSED,2026-08-18T18:24:39Z,REF-PAY_480C9071
SET_3482382E,MERCH_038,818200,16364,2945,0,0,0,798891,INR,PROCESSED,2026-07-25T22:13:59Z,REF-PAY_41EE0853
SET_B9256333,MERCH_028,808400,16168,2910,0,0,0,789322,INR,PROCESSED,2026-08-14T16:46:35Z,REF-PAY_09AAEB18
SET_3B448EBE,MERCH_002,1929800,38596,6947,0,0,0,1884257,INR,PROCESSED,2026-08-28T19:44:52Z,REF-PAY_80003B3D
SET_9AC45475,MERCH_028,53800,1076,193,0,0,0,52531,INR,PROCESSED,2026-07-19T19:56:05Z,REF-PAY_EB9C9A38
SET_CDC0F5AA,MERCH_028,1153000,23060,4150,0,0,0,1125790,INR,PROCESSED,2026-07-07T16:22:51Z,REF-PAY_A2506E69
SET_A87107D9,MERCH_012,789000,15780,2840,0,0,0,770380,INR,PROCESSED,2026-07-15T08:33:51Z,REF-PAY_698B7195
SET_53F16431,MERCH_039,1076100,21522,3873,0,0,0,1050705,INR,PROCESSED,2026-08-16T18:40:14Z,REF-PAY_1ABD01DC
SET_4597F914,MERCH_044,30000000,600000,108000,0,0,0,29292000,INR,PROCESSED,2026-08-22T10:37:09Z,SETTLE-MERCH_044-HV
SET_ECD25DC1,MERCH_042,1512900,30258,5446,0,0,0,1477196,INR,PROCESSED,2026-07-22T16:20:52Z,REF-PAY_EF27D842
SET_45F590C9,MERCH_007,831500,16630,2993,415750,0,0,396127,INR,PROCESSED,2026-08-08T20:04:40Z,REF-PAY_A8E60274
SET_E27B6150,MERCH_038,5500000,110000,19800,0,0,0,5370200,INR,PROCESSED,2026-08-06T04:33:07Z,SETTLE-MERCH_038-HV
SET_DEEC5132,MERCH_049,499500,9990,1798,0,0,0,487712,INR,PROCESSED,2026-08-23T18:56:19Z,REF-PAY_EBEB7EA6
SET_F3CB9405,MERCH_003,1997800,39956,7192,0,0,0,1943552,INR,PROCESSED,2026-08-31T01:18:43Z,REF-PAY_5D62B4CD
SET_90317C94,MERCH_038,1301700,26034,4686,0,0,0,1270980,INR,PROCESSED,2026-08-30T20:41:13Z,REF-PAY_E129282D
SET_84573ED6,MERCH_001,1261600,25232,4541,630800,0,0,601027,INR,PROCESSED,2026-07-27T17:51:46Z,REF-PAY_4F5775D7
SET_AE0F5C4E,MERCH_047,1713900,34278,6170,0,0,0,1673452,INR,PROCESSED,2026-07-31T09:55:00Z,REF-PAY_C4067226
SET_A6BC3D1D,MERCH_008,738100,14762,2657,0,0,0,720681,INR,PROCESSED,2026-07-18T05:16:00Z,REF-PAY_26A653F3
SET_E6C52884,MERCH_005,806900,16138,2904,0,0,0,787858,INR,PROCESSED,2026-08-01T12:06:08Z,REF-PAY_50717622
SET_5DBDC39C,MERCH_045,204300,4086,735,0,0,0,199479,INR,PROCESSED,2026-07-08T04:03:20Z,REF-PAY_8C77C07B
SET_83F50929,MERCH_038,1070400,21408,3853,0,0,0,1045139,INR,PROCESSED,2026-07-30T16:39:01Z,REF-PAY_006B7DF5-TYPO
SET_6BDA36A9,MERCH_008,1562900,31258,5626,781450,0,0,744566,INR,PROCESSED,2026-07-04T06:27:07Z,REF-PAY_B9DB0F4C
SET_5C68FA28,MERCH_048,1129800,22596,4067,0,0,0,1103187,INR,PROCESSED,2026-07-28T04:04:33Z,REF-PAY_A2BC26E1
SET_3860E49E,MERCH_030,15000000,300000,54000,0,0,0,14646000,INR,PROCESSED,2026-07-13T03:58:24Z,SETTLE-MERCH_030-HV
SET_04E94330,MERCH_007,1618400,32368,5826,809200,0,0,771006,INR,PROCESSED,2026-07-28T04:35:19Z,REF-PAY_AFA20DC0
SET_7EC7A5AB,MERCH_044,116800,2336,420,0,0,0,114044,INR,PROCESSED,2026-07-05T20:58:01Z,REF-PAY_B9ECF87A
SET_2D045705,MERCH_004,1256900,25138,4524,0,0,0,1227238,INR,PROCESSED,2026-07-20T07:05:53Z,REF-PAY_D3D47743
SET_BA56E284,MERCH_040,1935800,38716,6968,0,0,0,1890116,INR,PROCESSED,2026-07-13T01:06:20Z,REF-PAY_5AA9BAED-TYPO
SET_E350C232,MERCH_043,1256800,25136,4524,0,0,0,1227140,INR,PROCESSED,2026-07-03T10:21:49Z,REF-PAY_EE289806
SET_72FFE2D8,MERCH_008,225800,4516,812,0,0,0,220472,INR,PROCESSED,2026-07-09T13:51:04Z,REF-PAY_333C319E
SET_84780ADF,MERCH_016,827500,16550,2979,0,0,0,807971,INR,PROCESSED,2026-08-23T23:35:50Z,REF-PAY_F720F73F
SET_A530E270,MERCH_031,70600,1412,254,0,0,0,68934,INR,PROCESSED,2026-08-28T19:16:19Z,REF-PAY_27D8152D
SET_CD57D1FE,MERCH_035,50300,1006,181,0,0,0,49113,INR,PROCESSED,2026-07-18T00:11:26Z,REF-PAY_CE66D36C
SET_4A57F905,MERCH_003,1755400,35108,6319,0,0,0,1714023,INR,PROCESSED,2026-07-16T07:43:57Z,REF-PAY_38FCED60
SET_16202769,MERCH_016,1301200,26024,4684,0,0,0,1270492,INR,PROCESSED,2026-08-05T17:42:12Z,REF-PAY_D56C0F0B
SET_9FC46925,MERCH_018,925800,18516,3332,0,0,0,903952,INR,PROCESSED,2026-07-05T13:30:49Z,REF-PAY_253B07D2
SET_114DC9E6,MERCH_003,1829000,36580,6584,0,0,0,1785836,INR,PROCESSED,2026-07-15T02:32:54Z,REF-PAY_04EB4E75
SET_D13C4025,MERCH_013,166100,3322,597,0,0,0,162181,INR,PROCESSED,2026-08-17T02:16:13Z,REF-PAY_EC7449C0
SET_6D6B6417,MERCH_011,858500,17170,3090,0,0,0,838240,INR,PROCESSED,2026-08-23T09:27:52Z,REF-PAY_60537AEA
SET_6F745105,MERCH_032,1474800,29496,5309,0,0,0,1439995,INR,PROCESSED,2026-07-05T12:35:25Z,REF-PAY_473CE445-TYPO
SET_31907DAF,MERCH_022,1901100,38022,6843,0,1901100,0,-44865,INR,PROCESSED,2026-08-23T00:21:57Z,REF-PAY_B76A196F
SET_6AEE96F0,MERCH_034,1802700,36054,6489,0,0,0,1760157,INR,PROCESSED,2026-07-16T21:17:19Z,REF-PAY_A2CA74CC
SET_AB89725D,MERCH_013,1103100,22062,3971,0,0,0,1077067,INR,PROCESSED,2026-08-05T22:00:10Z,REF-PAY_3EF5C704
SET_2A1129D7,MERCH_030,1147900,22958,4132,0,0,0,1120810,INR,PROCESSED,2026-08-03T07:11:06Z,REF-PAY_D9871014
SET_4D56D47E,MERCH_002,1349800,26996,4859,0,0,0,1317945,INR,PROCESSED,2026-08-12T17:42:24Z,REF-PAY_19670FEC
SET_03773F0D,MERCH_026,1648100,32962,5933,0,0,0,1609205,INR,PROCESSED,2026-08-18T14:40:24Z,REF-PAY_FD9FFC1B-TYPO
SET_BF7E8D82,MERCH_046,1583200,31664,5699,0,0,0,1545837,INR,PROCESSED,2026-08-29T07:07:20Z,SETTLE-MERCH_046-BULK
SET_BF352411,MERCH_022,1673300,33466,6023,0,0,0,1633811,INR,PROCESSED,2026-08-03T02:20:23Z,REF-PAY_9B920291
SET_E39EA00F,MERCH_007,858500,17170,3090,0,0,0,838240,INR,PROCESSED,2026-07-31T09:32:10Z,SETTLE-MERCH_007-BULK
SET_0C149950,MERCH_038,982100,19642,3535,0,0,0,958973,INR,PROCESSED,2026-08-09T20:32:35Z,REF-PAY_F0263743
SET_95A4D9BC,MERCH_042,1358400,27168,4890,0,0,0,1326342,INR,PROCESSED,2026-08-15T11:17:58Z,REF-PAY_67F0001B
SET_243E3947,MERCH_002,1483000,29660,5338,0,0,0,1448002,INR,PROCESSED,2026-07-26T07:30:44Z,REF-PAY_2367AFEE
SET_C348D31F,MERCH_008,916300,18326,3298,0,0,0,849576,INR,PROCESSED,2026-08-05T21:18:03Z,REF-PAY_799DA4C5
SET_594D780A,MERCH_032,370200,7404,1332,0,370200,0,-8736,INR,PROCESSED,2026-07-14T18:12:38Z,REF-PAY_C21A6FDD
SET_067E36DF,MERCH_014,1733800,34676,6241,0,0,0,1692883,INR,PROCESSED,2026-08-25T18:22:14Z,REF-PAY_A580A83A
SET_A9CF83B6,MERCH_046,1584900,31698,5705,792450,0,0,755047,INR,PROCESSED,2026-07-10T08:43:16Z,REF-PAY_91EEC189
SET_E8325879,MERCH_011,897100,17942,3229,0,0,0,875929,INR,PROCESSED,2026-08-21T02:08:25Z,SETTLE-MERCH_011-BULK
SET_159BABEA,MERCH_031,488400,9768,1758,0,0,0,476874,INR,PROCESSED,2026-08-29T23:57:18Z,REF-PAY_D7D9AF65
SET_54A35CFD,MERCH_021,691400,13828,2489,0,0,0,675083,INR,PROCESSED,2026-08-24T20:37:48Z,REF-PAY_A7F31AB6
SET_783518F3,MERCH_021,1867300,37346,6722,0,0,0,1823232,INR,PROCESSED,2026-07-27T04:17:17Z,REF-PAY_AB0BF39F
SET_F396A0CB,MERCH_018,1249300,24986,4497,0,0,0,1219867,INR,PROCESSED,2026-07-30T08:38:40Z,REF-PAY_CA488CC7
SET_533E65F1,MERCH_009,1465600,29312,5276,0,1465600,0,-34588,INR,PROCESSED,2026-08-18T23:08:45Z,REF-PAY_B16E5DB1
SET_778DC027,MERCH_030,297100,5942,1069,0,0,0,290089,INR,PROCESSED,2026-07-16T00:03:05Z,REF-PAY_41ED1E73
SET_12C4F514,MERCH_018,544700,10894,1960,0,0,0,531846,INR,PROCESSED,2026-08-14T13:12:18Z,REF-PAY_6FB2DDAB
SET_54C6E87E,MERCH_047,1764900,35298,6353,882450,0,0,840799,INR,PROCESSED,2026-07-04T23:53:10Z,REF-PAY_4B127E42
SET_4B278D98,MERCH_018,1179400,23588,4245,0,0,0,1151467,INR,PROCESSED,2026-07-21T23:30:48Z,REF-PAY_A65469EA
SET_A4258412,MERCH_015,708900,14178,2552,0,0,0,692170,INR,PROCESSED,2026-07-17T12:49:47Z,REF-PAY_17E4AE85
SET_4FF80A3A,MERCH_038,936600,18732,3371,0,0,0,914497,INR,PROCESSED,2026-08-18T12:16:49Z,REF-PAY_11C215C9
SET_C4CD3BF9,MERCH_006,1715600,34312,6176,0,0,0,1675112,INR,PROCESSED,2026-07-16T04:46:03Z,REF-PAY_CEA1CD12
SET_F7230702,MERCH_013,1643200,32864,5915,0,0,0,1604321,INR,PROCESSED,2026-07-26T10:18:47Z,REF-PAY_6DF3B6AB
SET_0E7DBFBB,MERCH_034,1412100,28242,5083,0,0,0,1378775,INR,PROCESSED,2026-08-26T01:35:42Z,REF-PAY_218438D8
SET_7F031B4A,MERCH_004,285700,5714,1028,0,0,0,278958,INR,PROCESSED,2026-07-30T18:49:20Z,SETTLE-MERCH_004-BULK
SET_893BA39B,MERCH_003,737200,14744,2653,0,0,0,719803,INR,PROCESSED,2026-09-02T04:09:43Z,REF-PAY_56C0563E
SET_8FCD73CE,MERCH_025,742700,14854,2673,0,0,0,725173,INR,PROCESSED,2026-08-08T10:34:01Z,REF-PAY_E819F367
SET_4EBA4E47,MERCH_009,290800,5816,1046,0,0,0,283938,INR,PROCESSED,2026-07-23T16:22:16Z,REF-PAY_F27DD178
SET_98F95CF0,MERCH_031,1300800,26016,4682,0,0,0,1270102,INR,PROCESSED,2026-07-10T01:42:59Z,REF-PAY_CC892FD7
SET_2E3C6012,MERCH_016,385500,7710,1387,0,0,0,376403,INR,PROCESSED,2026-07-22T11:13:33Z,REF-PAY_1D07031F
SET_7B6B5FF0,MERCH_030,1927400,38548,6938,0,0,0,1881964,INR,PROCESSED,2026-08-12T19:59:33Z,REF-PAY_77D6942A
SET_98125B79,MERCH_044,1336900,26738,4812,0,0,0,1305350,INR,PROCESSED,2026-08-11T07:13:03Z,REF-PAY_32B2280E
SET_49E71EAF,MERCH_006,545100,10902,1962,0,0,0,532236,INR,PROCESSED,2026-07-11T16:58:57Z,REF-PAY_6EB70C01
SET_84941536,MERCH_031,524500,10490,1888,0,0,0,512122,INR,PROCESSED,2026-08-24T10:28:37Z,REF-PAY_71A65308
SET_4BBB89DE,MERCH_043,760800,15216,2738,0,0,0,742846,INR,PROCESSED,2026-08-29T17:34:51Z,REF-PAY_2555F940
SET_EDB44BE9,MERCH_005,24200,484,87,0,0,0,23529,INR,PROCESSED,2026-07-16T23:27:03Z,REF-PAY_9A4370B4
SET_D67AF9D4,MERCH_047,267200,5344,961,0,0,0,260895,INR,PROCESSED,2026-08-27T22:07:18Z,REF-PAY_8B8291EB
SET_BBBC9643,MERCH_033,354600,7092,1276,0,0,0,346282,INR,PROCESSED,2026-07-14T20:46:54Z,REF-PAY_037CBE2F
SET_B1E27707,MERCH_025,334700,6694,1204,0,0,0,326802,INR,PROCESSED,2026-08-26T20:17:35Z,REF-PAY_3E94629E
SET_0ED17676,MERCH_027,1614700,32294,5812,0,0,0,1576644,INR,PROCESSED,2026-07-30T05:50:36Z,REF-PAY_BABE1B7C
SET_B5909115,MERCH_019,190200,3804,684,0,0,0,185712,INR,PROCESSED,2026-08-06T09:48:43Z,REF-PAY_F2C9DB8D-TYPO
SET_62C5113A,MERCH_010,505200,10104,1818,0,0,0,493278,INR,PROCESSED,2026-08-11T04:51:51Z,REF-PAY_F060A78D
SET_1CE35EF6,MERCH_022,903700,18074,3253,0,0,0,882423,INR,PROCESSED,2026-07-13T09:08:25Z,REF-PAY_644CA81C
SET_7AE26DBF,MERCH_029,1283300,25666,4619,0,0,0,1253015,INR,PROCESSED,2026-07-25T15:49:52Z,REF-PAY_E3890AAF
SET_8D4667C5,MERCH_017,471600,9432,1697,0,0,0,460371,INR,PROCESSED,2026-08-07T11:51:00Z,REF-PAY_75F142AD
SET_7EC8D376,MERCH_047,1953200,39064,7031,0,0,0,1907105,INR,PROCESSED,2026-08-15T19:11:10Z,REF-PAY_7F4149B6
SET_10F39EF2,MERCH_047,10500,210,37,0,10500,0,-247,INR,PROCESSED,2026-08-06T12:00:06Z,REF-PAY_16633499
SET_B613898A,MERCH_026,873100,17462,3143,0,0,0,852495,INR,PROCESSED,2026-08-06T12:24:19Z,REF-PAY_40AEF11C
SET_331A6B84,MERCH_006,1871900,37438,6738,0,0,0,1827724,INR,PROCESSED,2026-08-03T00:03:01Z,REF-PAY_7DA2D2D9
SET_98F588AE,MERCH_016,514200,10284,1851,257100,0,0,244965,INR,PROCESSED,2026-08-24T09:41:52Z,REF-PAY_6DA79AB4
SET_087DCD8D,MERCH_044,1899000,37980,6836,0,0,0,1854184,INR,PROCESSED,2026-08-08T07:45:40Z,REF-PAY_0B3CBD3D
SET_26C03CE2,MERCH_043,1036100,20722,3729,0,0,0,1011549,INR,PROCESSED,2026-09-02T12:17:16Z,REF-PAY_CE7C9506
SET_1FEC7277,MERCH_013,1016900,20338,3660,0,1016900,0,-23998,INR,PROCESSED,2026-07-16T01:11:29Z,REF-PAY_4FC36636
SET_07D0F3B4,MERCH_015,1073800,21476,3865,0,0,0,1048459,INR,PROCESSED,2026-07-29T17:38:59Z,REF-PAY_022B704C
SET_591C9E30,MERCH_002,458000,9160,1648,0,0,0,447242,INR,PROCESSED,2026-08-31T13:54:28Z,REF-PAY_5B8702C1
SET_A744DECA,MERCH_006,1394900,27898,5021,0,0,0,1361981,INR,PROCESSED,2026-07-15T03:25:52Z,SETTLE-MERCH_006-BULK
SET_A0980ACD,MERCH_028,428000,8560,1540,0,0,0,417900,INR,PROCESSED,2026-08-10T23:17:35Z,REF-PAY_B662BB29
SET_7FF6D81B,MERCH_025,15000000,300000,54000,0,0,0,14646000,INR,PROCESSED,2026-07-24T23:50:55Z,SETTLE-MERCH_025-HV
SET_EF933505,MERCH_033,1172600,23452,4221,586300,0,0,558627,INR,PROCESSED,2026-08-03T04:41:13Z,REF-PAY_8C5B5259
SET_498AE612,MERCH_038,1906600,38132,6863,0,0,0,1861605,INR,PROCESSED,2026-08-13T04:55:58Z,REF-PAY_555DEA61
SET_B7E31F6F,MERCH_009,654100,13082,2354,0,0,0,638664,INR,PROCESSED,2026-08-12T10:58:32Z,REF-PAY_8FE4BA17
SET_ADF9DA4B,MERCH_034,953600,19072,3432,476800,0,0,454296,INR,PROCESSED,2026-07-08T13:13:08Z,REF-PAY_90463F09
SET_8C4B6142,MERCH_027,1124800,22496,4049,0,0,0,1098255,INR,PROCESSED,2026-07-07T10:10:07Z,REF-PAY_93CAB346
SET_4DB36CD5,MERCH_024,516300,10326,1858,0,0,0,504116,INR,PROCESSED,2026-07-06T05:17:01Z,REF-PAY_50D84C31
SET_4B4A164D,MERCH_040,1258500,25170,4530,0,0,0,1228800,INR,PROCESSED,2026-07-18T04:10:46Z,REF-PAY_D2CEA8D9
SET_17AFA88C,MERCH_031,173600,3472,624,0,173600,0,-4096,INR,PROCESSED,2026-07-16T21:08:15Z,REF-PAY_71D19C02
SET_2A6F0EA1,MERCH_017,1848700,36974,6655,0,0,0,1805071,INR,PROCESSED,2026-08-31T00:09:20Z,REF-PAY_99B76B3D
SET_5472AB3E,MERCH_005,1897900,37958,6832,0,0,0,1853110,INR,PROCESSED,2026-07-10T12:09:23Z,REF-PAY_E941248C
SET_0B965AC8,MERCH_042,190400,3808,685,95200,0,0,90707,INR,PROCESSED,2026-08-18T18:59:30Z,REF-PAY_E260940C
SET_3EB5F845,MERCH_021,681500,13630,2453,340750,0,0,324667,INR,PROCESSED,2026-07-03T13:47:21Z,REF-PAY_E3C48B6A
SET_5C0D3B5F,MERCH_015,889800,17796,3203,0,0,0,868801,INR,PROCESSED,2026-08-31T18:10:23Z,REF-PAY_FFF366C0
SET_9584E6CD,MERCH_025,881600,17632,3173,0,0,0,860795,INR,PROCESSED,2026-08-06T09:45:41Z,REF-PAY_67F66FD1
SET_CF2BCAA7,MERCH_022,564200,11284,2031,0,0,0,550885,INR,PROCESSED,2026-08-20T12:55:40Z,REF-PAY_6C6BAE95
SET_3DC438EF,MERCH_033,1026300,20526,3694,0,0,0,1002130,INR,PROCESSED,2026-07-28T03:20:22Z,REF-PAY_7C8FA53F
SET_63216B1F,MERCH_011,956800,19136,3444,0,0,0,934220,INR,PROCESSED,2026-08-15T14:27:44Z,REF-PAY_34F8C606
SET_47F30140,MERCH_023,251200,5024,904,0,0,0,245272,INR,PROCESSED,2026-08-21T02:17:37Z,REF-PAY_5F35D11F-TYPO
SET_146D7586,MERCH_014,690200,13804,2484,0,0,0,673912,INR,PROCESSED,2026-07-22T05:52:25Z,REF-PAY_A37EA6E6
SET_E8C7D14C,MERCH_025,1586200,31724,5710,0,0,0,1548666,INR,PROCESSED,2026-08-25T23:54:34Z,REF-PAY_8501FE4E
SET_B5ECE847,MERCH_040,1883400,37668,6780,0,0,0,1838952,INR,PROCESSED,2026-08-28T15:40:48Z,REF-PAY_5E65BF5E
SET_C089D686,MERCH_031,1891700,37834,6810,0,0,0,1847056,INR,PROCESSED,2026-08-16T23:28:30Z,SETTLE-MERCH_031-BULK
SET_49024983,MERCH_022,356900,7138,1284,0,356900,0,-8422,INR,PROCESSED,2026-07-05T02:02:58Z,REF-PAY_C04182E3
SET_ABACDE49,MERCH_008,1717100,34342,6181,0,0,0,1676577,INR,PROCESSED,2026-07-21T22:13:55Z,SETTLE-MERCH_008-BULK
SET_B47F2E2F,MERCH_030,826700,16534,2976,0,0,0,807190,INR,PROCESSED,2026-08-19T10:41:41Z,REF-PAY_A762B4DC
SET_77F04E10,MERCH_001,1900700,38014,6842,0,0,0,1855844,INR,PROCESSED,2026-08-31T04:18:18Z,REF-PAY_82E216DA
SET_4B95A1DE,MERCH_017,596700,11934,2148,0,0,0,582618,INR,PROCESSED,2026-07-09T11:27:42Z,REF-PAY_AD13162E
SET_1F373503,MERCH_019,735300,14706,2647,0,0,0,717947,INR,PROCESSED,2026-07-23T21:40:17Z,REF-PAY_77D7AEB7
SET_F9255F07,MERCH_029,1070300,21406,3853,0,0,0,1007541,INR,PROCESSED,2026-07-08T20:45:39Z,REF-PAY_2E15F038
SET_CD98F1FF,MERCH_026,210300,4206,757,0,210300,0,-4963,INR,PROCESSED,2026-08-04T00:55:14Z,REF-PAY_E2580AD2
SET_15A0E2F5,MERCH_034,563400,11268,2028,0,0,0,550104,INR,PROCESSED,2026-08-13T22:12:57Z,REF-PAY_627E475B
SET_363811A7,MERCH_005,1711600,34232,6161,0,1711600,0,-40393,INR,PROCESSED,2026-07-29T14:14:06Z,REF-PAY_A1D944C4
SET_41434B9B,MERCH_023,892000,17840,3211,0,0,0,870949,INR,PROCESSED,2026-08-09T21:48:28Z,REF-PAY_AC241D7A
SET_5C7943FB,MERCH_049,1456100,29122,5241,0,0,0,1421737,INR,PROCESSED,2026-08-19T20:48:49Z,REF-PAY_6147C9B0
SET_C8479589,MERCH_019,60000000,1200000,216000,0,0,0,58584000,INR,PROCESSED,2026-07-04T06:09:05Z,SETTLE-MERCH_019-HV
SET_2FC7A10B,MERCH_046,323300,6466,1163,0,0,0,315671,INR,PROCESSED,2026-08-18T04:09:39Z,REF-PAY_B40A3613
SET_8F35FDD4,MERCH_018,1582100,31642,5695,0,0,0,1544763,INR,PROCESSED,2026-08-03T13:33:32Z,REF-PAY_43C4B01F-TYPO
SET_A4478BA2,MERCH_010,631600,12632,2273,0,0,0,616695,INR,PROCESSED,2026-08-31T04:21:39Z,REF-PAY_3E5C6782
SET_EF3EA40B,MERCH_040,896300,17926,3226,0,0,0,875148,INR,PROCESSED,2026-08-03T23:52:54Z,REF-PAY_89E86F0E
SET_D966C2C1,MERCH_004,301500,6030,1085,0,301500,0,-7115,INR,PROCESSED,2026-08-26T20:44:27Z,REF-PAY_DAC06330
SET_D975F628,MERCH_043,1181900,23638,4254,0,0,0,1154008,INR,PROCESSED,2026-07-14T17:35:16Z,REF-PAY_D72F9541
SET_50A12C5E,MERCH_017,1408200,28164,5069,0,0,0,1374967,INR,PROCESSED,2026-08-19T09:56:32Z,REF-PAY_5996190A
SET_8BF3625B,MERCH_003,182900,3658,658,0,0,0,178584,INR,PROCESSED,2026-07-07T15:58:44Z,REF-PAY_22E85865
SET_AC01474A,MERCH_032,695700,13914,2504,0,0,0,679282,INR,PROCESSED,2026-07-20T00:25:48Z,REF-PAY_6C8A15C6-TYPO
SET_6A96A212,MERCH_017,1643400,32868,5916,0,0,0,1604616,INR,PROCESSED,2026-08-04T13:47:06Z,REF-PAY_D83836F1
SET_29730F36,MERCH_016,1869800,37396,6731,0,0,0,1825673,INR,PROCESSED,2026-08-08T11:13:07Z,REF-PAY_F5E4F9BB
SET_A82E8C8A,MERCH_007,1535800,30716,5528,0,0,0,1471356,INR,PROCESSED,2026-08-15T04:23:22Z,REF-PAY_ED4DA979
SET_4998E179,MERCH_012,1734600,34692,6244,0,0,0,1690764,INR,PROCESSED,2026-07-21T08:24:40Z,REF-PAY_7AEE7CD0
SET_E43D88A8,MERCH_045,1155700,23114,4160,0,0,0,1128426,INR,PROCESSED,2026-07-11T21:59:10Z,REF-PAY_2E04E952
SET_3A5D6470,MERCH_037,547600,10952,1971,0,0,0,534677,INR,PROCESSED,2026-07-26T19:14:43Z,REF-PAY_3339F04F
SET_ACF789A9,MERCH_046,102300,2046,368,0,0,0,99886,INR,PROCESSED,2026-08-18T14:35:00Z,REF-PAY_C8E2E601
SET_423A25EF,MERCH_014,351600,7032,1265,0,0,0,343303,INR,PROCESSED,2026-07-29T12:37:44Z,REF-PAY_C7EDEB28
SET_D63F3D81,MERCH_031,608700,12174,2191,0,608700,0,-14365,INR,PROCESSED,2026-08-27T02:35:45Z,REF-PAY_D0AB6A1A
SET_41837DE2,MERCH_040,682800,13656,2458,0,0,0,666686,INR,PROCESSED,2026-08-13T03:14:21Z,SETTLE-MERCH_040-BULK
SET_8559FA09,MERCH_026,1907200,38144,6865,0,0,0,1862191,INR,PROCESSED,2026-07-11T14:50:44Z,REF-PAY_C7BD820E
SET_32EB9CE3,MERCH_023,24400,488,87,0,24400,0,-575,INR,PROCESSED,2026-08-31T21:17:49Z,REF-PAY_00CB4DB7
SET_D6688800,MERCH_026,1752900,35058,6310,0,0,0,1692132,INR,PROCESSED,2026-08-15T20:26:05Z,REF-PAY_9F2D6B32
SET_7C76BB3F,MERCH_029,1785300,35706,6427,0,0,0,1743167,INR,PROCESSED,2026-07-03T17:19:06Z,REF-PAY_DC280C91-TYPO
SET_EF2380EF,MERCH_008,63300,1266,227,0,0,0,61807,INR,PROCESSED,2026-07-27T20:33:02Z,REF-PAY_BD8B394E
SET_3942CF5A,MERCH_032,1112100,22242,4003,0,0,0,1085855,INR,PROCESSED,2026-07-19T12:25:09Z,REF-PAY_EBF9C1BC
SET_AB41BCBB,MERCH_016,1591700,31834,5730,0,0,0,1554136,INR,PROCESSED,2026-07-14T10:30:45Z,REF-PAY_C02BB8BD
SET_07DFB267,MERCH_038,754200,15084,2715,0,0,0,736451,INR,PROCESSED,2026-08-27T03:10:20Z,REF-PAY_AA6D7292
SET_FBFE8173,MERCH_024,930500,18610,3349,0,0,0,908541,INR,PROCESSED,2026-08-08T10:28:58Z,REF-PAY_C561DB87
SET_7A7F1E07,MERCH_008,1838400,36768,6618,0,0,0,1795014,INR,PROCESSED,2026-07-14T20:11:39Z,REF-PAY_3968A81B
SET_EE1BE29C,MERCH_002,1522200,30444,5479,0,1522200,0,-35923,INR,PROCESSED,2026-07-28T16:17:47Z,REF-PAY_95E7AA08
SET_E7C0B073,MERCH_006,545100,10902,1962,0,0,0,532236,INR,PROCESSED,2026-07-11T06:38:38Z,REF-PAY_3CE73A05
SET_033B6584,MERCH_006,1368800,27376,4927,0,0,0,1336397,INR,PROCESSED,2026-07-12T03:29:34Z,REF-PAY_B4389FC6
SET_98379CD1,MERCH_020,625200,12504,2250,0,0,0,610496,INR,PROCESSED,2026-07-18T16:56:13Z,REF-PAY_7717A828
SET_EEC5C86F,MERCH_044,1824600,36492,6568,0,0,0,1781540,INR,PROCESSED,2026-08-26T12:54:38Z,REF-PAY_8F0A1F52
SET_0B8C68E5,MERCH_049,1764700,35294,6352,0,0,0,1723054,INR,PROCESSED,2026-07-10T09:33:00Z,REF-PAY_168C267E
SET_FA560669,MERCH_016,1480500,29610,5329,0,0,0,1445561,INR,PROCESSED,2026-07-23T00:06:36Z,REF-PAY_0F004E27
SET_04F5BC01,MERCH_005,111500,2230,401,0,0,0,108869,INR,PROCESSED,2026-07-31T20:08:12Z,REF-PAY_E2CB69B2
SET_C491038E,MERCH_006,229000,4580,824,0,0,0,223596,INR,PROCESSED,2026-08-06T08:54:48Z,REF-PAY_00A14C08
SET_1253EFD0,MERCH_014,635800,12716,2288,0,0,0,620796,INR,PROCESSED,2026-08-18T01:18:04Z,REF-PAY_41FE2F66
SET_8AA4B059,MERCH_013,523400,10468,1884,0,0,0,511048,INR,PROCESSED,2026-09-02T13:38:08Z,REF-PAY_49322174
SET_B72BBDAA,MERCH_013,82000,1640,295,0,0,0,80115,INR,PROCESSED,2026-08-30T01:55:09Z,REF-PAY_4CD76C86
SET_E565AAA0,MERCH_017,457900,9158,1648,0,0,0,447094,INR,PROCESSED,2026-08-23T00:04:12Z,REF-PAY_40B50A16
SET_4DDB3EDB,MERCH_009,802000,16040,2887,0,0,0,783073,INR,PROCESSED,2026-08-18T00:05:16Z,REF-PAY_594A1C5C
SET_C6BFF3B5,MERCH_039,948900,18978,3416,0,0,0,926506,INR,PROCESSED,2026-07-30T20:25:46Z,REF-PAY_AD0A7202
SET_4BFC0A13,MERCH_047,179400,3588,645,0,0,0,175167,INR,PROCESSED,2026-07-24T19:35:04Z,SETTLE-MERCH_047-BULK
SET_61287F53,MERCH_037,1239800,24796,4463,0,0,0,1210541,INR,PROCESSED,2026-08-03T17:32:32Z,REF-PAY_427DCBC0
SET_18F7D887,MERCH_022,1339500,26790,4822,0,0,0,1307888,INR,PROCESSED,2026-07-08T20:16:51Z,REF-PAY_D8F2CE31
SET_D0791ACA,MERCH_027,1325300,26506,4771,0,0,0,1294023,INR,PROCESSED,2026-08-21T08:28:42Z,REF-PAY_AB84B6E3
SET_625B733B,MERCH_046,924600,18492,3328,0,0,0,902780,INR,PROCESSED,2026-08-12T15:54:20Z,REF-PAY_D6CEC218
SET_286EE195,MERCH_014,62000,1240,223,0,0,0,60537,INR,PROCESSED,2026-08-14T14:24:58Z,REF-PAY_0611EF08
SET_5F04DCD4,MERCH_046,1493300,29866,5375,0,0,0,1458059,INR,PROCESSED,2026-07-10T05:34:20Z,REF-PAY_5BF3F2AA
SET_2322C185,MERCH_021,1753200,35064,6311,0,0,0,1711825,INR,PROCESSED,2026-08-05T18:09:15Z,REF-PAY_9A583E52
SET_018F83EF,MERCH_047,921300,18426,3316,0,0,0,899558,INR,PROCESSED,2026-08-06T03:42:08Z,REF-PAY_710B48F0-TYPO
SET_7F09F2F4,MERCH_012,1022200,20444,3679,511100,0,0,486977,INR,PROCESSED,2026-08-11T16:05:06Z,REF-PAY_976B0765
SET_BD65476D,MERCH_024,1277700,25554,4599,0,0,0,1247547,INR,PROCESSED,2026-07-21T10:20:32Z,REF-PAY_DAE38DB9
SET_EF2510CF,MERCH_019,407900,8158,1468,0,0,0,398274,INR,PROCESSED,2026-08-27T03:36:55Z,REF-PAY_C31820FE-TYPO
SET_194092B5,MERCH_018,1608100,32162,5789,0,0,0,1557549,INR,PROCESSED,2026-08-14T22:31:28Z,REF-PAY_4C224864
SET_1F6741DF,MERCH_042,1307100,26142,4705,0,0,0,1276253,INR,PROCESSED,2026-08-13T01:55:21Z,REF-PAY_40F864FF
SET_39518290,MERCH_026,423400,8468,1524,0,423400,0,-9992,INR,PROCESSED,2026-08-23T14:56:45Z,REF-PAY_7F79DF66
SET_9DB83E07,MERCH_022,1008200,20164,3629,0,0,0,984407,INR,PROCESSED,2026-08-25T06:50:35Z,REF-PAY_1BA9EE85
SET_847D7D51,MERCH_006,574000,11480,2066,0,0,0,560454,INR,PROCESSED,2026-07-14T01:10:47Z,REF-PAY_7DAFBD25
SET_847CB6AD,MERCH_025,1125400,22508,4051,0,0,0,1098841,INR,PROCESSED,2026-08-28T18:06:33Z,REF-PAY_329BD0BB
SET_26F21F3C,MERCH_004,61700,1234,222,0,0,0,60244,INR,PROCESSED,2026-08-03T03:02:24Z,REF-PAY_824AA0EF
SET_B6F6F6C3,MERCH_036,1067700,21354,3843,0,0,0,1042503,INR,PROCESSED,2026-08-09T20:04:57Z,REF-PAY_263FA78A
SET_92B930DC,MERCH_038,124100,2482,446,0,0,0,121172,INR,PROCESSED,2026-07-24T12:52:04Z,REF-PAY_BACC3F1F
SET_625F856D,MERCH_001,1388700,27774,4999,0,0,0,1355927,INR,PROCESSED,2026-09-08T23:40:09Z,REF-PAY_E7921039
SET_16BEE044,MERCH_011,63000,1260,226,0,0,0,61514,INR,PROCESSED,2026-08-15T01:39:52Z,REF-PAY_F74EA359
SET_E1FC5D8D,MERCH_019,912300,18246,3284,0,0,0,890770,INR,PROCESSED,2026-08-21T17:58:24Z,REF-PAY_AFC17372
SET_5D353D99,MERCH_041,933700,18674,3361,0,0,0,911665,INR,PROCESSED,2026-07-25T19:24:11Z,REF-PAY_A9B09503
SET_687CCBE4,MERCH_005,1051900,21038,3786,0,0,0,1027076,INR,PROCESSED,2026-08-01T13:19:27Z,REF-PAY_EC764F54
SET_9ADC69F5,MERCH_011,621300,12426,2236,0,0,0,606638,INR,PROCESSED,2026-07-03T12:08:54Z,SETTLE-MERCH_011-BULK
SET_F854A46E,MERCH_018,833500,16670,3000,0,0,0,798330,INR,PROCESSED,2026-07-20T20:31:13Z,REF-PAY_CDF34433
SET_03564D36,MERCH_028,521300,10426,1876,0,0,0,508998,INR,PROCESSED,2026-08-02T10:52:28Z,REF-PAY_417DD242
SET_93A5428D,MERCH_033,129600,2592,466,0,0,0,126442,INR,PROCESSED,2026-08-21T17:32:29Z,REF-PAY_0158270D
SET_D8132374,MERCH_005,802800,16056,2890,0,0,0,783854,INR,PROCESSED,2026-07-31T00:17:02Z,REF-PAY_AE7ED45A
SET_D3F4A3F0,MERCH_008,722500,14450,2601,0,0,0,705449,INR,PROCESSED,2026-07-22T14:18:08Z,REF-PAY_92DDE4F9
SET_F27EDA00,MERCH_010,1614300,32286,5811,0,0,0,1576203,INR,PROCESSED,2026-07-19T06:01:32Z,REF-PAY_5F8FA1AE
SET_B587F43C,MERCH_043,1151100,23022,4143,0,0,0,1123935,INR,PROCESSED,2026-07-31T23:22:05Z,REF-PAY_A503D236
SET_FA540A1B,MERCH_009,1611900,32238,5802,0,0,0,1573860,INR,PROCESSED,2026-08-28T13:30:35Z,REF-PAY_F43DA764
SET_24804E89,MERCH_043,1348100,26962,4853,0,0,0,1316285,INR,PROCESSED,2026-08-18T20:31:12Z,REF-PAY_719D2651
SET_13B3F16B,MERCH_011,1651500,33030,5945,0,0,0,1612525,INR,PROCESSED,2026-08-12T04:02:04Z,REF-PAY_AD5A9AB4
SET_87E1900B,MERCH_044,275100,5502,990,0,0,0,268608,INR,PROCESSED,2026-07-30T13:57:51Z,REF-PAY_E69DFBE0
SET_482E6009,MERCH_025,1776600,35532,6395,0,0,0,1718673,INR,PROCESSED,2026-08-20T07:41:21Z,REF-PAY_A30298F3
SET_0FE3554F,MERCH_011,985900,19718,3549,0,0,0,962633,INR,PROCESSED,2026-07-31T08:14:25Z,REF-PAY_0695F2BF
SET_ABF69BEB,MERCH_015,1324000,26480,4766,0,0,0,1292754,INR,PROCESSED,2026-07-22T16:48:57Z,SETTLE-MERCH_015-BULK
SET_77A05DE1,MERCH_032,704600,14092,2536,0,0,0,687972,INR,PROCESSED,2026-08-02T10:03:31Z,REF-PAY_EAFE5180
SET_7DA3A119,MERCH_008,559400,11188,2013,0,0,0,546199,INR,PROCESSED,2026-07-25T12:08:49Z,REF-PAY_F10D8A57
SET_202195F6,MERCH_014,959700,19194,3454,0,0,0,937052,INR,PROCESSED,2026-08-17T07:26:34Z,REF-PAY_C20991F8
SET_A66146A4,MERCH_035,772000,15440,2779,0,0,0,753781,INR,PROCESSED,2026-08-17T14:04:33Z,REF-PAY_92ABAD0F
SET_4DF4D215,MERCH_032,1711800,34236,6162,0,0,0,1671402,INR,PROCESSED,2026-07-25T10:13:01Z,REF-PAY_85C990FD
SET_E21ED95A,MERCH_048,1867900,37358,6724,0,0,0,1823818,INR,PROCESSED,2026-07-05T03:50:53Z,REF-PAY_9DC070B6
SET_92FB6221,MERCH_011,15000000,300000,54000,0,0,0,14646000,INR,PROCESSED,2026-07-05T12:30:02Z,SETTLE-MERCH_011-HV
SET_AF0F2321,MERCH_007,856400,17128,3083,0,0,0,836189,INR,PROCESSED,2026-08-11T23:55:17Z,REF-PAY_4623EF10
SET_DA8B9933,MERCH_011,521400,10428,1877,0,0,0,509095,INR,PROCESSED,2026-07-31T21:08:31Z,REF-PAY_3CDD05D3
SET_9B6DA94F,MERCH_018,1866500,37330,6719,0,0,0,1822451,INR,PROCESSED,2026-08-28T07:54:23Z,SETTLE-MERCH_018-BULK
SET_A9A8CEF6,MERCH_004,527500,10550,1899,0,0,0,515051,INR,PROCESSED,2026-08-31T21:46:01Z,REF-PAY_D699D95C
SET_1594B002,MERCH_030,1478900,29578,5324,0,0,0,1443998,INR,PROCESSED,2026-08-28T09:34:51Z,REF-PAY_B5A905C3
SET_64A0FD1C,MERCH_002,1442300,28846,5192,0,0,0,1408162,INR,PROCESSED,2026-08-30T08:20:14Z,REF-PAY_0B3A186C
SET_3E6A9CE3,MERCH_024,759000,15180,2732,0,0,0,741088,INR,PROCESSED,2026-09-03T01:11:40Z,REF-PAY_CAB4E416
SET_DC61622E,MERCH_002,1783600,35672,6420,0,0,0,1741508,INR,PROCESSED,2026-07-29T09:22:19Z,REF-PAY_E90238A1
SET_3EE8A175,MERCH_004,1245200,24904,4482,0,0,0,1215814,INR,PROCESSED,2026-07-31T01:40:26Z,REF-PAY_AE79C450
SET_2F124FAE,MERCH_019,560600,11212,2018,0,0,0,547370,INR,PROCESSED,2026-08-14T20:13:54Z,REF-PAY_3972E252
SET_66D1F2F7,MERCH_038,1560900,31218,5619,0,0,0,1524063,INR,PROCESSED,2026-07-31T14:06:31Z,REF-PAY_7E607145
SET_5B012FF5,MERCH_018,157100,3142,565,0,0,0,153393,INR,PROCESSED,2026-07-26T03:33:40Z,REF-PAY_EDADB38A
SET_9A710E09,MERCH_040,879300,17586,3165,0,0,0,858549,INR,PROCESSED,2026-08-20T12:11:55Z,REF-PAY_7A776210
SET_4CBB8132,MERCH_018,1008200,20164,3629,0,0,0,984407,INR,PROCESSED,2026-07-21T13:41:03Z,SETTLE-MERCH_018-BULK
SET_B0C79A22,MERCH_002,1917100,38342,6901,0,0,0,1871857,INR,PROCESSED,2026-08-03T10:34:10Z,REF-PAY_9B49A1C5
SET_0E97601F,MERCH_049,66500,1330,239,0,0,0,64931,INR,PROCESSED,2026-07-24T18:30:55Z,REF-PAY_7679C572
SET_37E2FE49,MERCH_005,758400,15168,2730,0,0,0,740502,INR,PROCESSED,2026-07-07T10:09:58Z,REF-PAY_623E517B
SET_DC4A1C24,MERCH_023,286800,5736,1032,0,0,0,279932,INR,PROCESSED,2026-07-14T18:16:40Z,REF-PAY_DE6AE2EE
SET_EFDA91DF,MERCH_020,200800,4016,722,0,0,0,196062,INR,PROCESSED,2026-08-31T00:58:16Z,SETTLE-MERCH_020-BULK
SET_8F2BFBD2,MERCH_025,1221900,24438,4398,0,0,0,1193064,INR,PROCESSED,2026-07-05T18:34:14Z,REF-PAY_EA469746
SET_9FE70EB8,MERCH_031,1046500,20930,3767,0,0,0,1021803,INR,PROCESSED,2026-07-27T00:19:51Z,REF-PAY_0F52555D
SET_CF6C3DA5,MERCH_013,586900,11738,2112,0,0,0,573050,INR,PROCESSED,2026-07-25T04:04:21Z,REF-PAY_3CD4B0A0
SET_EC1A3CC3,MERCH_019,1530300,30606,5509,0,0,0,1494185,INR,PROCESSED,2026-08-22T12:05:48Z,REF-PAY_84427ED9
SET_5D2A5B65,MERCH_037,1189500,23790,4282,0,0,0,1161428,INR,PROCESSED,2026-09-01T10:47:33Z,REF-PAY_EDF6A870
SET_2A5327A0,MERCH_031,1246700,24934,4488,0,0,0,1217278,INR,PROCESSED,2026-07-21T11:48:20Z,REF-PAY_A8A945A2
SET_F50BDCE5,MERCH_018,43200,864,155,0,0,0,42181,INR,PROCESSED,2026-08-17T00:26:58Z,REF-PAY_0708712E
SET_820C6C8C,MERCH_024,707000,14140,2545,0,0,0,690315,INR,PROCESSED,2026-07-04T21:02:32Z,REF-PAY_C719471E
SET_A8D48CEC,MERCH_007,1961000,39220,7059,0,0,0,1914721,INR,PROCESSED,2026-08-18T04:56:32Z,REF-PAY_8CD5E9B9
SET_C6196B99,MERCH_015,426500,8530,1535,0,0,0,416435,INR,PROCESSED,2026-07-23T14:17:51Z,REF-PAY_53A7886A
SET_941FBC54,MERCH_036,1886900,37738,6792,0,0,0,1842370,INR,PROCESSED,2026-07-24T02:20:35Z,REF-PAY_D482DCC9
SET_6C3952D6,MERCH_016,347700,6954,1251,0,0,0,339495,INR,PROCESSED,2026-08-28T17:48:43Z,REF-PAY_D4D79365
SET_A886372A,MERCH_048,90300,1806,325,0,0,0,88169,INR,PROCESSED,2026-08-23T16:29:27Z,REF-PAY_43FA5FE8
SET_5B65A3BA,MERCH_016,1772400,35448,6380,0,0,0,1730572,INR,PROCESSED,2026-08-23T15:38:52Z,REF-PAY_F6B344A4
SET_C2991158,MERCH_034,1541500,30830,5549,0,0,0,1505121,INR,PROCESSED,2026-07-08T08:50:04Z,SETTLE-MERCH_034-BULK
SET_BB173637,MERCH_022,1950400,39008,7021,0,0,0,1904371,INR,PROCESSED,2026-07-29T21:49:23Z,REF-PAY_4550611B
SET_3E620E6C,MERCH_028,51600,1032,185,0,0,0,50383,INR,PROCESSED,2026-07-06T17:50:58Z,REF-PAY_E53DCE75
SET_A8E9A513,MERCH_047,1359200,27184,4893,0,0,0,1327123,INR,PROCESSED,2026-08-24T05:26:30Z,REF-PAY_C327670C
SET_1145B19D,MERCH_013,537600,10752,1935,0,0,0,524813,INR,PROCESSED,2026-07-26T02:27:32Z,REF-PAY_26EB8E64
SET_E570255F,MERCH_007,747300,14946,2690,0,0,0,729664,INR,PROCESSED,2026-07-29T21:35:20Z,REF-PAY_96845583
SET_96B9A9DC,MERCH_038,973500,19470,3504,0,0,0,950526,INR,PROCESSED,2026-07-15T22:05:20Z,REF-PAY_75B5B7D4
SET_B91EAABA,MERCH_009,67700,1354,243,0,0,0,66103,INR,PROCESSED,2026-07-05T13:14:53Z,REF-PAY_D97A0DBA
SET_A8D61AE6,MERCH_041,269500,5390,970,0,0,0,263140,INR,PROCESSED,2026-08-25T16:43:40Z,REF-PAY_6441E527
SET_5201F687,MERCH_029,550100,11002,1980,0,550100,0,-12982,INR,PROCESSED,2026-07-25T02:43:18Z,REF-PAY_8049C24A
SET_AA06A8C2,MERCH_002,1769400,35388,6369,0,0,0,1727643,INR,PROCESSED,2026-07-06T17:50:16Z,REF-PAY_BAD3BA94
SET_883AD56C,MERCH_043,1629200,32584,5865,0,1629200,0,-38449,INR,PROCESSED,2026-08-20T21:54:08Z,REF-PAY_F88D0E27
SET_5B710F16,MERCH_012,706800,14136,2544,0,0,0,690120,INR,PROCESSED,2026-07-12T09:23:56Z,REF-PAY_8111BA54
SET_3BB0ADCF,MERCH_018,900300,18006,3241,0,0,0,879053,INR,PROCESSED,2026-08-09T05:11:30Z,REF-PAY_4B50E38A
SET_934B4632,MERCH_015,657200,13144,2365,0,0,0,641691,INR,PROCESSED,2026-07-28T06:09:55Z,REF-PAY_3E3ADDA0
SET_C735125A,MERCH_034,330100,6602,1188,0,0,0,293510,INR,PROCESSED,2026-08-17T02:21:56Z,REF-PAY_24314225
SET_B7621F30,MERCH_024,872800,17456,3142,0,0,0,852202,INR,PROCESSED,2026-08-13T09:46:40Z,REF-PAY_2EAC03D4
SET_9CB7DA6D,MERCH_004,1759200,35184,6333,0,0,0,1717683,INR,PROCESSED,2026-08-21T05:29:19Z,REF-PAY_4641C468
SET_74228EEE,MERCH_028,275200,5504,990,0,0,0,268706,INR,PROCESSED,2026-08-20T19:48:57Z,REF-PAY_4499FC2A
SET_BCD95E56,MERCH_016,985400,19708,3547,0,0,0,962145,INR,PROCESSED,2026-08-21T12:10:48Z,REF-PAY_27D4F5CF
SET_EEBDA06F,MERCH_024,5500000,110000,19800,0,0,0,5370200,INR,PROCESSED,2026-07-07T01:02:58Z,SETTLE-MERCH_024-HV
SET_1F71F240,MERCH_025,1122500,22450,4041,0,0,0,1096009,INR,PROCESSED,2026-08-01T06:28:13Z,SETTLE-MERCH_025-BULK
SET_3DB2618C,MERCH_011,562400,11248,2024,0,0,0,530528,INR,PROCESSED,2026-08-06T15:23:39Z,REF-PAY_366FF58C
SET_31C83BAE,MERCH_035,1757500,35150,6327,0,1757500,0,-41477,INR,PROCESSED,2026-07-13T12:11:35Z,REF-PAY_B6260009
SET_FB4E79BF,MERCH_039,130800,2616,470,0,130800,0,-3086,INR,PROCESSED,2026-07-24T21:17:48Z,REF-PAY_392A4654
SET_32970C47,MERCH_030,574800,11496,2069,0,0,0,561235,INR,PROCESSED,2026-07-29T09:23:15Z,REF-PAY_EF753C5D
SET_8514308A,MERCH_025,280100,5602,1008,0,0,0,273490,INR,PROCESSED,2026-08-29T06:05:28Z,SETTLE-MERCH_025-BULK
SET_CAEF07F2,MERCH_028,1676400,33528,6035,0,0,0,1610537,INR,PROCESSED,2026-08-11T15:11:02Z,REF-PAY_C536332E
SET_B938C624,MERCH_040,501300,10026,1804,0,0,0,489470,INR,PROCESSED,2026-08-28T18:35:58Z,REF-PAY_18E5C3E5
SET_25B00465,MERCH_028,1622400,32448,5840,0,0,0,1584112,INR,PROCESSED,2026-08-04T06:30:36Z,REF-PAY_CD349474
SET_437F5A21,MERCH_012,1244000,24880,4478,0,0,0,1214642,INR,PROCESSED,2026-07-08T05:40:18Z,REF-PAY_DD574624
SET_AEF843E3,MERCH_027,576900,11538,2076,0,0,0,563286,INR,PROCESSED,2026-07-23T22:41:45Z,REF-PAY_BAAD7DF3
SET_6D026648,MERCH_034,1496700,29934,5388,0,0,0,1461378,INR,PROCESSED,2026-07-16T04:20:41Z,REF-PAY_2C36C3B9
SET_BA23669C,MERCH_001,99000,1980,356,0,0,0,96664,INR,PROCESSED,2026-07-09T12:18:34Z,REF-PAY_F7C264D9
SET_1C3F303B,MERCH_033,1281400,25628,4613,0,0,0,1251159,INR,PROCESSED,2026-08-05T18:40:41Z,REF-PAY_C9C2C426
SET_1CC4BC11,MERCH_012,912100,18242,3283,0,0,0,890575,INR,PROCESSED,2026-08-12T12:38:46Z,REF-PAY_3D146585
SET_890E9F20,MERCH_045,105800,2116,380,0,0,0,103304,INR,PROCESSED,2026-07-08T22:23:34Z,REF-PAY_37A87AF3
SET_4AC9E10B,MERCH_022,1024200,20484,3687,0,0,0,970029,INR,PROCESSED,2026-08-06T06:15:25Z,REF-PAY_94509FE3
SET_E1717047,MERCH_041,963100,19262,3467,0,0,0,940371,INR,PROCESSED,2026-07-27T14:35:15Z,REF-PAY_00578F41
SET_EA619473,MERCH_026,1415800,28316,5096,0,0,0,1369388,INR,PROCESSED,2026-08-02T15:30:58Z,REF-PAY_D5187027
SET_E6CC7244,MERCH_004,1767600,35352,6363,0,0,0,1725885,INR,PROCESSED,2026-07-04T00:02:59Z,REF-PAY_AD07DC7A
SET_D88BC017,MERCH_005,932500,18650,3357,0,0,0,910393,INR,PROCESSED,2026-07-07T06:30:53Z,REF-PAY_1D28AF1F
SET_C6272BEE,MERCH_045,429500,8590,1546,0,0,0,419414,INR,PROCESSED,2026-08-09T03:44:06Z,REF-PAY_C2FC9C49
SET_6A30DC52,MERCH_009,54700,1094,196,0,54700,0,-1290,INR,PROCESSED,2026-08-01T02:03:51Z,REF-PAY_0A168297
SET_878408ED,MERCH_024,1721100,34422,6195,0,0,0,1680533,INR,PROCESSED,2026-07-17T13:06:44Z,REF-PAY_26761C0D
SET_8B6EE296,MERCH_028,1830500,36610,6589,0,0,0,1787301,INR,PROCESSED,2026-08-15T14:09:45Z,REF-PAY_A7947887
SET_20FF5055,MERCH_031,1166100,23322,4197,0,0,0,1138581,INR,PROCESSED,2026-07-04T01:00:14Z,REF-PAY_72EA8C26
SET_FC13FD9D,MERCH_002,1989600,39792,7162,0,0,0,1942696,INR,PROCESSED,2026-07-04T17:41:56Z,REF-PAY_CA1D227C
SET_0ED1AC22,MERCH_011,1569900,31398,5651,0,0,0,1532751,INR,PROCESSED,2026-08-19T06:09:53Z,REF-PAY_B336256D
SET_583C50B7,MERCH_025,1413100,28262,5087,0,0,0,1379651,INR,PROCESSED,2026-09-02T03:40:09Z,REF-PAY_E9F87934
SET_6FFAA73F,MERCH_024,1271200,25424,4576,0,0,0,1241200,INR,PROCESSED,2026-07-20T07:00:57Z,REF-PAY_AC99911C-TYPO
SET_E44B4006,MERCH_020,1801200,36024,6484,0,0,0,1758692,INR,PROCESSED,2026-08-28T02:43:11Z,REF-PAY_147277D6
SET_AFC8003E,MERCH_008,1882800,37656,6778,0,0,0,1838366,INR,PROCESSED,2026-07-12T17:31:47Z,REF-PAY_E901E76A
SET_6FE81010,MERCH_046,521400,10428,1877,0,0,0,509095,INR,PROCESSED,2026-08-21T15:58:07Z,REF-PAY_759AADA0
SET_8A6A6EAC,MERCH_019,1411700,28234,5082,0,0,0,1378384,INR,PROCESSED,2026-07-05T19:54:53Z,REF-PAY_54207940
SET_1D5600FE,MERCH_040,1706000,34120,6141,0,0,0,1665739,INR,PROCESSED,2026-07-07T23:37:03Z,REF-PAY_17D1B874
SET_E384B10C,MERCH_015,798900,15978,2876,0,0,0,780046,INR,PROCESSED,2026-08-25T17:01:11Z,REF-PAY_1F295963
SET_15552D7F,MERCH_017,982700,19654,3537,0,0,0,959509,INR,PROCESSED,2026-08-27T07:40:54Z,REF-PAY_8C63C965
SET_F354AA71,MERCH_027,1963400,39268,7068,0,0,0,1917064,INR,PROCESSED,2026-07-03T18:40:17Z,REF-PAY_F95B3C5B
SET_CEEB3879,MERCH_020,569300,11386,2049,0,0,0,555865,INR,PROCESSED,2026-08-22T16:30:25Z,REF-PAY_1FEEC3A9
SET_5E77A805,MERCH_018,1381500,27630,4973,0,0,0,1348897,INR,PROCESSED,2026-08-12T05:56:17Z,REF-PAY_C013A811
SET_E4B33146,MERCH_022,661400,13228,2381,330700,0,0,315091,INR,PROCESSED,2026-07-30T16:55:48Z,REF-PAY_2CB2CFAD
SET_C6FF6965,MERCH_006,127200,2544,457,0,0,0,124199,INR,PROCESSED,2026-08-04T15:23:40Z,REF-PAY_D57DE1B9
SET_540B9DC2,MERCH_013,1667100,33342,6001,0,0,0,1627757,INR,PROCESSED,2026-08-06T16:18:21Z,REF-PAY_B0721D77
SET_4A98FF6C,MERCH_020,341900,6838,1230,0,0,0,328932,INR,PROCESSED,2026-08-27T16:06:42Z,REF-PAY_57228AEE
SET_058BEE3B,MERCH_010,1685000,33700,6066,842500,0,0,802734,INR,PROCESSED,2026-08-19T21:23:58Z,REF-PAY_384690B7
SET_4ADA4205,MERCH_006,577700,11554,2079,0,0,0,564067,INR,PROCESSED,2026-07-13T22:51:34Z,REF-PAY_F991784B-TYPO
SET_1DE3D6CB,MERCH_044,352700,7054,1269,0,0,0,344377,INR,PROCESSED,2026-07-08T06:21:00Z,REF-PAY_3FA4D10A
SET_A22A2339,MERCH_025,176700,3534,636,0,0,0,172530,INR,PROCESSED,2026-08-19T07:49:45Z,REF-PAY_E384AFC1
SET_2AECB57C,MERCH_045,861200,17224,3100,0,0,0,840876,INR,PROCESSED,2026-08-04T20:19:49Z,REF-PAY_61009723
SET_35FE71CA,MERCH_034,685500,13710,2467,342750,0,0,326573,INR,PROCESSED,2026-07-24T21:42:38Z,REF-PAY_C6123FF8
SET_E8D9CC1A,MERCH_033,1490300,29806,5365,0,0,0,1455129,INR,PROCESSED,2026-08-06T01:10:27Z,REF-PAY_83B66505
SET_CE41DE62,MERCH_013,1592500,31850,5733,0,0,0,1554917,INR,PROCESSED,2026-07-03T08:29:41Z,REF-PAY_E9C616C5
SET_407AA324,MERCH_031,421800,8436,1518,0,0,0,411846,INR,PROCESSED,2026-07-24T02:45:18Z,REF-PAY_3660094F
SET_CA26BCFF,MERCH_049,1136600,22732,4091,0,0,0,1109777,INR,PROCESSED,2026-07-19T14:48:48Z,REF-PAY_CA9026D6
SET_E322DB90,MERCH_048,711500,14230,2561,0,0,0,694709,INR,PROCESSED,2026-07-13T03:10:11Z,REF-PAY_D685D736-TYPO
SET_B67BC4AA,MERCH_009,712400,14248,2564,356200,0,0,339388,INR,PROCESSED,2026-08-10T00:28:30Z,REF-PAY_445DED0E
SET_5B9FD5CE,MERCH_018,1037000,20740,3733,0,0,0,1012527,INR,PROCESSED,2026-07-03T07:19:11Z,REF-PAY_E5D278D4
SET_83D753F6,MERCH_022,101900,2038,366,0,0,0,99496,INR,PROCESSED,2026-08-18T19:27:02Z,REF-PAY_EF4097BF
SET_FAFCEBD3,MERCH_005,399100,7982,1436,199550,0,0,190132,INR,PROCESSED,2026-07-22T20:12:44Z,REF-PAY_E60D998C
SET_8D7EA2C7,MERCH_031,393600,7872,1416,0,0,0,384312,INR,PROCESSED,2026-08-11T03:07:40Z,REF-PAY_C635D5DD
SET_01D45AA1,MERCH_023,658900,13178,2372,0,0,0,643350,INR,PROCESSED,2026-08-21T11:37:40Z,REF-PAY_DE07C9D1
SET_191845E9,MERCH_031,568900,11378,2048,0,0,0,555474,INR,PROCESSED,2026-07-14T02:41:04Z,REF-PAY_5A537EE4
SET_64B119ED,MERCH_003,695600,13912,2504,0,0,0,679184,INR,PROCESSED,2026-08-01T06:32:59Z,REF-PAY_6F89D1B1-TYPO
SET_616400CB,MERCH_035,1261600,25232,4541,0,0,0,1231727,INR,PROCESSED,2026-07-05T02:14:29Z,REF-PAY_A9D318FE
SET_757A8A23,MERCH_045,1782500,35650,6417,0,0,0,1740433,INR,PROCESSED,2026-07-25T22:27:51Z,REF-PAY_936633CB
SET_D114A3F8,MERCH_049,35600,712,128,0,0,0,34760,INR,PROCESSED,2026-08-13T18:44:43Z,REF-PAY_82B33D37
SET_E14B0D22,MERCH_047,1514800,30296,5453,0,0,0,1479051,INR,PROCESSED,2026-08-10T17:09:47Z,REF-PAY_1A42753F
SET_55B7813F,MERCH_026,351600,7032,1265,0,0,0,343303,INR,PROCESSED,2026-08-20T07:03:12Z,REF-PAY_476CD26D
SET_D61789FF,MERCH_037,259400,5188,933,0,0,0,253279,INR,PROCESSED,2026-07-08T18:33:29Z,REF-PAY_7B97F032
SET_FE070771,MERCH_014,1119100,22382,4028,0,0,0,1047290,INR,PROCESSED,2026-08-29T23:51:01Z,REF-PAY_EC1C9ABC
SET_22BC751B,MERCH_011,1820100,36402,6552,0,0,0,1777146,INR,PROCESSED,2026-08-01T16:35:14Z,REF-PAY_F09A1810
SET_3649BA5B,MERCH_036,24300,486,87,0,0,0,23727,INR,PROCESSED,2026-07-27T11:54:40Z,REF-PAY_84A93FB5
SET_1A144E81,MERCH_016,463000,9260,1666,0,0,0,452074,INR,PROCESSED,2026-07-19T05:47:17Z,REF-PAY_6D771450
SET_9AC067CA,MERCH_023,1111400,22228,4001,555700,0,0,529471,INR,PROCESSED,2026-07-17T14:22:12Z,REF-PAY_E5EB89F1
SET_62AE0893,MERCH_013,347200,6944,1249,0,0,0,339007,INR,PROCESSED,2026-07-05T02:14:26Z,REF-PAY_DF1262CA
SET_306DAE67,MERCH_010,511600,10232,1841,0,0,0,499427,INR,PROCESSED,2026-07-28T16:35:50Z,REF-PAY_8438DA34
SET_0D22E156,MERCH_043,63000,1260,226,0,0,0,61514,INR,PROCESSED,2026-07-28T17:43:42Z,REF-PAY_567FCA47
SET_446D3EED,MERCH_010,1711000,34220,6159,0,0,0,1670621,INR,PROCESSED,2026-07-12T00:09:30Z,REF-PAY_A13CADD5
SET_479CCFF8,MERCH_048,60000000,1200000,216000,0,0,0,58584000,INR,PROCESSED,2026-08-20T09:54:02Z,SETTLE-MERCH_048-HV
SET_9E3571E8,MERCH_040,1845000,36900,6642,0,0,0,1801458,INR,PROCESSED,2026-07-08T12:20:15Z,REF-PAY_1AFC058A
SET_1D459C73,MERCH_013,1777900,35558,6400,0,0,0,1735842,INR,PROCESSED,2026-07-08T07:29:22Z,REF-PAY_4C46BABF
SET_A231115F,MERCH_039,1967600,39352,7083,0,0,0,1921165,INR,PROCESSED,2026-08-29T21:59:35Z,REF-PAY_14E2767B
SET_F7481017,MERCH_047,1892600,37852,6813,0,1892600,0,-44665,INR,PROCESSED,2026-07-25T22:47:10Z,REF-PAY_5CDB94EA
SET_EB56EB67,MERCH_020,1284300,25686,4623,0,0,0,1253991,INR,PROCESSED,2026-08-31T17:02:34Z,REF-PAY_6A8B0306
SET_C5C9A076,MERCH_040,1512100,30242,5443,756050,0,0,720365,INR,PROCESSED,2026-08-22T00:35:22Z,REF-PAY_192F4153
SET_E7643485,MERCH_011,1030200,20604,3708,0,0,0,964788,INR,PROCESSED,2026-08-19T22:35:33Z,REF-PAY_AA032CEE
SET_79624BDC,MERCH_003,1982100,39642,7135,0,0,0,1935323,INR,PROCESSED,2026-07-20T15:59:39Z,REF-PAY_61979180
SET_690D02C5,MERCH_045,1879100,37582,6764,0,0,0,1834654,INR,PROCESSED,2026-08-11T15:36:58Z,REF-PAY_DD3F6867
SET_14D61C04,MERCH_038,987600,19752,3555,0,0,0,964293,INR,PROCESSED,2026-08-13T08:20:45Z,REF-PAY_FC4E59BE
SET_BF515D22,MERCH_042,558100,11162,2009,0,0,0,544929,INR,PROCESSED,2026-08-12T20:50:15Z,REF-PAY_91CA1080
SET_07E1ECD5,MERCH_001,662200,13244,2383,331100,0,0,315473,INR,PROCESSED,2026-07-31T00:51:17Z,REF-PAY_5AEDD1E3
SET_4526A58C,MERCH_038,1976900,39538,7116,0,0,0,1930246,INR,PROCESSED,2026-08-12T01:07:29Z,REF-PAY_48C46389
SET_F781F2AD,MERCH_033,809800,16196,2915,0,0,0,790689,INR,PROCESSED,2026-07-26T12:43:58Z,REF-PAY_98FBE8B6
SET_659D6681,MERCH_005,982800,19656,3538,0,0,0,959606,INR,PROCESSED,2026-07-13T20:23:32Z,REF-PAY_A99F9266
SET_66C7A645,MERCH_016,1463900,29278,5270,0,0,0,1429352,INR,PROCESSED,2026-08-13T22:08:06Z,REF-PAY_3D1E79D4
SET_6C1BCB2D,MERCH_042,218400,4368,786,0,0,0,213246,INR,PROCESSED,2026-08-06T13:46:43Z,REF-PAY_7C30B173
SET_D435B55B,MERCH_021,758600,15172,2730,0,0,0,740748,INR,PROCESSED,2026-07-04T05:00:39Z,REF-PAY_5F1EAAC4
SET_541C0166,MERCH_044,1507500,30150,5427,0,0,0,1471823,INR,PROCESSED,2026-08-24T20:44:30Z,REF-PAY_B53D124C
SET_82FFDAA1,MERCH_042,294800,5896,1061,0,294800,0,-6957,INR,PROCESSED,2026-07-25T21:06:18Z,REF-PAY_24A434C5
SET_7FFBF84C,MERCH_022,29800,596,107,0,0,0,29097,INR,PROCESSED,2026-08-14T17:10:30Z,REF-PAY_EFC46042
SET_B1A84D63,MERCH_008,1073200,21464,3863,0,0,0,1047873,INR,PROCESSED,2026-07-21T05:26:55Z,SETTLE-MERCH_008-BULK
SET_FF6B4457,MERCH_018,539000,10780,1940,0,0,0,526280,INR,PROCESSED,2026-07-30T03:45:43Z,REF-PAY_D00255CB
SET_DF7C3732,MERCH_033,1165200,23304,4194,0,0,0,1137702,INR,PROCESSED,2026-08-24T13:06:03Z,REF-PAY_CB1341EE
SET_74A6EFCC,MERCH_021,1564700,31294,5632,0,0,0,1527824,INR,PROCESSED,2026-08-09T23:26:38Z,REF-PAY_EDA51D61
SET_A5A76C1C,MERCH_031,149700,2994,538,0,0,0,146168,INR,PROCESSED,2026-08-15T13:00:00Z,REF-PAY_1D135C11
SET_091F8C31,MERCH_039,30000000,600000,108000,0,0,0,29292000,INR,PROCESSED,2026-08-10T22:11:58Z,SETTLE-MERCH_039-HV
SET_DF4D3C7B,MERCH_040,401400,8028,1445,0,0,0,391927,INR,PROCESSED,2026-09-02T09:54:26Z,SETTLE-MERCH_040-BULK
SET_6C4E6450,MERCH_043,1406700,28134,5064,0,0,0,1373502,INR,PROCESSED,2026-09-05T00:43:49Z,REF-PAY_D7CC9FA4
SET_59A3820A,MERCH_045,374000,7480,1346,0,0,0,365174,INR,PROCESSED,2026-08-27T06:35:57Z,REF-PAY_EB1FAE9C
SET_C34D44FC,MERCH_002,1867900,37358,6724,933950,0,0,889868,INR,PROCESSED,2026-08-23T17:58:26Z,REF-PAY_37FD6F5F
SET_0D93EC53,MERCH_046,1208800,24176,4351,604400,0,0,575873,INR,PROCESSED,2026-07-20T06:32:39Z,REF-PAY_7ECB34BE
SET_BA61B487,MERCH_007,365100,7302,1314,0,0,0,356484,INR,PROCESSED,2026-08-08T01:22:42Z,REF-PAY_AF7C4B7A
SET_9898B6E9,MERCH_032,1630200,32604,5868,0,0,0,1591728,INR,PROCESSED,2026-08-19T10:26:05Z,REF-PAY_B8AA3A86
SET_1245C799,MERCH_042,1468500,29370,5286,734250,0,0,699594,INR,PROCESSED,2026-08-10T20:15:31Z,REF-PAY_6DA184C8
SET_4519564C,MERCH_010,639800,12796,2303,0,0,0,624701,INR,PROCESSED,2026-07-13T16:25:31Z,REF-PAY_62432EF5
SET_EF031F98,MERCH_016,488400,9768,1758,0,0,0,476874,INR,PROCESSED,2026-07-06T02:56:46Z,SETTLE-MERCH_016-BULK
SET_9C859B69,MERCH_044,1801800,36036,6486,0,0,0,1759328,INR,PROCESSED,2026-07-27T05:09:47Z,REF-PAY_DF1C1502
SET_87197380,MERCH_010,585400,11708,2107,0,0,0,571585,INR,PROCESSED,2026-07-14T04:00:02Z,REF-PAY_B23C2021-TYPO
SET_D5179789,MERCH_038,683500,13670,2460,0,0,0,667370,INR,PROCESSED,2026-08-26T20:02:10Z,REF-PAY_F4875AF6-TYPO
SET_E00F0EEE,MERCH_025,352900,7058,1270,0,352900,0,-8328,INR,PROCESSED,2026-08-20T03:21:40Z,REF-PAY_153DC3F7
SET_791AE98E,MERCH_028,1347900,26958,4852,0,0,0,1316090,INR,PROCESSED,2026-08-31T17:07:58Z,REF-PAY_BE72A924
SET_D6E754E1,MERCH_045,1756900,35138,6324,0,0,0,1715438,INR,PROCESSED,2026-08-29T00:57:35Z,REF-PAY_895D4813
SET_527E8F2E,MERCH_010,1359100,27182,4892,0,0,0,1327026,INR,PROCESSED,2026-07-22T23:09:43Z,REF-PAY_22039EEE
SET_AE04A2AC,MERCH_025,1202000,24040,4327,0,0,0,1173533,INR,PROCESSED,2026-08-11T22:04:47Z,REF-PAY_45CBD4B3
SET_DCC01C4B,MERCH_031,1659600,33192,5974,0,0,0,1620434,INR,PROCESSED,2026-09-02T03:32:22Z,REF-PAY_6D900469
SET_49EAC5F0,MERCH_042,1096200,21924,3946,0,0,0,1070380,INR,PROCESSED,2026-08-14T22:36:06Z,REF-PAY_AAB4C3C1
SET_D218F97D,MERCH_012,77200,1544,277,0,0,0,75379,INR,PROCESSED,2026-07-20T06:35:42Z,REF-PAY_B5D53135
SET_4CD12A4C,MERCH_012,508300,10166,1829,0,0,0,496305,INR,PROCESSED,2026-08-06T21:43:36Z,REF-PAY_B2195326
SET_81F2627F,MERCH_030,371600,7432,1337,0,371600,0,-8769,INR,PROCESSED,2026-08-17T05:45:40Z,REF-PAY_8B7E68E2
SET_55483D32,MERCH_018,1481000,29620,5331,0,0,0,1446049,INR,PROCESSED,2026-07-15T17:29:23Z,REF-PAY_465644EC
SET_A9E11838,MERCH_007,1197600,23952,4311,0,0,0,1169337,INR,PROCESSED,2026-08-08T18:27:04Z,REF-PAY_8A2CD53F
SET_871C9AED,MERCH_004,1535400,30708,5527,0,0,0,1499165,INR,PROCESSED,2026-07-27T15:02:45Z,REF-PAY_4FA026F6
SET_AB6C40D7,MERCH_010,834600,16692,3004,0,0,0,814804,INR,PROCESSED,2026-07-21T09:33:17Z,REF-PAY_26D5C7BF
SET_ADE6C8F2,MERCH_037,1592400,31848,5732,0,0,0,1554820,INR,PROCESSED,2026-09-03T23:59:13Z,REF-PAY_5C1A71E4
SET_F18547F7,MERCH_045,624200,12484,2247,0,0,0,609469,INR,PROCESSED,2026-08-31T15:57:09Z,REF-PAY_DE3DD240
SET_3F93A883,MERCH_006,1228400,24568,4422,0,0,0,1199410,INR,PROCESSED,2026-08-06T04:00:51Z,REF-PAY_6B006ECF
SET_FAE0AA79,MERCH_004,1714400,34288,6171,0,0,0,1673941,INR,PROCESSED,2026-08-28T02:50:48Z,SETTLE-MERCH_004-BULK
SET_C452DC4D,MERCH_016,696600,13932,2507,0,0,0,680161,INR,PROCESSED,2026-08-13T12:30:58Z,REF-PAY_871C319C
SET_35E990EF,MERCH_020,672100,13442,2419,0,0,0,656239,INR,PROCESSED,2026-07-11T12:26:26Z,REF-PAY_D3B828F5
SET_468CD231,MERCH_044,1547600,30952,5571,0,0,0,1511077,INR,PROCESSED,2026-08-17T16:54:41Z,REF-PAY_F7324F15
SET_E29726CC,MERCH_041,425500,8510,1531,0,0,0,415459,INR,PROCESSED,2026-08-27T09:46:06Z,REF-PAY_9C14FE6E
SET_BC33553C,MERCH_032,342800,6856,1234,0,0,0,334710,INR,PROCESSED,2026-08-19T14:45:40Z,REF-PAY_21AA3F20
SET_C3265C61,MERCH_047,1211500,24230,4361,0,0,0,1182909,INR,PROCESSED,2026-07-11T01:16:24Z,REF-PAY_1B8A68EA
SET_0D5F7E26,MERCH_030,1012800,20256,3646,0,0,0,988898,INR,PROCESSED,2026-08-19T09:55:39Z,REF-PAY_6B1D6835
SET_D2D4212E,MERCH_024,1930900,38618,6951,0,0,0,1885331,INR,PROCESSED,2026-07-03T02:17:03Z,REF-PAY_91CDE31F
SET_4D594FFF,MERCH_023,711000,14220,2559,0,0,0,694121,INR,PROCESSED,2026-08-15T20:03:27Z,REF-PAY_CA5BF5AB
SET_4E6FDE7A,MERCH_030,396400,7928,1427,0,396400,0,-9355,INR,PROCESSED,2026-07-17T03:28:50Z,REF-PAY_600F9A34
SET_208BFF27,MERCH_028,1070900,21418,3855,0,0,0,1045627,INR,PROCESSED,2026-09-03T01:48:54Z,REF-PAY_E6C15681
SET_1D8C52A4,MERCH_038,1731600,34632,6233,0,0,0,1690735,INR,PROCESSED,2026-08-12T13:10:30Z,REF-PAY_944733C5
SET_C71F2DE8,MERCH_044,124700,2494,448,0,0,0,121758,INR,PROCESSED,2026-07-24T14:11:42Z,REF-PAY_FCCC24B1-TYPO
SET_3165BD78,MERCH_047,1853300,37066,6671,0,0,0,1809563,INR,PROCESSED,2026-08-08T01:26:19Z,REF-PAY_27D4F00C
SET_CCC3A110,MERCH_007,1438600,28772,5178,0,0,0,1404550,INR,PROCESSED,2026-08-05T10:13:52Z,REF-PAY_991FEAF0
SET_F5B825DB,MERCH_041,713200,14264,2567,0,0,0,696369,INR,PROCESSED,2026-08-13T19:41:44Z,REF-PAY_2FA695D5
SET_669618E1,MERCH_035,15000000,300000,54000,0,0,0,14646000,INR,PROCESSED,2026-07-30T08:16:02Z,SETTLE-MERCH_035-HV
SET_5038390E,MERCH_023,1435200,28704,5166,0,0,0,1401330,INR,PROCESSED,2026-07-06T13:40:58Z,REF-PAY_AFE8814D
SET_1C970222,MERCH_007,917300,18346,3302,0,0,0,895652,INR,PROCESSED,2026-07-22T21:07:49Z,REF-PAY_0F8EB1AA
SET_1F82F171,MERCH_031,1728400,34568,6222,0,0,0,1687510,INR,PROCESSED,2026-07-24T03:29:11Z,REF-PAY_F889FB17
SET_6FB07E26,MERCH_029,1752900,35058,6310,0,0,0,1711532,INR,PROCESSED,2026-07-12T15:24:40Z,REF-PAY_2FD50A62
SET_34F8FE50,MERCH_044,1422400,28448,5120,0,0,0,1388832,INR,PROCESSED,2026-07-13T00:11:21Z,REF-PAY_F893FB89
SET_08076950,MERCH_006,889800,17796,3203,0,0,0,868801,INR,PROCESSED,2026-08-01T04:43:37Z,REF-PAY_F9C525C1
SET_A145CC99,MERCH_035,753000,15060,2710,0,0,0,735230,INR,PROCESSED,2026-08-23T16:40:51Z,REF-PAY_2ECE6922
SET_B14CDC97,MERCH_016,1106900,22138,3984,0,0,0,1080778,INR,PROCESSED,2026-09-02T20:22:54Z,REF-PAY_D45207B9
SET_A7F31324,MERCH_014,455600,9112,1640,0,0,0,444848,INR,PROCESSED,2026-08-01T19:16:17Z,REF-PAY_B2F2EDE0
SET_FB1D8FC2,MERCH_022,553900,11078,1994,276950,0,0,263878,INR,PROCESSED,2026-07-08T19:10:30Z,REF-PAY_D3AE2B50
SET_F364BEA6,MERCH_025,1633700,32674,5881,0,0,0,1595145,INR,PROCESSED,2026-07-25T00:51:49Z,REF-PAY_96643797
SET_28597844,MERCH_004,1394700,27894,5020,0,0,0,1361786,INR,PROCESSED,2026-07-11T01:55:50Z,SETTLE-MERCH_004-BULK
SET_4AE79732,MERCH_002,891900,17838,3210,0,0,0,870852,INR,PROCESSED,2026-09-03T07:59:30Z,REF-PAY_EF80CD9E
SET_15E1CB9A,MERCH_002,1010700,20214,3638,0,0,0,986848,INR,PROCESSED,2026-07-18T07:00:22Z,REF-PAY_DA628A58
SET_D439CD25,MERCH_011,1851100,37022,6663,0,0,0,1807415,INR,PROCESSED,2026-08-13T18:19:46Z,REF-PAY_90712978
SET_E048776C,MERCH_001,887400,17748,3194,0,0,0,866358,INR,PROCESSED,2026-09-01T17:12:14Z,REF-PAY_5B3D07BB
SET_5DC1AAE6,MERCH_027,386800,7736,1392,0,0,0,377672,INR,PROCESSED,2026-07-14T13:56:39Z,REF-PAY_6A1455B0
SET_83771C48,MERCH_032,1318700,26374,4747,0,0,0,1287579,INR,PROCESSED,2026-07-09T01:50:22Z,REF-PAY_177C6BBE
SET_15BDBA7C,MERCH_018,436200,8724,1570,0,0,0,425906,INR,PROCESSED,2026-07-16T01:46:34Z,REF-PAY_2E4356B0
SET_7A4AB727,MERCH_017,164200,3284,591,0,0,0,160325,INR,PROCESSED,2026-08-28T07:36:49Z,REF-PAY_C8ACDC6D
SET_283CDFE1,MERCH_005,1664900,33298,5993,0,0,0,1625609,INR,PROCESSED,2026-07-15T10:37:47Z,REF-PAY_AE6BFB67
SET_AE97FA7D,MERCH_004,1835800,36716,6608,0,0,0,1792476,INR,PROCESSED,2026-08-14T15:42:03Z,REF-PAY_F45D162B
SET_8AEC2271,MERCH_033,1430300,28606,5149,0,0,0,1396545,INR,PROCESSED,2026-08-23T11:35:02Z,REF-PAY_1E00C9D1-TYPO
SET_AED527BA,MERCH_004,545200,10904,1962,0,0,0,532234,INR,PROCESSED,2026-07-16T05:23:47Z,REF-PAY_634C7FAE
SET_59940834,MERCH_018,610400,12208,2197,0,0,0,595995,INR,PROCESSED,2026-08-11T17:21:07Z,SETTLE-MERCH_018-BULK
SET_C81FDC77,MERCH_034,181700,3634,654,0,0,0,177462,INR,PROCESSED,2026-07-06T11:00:42Z,REF-PAY_D41E73C5
SET_7D166EDF,MERCH_029,240100,4802,864,0,0,0,234434,INR,PROCESSED,2026-07-27T12:30:12Z,REF-PAY_43F9D771
SET_E350A777,MERCH_046,581600,11632,2093,0,0,0,567925,INR,PROCESSED,2026-08-05T08:13:15Z,REF-PAY_EA6AB58D
SET_7172275E,MERCH_038,1438100,28762,5177,0,0,0,1404161,INR,PROCESSED,2026-07-05T20:05:01Z,REF-PAY_6A80A59E
SET_117C604C,MERCH_001,1006600,20132,3623,0,0,0,982845,INR,PROCESSED,2026-07-07T02:07:53Z,REF-PAY_FE8E6058
SET_44260478,MERCH_034,91500,1830,329,0,0,0,89341,INR,PROCESSED,2026-07-22T00:16:40Z,REF-PAY_578B5ECB
SET_99CB5F06,MERCH_015,1707200,34144,6145,0,1707200,0,-40289,INR,PROCESSED,2026-07-30T22:52:36Z,REF-PAY_50129DA4
SET_CD75AE15,MERCH_024,1183300,23666,4259,591650,0,0,563725,INR,PROCESSED,2026-07-30T11:11:24Z,REF-PAY_86315469
SET_732EAAC3,MERCH_017,1128000,22560,4060,0,1128000,0,-26620,INR,PROCESSED,2026-07-04T18:25:32Z,REF-PAY_D5939A88
SET_A33EEE85,MERCH_027,1585500,31710,5707,0,1585500,0,-37417,INR,PROCESSED,2026-08-02T21:06:47Z,REF-PAY_0ABE5F3B
SET_11179896,MERCH_021,964100,19282,3470,0,0,0,941348,INR,PROCESSED,2026-08-14T09:55:18Z,REF-PAY_A7BE53B4
SET_1EC24509,MERCH_001,810900,16218,2919,0,0,0,791763,INR,PROCESSED,2026-08-06T05:59:13Z,REF-PAY_70D4FDB6
SET_3A03D881,MERCH_026,896200,17924,3226,0,0,0,875050,INR,PROCESSED,2026-08-18T09:52:52Z,REF-PAY_A320D6C3
SET_70A3797E,MERCH_030,707600,14152,2547,0,0,0,690901,INR,PROCESSED,2026-08-31T01:53:43Z,REF-PAY_F53C909C
SET_38C11692,MERCH_021,761000,15220,2739,0,0,0,743041,INR,PROCESSED,2026-08-12T05:37:28Z,REF-PAY_A603EFC7
SET_B57A0E7B,MERCH_017,1511500,30230,5441,0,1511500,0,-35671,INR,PROCESSED,2026-08-03T11:04:53Z,REF-PAY_E608F7BC
SET_54F26EAF,MERCH_022,1279300,25586,4605,0,0,0,1249109,INR,PROCESSED,2026-08-08T03:26:08Z,REF-PAY_5E9F1B0E
SET_B43ECAB1,MERCH_024,50600,1012,182,0,0,0,21806,INR,PROCESSED,2026-08-14T09:35:08Z,REF-PAY_46B2F129
SET_21A25D66,MERCH_029,272900,5458,982,0,0,0,266460,INR,PROCESSED,2026-08-02T00:26:58Z,REF-PAY_E2B46116
SET_FF14DF3F,MERCH_036,1425400,28508,5131,0,0,0,1391761,INR,PROCESSED,2026-08-19T11:37:06Z,REF-PAY_CB74F3A6
SET_48036FFA,MERCH_006,1822900,36458,6562,0,0,0,1779930,INR,PROCESSED,2026-07-05T21:18:35Z,REF-PAY_18368429
SET_80BB3538,MERCH_002,398600,7972,1434,0,0,0,389094,INR,PROCESSED,2026-07-08T02:40:05Z,REF-PAY_4FE0DA87
SET_803C5BA5,MERCH_004,1107500,22150,3987,0,0,0,1081363,INR,PROCESSED,2026-07-29T06:51:56Z,REF-PAY_EE96B6DC
SET_9222432D,MERCH_014,1789400,35788,6441,0,1789400,0,-42229,INR,PROCESSED,2026-08-06T01:37:43Z,REF-PAY_F0621320
SET_F4BC3E12,MERCH_016,1735400,34708,6247,0,0,0,1694445,INR,PROCESSED,2026-07-18T19:56:00Z,REF-PAY_9507A27A
SET_47D0D057,MERCH_042,1051800,21036,3786,0,0,0,1026978,INR,PROCESSED,2026-08-01T19:02:04Z,REF-PAY_9E56E179
SET_E61E1EDA,MERCH_046,283800,5676,1021,141900,0,0,135203,INR,PROCESSED,2026-07-19T00:11:45Z,REF-PAY_C7CB7C3C
SET_8289D084,MERCH_024,592700,11854,2133,0,0,0,578713,INR,PROCESSED,2026-07-12T02:40:58Z,REF-PAY_1F25CAD9
SET_00F11E1F,MERCH_012,1019200,20384,3669,0,0,0,995147,INR,PROCESSED,2026-07-08T05:04:38Z,REF-PAY_301DEEC8
SET_419AEF3A,MERCH_017,254900,5098,917,0,0,0,248885,INR,PROCESSED,2026-08-28T19:32:55Z,REF-PAY_4B37D473
SET_9635D273,MERCH_011,657300,13146,2366,0,657300,0,-15512,INR,PROCESSED,2026-08-29T20:01:32Z,REF-PAY_685C5156
SET_B226AF8B,MERCH_018,1598800,31976,5755,799400,0,0,761669,INR,PROCESSED,2026-07-04T03:03:20Z,REF-PAY_52E85747
SET_CA06402F,MERCH_045,226300,4526,814,0,0,0,220960,INR,PROCESSED,2026-07-08T14:31:32Z,REF-PAY_E5408A78
SET_8ABFCC54,MERCH_040,1027200,20544,3697,0,0,0,1002959,INR,PROCESSED,2026-07-30T20:45:25Z,REF-PAY_5F7D2D13
SET_2B903162,MERCH_034,1008800,20176,3631,0,0,0,984993,INR,PROCESSED,2026-07-23T02:40:03Z,REF-PAY_76212ACB
SET_2786B63A,MERCH_006,738200,14764,2657,0,0,0,720779,INR,PROCESSED,2026-08-30T09:19:43Z,REF-PAY_A04E8E23
SET_B230FB46,MERCH_036,1973300,39466,7103,0,0,0,1926731,INR,PROCESSED,2026-08-05T17:28:22Z,REF-PAY_AFD0E891
SET_61F50A4C,MERCH_002,1333200,26664,4799,0,0,0,1301737,INR,PROCESSED,2026-08-08T00:19:59Z,REF-PAY_74C8F9A5
SET_2188E3D7,MERCH_016,1629700,32594,5866,0,0,0,1591240,INR,PROCESSED,2026-07-31T14:34:01Z,REF-PAY_214E43EF
SET_4979E146,MERCH_037,1036000,20720,3729,0,0,0,1011551,INR,PROCESSED,2026-08-19T23:18:38Z,REF-PAY_B5E40B2A
SET_1E226520,MERCH_009,1118300,22366,4025,0,0,0,1091909,INR,PROCESSED,2026-08-09T13:04:00Z,REF-PAY_0C47A434
SET_571A0AF9,MERCH_043,1007600,20152,3627,0,0,0,983821,INR,PROCESSED,2026-08-22T19:40:27Z,REF-PAY_6F590938
SET_995F0C8C,MERCH_041,1389900,27798,5003,0,0,0,1357099,INR,PROCESSED,2026-08-22T18:44:51Z,REF-PAY_E2EB4CBA
SET_68F50CFA,MERCH_041,30000000,600000,108000,0,0,0,29292000,INR,PROCESSED,2026-07-18T07:03:19Z,SETTLE-MERCH_041-HV
SET_4B582119,MERCH_015,654200,13084,2355,0,654200,0,-15439,INR,PROCESSED,2026-07-25T02:26:35Z,REF-PAY_88A4A00D
SET_7177F202,MERCH_037,1718600,34372,6186,0,0,0,1678042,INR,PROCESSED,2026-08-13T23:42:05Z,SETTLE-MERCH_037-BULK
SET_2F28C075,MERCH_025,915000,18300,3294,0,915000,0,-21594,INR,PROCESSED,2026-08-21T23:45:17Z,REF-PAY_D0631190
SET_A795C739,MERCH_036,370000,7400,1332,0,0,0,361268,INR,PROCESSED,2026-08-16T11:26:43Z,REF-PAY_7620EA21
SET_86EF4AC4,MERCH_047,648500,12970,2334,0,0,0,633196,INR,PROCESSED,2026-08-12T12:37:57Z,REF-PAY_9EF8E1AA
SET_8F69A9F6,MERCH_034,501500,10030,1805,0,0,0,489665,INR,PROCESSED,2026-07-15T07:32:16Z,REF-PAY_327CC5C8
SET_9F505A7E,MERCH_007,1445700,28914,5204,722850,0,0,688732,INR,PROCESSED,2026-08-19T10:46:07Z,REF-PAY_4CFC9716
SET_54E1DDDD,MERCH_031,30000000,600000,108000,0,0,0,29292000,INR,PROCESSED,2026-08-08T00:08:21Z,SETTLE-MERCH_031-HV
SET_6B97C280,MERCH_037,1949400,38988,7017,0,0,0,1903395,INR,PROCESSED,2026-08-01T03:55:58Z,REF-PAY_B18808E7
SET_79666DF1,MERCH_039,830900,16618,2991,0,0,0,811341,INR,PROCESSED,2026-09-03T05:32:25Z,REF-PAY_FFF3C3F3
SET_3D0F8175,MERCH_034,1890500,37810,6805,0,0,0,1845885,INR,PROCESSED,2026-07-03T16:04:44Z,REF-PAY_D142E8D8
SET_53005AE6,MERCH_018,138100,2762,497,0,0,0,134841,INR,PROCESSED,2026-07-21T05:56:44Z,REF-PAY_C36FBD0A
SET_1D72277B,MERCH_040,1370000,27400,4932,685000,0,0,652668,INR,PROCESSED,2026-07-27T15:56:31Z,REF-PAY_62BE97F1
SET_1B757EAB,MERCH_012,468900,9378,1688,0,0,0,457834,INR,PROCESSED,2026-07-08T15:03:40Z,REF-PAY_949EB383
SET_BAC68243,MERCH_019,1004500,20090,3616,0,0,0,980844,INR,PROCESSED,2026-07-25T11:59:30Z,REF-PAY_C81C830D
SET_1E5B1609,MERCH_043,1717800,34356,6184,0,0,0,1677260,INR,PROCESSED,2026-08-08T07:55:49Z,REF-PAY_348F79B3
SET_0DAF6C3E,MERCH_046,175700,3514,632,0,0,0,171554,INR,PROCESSED,2026-07-11T06:02:33Z,REF-PAY_BB39E7AA
SET_84B3DEE2,MERCH_029,1804900,36098,6497,0,0,0,1762305,INR,PROCESSED,2026-08-12T07:55:55Z,REF-PAY_9CC8FC2D-TYPO
SET_9BADE725,MERCH_020,806100,16122,2901,0,0,0,787077,INR,PROCESSED,2026-08-09T13:03:21Z,REF-PAY_88F14A6B
SET_208FC241,MERCH_002,1445400,28908,5203,0,0,0,1411289,INR,PROCESSED,2026-07-12T20:10:58Z,REF-PAY_6690317F
SET_ECDA3420,MERCH_018,1380200,27604,4968,0,0,0,1347628,INR,PROCESSED,2026-09-01T01:39:50Z,REF-PAY_4766A878
SET_4D34B81A,MERCH_012,648900,12978,2336,0,0,0,633586,INR,PROCESSED,2026-07-18T10:33:36Z,REF-PAY_166C7DF1
SET_B161727D,MERCH_048,1579600,31592,5686,0,0,0,1542322,INR,PROCESSED,2026-09-01T01:44:38Z,REF-PAY_644B9A6B
SET_02F6916C,MERCH_033,222000,4440,799,0,0,0,216761,INR,PROCESSED,2026-07-24T08:45:13Z,REF-PAY_349B400A
SET_88516B9C,MERCH_036,176700,3534,636,0,0,0,172580,INR,PROCESSED,2026-07-20T14:47:09Z,REF-PAY_1D7902CD
SET_D22363A2,MERCH_047,1829700,36594,6586,0,0,0,1786520,INR,PROCESSED,2026-07-15T20:23:11Z,REF-PAY_7A8A341E
SET_18ACFAD9,MERCH_008,416900,8338,1500,0,0,0,407062,INR,PROCESSED,2026-08-28T22:57:32Z,REF-PAY_81BD824E
SET_AD54E175,MERCH_031,66600,1332,239,0,0,0,65029,INR,PROCESSED,2026-08-16T10:25:35Z,REF-PAY_C8E04D8A
SET_66EBE13B,MERCH_023,398300,7966,1433,0,0,0,388901,INR,PROCESSED,2026-08-13T11:01:51Z,REF-PAY_0D0B3186
SET_C0263B53,MERCH_016,1927500,38550,6939,0,0,0,1882011,INR,PROCESSED,2026-07-11T20:53:26Z,REF-PAY_64AC2F76
SET_4731D66C,MERCH_022,626200,12524,2254,0,0,0,611422,INR,PROCESSED,2026-07-22T01:11:15Z,REF-PAY_746410DB
SET_974D994E,MERCH_013,1421100,28422,5115,0,0,0,1367863,INR,PROCESSED,2026-07-30T06:22:19Z,REF-PAY_4F031291
SET_FEA4F0EE,MERCH_025,403500,8070,1452,0,0,0,393978,INR,PROCESSED,2026-08-10T02:52:30Z,REF-PAY_A72AB3FD
SET_68912435,MERCH_027,636300,12726,2290,0,0,0,621284,INR,PROCESSED,2026-08-06T16:55:10Z,REF-PAY_8C032054-TYPO
SET_3ED24FEF,MERCH_031,224800,4496,809,0,0,0,219495,INR,PROCESSED,2026-08-20T21:55:17Z,REF-PAY_BCC0802D
SET_B0779123,MERCH_033,1101800,22036,3966,0,0,0,1075798,INR,PROCESSED,2026-08-08T19:07:52Z,REF-PAY_3080E00F
SET_2EE4438E,MERCH_042,795700,15914,2864,0,0,0,736922,INR,PROCESSED,2026-07-22T05:33:33Z,REF-PAY_96A6F927
SET_E63365D7,MERCH_024,377600,7552,1359,0,0,0,368689,INR,PROCESSED,2026-08-24T03:11:01Z,REF-PAY_867F7520
SET_AF70AF70,MERCH_010,60000000,1200000,216000,0,0,0,58584000,INR,PROCESSED,2026-08-07T08:40:03Z,SETTLE-MERCH_010-HV
SET_F76FAA71,MERCH_044,721900,14438,2598,0,0,0,704864,INR,PROCESSED,2026-07-11T03:17:22Z,REF-PAY_49220038
SET_2F64D9EA,MERCH_003,1928500,38570,6942,0,0,0,1882988,INR,PROCESSED,2026-08-15T00:40:50Z,REF-PAY_DC97B299
SET_187D8D1C,MERCH_005,1152700,23054,4149,0,0,0,1125497,INR,PROCESSED,2026-07-03T20:51:50Z,REF-PAY_613BEF4D
SET_A1A90409,MERCH_048,911400,18228,3281,0,0,0,889891,INR,PROCESSED,2026-08-20T20:28:10Z,REF-PAY_0DC03C4C
SET_7B473B12,MERCH_036,1717600,34352,6183,0,0,0,1677115,INR,PROCESSED,2026-08-14T09:47:32Z,REF-PAY_35629056
SET_0864F9AD,MERCH_019,174800,3496,629,0,0,0,170675,INR,PROCESSED,2026-08-05T07:08:45Z,REF-PAY_D8374BB9
SET_99922EA8,MERCH_008,1908700,38174,6871,0,0,0,1863655,INR,PROCESSED,2026-07-26T23:45:49Z,REF-PAY_7505C1A8
SET_4997EADC,MERCH_028,281500,5630,1013,140750,0,0,134107,INR,PROCESSED,2026-08-19T02:34:15Z,REF-PAY_B22F525F
SET_7D1B04B2,MERCH_014,1900200,38004,6840,0,0,0,1855356,INR,PROCESSED,2026-07-29T15:52:17Z,REF-PAY_D7DCA115
SET_B34DD54B,MERCH_027,1134500,22690,4084,0,0,0,1107726,INR,PROCESSED,2026-07-19T07:16:53Z,REF-PAY_164A7D4D
SET_1374B3BA,MERCH_006,320100,6402,1152,0,0,0,312546,INR,PROCESSED,2026-09-03T04:23:03Z,REF-PAY_2687FAE1-TYPO
SET_EA8101DB,MERCH_005,1597500,31950,5751,0,0,0,1559799,INR,PROCESSED,2026-08-03T08:00:22Z,REF-PAY_8509D2FE
SET_A6B6B412,MERCH_034,1448600,28972,5214,0,0,0,1414414,INR,PROCESSED,2026-08-24T21:00:28Z,REF-PAY_8A6EA470
SET_1CA0B8E0,MERCH_034,1109000,22180,3992,0,0,0,1082828,INR,PROCESSED,2026-08-22T19:41:21Z,REF-PAY_93734506
SET_AEB62EE0,MERCH_001,1950000,39000,7020,0,0,0,1903980,INR,PROCESSED,2026-08-02T09:15:50Z,REF-PAY_12903B86
SET_45C7CA47,MERCH_042,1243600,24872,4476,0,0,0,1214252,INR,PROCESSED,2026-08-26T15:30:03Z,REF-PAY_D8A450C2
SET_81DB1ACC,MERCH_032,894800,17896,3221,0,0,0,873583,INR,PROCESSED,2026-07-07T22:19:28Z,REF-PAY_557DCAC5
SET_DB369C5A,MERCH_035,770600,15412,2774,0,0,0,752314,INR,PROCESSED,2026-08-12T22:24:23Z,REF-PAY_EF022C97
SET_C802BA43,MERCH_004,60000000,1200000,216000,0,0,0,58584000,INR,PROCESSED,2026-08-02T21:53:00Z,SETTLE-MERCH_004-HV
SET_2B3AEF5D,MERCH_035,549300,10986,1977,0,0,0,536337,INR,PROCESSED,2026-08-13T07:54:13Z,REF-PAY_19FA309D
SET_676DBB3E,MERCH_029,1529100,30582,5504,0,1529100,0,-36086,INR,PROCESSED,2026-08-17T03:30:33Z,REF-PAY_CAFCE795
SET_261AD676,MERCH_004,1776200,35524,6394,0,0,0,1734282,INR,PROCESSED,2026-07-30T12:59:20Z,SETTLE-MERCH_004-BULK
SET_DFF6BE17,MERCH_039,83100,1662,299,0,0,0,81139,INR,PROCESSED,2026-07-14T04:57:19Z,SETTLE-MERCH_039-BULK
SET_695D6EE7,MERCH_027,1965200,39304,7074,0,1965200,0,-46378,INR,PROCESSED,2026-08-12T23:44:15Z,REF-PAY_7B89A30C
SET_4B3643A4,MERCH_021,1427800,28556,5140,0,0,0,1394104,INR,PROCESSED,2026-07-12T17:03:59Z,REF-PAY_D205A2B1
SET_F5572596,MERCH_006,1846900,36938,6648,0,0,0,1803314,INR,PROCESSED,2026-07-26T07:24:49Z,REF-PAY_707E9FD1
SET_61EE88B2,MERCH_038,318200,6364,1145,0,0,0,310691,INR,PROCESSED,2026-08-04T06:25:04Z,REF-PAY_C473FE5C
SET_676F082F,MERCH_003,1752500,35050,6309,0,0,0,1711141,INR,PROCESSED,2026-08-30T02:30:29Z,REF-PAY_B7C79FFF
SET_8A704EE6,MERCH_020,1670200,33404,6012,0,0,0,1630784,INR,PROCESSED,2026-07-05T10:44:51Z,REF-PAY_8859B9AB
SET_E18C0142,MERCH_003,1808900,36178,6512,0,0,0,1766210,INR,PROCESSED,2026-07-10T05:11:22Z,REF-PAY_41A61892
SET_44707E2C,MERCH_046,764100,15282,2750,0,0,0,746068,INR,PROCESSED,2026-09-02T19:46:34Z,REF-PAY_C7DA8208-TYPO
SET_42725236,MERCH_042,1625800,32516,5852,0,0,0,1587432,INR,PROCESSED,2026-08-18T20:10:46Z,REF-PAY_CFC50270
SET_1AB50BF3,MERCH_036,288500,5770,1038,0,0,0,281692,INR,PROCESSED,2026-08-15T08:07:32Z,REF-PAY_4792ABE7
SET_4C729B31,MERCH_042,304500,6090,1096,152250,0,0,145064,INR,PROCESSED,2026-08-24T16:40:44Z,REF-PAY_BE475801
SET_DE0AF321,MERCH_036,622500,12450,2241,0,0,0,607709,INR,PROCESSED,2026-07-27T02:58:14Z,REF-PAY_DAD18008
SET_276B9B6C,MERCH_033,1554600,31092,5596,0,0,0,1474212,INR,PROCESSED,2026-07-28T22:33:09Z,REF-PAY_168B277C
SET_7CB8727D,MERCH_037,1391800,27836,5010,0,0,0,1358954,INR,PROCESSED,2026-07-29T01:21:18Z,REF-PAY_EAD78AB5
SET_590FDAD3,MERCH_043,1948600,38972,7014,0,0,0,1902614,INR,PROCESSED,2026-08-29T16:40:42Z,REF-PAY_D9858F7B
SET_592F7B96,MERCH_009,247400,4948,890,0,0,0,241562,INR,PROCESSED,2026-09-01T22:49:56Z,REF-PAY_0309D396
SET_0362B0D4,MERCH_001,123700,2474,445,0,0,0,120781,INR,PROCESSED,2026-08-31T22:01:52Z,REF-PAY_056C06AA
SET_394AEAAB,MERCH_011,1964200,39284,7071,0,0,0,1917845,INR,PROCESSED,2026-09-03T11:01:30Z,REF-PAY_059CFF8F
SET_A956E4A1,MERCH_007,678600,13572,2442,0,0,0,662586,INR,PROCESSED,2026-07-14T12:02:54Z,REF-PAY_48071A0F
SET_A46840B7,MERCH_038,1045600,20912,3764,522800,0,0,498124,INR,PROCESSED,2026-08-25T23:22:59Z,REF-PAY_B5472105
SET_4854C6B5,MERCH_046,1034600,20692,3724,0,0,0,1010184,INR,PROCESSED,2026-07-29T16:31:06Z,REF-PAY_4E3F8DB7-TYPO
SET_A6F71706,MERCH_008,1719900,34398,6191,859950,0,0,819361,INR,PROCESSED,2026-07-06T03:47:00Z,REF-PAY_BF8A45A1
SET_463031CE,MERCH_026,1662800,33256,5986,0,0,0,1623558,INR,PROCESSED,2026-08-26T16:53:27Z,REF-PAY_6C3B8120
SET_A4C38274,MERCH_018,966400,19328,3479,0,0,0,943593,INR,PROCESSED,2026-08-30T18:19:01Z,REF-PAY_1C76169B
SET_3C1C2AEA,MERCH_047,661000,13220,2379,0,0,0,645301,INR,PROCESSED,2026-07-16T07:16:24Z,REF-PAY_752C19EF
SET_37640F7F,MERCH_036,434200,8684,1563,0,0,0,423953,INR,PROCESSED,2026-08-19T13:35:23Z,REF-PAY_972B863D
SET_D923C847,MERCH_027,503500,10070,1812,0,0,0,491618,INR,PROCESSED,2026-08-09T02:22:53Z,REF-PAY_A376FA10
SET_6E24CA2B,MERCH_047,1169000,23380,4208,0,0,0,1141412,INR,PROCESSED,2026-08-27T17:04:30Z,REF-PAY_57BB66F2
SET_8E958F7A,MERCH_034,270500,5410,973,0,0,0,264117,INR,PROCESSED,2026-08-19T20:45:24Z,REF-PAY_7CA2A8FF
SET_7CDCD304,MERCH_047,791000,15820,2847,0,0,0,772333,INR,PROCESSED,2026-07-14T06:29:02Z,REF-PAY_3F3D023B
SET_74B5EB10,MERCH_015,1613200,32264,5807,0,0,0,1575129,INR,PROCESSED,2026-08-30T07:08:52Z,REF-PAY_578A868E
SET_4402BF7A,MERCH_043,660900,13218,2379,0,0,0,645303,INR,PROCESSED,2026-08-22T22:55:21Z,REF-PAY_BC8E1809
SET_20733BBE,MERCH_029,1686700,33734,6072,0,0,0,1627494,INR,PROCESSED,2026-08-05T05:59:44Z,REF-PAY_80B9E64B
SET_23538512,MERCH_030,1386000,27720,4989,0,0,0,1353291,INR,PROCESSED,2026-08-20T06:49:02Z,REF-PAY_1CE9E0E0
SET_B8AD8E81,MERCH_047,1529400,30588,5505,0,0,0,1493307,INR,PROCESSED,2026-08-30T08:30:35Z,REF-PAY_43BCA674
SET_D1DE136B,MERCH_031,587200,11744,2113,0,0,0,573343,INR,PROCESSED,2026-07-31T04:02:38Z,REF-PAY_A30C4847
SET_969C6E42,MERCH_010,1644100,32882,5918,0,0,0,1605300,INR,PROCESSED,2026-08-27T05:22:21Z,REF-PAY_AF09376C
SET_8A900EF0,MERCH_002,82900,1658,298,0,0,0,80944,INR,PROCESSED,2026-08-26T06:50:12Z,REF-PAY_494E3FF4
SET_580D5610,MERCH_014,579900,11598,2087,0,0,0,566215,INR,PROCESSED,2026-07-15T08:39:31Z,REF-PAY_FE6356D7
SET_9A77857F,MERCH_035,675100,13502,2430,0,0,0,659168,INR,PROCESSED,2026-07-30T14:09:10Z,REF-PAY_0AC2CCEF-TYPO
SET_8050429E,MERCH_028,1626100,32522,5853,0,0,0,1587725,INR,PROCESSED,2026-07-06T02:26:34Z,REF-PAY_C125D9CA
SET_B6317834,MERCH_012,1895600,37912,6824,0,0,0,1850864,INR,PROCESSED,2026-08-05T03:19:57Z,REF-PAY_5A2425C8
SET_68E3CC8F,MERCH_011,173900,3478,626,0,0,0,169796,INR,PROCESSED,2026-07-21T22:17:21Z,REF-PAY_00B80168
SET_B40BEB68,MERCH_021,1839000,36780,6620,0,0,0,1795600,INR,PROCESSED,2026-09-01T03:50:33Z,REF-PAY_E82FF072
SET_76F7E615,MERCH_008,1663100,33262,5987,0,0,0,1623851,INR,PROCESSED,2026-07-03T15:59:10Z,REF-PAY_B6E5D9FD
SET_0FA954B6,MERCH_013,701200,14024,2524,0,0,0,684652,INR,PROCESSED,2026-07-24T09:11:45Z,REF-PAY_0A977607
SET_64F8B34A,MERCH_030,60000000,1200000,216000,0,0,0,58584000,INR,PROCESSED,2026-08-27T05:05:37Z,SETTLE-MERCH_030-HV
SET_A71AB38F,MERCH_042,1112400,22248,4004,0,0,0,1077148,INR,PROCESSED,2026-08-29T14:53:26Z,REF-PAY_9DEF5AC5
SET_2BF99B45,MERCH_009,1037300,20746,3734,0,0,0,1012820,INR,PROCESSED,2026-08-05T04:14:13Z,REF-PAY_AFB417B3
SET_A0FE6FF2,MERCH_014,1160100,23202,4176,0,0,0,1132722,INR,PROCESSED,2026-07-20T23:09:55Z,REF-PAY_DFD6D67F
SET_8C116D68,MERCH_041,1454200,29084,5235,0,0,0,1419881,INR,PROCESSED,2026-08-04T02:29:01Z,REF-PAY_16A0184D-TYPO
SET_ED5DBC3B,MERCH_028,571700,11434,2058,0,0,0,558258,INR,PROCESSED,2026-07-06T13:45:07Z,REF-PAY_7B5388D6
SET_EA149583,MERCH_007,1630600,32612,5870,0,1630600,0,-38482,INR,PROCESSED,2026-08-16T21:02:23Z,REF-PAY_0D1B45D5
SET_D1D6EB50,MERCH_005,876300,17526,3154,0,0,0,855620,INR,PROCESSED,2026-08-15T09:38:52Z,SETTLE-MERCH_005-BULK
SET_16F12137,MERCH_046,1524800,30496,5489,0,0,0,1488865,INR,PROCESSED,2026-07-11T00:25:09Z,REF-PAY_66F9D0BD
SET_F5411437,MERCH_013,15000000,300000,54000,0,0,0,14646000,INR,PROCESSED,2026-09-01T14:59:57Z,SETTLE-MERCH_013-HV
SET_60898249,MERCH_042,1859800,37196,6695,0,0,0,1815909,INR,PROCESSED,2026-08-25T02:40:28Z,REF-PAY_0E04E098
SET_C320B7AE,MERCH_016,1618000,32360,5824,0,0,0,1579816,INR,PROCESSED,2026-07-13T04:29:01Z,REF-PAY_7DB860DF
SET_CAC09E98,MERCH_042,1949400,38988,7017,0,0,0,1903395,INR,PROCESSED,2026-07-28T04:33:57Z,REF-PAY_C46221DA
SET_1C7A2616,MERCH_036,97800,1956,352,0,0,0,95492,INR,PROCESSED,2026-07-21T03:33:04Z,REF-PAY_4F8519D5-TYPO
SET_9EFD685C,MERCH_008,1830800,36616,6590,0,0,0,1787494,INR,PROCESSED,2026-07-21T16:54:37Z,REF-PAY_D20DCC33
SET_5C649C38,MERCH_002,34800,696,125,0,0,0,33979,INR,PROCESSED,2026-07-05T22:24:23Z,REF-PAY_175A1D0B
SET_7A243B08,MERCH_024,1719200,34384,6189,0,0,0,1678627,INR,PROCESSED,2026-08-03T03:18:53Z,REF-PAY_5EF8529F
SET_69A66A56,MERCH_036,1369800,27396,4931,0,0,0,1337473,INR,PROCESSED,2026-07-19T18:31:25Z,REF-PAY_468F4828
SET_FA97B859,MERCH_019,928000,18560,3340,0,0,0,906100,INR,PROCESSED,2026-08-28T03:03:04Z,REF-PAY_F38AE81A
SET_E9595665,MERCH_027,832000,16640,2995,0,0,0,812365,INR,PROCESSED,2026-08-12T01:12:50Z,REF-PAY_85A69825
SET_5C89A730,MERCH_046,1034500,20690,3724,0,1034500,0,-24414,INR,PROCESSED,2026-08-29T08:05:06Z,REF-PAY_CCE5EF7A
SET_4E8408A1,MERCH_022,1586000,31720,5709,0,0,0,1548571,INR,PROCESSED,2026-08-20T17:07:02Z,REF-PAY_EA86FE32
SET_71DDE504,MERCH_037,531900,10638,1914,0,0,0,519398,INR,PROCESSED,2026-08-25T15:56:45Z,REF-PAY_3B105A15
SET_4D5CC01D,MERCH_018,1231300,24626,4432,0,0,0,1166142,INR,PROCESSED,2026-08-23T03:47:25Z,REF-PAY_B85A109F
SET_7F11EB65,MERCH_004,381500,7630,1373,0,0,0,372497,INR,PROCESSED,2026-07-08T06:35:46Z,SETTLE-MERCH_004-BULK
SET_155EEF97,MERCH_005,173700,3474,625,0,0,0,169601,INR,PROCESSED,2026-07-07T14:30:26Z,REF-PAY_2D0BE71A
SET_D72A17D5,MERCH_020,97700,1954,351,0,0,0,95395,INR,PROCESSED,2026-09-02T08:24:55Z,REF-PAY_784C3E4E-TYPO
SET_EF13698D,MERCH_044,1147100,22942,4129,0,0,0,1119929,INR,PROCESSED,2026-08-09T03:50:48Z,REF-PAY_FDDCBBE3
SET_14B86623,MERCH_014,445100,8902,1602,0,0,0,434646,INR,PROCESSED,2026-07-22T03:21:31Z,REF-PAY_70CCA87E
SET_2CA6121B,MERCH_027,1417000,28340,5101,0,0,0,1383559,INR,PROCESSED,2026-09-03T01:12:53Z,REF-PAY_A8697832
SET_C18ED6F2,MERCH_014,1252300,25046,4508,0,0,0,1222746,INR,PROCESSED,2026-08-17T13:06:39Z,REF-PAY_26601B49
SET_18AA222D,MERCH_033,1175600,23512,4232,0,0,0,1147856,INR,PROCESSED,2026-07-17T03:17:51Z,REF-PAY_5AD1AC45
SET_4D1A0C69,MERCH_014,139200,2784,501,0,0,0,135915,INR,PROCESSED,2026-07-04T15:38:12Z,REF-PAY_613EB29A
SET_328ADE8B,MERCH_024,329600,6592,1186,0,0,0,321822,INR,PROCESSED,2026-07-21T22:07:49Z,REF-PAY_B0CE41D3
SET_5D5ECF65,MERCH_008,1112000,22240,4003,0,0,0,1085757,INR,PROCESSED,2026-07-28T03:51:44Z,REF-PAY_0C74F3FC
SET_078714AF,MERCH_006,999500,19990,3598,0,0,0,930812,INR,PROCESSED,2026-07-28T23:33:42Z,REF-PAY_D5B85C71
SET_2116D464,MERCH_030,1678800,33576,6043,0,0,0,1639181,INR,PROCESSED,2026-08-01T09:55:20Z,SETTLE-MERCH_030-BULK
SET_4ADBCD54,MERCH_020,357500,7150,1287,0,0,0,349063,INR,PROCESSED,2026-08-30T04:58:25Z,REF-PAY_446DD79F
SET_74724C7C,MERCH_034,267100,5342,961,0,0,0,260797,INR,PROCESSED,2026-08-18T08:58:21Z,REF-PAY_4EA51A30
SET_0B6ACBA5,MERCH_015,1576300,31526,5674,0,0,0,1539100,INR,PROCESSED,2026-07-04T11:23:00Z,REF-PAY_3BB65EA1
SET_A0020914,MERCH_019,1029300,20586,3705,0,0,0,1005009,INR,PROCESSED,2026-07-30T00:55:37Z,REF-PAY_DA752FF0
SET_C546E713,MERCH_003,1032800,20656,3718,0,0,0,1008426,INR,PROCESSED,2026-08-24T04:27:14Z,REF-PAY_2792803F
SET_9BBD5742,MERCH_023,1327700,26554,4779,0,0,0,1296367,INR,PROCESSED,2026-07-13T07:08:28Z,REF-PAY_852C932A
SET_1F201554,MERCH_018,561700,11234,2022,0,0,0,548494,INR,PROCESSED,2026-09-01T00:06:03Z,REF-PAY_1BF48A07
SET_2E607431,MERCH_004,1621400,32428,5837,0,0,0,1583135,INR,PROCESSED,2026-08-14T00:36:22Z,REF-PAY_15AC3469
SET_21E17726,MERCH_045,1310700,26214,4718,0,0,0,1279818,INR,PROCESSED,2026-08-20T18:45:28Z,REF-PAY_B6311BBE
SET_E9727919,MERCH_020,1540600,30812,5546,0,0,0,1504242,INR,PROCESSED,2026-07-27T10:29:00Z,REF-PAY_4FA3084D
SET_31B1CF1F,MERCH_032,1732000,34640,6235,0,0,0,1691125,INR,PROCESSED,2026-07-21T10:00:22Z,REF-PAY_E1111C90
SET_FC7FABF4,MERCH_025,1129100,22582,4064,0,1129100,0,-26646,INR,PROCESSED,2026-07-21T01:12:40Z,REF-PAY_E294BE0D
SET_71495A57,MERCH_016,1006500,20130,3623,0,0,0,982747,INR,PROCESSED,2026-07-24T22:05:34Z,REF-PAY_1BDC79F9
SET_F52B72B2,MERCH_030,1430100,28602,5148,0,0,0,1396350,INR,PROCESSED,2026-08-08T10:04:56Z,SETTLE-MERCH_030-BULK
SET_FAAFAD60,MERCH_027,1720000,34400,6192,0,0,0,1679408,INR,PROCESSED,2026-08-02T08:19:23Z,REF-PAY_45FB906E
SET_517BEAE3,MERCH_006,457400,9148,1646,0,0,0,398006,INR,PROCESSED,2026-07-09T21:24:34Z,REF-PAY_6629E5A3
SET_E353BCB6,MERCH_007,43900,878,158,0,0,0,20164,INR,PROCESSED,2026-08-26T06:03:00Z,REF-PAY_61D5C12C
SET_E5FBAFA6,MERCH_040,96900,1938,348,0,0,0,94664,INR,PROCESSED,2026-07-16T13:14:30Z,REF-PAY_0125B43B
SET_B58DB2F5,MERCH_026,353600,7072,1272,0,0,0,345256,INR,PROCESSED,2026-08-06T17:38:39Z,REF-PAY_23A4270E
SET_E30FE2B1,MERCH_043,376600,7532,1355,0,0,0,367713,INR,PROCESSED,2026-09-01T17:18:54Z,REF-PAY_770914A2
SET_AD349A98,MERCH_014,1793100,35862,6455,0,0,0,1750783,INR,PROCESSED,2026-07-10T18:49:14Z,REF-PAY_E11F9A59
SET_1D0B3E98,MERCH_048,1866800,37336,6720,0,0,0,1822744,INR,PROCESSED,2026-08-08T22:52:13Z,REF-PAY_883C4BB3
SET_8E7B3C71,MERCH_011,1374600,27492,4948,0,0,0,1342160,INR,PROCESSED,2026-07-13T22:25:10Z,REF-PAY_D320FB8D
SET_D04FEDF6,MERCH_019,1768300,35366,6365,0,0,0,1726569,INR,PROCESSED,2026-07-12T02:57:07Z,REF-PAY_25F4ADDC-TYPO
SET_C1A78F21,MERCH_019,1812700,36254,6525,0,0,0,1769921,INR,PROCESSED,2026-07-06T02:49:38Z,REF-PAY_3B1D512B
SET_F5CC67B4,MERCH_031,1306300,26126,4702,0,0,0,1275472,INR,PROCESSED,2026-08-16T13:12:38Z,REF-PAY_49121F63
SET_E52E0004,MERCH_004,587800,11756,2116,0,0,0,573928,INR,PROCESSED,2026-08-25T21:15:50Z,REF-PAY_FA648F7B
SET_36038712,MERCH_028,1978000,39560,7120,0,0,0,1931320,INR,PROCESSED,2026-07-15T05:54:53Z,REF-PAY_9D2F39D5
SET_7262CC58,MERCH_044,1744100,34882,6278,872050,0,0,830890,INR,PROCESSED,2026-07-03T02:45:10Z,REF-PAY_DB9F0178
SET_5900BEE1,MERCH_010,1353000,27060,4870,0,0,0,1321070,INR,PROCESSED,2026-08-29T11:01:47Z,REF-PAY_8CD2713E
SET_5006CC7D,MERCH_020,1057000,21140,3805,0,0,0,1032055,INR,PROCESSED,2026-08-06T06:23:10Z,REF-PAY_9E3A4540
SET_9CA9C4CB,MERCH_030,1720200,34404,6192,0,0,0,1679604,INR,PROCESSED,2026-07-23T15:05:29Z,REF-PAY_9F4C72E7
SET_0D9E84F1,MERCH_007,1926900,38538,6936,0,0,0,1881426,INR,PROCESSED,2026-07-26T11:32:34Z,REF-PAY_971AEB0E
SET_E13CE255,MERCH_011,1203900,24078,4334,0,0,0,1175488,INR,PROCESSED,2026-07-07T00:25:20Z,REF-PAY_A3899452
SET_DA0A37A6,MERCH_018,245400,4908,883,0,0,0,239609,INR,PROCESSED,2026-07-12T11:16:08Z,REF-PAY_D199AD3A
SET_85BAC46F,MERCH_040,545900,10918,1965,0,0,0,533017,INR,PROCESSED,2026-08-27T23:51:55Z,REF-PAY_9203986A
SET_885612A1,MERCH_008,928200,18564,3341,0,0,0,906295,INR,PROCESSED,2026-08-07T02:05:40Z,REF-PAY_E2C462E0
SET_B3B4306E,MERCH_043,1126700,22534,4056,0,0,0,1100110,INR,PROCESSED,2026-07-28T12:49:25Z,REF-PAY_3A53120F
SET_59B541CE,MERCH_037,34400,688,123,0,0,0,33589,INR,PROCESSED,2026-07-20T17:53:28Z,REF-PAY_C406E206
SET_117C914A,MERCH_044,1479600,29592,5326,0,0,0,1444682,INR,PROCESSED,2026-08-18T19:49:33Z,REF-PAY_89D006B1
SET_F088D18D,MERCH_015,1127900,22558,4060,0,0,0,1101282,INR,PROCESSED,2026-08-13T07:59:19Z,REF-PAY_ECA498F9
SET_5791EC08,MERCH_030,1309400,26188,4713,0,0,0,1278499,INR,PROCESSED,2026-07-06T08:47:00Z,REF-PAY_EE17FCD3
SET_9BD3C9AA,MERCH_042,290500,5810,1045,0,0,0,283645,INR,PROCESSED,2026-07-03T05:22:52Z,REF-PAY_40D82040
SET_3873B8F4,MERCH_018,238900,4778,860,0,0,0,233262,INR,PROCESSED,2026-07-10T03:30:12Z,REF-PAY_C6B7A5E1
SET_FD13614D,MERCH_012,1739700,34794,6262,0,0,0,1698694,INR,PROCESSED,2026-08-11T05:49:31Z,REF-PAY_A0C09746
SET_765EC22F,MERCH_001,901000,18020,3243,0,0,0,879737,INR,PROCESSED,2026-08-05T11:50:52Z,REF-PAY_B7145B5D
SET_081B42FA,MERCH_005,838600,16772,3018,0,0,0,818810,INR,PROCESSED,2026-07-26T01:13:36Z,REF-PAY_95E63CBF-TYPO
SET_5F820311,MERCH_041,210700,4214,758,0,0,0,205628,INR,PROCESSED,2026-08-18T21:19:10Z,REF-PAY_EC2EC716
SET_39B15934,MERCH_047,1065000,21300,3834,532500,0,0,507366,INR,PROCESSED,2026-08-28T04:26:28Z,REF-PAY_84EA4B75
SET_8D4B0FFB,MERCH_018,1756000,35120,6321,0,0,0,1714559,INR,PROCESSED,2026-07-29T14:58:41Z,REF-PAY_B106F69C
SET_D156D63A,MERCH_016,1673700,33474,6025,0,0,0,1634201,INR,PROCESSED,2026-08-11T05:32:25Z,REF-PAY_92A5B900
SET_88EF7282,MERCH_006,793100,15862,2855,0,0,0,774383,INR,PROCESSED,2026-08-22T01:57:41Z,SETTLE-MERCH_006-BULK
SET_B9C4BAC9,MERCH_049,521400,10428,1877,0,521400,0,-12305,INR,PROCESSED,2026-07-18T18:41:11Z,REF-PAY_3ED888C6
SET_0EC5F65A,MERCH_033,1875000,37500,6750,0,0,0,1830750,INR,PROCESSED,2026-08-28T06:23:58Z,REF-PAY_B5A2B5AC
SET_CF258FF1,MERCH_035,181000,3620,651,0,0,0,176729,INR,PROCESSED,2026-07-18T02:34:00Z,REF-PAY_88B68995
SET_1B4506A9,MERCH_034,879400,17588,3165,0,0,0,858647,INR,PROCESSED,2026-08-17T05:52:28Z,REF-PAY_41E8C765
SET_93C1E316,MERCH_035,920100,18402,3312,0,0,0,898286,INR,PROCESSED,2026-08-16T11:05:38Z,REF-PAY_79087A24
SET_956D514A,MERCH_011,426100,8522,1533,0,0,0,415945,INR,PROCESSED,2026-07-27T00:31:13Z,REF-PAY_2ED3A49C
SET_D8E6EDDB,MERCH_009,204800,4096,737,102400,0,0,97567,INR,PROCESSED,2026-08-17T05:51:56Z,REF-PAY_94672A8E
SET_518CA76C,MERCH_027,26800,536,96,0,0,0,26168,INR,PROCESSED,2026-07-10T08:07:09Z,REF-PAY_8C3924B0
SET_61944C17,MERCH_013,1614000,32280,5810,0,0,0,1575910,INR,PROCESSED,2026-08-16T01:56:39Z,REF-PAY_BFDA5819
SET_3323F9D4,MERCH_037,1326900,26538,4776,0,0,0,1295636,INR,PROCESSED,2026-08-25T20:27:18Z,REF-PAY_8E50AB58
SET_501B6B5D,MERCH_004,764900,15298,2753,0,0,0,746849,INR,PROCESSED,2026-07-21T07:22:05Z,REF-PAY_2810748B
SET_BD8D7688,MERCH_016,866700,17334,3120,0,0,0,846246,INR,PROCESSED,2026-08-04T20:25:15Z,REF-PAY_65D22358
SET_05450CF1,MERCH_001,1258000,25160,4528,0,0,0,1228312,INR,PROCESSED,2026-08-08T13:33:05Z,REF-PAY_85E82C58
SET_2CFC8AB8,MERCH_019,1826700,36534,6576,0,0,0,1783590,INR,PROCESSED,2026-07-10T10:19:46Z,REF-PAY_A1337A73
SET_FDC04757,MERCH_036,1492200,29844,5371,0,0,0,1457035,INR,PROCESSED,2026-08-29T20:00:44Z,REF-PAY_31933BDF
SET_1514E054,MERCH_028,1856000,37120,6681,0,0,0,1812199,INR,PROCESSED,2026-07-25T20:46:27Z,REF-PAY_9E040FD6
SET_794735EF,MERCH_033,1107400,22148,3986,0,0,0,1081266,INR,PROCESSED,2026-08-31T00:17:34Z,REF-PAY_1D88B2A7
SET_94FCC194,MERCH_048,1885700,37714,6788,0,0,0,1841248,INR,PROCESSED,2026-07-08T14:28:54Z,REF-PAY_571DF94E
SET_248FC6DF,MERCH_017,779700,15594,2806,0,779700,0,-18400,INR,PROCESSED,2026-08-24T21:41:04Z,REF-PAY_0CC493E6
SET_93BE67A9,MERCH_001,1100500,22010,3961,0,0,0,1074529,INR,PROCESSED,2026-07-26T06:16:25Z,REF-PAY_47D31D65
SET_B68C2813,MERCH_023,1466000,29320,5277,0,0,0,1431403,INR,PROCESSED,2026-07-16T18:30:06Z,REF-PAY_8CBC8723
SET_B97B19E4,MERCH_012,1866000,37320,6717,0,0,0,1821963,INR,PROCESSED,2026-08-18T14:18:09Z,REF-PAY_F96D1469
SET_EC513AC9,MERCH_012,221700,4434,798,0,0,0,216468,INR,PROCESSED,2026-07-17T21:21:50Z,REF-PAY_2141BBA3
SET_F12F082A,MERCH_020,1418500,28370,5106,0,0,0,1385024,INR,PROCESSED,2026-07-07T13:18:53Z,REF-PAY_B712EC73
SET_28477EF8,MERCH_009,1609300,32186,5793,0,0,0,1571321,INR,PROCESSED,2026-07-31T12:03:06Z,REF-PAY_7BB2D68E
SET_398FCD3A,MERCH_021,1547000,30940,5569,0,0,0,1510491,INR,PROCESSED,2026-08-11T14:39:29Z,REF-PAY_E11E3A15
SET_697CE10F,MERCH_043,871200,17424,3136,0,0,0,850640,INR,PROCESSED,2026-07-25T18:33:50Z,REF-PAY_43E430B5
SET_A9A5B792,MERCH_037,1962400,39248,7064,981200,0,0,934888,INR,PROCESSED,2026-07-25T16:56:23Z,REF-PAY_AAD29671
SET_0B7EFD72,MERCH_001,1416900,28338,5100,0,0,0,1383362,INR,PROCESSED,2026-07-07T14:04:19Z,REF-PAY_FA039A60
SET_18C6C57D,MERCH_013,498400,9968,1794,249200,0,0,237438,INR,PROCESSED,2026-09-01T20:46:10Z,REF-PAY_DD385F96
SET_A9E856EC,MERCH_049,323500,6470,1164,0,0,0,315866,INR,PROCESSED,2026-08-03T18:40:24Z,REF-PAY_03166212-TYPO
SET_5801B24C,MERCH_023,1235900,24718,4449,0,0,0,1206733,INR,PROCESSED,2026-08-03T21:31:04Z,REF-PAY_1CE73770
SET_60549A14,MERCH_010,1150300,23006,4141,0,1150300,0,-27147,INR,PROCESSED,2026-07-23T17:00:24Z,REF-PAY_4F568CBC
SET_955EC040,MERCH_022,1162000,23240,4183,0,0,0,1134577,INR,PROCESSED,2026-07-13T15:31:16Z,REF-PAY_A0C1F194
SET_2511C841,MERCH_045,367900,7358,1324,0,0,0,359118,INR,PROCESSED,2026-07-07T05:33:35Z,REF-PAY_8A059FAA
SET_7AF41A24,MERCH_044,1802500,36050,6489,0,0,0,1759961,INR,PROCESSED,2026-07-12T18:52:51Z,REF-PAY_F9D8170D
SET_4EB4B374,MERCH_035,888500,17770,3198,0,0,0,867532,INR,PROCESSED,2026-07-28T06:14:21Z,REF-PAY_2EF5490E
SET_3B97CC5D,MERCH_042,30000000,600000,108000,0,0,0,29292000,INR,PROCESSED,2026-07-22T07:31:28Z,SETTLE-MERCH_042-HV
SET_FD9488B5,MERCH_040,558800,11176,2011,0,0,0,545663,INR,PROCESSED,2026-07-13T17:48:21Z,REF-PAY_4728D933
SET_12629BC8,MERCH_044,1209200,24184,4353,0,0,0,1180663,INR,PROCESSED,2026-07-20T12:19:04Z,REF-PAY_CD13593F
SET_0A24DA46,MERCH_039,1125700,22514,4052,0,0,0,1099134,INR,PROCESSED,2026-07-07T19:33:10Z,REF-PAY_70EFBB77
SET_674B3F91,MERCH_011,240700,4814,866,0,0,0,235020,INR,PROCESSED,2026-08-07T18:38:11Z,REF-PAY_2CBD31AF
SET_05EE554C,MERCH_022,1365800,27316,4916,0,0,0,1333568,INR,PROCESSED,2026-09-08T17:36:51Z,REF-PAY_5F034FDD
SET_1DB03CF6,MERCH_015,749300,14986,2697,0,0,0,731617,INR,PROCESSED,2026-07-27T15:58:31Z,REF-PAY_43B1828A
SET_EA704A22,MERCH_021,1969100,39382,7088,0,0,0,1922530,INR,PROCESSED,2026-07-16T19:15:47Z,REF-PAY_0E69DDA4
SET_FE0F62EC,MERCH_003,1400700,28014,5042,0,0,0,1367644,INR,PROCESSED,2026-07-24T17:17:29Z,REF-PAY_EF54A927
SET_50961381,MERCH_029,1876800,37536,6756,0,0,0,1832508,INR,PROCESSED,2026-07-26T11:45:06Z,REF-PAY_F57EA66D
SET_7FA1F49D,MERCH_006,1184700,23694,4264,0,0,0,1156742,INR,PROCESSED,2026-08-21T03:26:28Z,REF-PAY_FFADB456
SET_3D5C23A0,MERCH_014,690300,13806,2485,0,0,0,673909,INR,PROCESSED,2026-08-10T21:37:24Z,REF-PAY_5AE5E4F1
SET_CE6C80E4,MERCH_011,1742100,34842,6271,0,0,0,1663687,INR,PROCESSED,2026-07-13T13:35:15Z,REF-PAY_E31C64FA
SET_9914A4BA,MERCH_041,1794700,35894,6460,0,0,0,1752346,INR,PROCESSED,2026-07-08T21:12:48Z,REF-PAY_87F3681E
SET_9ECD54F6,MERCH_002,60000000,1200000,216000,0,0,0,58584000,INR,PROCESSED,2026-09-01T23:50:38Z,SETTLE-MERCH_002-HV
SET_8128FA8A,MERCH_024,63100,1262,227,0,0,0,61661,INR,PROCESSED,2026-08-28T00:21:23Z,REF-PAY_F1A50A78
SET_D643C8F9,MERCH_048,1813000,36260,6526,0,0,0,1770214,INR,PROCESSED,2026-09-03T14:57:11Z,REF-PAY_9ED46028
SET_F184090D,MERCH_041,42200,844,151,0,0,0,41205,INR,PROCESSED,2026-08-05T05:43:02Z,REF-PAY_6587F34E
SET_9B33C629,MERCH_028,1837600,36752,6615,918800,0,0,875433,INR,PROCESSED,2026-07-22T11:06:16Z,REF-PAY_DA03804E
SET_72564206,MERCH_037,1005200,20104,3618,0,1005200,0,-23722,INR,PROCESSED,2026-07-18T09:59:16Z,REF-PAY_2032B759
SET_46EDE5C4,MERCH_046,96700,1934,348,0,0,0,94418,INR,PROCESSED,2026-08-31T09:26:58Z,REF-PAY_32CEDDCA
SET_81EE959B,MERCH_044,497500,9950,1791,0,0,0,485759,INR,PROCESSED,2026-07-08T05:59:07Z,REF-PAY_6848630F
SET_DCAE7FD4,MERCH_044,1457200,29144,5245,0,1457200,0,-34389,INR,PROCESSED,2026-08-16T01:56:53Z,REF-PAY_7513EE7F
SET_4ED1505A,MERCH_037,1256500,25130,4523,628250,0,0,598597,INR,PROCESSED,2026-08-21T23:14:57Z,REF-PAY_2FCDF97B
SET_4D9D410B,MERCH_021,1925400,38508,6931,0,0,0,1879961,INR,PROCESSED,2026-07-28T05:51:31Z,REF-PAY_26D9F4FF
SET_1D197230,MERCH_009,1789900,35798,6443,0,0,0,1747659,INR,PROCESSED,2026-09-02T09:34:46Z,REF-PAY_3C3524C3
SET_7BE9A2E8,MERCH_018,511000,10220,1839,0,0,0,498941,INR,PROCESSED,2026-08-09T20:43:15Z,REF-PAY_C32EAE92
SET_C8CB3216,MERCH_035,80600,1612,290,0,0,0,78598,INR,PROCESSED,2026-08-27T22:25:34Z,REF-PAY_2E34669C
SET_947D25FF,MERCH_027,513000,10260,1846,0,0,0,500894,INR,PROCESSED,2026-07-14T01:29:47Z,REF-PAY_7C2C4E74
SET_21258EE2,MERCH_029,1260000,25200,4536,0,0,0,1230264,INR,PROCESSED,2026-08-09T12:28:34Z,REF-PAY_1095E71D
SET_BAD9F983,MERCH_040,1325100,26502,4770,0,0,0,1293828,INR,PROCESSED,2026-08-10T02:07:56Z,REF-PAY_E910D1B1
SET_7A1AAF00,MERCH_040,1418800,28376,5107,0,0,0,1385367,INR,PROCESSED,2026-08-30T13:22:11Z,REF-PAY_AEF77499
SET_4B4431E0,MERCH_006,283200,5664,1019,0,0,0,276517,INR,PROCESSED,2026-07-27T12:24:13Z,REF-PAY_D5DDB2CB-TYPO
SET_E14F3A1A,MERCH_034,893600,17872,3216,0,0,0,824412,INR,PROCESSED,2026-08-22T22:50:35Z,REF-PAY_BD7072FC
SET_7968654B,MERCH_030,1454000,29080,5234,0,0,0,1419686,INR,PROCESSED,2026-07-25T19:15:05Z,REF-PAY_9D3F33AF
SET_7DDE2DE0,MERCH_019,1549400,30988,5577,0,0,0,1512835,INR,PROCESSED,2026-07-10T14:02:05Z,REF-PAY_7C526E43
SET_B1E215CE,MERCH_003,446200,8924,1606,0,0,0,435670,INR,PROCESSED,2026-08-30T18:12:23Z,REF-PAY_6C5D59B4
SET_0E410030,MERCH_039,96100,1922,345,0,0,0,93833,INR,PROCESSED,2026-08-20T13:42:11Z,REF-PAY_2B1F448E
SET_496C508F,MERCH_011,1947300,38946,7010,0,0,0,1901344,INR,PROCESSED,2026-08-22T09:05:16Z,REF-PAY_836E7937
SET_571B9652,MERCH_008,15000000,300000,54000,0,0,0,14646000,INR,PROCESSED,2026-07-18T00:47:28Z,SETTLE-MERCH_008-HV
SET_18A02911,MERCH_038,1343800,26876,4837,0,0,0,1312087,INR,PROCESSED,2026-09-01T08:26:15Z,REF-PAY_27007DE2
SET_ED1EA273,MERCH_029,1072400,21448,3860,0,0,0,1047092,INR,PROCESSED,2026-08-19T13:39:11Z,REF-PAY_4C82610F
SET_7FA0AD35,MERCH_035,1507500,30150,5427,0,0,0,1471923,INR,PROCESSED,2026-07-19T07:23:07Z,REF-PAY_3BCA8D2A
SET_7635B7C5,MERCH_036,812000,16240,2923,0,0,0,792837,INR,PROCESSED,2026-07-18T14:05:14Z,REF-PAY_3AD4BF17
SET_21410B8D,MERCH_020,125500,2510,451,0,0,0,122539,INR,PROCESSED,2026-07-05T02:48:51Z,REF-PAY_7C593A02
SET_11E5AA96,MERCH_016,1681900,33638,6054,0,0,0,1642208,INR,PROCESSED,2026-08-08T10:34:03Z,REF-PAY_C32D59F4
SET_6E85F483,MERCH_028,1904800,38096,6857,0,0,0,1859747,INR,PROCESSED,2026-08-18T09:47:19Z,REF-PAY_D0A19927
SET_0A4E7D82,MERCH_027,433800,8676,1561,0,0,0,423563,INR,PROCESSED,2026-07-25T11:04:38Z,REF-PAY_F5809A79
SET_DD94F7B2,MERCH_012,30000000,600000,108000,0,0,0,29292000,INR,PROCESSED,2026-08-11T05:35:01Z,SETTLE-MERCH_012-HV
SET_7E6562E4,MERCH_039,1068000,21360,3844,0,0,0,1042796,INR,PROCESSED,2026-09-03T09:45:50Z,REF-PAY_EF6D244B
SET_842F7988,MERCH_014,504300,10086,1815,0,0,0,492399,INR,PROCESSED,2026-07-12T07:09:29Z,REF-PAY_F5CD5397
SET_177C67CF,MERCH_033,735400,14708,2647,0,0,0,718045,INR,PROCESSED,2026-07-04T11:38:23Z,REF-PAY_D749A7F1
SET_34274077,MERCH_026,478600,9572,1722,0,0,0,467306,INR,PROCESSED,2026-08-06T01:12:41Z,REF-PAY_8182E260
SET_2CBA1690,MERCH_018,693700,13874,2497,0,0,0,677329,INR,PROCESSED,2026-08-01T11:32:18Z,REF-PAY_625DA1B3
SET_DEE0FFD0,MERCH_011,497900,9958,1792,0,0,0,486200,INR,PROCESSED,2026-08-05T12:17:13Z,REF-PAY_3404E3A5
SET_3ECFAB4B,MERCH_023,1612400,32248,5804,0,0,0,1574348,INR,PROCESSED,2026-09-02T09:49:16Z,REF-PAY_7A56CA71
SET_CB240034,MERCH_012,853900,17078,3074,0,0,0,833798,INR,PROCESSED,2026-08-05T20:16:12Z,REF-PAY_A9268118
SET_8F1EB776,MERCH_039,343400,6868,1236,0,0,0,335296,INR,PROCESSED,2026-08-24T07:55:41Z,REF-PAY_7D8FC18E-TYPO
SET_7AC47A3E,MERCH_024,28700,574,103,0,0,0,28023,INR,PROCESSED,2026-07-31T04:48:42Z,REF-PAY_D0E2D53D
SET_32670DD2,MERCH_035,736000,14720,2649,0,0,0,718631,INR,PROCESSED,2026-07-28T07:26:32Z,REF-PAY_08145D44
SET_014A9083,MERCH_045,1583500,31670,5700,0,0,0,1546130,INR,PROCESSED,2026-08-21T00:11:08Z,SETTLE-MERCH_045-BULK
SET_833F494D,MERCH_014,958700,19174,3451,0,0,0,936075,INR,PROCESSED,2026-07-19T15:53:13Z,REF-PAY_1886F783-TYPO
SET_6466764C,MERCH_028,124700,2494,448,0,0,0,121808,INR,PROCESSED,2026-09-01T09:20:47Z,REF-PAY_DFE320E1
SET_E1A9DEEE,MERCH_034,727800,14556,2620,0,0,0,710624,INR,PROCESSED,2026-08-20T04:09:30Z,SETTLE-MERCH_034-BULK
SET_EAA903E6,MERCH_022,1837400,36748,6614,0,0,0,1794038,INR,PROCESSED,2026-07-05T04:53:46Z,REF-PAY_7EC8A279
SET_61B2BEA1,MERCH_042,624800,12496,2249,0,0,0,609955,INR,PROCESSED,2026-07-10T06:07:00Z,REF-PAY_C711CEB9
SET_4C15BBBE,MERCH_010,264000,5280,950,0,0,0,257770,INR,PROCESSED,2026-07-05T04:45:34Z,REF-PAY_0BE5EA71
SET_C36FD4FB,MERCH_042,945700,18914,3404,0,0,0,923382,INR,PROCESSED,2026-08-26T03:36:34Z,REF-PAY_AECC88BA
SET_C9E485DD,MERCH_045,1012200,20244,3643,0,0,0,988313,INR,PROCESSED,2026-08-22T00:28:04Z,REF-PAY_1E0BA622-TYPO
SET_9896ABE7,MERCH_006,582500,11650,2097,0,0,0,568753,INR,PROCESSED,2026-07-10T20:05:24Z,REF-PAY_651835E8
SET_03468009,MERCH_021,1652600,33052,5949,0,0,0,1613599,INR,PROCESSED,2026-08-24T23:53:05Z,REF-PAY_4E5C682A
SET_C657E8AE,MERCH_022,168400,3368,606,0,0,0,164426,INR,PROCESSED,2026-08-07T09:28:40Z,REF-PAY_84029D7E
SET_D3C02F95,MERCH_028,1693200,33864,6095,0,0,0,1653241,INR,PROCESSED,2026-07-14T08:32:07Z,REF-PAY_44770C51-TYPO
SET_187A84F2,MERCH_027,1488100,29762,5357,0,0,0,1452981,INR,PROCESSED,2026-08-10T07:54:48Z,REF-PAY_9CB9A4A3
SET_9A67ADA9,MERCH_008,601900,12038,2166,0,0,0,587696,INR,PROCESSED,2026-07-04T07:33:32Z,REF-PAY_2D7AD648
SET_ABEF0F55,MERCH_038,1013300,20266,3647,0,0,0,989387,INR,PROCESSED,2026-07-22T21:38:04Z,REF-PAY_50B2C1F8
SET_429175D2,MERCH_017,956900,19138,3444,0,0,0,934318,INR,PROCESSED,2026-08-11T16:41:14Z,REF-PAY_4A5E77C9
SET_3D79CB72,MERCH_042,560600,11212,2018,0,0,0,547370,INR,PROCESSED,2026-08-10T19:36:33Z,REF-PAY_1B530595
SET_A25715EB,MERCH_046,295400,5908,1063,0,0,0,288429,INR,PROCESSED,2026-07-20T20:26:34Z,REF-PAY_36EAAAFC
SET_F24DF086,MERCH_038,1089500,21790,3922,0,0,0,1063788,INR,PROCESSED,2026-07-06T18:34:14Z,REF-PAY_F9BC5989
SET_97C1E7B1,MERCH_015,179400,3588,645,0,0,0,175167,INR,PROCESSED,2026-07-24T17:43:23Z,REF-PAY_F1561B65
SET_4AD82095,MERCH_035,1054800,21096,3797,0,0,0,1029807,INR,PROCESSED,2026-07-03T09:42:28Z,REF-PAY_112A5C27
SET_DDB2D8EE,MERCH_021,664300,13286,2391,0,0,0,648623,INR,PROCESSED,2026-08-08T17:23:33Z,REF-PAY_EF15BACC
SET_CDA92928,MERCH_017,1963800,39276,7069,0,0,0,1917455,INR,PROCESSED,2026-07-22T13:15:56Z,REF-PAY_9E713893
SET_1690541F,MERCH_041,274300,5486,987,0,0,0,267827,INR,PROCESSED,2026-08-27T02:18:40Z,REF-PAY_2FB42A3D
SET_D4AA0B5E,MERCH_045,694900,13898,2501,0,0,0,652001,INR,PROCESSED,2026-07-26T13:25:09Z,REF-PAY_51F3CAF3
SET_E975872D,MERCH_010,1155300,23106,4159,0,1155300,0,-27265,INR,PROCESSED,2026-08-02T05:43:21Z,REF-PAY_16773898
SET_93A200B3,MERCH_027,738400,14768,2658,0,0,0,720974,INR,PROCESSED,2026-08-10T07:43:16Z,REF-PAY_6D5EE3A2
SET_86364864,MERCH_042,63700,1274,229,0,0,0,62197,INR,PROCESSED,2026-08-04T19:46:49Z,REF-PAY_F8F8978F
SET_B5AFE2AA,MERCH_038,1598500,31970,5754,0,0,0,1560776,INR,PROCESSED,2026-08-18T09:08:58Z,REF-PAY_54BD3072
SET_882CCD80,MERCH_015,340900,6818,1227,0,0,0,328255,INR,PROCESSED,2026-07-17T07:48:34Z,REF-PAY_BCA42E0F
SET_53D7D77A,MERCH_036,798600,15972,2874,0,0,0,779654,INR,PROCESSED,2026-08-31T12:32:59Z,REF-PAY_6BFA8752
SET_6034E24F,MERCH_049,1416200,28324,5098,0,0,0,1382778,INR,PROCESSED,2026-08-31T05:38:17Z,REF-PAY_9BE61EA0
SET_1BB033D9,MERCH_037,1409200,28184,5073,0,0,0,1375943,INR,PROCESSED,2026-07-23T07:58:56Z,REF-PAY_E90DE378
SET_DD52E3D1,MERCH_011,388000,7760,1396,0,0,0,378844,INR,PROCESSED,2026-07-20T14:17:33Z,REF-PAY_76B92834-TYPO
SET_186BA493,MERCH_016,436800,8736,1572,0,0,0,426492,INR,PROCESSED,2026-08-30T17:22:22Z,REF-PAY_D968B4D2
SET_B8BAD84B,MERCH_038,1746600,34932,6287,0,0,0,1705381,INR,PROCESSED,2026-08-16T08:29:59Z,REF-PAY_434DCFAD-TYPO
SET_190DD1B7,MERCH_040,1593100,31862,5735,0,0,0,1555503,INR,PROCESSED,2026-07-15T14:58:27Z,REF-PAY_C39BC468
SET_CD3EB16D,MERCH_042,1115900,22318,4017,0,0,0,1089565,INR,PROCESSED,2026-08-28T00:21:08Z,REF-PAY_7B32C8F7
SET_201F2CED,MERCH_016,679000,13580,2444,0,0,0,662976,INR,PROCESSED,2026-08-08T21:44:17Z,REF-PAY_743636ED
SET_42F91159,MERCH_036,1630200,32604,5868,0,0,0,1591728,INR,PROCESSED,2026-08-25T08:17:59Z,REF-PAY_86FBACC3
SET_0126D4F4,MERCH_018,1843100,36862,6635,0,1843100,0,-43497,INR,PROCESSED,2026-07-16T02:11:15Z,REF-PAY_DA625D08
SET_4501BB77,MERCH_023,917700,18354,3303,0,0,0,896043,INR,PROCESSED,2026-07-31T11:25:19Z,REF-PAY_FEAB03B2
SET_A214C7A1,MERCH_044,797700,15954,2871,0,0,0,778875,INR,PROCESSED,2026-08-11T16:29:40Z,REF-PAY_FA5E27C4
SET_1B871858,MERCH_041,1875100,37502,6750,0,0,0,1830848,INR,PROCESSED,2026-08-01T16:14:15Z,REF-PAY_6ECED4C8
SET_92CCE16E,MERCH_033,533800,10676,1921,0,0,0,521203,INR,PROCESSED,2026-07-25T03:08:05Z,REF-PAY_46B8F49B
SET_5FA41158,MERCH_039,1653800,33076,5953,0,0,0,1614771,INR,PROCESSED,2026-08-22T06:00:44Z,REF-PAY_79315059
SET_F0E81C58,MERCH_035,1979200,39584,7125,989600,0,0,942891,INR,PROCESSED,2026-09-03T08:18:53Z,REF-PAY_C10F8DFC
SET_B3DDFD9D,MERCH_028,46700,934,168,0,0,0,45498,INR,PROCESSED,2026-08-10T00:55:59Z,REF-PAY_A206D2AF
SET_CDB4AF9F,MERCH_019,1974900,39498,7109,0,0,0,1928293,INR,PROCESSED,2026-07-27T05:22:40Z,REF-PAY_EA792535
SET_0C5AA0E0,MERCH_002,461500,9230,1661,230750,0,0,219859,INR,PROCESSED,2026-08-19T16:06:25Z,REF-PAY_4DB689FE
SET_B15B1847,MERCH_046,1772700,35454,6381,886350,0,0,844515,INR,PROCESSED,2026-08-24T23:59:09Z,REF-PAY_8B332D8E
SET_0FF8052A,MERCH_037,1363300,27266,4907,0,0,0,1331127,INR,PROCESSED,2026-08-26T08:23:33Z,REF-PAY_C6B33EBD
SET_192F0014,MERCH_002,148800,2976,535,0,0,0,145289,INR,PROCESSED,2026-07-11T03:50:32Z,REF-PAY_5140B5BA
SET_D83FF882,MERCH_005,480300,9606,1729,0,0,0,468965,INR,PROCESSED,2026-07-30T12:35:36Z,REF-PAY_FA523A5C
SET_ED73E32A,MERCH_033,563700,11274,2029,0,0,0,550397,INR,PROCESSED,2026-08-21T22:36:32Z,REF-PAY_E0701E5F
SET_1F8DE3FF,MERCH_031,1419900,28398,5111,709950,0,0,676441,INR,PROCESSED,2026-07-26T00:54:24Z,REF-PAY_F8AB97DD
SET_56C10AC8,MERCH_012,1002500,20050,3609,0,0,0,954741,INR,PROCESSED,2026-08-26T10:42:55Z,REF-PAY_5364FAF9
SET_75B119EE,MERCH_011,1423300,28466,5123,0,0,0,1389711,INR,PROCESSED,2026-07-30T21:15:28Z,REF-PAY_68BB6FE9
SET_3F22F4A1,MERCH_034,506200,10124,1822,0,0,0,494254,INR,PROCESSED,2026-07-29T02:07:07Z,REF-PAY_FDF215D7
SET_7AE20F15,MERCH_011,5500000,110000,19800,0,0,0,5370200,INR,PROCESSED,2026-07-07T06:02:00Z,SETTLE-MERCH_011-HV
SET_583D8B06,MERCH_043,701800,14036,2526,0,0,0,685238,INR,PROCESSED,2026-08-19T02:57:52Z,REF-PAY_D29DF46B
SET_605A05EC,MERCH_030,445700,8914,1604,0,0,0,435182,INR,PROCESSED,2026-08-21T22:38:01Z,REF-PAY_9BEED9E9
SET_120DA1B5,MERCH_011,1296100,25922,4665,0,0,0,1265513,INR,PROCESSED,2026-08-05T05:49:02Z,REF-PAY_660C9686
SET_F873AEE1,MERCH_010,1692900,33858,6094,0,0,0,1652948,INR,PROCESSED,2026-07-09T15:51:58Z,REF-PAY_3C4AECBC
SET_D22780B7,MERCH_009,1015300,20306,3655,0,0,0,991339,INR,PROCESSED,2026-07-07T02:56:47Z,REF-PAY_626A103D
SET_D02FC8BC,MERCH_044,1104500,22090,3976,0,0,0,1078434,INR,PROCESSED,2026-07-10T17:07:45Z,SETTLE-MERCH_044-BULK
SET_445BF11C,MERCH_022,1680300,33606,6049,0,0,0,1619745,INR,PROCESSED,2026-08-28T00:49:07Z,REF-PAY_8F769246
SET_15C51D26,MERCH_023,1299600,25992,4678,0,0,0,1268930,INR,PROCESSED,2026-08-01T19:17:59Z,REF-PAY_95C31FC6
SET_C2E59F5E,MERCH_020,1610500,32210,5797,0,0,0,1572493,INR,PROCESSED,2026-07-31T18:25:48Z,REF-PAY_203D4F27
SET_5F08E604,MERCH_031,38800,776,139,0,0,0,37885,INR,PROCESSED,2026-08-28T06:04:17Z,SETTLE-MERCH_031-BULK
SET_01527E32,MERCH_042,1459200,29184,5253,0,0,0,1424763,INR,PROCESSED,2026-08-03T05:42:27Z,REF-PAY_D861003D-TYPO
SET_80BD858D,MERCH_046,1342900,26858,4834,0,0,0,1310108,INR,PROCESSED,2026-07-06T04:31:46Z,REF-PAY_92F2F93B
SET_B0463A94,MERCH_045,572900,11458,2062,0,0,0,559380,INR,PROCESSED,2026-08-23T06:13:45Z,REF-PAY_5099FF82
SET_AC957037,MERCH_011,650900,13018,2343,0,0,0,635539,INR,PROCESSED,2026-07-25T03:26:15Z,REF-PAY_EFACF07E
SET_E0585981,MERCH_014,1271900,25438,4578,0,0,0,1241884,INR,PROCESSED,2026-07-30T16:38:14Z,REF-PAY_BC047F75
SET_8B3959B6,MERCH_019,1528600,30572,5502,0,0,0,1492526,INR,PROCESSED,2026-07-29T02:22:58Z,REF-PAY_7FDB22EE-TYPO
SET_77B477A5,MERCH_044,562600,11252,2025,0,0,0,549323,INR,PROCESSED,2026-07-23T07:02:12Z,REF-PAY_A49ADC3C
SET_4C0D3027,MERCH_044,248800,4976,895,0,0,0,242929,INR,PROCESSED,2026-07-03T21:00:15Z,REF-PAY_C161093C
SET_29C86947,MERCH_015,1885000,37700,6786,0,0,0,1840514,INR,PROCESSED,2026-08-21T19:08:57Z,REF-PAY_139F7643-TYPO
SET_B4BA844A,MERCH_007,30000000,600000,108000,0,0,0,29292000,INR,PROCESSED,2026-07-06T06:29:41Z,SETTLE-MERCH_007-HV
SET_DB090709,MERCH_003,1421000,28420,5115,0,0,0,1387365,INR,PROCESSED,2026-07-30T23:10:19Z,REF-PAY_D462F439
SET_29F2D4B0,MERCH_027,1954700,39094,7036,0,0,0,1908570,INR,PROCESSED,2026-09-01T09:24:22Z,REF-PAY_87470F30
SET_80FA9AA3,MERCH_029,1079100,21582,3884,0,0,0,1053634,INR,PROCESSED,2026-08-18T00:25:06Z,REF-PAY_09A51048
SET_92BCC4CA,MERCH_013,1211200,24224,4360,0,0,0,1182516,INR,PROCESSED,2026-07-14T11:45:14Z,REF-PAY_070C9089
SET_09137BE3,MERCH_007,1271400,25428,4577,0,0,0,1241395,INR,PROCESSED,2026-07-07T10:23:05Z,SETTLE-MERCH_007-BULK
SET_D165DF3D,MERCH_026,175100,3502,630,0,0,0,170968,INR,PROCESSED,2026-08-02T07:30:44Z,REF-PAY_2C3C7DCC
SET_81561D40,MERCH_029,5500000,110000,19800,0,0,0,5370200,INR,PROCESSED,2026-07-12T12:51:09Z,SETTLE-MERCH_029-HV
SET_2D3DEAF6,MERCH_010,992400,19848,3572,0,0,0,968980,INR,PROCESSED,2026-08-19T14:54:14Z,REF-PAY_B95D0241-TYPO
SET_DE21BE51,MERCH_030,1362200,27244,4903,0,0,0,1330053,INR,PROCESSED,2026-08-05T10:47:58Z,REF-PAY_EFAD32B9
SET_5F52C9A5,MERCH_044,1603000,32060,5770,0,0,0,1565170,INR,PROCESSED,2026-07-04T18:34:14Z,REF-PAY_3D6D7444
SET_3C5E3E8B,MERCH_007,1749100,34982,6296,0,0,0,1707822,INR,PROCESSED,2026-07-06T06:53:49Z,REF-PAY_2EF42582-TYPO
SET_FBA74B45,MERCH_049,40600,812,146,0,0,0,39542,INR,PROCESSED,2026-08-03T18:38:26Z,REF-PAY_C0568E8C
SET_24D9AA2C,MERCH_028,683300,13666,2459,0,0,0,667175,INR,PROCESSED,2026-08-13T22:56:09Z,REF-PAY_C4CEFF31
SET_E5E3A59F,MERCH_030,1727600,34552,6219,0,0,0,1686829,INR,PROCESSED,2026-07-21T06:59:54Z,REF-PAY_057355D4
SET_D227FD6A,MERCH_045,558000,11160,2008,0,0,0,544832,INR,PROCESSED,2026-07-27T21:20:20Z,REF-PAY_D1064AB5
SET_950DAF2C,MERCH_013,1039100,20782,3740,0,0,0,1014578,INR,PROCESSED,2026-08-04T15:58:44Z,REF-PAY_FB33F81A
SET_43C20D7D,MERCH_049,412400,8248,1484,0,0,0,402668,INR,PROCESSED,2026-07-04T07:57:59Z,REF-PAY_400042C1
SET_230992C4,MERCH_006,1010200,20204,3636,0,0,0,947460,INR,PROCESSED,2026-07-09T09:34:19Z,REF-PAY_3FEE2A3F
SET_6E729CCE,MERCH_048,440300,8806,1585,0,0,0,429959,INR,PROCESSED,2026-07-09T05:24:00Z,REF-PAY_E7A46088
SET_EF402753,MERCH_027,1167200,23344,4201,0,0,0,1139655,INR,PROCESSED,2026-08-22T12:37:18Z,REF-PAY_5B544FEC
SET_2736CDF8,MERCH_011,1452700,29054,5229,0,0,0,1418417,INR,PROCESSED,2026-07-16T13:56:47Z,REF-PAY_A135E50D
SET_53844CD8,MERCH_019,1265600,25312,4556,0,0,0,1235632,INR,PROCESSED,2026-07-17T04:03:20Z,REF-PAY_EACC57A6
SET_614750D2,MERCH_030,15000000,300000,54000,0,0,0,14646000,INR,PROCESSED,2026-08-07T09:42:08Z,SETTLE-MERCH_030-HV
SET_7119B1C8,MERCH_037,986700,19734,3552,0,0,0,963314,INR,PROCESSED,2026-08-13T21:34:31Z,REF-PAY_D42522CF
SET_130AD202,MERCH_042,1530700,30614,5510,0,0,0,1494576,INR,PROCESSED,2026-07-29T21:04:10Z,REF-PAY_A8D61125
SET_F3EEF89D,MERCH_027,1878500,37570,6762,0,0,0,1834168,INR,PROCESSED,2026-08-21T12:48:19Z,REF-PAY_F87BC52D
SET_55B97F82,MERCH_048,586300,11726,2110,0,0,0,572364,INR,PROCESSED,2026-07-13T16:45:34Z,REF-PAY_60DDFAED
SET_0D443684,MERCH_013,1680100,33602,6048,0,0,0,1640450,INR,PROCESSED,2026-08-06T13:13:46Z,REF-PAY_41021FAC
SET_A5ACCB0C,MERCH_033,733400,14668,2640,0,0,0,715992,INR,PROCESSED,2026-08-08T14:00:33Z,REF-PAY_337077F5
SET_E456CF22,MERCH_049,1141400,22828,4109,0,0,0,1114463,INR,PROCESSED,2026-08-05T06:58:45Z,REF-PAY_1A31F637-TYPO
SET_97B2C52B,MERCH_027,166100,3322,597,0,0,0,162181,INR,PROCESSED,2026-07-29T05:56:36Z,REF-PAY_FD9FCE13
SET_15C56977,MERCH_005,1260900,25218,4539,0,0,0,1231143,INR,PROCESSED,2026-08-07T11:49:24Z,REF-PAY_11EEC564
SET_75F1F368,MERCH_003,1254700,25094,4516,0,0,0,1225090,INR,PROCESSED,2026-08-16T04:54:45Z,REF-PAY_28F55532
SET_13C0ABFB,MERCH_046,1072800,21456,3862,0,0,0,1047482,INR,PROCESSED,2026-08-25T17:16:37Z,REF-PAY_0FC04A60
SET_45E3F226,MERCH_014,132500,2650,477,0,0,0,129373,INR,PROCESSED,2026-08-06T21:50:45Z,REF-PAY_E5491FD0
SET_4A4698CC,MERCH_046,1329700,26594,4786,0,0,0,1298320,INR,PROCESSED,2026-07-24T21:22:10Z,REF-PAY_0A1A45F9
SET_1150F0BC,MERCH_001,15000000,300000,54000,0,0,0,14646000,INR,PROCESSED,2026-08-10T21:27:31Z,SETTLE-MERCH_001-HV
SET_D483EE6E,MERCH_014,1304500,26090,4696,0,0,0,1273714,INR,PROCESSED,2026-08-01T10:53:36Z,REF-PAY_6EE4474C
SET_5C8AF56B,MERCH_045,319100,6382,1148,0,0,0,311570,INR,PROCESSED,2026-08-22T15:33:06Z,REF-PAY_FE979EFC
SET_5A584C49,MERCH_016,1623400,32468,5844,0,0,0,1585088,INR,PROCESSED,2026-09-03T17:55:08Z,REF-PAY_6D1DA28C
SET_310AA2A4,MERCH_030,1385900,27718,4989,0,0,0,1340393,INR,PROCESSED,2026-08-03T05:19:06Z,REF-PAY_2789D31E
SET_C95EAA94,MERCH_011,1267900,25358,4564,0,0,0,1209978,INR,PROCESSED,2026-08-31T00:12:35Z,REF-PAY_8D7D0EED
SET_52DDF181,MERCH_033,679200,13584,2445,0,0,0,663171,INR,PROCESSED,2026-08-09T06:36:33Z,REF-PAY_7F2E87B2
SET_0989057C,MERCH_037,162400,3248,584,0,0,0,158568,INR,PROCESSED,2026-07-31T08:13:21Z,REF-PAY_D1708FE2
SET_CD014EC2,MERCH_032,1723200,34464,6203,0,0,0,1647733,INR,PROCESSED,2026-07-11T16:40:13Z,REF-PAY_7157521D
SET_29B7AD32,MERCH_031,446500,8930,1607,0,0,0,435963,INR,PROCESSED,2026-07-26T14:08:12Z,REF-PAY_3E361544-TYPO
SET_6462B8D8,MERCH_033,514600,10292,1852,0,0,0,502456,INR,PROCESSED,2026-08-04T19:35:22Z,REF-PAY_58AFFE27
SET_C5640F34,MERCH_004,1985800,39716,7148,0,0,0,1938836,INR,PROCESSED,2026-08-01T17:33:11Z,REF-PAY_76E19BD7
SET_7660ADFD,MERCH_011,1567200,31344,5641,0,0,0,1530115,INR,PROCESSED,2026-08-06T04:30:11Z,REF-PAY_939F03DE
SET_E2921B97,MERCH_015,638200,12764,2297,0,0,0,623139,INR,PROCESSED,2026-07-29T21:48:05Z,REF-PAY_7A17EFEB
SET_CBD57C7B,MERCH_009,519500,10390,1870,0,0,0,507240,INR,PROCESSED,2026-07-03T09:52:20Z,REF-PAY_C42DC791
SET_EF966C3E,MERCH_049,1031600,20632,3713,0,0,0,1007155,INR,PROCESSED,2026-07-25T20:44:02Z,REF-PAY_6EDCB944
SET_70B05DD3,MERCH_026,1707400,34148,6146,0,0,0,1667106,INR,PROCESSED,2026-07-18T02:25:57Z,REF-PAY_16BD526E
SET_8F3263F0,MERCH_001,910400,18208,3277,0,0,0,888915,INR,PROCESSED,2026-07-24T21:49:20Z,REF-PAY_030D7478
SET_21746872,MERCH_039,324400,6488,1167,0,0,0,316745,INR,PROCESSED,2026-07-08T17:57:14Z,REF-PAY_765A96E2
SET_F88BFC95,MERCH_039,1405800,28116,5060,0,0,0,1336824,INR,PROCESSED,2026-08-18T04:50:15Z,REF-PAY_1F6DCDFE
SET_4A306255,MERCH_045,104700,2094,376,0,0,0,102230,INR,PROCESSED,2026-07-04T14:47:50Z,REF-PAY_4625E64E
SET_5AA09757,MERCH_004,1013000,20260,3646,0,0,0,989094,INR,PROCESSED,2026-08-01T01:03:50Z,REF-PAY_A43933BB
SET_21260A3E,MERCH_011,111500,2230,401,0,0,0,108869,INR,PROCESSED,2026-08-08T19:06:26Z,REF-PAY_B7856A36
SET_50155D9F,MERCH_022,485300,9706,1747,0,0,0,473847,INR,PROCESSED,2026-07-19T21:40:15Z,REF-PAY_612086A0
SET_F6F7585D,MERCH_021,1181100,23622,4251,0,0,0,1153227,INR,PROCESSED,2026-08-19T02:57:37Z,REF-PAY_D4E9D37B
SET_84EEA607,MERCH_007,875500,17510,3151,0,0,0,854839,INR,PROCESSED,2026-07-03T10:11:23Z,SETTLE-MERCH_007-BULK
SET_F627467B,MERCH_045,296400,5928,1067,0,0,0,289405,INR,PROCESSED,2026-08-15T14:10:27Z,REF-PAY_86D48C4A
SET_7CDD4232,MERCH_035,264100,5282,950,0,0,0,257868,INR,PROCESSED,2026-07-28T19:50:05Z,REF-PAY_78901CFF
SET_A648B02A,MERCH_035,1736700,34734,6252,0,0,0,1695714,INR,PROCESSED,2026-08-21T08:54:42Z,REF-PAY_F6753F92
SET_6928F0B7,MERCH_040,823700,16474,2965,0,0,0,804161,INR,PROCESSED,2026-07-18T17:48:24Z,REF-PAY_95D1FA37
SET_A1D65C24,MERCH_020,356000,7120,1281,0,0,0,347599,INR,PROCESSED,2026-07-28T23:54:17Z,REF-PAY_52B0870F
SET_D49E14EA,MERCH_049,227200,4544,817,113600,0,0,108239,INR,PROCESSED,2026-08-17T22:18:54Z,REF-PAY_819CCDB7
SET_DC5E7DFC,MERCH_049,1992600,39852,7173,0,0,0,1945575,INR,PROCESSED,2026-08-10T17:47:25Z,REF-PAY_0CA16C73
SET_1E55E61C,MERCH_037,1856400,37128,6683,0,0,0,1812589,INR,PROCESSED,2026-08-08T15:57:21Z,REF-PAY_29017DCB
SET_02FE6609,MERCH_022,1936700,38734,6972,968350,0,0,922644,INR,PROCESSED,2026-07-23T07:47:38Z,REF-PAY_7B09D119
SET_50DDA3D6,MERCH_009,1315300,26306,4735,0,0,0,1284259,INR,PROCESSED,2026-08-23T05:16:05Z,REF-PAY_F3F22C23
SET_DCA81396,MERCH_047,311500,6230,1121,0,0,0,304149,INR,PROCESSED,2026-07-05T08:46:54Z,REF-PAY_1CBD56BF
SET_73287A98,MERCH_036,25700,514,92,0,0,0,14594,INR,PROCESSED,2026-08-13T13:24:45Z,REF-PAY_96816874
SET_544F5E0F,MERCH_042,1889300,37786,6801,0,0,0,1844713,INR,PROCESSED,2026-08-13T23:28:16Z,REF-PAY_C2E3C846-TYPO
SET_8A2DFF5F,MERCH_017,1424900,28498,5129,0,0,0,1391273,INR,PROCESSED,2026-08-22T14:04:53Z,REF-PAY_267660ED
SET_6311F497,MERCH_036,60000000,1200000,216000,0,0,0,58584000,INR,PROCESSED,2026-08-13T01:45:05Z,SETTLE-MERCH_036-HV
SET_4AF622DF,MERCH_034,14100,282,50,0,0,0,13768,INR,PROCESSED,2026-08-16T18:46:35Z,REF-PAY_0F6829B1
SET_E197494C,MERCH_036,966800,19336,3480,0,0,0,943984,INR,PROCESSED,2026-08-17T09:38:37Z,REF-PAY_BCCECC0F
SET_EF464C55,MERCH_028,921600,18432,3317,0,0,0,899851,INR,PROCESSED,2026-08-10T22:18:40Z,REF-PAY_405453F7
SET_D3B3F240,MERCH_018,1194900,23898,4301,0,0,0,1166701,INR,PROCESSED,2026-08-27T09:49:03Z,REF-PAY_E7A69E17
SET_73C2E320,MERCH_048,159800,3196,575,0,159800,0,-3771,INR,PROCESSED,2026-09-01T05:24:49Z,REF-PAY_F6B934FE
SET_582CF06D,MERCH_030,1653600,33072,5952,0,0,0,1614576,INR,PROCESSED,2026-09-07T07:30:52Z,REF-PAY_5E857446
SET_B7E71587,MERCH_027,308600,6172,1110,0,0,0,301368,INR,PROCESSED,2026-08-29T09:45:19Z,REF-PAY_348C6D4F
SET_D1B2E539,MERCH_033,1183900,23678,4262,0,0,0,1155960,INR,PROCESSED,2026-07-21T14:16:12Z,REF-PAY_D6B15D9B
SET_E8F017E6,MERCH_027,1087000,21740,3913,0,1087000,0,-25653,INR,PROCESSED,2026-08-04T13:48:30Z,REF-PAY_B114900E
SET_78EC1C81,MERCH_007,520700,10414,1874,0,0,0,508412,INR,PROCESSED,2026-07-06T02:58:54Z,REF-PAY_48EA3B1D
SET_EB96BF95,MERCH_001,129200,2584,465,0,0,0,126151,INR,PROCESSED,2026-08-24T03:32:49Z,REF-PAY_981A151B
SET_D575D34A,MERCH_047,1038000,20760,3736,0,0,0,994104,INR,PROCESSED,2026-07-17T13:33:59Z,REF-PAY_C45F0B72
SET_58F76729,MERCH_027,1674700,33494,6028,0,0,0,1635178,INR,PROCESSED,2026-07-04T18:53:44Z,REF-PAY_7E72203D
SET_61E5D1C2,MERCH_027,395000,7900,1422,0,0,0,385728,INR,PROCESSED,2026-07-13T18:52:29Z,REF-PAY_ED41B838
SET_C1BFACC9,MERCH_009,1088800,21776,3919,0,0,0,1063105,INR,PROCESSED,2026-07-23T18:33:51Z,REF-PAY_96A0C7EC
SET_32606D87,MERCH_017,629000,12580,2264,0,0,0,614156,INR,PROCESSED,2026-08-09T06:40:20Z,REF-PAY_B1F122C7
SET_462032FD,MERCH_041,1778600,35572,6402,0,0,0,1736626,INR,PROCESSED,2026-07-08T18:02:06Z,REF-PAY_76FD93DD
SET_13FFCDFA,MERCH_036,1817300,36346,6542,0,0,0,1774412,INR,PROCESSED,2026-08-18T14:49:29Z,REF-PAY_3A8758D1
SET_CE9B53EB,MERCH_013,190400,3808,685,0,0,0,185907,INR,PROCESSED,2026-07-18T00:07:39Z,REF-PAY_7FB40075
SET_E00E49E3,MERCH_031,1444500,28890,5200,0,0,0,1410410,INR,PROCESSED,2026-09-03T05:43:43Z,REF-PAY_07C79B91
SET_F84C8E85,MERCH_041,399700,7994,1438,0,0,0,390268,INR,PROCESSED,2026-09-02T11:42:03Z,REF-PAY_92306918
SET_087217EA,MERCH_015,465500,9310,1675,0,0,0,454415,INR,PROCESSED,2026-09-01T01:07:29Z,REF-PAY_45EC1633
SET_17CD4B4C,MERCH_016,1579200,31584,5685,0,0,0,1541931,INR,PROCESSED,2026-07-09T15:42:57Z,REF-PAY_AE97B48D
SET_40280C4E,MERCH_014,1812700,36254,6525,0,0,0,1769921,INR,PROCESSED,2026-08-31T08:14:07Z,REF-PAY_97B8ACE3
SET_B14976C4,MERCH_003,1321500,26430,4757,0,0,0,1290313,INR,PROCESSED,2026-08-11T17:41:07Z,REF-PAY_5F25921F
SET_494E9DD7,MERCH_020,1778800,35576,6403,0,0,0,1736821,INR,PROCESSED,2026-08-07T05:11:25Z,REF-PAY_9BE8DA6B
SET_C425E760,MERCH_015,451800,9036,1626,0,0,0,441138,INR,PROCESSED,2026-08-24T00:30:56Z,REF-PAY_F3D7039F
SET_5CBE789B,MERCH_027,1592200,31844,5731,0,0,0,1554625,INR,PROCESSED,2026-07-08T22:33:21Z,REF-PAY_AD4FCB4D
SET_8C3AE5D8,MERCH_040,263300,5266,947,0,0,0,257087,INR,PROCESSED,2026-08-01T15:45:35Z,REF-PAY_ABB8EF2D
SET_28842095,MERCH_035,381300,7626,1372,0,0,0,372302,INR,PROCESSED,2026-08-25T14:31:50Z,REF-PAY_7BEEDE30
SET_ED4A326B,MERCH_033,1304200,26084,4695,0,0,0,1273421,INR,PROCESSED,2026-08-16T15:01:31Z,REF-PAY_A85ABBB6
SET_9065D2C0,MERCH_026,517800,10356,1864,258900,0,0,246680,INR,PROCESSED,2026-08-13T12:03:44Z,REF-PAY_0D14024C
SET_8F302F4C,MERCH_016,1124900,22498,4049,0,0,0,1098353,INR,PROCESSED,2026-07-12T20:29:15Z,SETTLE-MERCH_016-BULK
SET_A9E437A9,MERCH_042,1027100,20542,3697,0,0,0,959761,INR,PROCESSED,2026-07-05T19:29:29Z,REF-PAY_B854BDC8
SET_1F079E24,MERCH_040,708000,14160,2548,0,0,0,691292,INR,PROCESSED,2026-08-18T23:56:15Z,REF-PAY_7AC54A84
SET_203E6C88,MERCH_029,1574600,31492,5668,0,0,0,1537440,INR,PROCESSED,2026-07-06T05:28:20Z,REF-PAY_D0900E27
SET_555D48CF,MERCH_033,232100,4642,835,0,0,0,226623,INR,PROCESSED,2026-07-15T17:37:26Z,REF-PAY_34BCD1B9
SET_92D2C822,MERCH_022,156300,3126,562,0,0,0,152512,INR,PROCESSED,2026-08-30T05:46:10Z,REF-PAY_67AF9D2D
SET_5A33BF98,MERCH_014,809800,16196,2915,0,0,0,790689,INR,PROCESSED,2026-07-11T17:04:10Z,REF-PAY_5E81F602
SET_4E891134,MERCH_014,1188500,23770,4278,0,1188500,0,-28048,INR,PROCESSED,2026-07-10T01:00:30Z,REF-PAY_AD7C9E71
SET_A3BDBEEC,MERCH_043,1720500,34410,6193,0,0,0,1679897,INR,PROCESSED,2026-08-17T23:18:04Z,REF-PAY_A5352057
SET_EBACE7E2,MERCH_037,1585600,31712,5708,0,0,0,1548080,INR,PROCESSED,2026-07-14T05:14:15Z,REF-PAY_F12854AB
SET_A9A56E98,MERCH_016,700600,14012,2522,0,0,0,684066,INR,PROCESSED,2026-07-19T20:08:46Z,REF-PAY_505B673E
SET_7BAFAB88,MERCH_034,1741200,34824,6268,0,0,0,1700108,INR,PROCESSED,2026-07-18T15:38:31Z,REF-PAY_ECFF961A-TYPO
SET_D3D7D1AC,MERCH_001,296900,5938,1068,148450,0,0,141444,INR,PROCESSED,2026-07-30T16:03:03Z,REF-PAY_8603F2C8
SET_66F3A571,MERCH_013,1071900,21438,3858,0,0,0,1046604,INR,PROCESSED,2026-07-09T08:13:34Z,REF-PAY_0EB3D0D8
SET_37FE181B,MERCH_030,1264100,25282,4550,0,0,0,1234268,INR,PROCESSED,2026-07-29T01:53:24Z,REF-PAY_3BCA4963
SET_1572262A,MERCH_036,288400,5768,1038,0,0,0,281594,INR,PROCESSED,2026-07-05T15:09:03Z,SETTLE-MERCH_036-BULK
SET_54DA1A78,MERCH_016,1279500,25590,4606,0,0,0,1249304,INR,PROCESSED,2026-07-21T05:12:17Z,REF-PAY_B2300723
SET_B847C724,MERCH_033,1904000,38080,6854,0,0,0,1859066,INR,PROCESSED,2026-07-31T19:34:18Z,REF-PAY_E19B58BF
SET_200F1DF2,MERCH_035,1640800,32816,5906,0,1640800,0,-38722,INR,PROCESSED,2026-07-25T10:34:20Z,REF-PAY_65F29B7F
SET_36F3208E,MERCH_007,1823000,36460,6562,0,0,0,1780028,INR,PROCESSED,2026-07-21T01:22:47Z,REF-PAY_CF75F199
SET_0404D842,MERCH_025,336600,6732,1211,0,0,0,328657,INR,PROCESSED,2026-08-12T09:07:52Z,REF-PAY_8B3C062B
SET_F262007E,MERCH_023,1776000,35520,6393,0,0,0,1734087,INR,PROCESSED,2026-08-10T06:22:12Z,REF-PAY_49131096
SET_727C29E6,MERCH_037,1948800,38976,7015,0,0,0,1902809,INR,PROCESSED,2026-07-24T12:58:05Z,REF-PAY_4224D528
SET_3760AF07,MERCH_035,1697400,33948,6110,0,0,0,1657342,INR,PROCESSED,2026-07-17T02:44:38Z,REF-PAY_B5BD7161
SET_F6EF95CE,MERCH_049,1691400,33828,6089,0,0,0,1651483,INR,PROCESSED,2026-08-01T20:48:16Z,REF-PAY_6B909CC7
SET_5562F472,MERCH_010,1272100,25442,4579,0,0,0,1242079,INR,PROCESSED,2026-08-28T18:26:01Z,REF-PAY_907AFABA
SET_77D586C8,MERCH_038,1737600,34752,6255,0,1737600,0,-41007,INR,PROCESSED,2026-08-17T21:44:52Z,REF-PAY_EA947730
SET_1A5CD3F2,MERCH_005,1056700,21134,3804,0,0,0,1031762,INR,PROCESSED,2026-09-03T05:05:58Z,SETTLE-MERCH_005-BULK
SET_E40D29D8,MERCH_043,5500000,110000,19800,0,0,0,5370200,INR,PROCESSED,2026-08-10T20:42:11Z,SETTLE-MERCH_043-HV
SET_10F680C2,MERCH_004,1984500,39690,7144,0,0,0,1937666,INR,PROCESSED,2026-08-28T20:07:15Z,REF-PAY_26C03C74-TYPO
SET_256EF7F6,MERCH_046,952500,19050,3429,476250,0,0,453771,INR,PROCESSED,2026-08-24T16:52:09Z,REF-PAY_944663B3
SET_BABF3FCD,MERCH_024,185500,3710,667,0,0,0,181123,INR,PROCESSED,2026-08-29T07:45:59Z,REF-PAY_78DE314B
SET_DAF299AB,MERCH_036,1893100,37862,6815,0,0,0,1848423,INR,PROCESSED,2026-08-09T18:41:56Z,REF-PAY_C4082600
SET_4CCE1E49,MERCH_009,1212900,24258,4366,0,0,0,1184276,INR,PROCESSED,2026-07-12T00:28:17Z,REF-PAY_B412B1ED-TYPO
SET_9700A97F,MERCH_020,637400,12748,2294,0,0,0,622408,INR,PROCESSED,2026-08-28T19:40:14Z,REF-PAY_215DBBBF
SET_CDAD4290,MERCH_037,1136400,22728,4091,0,0,0,1109581,INR,PROCESSED,2026-07-21T04:38:52Z,REF-PAY_65DB6E3A
SET_BFA329D4,MERCH_034,172400,3448,620,0,0,0,168332,INR,PROCESSED,2026-07-03T21:56:32Z,REF-PAY_D389E171
SET_4F1FB3B0,MERCH_032,106900,2138,384,0,0,0,104378,INR,PROCESSED,2026-08-07T00:04:07Z,REF-PAY_8A3C8D84
SET_D1F7D98F,MERCH_008,952100,19042,3427,0,0,0,929681,INR,PROCESSED,2026-09-02T21:44:44Z,REF-PAY_7895D72C
SET_9BE9BFF0,MERCH_023,1372500,27450,4941,0,0,0,1340109,INR,PROCESSED,2026-09-03T16:24:49Z,REF-PAY_A0DC076C-TYPO
SET_24BDAA55,MERCH_041,1356600,27132,4883,0,0,0,1324585,INR,PROCESSED,2026-07-31T21:13:56Z,REF-PAY_EC1C6144
SET_5FA80C18,MERCH_010,893800,17876,3217,0,0,0,872707,INR,PROCESSED,2026-07-14T10:06:01Z,REF-PAY_88A6D836
SET_02DD3ADD,MERCH_028,914300,18286,3291,0,0,0,892723,INR,PROCESSED,2026-08-22T13:20:48Z,SETTLE-MERCH_028-BULK
SET_A944078F,MERCH_016,15000000,300000,54000,0,0,0,14646000,INR,PROCESSED,2026-07-28T11:50:59Z,SETTLE-MERCH_016-HV
SET_F212EA21,MERCH_044,488600,9772,1758,0,0,0,477070,INR,PROCESSED,2026-08-12T19:05:16Z,SETTLE-MERCH_044-BULK
SET_F62A82A4,MERCH_023,1989500,39790,7162,994750,0,0,947798,INR,PROCESSED,2026-07-17T17:46:18Z,REF-PAY_64A69838
SET_328A6929,MERCH_020,1397400,27948,5030,0,0,0,1364422,INR,PROCESSED,2026-08-25T10:33:45Z,REF-PAY_63C636DA
SET_14E41C26,MERCH_020,635200,12704,2286,0,0,0,620210,INR,PROCESSED,2026-08-14T05:03:32Z,REF-PAY_2036F7B3
SET_E16BCFBC,MERCH_038,1241500,24830,4469,0,0,0,1212201,INR,PROCESSED,2026-07-13T05:40:43Z,REF-PAY_E3EF4248
SET_021A2678,MERCH_020,884800,17696,3185,0,0,0,863919,INR,PROCESSED,2026-07-11T17:11:32Z,REF-PAY_BA4FF1AD
SET_51EA595D,MERCH_036,1991200,39824,7168,0,0,0,1944208,INR,PROCESSED,2026-08-04T17:43:08Z,REF-PAY_C09ABA18
SET_409C2B17,MERCH_047,1367500,27350,4923,0,0,0,1335227,INR,PROCESSED,2026-07-10T03:36:18Z,REF-PAY_40110F7E
SET_72BAA7C2,MERCH_013,654100,13082,2354,0,0,0,638714,INR,PROCESSED,2026-08-02T19:51:45Z,REF-PAY_285133F3
SET_7C239B65,MERCH_016,1215900,24318,4377,0,0,0,1187205,INR,PROCESSED,2026-07-12T06:57:23Z,REF-PAY_EAD4D636
SET_6077FA44,MERCH_039,1129800,22596,4067,0,0,0,1071937,INR,PROCESSED,2026-08-16T07:41:12Z,REF-PAY_CD0D0B5B
SET_81215017,MERCH_035,1821800,36436,6558,910900,0,0,867906,INR,PROCESSED,2026-07-15T22:41:54Z,REF-PAY_5E5901C4
SET_DD3C8665,MERCH_038,975900,19518,3513,0,0,0,952869,INR,PROCESSED,2026-08-30T09:27:37Z,REF-PAY_21195F33
SET_4847968A,MERCH_017,771400,15428,2777,0,0,0,753095,INR,PROCESSED,2026-08-17T04:37:44Z,REF-PAY_A7105B75
SET_4DFDCBAE,MERCH_004,237000,4740,853,0,237000,0,-5593,INR,PROCESSED,2026-07-29T23:39:14Z,REF-PAY_535A18EE
SET_A678132E,MERCH_047,176100,3522,633,0,0,0,171945,INR,PROCESSED,2026-08-17T05:29:47Z,REF-PAY_703FD4F9
SET_6EBE0C6E,MERCH_010,973500,19470,3504,0,0,0,950526,INR,PROCESSED,2026-08-15T07:34:07Z,REF-PAY_A611FCDE-TYPO
SET_3F32AAAE,MERCH_013,1925700,38514,6932,0,0,0,1880254,INR,PROCESSED,2026-08-31T21:36:50Z,REF-PAY_A08EC779
SET_D564413F,MERCH_007,1035600,20712,3728,0,0,0,1011160,INR,PROCESSED,2026-09-01T02:31:05Z,REF-PAY_D8395B15
SET_4FCE21E1,MERCH_009,868500,17370,3126,0,0,0,847904,INR,PROCESSED,2026-07-24T23:38:47Z,REF-PAY_E7C1EB72
SET_19167755,MERCH_015,439400,8788,1581,0,0,0,429031,INR,PROCESSED,2026-08-07T12:14:47Z,REF-PAY_C57FB34A
SET_A35B0C3B,MERCH_012,1981600,39632,7133,0,0,0,1934835,INR,PROCESSED,2026-08-26T11:06:07Z,REF-PAY_2D6FC563
SET_F0FAAE62,MERCH_044,1847300,36946,6650,0,0,0,1803704,INR,PROCESSED,2026-07-04T06:51:48Z,REF-PAY_BE1FF487
SET_DD63BCF1,MERCH_037,874000,17480,3146,0,0,0,853374,INR,PROCESSED,2026-08-04T02:26:23Z,SETTLE-MERCH_037-BULK
SET_46148D94,MERCH_003,751600,15032,2705,0,0,0,733863,INR,PROCESSED,2026-08-25T08:19:30Z,REF-PAY_0DD19F62
SET_58DEEF67,MERCH_013,438600,8772,1578,0,0,0,428250,INR,PROCESSED,2026-08-22T20:01:05Z,REF-PAY_FCBF2398
SET_B70CFC23,MERCH_026,1090400,21808,3925,0,0,0,1064717,INR,PROCESSED,2026-07-13T03:11:14Z,REF-PAY_2144EB81
SET_DFCD0B6C,MERCH_041,99100,1982,356,0,0,0,96812,INR,PROCESSED,2026-07-04T04:00:48Z,REF-PAY_29055E78
SET_041C5703,MERCH_040,1722900,34458,6202,0,0,0,1682240,INR,PROCESSED,2026-07-14T04:17:04Z,REF-PAY_106EA486
SET_1A9492B4,MERCH_035,909600,18192,3274,454800,0,0,433334,INR,PROCESSED,2026-07-31T22:07:33Z,REF-PAY_42BB82CA
SET_3ECD965A,MERCH_005,255100,5102,918,0,0,0,249130,INR,PROCESSED,2026-08-06T10:53:46Z,REF-PAY_61FDEB50
SET_1847B15E,MERCH_032,1197700,23954,4311,0,0,0,1169435,INR,PROCESSED,2026-08-25T16:06:50Z,REF-PAY_A90194AD
SET_C8DCC43F,MERCH_007,477200,9544,1717,0,0,0,465939,INR,PROCESSED,2026-08-07T11:39:11Z,REF-PAY_A7CD5895
SET_044B3CDB,MERCH_015,550600,11012,1982,0,0,0,537656,INR,PROCESSED,2026-07-22T07:15:18Z,REF-PAY_9EFB145C
SET_F94FCC0E,MERCH_027,709000,14180,2552,0,0,0,692268,INR,PROCESSED,2026-08-19T01:21:00Z,SETTLE-MERCH_027-BULK
SET_B6B40979,MERCH_048,1491700,29834,5370,0,0,0,1456496,INR,PROCESSED,2026-07-09T00:46:20Z,REF-PAY_181B0329
SET_E4602D1E,MERCH_028,214800,4296,773,0,0,0,209731,INR,PROCESSED,2026-07-16T23:12:35Z,REF-PAY_B9AF8526
SET_915D9F5C,MERCH_026,1400700,28014,5042,0,0,0,1367644,INR,PROCESSED,2026-08-30T10:25:52Z,REF-PAY_F92D9F97-TYPO
SET_52BB1CB7,MERCH_036,852700,17054,3069,0,0,0,832627,INR,PROCESSED,2026-07-07T02:08:49Z,REF-PAY_BD9C3DFF
SET_80FB9522,MERCH_019,115300,2306,415,0,0,0,112579,INR,PROCESSED,2026-07-11T13:58:35Z,REF-PAY_A4752CDF
SET_53F2A1E3,MERCH_047,364400,7288,1311,0,0,0,355701,INR,PROCESSED,2026-07-17T06:55:46Z,REF-PAY_00049282
SET_DE712F8B,MERCH_009,282200,5644,1015,0,0,0,275541,INR,PROCESSED,2026-08-27T17:49:47Z,REF-PAY_75927854
SET_E31303E2,MERCH_048,901200,18024,3244,0,901200,0,-21268,INR,PROCESSED,2026-08-09T02:35:29Z,REF-PAY_AD122936
SET_38F55855,MERCH_032,1466600,29332,5279,0,0,0,1431989,INR,PROCESSED,2026-08-29T12:57:55Z,REF-PAY_239A5BE0-TYPO
SET_2671AAEA,MERCH_048,1459900,29198,5255,0,0,0,1425447,INR,PROCESSED,2026-08-13T16:07:53Z,REF-PAY_0B2275DA
SET_7FA6E863,MERCH_028,141700,2834,510,0,0,0,103756,INR,PROCESSED,2026-08-05T10:47:09Z,REF-PAY_FE9A18E1
SET_0804F348,MERCH_049,741500,14830,2669,0,0,0,724001,INR,PROCESSED,2026-09-01T04:58:58Z,REF-PAY_012BEF13
SET_DEFC6137,MERCH_003,1015800,20316,3656,507900,0,0,483928,INR,PROCESSED,2026-07-08T22:52:59Z,REF-PAY_737DCC4C
SET_C96BE24A,MERCH_030,147100,2942,529,0,0,0,143629,INR,PROCESSED,2026-08-05T20:31:59Z,REF-PAY_86FC394E
SET_66EB4697,MERCH_040,1988200,39764,7157,0,0,0,1941279,INR,PROCESSED,2026-08-25T03:13:49Z,REF-PAY_E5C7A019
SET_7800ACC9,MERCH_036,360000,7200,1296,0,0,0,351504,INR,PROCESSED,2026-07-15T17:56:19Z,REF-PAY_86192A17
SET_452F0AEE,MERCH_003,836200,16724,3010,418100,0,0,398366,INR,PROCESSED,2026-07-30T08:26:51Z,REF-PAY_ED6E50E0
SET_B4C55F6A,MERCH_027,744900,14898,2681,0,0,0,727321,INR,PROCESSED,2026-08-28T09:40:23Z,REF-PAY_8E823FF4
SET_3EE82AD4,MERCH_012,80600,1612,290,0,0,0,78698,INR,PROCESSED,2026-07-22T18:52:38Z,REF-PAY_279985F5
SET_56120088,MERCH_039,1960600,39212,7058,0,0,0,1914330,INR,PROCESSED,2026-08-12T17:35:08Z,REF-PAY_1CE13458
SET_6B3BABE5,MERCH_013,1906500,38130,6863,0,0,0,1861507,INR,PROCESSED,2026-07-04T20:33:52Z,REF-PAY_2F369507
SET_C3BE4162,MERCH_015,369000,7380,1328,0,0,0,360292,INR,PROCESSED,2026-07-25T18:24:16Z,REF-PAY_E9841B1F
SET_2D589E99,MERCH_037,1183600,23672,4260,0,0,0,1155568,INR,PROCESSED,2026-07-19T17:34:56Z,REF-PAY_6414C5B4
SET_D04FF1DD,MERCH_038,484500,9690,1744,0,0,0,473116,INR,PROCESSED,2026-07-08T17:38:00Z,REF-PAY_D127F3A4
SET_FBCC83AD,MERCH_010,635200,12704,2286,0,0,0,620110,INR,PROCESSED,2026-07-09T23:10:54Z,REF-PAY_3C7DD93D
SET_B4B1CCA2,MERCH_017,799200,15984,2877,0,0,0,780339,INR,PROCESSED,2026-07-22T19:04:45Z,REF-PAY_193FEA43
SET_B081896A,MERCH_015,560700,11214,2018,0,0,0,547368,INR,PROCESSED,2026-09-03T10:27:16Z,REF-PAY_DECA2FFD
SET_42A896C4,MERCH_011,15000000,300000,54000,0,0,0,14646000,INR,PROCESSED,2026-07-30T14:56:30Z,SETTLE-MERCH_011-HV
SET_DD239035,MERCH_044,1640800,32816,5906,0,0,0,1602078,INR,PROCESSED,2026-07-12T03:48:41Z,REF-PAY_33A22C3D
SET_45DDE6FB,MERCH_001,77100,1542,277,0,0,0,75281,INR,PROCESSED,2026-07-11T06:53:59Z,REF-PAY_35073B49
SET_9A63144B,MERCH_020,15700,314,56,0,0,0,15230,INR,PROCESSED,2026-09-01T19:39:20Z,REF-PAY_2D11AAEC
SET_8D3F17D0,MERCH_010,1561000,31220,5619,0,0,0,1524161,INR,PROCESSED,2026-07-05T20:29:57Z,REF-PAY_321796E6
SET_3A04F97A,MERCH_023,1300400,26008,4681,0,0,0,1224711,INR,PROCESSED,2026-08-31T02:29:14Z,REF-PAY_ACF7919B
SET_33459E29,MERCH_047,339000,6780,1220,0,0,0,331050,INR,PROCESSED,2026-08-04T18:53:55Z,REF-PAY_C1D4B3C6
SET_B49909F0,MERCH_045,300700,6014,1082,0,0,0,293604,INR,PROCESSED,2026-07-24T02:28:14Z,REF-PAY_36EB70B0
SET_3023ACCD,MERCH_013,510500,10210,1837,0,0,0,498453,INR,PROCESSED,2026-07-18T19:55:47Z,REF-PAY_B3B36FCA-TYPO
SET_3E937A8F,MERCH_036,641600,12832,2309,0,0,0,626459,INR,PROCESSED,2026-08-11T12:15:30Z,REF-PAY_B86955F2
SET_DCA34E1D,MERCH_003,1075700,21514,3872,0,0,0,1019114,INR,PROCESSED,2026-07-22T04:14:28Z,REF-PAY_DAD02030
SET_ED95FF04,MERCH_001,1060000,21200,3816,0,0,0,1034984,INR,PROCESSED,2026-07-28T11:05:26Z,REF-PAY_A2883E2E
SET_6DABEF5E,MERCH_036,1340700,26814,4826,0,0,0,1309060,INR,PROCESSED,2026-08-11T17:20:52Z,REF-PAY_79011D7A
SET_862B589C,MERCH_009,150100,3002,540,0,0,0,146458,INR,PROCESSED,2026-08-20T16:26:48Z,REF-PAY_E56FE5BC
SET_29E35C55,MERCH_043,958600,19172,3450,0,0,0,935978,INR,PROCESSED,2026-08-30T00:19:04Z,REF-PAY_B19EDCD5
SET_939653F9,MERCH_026,773200,15464,2783,0,0,0,754953,INR,PROCESSED,2026-07-07T11:06:57Z,REF-PAY_9181BEC0
SET_858556BD,MERCH_038,1671300,33426,6016,0,1671300,0,-39442,INR,PROCESSED,2026-07-30T18:33:26Z,REF-PAY_61ECA3E5
SET_67B20DDB,MERCH_032,983700,19674,3541,0,0,0,960485,INR,PROCESSED,2026-08-27T10:21:35Z,REF-PAY_44468294
SET_BB89FEAE,MERCH_026,1120400,22408,4033,0,0,0,1093959,INR,PROCESSED,2026-08-03T04:17:55Z,REF-PAY_D7CCD016
SET_5768AF27,MERCH_022,898200,17964,3233,0,0,0,877003,INR,PROCESSED,2026-07-27T07:11:45Z,REF-PAY_87FDD26C
SET_A6258A71,MERCH_016,1191300,23826,4288,0,0,0,1163186,INR,PROCESSED,2026-07-10T09:38:16Z,REF-PAY_4EFBA0B5
SET_2C877AF7,MERCH_035,15000000,300000,54000,0,0,0,14646000,INR,PROCESSED,2026-08-21T15:30:49Z,SETTLE-MERCH_035-HV
SET_F02B0418,MERCH_037,1339100,26782,4820,0,0,0,1307498,INR,PROCESSED,2026-07-09T10:28:12Z,REF-PAY_0A271587
SET_8A21CA99,MERCH_011,516200,10324,1858,0,0,0,504018,INR,PROCESSED,2026-07-19T06:14:16Z,REF-PAY_8418DA60
SET_AD970EC6,MERCH_006,500500,10010,1801,0,0,0,488739,INR,PROCESSED,2026-08-10T01:16:50Z,REF-PAY_00AC6FC7
SET_4D1EA814,MERCH_035,1515400,30308,5455,0,0,0,1479637,INR,PROCESSED,2026-08-05T22:02:27Z,REF-PAY_45C9A47A
SET_B069FDA5,MERCH_049,1158500,23170,4170,0,0,0,1131160,INR,PROCESSED,2026-07-15T23:29:53Z,REF-PAY_0BF47CF1
SET_209837F0,MERCH_020,285300,5706,1027,0,0,0,278567,INR,PROCESSED,2026-07-26T10:55:50Z,REF-PAY_B4CCABE3
SET_0A539C0B,MERCH_039,57200,1144,205,0,0,0,55851,INR,PROCESSED,2026-07-19T05:18:51Z,REF-PAY_B70482CB
SET_C87B9319,MERCH_029,1125300,22506,4051,0,0,0,1098643,INR,PROCESSED,2026-08-02T07:27:32Z,REF-PAY_C7015E87
SET_BA3AF34B,MERCH_028,489000,9780,1760,0,0,0,477460,INR,PROCESSED,2026-07-30T01:44:47Z,REF-PAY_2847AC20
SET_83C3FB8C,MERCH_002,1543500,30870,5556,0,0,0,1507124,INR,PROCESSED,2026-07-23T02:10:05Z,REF-PAY_22AEE998
SET_932A6271,MERCH_037,52800,1056,190,0,0,0,51554,INR,PROCESSED,2026-08-21T15:09:56Z,REF-PAY_A6980F1C
SET_EC314D7E,MERCH_022,380800,7616,1370,0,0,0,371814,INR,PROCESSED,2026-07-08T22:32:33Z,REF-PAY_AEA01387
SET_270ED53C,MERCH_033,411500,8230,1481,205750,0,0,196039,INR,PROCESSED,2026-08-22T01:25:17Z,REF-PAY_515051E9
SET_08AF7C06,MERCH_020,885900,17718,3189,0,0,0,864993,INR,PROCESSED,2026-08-30T09:38:42Z,REF-PAY_5D2818A8
SET_6BBA5D35,MERCH_014,1002100,20042,3607,0,0,0,978351,INR,PROCESSED,2026-08-06T05:29:04Z,REF-PAY_D6AE3441
SET_B4C62AEE,MERCH_049,1546000,30920,5565,0,0,0,1509515,INR,PROCESSED,2026-08-07T23:34:07Z,REF-PAY_1D724C88-TYPO
SET_BBED2BB9,MERCH_011,430300,8606,1549,0,0,0,420145,INR,PROCESSED,2026-08-04T04:27:07Z,REF-PAY_371EC2E5
SET_1F8BC99F,MERCH_022,513600,10272,1848,0,0,0,501480,INR,PROCESSED,2026-08-17T07:47:33Z,REF-PAY_C681B85C
SET_4877291F,MERCH_004,944900,18898,3401,0,0,0,922601,INR,PROCESSED,2026-08-18T04:20:25Z,SETTLE-MERCH_004-BULK
SET_838B6E75,MERCH_017,1804900,36098,6497,0,0,0,1762305,INR,PROCESSED,2026-07-14T10:10:36Z,REF-PAY_40D72AAF
SET_BA0AC9BA,MERCH_032,860700,17214,3098,0,0,0,840388,INR,PROCESSED,2026-07-14T15:37:08Z,REF-PAY_C2B3C3C5
SET_EC0CE0B0,MERCH_011,412600,8252,1485,0,0,0,402863,INR,PROCESSED,2026-08-22T10:11:53Z,REF-PAY_BF7A6CF2
SET_E50DA15E,MERCH_036,354400,7088,1275,0,0,0,346037,INR,PROCESSED,2026-07-30T03:42:25Z,REF-PAY_47B9F3D1
SET_960EA64D,MERCH_039,945300,18906,3403,0,0,0,922991,INR,PROCESSED,2026-07-08T14:52:04Z,REF-PAY_7DF2D92F
SET_3DA1EB54,MERCH_027,540000,10800,1944,0,0,0,527256,INR,PROCESSED,2026-07-27T22:27:52Z,REF-PAY_1581E156
SET_7F2DCA44,MERCH_001,1834700,36694,6604,0,0,0,1791402,INR,PROCESSED,2026-08-08T19:08:23Z,REF-PAY_F5BA0B55
SET_E6755E6C,MERCH_003,197500,3950,711,98750,0,0,94089,INR,PROCESSED,2026-07-06T17:47:50Z,REF-PAY_02D09072
SET_871E141B,MERCH_035,1032000,20640,3715,0,0,0,1007645,INR,PROCESSED,2026-07-05T21:09:18Z,REF-PAY_B16FEDB9
SET_3267D736,MERCH_006,1868400,37368,6726,0,0,0,1824356,INR,PROCESSED,2026-07-22T02:00:47Z,REF-PAY_42090785
SET_6286FAE1,MERCH_008,95700,1914,344,0,0,0,93442,INR,PROCESSED,2026-07-21T23:31:35Z,REF-PAY_8A501520
SET_DD6F2542,MERCH_015,866400,17328,3119,0,0,0,845953,INR,PROCESSED,2026-07-13T14:59:20Z,REF-PAY_C2385972
SET_487D603B,MERCH_038,1339700,26794,4822,0,0,0,1308084,INR,PROCESSED,2026-08-22T14:21:43Z,REF-PAY_60AD616B
SET_4848F764,MERCH_049,1204800,24096,4337,0,0,0,1176367,INR,PROCESSED,2026-07-19T04:27:45Z,REF-PAY_64C627B5
SET_960381A6,MERCH_033,148200,2964,533,0,0,0,144753,INR,PROCESSED,2026-08-28T19:45:40Z,REF-PAY_11B65085
SET_2139984B,MERCH_026,201500,4030,725,0,0,0,196745,INR,PROCESSED,2026-08-08T06:05:28Z,REF-PAY_C3B4016E
SET_65083FAD,MERCH_032,1778400,35568,6402,0,0,0,1736430,INR,PROCESSED,2026-08-17T13:43:43Z,REF-PAY_D66F984E
SET_40106C2C,MERCH_012,1669100,33382,6008,0,0,0,1629710,INR,PROCESSED,2026-07-28T13:11:34Z,REF-PAY_94B35BB1
SET_90975CBB,MERCH_042,1736400,34728,6251,0,0,0,1695421,INR,PROCESSED,2026-08-21T13:06:05Z,REF-PAY_24BEBF0C
SET_4FFAEB49,MERCH_042,380400,7608,1369,0,0,0,371423,INR,PROCESSED,2026-08-01T16:23:02Z,REF-PAY_9C028499-TYPO
SET_AF3750E2,MERCH_035,328800,6576,1183,0,0,0,321041,INR,PROCESSED,2026-08-14T07:01:40Z,REF-PAY_66C2B943
SET_CA0AA97B,MERCH_011,619600,12392,2230,0,0,0,604978,INR,PROCESSED,2026-07-18T11:36:47Z,REF-PAY_9A19F4CA
SET_87769255,MERCH_030,919900,18398,3311,459950,0,0,438241,INR,PROCESSED,2026-09-03T00:20:36Z,REF-PAY_185A74F2
SET_0BECB20E,MERCH_046,1565400,31308,5635,0,0,0,1528457,INR,PROCESSED,2026-08-14T00:45:27Z,REF-PAY_8544932A
SET_9454E47C,MERCH_046,19200,384,69,9600,0,0,9147,INR,PROCESSED,2026-07-07T23:51:36Z,REF-PAY_2067FFD7
SET_85EB9952,MERCH_007,1727300,34546,6218,0,0,0,1686536,INR,PROCESSED,2026-07-31T05:09:52Z,REF-PAY_017467FB-TYPO
SET_11536712,MERCH_049,1520800,30416,5474,760400,0,0,724510,INR,PROCESSED,2026-07-19T23:33:50Z,REF-PAY_16BE3E68
SET_36CE55A6,MERCH_034,1914000,38280,6890,0,0,0,1868830,INR,PROCESSED,2026-07-06T10:51:08Z,REF-PAY_C15991EB
SET_611DA4B9,MERCH_017,251700,5034,906,0,0,0,245760,INR,PROCESSED,2026-07-08T15:33:48Z,REF-PAY_E9092CC4
SET_C298E4E5,MERCH_038,732700,14654,2637,0,0,0,715409,INR,PROCESSED,2026-07-20T06:39:19Z,REF-PAY_E3FE0AD2
SET_EB8A2566,MERCH_044,1615500,32310,5815,0,0,0,1577375,INR,PROCESSED,2026-07-24T07:43:54Z,REF-PAY_30E07B79
SET_D1ED87F0,MERCH_045,983700,19674,3541,0,0,0,960485,INR,PROCESSED,2026-07-18T05:52:16Z,REF-PAY_4B1482EC
SET_4F7D23E3,MERCH_041,1599600,31992,5758,0,0,0,1561850,INR,PROCESSED,2026-07-07T01:55:39Z,REF-PAY_48C5BE01
SET_5585DAA1,MERCH_017,1816900,36338,6540,0,0,0,1774022,INR,PROCESSED,2026-08-18T18:38:25Z,SETTLE-MERCH_017-BULK
SET_39912F9B,MERCH_039,1677100,33542,6037,0,0,0,1637521,INR,PROCESSED,2026-07-23T04:23:39Z,SETTLE-MERCH_039-BULK
SET_5D3907FD,MERCH_008,371100,7422,1335,0,0,0,362343,INR,PROCESSED,2026-07-26T05:19:57Z,REF-PAY_3FA544EE
SET_6BA6F130,MERCH_021,1619600,32392,5830,0,0,0,1581428,INR,PROCESSED,2026-08-07T19:33:46Z,REF-PAY_A81B04D2
SET_436A682A,MERCH_002,1388300,27766,4997,0,0,0,1355537,INR,PROCESSED,2026-08-09T23:00:02Z,REF-PAY_96C0B6AC
SET_8E40CB55,MERCH_002,1347400,26948,4850,0,0,0,1315602,INR,PROCESSED,2026-08-06T23:35:23Z,REF-PAY_FBF64777
SET_405D88E0,MERCH_012,1677900,33558,6040,0,0,0,1638302,INR,PROCESSED,2026-08-19T03:08:35Z,SETTLE-MERCH_012-BULK
SET_74584C81,MERCH_014,1300300,26006,4681,0,1300300,0,-30687,INR,PROCESSED,2026-09-02T03:50:51Z,REF-PAY_BC4EA215
SET_2E72971A,MERCH_047,887200,17744,3193,0,0,0,866263,INR,PROCESSED,2026-07-29T20:35:42Z,REF-PAY_45B39B5C
SET_709DB56E,MERCH_003,978400,19568,3522,0,0,0,955310,INR,PROCESSED,2026-07-17T17:39:16Z,REF-PAY_68DE3719
SET_70E3CB67,MERCH_002,234100,4682,842,117050,0,0,111526,INR,PROCESSED,2026-08-12T20:52:45Z,REF-PAY_BCEC57B1
SET_EEE6A4D6,MERCH_037,636100,12722,2289,0,0,0,621089,INR,PROCESSED,2026-07-18T00:05:17Z,REF-PAY_F5EE589E
SET_42F7D6B5,MERCH_025,177800,3556,640,0,0,0,173604,INR,PROCESSED,2026-08-02T02:17:07Z,REF-PAY_F4C053CC
SET_745A5C14,MERCH_003,1104400,22088,3975,0,0,0,1078337,INR,PROCESSED,2026-08-11T18:11:39Z,REF-PAY_E429D455
SET_A8D09288,MERCH_044,817200,16344,2941,0,0,0,797915,INR,PROCESSED,2026-09-03T11:18:57Z,REF-PAY_FE0C7601
SET_6A71FF0B,MERCH_027,925800,18516,3332,0,0,0,903952,INR,PROCESSED,2026-08-25T18:05:52Z,SETTLE-MERCH_027-BULK
SET_A5701CED,MERCH_041,1217900,24358,4384,0,0,0,1189058,INR,PROCESSED,2026-07-24T21:31:46Z,REF-PAY_774E39D9
SET_1F503C47,MERCH_036,378600,7572,1362,0,0,0,369666,INR,PROCESSED,2026-07-16T09:21:58Z,REF-PAY_0DA35C0F
SET_62DA0EB0,MERCH_049,627400,12548,2258,0,0,0,607594,INR,PROCESSED,2026-07-09T09:49:59Z,REF-PAY_B965056D
SET_B0370C15,MERCH_037,957500,19150,3447,0,0,0,934903,INR,PROCESSED,2026-07-13T12:41:29Z,REF-PAY_99D0E2B2
SET_A9C05777,MERCH_003,1807400,36148,6506,0,0,0,1764746,INR,PROCESSED,2026-08-20T22:51:49Z,REF-PAY_FBCE3C53-TYPO
SET_2E1B2397,MERCH_048,555200,11104,1998,0,0,0,542098,INR,PROCESSED,2026-07-19T12:31:03Z,REF-PAY_420115B1
SET_DF033B29,MERCH_019,1781700,35634,6414,0,0,0,1739652,INR,PROCESSED,2026-09-01T17:29:40Z,REF-PAY_79697867
SET_A6FD0E17,MERCH_019,1287800,25756,4636,0,0,0,1257408,INR,PROCESSED,2026-07-03T04:44:41Z,REF-PAY_BFB59F45
SET_30A2DE59,MERCH_026,1775700,35514,6392,0,0,0,1733794,INR,PROCESSED,2026-08-25T06:29:24Z,REF-PAY_DCB35A0D
SET_17AD6701,MERCH_042,840600,16812,3026,0,0,0,820762,INR,PROCESSED,2026-08-29T23:59:02Z,REF-PAY_CB1094B6
SET_F35CB9CC,MERCH_045,736100,14722,2649,0,0,0,718729,INR,PROCESSED,2026-08-14T14:36:43Z,REF-PAY_871F7714
SET_DE60D4CF,MERCH_016,1186300,23726,4270,0,1186300,0,-27996,INR,PROCESSED,2026-07-17T11:57:01Z,REF-PAY_56BB5185
SET_D7FCAF55,MERCH_019,963100,19262,3467,0,0,0,940421,INR,PROCESSED,2026-07-17T08:45:05Z,REF-PAY_768C305F
SET_6F222DBF,MERCH_032,912600,18252,3285,0,912600,0,-21537,INR,PROCESSED,2026-08-11T06:38:56Z,REF-PAY_87727A5F
SET_3E36D2E5,MERCH_042,592300,11846,2132,0,0,0,578322,INR,PROCESSED,2026-07-06T19:44:20Z,REF-PAY_C5674C85
SET_1AC8CEF8,MERCH_043,46900,938,168,0,0,0,45794,INR,PROCESSED,2026-08-30T23:32:22Z,REF-PAY_25EAD8BE
SET_C9EBF177,MERCH_040,80300,1606,289,0,0,0,78405,INR,PROCESSED,2026-07-15T16:38:42Z,REF-PAY_956B5BCE
SET_2509BD24,MERCH_007,655000,13100,2358,0,0,0,639592,INR,PROCESSED,2026-07-08T11:46:44Z,REF-PAY_2BB454F4
SET_ABE49808,MERCH_009,1416500,28330,5099,0,0,0,1383071,INR,PROCESSED,2026-09-03T02:09:24Z,REF-PAY_F0DCE41C
SET_2343D2FA,MERCH_034,885400,17708,3187,0,0,0,864505,INR,PROCESSED,2026-08-03T21:42:19Z,REF-PAY_232453E7
SET_2670D3CE,MERCH_037,400600,8012,1442,0,400600,0,-9454,INR,PROCESSED,2026-08-30T02:52:09Z,REF-PAY_A38695DC
SET_4BB9F328,MERCH_004,1042400,20848,3752,0,0,0,1017800,INR,PROCESSED,2026-07-23T07:03:36Z,REF-PAY_25C0F636
SET_D8584A94,MERCH_002,334100,6682,1202,0,0,0,326216,INR,PROCESSED,2026-08-05T23:44:49Z,REF-PAY_4F8003ED
SET_3726A481,MERCH_008,313400,6268,1128,0,0,0,306004,INR,PROCESSED,2026-08-17T13:36:08Z,REF-PAY_6A09F1C8
SET_8D75D640,MERCH_019,1642300,32846,5912,0,0,0,1603542,INR,PROCESSED,2026-07-15T23:24:46Z,REF-PAY_09719B91
SET_D8881039,MERCH_013,1945800,38916,7004,0,0,0,1899880,INR,PROCESSED,2026-08-15T07:13:15Z,REF-PAY_C7199F58-TYPO
SET_4C336D88,MERCH_011,571700,11434,2058,0,571700,0,-13492,INR,PROCESSED,2026-08-12T18:35:13Z,REF-PAY_710BB631
SET_08275A3D,MERCH_035,571400,11428,2057,0,0,0,557915,INR,PROCESSED,2026-09-01T02:19:35Z,REF-PAY_BBF7ED73
SET_65F38805,MERCH_011,162900,3258,586,0,162900,0,-3844,INR,PROCESSED,2026-08-11T16:41:30Z,REF-PAY_E13C8EC2
SET_4722277E,MERCH_024,1614900,32298,5813,0,0,0,1576789,INR,PROCESSED,2026-08-13T23:27:53Z,REF-PAY_0D61577B
SET_AE146C37,MERCH_048,1477300,29546,5318,0,0,0,1442436,INR,PROCESSED,2026-08-02T18:01:59Z,REF-PAY_2B9A4D5B-TYPO
SET_84CBDCA7,MERCH_011,1391500,27830,5009,0,0,0,1358661,INR,PROCESSED,2026-08-21T16:26:06Z,REF-PAY_3F1A6D7E
SET_6553F57D,MERCH_012,532800,10656,1918,0,0,0,520226,INR,PROCESSED,2026-07-30T06:44:10Z,SETTLE-MERCH_012-BULK
SET_5CFFC54B,MERCH_036,1152800,23056,4150,0,0,0,1125594,INR,PROCESSED,2026-07-28T15:01:20Z,REF-PAY_D28515B2
SET_6873BE2F,MERCH_001,1897700,37954,6831,0,0,0,1852915,INR,PROCESSED,2026-07-08T14:43:10Z,REF-PAY_BA112386
SET_29FF3D91,MERCH_047,442200,8844,1591,0,0,0,431765,INR,PROCESSED,2026-08-25T15:57:58Z,REF-PAY_E69DE9FB
SET_A4530BD2,MERCH_006,30000000,600000,108000,0,0,0,29292000,INR,PROCESSED,2026-07-25T00:11:44Z,SETTLE-MERCH_006-HV
SET_C46B7B20,MERCH_024,45100,902,162,0,0,0,4936,INR,PROCESSED,2026-07-22T01:45:27Z,REF-PAY_1682329F
SET_0656EFBD,MERCH_042,532800,10656,1918,0,0,0,520226,INR,PROCESSED,2026-08-17T16:10:05Z,REF-PAY_532E0A28
SET_AEAC13C6,MERCH_045,1150900,23018,4143,0,0,0,1123739,INR,PROCESSED,2026-08-08T01:33:38Z,REF-PAY_D47CCF68
SET_AC98DD69,MERCH_022,1019400,20388,3669,0,0,0,995343,INR,PROCESSED,2026-08-11T06:42:08Z,REF-PAY_A9A29558
SET_14B2C61C,MERCH_014,1265700,25314,4556,0,0,0,1235830,INR,PROCESSED,2026-08-15T23:21:27Z,SETTLE-MERCH_014-BULK
SET_EDD1ADE7,MERCH_038,726400,14528,2615,0,0,0,709257,INR,PROCESSED,2026-08-14T00:42:05Z,REF-PAY_3F968219
SET_1846D12F,MERCH_012,1820900,36418,6555,0,0,0,1777927,INR,PROCESSED,2026-07-06T23:43:42Z,REF-PAY_414105A5
SET_0BF4FFA4,MERCH_041,1200900,24018,4323,0,0,0,1172559,INR,PROCESSED,2026-07-19T07:13:55Z,REF-PAY_2CD3EF5F
SET_942EC11A,MERCH_027,465800,9316,1676,0,0,0,454808,INR,PROCESSED,2026-07-22T16:19:37Z,SETTLE-MERCH_027-BULK
SET_18FC87E1,MERCH_046,1574600,31492,5668,0,0,0,1519340,INR,PROCESSED,2026-07-25T14:44:35Z,REF-PAY_7F492358
SET_DFFB7550,MERCH_041,367500,7350,1323,183750,0,0,175077,INR,PROCESSED,2026-08-16T12:46:48Z,REF-PAY_41D1FD49
SET_DEE6B84F,MERCH_021,416500,8330,1499,0,416500,0,-9829,INR,PROCESSED,2026-08-25T06:14:42Z,REF-PAY_7A9FEFC6
SET_8D547BAB,MERCH_040,1070100,21402,3852,535050,0,0,509796,INR,PROCESSED,2026-07-22T03:51:23Z,REF-PAY_4E96A6EE
SET_2A14E95B,MERCH_031,1038100,20762,3737,0,0,0,1013601,INR,PROCESSED,2026-07-07T08:06:30Z,REF-PAY_4C07EB40
SET_43372179,MERCH_047,833100,16662,2999,0,0,0,769139,INR,PROCESSED,2026-08-15T05:01:06Z,REF-PAY_5BA0AF3F
SET_6AF6E02B,MERCH_022,874500,17490,3148,0,0,0,853862,INR,PROCESSED,2026-08-25T01:02:36Z,REF-PAY_1C0B6D2D
SET_7C44F377,MERCH_046,1007500,20150,3627,0,0,0,983723,INR,PROCESSED,2026-08-10T11:02:46Z,REF-PAY_5C4808FC
SET_AFB774FD,MERCH_001,1133700,22674,4081,0,0,0,1106945,INR,PROCESSED,2026-08-03T23:34:01Z,REF-PAY_71881C80
SET_4E03CBD6,MERCH_002,847300,16946,3050,0,0,0,827304,INR,PROCESSED,2026-07-19T22:13:32Z,REF-PAY_E428202A
SET_96911578,MERCH_031,15400,308,55,0,0,0,15037,INR,PROCESSED,2026-08-22T21:55:39Z,REF-PAY_BE412E34
SET_3F55639C,MERCH_004,484800,9696,1745,0,0,0,473259,INR,PROCESSED,2026-08-26T21:42:19Z,REF-PAY_4EFE49F7
SET_DF05D3FC,MERCH_039,1005800,20116,3620,0,0,0,982064,INR,PROCESSED,2026-08-30T14:58:40Z,REF-PAY_B9C56A7E-TYPO
SET_AB5AF076,MERCH_015,1647000,32940,5929,0,0,0,1608131,INR,PROCESSED,2026-08-22T13:28:52Z,REF-PAY_1E651962
SET_3EA516EA,MERCH_026,1816800,36336,6540,0,1816800,0,-42876,INR,PROCESSED,2026-08-17T05:09:54Z,REF-PAY_547CBB6D
SET_53CD596C,MERCH_040,1089700,21794,3922,0,0,0,1063984,INR,PROCESSED,2026-07-11T21:02:03Z,REF-PAY_F43F2CDF
SET_1F4D1CAB,MERCH_024,1789000,35780,6440,0,0,0,1746780,INR,PROCESSED,2026-08-27T05:27:14Z,REF-PAY_3B7054CE
SET_A0AF59E1,MERCH_031,1696000,33920,6105,0,0,0,1655975,INR,PROCESSED,2026-07-09T01:53:42Z,REF-PAY_C716EF2B
SET_8226C266,MERCH_013,469200,9384,1689,0,0,0,458127,INR,PROCESSED,2026-07-06T08:34:33Z,REF-PAY_7B9F2292
SET_81943849,MERCH_006,661400,13228,2381,0,661400,0,-15609,INR,PROCESSED,2026-08-28T22:30:46Z,REF-PAY_E308FE3C
SET_A5F7AD77,MERCH_031,255300,5106,919,127650,0,0,121625,INR,PROCESSED,2026-07-30T12:24:16Z,REF-PAY_D8C6842D
SET_C46D35E5,MERCH_043,1644200,32884,5919,0,0,0,1605397,INR,PROCESSED,2026-07-26T11:50:20Z,REF-PAY_1A9E24E5-TYPO
SET_69510856,MERCH_035,1140400,22808,4105,0,0,0,1113487,INR,PROCESSED,2026-08-25T07:25:39Z,REF-PAY_2BD4DA4E
SET_BEA3A74D,MERCH_045,308800,6176,1111,0,0,0,301513,INR,PROCESSED,2026-07-16T17:23:56Z,REF-PAY_F1A83786
SET_6D314C03,MERCH_037,1784300,35686,6423,0,0,0,1742191,INR,PROCESSED,2026-07-27T03:50:14Z,REF-PAY_63593635
SET_038173FC,MERCH_026,220400,4408,793,0,0,0,215199,INR,PROCESSED,2026-07-24T13:59:59Z,REF-PAY_0EE4356E
SET_AD1A0216,MERCH_031,1592600,31852,5733,0,0,0,1555065,INR,PROCESSED,2026-07-07T15:54:39Z,REF-PAY_D5B93542
SET_3E2F70D1,MERCH_009,1182500,23650,4257,0,0,0,1154493,INR,PROCESSED,2026-08-16T20:04:12Z,REF-PAY_2F9C46B5
SET_1933430A,MERCH_011,1133200,22664,4079,0,0,0,1106457,INR,PROCESSED,2026-08-15T23:57:43Z,REF-PAY_43F30DF4
SET_70C4CA06,MERCH_036,1468500,29370,5286,734250,0,0,699594,INR,PROCESSED,2026-08-19T08:54:50Z,REF-PAY_5ABE4D09
SET_9BF77447,MERCH_044,922900,18458,3322,0,0,0,901120,INR,PROCESSED,2026-07-23T04:08:12Z,REF-PAY_92113D87
SET_A2C1A54A,MERCH_033,1280900,25618,4611,0,0,0,1250671,INR,PROCESSED,2026-08-01T09:06:09Z,REF-PAY_CFB87B50
SET_A25D4E2C,MERCH_032,1281500,25630,4613,0,0,0,1251257,INR,PROCESSED,2026-07-07T16:34:23Z,REF-PAY_FB529C1B
SET_5D3EDBD1,MERCH_013,32100,642,115,0,0,0,31343,INR,PROCESSED,2026-07-11T16:55:18Z,REF-PAY_E1DA40B4
SET_DCE43473,MERCH_003,962200,19244,3463,0,0,0,939543,INR,PROCESSED,2026-07-17T17:29:50Z,REF-PAY_36AEC91B
SET_A625B6F7,MERCH_031,1894600,37892,6820,0,0,0,1849888,INR,PROCESSED,2026-07-10T00:59:40Z,REF-PAY_77102769
SET_5DCC2E2F,MERCH_049,278900,5578,1004,0,0,0,272318,INR,PROCESSED,2026-07-10T05:47:52Z,SETTLE-MERCH_049-BULK
SET_AA9D3063,MERCH_013,331200,6624,1192,0,0,0,323284,INR,PROCESSED,2026-08-12T22:13:36Z,REF-PAY_DF2883B8
SET_E21DB4E1,MERCH_030,59800,1196,215,0,0,0,58439,INR,PROCESSED,2026-09-03T14:10:09Z,REF-PAY_73EB5BD7
SET_45810D7A,MERCH_014,712400,14248,2564,0,0,0,695588,INR,PROCESSED,2026-07-24T12:53:56Z,REF-PAY_9392D186
SET_E59622F8,MERCH_016,615800,12316,2216,0,0,0,601318,INR,PROCESSED,2026-08-29T07:06:51Z,REF-PAY_617E74AB
SET_EF31534B,MERCH_006,1260700,25214,4538,0,0,0,1230948,INR,PROCESSED,2026-07-11T05:20:08Z,REF-PAY_6204AD17
SET_842C1401,MERCH_042,1304300,26086,4695,0,0,0,1273419,INR,PROCESSED,2026-07-13T22:33:36Z,REF-PAY_7C7CDBF2
SET_B32B197A,MERCH_044,1183400,23668,4260,0,0,0,1155472,INR,PROCESSED,2026-08-04T13:21:04Z,REF-PAY_8EFFB2B8
SET_C93F6B01,MERCH_012,1478200,29564,5321,0,0,0,1443315,INR,PROCESSED,2026-08-13T11:13:13Z,REF-PAY_594EF907
SET_D1A412A1,MERCH_012,762400,15248,2744,0,0,0,744408,INR,PROCESSED,2026-08-22T23:29:52Z,REF-PAY_A1CD6184-TYPO
SET_87D74ADD,MERCH_014,1349300,26986,4857,0,0,0,1317457,INR,PROCESSED,2026-08-08T06:14:01Z,REF-PAY_52B3F452
SET_26005C95,MERCH_014,271200,5424,976,135600,0,0,129200,INR,PROCESSED,2026-09-03T03:36:27Z,REF-PAY_8D70B8BE
SET_F4F2A50C,MERCH_030,1688500,33770,6078,0,0,0,1648652,INR,PROCESSED,2026-08-04T01:42:47Z,REF-PAY_F57B9F4C-TYPO
SET_FC9A7D55,MERCH_009,1856900,37138,6684,0,0,0,1813078,INR,PROCESSED,2026-07-30T10:02:12Z,SETTLE-MERCH_009-BULK
SET_D24BBCE7,MERCH_043,1794600,35892,6460,0,0,0,1752298,INR,PROCESSED,2026-07-08T23:38:32Z,REF-PAY_4A2582DE
SET_0A5961FF,MERCH_015,466300,9326,1678,233150,0,0,222146,INR,PROCESSED,2026-08-12T12:31:28Z,REF-PAY_3746D731
SET_8B6733AE,MERCH_020,760800,15216,2738,380400,0,0,362446,INR,PROCESSED,2026-08-03T05:32:36Z,REF-PAY_3E27D94E
SET_7B6A5E8B,MERCH_010,381500,7630,1373,0,0,0,372497,INR,PROCESSED,2026-07-08T05:17:08Z,REF-PAY_7F5C2BEB
SET_A906B2D8,MERCH_032,1690500,33810,6085,0,0,0,1650655,INR,PROCESSED,2026-08-17T22:22:44Z,REF-PAY_FDDC74BC
SET_B1A0908B,MERCH_019,1348800,26976,4855,0,0,0,1316969,INR,PROCESSED,2026-08-19T07:26:27Z,REF-PAY_F62140DD
SET_82C0538A,MERCH_035,377200,7544,1357,0,0,0,368349,INR,PROCESSED,2026-07-13T18:24:33Z,REF-PAY_FA8A9908
SET_A5048C24,MERCH_016,115100,2302,414,0,0,0,112284,INR,PROCESSED,2026-07-29T01:18:13Z,REF-PAY_6CC3716C
SET_7A7D5ECB,MERCH_009,737900,14758,2656,0,0,0,720486,INR,PROCESSED,2026-07-26T02:00:22Z,REF-PAY_47206F47
SET_3D8C54F5,MERCH_020,1810600,36212,6518,0,0,0,1767870,INR,PROCESSED,2026-07-22T22:32:08Z,REF-PAY_BF6CD61F
SET_8B4B6772,MERCH_011,1773200,35464,6383,0,0,0,1731353,INR,PROCESSED,2026-07-25T17:03:52Z,REF-PAY_96D3A37C
SET_D4EEC2BC,MERCH_033,627500,12550,2259,0,0,0,612691,INR,PROCESSED,2026-08-30T17:27:20Z,REF-PAY_843BEFB8
SET_54C19B59,MERCH_018,1176200,23524,4234,0,0,0,1148442,INR,PROCESSED,2026-07-26T01:25:56Z,REF-PAY_7F74E32A
SET_127E01E1,MERCH_010,887300,17746,3194,0,0,0,866360,INR,PROCESSED,2026-08-30T08:25:12Z,REF-PAY_C5483194
SET_9B4198F5,MERCH_040,802000,16040,2887,0,0,0,783073,INR,PROCESSED,2026-07-14T10:20:20Z,REF-PAY_0BAE41FE
SET_04E62342,MERCH_024,1748700,34974,6295,0,0,0,1707431,INR,PROCESSED,2026-08-09T20:07:26Z,REF-PAY_41EFC83B
SET_6D7D7EFF,MERCH_023,50800,1016,182,0,0,0,49602,INR,PROCESSED,2026-08-02T06:54:25Z,REF-PAY_635F7130
SET_34858F8A,MERCH_013,952000,19040,3427,0,0,0,929533,INR,PROCESSED,2026-07-05T16:23:18Z,REF-PAY_89D3B2B0
SET_E69D85DA,MERCH_012,406200,8124,1462,0,0,0,396614,INR,PROCESSED,2026-07-06T19:10:50Z,REF-PAY_4964D19F
SET_7C9F8B00,MERCH_047,1891300,37826,6808,0,0,0,1846666,INR,PROCESSED,2026-08-26T09:41:23Z,REF-PAY_5C1299C0
SET_51981DF2,MERCH_039,241200,4824,868,120600,0,0,114908,INR,PROCESSED,2026-07-22T09:56:05Z,REF-PAY_B0A000C7
SET_8CDBD9E9,MERCH_036,80900,1618,291,0,0,0,78991,INR,PROCESSED,2026-08-10T03:53:45Z,REF-PAY_C9576487
SET_2B116996,MERCH_027,1620100,32402,5832,810050,0,0,771816,INR,PROCESSED,2026-08-27T03:51:09Z,REF-PAY_BE99D021
SET_B7EB7113,MERCH_048,1408000,28160,5068,0,0,0,1374772,INR,PROCESSED,2026-07-23T12:55:31Z,REF-PAY_6E57551D
SET_4EE5051C,MERCH_046,92100,1842,331,0,0,0,59227,INR,PROCESSED,2026-09-01T12:39:22Z,REF-PAY_1CF5C7C4
SET_F5B0CDD2,MERCH_006,1134200,22684,4083,0,0,0,1107433,INR,PROCESSED,2026-07-29T06:37:43Z,REF-PAY_9FB714A0
SET_F7D4783C,MERCH_023,957700,19154,3447,0,0,0,935099,INR,PROCESSED,2026-07-05T23:28:24Z,REF-PAY_7DEF3F64
SET_7BFB2703,MERCH_016,675800,13516,2432,0,0,0,659752,INR,PROCESSED,2026-07-28T23:06:22Z,REF-PAY_EE306153
SET_BAB4DDD9,MERCH_007,1064500,21290,3832,0,0,0,1039378,INR,PROCESSED,2026-07-29T23:33:01Z,REF-PAY_6915C056
SET_D8DC61BB,MERCH_015,777700,15554,2799,0,0,0,759347,INR,PROCESSED,2026-07-11T20:21:59Z,REF-PAY_D3828C2A
SET_07C98F0C,MERCH_046,959500,19190,3454,0,959500,0,-22644,INR,PROCESSED,2026-08-15T22:57:47Z,REF-PAY_4E61C16E
SET_9029A88F,MERCH_029,1768500,35370,6366,0,0,0,1726764,INR,PROCESSED,2026-07-19T21:50:46Z,REF-PAY_C596D88F
SET_66E35783,MERCH_026,1824800,36496,6569,0,0,0,1781735,INR,PROCESSED,2026-07-21T22:22:18Z,REF-PAY_C45AA454
SET_52DA0558,MERCH_030,15000000,300000,54000,0,0,0,14646000,INR,PROCESSED,2026-07-08T18:45:38Z,SETTLE-MERCH_030-HV
SET_AECA003D,MERCH_037,224200,4484,807,0,0,0,218909,INR,PROCESSED,2026-08-18T02:25:56Z,REF-PAY_E9575C95
SET_B687FA5C,MERCH_036,481800,9636,1734,0,481800,0,-11370,INR,PROCESSED,2026-07-19T15:22:06Z,REF-PAY_0DB49162
SET_AE4426C4,MERCH_046,385500,7710,1387,0,0,0,376403,INR,PROCESSED,2026-07-27T19:09:31Z,REF-PAY_C6831CEA
SET_B83FD3A4,MERCH_045,637100,12742,2293,0,0,0,622065,INR,PROCESSED,2026-08-21T08:54:47Z,REF-PAY_6E1D929C
SET_908D6EF4,MERCH_047,685900,13718,2469,0,0,0,669713,INR,PROCESSED,2026-08-06T12:55:02Z,REF-PAY_1CED3BE5
SET_318E32F2,MERCH_006,1687400,33748,6074,0,0,0,1647578,INR,PROCESSED,2026-08-12T01:46:33Z,REF-PAY_F683B26E
SET_454E7588,MERCH_014,1157600,23152,4167,0,0,0,1130281,INR,PROCESSED,2026-07-12T18:48:59Z,REF-PAY_C1E7E008
